0,0,0.5048291891,0,0.1574020795,0,0.9875345996,-1.224453386,3.795335355e-06,-1.022260827e-05,2.225649855,-0.6490616799,-2.846422372e-05,-1.612045363,5.033335898e-05,3.517062953e-05,1.817379589,-0.4886429289,3.883717253e-05,-0.3716002567,0.118270895,0.02204726424,0.08680502096,0.3527573525,0.08841370154,0.8782566228,-0.06390129092,-0.1497334277,-0.1663925193,0.2,-0.2,0,0.6,0,0,0
0,0,0.5048291891,0,0.1574020795,0,0.9875345996,-1.224453386,3.795335355e-06,-1.022260827e-05,2.225649855,-0.6490616799,-2.846422372e-05,-1.609887978,5.024269902e-05,3.495535784e-05,1.814450576,-0.4878736426,3.849815925e-05,-0.3716002567,0.118270895,0.02204726424,0.08987044212,0.3458132441,0.08429927514,0.8599872173,-0.06150635795,-0.1357287362,-0.157970861,0.2,-0.2,0,0.6,0,0,0
0,0,0.5048291891,0,0.1574020795,0,0.9875345996,-1.224453386,3.795335355e-06,-1.022260827e-05,2.225649855,-0.6490616799,-2.846422372e-05,-1.610664445,5.029490665e-05,3.55703713e-05,1.81547548,-0.4881181585,3.917672425e-05,-0.3715692063,0.1176676233,0.02213683983,0.0953214135,0.3482993752,0.08521056563,0.849700422,-0.06292206976,-0.1304713215,-0.1593789612,0.1996911443,-0.1997673275,-4.671793598e-05,0.6009388199,0.0002409977841,-0.0006905915479,0.0002928261238
0,0,0.5048291891,0,0.1574020795,0,0.9875345996,-1.224453386,3.795335355e-06,-1.022260827e-05,2.225649855,-0.6490616799,-2.846422372e-05,-1.6099732,5.027260818e-05,3.57674103e-05,1.814527602,-0.4878607101,3.934337085e-05,-0.3715550633,0.1173868111,0.0221808771,0.0995344947,0.3460911328,0.08362918867,0.8355497609,-0.06242461755,-0.1209677059,-0.1558841121,0.199547373,-0.1996590315,-6.85400634e-05,0.6013743334,0.0003532768711,-0.001012873593,0.0004291086586
0,0,0.5048291891,0,0.1574020795,0,0.9875345996,-1.224453386,3.795335355e-06,-1.022260827e-05,2.225649855,-0.6490616799,-2.846422372e-05,-1.609281456,5.024828213e-05,3.596258952e-05,1.813582527,-0.4876065463,3.950796744e-05,-0.3715416581,0.1171194581,0.0222242559,0.1037252794,0.3438977385,0.08206268862,0.8214647191,-0.06192450519,-0.1115370897,-0.1523974672,0.1994105879,-0.1995559332,-8.943170983e-05,0.6017880066,0.0004602901174,-0.001320264472,0.000558818857
0,0,0.5048291891,0,0.1574020795,0,0.9875345996,-1.224453386,3.795335355e-06,-1.022260827e-05,2.225649855,-0.6490616799,-2.846422372e-05,-1.610934416,5.031920289e-05,3.591838801e-05,1.815831513,-0.488201937,3.955740829e-05,-0.3716394675,0.1166553667,0.02233599546,0.105885877,0.3491562833,0.08496892296,0.824085665,-0.06420801771,-0.1153366482,-0.1578808845,0.1988352068,-0.199375221,-0.0001056861721,0.60319327,0.0005921680094,-0.002268062791,0.000826999849
0,0,0.5048291891,0,0.1574020795,0,0.9875345996,-1.224453386,3.795335355e-06,-1.022260827e-05,2.225649855,-0.6490616799,-2.846422372e-05,-1.610711635,5.031486362e-05,3.606587195e-05,1.815525514,-0.4881179759,3.969907981e-05,-0.3716487027,0.1163595312,0.02239115756,0.1095246226,0.3484566068,0.08433501104,0.8137166122,-0.06424800179,-0.108778549,-0.1562196397,0.1986234469,-0.1992607318,-0.0001239272807,0.6037693029,0.0006999640497,-0.002678384247,0.0009787663215
0,0,0.5048291891,0,0.1574020795,0,0.9875345996,-1.224453386,3.795335355e-06,-1.022260827e-05,2.225649855,-0.6490616799,-2.846422372e-05,-1.610488668,5.031002616e-05,3.621268023e-05,1.815220733,-0.4880354262,3.983997084e-05,-0.3716583124,0.1160720345,0.02244545309,0.1131187949,0.347763918,0.0837204064,0.8034674331,-0.06428376681,-0.1023064419,-0.1545714086,0.1984182406,-0.1991494491,-0.0001412874373,0.604326131,0.0008045296306,-0.003075403302,0.001126344596
0,0,0.5048291891,0,0.1574020795,0,0.9875345996,-1.224453386,3.795335355e-06,-1.022260827e-05,2.225649855,-0.6490616799,-2.846422372e-05,-1.610265521,5.030469238e-05,3.635881859e-05,1.814917174,-0.4879542875,3.998008619e-05,-0.3716682651,0.1157925501,0.02249888251,0.1166736032,0.3470783668,0.08312561416,0.7933255398,-0.06431638653,-0.09591269464,-0.15293607,0.1982193502,-0.1990412492,-0.0001578022104,0.6048645043,0.0009059980341,-0.003459623688,0.001269892682
0,0,0.5048291891,0,0.1574020795,0,0.9875345996,-1.224453386,3.795335355e-06,-1.022260827e-05,2.225649855,-0.6490616799,-2.846422372e-05,-1.610058679,5.029930878e-05,3.649345696e-05,1.814637101,-0.4878803935,4.010904606e-05,-0.3716776568,0.1155448925,0.02254675398,0.1198898922,0.3464541098,0.08259763845,0.7841415319,-0.06434318497,-0.09013148336,-0.1514498841,0.1980432879,-0.1989453538,-0.0001721387656,0.6053398662,0.0009957235942,-0.003799082858,0.00139719256
0,0,0.5048291891,0,0.1574020795,0,0.9875345996,-1.224453386,3.795335355e-06,-1.022260827e-05,2.225649855,-0.6490616799,-2.846422372e-05,-1.610056781,5.029922856e-05,3.649298365e-05,1.814634538,-0.4878797312,4.010845786e-05,-0.3716763095,0.1156011923,0.02253582297,0.1193106858,0.3465049954,0.08265764103,0.7857238498,-0.06432365929,-0.0911146551,-0.1516655046,0.1980785587,-0.1989671175,-0.0001690721789,0.605243085,0.0009748560316,-0.003728755243,0.001368683022
0,0,0.5048291891,0,0.1574020795,0,0.9875345996,-1.224453386,3.795335355e-06,-1.022260827e-05,2.225649855,-0.6490616799,-2.846422372e-05,-1.610054883,5.029914834e-05,3.649251035e-05,1.814631974,-0.4878790688,4.010786966e-05,-0.3716749717,0.1156578463,0.02252485751,0.1187317206,0.3465561694,0.08271844368,0.7873062416,-0.0643042676,-0.09209879885,-0.1518814104,0.198114133,-0.1989890181,-0.00016596793,0.605145434,0.0009538554263,-0.003657834308,0.001339991628
0,0,0.5048291891,0,0.1574020795,0,0.9875345996,-1.224453386,3.795335355e-06,-1.022260827e-05,2.225649855,-0.6490616799,-2.846422372e-05,-1.610052984,5.029906811e-05,3.649203705e-05,1.814629411,-0.4878784064,4.010728146e-05,-0.3716736435,0.1157148578,0.02251385772,0.1181529699,0.3466076291,0.08278004003,0.7888887727,-0.06428500442,-0.09308395611,-0.1520976004,0.1981500137,-0.1990110569,-0.0001628256449,0.605046904,0.0009327203849,-0.003586314123,0.001311116587
0,0,0.5048291891,0,0.1574020795,0,0.9875345996,-1.224453386,3.795335355e-06,-1.022260827e-05,2.225649855,-0.6490616799,-2.846422372e-05,-1.610051086,5.02989879e-05,3.649156375e-05,1.814626847,-0.487877744,4.010669327e-05,-0.3716723253,0.1157722305,0.02250282371,0.1175744067,0.346659372,0.08284242377,0.7904715101,-0.06426586415,-0.09407016926,-0.1523140735,0.198186204,-0.1990332352,-0.0001596449485,0.6049474859,0.000911449501,-0.003514188718,0.001282056088
0,0,0.5048291891,0,0.1574020795,0,0.9875345996,-1.224453386,3.795335355e-06,-1.022260827e-05,2.225649855,-0.6490616799,-2.846422372e-05,-1.610049188,5.029890768e-05,3.649109045e-05,1.814624283,-0.4878770816,4.010610507e-05,-0.3716710172,0.1158299681,0.02249175559,0.1169960031,0.3467113955,0.08290558865,0.7920545223,-0.06424684108,-0.09505748153,-0.1525308287,0.1982227069,-0.1990555544,-0.0001564254643,0.6048471703,0.0008900413546,-0.003441452087,0.001252808311
0,0,0.5048291891,0,0.1574020795,0,0.9875345996,-1.224453386,3.795335355e-06,-1.022260827e-05,2.225649855,-0.6490616799,-2.846422372e-05,-1.610047289,5.029882746e-05,3.649061715e-05,1.81462172,-0.4878764192,4.010551688e-05,-0.3716697196,0.1158880742,0.02248065348,0.1164177307,0.346763697,0.08296952849,0.7936378792,-0.06422792934,-0.09604593703,-0.1527478654,0.1982595254,-0.1990780159,-0.0001531668148,0.604745948,0.0008684945121,-0.003368098188,0.001223371417
0,0,0.5048291891,0,0.1574020795,0,0.9875345996,-1.224453386,3.795335355e-06,-1.022260827e-05,2.225649855,-0.6490616799,-2.846422372e-05,-1.610045391,5.029874725e-05,3.649014385e-05,1.814619156,-0.4878757568,4.010492869e-05,-0.3716684326,0.1159465525,0.02246951747,0.1158395607,0.3468162738,0.08303423719,0.7952216525,-0.06420912298,-0.09703558078,-0.1529651828,0.1982966626,-0.1991006212,-0.0001498686212,0.6046438097,0.0008468075262,-0.003294120942,0.001193743555
0,0,0.5048291891,0,0.1574020795,0,0.9875345996,-1.224453386,3.795335355e-06,-1.022260827e-05,2.225649855,-0.6490616799,-2.846422372e-05,-1.610043493,5.029866704e-05,3.648967056e-05,1.814616593,-0.4878750943,4.01043405e-05,-0.3716671565,0.1160054068,0.02245834767,0.1152614633,0.3468691233,0.08309970871,0.7968059153,-0.0641904159,-0.09802645872,-0.1531827805,0.1983341216,-0.1991233716,-0.0001465305034,0.6045407459,0.0008249789359,-0.003219514234,0.001163922857
0,0,0.5048291891,0,0.1574020795,0,0.9875345996,-1.224453386,3.795335355e-06,-1.022260827e-05,2.225649855,-0.6490616799,-2.846422372e-05,-1.610041594,5.029858682e-05,3.648919726e-05,1.814614029,-0.4878744319,4.010375231e-05,-0.3716658916,0.1160646408,0.02244714419,0.1146834083,0.3469222429,0.08316593707,0.7983907423,-0.06417180188,-0.09901861771,-0.1534006582,0.1983719054,-0.1991462686,-0.0001431520805,0.6044367472,0.0008030072666,-0.003144271914,0.001133907441
0,0,0.5048291891,0,0.1574020795,0,0.9875345996,-1.224453386,3.795335355e-06,-1.022260827e-05,2.225649855,-0.6490616799,-2.846422372e-05,-1.610039696,5.029850662e-05,3.648872397e-05,1.814611466,-0.4878737695,4.010316412e-05,-0.3716646381,0.1161242584,0.02243590714,0.1141053649,0.3469756298,0.08323291641,0.7999762099,-0.06415327455,-0.1000121056,-0.1536188158,0.1984100174,-0.1991693135,-0.0001397329702,0.6043318042,0.0007808910295,-0.003068387794,0.001103695411
0,0,0.5048291891,0,0.1574020795,0,0.9875345996,-1.224453386,3.795335355e-06,-1.022260827e-05,2.225649855,-0.6490616799,-2.846422372e-05,-1.610037798,5.029842641e-05,3.648825068e-05,1.814608902,-0.4878731071,4.010257594e-05,-0.3716633963,0.1161842634,0.0224246366,0.1135273015,0.3470292814,0.0833006409,0.8015623961,-0.06413482745,-0.101006971,-0.1538372532,0.1984484605,-0.199192508,-0.000136272789,0.6042259073,0.000758628722,-0.002991855655,0.001073284856
0,0,0.5048291891,0,0.1574020795,0,0.9875345996,-1.224453386,3.795335355e-06,-1.022260827e-05,2.225649855,-0.6490616799,-2.846422372e-05,-1.6100359,5.02983462e-05,3.648777739e-05,1.814606338,-0.4878724447,4.010198775e-05,-0.3716621664,0.1162446597,0.02241333267,0.1129491858,0.347083195,0.08336910481,0.8031493806,-0.06411645394,-0.1020032639,-0.1540559707,0.1984872379,-0.1992158534,-0.0001327711526,0.6041190468,0.0007362188276,-0.002914669239,0.001042673849
0,0,0.5048291891,0,0.1574020795,0,0.9875345996,-1.224453386,3.795335355e-06,-1.022260827e-05,2.225649855,-0.6490616799,-2.846422372e-05,-1.610034001,5.0298266e-05,3.64873041e-05,1.814603775,-0.4878717822,4.010139957e-05,-0.3716609488,0.1163054511,0.02240199545,0.112370985,0.3471373677,0.08343830248,0.8047372449,-0.06409814728,-0.1030010348,-0.1542749686,0.1985263527,-0.1992393511,-0.0001292276754,0.6040112133,0.0007136598155,-0.002836822256,0.001011860451
0,0,0.5048291891,0,0.1574020795,0,0.9875345996,-1.224453386,3.795335355e-06,-1.022260827e-05,2.225649855,-0.6490616799,-2.846422372e-05,-1.610032103,5.029818579e-05,3.648683081e-05,1.814601211,-0.4878711198,4.010081139e-05,-0.3716597436,0.1163666415,0.02239062503,0.1117926653,0.3471917969,0.08350822836,0.8063260721,-0.06407990058,-0.1040003357,-0.1544942473,0.1985658083,-0.1992630028,-0.0001256419707,0.6039023969,0.000690950141,-0.002758308384,0.0009808427064
0,0,0.5048291891,0,0.1574020795,0,0.9875345996,-1.224453386,3.795335355e-06,-1.022260827e-05,2.225649855,-0.6490616799,-2.846422372e-05,-1.610030205,5.029810559e-05,3.648635752e-05,1.814598648,-0.4878704574,4.010022321e-05,-0.3716585512,0.1164282351,0.0223792215,0.1112141925,0.34724648,0.08357887694,0.8079159473,-0.06406170681,-0.1050012192,-0.1547138076,0.1986056077,-0.1992868098,-0.0001220136509,0.6037925879,0.0006680882451,-0.002679121264,0.0009496186451
0,0,0.5048291891,0,0.1574020795,0,0.9875345996,-1.224453386,3.795335355e-06,-1.022260827e-05,2.225649855,-0.6490616799,-2.846422372e-05,-1.610028306,5.029802539e-05,3.648588424e-05,1.814596084,-0.487869795,4.009963503e-05,-0.3716573717,0.1164902356,0.02236778494,0.1106355316,0.347301414,0.08365024282,0.8095069571,-0.06404355881,-0.1060037391,-0.1549336504,0.1986457542,-0.1993107738,-0.0001183423272,0.6036817766,0.0006450725547,-0.002599254508,0.0009181862836
0,0,0.5048291891,0,0.1574020795,0,0.9875345996,-1.224453386,3.795335355e-06,-1.022260827e-05,2.225649855,-0.6490616799,-2.846422372e-05,-1.610026408,5.029794519e-05,3.648541095e-05,1.81459352,-0.4878691325,4.009904685e-05,-0.3716562055,0.1165526473,0.02235631545,0.1100566466,0.3473565963,0.0837223207,0.8110991903,-0.06402544926,-0.1070079504,-0.1551537766,0.1986862509,-0.1993348961,-0.0001146276101,0.6035699531,0.0006219014824,-0.002518701692,0.0008865436235
0,0,0.5048291891,0,0.1574020795,0,0.9875345996,-1.224453386,3.795335355e-06,-1.022260827e-05,2.225649855,-0.6490616799,-2.846422372e-05,-1.61002451,5.0297865e-05,3.648493767e-05,1.814590957,-0.4878684701,4.009845868e-05,-0.3716550529,0.1166154741,0.0223448131,0.1094775011,0.3474120242,0.08379510533,0.8126927372,-0.06400737072,-0.108013909,-0.1553741874,0.1987271012,-0.1993591785,-0.0001108691087,0.6034571076,0.0005985734266,-0.002437456364,0.0008546886526
0,0,0.5048291891,0,0.1574020795,0,0.9875345996,-1.224453386,3.795335355e-06,-1.022260827e-05,2.225649855,-0.6490616799,-2.846422372e-05,-1.605840181,5.009835172e-05,3.688826401e-05,1.808931636,-0.4863926424,4.027871188e-05,-0.3715557546,0.116756896,0.02229153053,0.1113048067,0.3411369719,0.08003238713,0.7983026735,-0.06167933787,-0.09668195764,-0.1477373033,0.1991219368,-0.1994156731,-0.0001142053357,0.6025673174,0.0005906131108,-0.00186921899,0.0007473935065
0,0,0.5048291891,0,0.1574020795,0,0.9875345996,-1.224453386,3.795335355e-06,-1.022260827e-05,2.225649855,-0.6490616799,-2.846422372e-05,-1.605838745,5.009829808e-05,3.688777873e-05,1.808929684,-0.4863921302,4.027813674e-05,-0.3715596058,0.1168043363,0.02228392382,0.1106416107,0.3415535814,0.08032280185,0.8006706367,-0.06179705977,-0.09830086232,-0.1483881946,0.1991409369,-0.1994339478,-0.0001103789897,0.6025055389,0.0005709106951,-0.001821560183,0.0007249850328
0,0,0.5048291891,0,0.1574020795,0,0.9875345996,-1.224453386,3.795335355e-06,-1.022260827e-05,2.225649855,-0.6490616799,-2.846422372e-05,-1.605837309,5.009824443e-05,3.688729344e-05,1.808927733,-0.4863916179,4.027756159e-05,-0.3715634651,0.1168525196,0.02227626356,0.1099794963,0.3419709024,0.08061373018,0.8030365963,-0.06191495904,-0.09992064416,-0.1490392329,0.1991603462,-0.19945251,-0.0001065152191,0.6024425572,0.0005509300087,-0.001773086397,0.0007022050256
0,0,0.5048291891,0,0.1574020795,0,0.9875345996,-1.224453386,3.795335355e-06,-1.022260827e-05,2.225649855,-0.6490616799,-2.846422372e-05,-1.605835872,5.009819079e-05,3.688680815e-05,1.808925781,-0.4863911057,4.027698645e-05,-0.3715673336,0.1169014522,0.0222685506,0.1093184249,0.3423889229,0.08090516531,0.8054006568,-0.06203302409,-0.1015413717,-0.1496904152,0.1991801674,-0.1994713623,-0.0001026133101,0.6023783614,0.0005306684019,-0.001723790887,0.000679050449
0,0,0.5048291891,0,0.1574020795,0,0.9875345996,-1.224453386,3.795335355e-06,-1.022260827e-05,2.225649855,-0.6490616799,-2.846422372e-05,-1.605834436,5.009813714e-05,3.688632287e-05,1.80892383,-0.4863905934,4.027641131e-05,-0.3715712123,0.1169511405,0.02226078582,0.1086583575,0.342807631,0.0811971004,0.8077629245,-0.06215124313,-0.1031631145,-0.1503417386,0.1992004035,-0.199490507,-9.8672541e-05,0.6023129407,0.0005101232259,-0.001673666933,0.0006555182797
0,0,0.5048291891,0,0.1574020795,0,0.9875345996,-1.224453386,3.795335355e-06,-1.022260827e-05,2.225649855,-0.6490616799,-2.846422372e-05,-1.605833,5.00980835e-05,3.688583758e-05,1.808921878,-0.4863900812,4.027583616e-05,-0.3715751023,0.1170015908,0.02225297012,0.1079992539,0.3432270148,0.08148952863,0.8101235075,-0.06226960424,-0.1047859429,-0.1509932006,0.1992210572,-0.1995099467,-9.469218231e-05,0.6022462844,0.0004892918336,-0.001622707839,0.0006316055081
0,0,0.5048291891,0,0.1574020795,0,0.9875345996,-1.224453386,3.795335355e-06,-1.022260827e-05,2.225649855,-0.6490616799,-2.846422372e-05,-1.605831564,5.009802985e-05,3.68853523e-05,1.808919926,-0.4863895689,4.027526102e-05,-0.3715790047,0.1170528092,0.02224510441,0.1073410734,0.3436470626,0.08178244316,0.8124825159,-0.06238809534,-0.1064099286,-0.1516447988,0.1992421315,-0.1995296836,-9.067149671e-05,0.6021783816,0.0004681715804,-0.001570906941,0.0006073091393
0,0,0.5048291891,0,0.1574020795,0,0.9875345996,-1.224453386,3.795335355e-06,-1.022260827e-05,2.225649855,-0.6490616799,-2.846422372e-05,-1.605830127,5.009797621e-05,3.688486701e-05,1.808917975,-0.4863890567,4.027468587e-05,-0.3715829208,0.1171048021,0.02223718965,0.1066837741,0.3440677626,0.08207583714,0.8148400614,-0.06250670422,-0.1080351439,-0.152296531,0.1992636289,-0.1995497203,-8.660973906e-05,0.6021092217,0.0004467598247,-0.001518257604,0.0005826261938
0,0,0.5048291891,0,0.1574020795,0,0.9875345996,-1.224453386,3.795335355e-06,-1.022260827e-05,2.225649855,-0.6490616799,-2.846422372e-05,-1.605828691,5.009792257e-05,3.688438172e-05,1.808916023,-0.4863885445,4.027411073e-05,-0.3715868516,0.1171575757,0.02222922683,0.1060273137,0.3444891032,0.08236970373,0.8171962578,-0.06262541846,-0.1096616622,-0.1529483952,0.1992855524,-0.1995700591,-8.250615639e-05,0.602038794,0.0004250539285,-0.001464753226,0.0005575537087
0,0,0.5048291891,0,0.1574020795,0,0.9875345996,-1.224453386,3.795335355e-06,-1.022260827e-05,2.225649855,-0.6490616799,-2.846422372e-05,-1.605827255,5.009786892e-05,3.688389644e-05,1.808914071,-0.4863880322,4.027353559e-05,-0.3715907984,0.1172111362,0.02222121694,0.1053716487,0.3449110729,0.08266403606,0.8195512206,-0.06274422554,-0.1112895581,-0.1536003899,0.1993079047,-0.1995907025,-7.835998789e-05,0.6019670878,0.000403051258,-0.001410387239,0.0005320887389
0,0,0.5048291891,0,0.1574020795,0,0.9875345996,-1.224453386,3.795335355e-06,-1.022260827e-05,2.225649855,-0.6490616799,-2.846422372e-05,-1.605825818,5.009781528e-05,3.688341115e-05,1.80891212,-0.48638752,4.027296044e-05,-0.3715947624,0.1172654896,0.02221316101,0.1047167349,0.3453336602,0.08295882727,0.8219050673,-0.06286311272,-0.1129189068,-0.1542525134,0.1993306883,-0.1996116528,-7.417046495e-05,0.6018940926,0.0003807491847,-0.001355153113,0.0005062283576
0,0,0.5048291891,0,0.1574020795,0,0.9875345996,-1.224453386,3.795335355e-06,-1.022260827e-05,2.225649855,-0.6490616799,-2.846422372e-05,-1.605824382,5.009776163e-05,3.688292587e-05,1.808910168,-0.4863870077,4.02723853e-05,-0.3715987449,0.1173206422,0.02220506011,0.1040625273,0.3457568537,0.08325407048,0.8242579173,-0.06298206714,-0.1145497849,-0.1549047645,0.199353906,-0.1996329123,-6.993681115e-05,0.6018197978,0.0003581450854,-0.001299044359,0.0004799696578
0,0,0.5048291891,0,0.1574020795,0,0.9875345996,-1.224453386,3.795335355e-06,-1.022260827e-05,2.225649855,-0.6490616799,-2.846422372e-05,-1.605822946,5.009770799e-05,3.688244058e-05,1.808908217,-0.4863864955,4.027181015e-05,-0.3715989738,0.1174036146,0.02219117933,0.1033159397,0.3459628491,0.08343286741,0.8265225994,-0.06300986793,-0.1160374547,-0.1553488655,0.1994100661,-0.1996649655,-6.379110306e-05,0.6016615005,0.0003268193814,-0.001185892018,0.000438075926
0,0,0.5048291891,0,0.1574020795,0,0.9875345996,-1.224453386,3.795335355e-06,-1.022260827e-05,2.225649855,-0.6490616799,-2.846422372e-05,-1.60582151,5.009765434e-05,3.688195529e-05,1.808906265,-0.4863859832,4.027123501e-05,-0.3715990364,0.1174883192,0.02217698203,0.1025637183,0.3461588874,0.08360674352,0.8287868747,-0.06303348296,-0.1175213835,-0.1557834082,0.1994680035,-0.1996976897,-5.753122177e-05,0.6014985679,0.0002949206877,-0.001069572965,0.0003952419899
0,0,0.5048291891,0,0.1574020795,0,0.9875345996,-1.224453386,3.795335355e-06,-1.022260827e-05,2.225649855,-0.6490616799,-2.846422372e-05,-1.605820073,5.00976007e-05,3.688147001e-05,1.808904313,-0.486385471,4.027065987e-05,-0.3715991118,0.1175734703,0.02216274019,0.1018101882,0.34635527,0.08378123091,0.8310550673,-0.06305722266,-0.1190085113,-0.1562182579,0.1995261751,-0.1997305858,-5.124569611e-05,0.601334926,0.0002628497728,-0.0009527530972,0.000352192777
0,0,0.5048291891,0,0.1574020795,0,0.9875345996,-1.224453386,3.795335355e-06,-1.022260827e-05,2.225649855,-0.6490616799,-2.846422372e-05,-1.605818637,5.009754705e-05,3.688098472e-05,1.808902362,-0.4863849587,4.027008472e-05,-0.3715992006,0.1176590691,0.02214845431,0.1010553123,0.3465519939,0.08395632404,0.8333272655,-0.06308107759,-0.1204988899,-0.1566534165,0.1995845811,-0.1997636544,-4.493420984e-05,0.6011705726,0.0002306059221,-0.0008354309439,0.0003089278313
0,0,0.5048291891,0,0.1574020795,0,0.9875345996,-1.224453386,3.795335355e-06,-1.022260827e-05,2.225649855,-0.6490616799,-2.846422372e-05,-1.605817201,5.009749341e-05,3.688049943e-05,1.80890041,-0.4863844465,4.026950958e-05,-0.3715993034,0.1177451169,0.02213412489,0.1002990532,0.3467490561,0.08413201744,0.8356035587,-0.06310503824,-0.1219925715,-0.1570888855,0.1996432218,-0.1997968959,-3.859644504e-05,0.6010055055,0.000198188436,-0.000717605088,0.000265446723
0,0,0.5048291891,0,0.1574020795,0,0.9875345996,-1.224453386,3.795335355e-06,-1.022260827e-05,2.225649855,-0.6490616799,-2.846422372e-05,-1.605815764,5.009743976e-05,3.688001415e-05,1.808898458,-0.4863839342,4.026893443e-05,-0.3715994211,0.1178316148,0.02211975245,0.09954137314,0.3469464538,0.08430830564,0.8378840371,-0.06312909505,-0.1234896087,-0.1575246669,0.1997020972,-0.1998303108,-3.223208214e-05,0.6008397224,0.0001655966303,-0.0005992741679,0.0002217490486
0,0,0.5048291891,0,0.1574020795,0,0.9875345996,-1.224453386,3.795335355e-06,-1.022260827e-05,2.225649855,-0.6490616799,-2.846422372e-05,-1.605814328,5.009738612e-05,3.687952886e-05,1.808896507,-0.486383422,4.026835929e-05,-0.3715995543,0.1179185641,0.02210533753,0.0987822338,0.3471441843,0.08448518322,0.8401687917,-0.0631532384,-0.1249900546,-0.1579607624,0.1997612076,-0.1998638995,-2.584079997e-05,0.6006732214,0.0001328298367,-0.0004804368788,0.0001778344319
0,0,0.5048291891,0,0.1574020795,0,0.9875345996,-1.224453386,3.795335355e-06,-1.022260827e-05,2.225649855,-0.6490616799,-2.846422372e-05,-1.605812892,5.009733247e-05,3.687904358e-05,1.808894555,-0.4863829097,4.026778415e-05,-0.3715997037,0.1180059657,0.02209088067,0.09802159661,0.3473422448,0.08466264479,0.8424579144,-0.06317745858,-0.1264939627,-0.1583971742,0.199820553,-0.1998976624,-1.942227574e-05,0.6005060005,9.988740321e-05,-0.0003610919739,0.0001337025242
0,0,0.5048291891,0,0.1574020795,0,0.9875345996,-1.224453386,3.795335355e-06,-1.022260827e-05,2.225649855,-0.6490616799,-2.846422372e-05,-1.605811455,5.009727883e-05,3.687855829e-05,1.808892604,-0.4863823975,4.0267209e-05,-0.3715998701,0.1180938208,0.02207638245,0.09725942256,0.3475406328,0.08484068499,0.8447514978,-0.06320174584,-0.1280013872,-0.1588339041,0.1998801335,-0.1999315998,-1.297618515e-05,0.6003380579,6.676869485e-05,-0.000241238266,8.935300555e-05
0,0,0.5048291891,0,0.1574020795,0,0.9875345996,-1.224453386,3.795335355e-06,-1.022260827e-05,2.225649855,-0.6490616799,-2.846422372e-05,-1.605810019,5.009722519e-05,3.6878073e-05,1.808890652,-0.4863818852,4.026663386e-05,-0.3716000542,0.1181821302,0.02206184343,0.09649567228,0.3477393461,0.08501929848,0.8470496357,-0.06322609034,-0.1295123824,-0.1592709542,0.1999399492,-0.1999657123,-6.50220234e-06,0.6001693916,3.347309379e-05,-0.0001208746292,4.478558463e-05
0,0,0.5048291891,0,0.1574020795,0,0.9875345996,-1.224453386,3.795335355e-06,-1.022260827e-05,2.225649855,-0.6490616799,-2.846422372e-05,-1.592789407,4.952416441e-05,3.32492005e-05,1.79123639,-0.4817765878,3.581127562e-05,-0.3716002567,0.118270895,0.02204726424,0.09573030599,0.3479383822,0.08519847996,0.8493524225,-0.06325048221,-0.1310270034,-0.1597083267,0.2,-0.2,0,0.6,0,0,0
0.002949974613,0,0.5048291891,0,0.1574020795,0,0.9875345996,-1.238246082,-0.000281389436,-3.813742294e-05,2.231528235,-0.6534361972,-0.001355162677,-1.602711403,4.962317985e-05,3.672501125e-05,1.815565002,-0.493909801,4.005575702e-05,-0.3659929796,0.1165964832,0.02141949857,0.09631799475,0.3464638536,0.08436294046,0.8457837305,-0.06274499027,-0.1283132871,-0.1579299252,0.2003835284,-0.1996225205,0.0002367176173,0.5996655496,-0.000214187858,-4.127280581e-05,-0.0004006035237
0.005899949226,0,0.5048291891,0,0.1574020795,0,0.9875345996,-1.252098835,-0.0005552135056,-6.069845607e-05,2.237293785,-0.6576395267,-0.00267827647,-1.59955513,4.914548645e-05,3.656877184e-05,1.822193568,-0.5014494444,3.983966543e-05,-0.3603871986,0.1149176726,0.02079892211,0.09690317362,0.3450000568,0.08353224689,0.8422390716,-0.0622419144,-0.1256178085,-0.1561647136,0.2007517943,-0.1992561993,0.0004662931731,0.5993403836,-0.0004214199706,-7.686932453e-05,-0.0007888149774
0.008849923839,0,0.5048291891,0,0.1574020795,0,0.9875345996,-1.266009491,-0.0008176074446,-7.797181483e-05,2.242944617,-0.6616719196,-0.003997685316,-1.596339649,4.8664146e-05,3.640880346e-05,1.828774146,-0.5090001647,3.961781491e-05,-0.3547828996,0.1132345421,0.02018553991,0.09748568467,0.3435470398,0.08270642507,0.8387184782,-0.06174130052,-0.1229404696,-0.1544127217,0.20110496,-0.1989011409,0.0006886706414,0.599024501,-0.0006216643989,-0.0001069553126,-0.001164552535
0.01179989845,0,0.5048291891,0,0.1574020795,0,0.9875345996,-1.27997587,-0.001068504286,-9.002539026e-05,2.248478905,-0.6655337153,-0.005313269168,-1.593064852,4.817921293e-05,3.624503726e-05,1.835306493,-0.5165618243,3.939023399e-05,-0.3491800679,0.111547171,0.01957935678,0.09806537323,0.3421048494,0.08188550106,0.8352219736,-0.06124319515,-0.1202811674,-0.1526739779,0.201443189,-0.1985574489,0.0009037947002,0.5987179012,-0.0008148897989,-0.0001316978723,-0.00152773555
0.01474987307,0,0.5048291891,0,0.1574020795,0,0.9875345996,-1.293995761,-0.001307839532,-9.692880301e-05,2.253894882,-0.6692253411,-0.006624908194,-1.589730633,4.76907414e-05,3.607740157e-05,1.841790367,-0.5241342871,3.915694882e-05,-0.3435786889,0.1098556381,0.01898037727,0.0986420878,0.3406735316,0.08106950113,0.8317495722,-0.0607476454,-0.1176397934,-0.1509485086,0.2017666457,-0.1982252255,0.001111610737,0.5984205838,-0.001001065422,-0.0001512654342,-0.001878284558
0.01769984768,0,0.5048291891,0,0.1574020795,0,0.9875345996,-1.308066924,-0.001535551159,-9.875334839e-05,2.259190842,-0.6727473135,-0.007932482742,-1.586336895,4.719878539e-05,3.590582193e-05,1.848225537,-0.5317174179,3.891798313e-05,-0.3379787475,0.1081600222,0.01838860571,0.09921568002,0.339253131,0.08025845176,0.8283012799,-0.06025469896,-0.1150162344,-0.1492363389,0.2020754956,-0.1979045714,0.001312064857,0.5981325489,-0.001180161114,-0.0001658277398,-0.002216121277
0.02064982229,0,0.5048291891,0,0.1574020795,0,0.9875345996,-1.322187087,-0.001751579623,-9.557194094e-05,2.264365137,-0.676100238,-0.009235873307,-1.582883542,4.670339865e-05,3.573022114e-05,1.854611774,-0.5393110825,3.867335829e-05,-0.3323802286,0.106460402,0.01780404617,0.09978600458,0.3378436913,0.07945237965,0.8248770939,-0.059764404,-0.112410372,-0.147537492,0.2023699052,-0.1975955864,0.001505103887,0.5978537968,-0.001352147317,-0.0001755558232,-0.002541168615
0.0235997969,0,0.5048291891,0,0.1574020795,0,0.9875345996,-1.336353953,-0.001955867862,-8.745905852e-05,2.269416183,-0.6792848102,-0.0105349605,-1.579370484,4.620463478e-05,3.555051921e-05,1.860948857,-0.5469151479,3.842309329e-05,-0.3267831167,0.1047568561,0.01722670252,0.1003529192,0.3364452552,0.07865131174,0.8214770031,-0.05927680924,-0.1098220831,-0.1458519895,0.2026500421,-0.1972983686,0.001690675385,0.5975843281,-0.001516995069,-0.000180621993,-0.002853350667
0.02654977152,0,0.5048291891,0,0.1574020795,0,0.9875345996,-1.35056519,-0.0021483613,-7.449068574e-05,2.274342456,-0.6823018159,-0.011829625,-1.575797636,4.570254719e-05,3.536663347e-05,1.867236571,-0.5545294818,3.816720478e-05,-0.3211873962,0.1030494629,0.01665657837,0.1009162844,0.3350578642,0.07785527516,0.8181009883,-0.05879196385,-0.1072512396,-0.1441798516,0.2029160749,-0.1970130151,0.001868727643,0.5973241435,-0.001674676005,-0.0001811998134,-0.003152592719
0.02949974613,0,0.5048291891,0,0.1574020795,0,0.9875345996,-1.364818438,-0.002329007846,-5.674425707e-05,2.279142491,-0.6851521319,-0.01311974755,-1.572164918,4.519718916e-05,3.51784785e-05,1.873474704,-0.5621539531,3.790570703e-05,-0.3155930511,0.1013383005,0.01609367712,0.1014759637,0.3336815587,0.07706429726,0.8147490221,-0.05830991744,-0.1046977088,-0.1425210966,0.203168173,-0.1967396213,0.002039209696,0.5970732442,-0.001825162354,-0.0001774640849,-0.003438821255
0.03244972074,0,0.5048291891,0,0.1574020795,0,0.9875345996,-1.379111306,-0.002497757899,-3.429859933e-05,2.283814888,-0.6878367263,-0.01440520888,-1.568472256,4.468861383e-05,3.498596621e-05,1.879663052,-0.5697884314,3.7638612e-05,-0.3100000654,0.09962344707,0.01553800195,0.1020318234,0.3323163781,0.07627840561,0.8114210693,-0.05783072004,-0.1021613534,-0.1408757413,0.2034065071,-0.1964782818,0.002202071329,0.5968316316,-0.001968426944,-0.000169590825,-0.003711963953
0.03539969536,0,0.5048291891,0,0.1574020795,0,0.9875345996,-1.393441372,-0.002654564342,-7.233873865e-06,2.288358306,-0.6903566592,-0.01568588971,-1.564719577,4.417687425e-05,3.478900585e-05,1.885801418,-0.5774327872,3.736592931e-05,-0.3044084227,0.09790498038,0.01498955583,0.1025837324,0.3309623608,0.075497628,0.808117087,-0.05735442207,-0.09964203163,-0.1392438009,0.2036312487,-0.1962290893,0.00235726308,0.596599307,-0.0021044432,-0.000157757248,-0.00397194969
0.03834966997,0,0.5048291891,0,0.1574020795,0,0.9875345996,-1.407806181,-0.002799382541,2.436848181e-05,2.292771467,-0.6927130831,-0.01696167067,-1.560906818,4.366202336e-05,3.458750399e-05,1.891889606,-0.585086892,3.708766627e-05,-0.2988181066,0.09618297811,0.0144483415,0.1031315624,0.329619544,0.07472199242,0.8048370247,-0.05688107431,-0.09713959707,-0.1376252891,0.2038425705,-0.1959921355,0.002504736247,0.5963762723,-0.002233185144,-0.0001421417452,-0.004218708546
0.04129964458,0,0.5048291891,0,0.1574020795,0,0.9875345996,-1.422203248,-0.002932170347,6.04258127e-05,2.297053157,-0.6949072432,-0.0182324323,-1.557033915,4.314411402e-05,3.438136457e-05,1.897927431,-0.5927506178,3.680382786e-05,-0.2932291002,0.09445751772,0.0139143615,0.1036751876,0.328287964,0.07395152709,0.8015808246,-0.05641072787,-0.09465389915,-0.1360202178,0.204040646,-0.1957675106,0.002644442899,0.5961625294,-0.002354627398,-0.0001229238639,-0.004452171808
0.0442496192,0,0.5048291891,0,0.1574020795,0,0.9875345996,-1.436630057,-0.003052888085,0.0001008543054,2.30120222,-0.6969404783,-0.01949805499,-1.553100815,4.262319903e-05,3.41704889e-05,1.90391471,-0.6004238377,3.651441675e-05,-0.2876413867,0.09272867645,0.01338761816,0.1042144847,0.3269676557,0.07318626042,0.7983484215,-0.05594343417,-0.09218478295,-0.1344285975,0.2042256498,-0.1955553034,0.002776335874,0.5959580804,-0.00246874518,-0.0001002842868,-0.004672271966
0.04719959381,0,0.5048291891,0,0.1574020795,0,0.9875345996,-1.451084058,-0.003161498554,0.0001455690477,2.305217567,-0.6988142211,-0.02075841895,-1.549107464,4.209933116e-05,3.395477568e-05,1.909851265,-0.6081064252,3.62194333e-05,-0.2820549489,0.0909965313,0.0128681136,0.1047493329,0.3256586533,0.07242622105,0.7951397432,-0.05547924492,-0.08973208941,-0.1328504371,0.2043977573,-0.1953556016,0.002900368792,0.5957629275,-0.002575514311,-7.440481038e-05,-0.004878942723
0.05014956842,0,0.5048291891,0,0.1574020795,0,0.9875345996,-1.465562668,-0.003257967016,0.0001944840882,2.30909817,-0.7005299985,-0.02201340416,-1.545053816,4.157256313e-05,3.373412101e-05,1.915736927,-0.6157982547,3.591887561e-05,-0.2764697695,0.08926115906,0.01235584977,0.105279614,0.3243609897,0.07167143784,0.7919547106,-0.05501821206,-0.08729565538,-0.1312857439,0.2045571452,-0.1951684911,0.003016496057,0.5955770731,-0.002674911209,-4.546832371e-05,-0.005072118992
0.05309954304,0,0.5048291891,0,0.1574020795,0,0.9875345996,-1.480063273,-0.003342261195,0.0002475124965,2.312843063,-0.7020894324,-0.02326289034,-1.54093983,4.104294766e-05,3.350841841e-05,1.921571529,-0.6234992012,3.561273943e-05,-0.2708858309,0.08752263626,0.01185082837,0.1058052116,0.3230746968,0.07092193983,0.788793238,-0.05456038778,-0.08487531373,-0.1297345237,0.204703991,-0.1949940568,0.003124672864,0.5954005197,-0.002766912894,-1.365878623e-05,-0.005251736903
0.05604951765,0,0.5048291891,0,0.1574020795,0,0.9875345996,-1.494583226,-0.003414351261,0.0003045664235,2.316451344,-0.70349424,-0.02450675689,-1.536765468,4.051053747e-05,3.327755881e-05,1.927354911,-0.6312091402,3.530101826e-05,-0.2653031154,0.0857810392,0.01135305097,0.1063260121,0.3217998054,0.07017775629,0.7856552328,-0.05410582445,-0.08247089343,-0.1281967806,0.204838473,-0.1948323819,0.003224855207,0.5952332697,-0.002851496986,2.083879441e-05,-0.005417733802
0.05899949226,0,0.5048291891,0,0.1574020795,0,0.9875345996,-1.509119843,-0.003474209825,0.0003655571623,2.319922174,-0.7047462344,-0.02574488286,-1.532530698,3.99753853e-05,3.30414306e-05,1.933086917,-0.6389279479,3.498370329e-05,-0.2597216052,0.08403644389,0.0108625189,0.1068419039,0.3205363453,0.06943891671,0.7825405963,-0.05365457464,-0.08008221965,-0.1266725175,0.2049607707,-0.1946835483,0.003316999881,0.595075326,-0.002928641709,5.783838485e-05,-0.005570048256
0.06194946688,0,0.5048291891,0,0.1574020795,0,0.9875345996,-1.523670411,-0.003521811928,0.0004303952091,2.323254779,-0.705847325,-0.02697714692,-1.528235493,3.943754393e-05,3.279991959e-05,1.938767398,-0.6466555009,3.466078343e-05,-0.254141282,0.0822889261,0.01037923332,0.1073527773,0.319284345,0.06870545077,0.7794492233,-0.05320669106,-0.07770911383,-0.1251617354,0.2050710645,-0.1945476367,0.00340106449,0.5949266912,-0.002998325889,9.715294896e-05,-0.005708620054
0.06489944149,0,0.5048291891,0,0.1574020795,0,0.9875345996,-1.538232178,-0.003557135025,0.000498990324,2.326448445,-0.706799518,-0.02820342728,-1.523879828,3.889706618e-05,3.255290909e-05,1.94439621,-0.6543916766,3.433224531e-05,-0.2485621276,0.08053856132,0.009903195205,0.107858525,0.3180438322,0.06797738836,0.7763810027,-0.05276222654,-0.07535139381,-0.1236644341,0.2051695357,-0.194424726,0.003477007453,0.594787368,-0.003060528953,0.000138594471,-0.005833390211
0.0678494161,0,0.5048291891,0,0.1574020795,0,0.9875345996,-1.552802361,-0.003580158976,0.0005712515928,2.329502524,-0.707604917,-0.02942360168,-1.519463687,3.835400494e-05,3.230027984e-05,1.949973212,-0.6621363525,3.399807328e-05,-0.2429841236,0.07878542475,0.00943440536,0.1083590416,0.3168148333,0.06725475959,0.7733358174,-0.05232123402,-0.07300887389,-0.1221806116,0.2052563666,-0.194314894,0.003544788009,0.5946573593,-0.003115230935,0.0001819739789,-0.005944300969
0.07079939071,0,0.5048291891,0,0.1574020795,0,0.9875345996,-1.567378139,-0.003590866032,0.0006470874884,2.332416432,-0.7082657233,-0.03063754731,-1.514987056,3.780841318e-05,3.204191009e-05,1.955498272,-0.6698894067,3.36582494e-05,-0.2374072512,0.07702959132,0.008972864397,0.1088542235,0.3155973736,0.06653759478,0.7703135445,-0.0518837665,-0.07068136492,-0.1207102647,0.2053317405,-0.1942182168,0.003604366223,0.5945366677,-0.003162412473,0.0002271015684,-0.006041295801
0.07374936533,0,0.5048291891,0,0.1574020795,0,0.9875345996,-1.581956658,-0.003589240813,0.0007264059323,2.335189647,-0.7087842363,-0.0318451408,-1.510449927,3.726034398e-05,3.177767555e-05,1.960971258,-0.6776507177,3.331275345e-05,-0.2318314918,0.07527113563,0.008518572758,0.1093439691,0.3143914776,0.06582592443,0.7673140554,-0.05144987707,-0.06836867442,-0.1192533886,0.2053958415,-0.1941347695,0.003655702992,0.594425296,-0.00320205481,0.0002737864268,-0.006124319411
0.07669933994,0,0.5048291891,0,0.1574020795,0,0.9875345996,-1.596535027,-0.0035752703,0.0008091143567,2.337821712,-0.7091628545,-0.03304625814,-1.505852295,3.67098505e-05,3.150744946e-05,1.966392049,-0.6854201642,3.296156294e-05,-0.2262568262,0.073510132,0.008071530713,0.1098281785,0.3131971682,0.06511977927,0.7643372164,-0.0510196188,-0.06607060664,-0.1178099768,0.2054488547,-0.1940646252,0.003698760048,0.594323247,-0.003234139797,0.0003218368572,-0.006193317742
0.07964931455,0,0.5048291891,0,0.1574020795,0,0.9875345996,-1.611110319,-0.003548943811,0.0008951197666,2.340312235,-0.7094040753,-0.03424077468,-1.501194161,3.615698607e-05,3.123110253e-05,1.971760524,-0.6931976255,3.260465309e-05,-0.2206832354,0.07174665445,0.007631738362,0.1103067538,0.3120144676,0.06441919024,0.7613828881,-0.0505930448,-0.06378696268,-0.1163800217,0.2054909662,-0.194007856,0.003733499966,0.5942305232,-0.00325864989,0.0003710603033,-0.006248237971
0.08259928917,0,0.5048291891,0,0.1574020795,0,0.9875345996,-1.625742696,-0.003465074615,0.001001473982,2.342127634,-0.7089025062,-0.03540136398,-1.495094152,3.555618831e-05,3.118105129e-05,1.975094012,-0.7010211178,3.242808051e-05,-0.2151144985,0.06998291906,0.007219763282,0.110618338,0.3108846011,0.06375835922,0.7589040072,-0.05017252562,-0.06180078726,-0.1150427594,0.2054489946,-0.1940208878,0.003723704534,0.5942531653,-0.003250807759,0.0003899739485,-0.006236205761
0.08554926378,0,0.5048291891,0,0.1574020795,0,0.9875345996,-1.64043303,-0.003317273764,0.001130733826,2.343192611,-0.7075802644,-0.03652372798,-1.487362106,3.485337436e-05,3.134551204e-05,1.976152667,-0.7089295525,3.241626668e-05,-0.209551076,0.06821926913,0.006838419254,0.1107416841,0.3098131357,0.06314212368,0.756960413,-0.04975860824,-0.06014953207,-0.1138087971,0.2053129465,-0.1941115727,0.003664358254,0.5944060505,-0.00320719396,0.000373956473,-0.006149872191
0.08849923839,0,0.5048291891,0,0.1574020795,0,0.9875345996,-1.654994129,-0.003266014214,0.001220461774,2.345440115,-0.7076214106,-0.03771466636,-1.489478123,3.448844196e-05,2.988666281e-05,1.991934516,-0.7158806507,3.116990486e-05,-0.2039834302,0.06641258714,0.006429992921,0.111623643,0.3086606295,0.06241549271,0.7529924066,-0.04937112518,-0.05724746169,-0.1123255773,0.2054008606,-0.1940603393,0.003698427211,0.5941525445,-0.003205847498,0.0005295006144,-0.006174511973
0.09144921301,0,0.5048291891,0,0.1574020795,0,0.9875345996,-1.669612984,-0.003091318455,0.001357868835,2.346199451,-0.7060717924,-0.03882109173,-1.483946459,3.390553161e-05,2.976550674e-05,1.996530059,-0.7236919162,3.096453032e-05,-0.1984227621,0.06463689931,0.006067433568,0.1118175771,0.30761517,0.06180391241,0.7508821189,-0.04897198657,-0.05549459571,-0.1111039791,0.205257718,-0.1941760773,0.003624618045,0.5942876706,-0.003144045831,0.0005363241854,-0.006057389671
0.09439918762,0,0.5048291891,0,0.1574020795,0,0.9875345996,-1.684167079,-0.002895290814,0.001501909856,2.346710642,-0.7043394602,-0.03991272056,-1.478722308,3.334172232e-05,2.941214056e-05,2.001640549,-0.7314745692,3.053975627e-05,-0.1928641383,0.06285462126,0.005717899834,0.1120316088,0.3065908543,0.06119994068,0.7487301435,-0.04858268774,-0.0537162759,-0.1098994971,0.20509703,-0.1943143215,0.003536602304,0.5944410146,-0.003068017908,0.0005412604951,-0.00591373068
0.09734916223,0,0.5048291891,0,0.1574020795,0,0.9875345996,-1.698677559,-0.002682671946,0.001650656199,2.347029824,-0.7024590707,-0.04099328908,-1.473418964,3.277583247e-05,2.905504132e-05,2.006681094,-0.739266361,3.011257135e-05,-0.1873067211,0.0610697926,0.005377699805,0.1122362619,0.3055818264,0.06060382473,0.7466100426,-0.04819868032,-0.05195756277,-0.1087127911,0.204922277,-0.1944708733,0.003437282218,0.5946097578,-0.002982002868,0.0005445233861,-0.005750942254
0.1002991368,0,0.5048291891,0,0.1574020795,0,0.9875345996,-1.713137944,-0.002453459138,0.001804125713,2.347156709,-0.7004367702,-0.04206252302,-1.468036548,3.220796572e-05,2.869404812e-05,2.011651425,-0.7470669006,2.968295027e-05,-0.1817504799,0.05928249556,0.005046835307,0.1124314192,0.3045881036,0.06001558577,0.7445215563,-0.04782001546,-0.05021812349,-0.1075438312,0.2047336655,-0.1946458102,0.003326631291,0.5947940594,-0.002886002702,0.0005457659056,-0.005568959724
0.1032491115,0,0.5048291891,0,0.1574020795,0,0.9875345996,-1.727541741,-0.002207658156,0.001962340691,2.347091113,-0.6982788242,-0.0431201546,-1.462575199,3.163822951e-05,2.832899903e-05,2.016551272,-0.7548757782,2.925086712e-05,-0.1761953835,0.05749281205,0.004725308119,0.112616963,0.3036097017,0.05943524448,0.7424644239,-0.04744674316,-0.04849762392,-0.1063925861,0.2045314021,-0.1948392077,0.003204624684,0.5949940816,-0.002780021049,0.0005446389055,-0.005367719964
0.1061990861,0,0.5048291891,0,0.1574020795,0,0.9875345996,-1.741159081,-0.001711831929,0.002207978558,2.344050099,-0.6938845293,-0.04398411027,-1.448712479,3.077835375e-05,2.926291047e-05,2.009366267,-0.7634666087,2.984155546e-05,-0.1706545985,0.05571612442,0.004520782845,0.1120720533,0.3028608951,0.05903157116,0.7423898776,-0.0471131107,-0.04799051238,-0.1056311941,0.2039908941,-0.1953472263,0.002882288064,0.5957541139,-0.002533029543,0.0003276013385,-0.004863933552
0.1091490607,0,0.5048291891,0,0.1574020795,0,0.9875345996,-1.755326025,-0.001424239386,0.002378525121,2.343499678,-0.691480876,-0.04500906129,-1.443564164,3.023651978e-05,2.883836249e-05,2.014854741,-0.7712323393,2.93763575e-05,-0.1651021691,0.05391868243,0.004223924663,0.1122620222,0.3019221023,0.05846891487,0.7403304559,-0.04675678466,-0.0462655249,-0.104518403,0.2037605793,-0.1955869816,0.002732021997,0.5959871973,-0.002400880907,0.0003203171483,-0.00461239281
0.1120990353,0,0.5048291891,0,0.1574020795,0,0.9875345996,-1.769434205,-0.00112408913,0.002552664563,2.342803287,-0.6889904031,-0.04602476623,-1.438357504,2.969205137e-05,2.840354763e-05,2.020290649,-0.7790036964,2.8902601e-05,-0.1595505348,0.05211948146,0.00393430563,0.1124462476,0.3009949414,0.05791207603,0.7382894634,-0.04640473909,-0.04455116699,-0.1034185794,0.2035211673,-0.1958407892,0.002573238016,0.5962306886,-0.002261182112,0.000311538597,-0.004346247305
0.1150490099,0,0.5048291891,0,0.1574020795,0,0.9875345996,-1.783478929,-0.0008114251546,0.002730430959,2.34196107,-0.6864178908,-0.04703106165,-1.433092522,2.914494928e-05,2.795813161e-05,2.025673939,-0.7867805999,2.842004798e-05,-0.1539996738,0.05031858783,0.003651927346,0.1126246088,0.300079418,0.05736107202,0.7362667852,-0.04605700506,-0.0428472361,-0.1023317048,0.2032728241,-0.1961087015,0.002405924554,0.596484688,-0.002113942668,0.000301019651,-0.004065456961
0.1179989845,0,0.5048291891,0,0.1574020795,0,0.9875345996,-1.797455558,-0.0004862980534,0.002911857633,2.340973258,-0.6837681549,-0.04802779169,-1.427769248,2.859521427e-05,2.750177137e-05,2.031004564,-0.7945629699,2.792845174e-05,-0.1484495639,0.04851606772,0.003376791268,0.112796986,0.2991755363,0.0568159201,0.7342623042,-0.04571361335,-0.04115352849,-0.1012577595,0.2030157165,-0.1963907692,0.002230070822,0.5967492948,-0.001959172745,0.0002885141318,-0.003769982957
0.1209489591,0,0.5048291891,0,0.1574020795,0,0.9875345996,-1.811359505,-0.0001487650051,0.003096977119,2.33984017,-0.6810460454,-0.04901480811,-1.422387713,2.804284713e-05,2.703411476e-05,2.03628248,-0.8023507273,2.742755668e-05,-0.1429001832,0.04671198714,0.003108898717,0.1129632601,0.2982832995,0.05627663741,0.7322759012,-0.04537459448,-0.03946983928,-0.1001967224,0.2027500123,-0.1966870413,0.002045666802,0.5970246075,-0.001796883172,0.0002737757492,-0.003459787725
0.1238989338,0,0.5048291891,0,0.1574020795,0,0.9875345996,-1.825186238,0.0002011102408,0.003285821124,2.338562214,-0.6782564445,-0.04999197027,-1.416947956,2.748784865e-05,2.65548003e-05,2.041507649,-0.810143793,2.691709794e-05,-0.1373515094,0.04490641198,0.002848250875,0.1131233126,0.2974027091,0.05574324099,0.7303074551,-0.04503997864,-0.03779596248,-0.09914857133,0.2024758803,-0.1969975655,0.001852703254,0.597310724,-0.001627085429,0.0002565581334,-0.003134834958
0.1268489084,0,0.5048291891,0,0.1574020795,0,0.9875345996,-1.838931285,0.0005632573819,0.003478420493,2.337139886,-0.6754042646,-0.0509591451,-1.411450018,2.693021965e-05,2.606345683e-05,2.046680038,-0.8179420883,2.639680113e-05,-0.1318035202,0.04309940793,0.002594848786,0.1132770257,0.2965337656,0.05521574773,0.7283568431,-0.04470979572,-0.03613169108,-0.09811328264,0.2021934902,-0.1973223875,0.001651171715,0.5976077409,-0.001449791645,0.0002366148674,-0.002795089603
0.129798883,0,0.5048291891,0,0.1574020795,0,0.9875345996,-1.852590231,0.0009375995847,0.003674805161,2.335573766,-0.6724944464,-0.05191620713,-1.405893943,2.636996092e-05,2.555970328e-05,2.051799618,-0.8257455348,2.5866382e-05,-0.1262561935,0.04129104055,0.002348693359,0.1134242822,0.2956764678,0.05469417442,0.7264239402,-0.04438407528,-0.03447681702,-0.09709083154,0.2019030129,-0.1976615517,0.001441064499,0.5979157542,-0.001265014597,0.00021369952,-0.002440517869
0.1327488576,0,0.5048291891,0,0.1574020795,0,0.9875345996,-1.866158723,0.00132405351,0.003875004124,2.333864525,-0.6695319572,-0.05286303847,-1.400279782,2.580707329e-05,2.504314826e-05,2.056866362,-0.8335540542,2.532554614e-05,-0.1207095068,0.03948137521,0.00210978537,0.1135649656,0.2948308135,0.05417853771,0.7245086199,-0.04406284655,-0.03283113132,-0.09608119196,0.2016046199,-0.1980151008,0.001222374702,0.5982348587,-0.001072767708,0.000187565678,-0.002071087222
0.1356988322,0,0.5048291891,0,0.1574020795,0,0.9875345996,-1.877103427,0.002176509461,0.004220993403,2.326668157,-0.663689471,-0.05344193529,-1.386124022,2.511713709e-05,2.2464592e-05,2.049704476,-0.8418825881,2.247002416e-05,-0.1151909702,0.03762677123,0.002138489857,0.1132845293,0.294429029,0.05390602673,0.7237746169,-0.04389439477,-0.03187223575,-0.09560461106,0.200928062,-0.1989205301,0.0006686214271,0.5990766579,-0.000596650632,1.519760596e-05,-0.001135348389
0.1386488068,0,0.5048291891,0,0.1574020795,0,0.9875345996,-1.890951692,0.002491039718,0.00439928435,2.325801378,-0.6612933308,-0.05444148543,-1.382427948,2.457616026e-05,2.241191687e-05,2.057630105,-0.8495794411,2.246603204e-05,-0.109639449,0.03582404204,0.001859861086,0.113504833,0.2935160262,0.05335201435,0.721628767,-0.04355206537,-0.03008746495,-0.09450949983,0.2006960465,-0.1991903976,0.0005014660703,0.5993074934,-0.000447487974,1.139820447e-05,-0.0008515112915
0.1415987814,0,0.5048291891,0,0.1574020795,0,0.9875345996,-1.904799957,0.002805569975,0.004577575297,2.324934598,-0.6588971906,-0.05544103556,-1.378731874,2.403518343e-05,2.235924173e-05,2.065555734,-0.8572762941,2.246203991e-05,-0.1040879277,0.03402131285,0.001581232316,0.1137251367,0.2926030234,0.05279800198,0.7194829171,-0.04320973597,-0.02830269415,-0.09341438861,0.200464031,-0.1994602651,0.0003343107135,0.5995383289,-0.000298325316,7.598802979e-06,-0.0005676741943
0.144548756,0,0.5048291891,0,0.1574020795,0,0.9875345996,-1.918648223,0.003120100232,0.004755866245,2.324067819,-0.6565010504,-0.0564405857,-1.3750358,2.349420661e-05,2.23065666e-05,2.073481363,-0.864973147,2.245804778e-05,-0.0985364065,0.03221858367,0.001302603546,0.1139454404,0.2916900207,0.0522439896,0.7173370672,-0.04286740657,-0.02651792335,-0.09231927738,0.2002320155,-0.1997301325,0.0001671553568,0.5997691645,-0.000149162658,3.79940149e-06,-0.0002838370972
0.1474987307,0,0.5048291891,0,0.1574020795,0,0.9875345996,-1.932496488,0.003434630489,0.004934157192,2.32320104,-0.6541049102,-0.05744013584,-1.371339726,2.295322978e-05,2.225389147e-05,2.081406992,-0.87267,2.245405565e-05,-0.09298488526,0.03041585448,0.001023974775,0.1141657441,0.2907770179,0.05168997723,0.7151912173,-0.04252507717,-0.02473315255,-0.09122416615,0.2,-0.2,0,0.6,0,0,0
0.1502982295,0,0.5048291891,0,0.1574020795,0,0.9875345996,-1.926765676,0.003404750391,0.004917392066,2.312605781,-0.649261046,-0.05747220198,-1.366237059,2.301332403e-05,2.167648121e-05,2.071726318,-0.87267,2.167472535e-05,-0.09016286098,0.02949376461,0.001005246819,0.1141657441,0.2907770179,0.05168997723,0.7151912173,-0.04252507717,-0.02473315255,-0.09122416615,0.2,-0.2,0,0.6,0,0,0
0.1530977283,0,0.5048291891,0,0.1574020795,0,0.9875345996,-1.921106967,0.003360818345,0.004886960188,2.303040385,-0.6453674566,-0.05752541376,-1.361698933,2.218219233e-05,2.326356287e-05,2.081898636,-0.8707432861,2.348504203e-05,-0.08733746004,0.02858142009,0.0008958381552,0.1143292916,0.2905760092,0.05158967567,0.7149928869,-0.04244544099,-0.02471600231,-0.09102822405,0.2001438283,-0.1998360413,9.929344334e-05,0.5998921189,-8.905578895e-05,-3.271661581e-05,-0.0001676139163
0.1558972272,0,0.5048291891,0,0.1574020795,0,0.9875345996,-1.915419829,0.003324614348,0.004863943282,2.292934932,-0.6409662852,-0.05756711715,-1.356998035,2.176961047e-05,2.372363162e-05,2.082205307,-0.86972823,2.397064549e-05,-0.08451391929,0.02766373874,0.0008346031491,0.1144065418,0.2904819528,0.05154277015,0.7149001831,-0.04240816187,-0.02470878772,-0.0909365956,0.2002107644,-0.1997589613,0.0001459473104,0.5998413089,-0.0001308657226,-4.734120805e-05,-0.0002464100237
0.158696726,0,0.5048291891,0,0.1574020795,0,0.9875345996,-1.909771665,0.003280391152,0.004832587374,2.283452308,-0.6371543481,-0.0576214439,-1.352123431,2.127893078e-05,2.312855266e-05,2.094374172,-0.8679652378,2.349126071e-05,-0.08168889643,0.02674848952,0.0007251079817,0.1146305352,0.2902684963,0.05143198368,0.7145681479,-0.04232605291,-0.02462103074,-0.09071755076,0.2003823697,-0.1995817612,0.0002550112767,0.5996781806,-0.0002256111655,-5.454360353e-05,-0.0004284583115
0.1614962248,0,0.5048291891,0,0.1574020795,0,0.9875345996,-1.904105738,0.003243323461,0.004808479214,2.273458693,-0.6328453084,-0.05766473389,-1.347281829,2.084449273e-05,2.329936194e-05,2.097531391,-0.8667477045,2.370769418e-05,-0.07886526785,0.02583076226,0.0006564801862,0.1147352505,0.2901555367,0.05137472275,0.7144301731,-0.04228178519,-0.0245979849,-0.09060515567,0.2004665742,-0.1994881084,0.0003120977211,0.5996058691,-0.0002760493322,-6.509737176e-05,-0.0005244144388
0.1642957237,0,0.5048291891,0,0.1574020795,0,0.9875345996,-1.898444599,0.003206811566,0.004784860271,2.263441923,-0.6285084446,-0.05770725352,-1.342481739,2.036377066e-05,2.372332341e-05,2.099433645,-0.865457302,2.419588722e-05,-0.07604177853,0.02491269759,0.0005902878015,0.1148353111,0.2900482299,0.05132034785,0.7142992659,-0.04223971197,-0.02457682654,-0.09049844092,0.2005462764,-0.1993988454,0.000366501046,0.599536842,-0.0003240901705,-7.449942619e-05,-0.000615878678
0.1670952225,0,0.5048291891,0,0.1574020795,0,0.9875345996,-1.892787615,0.003170836269,0.004761718924,2.253401693,-0.6241440794,-0.05774902365,-1.337844055,1.981857602e-05,2.453943347e-05,2.099527316,-0.8640406577,2.510516755e-05,-0.07321842436,0.023994304,0.0005265307506,0.1149306862,0.2899465679,0.05126885426,0.7141754018,-0.04219983256,-0.02455750271,-0.09039739469,0.2006215028,-0.1993139854,0.0004182131657,0.5994711132,-0.0003697281497,-8.279069584e-05,-0.0007028369879
0.1698947213,0,0.5048291891,0,0.1574020795,0,0.9875345996,-1.887155557,0.003130687869,0.004733924589,2.243720525,-0.6201224573,-0.05779769737,-1.332047893,1.954027923e-05,2.263962208e-05,2.111376301,-0.8626822856,2.318530681e-05,-0.07039508861,0.02307290907,0.0004403485999,0.1151680127,0.2897790478,0.05117663154,0.7137682138,-0.04213891353,-0.02440453829,-0.09021379506,0.2007744554,-0.1991705595,0.0005083327014,0.5992923218,-0.0004438607102,-5.78087734e-05,-0.0008490624377
0.1726942202,0,0.5048291891,0,0.1574020795,0,0.9875345996,-1.881510186,0.003095348228,0.004711268499,2.233672038,-0.6157392309,-0.05783867546,-1.327053141,1.905372477e-05,2.29256845e-05,2.11424396,-0.8612994613,2.353433121e-05,-0.06757201298,0.02215361117,0.000379020176,0.1152683291,0.2896816654,0.0511266384,0.7136303948,-0.04210112911,-0.02437596004,-0.0901154881,0.2008488109,-0.1990883147,0.0005587369809,0.5992215315,-0.0004877561435,-6.047905889e-05,-0.0009333089161
0.175493719,0,0.5048291891,0,0.1574020795,0,0.9875345996,-1.87586752,0.003060530795,0.004689097255,2.223597216,-0.6113270159,-0.05787890214,-1.322114249,1.854335286e-05,2.344644568e-05,2.116029819,-0.8598407509,2.413045914e-05,-0.06474906615,0.02123402447,0.0003202747196,0.1153629969,0.2895903348,0.05107977843,0.7135013603,-0.04206567441,-0.02434995072,-0.09002335542,0.2009182708,-0.1990108798,0.0006061911964,0.5991547245,-0.0005290553471,-6.229065466e-05,-0.001012641144
0.1782932178,0,0.5048291891,0,0.1574020795,0,0.9875345996,-1.870226927,0.003026217396,0.004667399162,2.213495691,-0.606886074,-0.05791839762,-1.317033679,1.806041735e-05,2.398103261e-05,2.117325648,-0.8583887283,2.473090274e-05,-0.06192624348,0.02031415761,0.0002641121353,0.1154519857,0.289505047,0.05103604606,0.713381076,-0.0420325487,-0.02432644839,-0.08993738297,0.2009828631,-0.1989382685,0.0006506865363,0.5990919191,-0.0005677523364,-6.329048598e-05,-0.001087044286
0.1810927167,0,0.5048291891,0,0.1574020795,0,0.9875345996,-1.864587792,0.002992390513,0.004646162871,2.203367086,-0.6024166436,-0.05795718136,-1.311352798,1.768929745e-05,2.37289106e-05,2.121124805,-0.8571864761,2.448621503e-05,-0.05910354035,0.01939401921,0.0002105323296,0.1155352651,0.2894257927,0.05099543556,0.7132695081,-0.04200175101,-0.02430539134,-0.08985755657,0.2010426158,-0.1988704943,0.0006922143297,0.5990331338,-0.0006038412751,-6.352576803e-05,-0.00115650363
0.1838922155,0,0.5048291891,0,0.1574020795,0,0.9875345996,-1.858949507,0.002959033256,0.004625377369,2.193211012,-0.597918941,-0.05799527215,-1.305597133,1.731439071e-05,2.346791328e-05,2.124864627,-0.8559769859,2.42324475e-05,-0.05628095212,0.01847361787,0.0001595352102,0.1156128048,0.2893525623,0.05095794099,0.7131666232,-0.04197328017,-0.02428671809,-0.0897838619,0.2010975568,-0.1988075706,0.0007307660471,0.5989783875,-0.000637316475,-6.304400379e-05,-0.001221004594
0.1866917143,0,0.5048291891,0,0.1574020795,0,0.9875345996,-1.853311479,0.002926129325,0.004605031969,2.18302707,-0.5933931605,-0.05803268813,-1.299767425,1.69356569e-05,2.319787186e-05,2.128545034,-0.8547593716,2.396952297e-05,-0.05345847417,0.01755296217,0.0001111206866,0.1156845745,0.2892853462,0.05092355625,0.7130723881,-0.0419471348,-0.0242703674,-0.08971628449,0.2011477141,-0.1987495106,0.0007663333,0.5989276996,-0.0006681723961,-6.189298193e-05,-0.001280532722
0.1894912132,0,0.5048291891,0,0.1574020795,0,0.9875345996,-1.847673123,0.00289366299,0.004585116295,2.172814851,-0.5888394756,-0.05806944681,-1.293864455,1.655305932e-05,2.29186206e-05,2.132165951,-0.8535327135,2.369736663e-05,-0.05063610186,0.01663206071,6.528866975e-05,0.1157505436,0.2892241346,0.05089227503,0.7129867701,-0.04192331329,-0.02425627825,-0.08965480974,0.2011931155,-0.1986963275,0.0007989078415,0.5988810897,-0.000696403647,-6.01207747e-05,-0.001335073683
0.192290712,0,0.5048291891,0,0.1574020795,0,0.9875345996,-1.842033865,0.00286161906,0.004565620271,2.162573932,-0.5842580394,-0.0581055651,-1.287889055,1.61665648e-05,2.262999703e-05,2.135727313,-0.8522960584,2.341590629e-05,-0.04781383056,0.01571092204,2.203907229e-05,0.1158106817,0.2891689176,0.05086409085,0.7129097367,-0.04190181383,-0.02424438988,-0.08959942291,0.2012337889,-0.1986480343,0.0008284815662,0.5988385779,-0.0007220049843,-5.777573578e-05,-0.001384613276
0.1950902108,0,0.5048291891,0,0.1574020795,0,0.9875345996,-1.836393138,0.002829982857,0.004546534114,2.152303883,-0.5796489852,-0.05814105933,-1.281842098,1.577614377e-05,2.23318423e-05,2.13922906,-0.8510484193,2.312507259e-05,-0.04499165564,0.01478955471,-1.862819161e-05,0.1158649583,0.289119685,0.05083899705,0.7128412559,-0.04188263438,-0.02423464178,-0.08955010914,0.201269762,-0.198604644,0.0008550465103,0.5988001848,-0.000744971313,-5.490649821e-05,-0.001429137422
0.1978897097,0,0.5048291891,0,0.1574020795,0,0.9875345996,-1.830750384,0.002798740194,0.004527848319,2.142004259,-0.5750124269,-0.05817594527,-1.275724506,1.538177034e-05,2.202400147e-05,2.142671142,-0.8497887753,2.282479925e-05,-0.04216957247,0.01386796726,-5.671320618e-05,0.1159133427,0.2890764266,0.05081698676,0.7127812959,-0.04186577268,-0.02422697366,-0.08950685341,0.2013010626,-0.1985661693,0.0008785948515,0.5987659311,-0.0007652976864,-5.156197229e-05,-0.001468632173
0.2006892085,0,0.5048291891,0,0.1574020795,0,0.9875345996,-1.825105052,0.00276787735,0.004509553653,2.131674605,-0.5703484598,-0.05821023817,-1.269537244,1.498342233e-05,2.170632386e-05,2.146053517,-0.8485160715,2.251502334e-05,-0.03934757641,0.0129461682,-9.221605407e-05,0.1159558043,0.289039132,0.05079805296,0.7127298255,-0.04185122628,-0.02422132551,-0.08946964056,0.2013277185,-0.1985326229,0.0008991189095,0.5987358382,-0.000782979306,-4.779134346e-05,-0.001503083704
0.2034887073,0,0.5048291891,0,0.1574020795,0,0.9875345996,-1.819456597,0.00273738105,0.00449164114,2.121314454,-0.5656571607,-0.05824395277,-1.263281326,1.458108128e-05,2.137866333e-05,2.149376151,-0.8472292193,2.219568547e-05,-0.03652566283,0.01202416605,-0.0001251368163,0.1159923126,0.2890077905,0.0507821884,0.7126868137,-0.04183899247,-0.02421763754,-0.08943845531,0.2013497574,-0.1985040172,0.0009166111458,0.5987099277,-0.0007980115219,-4.364407022e-05,-0.001532478317
0.2062882062,0,0.5048291891,0,0.1574020795,0,0.9875345996,-1.81380448,0.002707238441,0.004474102057,2.110923327,-0.5609385886,-0.05827710334,-1.256957813,1.417473255e-05,2.104087861e-05,2.152639017,-0.8459270958,2.186673015e-05,-0.03370382709,0.0111019693,-0.0001554755723,0.1160228367,0.2889823915,0.05076938568,0.7126522297,-0.04182906837,-0.02421585026,-0.08941328222,0.201367207,-0.1984803647,0.0009310641636,0.5986882216,-0.0008103898322,-3.916988206e-05,-0.00155680244
0.209087705,0,0.5048291891,0,0.1574020795,0,0.9875345996,-1.808148169,0.002677437078,0.004456927924,2.100500732,-0.556192785,-0.05830970364,-1.250567811,1.376436531e-05,2.069283371e-05,2.155842098,-0.8446085445,2.152810596e-05,-0.03088206457,0.01017958644,-0.0001832323998,0.1160473461,0.2889629239,0.0507596372,0.7126260435,-0.04182145084,-0.0242159044,-0.08939410574,0.2013800949,-0.1984616776,0.0009424707083,0.5986707422,-0.0008201098834,-3.441877737e-05,-0.001576042627
0.2118872038,0,0.5048291891,0,0.1574020795,0,0.9875345996,-1.802487135,0.002647964898,0.004440110491,2.090046167,-0.551419774,-0.05834176703,-1.244112474,1.334997254e-05,2.033439821e-05,2.158985388,-0.8432723748,2.117976589e-05,-0.02806037063,0.009257025934,-0.0002084073751,0.1160658098,0.2889493769,0.05075293517,0.712608225,-0.04181613656,-0.02421774096,-0.08938091014,0.2013884487,-0.1984479681,0.0009508236673,0.5986575124,-0.0008271674702,-2.944102134e-05,-0.001590185556
0.2146867027,0,0.5048291891,0,0.1574020795,0,0.9875345996,-1.796820853,0.002618810209,0.004423641736,2.079559113,-0.546619563,-0.05837330639,-1.237593003,1.293155108e-05,1.996544763e-05,2.162068886,-0.8419173624,2.082166759e-05,-0.02523874064,0.008334296237,-0.0002310005727,0.1160781972,0.288941739,0.05074927162,0.7125987448,-0.04181312195,-0.02422130122,-0.08937367959,0.2013922959,-0.1984392482,0.0009561160698,0.5986485552,-0.0008315585355,-2.428714393e-05,-0.001599218032
0.2174862015,0,0.5048291891,0,0.1574020795,0,0.9875345996,-1.791148802,0.002589961669,0.004407513851,2.069039041,-0.5417921427,-0.05840433423,-1.231010646,1.250910164e-05,1.95858638e-05,2.165092602,-0.8405422492,2.045377364e-05,-0.02241716998,0.007411405796,-0.0002510120655,0.1160844773,0.2889399991,0.0507486384,0.7125975736,-0.04181240325,-0.02422652671,-0.0893723981,0.2013916642,-0.1984355297,0.0009583410873,0.5986438943,-0.0008332791705,-1.900793778e-05,-0.001603126983
0.2202857003,0,0.5048291891,0,0.1574020795,0,0.9875345996,-1.785470464,0.002561408271,0.00439171924,2.058485407,-0.5369374875,-0.05843486263,-1.224366698,1.208262876e-05,1.919553524e-05,2.168056556,-0.8391457438,2.007605188e-05,-0.01959565401,0.006488363042,-0.0002684419246,0.1160846193,0.2889441455,0.05075102715,0.7126046828,-0.04181397647,-0.02423335924,-0.08937704955,0.201386581,-0.1984368244,0.0009574920332,0.5986435535,-0.0008323256144,-1.365445615e-05,-0.001601899465
0.2230851992,0,0.5048291891,0,0.1574020795,0,0.9875345996,-1.779785324,0.002533139325,0.004376250507,2.047897654,-0.5320555554,-0.0584649033,-1.217662501,1.165214085e-05,1.879435753e-05,2.170960777,-0.8377265216,1.968847569e-05,-0.0167741881,0.005565176395,-0.0002832902198,0.1160785923,0.2889541666,0.05075642935,0.7126200439,-0.04181783738,-0.02424174088,-0.08938761765,0.2013770738,-0.198443144,0.0009535623634,0.5986475571,-0.0008286942547,-8.278010852e-06,-0.001595522654
0.225884698,0,0.5048291891,0,0.1574020795,0,0.9875345996,-1.774092866,0.002505144448,0.004361100449,2.037275211,-0.5271462888,-0.05849446759,-1.210904875,1.121725464e-05,1.841897539e-05,2.173660016,-0.8362762017,1.932925761e-05,-0.01395276763,0.004641854264,-0.0002955570187,0.1160663653,0.2889700506,0.05076483628,0.7126436289,-0.04182398157,-0.02425161399,-0.08940408602,0.20136317,-0.1984544998,0.0009465456753,0.5986559297,-0.000822381627,-2.930170223e-06,-0.001583983855
0.2286841968,0,0.5048291891,0,0.1574020795,0,0.9875345996,-1.768392578,0.002477413547,0.004346262054,2.026617491,-0.5222096141,-0.05852356647,-1.204096046,1.077823569e-05,1.808437526e-05,2.176095288,-0.8347910912,1.901403869e-05,-0.01113138797,0.003718405042,-0.0003052423877,0.1160479074,0.2889917855,0.05077623902,0.7126754101,-0.04183240437,-0.0242629212,-0.0894264381,0.201344897,-0.1984709033,0.000936435709,0.5986686963,-0.0008133844147,2.337242942e-06,-0.001567270494
0.2314836957,0,0.5048291891,0,0.1574020795,0,0.9875345996,-1.762683949,0.002449936806,0.004331728487,2.015923894,-0.5172454418,-0.0585522106,-1.197229778,1.033579271e-05,1.774379036e-05,2.178451387,-0.8332790383,1.869421883e-05,-0.008310044493,0.002794837114,-0.0003123463912,0.1160231875,0.2890193592,0.0507906285,0.7127153602,-0.04184310093,-0.02427560543,-0.08945465721,0.2013222822,-0.1984923656,0.0009232263463,0.5986858824,-0.0008016994493,7.472153431e-06,-0.001545370121
0.2342831945,0,0.5048291891,0,0.1574020795,0,0.9875345996,-1.756966467,0.002422704672,0.004317493089,2.005193802,-0.5122536672,-0.05858041028,-1.190307279,9.889976245e-06,1.739714953e-05,2.180728232,-0.8317387432,1.836980088e-05,-0.005488732583,0.001871158852,-0.000316869092,0.1159921746,0.2890527594,0.05080799542,0.7127634523,-0.04185606614,-0.02428960987,-0.08948872651,0.2012953529,-0.1985188978,0.0009069116112,0.5987075137,-0.0007873237103,1.242223565e-05,-0.001518270411
0.2370826933,0,0.5048291891,0,0.1574020795,0,0.9875345996,-1.751239619,0.002395707844,0.00430354937,1.994426584,-0.5072341697,-0.05860817553,-1.183329788,9.44083846e-06,1.704438495e-05,2.182925748,-0.8301688869,1.804078945e-05,-0.002667447616,0.0009473786156,-0.0003188105509,0.1159548376,0.2890919737,0.05082833033,0.7128196599,-0.04187129471,-0.024304878,-0.08952862904,0.2012641364,-0.1985505109,0.0008874856696,0.5987336163,-0.000770254325,1.713491568e-05,-0.00148595916
0.2398821922,0,0.5048291891,0,0.1574020795,0,0.9875345996,-1.745502893,0.002368937261,0.004289891,1.983621591,-0.5021868136,-0.05863551604,-1.17629857,8.988433017e-06,1.668543225e-05,2.185043868,-0.8285681322,1.770719099e-05,0.0001538150279,2.350475388e-05,-0.0003181708273,0.1159111455,0.2891369896,0.05085162357,0.7128839568,-0.04188878111,-0.0243213536,-0.08957434769,0.2012286599,-0.1985872156,0.0008649428297,0.5987642166,-0.0007504885686,2.155737326e-05,-0.001448424289
0.242681691,0,0.5048291891,0,0.1574020795,0,0.9875345996,-1.739755775,0.002342384091,0.004276511806,1.972778157,-0.4971114474,-0.0586624412,-1.169214916,8.532814995e-06,1.632023063e-05,2.187082535,-0.8269351249,1.736901382e-05,0.002975059965,-0.0009004543959,-0.0003149499785,0.115861067,0.2891877943,0.0508778653,0.7129563174,-0.04190851959,-0.02433898073,-0.08962586521,0.2011889507,-0.1986290227,0.0008392775414,0.5987993416,-0.0007280238637,2.563654388e-05,-0.001405653839
0.2454811898,0,0.5048291891,0,0.1574020795,0,0.9875345996,-1.733997748,0.00231603972,0.004263405766,1.9618956,-0.4920079044,-0.05868896015,-1.162080146,8.074040788e-06,1.594872306e-05,2.189041699,-0.8252684944,1.702626819e-05,0.00579629181,-0.001824490508,-0.0003091480603,0.115804571,0.2892443749,0.05090704549,0.7130367161,-0.04193050418,-0.02435770375,-0.08968316421,0.2011450359,-0.1986759426,0.0008104843964,0.5988390185,-0.000702857781,2.931912076e-05,-0.001357635976
0.2482806887,0,0.5048291891,0,0.1574020795,0,0.9875345996,-1.728228294,0.002289895739,0.004250567004,1.95097322,-0.4868760022,-0.05871508174,-1.154895604,7.612168002e-06,1.557085634e-05,2.190921319,-0.8235668547,1.667896632e-05,0.008617515176,-0.002748595266,-0.0003007651265,0.1157416263,0.2893067185,0.05093915394,0.7131251281,-0.0419547287,-0.02437746731,-0.08974622714,0.2010969426,-0.1987279857,0.0007785581284,0.5988832748,-0.0006749880385,3.255155688e-05,-0.001304358986
0.2510801875,0,0.5048291891,0,0.1574020795,0,0.9875345996,-1.722446893,0.002263943938,0.004237989781,1.940010296,-0.481715543,-0.05874081453,-1.147662657,7.147255341e-06,1.51865813e-05,2.192721363,-0.8218288054,1.632712242e-05,0.01143873467,-0.003672760367,-0.000289801229,0.1156722016,0.289374812,0.05097418024,0.7132215287,-0.04198118674,-0.02439821638,-0.08981503635,0.201044698,-0.1987851622,0.0007434936129,0.5989321385,-0.0006444125019,3.5280067e-05,-0.001245811277
0.2538796863,0,0.5048291891,0,0.1574020795,0,0.9875345996,-1.716653019,0.002238176294,0.004225668495,1.929006092,-0.4765263134,-0.05876616688,-1.140382699,6.679362499e-06,1.479585287e-05,2.194441809,-0.8200529329,1.597075278e-05,0.01425995491,-0.004596977518,-0.0002762564179,0.1155962658,0.2894486419,0.05101211381,0.7133258936,-0.04200987168,-0.02441989621,-0.089889574,0.2009883292,-0.1988474823,0.0007052858667,0.5989856378,-0.000611129184,3.745062967e-05,-0.001181981377
0.2566791852,0,0.5048291891,0,0.1574020795,0,0.9875345996,-1.710714117,0.002216427213,0.004218353785,1.917373947,-0.4708443168,-0.05878414278,-1.131093716,6.838440639e-06,1.819821223e-05,2.184292533,-0.8220340941,1.941493891e-05,0.01708216497,-0.005517597418,-0.0002283449137,0.1153254908,0.2896180292,0.05110664625,0.7137923576,-0.04206974967,-0.02459781943,-0.0900788003,0.2008247226,-0.1989968524,0.0006096769748,0.5992047773,-0.0005345771023,-1.658758724e-05,-0.001028711449
0.259478684,0,0.5048291891,0,0.1574020795,0,0.9875345996,-1.704899407,0.002190693843,0.004206169063,1.906320597,-0.4656275327,-0.05880929153,-1.123609156,6.408720641e-06,1.771341832e-05,2.18637485,-0.8203670983,1.896326865e-05,0.01990336747,-0.006442135922,-0.0002117845657,0.1152491037,0.2896971715,0.0511466497,0.7138882442,-0.04210085691,-0.02461022555,-0.09015726441,0.200767188,-0.1990639929,0.000568796482,0.599257209,-0.000498597327,-1.242018728e-05,-0.0009598917549
0.2622781828,0,0.5048291891,0,0.1574020795,0,0.9875345996,-1.699071722,0.002165112001,0.004194208629,1.895226894,-0.4603834511,-0.05883410581,-1.116087618,5.976401155e-06,1.721695448e-05,2.188397853,-0.8186603113,1.850216069e-05,0.02272457471,-0.007366719384,-0.0001927919544,0.1151669974,0.2897815979,0.05118928859,0.7139904409,-0.04213404106,-0.02462275194,-0.09024091159,0.2007060848,-0.1991359182,0.0005250184792,0.599313547,-0.0004600973874,-8.642863728e-06,-0.0008861608851
0.2650776817,0,0.5048291891,0,0.1574020795,0,0.9875345996,-1.693230572,0.00213967495,0.004182467722,1.884092091,-0.4551118188,-0.05885859242,-1.108530805,5.541540892e-06,1.670881884e-05,2.19036169,-0.8169121989,1.80316584e-05,0.02554579078,-0.008291339579,-0.0001713671789,0.1150791418,0.2898712953,0.05123455316,0.7140989296,-0.0421692959,-0.02463535123,-0.09032972508,0.20064144,-0.1992126372,0.0004783389266,0.5993738129,-0.0004190758967,-5.302608388e-06,-0.0008075090261
0.2678771805,0,0.5048291891,0,0.1574020795,0,0.9875345996,-1.68737546,0.002114376091,0.004170941674,1.872915427,-0.4498123682,-0.05888275795,-1.100940453,5.104201593e-06,1.618902149e-05,2.192266516,-0.8151212095,1.755181463e-05,0.02836701978,-0.00921598829,-0.0001475103384,0.1149855071,0.2899662506,0.05128243353,0.714213692,-0.04220661501,-0.02464797625,-0.09042368802,0.2005732802,-0.1992941588,0.0004287538996,0.5994380285,-0.0003755315842,-2.446554822e-06,-0.0007239264831
0.2706766793,0,0.5048291891,0,0.1574020795,0,0.9875345996,-1.681505886,0.00208920896,0.004159625904,1.861696115,-0.4444848168,-0.0589066088,-1.093318329,4.664448064e-06,1.565758504e-05,2.1941125,-0.8132857745,1.706269222e-05,0.0311882658,-0.01014065731,-0.0001212215323,0.1148860634,0.2900664504,0.05133291964,0.7143347102,-0.04224599184,-0.02466058003,-0.09052278338,0.2005016325,-0.1993804917,0.0003762595892,0.5995062157,-0.0003294632957,-1.219765788e-07,-0.0006354036799
0.2734761782,0,0.5048291891,0,0.1574020795,0,0.9875345996,-1.675621342,0.002064167217,0.004148515918,1.850433353,-0.4391288679,-0.05893015121,-1.085666232,4.222348232e-06,1.511454502e-05,2.195899822,-0.8114043091,1.656436449e-05,0.03400953294,-0.01106533842,-9.250086041e-05,0.1147807809,0.2901718811,0.05138600134,0.7144619667,-0.04228741967,-0.02467311581,-0.09062699403,0.2004265235,-0.1994716446,0.000320852302,0.5995783969,-0.0002808699925,1.623714566e-06,-0.0005419311584
0.276275677,0,0.5048291891,0,0.1574020795,0,0.9875345996,-1.669721316,0.002039244647,0.004137607301,1.839126314,-0.4337442092,-0.05895339125,-1.077985994,3.777973204e-06,1.455995049e-05,2.197628675,-0.8094752125,1.605691573e-05,0.03683082529,-0.01199002344,-6.134842248e-05,0.1146696298,0.2902825292,0.05144166828,0.7145954439,-0.04233089161,-0.02468553703,-0.09073630265,0.2003479801,-0.1995676259,0.0002625284596,0.5996545942,-0.0002297507519,2.742970402e-06,-0.0004434995786
0.2790751758,0,0.5048291891,0,0.1574020795,0,0.9875345996,-1.663805286,0.002014435143,0.004126895718,1.827774151,-0.4283305136,-0.0589763348,-1.070279475,3.33139733e-06,1.399386452e-05,2.19929926,-0.8074968685,1.554044174e-05,0.03965214694,-0.01291470418,-2.776431857e-05,0.1145525803,0.2903983809,0.05149991002,0.7147351245,-0.04237640062,-0.02469779734,-0.09085069182,0.2002660293,-0.199668444,0.0002012845988,0.5997348304,-0.0001761047667,3.188108037e-06,-0.0003400997185
0.2818746747,0,0.5048291891,0,0.1574020795,0,0.9875345996,-1.657760612,0.001992216976,0.00411951199,1.815946283,-0.4225673909,-0.05899432369,-1.058391947,2.669926367e-06,1.359569859e-05,2.192397484,-0.8132732235,1.501786373e-05,0.04247357322,-0.01383973261,3.441416471e-05,0.1143471553,0.2905821917,0.05159360428,0.7150014024,-0.04244743599,-0.02474147585,-0.09103602301,0.200128265,-0.1998298091,0.0001022944405,0.5998845134,-9.066112034e-05,-9.964244859e-06,-0.0001739326507
0.2846741735,0,0.5048291891,0,0.1574020795,0,0.9875345996,-1.651864706,0.001966382374,0.004107636299,1.804710021,-0.4172508451,-0.05901899197,-1.054808411,1.323607349e-06,1.053888628e-05,2.201540445,-0.8027186175,1.213508224e-05,0.04529494117,-0.01476419228,6.005319964e-05,0.1142585314,0.290677655,0.05164083565,0.7150944292,-0.04248547483,-0.0247376785,-0.09112823191,0.2000652911,-0.199913072,5.224081217e-05,0.5999409694,-4.628776273e-05,-4.828813717e-06,-8.883894024e-05
0.2874736723,0,0.5048291891,0,0.1574020795,0,0.9875345996,-1.645955865,0.001940625587,0.004095900916,1.793438086,-0.4119116979,-0.05904344304,-1.05140451,-3.670478427e-07,7.035021897e-06,2.2110344,-0.7923838441,8.709490352e-06,0.0481163285,-0.01568863887,8.757698698e-05,0.1141657441,0.2907770179,0.05168997723,0.7151912173,-0.04252507717,-0.02473315255,-0.09122416615,0.2,-0.2,0,0.6,0,0,0
0.2894890558,0,0.5048291891,0,0.1574020795,0,0.9875345996,-1.642948173,0.001928619792,0.004089917761,1.797329309,-0.4187663735,-0.0590551885,-1.075813345,1.17916797e-06,8.815750295e-06,2.213483351,-0.7850141588,1.047277208e-05,0.04695318663,-0.01530801632,6.74259822e-05,0.1141896937,0.2907496771,0.05167275164,0.7151551201,-0.04251123312,-0.02472530862,-0.09119671763,0.2000230527,-0.1999756011,1.139460967e-05,0.5999832013,-9.73959485e-06,-4.779457382e-06,-2.468063725e-05
0.2915044393,0,0.5048291891,0,0.1574020795,0,0.9875345996,-1.639912014,0.001916533939,0.00408398035,1.801193642,-0.425622586,-0.0590669176,-1.100506025,2.798580431e-06,1.057188381e-05,2.215705114,-0.7771395569,1.225426812e-05,0.04579005024,-0.01492739442,4.762764498e-05,0.114212914,0.2907230968,0.05165590105,0.7151197663,-0.04249769155,-0.02471741339,-0.09117000183,0.2000456145,-0.1999518758,2.238536802e-05,0.5999668632,-1.912215248e-05,-9.539288802e-06,-4.867270079e-05
0.2935198228,0,0.5048291891,0,0.1574020795,0,0.9875345996,-1.636847417,0.00190436855,0.004078087749,1.805031005,-0.4324802275,-0.05907863034,-1.125448511,4.487974614e-06,1.230076102e-05,2.217687514,-0.7687835885,1.405316222e-05,0.04462691919,-0.01454677357,2.818198595e-05,0.1142354063,0.2906972776,0.05163942585,0.7150851563,-0.04248445266,-0.0247094687,-0.09114401936,0.2000676844,-0.1999288236,3.297245738e-05,0.5999509847,-2.814772179e-05,-1.427767966e-05,-7.19766059e-05
0.2955352063,0,0.5048291891,0,0.1574020795,0,0.9875345996,-1.634144884,0.001893227012,0.004071854588,1.809232939,-0.439339404,-0.05909030914,-1.147937389,5.745596452e-06,1.198349419e-05,2.231537056,-0.7629458055,1.333206862e-05,0.04312749933,-0.01405712444,4.668419085e-06,0.1142809556,0.2906653627,0.05162626777,0.7150229472,-0.04247606501,-0.02469374024,-0.0911105478,0.2000896279,-0.1999019075,5.339247963e-05,0.5999206748,-4.576469698e-05,-7.339148394e-06,-9.965426037e-05
0.2975505898,0,0.5048291891,0,0.1574020795,0,0.9875345996,-1.631098609,0.001881113208,0.004065981284,1.813091827,-0.4461999804,-0.0591019833,-1.172422093,7.387893887e-06,1.312642256e-05,2.235629756,-0.7542104739,1.45209629e-05,0.04188031467,-0.01364924191,-1.483696219e-05,0.1143069604,0.29064014,0.05161168539,0.7149840899,-0.04246486658,-0.02468405816,-0.09108478868,0.2001101795,-0.1998797667,6.529763109e-05,0.5999027458,-5.594507981e-05,-9.248881172e-06,-0.0001221232311
0.2995659733,0,0.5048291891,0,0.1574020795,0,0.9875345996,-1.628014997,0.001868895235,0.004060160884,1.816914652,-0.4530618061,-0.05911364054,-1.197077345,9.12089417e-06,1.456072133e-05,2.238141538,-0.7448784631,1.607148002e-05,0.04063313842,-0.01324135918,-3.385361009e-05,0.1143318507,0.2906159957,0.0515976425,0.7149465196,-0.04245409091,-0.02467445208,-0.09106009028,0.2001299849,-0.1998585772,7.662633169e-05,0.5998855742,-6.562140849e-05,-1.118108638e-05,-0.0001436160712
0.3015813567,0,0.5048291891,0,0.1574020795,0,0.9875345996,-1.624894091,0.001856573854,0.004054392166,1.820701344,-0.4599247694,-0.05912528085,-1.221997133,1.098093882e-05,1.641808442e-05,2.23869203,-0.7348995243,1.81271933e-05,0.03938597026,-0.01283347694,-5.238151013e-05,0.1143556291,0.2905929309,0.05158413983,0.7149102376,-0.04244373845,-0.02466492578,-0.09103645387,0.2001490419,-0.1998383382,8.737895669e-05,0.5998691582,-7.479382151e-05,-1.313202143e-05,-0.0001641336409
0.3035967402,0,0.5048291891,0,0.1574020795,0,0.9875345996,-1.621938443,0.001844744333,0.00404854325,1.824659728,-0.4667930535,-0.05913678335,-1.244076572,1.236951369e-05,1.470388194e-05,2.249869203,-0.7266455737,1.625981134e-05,0.03793167916,-0.01235904617,-7.209362706e-05,0.1144014278,0.2905682873,0.0515762034,0.7148445578,-0.04244050183,-0.0246443456,-0.09100946221,0.2001654039,-0.1998179849,0.0001060517258,0.5998381399,-9.058470368e-05,-7.010972666e-07,-0.0001850579929
0.3056121237,0,0.5048291891,0,0.1574020795,0,0.9875345996,-1.618755542,0.0018322533,0.004042869565,1.828386925,-0.4736583926,-0.05914838074,-1.268513673,1.415846792e-05,1.5837785e-05,2.252039848,-0.7159220936,1.764853813e-05,0.03665864509,-0.01194282773,-8.966780059e-05,0.114424975,0.2905475349,0.05156468699,0.7148086315,-0.04243199418,-0.02463424761,-0.09098796198,0.2001822021,-0.1997999499,0.0001164290058,0.5998220917,-9.941954121e-05,-1.137800126e-06,-0.0002033472468
0.3076275072,0,0.5048291891,0,0.1574020795,0,0.9875345996,-1.615532644,0.001819652694,0.00403724617,1.832074902,-0.4805244978,-0.05915996256,-1.292952112,1.598489254e-05,1.692620888e-05,2.253753122,-0.7047173768,1.905063777e-05,0.03538562014,-0.01152660756,-0.0001067119943,0.1144472177,0.2905279728,0.05155377479,0.7147743579,-0.04242394708,-0.02462438865,-0.09096765307,0.2001981305,-0.1997829598,0.0001261680768,0.5998069653,-0.0001077020907,-1.636238901e-06,-0.0002205638377
0.3096428907,0,0.5048291891,0,0.1574020795,0,0.9875345996,-1.612269805,0.001806943392,0.004031671718,1.835723586,-0.4873912394,-0.0591715288,-1.317456761,1.793789142e-05,1.835860691e-05,2.253721365,-0.6929626559,2.088061368e-05,0.0341126039,-0.01111038641,-0.0001232261911,0.1144681587,0.290509602,0.05154346767,0.7147417392,-0.04241636106,-0.02461477359,-0.090948537,0.2002131869,-0.1997670138,0.0001352694373,0.5997927582,-0.0001154325655,-2.191690924e-06,-0.000236708846
0.3116582742,0,0.5048291891,0,0.1574020795,0,0.9875345996,-1.608967089,0.001794126282,0.004026144852,1.839332905,-0.4942584825,-0.05918307947,-1.342030578,2.000721552e-05,2.001662928e-05,2.252394496,-0.6806867636,2.301806168e-05,0.03283959596,-0.01069416506,-0.0001392103736,0.1144878008,0.2904924238,0.05153376651,0.7147107774,-0.04240923662,-0.02460540734,-0.0909306153,0.2002273686,-0.1997521109,0.0001437335917,0.5997794681,-0.000122611185,-2.799443641e-06,-0.0002517833569
0.3136736577,0,0.5048291891,0,0.1574020795,0,0.9875345996,-1.605699693,0.001781429635,0.004020644578,1.842981882,-0.5011294415,-0.0591945256,-1.363392099,2.125272117e-05,1.75281945e-05,2.260587711,-0.6698113326,2.068844449e-05,0.03146277649,-0.01024500953,-0.0001548361396,0.1145231913,0.2904762816,0.05152892102,0.7146564378,-0.04240820542,-0.02458565359,-0.09091221776,0.2002386003,-0.1997388207,0.0001568698449,0.5997553146,-0.0001334339674,8.391939439e-06,-0.0002652737895
0.3156890412,0,0.5048291891,0,0.1574020795,0,0.9875345996,-1.602316862,0.001768397254,0.004015210553,1.846511774,-0.5079973483,-0.05920604464,-1.387246313,2.318860264e-05,1.853799809e-05,2.260275612,-0.6569328198,2.223958818e-05,0.0301818074,-0.009826224111,-0.0001696990772,0.1145407662,0.2904617196,0.05152092916,0.7146285402,-0.04240249449,-0.02457682957,-0.09089690646,0.2002504944,-0.1997262762,0.0001643071522,0.5997436216,-0.0001397307754,8.314397888e-06,-0.0002779421351
0.3177044246,0,0.5048291891,0,0.1574020795,0,0.9875345996,-1.598893465,0.001755257118,0.004009820315,1.85000114,-0.5148652914,-0.05921754901,-1.410948521,2.515370312e-05,1.950489645e-05,2.259484728,-0.6436916843,2.380528741e-05,0.02890084659,-0.009407436157,-0.0001840213221,0.1145569384,0.290448388,0.05151357018,0.714602547,-0.04239725479,-0.02456839301,-0.09088284403,0.2002614533,-0.1997148046,0.0001710858696,0.5997329328,-0.000145462063,8.159668453e-06,-0.0002895110134
0.3197198081,0,0.5048291891,0,0.1574020795,0,0.9875345996,-1.59542958,0.001742010195,0.004004472434,1.8534499,-0.521733111,-0.0592290387,-1.434465495,2.714615589e-05,2.043058381e-05,2.258213259,-0.6301191677,2.538608701e-05,0.02761989362,-0.008988646436,-0.0001978028562,0.1145717107,0.2904362879,0.051506845,0.7145784609,-0.04239248681,-0.02456034941,-0.09087003212,0.2002714745,-0.1997044051,0.0001772065787,0.5997232455,-0.0001506281057,7.932921191e-06,-0.0002999816175
0.3217351916,0,0.5048291891,0,0.1574020795,0,0.9875345996,-1.591925293,0.001728657465,0.003999165472,1.856857972,-0.5286006412,-0.05924051373,-1.45776446,2.916400768e-05,2.131707284e-05,2.256460086,-0.6162467918,2.698255793e-05,0.02633894805,-0.008569855721,-0.0002110436618,0.114585086,0.2904254205,0.05150075452,0.7145562847,-0.04238819107,-0.02455270429,-0.09085847231,0.2002805556,-0.1996950764,0.0001826698675,0.599714557,-0.0001552291859,7.639313105e-06,-0.0003093551457
0.3237505751,0,0.5048291891,0,0.1574020795,0,0.9875345996,-1.588380692,0.001715199918,0.003993897979,1.860225274,-0.53546771,-0.05925197408,-1.480923701,3.134945301e-05,2.259047855e-05,2.252862558,-0.6020000527,2.90593304e-05,0.02505800943,-0.008151064785,-0.0002237437208,0.1145970673,0.290415787,0.05149529964,0.714536021,-0.04238436805,-0.02454546318,-0.09084816624,0.200288694,-0.1996868176,0.0001874763302,0.5997068644,-0.0001592655928,7.283988134e-06,-0.0003176328011
0.3257659586,0,0.5048291891,0,0.1574020795,0,0.9875345996,-1.584795872,0.001701638563,0.003988668495,1.863551721,-0.5423341394,-0.05926341977,-1.503830521,3.356573241e-05,2.381613596e-05,2.248852062,-0.5875059068,3.114397023e-05,0.02377707733,-0.0077322744,-0.0002359030154,0.1146076574,0.2904073886,0.05149048123,0.7145176726,-0.04238101823,-0.02453863161,-0.09083911549,0.2002958872,-0.1996796276,0.0001916265674,0.5997001652,-0.0001627376222,6.872077105e-06,-0.000324815792
0.3277813421,0,0.5048291891,0,0.1574020795,0,0.9875345996,-1.58117093,0.001687974419,0.003983475552,1.866837228,-0.5491997454,-0.05927485079,-1.526443048,3.580255431e-05,2.497814107e-05,2.244482844,-0.5728039294,3.321612256e-05,0.0224961513,-0.007313485341,-0.0002475215275,0.1146168592,0.2904002262,0.05148630019,0.7145012424,-0.04237814208,-0.02453221515,-0.09083132166,0.2003021329,-0.1996735053,0.0001951211861,0.5996944566,-0.0001656455769,6.408697695e-06,-0.0003309053318
0.3297967256,0,0.5048291891,0,0.1574020795,0,0.9875345996,-1.577520455,0.001674253308,0.003978322927,1.870097597,-0.5560655813,-0.0592862374,-1.545065619,3.671618725e-05,2.206139558e-05,2.248973892,-0.5596328237,3.075889909e-05,0.02116344271,-0.006878382416,-0.0002582807713,0.1146342683,0.2903952134,0.05148609456,0.7144733284,-0.04237979586,-0.02452059728,-0.09082494599,0.2003050998,-0.1996696839,0.0002008889449,0.5996829115,-0.0001702535891,1.384498583e-05,-0.000334670139
0.3318121091,0,0.5048291891,0,0.1574020795,0,0.9875345996,-1.573813134,0.001660379177,0.003973199027,1.873298368,-0.5629288454,-0.05929764247,-1.566596898,3.882014267e-05,2.288828518e-05,2.244708221,-0.5447057998,3.253009567e-05,0.01988007105,-0.006458776517,-0.0002687823778,0.1146404016,0.2903906819,0.05148346495,0.7144618791,-0.0423780612,-0.02451575926,-0.09081991665,0.2003090535,-0.1996658801,0.0002031173356,0.599679422,-0.0001721043266,1.339607747e-05,-0.0003384102537
0.3338274926,0,0.5048291891,0,0.1574020795,0,0.9875345996,-1.570065016,0.001646402405,0.00396810674,1.876456823,-0.5697905968,-0.05930903496,-1.587551014,4.092596594e-05,2.359488181e-05,2.240222406,-0.5297309971,3.421151461e-05,0.01860054084,-0.006040347286,-0.0002787542424,0.1146438715,0.2903874078,0.05148131423,0.7144546807,-0.04237650142,-0.02451251367,-0.09081631548,0.200312007,-0.1996631477,0.0002044015209,0.5996778793,-0.0001731935104,1.209316849e-05,-0.0003410678275
0.335842876,0,0.5048291891,0,0.1574020795,0,0.9875345996,-1.566275954,0.001632323298,0.003963044403,1.879572575,-0.5766505978,-0.05932041549,-1.607838487,4.30240468e-05,2.415447154e-05,2.235614433,-0.5147618184,3.576859229e-05,0.01732626426,-0.005623557555,-0.0002882115549,0.1146446757,0.2903853308,0.05147951335,0.7144515021,-0.04237500669,-0.02451068173,-0.09081405989,0.2003141092,-0.1996614095,0.0002046940987,0.5996782874,-0.000173471611,9.810521498e-06,-0.0003427132065
0.3378582595,0,0.5048291891,0,0.1574020795,0,0.9875345996,-1.562447058,0.001618146028,0.00395801105,1.882646629,-0.5835087352,-0.05933178177,-1.627702705,4.513065448e-05,2.470814492e-05,2.230542993,-0.4997098967,3.735377381e-05,0.01605198519,-0.005206806547,-0.0002971408381,0.1146446589,0.2903844152,0.05147827116,0.7144489682,-0.04237398866,-0.02450857135,-0.09081289744,0.2003154512,-0.1996606405,0.0002044045404,0.5996792556,-0.0001732151393,7.707646156e-06,-0.0003433501694
0.339873643,0,0.5048291891,0,0.1574020795,0,0.9875345996,-1.558566518,0.001603835886,0.003952997313,1.88566545,-0.5903634103,-0.05934316112,-1.649882754,4.863999319e-05,2.874348499e-05,2.217647941,-0.4833804146,4.295913902e-05,0.01491122192,-0.004832900797,-0.0003061353043,0.1146307132,0.2903821663,0.05146962078,0.7144583319,-0.04236510541,-0.02450834332,-0.09081080276,0.2003234662,-0.1996573953,0.0001980392145,0.5996890768,-0.0001677067466,-7.420601873e-06,-0.0003462008738
0.3418890265,0,0.5048291891,0,0.1574020795,0,0.9875345996,-1.554658537,0.001589466498,0.003948016958,1.88865599,-0.5972171127,-0.05935449884,-1.668443775,5.065943307e-05,2.898513233e-05,2.212827771,-0.468419684,4.425215314e-05,0.01365968885,-0.004423616621,-0.000314244671,0.114628908,0.2903826815,0.05146797366,0.7144550577,-0.04236371608,-0.02450415896,-0.09081078983,0.2003252043,-0.1996575545,0.0001961559236,0.5996907525,-0.0001659204114,-1.031656578e-05,-0.0003457950777
0.34390441,0,0.5048291891,0,0.1574020795,0,0.9875345996,-1.550711399,0.001575003161,0.003943061084,1.891604854,-0.6040682932,-0.05936582191,-1.686570469,5.266395161e-05,2.920400082e-05,2.207681703,-0.4534363925,4.554099907e-05,0.0124081552,-0.004014384818,-0.0003219039221,0.1146267443,0.2903841309,0.05146675093,0.7144515541,-0.0423627303,-0.02449931317,-0.09081159562,0.2003264606,-0.1996584782,0.0001938272983,0.5996925447,-0.0001637008232,-1.287400007e-05,-0.0003445945383
0.3459197935,0,0.5048291891,0,0.1574020795,0,0.9875345996,-1.546725249,0.001560447045,0.003938128151,1.894511947,-0.6109167108,-0.05937713032,-1.704328483,5.482223143e-05,2.977518699e-05,2.200913434,-0.4383646628,4.724999907e-05,0.01115662206,-0.003605206027,-0.0003291130392,0.1146242209,0.2903865145,0.05146595269,0.7144478245,-0.04236214793,-0.0244938081,-0.09081322042,0.200327237,-0.1996601662,0.0001910535907,0.5996944486,-0.0001610478713,-1.509004998e-05,-0.0003425997562
0.347935177,0,0.5048291891,0,0.1574020795,0,0.9875345996,-1.542700237,0.001545799336,0.003933216614,1.897377171,-0.6177621182,-0.05938842409,-1.721622508,5.699719784e-05,3.039816336e-05,2.193529381,-0.4233001787,4.903318244e-05,0.009905090511,-0.003196080887,-0.0003358720085,0.1146213364,0.2903898323,0.05146557904,0.7144438723,-0.04236196884,-0.02448764585,-0.09081566451,0.2003275356,-0.199662618,0.0001878350506,0.599696459,-0.0001579614384,-1.696181888e-05,-0.0003398112375
0.3499505605,0,0.5048291891,0,0.1574020795,0,0.9875345996,-1.538636516,0.001531061239,0.00392832492,1.900200426,-0.6246042626,-0.05939970324,-1.738433872,5.91605305e-05,3.10176343e-05,2.185729342,-0.4082715379,5.082358309e-05,0.008653561645,-0.002787010033,-0.0003421808208,0.1146180894,0.2903940845,0.05146563011,0.7144397008,-0.04236219292,-0.02448082846,-0.09081892817,0.2003273586,-0.1996658334,0.0001841719245,0.5996985709,-0.0001544414001,-1.848636893e-05,-0.0003362294928
0.3519659439,0,0.5048291891,0,0.1574020795,0,0.9875345996,-1.534529118,0.001516220245,0.003923448064,1.902975571,-0.6314420018,-0.05941097676,-1.754814773,6.139001421e-05,3.180515776e-05,2.177263334,-0.3932262403,5.282211352e-05,0.00735045148,-0.002360493643,-0.0003468848046,0.114603632,0.2904038148,0.05147217338,0.7144672061,-0.04236665677,-0.02449235073,-0.09082992586,0.200317622,-0.1996748165,0.000179677742,0.5997085472,-0.0001509592848,-1.898975994e-05,-0.0003273400439
0.3539813274,0,0.5048291891,0,0.1574020795,0,0.9875345996,-1.530383329,0.001501291414,0.003918587935,1.905708546,-0.63827596,-0.05942223565,-1.770682835,6.360460526e-05,3.259342784e-05,2.168388486,-0.3782533154,5.482425593e-05,0.006047249648,-0.001933966908,-0.0003510725411,0.1145880839,0.290414703,0.05147930736,0.7144961144,-0.04237158039,-0.02450407888,-0.09084207467,0.2003070673,-0.1996847718,0.0001746016338,0.5997191804,-0.0001469589406,-1.934680823e-05,-0.0003174577717
0.3559967109,0,0.5048291891,0,0.1574020795,0,0.9875345996,-1.526157791,0.001486166301,0.00391371642,1.908350883,-0.6450993099,-0.05943354921,-1.78757573,6.792129068e-05,3.74857106e-05,2.150551472,-0.3631787022,6.159126149e-05,0.005419706183,-0.001725813472,-0.0003594497238,0.1145471612,0.2904086544,0.05145505404,0.7145314907,-0.04234632437,-0.0245115699,-0.0908381637,0.2003313303,-0.1996753355,0.0001568080997,0.5997373171,-0.0001311200987,-5.312586308e-05,-0.0003265599834
0.3580120944,0,0.5048291891,0,0.1574020795,0,0.9875345996,-1.521932208,0.001471058117,0.003908882921,1.910994847,-0.6519240511,-0.0594447815,-1.801984857,6.995279517e-05,3.795408538e-05,2.142201278,-0.3485280716,6.321487756e-05,0.00407425729,-0.001285651596,-0.0003616246672,0.1145284173,0.2904248176,0.05146635168,0.714567194,-0.04235474171,-0.02452556594,-0.09085569958,0.2003151211,-0.1996900675,0.0001503215062,0.5997510794,-0.000125968366,-5.152330911e-05,-0.0003118253303
0.3600274779,0,0.5048291891,0,0.1574020795,0,0.9875345996,-1.517669615,0.001455868115,0.003904061813,1.913597328,-0.6587443137,-0.05945599828,-1.815926883,7.194630721e-05,3.840734217e-05,2.133574488,-0.3339686019,6.481070467e-05,0.002728811744,-0.0008455185685,-0.0003633772946,0.1145089511,0.2904418882,0.05147809718,0.7146036616,-0.04236352271,-0.02453952797,-0.09087410667,0.2002983475,-0.1997055486,0.0001433901441,0.5997651761,-0.0001204080069,-4.970706156e-05,-0.0002963269781
0.3620428614,0,0.5048291891,0,0.1574020795,0,0.9875345996,-1.513370197,0.001440597576,0.003899251559,1.916158225,-0.665559812,-0.05946719957,-1.829434867,7.398342635e-05,3.901551689e-05,2.124023151,-0.3194710409,6.65724087e-05,0.001383368426,-0.0004054156035,-0.0003647075335,0.1144887718,0.2904598678,0.05149029128,0.714640888,-0.04237266816,-0.02455345911,-0.09089338658,0.2002810017,-0.1997217771,0.0001360146306,0.5997796113,-0.0001144396272,-4.767381666e-05,-0.0002800664046
0.3640582449,0,0.5048291891,0,0.1574020795,0,0.9875345996,-1.509034144,0.001425247801,0.003894450625,1.918677437,-0.6723702554,-0.05947838539,-1.842495996,7.610726633e-05,3.987467028e-05,2.113121337,-0.3050327739,6.860575384e-05,3.792621846e-05,3.465608631e-05,-0.0003656153131,0.1144678885,0.2904787579,0.05150293473,0.7146788672,-0.04238217882,-0.02456736243,-0.09091354089,0.2002630763,-0.1997387514,0.0001281955853,0.5997943894,-0.0001080638345,-4.542027518e-05,-0.0002630450933
0.3660736284,0,0.5048291891,0,0.1574020795,0,0.9875345996,-1.504661652,0.001409820111,0.003889657474,1.921154864,-0.6791753479,-0.05948955577,-1.855055117,7.818733463e-05,4.072729114e-05,2.10186071,-0.2907189689,7.060823435e-05,-0.001307515998,0.0004746952876,-0.0003661005647,0.1144463105,0.2904985601,0.05151602829,0.7147175936,-0.04239205549,-0.02458124105,-0.0909345712,0.2002445636,-0.1997564699,0.0001199336294,0.5998095146,-0.0001012812385,-4.294314242e-05,-0.0002452645336
0.3680890119,0,0.5048291891,0,0.1574020795,0,0.9875345996,-1.500252921,0.001394315845,0.003884870568,1.923590405,-0.6859747886,-0.05950071074,-1.867114259,8.022084029e-05,4.157392261e-05,2.09024841,-0.2765348543,7.257681474e-05,-0.002652959341,0.0009147007873,-0.0003661632217,0.1144240469,0.2905192759,0.0515295727,0.7147570613,-0.04240229893,-0.02459509803,-0.09095647907,0.200225456,-0.1997749308,0.0001112293866,0.599824991,-9.409245035e-05,-4.023912827e-05,-0.0002267262212
0.3701043953,0,0.5048291891,0,0.1574020795,0,0.9875345996,-1.495654547,0.001378375044,0.003880031257,1.925803013,-0.6927415093,-0.05951197381,-1.8778939,8.432237655e-05,4.649999261e-05,2.069365567,-0.2638529586,7.907784021e-05,-0.00276422169,0.000954056199,-0.0003630568848,0.1143580837,0.2905346337,0.05151606004,0.714833146,-0.04238477041,-0.0246167017,-0.09097598273,0.2002315444,-0.1997830512,8.197806679e-05,0.5998603496,-6.815572561e-05,-7.219674033e-05,-0.0002176234206
0.3721197788,0,0.5048291891,0,0.1574020795,0,0.9875345996,-1.491181026,0.001362741156,0.003875253313,1.92816222,-0.699529353,-0.05952308978,-1.88873877,8.601778966e-05,4.684514024e-05,2.05900096,-0.2498981587,8.041461933e-05,-0.004246832226,0.001438486707,-0.0003613791537,0.1143364176,0.2905607099,0.05153499752,0.7148737406,-0.04239998497,-0.02463020351,-0.09100285169,0.200206256,-0.1998066319,7.315634041e-05,0.5998763765,-6.090203327e-05,-6.507680021e-05,-0.0001939549613
0.3741351623,0,0.5048291891,0,0.1574020795,0,0.9875345996,-1.486674447,0.001347040343,0.00387047809,1.930482317,-0.7063111355,-0.05953418906,-1.899194623,8.766153552e-05,4.719204843e-05,2.048308101,-0.2360500802,8.17207814e-05,-0.005729437556,0.001922883024,-0.0003595785506,0.1143147903,0.2905869958,0.05155402965,0.7149141585,-0.04241529024,-0.02464355607,-0.0910298921,0.2001808866,-0.1998303482,6.426196832e-05,0.599892257,-5.356671472e-05,-5.774089984e-05,-0.0001701535985
0.3761505458,0,0.5048291891,0,0.1574020795,0,0.9875345996,-1.482135015,0.001331273884,0.003865704163,1.932763215,-0.7130865617,-0.05954527168,-1.909286095,8.944597503e-05,4.798937718e-05,2.035246764,-0.2222316793,8.349866308e-05,-0.007212039725,0.002407244378,-0.0003576550628,0.1142932169,0.2906134933,0.05157315731,0.7149543886,-0.04243068751,-0.02465676305,-0.09105710625,0.2001554238,-0.1998541983,5.529533741e-05,0.5999079991,-4.6150555e-05,-5.01849511e-05,-0.0001462214262
0.3781659293,0,0.5048291891,0,0.1574020795,0,0.9875345996,-1.477562942,0.001315443076,0.003860930107,1.935004824,-0.7198553332,-0.0595563377,-1.918922289,9.115638713e-05,4.87631011e-05,2.021863923,-0.2085486002,8.520540745e-05,-0.008694640779,0.002891570001,-0.0003556086853,0.1142717122,0.290640204,0.05159238133,0.7149944203,-0.04244617811,-0.02466982811,-0.09108449641,0.2001298554,-0.1998781802,4.625683626e-05,0.599923611,-3.865433994e-05,-4.240487137e-05,-0.000122160549
0.3801813128,0,0.5048291891,0,0.1574020795,0,0.9875345996,-1.472666043,0.001298911055,0.003856114793,1.936861758,-0.7265647872,-0.05956743005,-1.925136303,9.365520672e-05,5.199407425e-05,1.998163736,-0.1977239111,8.922038299e-05,-0.008393531157,0.002793850804,-0.0003362065963,0.1142103062,0.2906833095,0.05160786253,0.7150790306,-0.04245536544,-0.02469346175,-0.09113047317,0.2001023334,-0.1999127099,1.744543227e-05,0.5999598482,-1.322799458e-05,-4.782129563e-05,-8.671006468e-05
0.3821966963,0,0.5048291891,0,0.1574020795,0,0.9875345996,-1.468090935,0.001283093295,0.003851341769,1.939096337,-0.7333294204,-0.05957845156,-1.934391781,9.503724489e-05,5.2160473e-05,1.986485922,-0.18368828,9.024482442e-05,-0.01032209189,0.003423562278,-0.0003371128326,0.1141970502,0.2907088214,0.05162942071,0.7151092042,-0.04247361677,-0.02470321844,-0.0911558941,0.2000754982,-0.1999363868,1.197739003e-05,0.5999710734,-8.93494304e-06,-3.583254887e-05,-6.312902174e-05
0.3842120798,0,0.5048291891,0,0.1574020795,0,0.9875345996,-1.463491559,0.001267229949,0.003846567068,1.941301035,-0.7400884284,-0.05958945709,-1.943349809,9.631368988e-05,5.226628865e-05,1.974609891,-0.1697545218,9.115251903e-05,-0.01225063745,0.004053261469,-0.0003386359284,0.1141851932,0.2907329438,0.05165029278,0.715137971,-0.04249131835,-0.02471308549,-0.09117998245,0.2000495065,-0.1999588276,7.247629661e-06,0.5999814986,-5.298790668e-06,-2.386668512e-05,-4.081586549e-05
0.3862274633,0,0.5048291891,0,0.1574020795,0,0.9875345996,-1.458602379,0.00125077347,0.00384181853,1.943163241,-0.7467947627,-0.05960032223,-1.949073566,9.657697129e-05,5.150599347e-05,1.954000757,-0.1584011671,9.057195556e-05,-0.01272716856,0.004207200322,-0.0003208416192,0.1141657441,0.2907770179,0.05168997723,0.7151912173,-0.04252507717,-0.02473315255,-0.09122416615,0.2,-0.2,-3.393148626e-18,0.6,3.538739384e-18,2.660239551e-18,-3.916519505e-18
0.3882428467,0,0.5048291891,0,0.1574020795,0,0.9875345996,-1.454220677,0.001235370321,0.003837008271,1.945620583,-0.7535886903,-0.05961142055,-1.960374865,9.851373397e-05,5.227916072e-05,1.95028081,-0.1422045954,9.257778529e-05,-0.01610770089,0.005312635265,-0.000343533811,0.1141657441,0.2907770179,0.05168997723,0.7151912173,-0.04252507717,-0.02473315255,-0.09122416615,0.2,-0.2,0,0.6,0,0,0
0.3917717721,0,0.5048291891,0,0.1574020795,0,0.9875345996,-1.447312397,0.001214041802,0.003829801092,1.949225183,-0.7559703165,-0.05962429522,-1.954530019,9.770052999e-05,5.211838298e-05,1.945092021,-0.1486749711,9.147613678e-05,-0.01967973857,0.006471907452,-0.0002216656471,0.1141657441,0.2907770179,0.05168997723,0.7151912173,-0.04252507717,-0.02473315255,-0.09122416615,0.2,-0.2,0,0.6,0,0,0
0.3953006974,0,0.5048291891,0,0.1574020795,0,0.9875345996,-1.440404117,0.001192713282,0.003822593913,1.952829783,-0.7583519427,-0.05963716988,-1.948685173,9.6887326e-05,5.195760525e-05,1.939903232,-0.1551453468,9.037448827e-05,-0.02325177624,0.007631179639,-9.979748323e-05,0.1141657441,0.2907770179,0.05168997723,0.7151912173,-0.04252507717,-0.02473315255,-0.09122416615,0.2,-0.2,0,0.6,0,0,0
0.3988296228,0,0.5048291891,0,0.1574020795,0,0.9875345996,-1.433495838,0.001171384763,0.003815386735,1.956434383,-0.7607335688,-0.05965004455,-1.942840327,9.607412202e-05,5.179682751e-05,1.934714443,-0.1616157225,8.927283975e-05,-0.02682381392,0.008790451827,2.207068064e-05,0.1141657441,0.2907770179,0.05168997723,0.7151912173,-0.04252507717,-0.02473315255,-0.09122416615,0.2,-0.2,0,0.6,0,0,0
0.4023585481,0,0.5048291891,0,0.1574020795,0,0.9875345996,-1.426587558,0.001150056243,0.003808179556,1.960038983,-0.763115195,-0.05966291922,-1.936995481,9.526091804e-05,5.163604978e-05,1.929525654,-0.1680860982,8.817119124e-05,-0.03039585159,0.009949724014,0.0001439388445,0.1141657441,0.2907770179,0.05168997723,0.7151912173,-0.04252507717,-0.02473315255,-0.09122416615,0.2,-0.2,0,0.6,0,0,0
0.4058874734,0,0.5048291891,0,0.1574020795,0,0.9875345996,-1.419679278,0.001128727724,0.003800972377,1.963643584,-0.7654968212,-0.05967579388,-1.931150635,9.444771405e-05,5.147527205e-05,1.924336865,-0.1745564739,8.706954273e-05,-0.03396788927,0.0111089962,0.0002658070084,0.1141657441,0.2907770179,0.05168997723,0.7151912173,-0.04252507717,-0.02473315255,-0.09122416615,0.2,-0.2,0,0.6,0,0,0
0.4094163988,0,0.5048291891,0,0.1574020795,0,0.9875345996,-1.412770999,0.001107399204,0.003793765198,1.967248184,-0.7678784474,-0.05968866855,-1.925305789,9.363451007e-05,5.131449431e-05,1.919148076,-0.1810268496,8.596789421e-05,-0.03753992694,0.01226826839,0.0003876751723,0.1141657441,0.2907770179,0.05168997723,0.7151912173,-0.04252507717,-0.02473315255,-0.09122416615,0.2,-0.2,0,0.6,0,0,0
0.4129453241,0,0.5048291891,0,0.1574020795,0,0.9875345996,-1.405862719,0.001086070685,0.003786558019,1.970852784,-0.7702600736,-0.05970154322,-1.919460943,9.282130609e-05,5.115371658e-05,1.913959286,-0.1874972253,8.48662457e-05,-0.04111196462,0.01342754058,0.0005095433361,0.1141657441,0.2907770179,0.05168997723,0.7151912173,-0.04252507717,-0.02473315255,-0.09122416615,0.2,-0.2,0,0.6,0,0,0
0.4164742495,0,0.5048291891,0,0.1574020795,0,0.9875345996,-1.409582333,0.001112306069,0.003792870534,1.986274747,-0.7738433196,-0.05971045074,-1.913053779,8.940002075e-05,5.046881364e-05,1.913271126,-0.1989894956,8.144084584e-05,-0.04465021303,0.01465485006,0.0001250663256,0.1151764247,0.2896867071,0.05115065422,0.7141300966,-0.04209042585,-0.02477630048,-0.09017042002,0.2007202922,-0.1990485024,0.0005721392016,0.5993549856,-0.0005069688811,-5.956259936e-05,-0.00097184109
0.4200031748,0,0.5048291891,0,0.1574020795,0,0.9875345996,-1.403683622,0.001095423301,0.003787141904,1.99106051,-0.7763973272,-0.05972308527,-1.907157756,8.836692029e-05,5.027198686e-05,1.908527083,-0.2059519069,8.015594797e-05,-0.04821858823,0.01582165286,0.0001972098383,0.1152727472,0.2895784264,0.05109695071,0.7140244333,-0.04204733113,-0.02477631662,-0.09006546315,0.2007937371,-0.1989559786,0.0006278960415,0.5992929033,-0.0005565550365,-6.930972747e-05,-0.001066345452
0.4235321002,0,0.5048291891,0,0.1574020795,0,0.9875345996,-1.397715281,0.00107821701,0.003781358274,1.995778884,-0.7789534342,-0.0597357671,-1.901265728,8.735420619e-05,5.008039688e-05,1.903756703,-0.2128842552,7.889116691e-05,-0.05178710694,0.01698819328,0.0002723690594,0.1153625547,0.2894764445,0.05104633866,0.7139248431,-0.04200675999,-0.02477536075,-0.08996654218,0.2008633437,-0.1988692826,0.0006801693735,0.5992348753,-0.0006030847214,-7.935429343e-05,-0.001154898287
0.4270610255,0,0.5048291891,0,0.1574020795,0,0.9875345996,-1.391677732,0.001060690343,0.003775517202,2.00042943,-0.7815107829,-0.05974849347,-1.895377623,8.63610714e-05,4.989370615e-05,1.898959941,-0.2197865658,7.764554731e-05,-0.05535577478,0.01815445754,0.0003505440701,0.115445894,0.289380783,0.05099883101,0.7138313496,-0.04196872001,-0.02477350029,-0.08987368302,0.2009290668,-0.1987884011,0.0007289652493,0.5991808814,-0.0006465603438,-8.963224062e-05,-0.001237513193
0.4305899508,0,0.5048291891,0,0.1574020795,0,0.9875345996,-1.385571417,0.001042846526,0.003769616231,2.005011721,-0.7840685127,-0.05976126168,-1.88949337,8.538675586e-05,4.971159484e-05,1.894136751,-0.2266588625,7.641818266e-05,-0.05892459737,0.01932043185,0.0004317349276,0.1155228119,0.2892914634,0.05095444057,0.7137439763,-0.04193321865,-0.02477080289,-0.08978691127,0.2009908617,-0.1987133205,0.0007742898654,0.5991309012,-0.0006869844399,-0.0001000795804,-0.001314204017
0.4341188762,0,0.5048291891,0,0.1574020795,0,0.9875345996,-1.379396796,0.001024688861,0.003763652896,2.009525348,-0.7866257596,-0.05977406904,-1.883612897,8.44305435e-05,4.953375992e-05,1.889287089,-0.2335011685,7.520821229e-05,-0.06249358033,0.02048610241,0.0005159416656,0.1155933554,0.2892085065,0.05091318002,0.7136627468,-0.04190026321,-0.02476733637,-0.08970625227,0.2010486836,-0.1986440271,0.0008161495626,0.5990849144,-0.0007243596742,-0.0001106323952,-0.001384984849
0.4376478015,0,0.5048291891,0,0.1574020795,0,0.9875345996,-1.373154346,0.001006220732,0.003757624725,2.013969913,-0.7891816561,-0.05978691292,-1.877736137,8.349175964e-05,4.935991431e-05,1.884410909,-0.2403135058,7.401481857e-05,-0.06606272928,0.02165145541,0.000603164294,0.1156575719,0.2891319332,0.0508750619,0.7135876848,-0.04186986087,-0.02476316876,-0.08963173107,0.201102488,-0.1985805068,0.000854550826,0.5990429005,-0.0007586888397,-0.0001212268421,-0.001449870021
0.4411767269,0,0.5048291891,0,0.1574020795,0,0.9875345996,-1.366844564,0.0009874455937,0.003751529236,2.018345036,-0.7917353316,-0.05979979072,-1.87186302,8.25697685e-05,4.918978599e-05,1.879508166,-0.2470958957,7.283722428e-05,-0.06963204983,0.02281647704,0.0006934027987,0.1157155085,0.2890617639,0.05084009861,0.7135188139,-0.04184201867,-0.02475836825,-0.08956337242,0.2011522305,-0.1985227454,0.0008895002841,0.5990048389,-0.0007899748576,-0.0001317991556,-0.001508874111
0.4447056522,0,0.5048291891,0,0.1574020795,0,0.9875345996,-1.360467964,0.0009683669807,0.003745363942,2.022650353,-0.7942859117,-0.05981269989,-1.865993479,8.166397082e-05,4.902311725e-05,1.874578817,-0.2538483585,7.167469016e-05,-0.07320154758,0.0239811535,0.000786657142,0.115767213,0.2889980187,0.05080830241,0.7134561576,-0.04181674351,-0.02475300324,-0.0895012008,0.2011978667,-0.1984707283,0.0009210047091,0.5989707092,-0.0008182207779,-0.0001422856512,-0.00156201194
0.4482345776,0,0.5048291891,0,0.1574020795,0,0.9875345996,-1.354025081,0.0009489885008,0.00373912635,2.026885512,-0.796832519,-0.05982563792,-1.860127447,8.077380175e-05,4.885966392e-05,1.869622815,-0.2605709138,7.052651262e-05,-0.07677122813,0.02514547098,0.0008829272624,0.1158127328,0.2889407175,0.05077968544,0.7133997397,-0.04179404217,-0.02474714226,-0.08944524038,0.2012393526,-0.1984244407,0.0009490710163,0.5989404906,-0.0008434297788,-0.0001526227284,-0.001609298572
0.4517635029,0,0.5048291891,0,0.1574020795,0,0.9875345996,-1.347516467,0.000929313836,0.003732813966,2.031050178,-0.7993742722,-0.05983860234,-1.85426486,7.989872882e-05,4.869919472e-05,1.864640118,-0.2672635801,6.939202158e-05,-0.08034109709,0.02630941565,0.0009822130745,0.1158521158,0.2888898799,0.05075425967,0.7133495838,-0.04177392125,-0.02474085408,-0.08939551507,0.2012766441,-0.1983838677,0.0009737062635,0.5989141624,-0.0008656051673,-0.000162746874,-0.001650749314
0.4552924282,0,0.5048291891,0,0.1574020795,0,0.9875345996,-1.34094269,0.0009093467419,0.00372642429,2.035144028,-0.8019102864,-0.05985159072,-1.848405652,7.903825004e-05,4.854149056e-05,1.85963068,-0.2739263753,6.827057848e-05,-0.08391116004,0.02747297371,0.001084514469,0.1158854099,0.288845525,0.05073203696,0.7133057134,-0.04175638728,-0.02473420758,-0.08935204848,0.2013096975,-0.1983489939,0.000994917651,0.5988917039,-0.0008847503791,-0.0001725946652,-0.001686379715
0.4588213536,0,0.5048291891,0,0.1574020795,0,0.9875345996,-1.334304342,0.0008890910466,0.003719954824,2.039166759,-0.8044396735,-0.05986460069,-1.842549761,7.819189215e-05,4.83863439e-05,1.854594457,-0.2805593164,6.716157441e-05,-0.08748142256,0.02863613134,0.001189831313,0.1159126633,0.2888076719,0.05071302903,0.7132681522,-0.04174144659,-0.02472727184,-0.08931486392,0.201338469,-0.1983198039,0.001012712521,0.5988730943,-0.0009008689783,-0.0001821027732,-0.001716205566
0.4623502789,0,0.5048291891,0,0.1574020795,0,0.9875345996,-1.327602028,0.0008685506498,0.003713403067,2.043118077,-0.8069615412,-0.05987762991,-1.836697123,7.735920901e-05,4.823355824e-05,1.849531406,-0.2871624198,6.606442832e-05,-0.09105189024,0.02979887472,0.001298163448,0.1159339241,0.2887763393,0.05069724745,0.7132369239,-0.04172910541,-0.0247201161,-0.08928398442,0.2013629152,-0.1982962818,0.001027098358,0.5988583126,-0.0009139646581,-0.0001912079657,-0.001740242902
0.4658792043,0,0.5048291891,0,0.1574020795,0,0.9875345996,-1.320836375,0.0008477295221,0.003706766521,2.046997706,-0.8094749939,-0.05989067609,-1.830847677,7.653978002e-05,4.808294751e-05,1.844441482,-0.2937357009,6.49785854e-05,-0.09462256866,0.03096119004,0.001409510695,0.1159492408,0.2887515454,0.05068470365,0.713212052,-0.04171936982,-0.02471280975,-0.08925943272,0.2013829926,-0.1982784116,0.001038082786,0.5988473381,-0.00092404124,-0.0001998471108,-0.001758507996
0.4694081296,0,0.5048291891,0,0.1574020795,0,0.9875345996,-1.314008027,0.0008266317044,0.00370004269,2.050805384,-0.811979132,-0.059903737,-1.825001361,7.573320873e-05,4.793433554e-05,1.839324642,-0.3002791745,6.390351556e-05,-0.09819346339,0.03212306348,0.001523872848,0.1159586619,0.2887333083,0.05067540893,0.7131935602,-0.04171224578,-0.02470542234,-0.08924123128,0.2013986579,-0.1982661771,0.001045673573,0.5988401496,-0.0009311026747,-0.0002079571796,-0.001771017366
0.4729370549,0,0.5048291891,0,0.1574020795,0,0.9875345996,-1.307117647,0.0008052613068,0.003693229081,2.054540864,-0.8144730521,-0.05991681044,-1.819158116,7.493912151e-05,4.778755564e-05,1.834180842,-0.3067928548,6.28387119e-05,-0.10176458,0.03328448122,0.001641249678,0.115962236,0.2887216457,0.05066937444,0.713181472,-0.04170773909,-0.02469802359,-0.08922940224,0.2014098682,-0.1982595617,0.001049878624,0.5988367263,-0.0009351530414,-0.00021547525,-0.001777787769
0.4764659803,0,0.5048291891,0,0.1574020795,0,0.9875345996,-1.300165916,0.0007836225076,0.003686323207,2.058203912,-0.8169558471,-0.05992989425,-1.813317882,7.415716626e-05,4.764245006e-05,1.829010039,-0.3132767552,6.178368944e-05,-0.105335924,0.03444542947,0.001761640932,0.115960012,0.2887165752,0.0506666112,0.7131758109,-0.04170585544,-0.02469068334,-0.08922396747,0.2014165804,-0.1982585487,0.001050705986,0.5988370471,-0.0009361965482,-0.0002223385093,-0.001778836202
0.4799949056,0,0.5048291891,0,0.1574020795,0,0.9875345996,-1.293153535,0.0007617195531,0.003679322584,2.061794311,-0.8194266056,-0.05994298635,-1.807480601,7.33870113e-05,4.749886962e-05,1.82381219,-0.3197308884,6.073798382e-05,-0.108907501,0.03560589439,0.001885046332,0.1159520389,0.2887181139,0.05066713007,0.7131766005,-0.04170660035,-0.0246834716,-0.08922494856,0.2014187518,-0.198263121,0.001048163847,0.5988410909,-0.0009342375319,-0.0002284842577,-0.001774179902
0.483523831,0,0.5048291891,0,0.1574020795,0,0.9875345996,-1.286081222,0.0007395567561,0.003672224739,2.065311857,-0.8218844126,-0.05995608468,-1.801646215,7.262834424e-05,4.735667327e-05,1.818587252,-0.3261552666,5.970115006e-05,-0.1124793166,0.0367658622,0.002011465579,0.1159383658,0.2887262785,0.05067094179,0.7131838644,-0.04170997925,-0.0246764585,-0.08923236677,0.2014163398,-0.1982732615,0.001042260532,0.5988488367,-0.0009292804584,-0.0002338499115,-0.001763836347
0.4870527563,0,0.5048291891,0,0.1574020795,0,0.9875345996,-1.278949714,0.0007171384956,0.003665027205,2.068756359,-0.8243283488,-0.05996918725,-1.795814667,7.188087096e-05,4.72157277e-05,1.813335182,-0.3325499012,5.867276151e-05,-0.1160513762,0.03792531909,0.002140898345,0.1159190419,0.2887410857,0.05067805695,0.7131976259,-0.04171599738,-0.02466971434,-0.08924624309,0.2014093017,-0.1982889526,0.001033004505,0.5988602633,-0.0009213299222,-0.0002383730061,-0.001747823254
0.4905816817,0,0.5048291891,0,0.1574020795,0,0.9875345996,-1.271759766,0.0006944692154,0.003657727524,2.072127644,-0.8267574909,-0.05998229211,-1.789985901,7.11443147e-05,4.707590703e-05,1.808055938,-0.3389148032,5.765240874e-05,-0.1196236855,0.03908425124,0.002273344283,0.1158941167,0.2887625517,0.050688486,0.7132179085,-0.0417246599,-0.02466330953,-0.08926659822,0.2013975954,-0.1983101766,0.001020404372,0.5988753496,-0.0009103906466,-0.0002419911992,-0.001726158579
0.494110607,0,0.5048291891,0,0.1574020795,0,0.9875345996,-1.264512153,0.0006715534237,0.00365032325,2.075425549,-0.8291709116,-0.05999539736,-1.784159862,7.041841511e-05,4.693709239e-05,1.802749476,-0.3452499829,5.663969855e-05,-0.1231962499,0.04024264488,0.002408803018,0.1158636396,0.2887906924,0.05070223924,0.7132447357,-0.04173597179,-0.02465731461,-0.08929345256,0.2013811785,-0.1983369154,0.001004468873,0.5988940744,-0.0008964674839,-0.0002446422741,-0.001698860515
0.4976395323,0,0.5048291891,0,0.1574020795,0,0.9875345996,-1.257207667,0.000648395692,0.003642811948,2.078649929,-0.8315676789,-0.06000850116,-1.778336495,6.970292745e-05,4.679917169e-05,1.797415756,-0.35155545,5.563425308e-05,-0.126769075,0.04140048621,0.002547274153,0.1158276603,0.2888255235,0.05071932683,0.7132781307,-0.04174993792,-0.02465180027,-0.08932682621,0.2013600091,-0.198369151,0.0009852068877,0.5989164166,-0.0008795654151,-0.0002462641428,-0.001665947495
0.5011684577,0,0.5048291891,0,0.1574020795,0,0.9875345996,-1.24984712,0.0006250006544,0.003635191197,2.081800652,-0.8339468571,-0.06002160172,-1.772515746,6.899762182e-05,4.666203926e-05,1.792054734,-0.3578312138,5.463570888e-05,-0.1303421663,0.04255776145,0.002688757264,0.1157862287,0.2888670602,0.0507397588,0.713318117,-0.04176656301,-0.0246468373,-0.08936673898,0.2013340453,-0.1984068647,0.0009626274334,0.5989423548,-0.00085968955,-0.000246794849,-0.001627438188
0.504697383,0,0.5048291891,0,0.1574020795,0,0.9875345996,-1.24243134,0.0006013730066,0.00362745859,2.084877598,-0.8363075058,-0.06003469731,-1.766697563,6.830228238e-05,4.652559557e-05,1.78666637,-0.3640772829,5.364371609e-05,-0.1339155293,0.0437144568,0.002833251908,0.1157393948,0.2889153175,0.05076354501,0.7133647177,-0.04178585165,-0.02464249663,-0.08941321039,0.2013032454,-0.1984500379,0.0009367396638,0.598971868,-0.0008368451272,-0.0002461725713,-0.001583351503
0.5082263084,0,0.5048291891,0,0.1574020795,0,0.9875345996,-1.234961178,0.000577517505,0.003619611733,2.087880664,-0.8386486803,-0.06004778623,-1.760881892,6.76167067e-05,4.638974702e-05,1.781250621,-0.3702936655,5.265793771e-05,-0.1374891695,0.04487055852,0.002980757611,0.1156872086,0.2889703103,0.0507906952,0.7134179562,-0.0418078083,-0.0246388493,-0.08946625966,0.2012675676,-0.1984986517,0.0009075528692,0.5990049349,-0.000811037514,-0.0002443356267,-0.001533706583
0.5117552337,0,0.5048291891,0,0.1574020795,0,0.9875345996,-1.227437499,0.0005534389659,0.003611648252,2.09080976,-0.8409694314,-0.06006086687,-1.755068681,6.694070512e-05,4.625440564e-05,1.775807447,-0.3764803693,5.16780488e-05,-0.1410630924,0.04602605282,0.00313127388,0.1156297204,0.2890320528,0.05082121896,0.7134778556,-0.04183243728,-0.02463596645,-0.0895259057,0.2012269707,-0.1985526868,0.000875076476,0.5990415342,-0.0007822722065,-0.0002412224732,-0.001478522808
0.515284159,0,0.5048291891,0,0.1574020795,0,0.9875345996,-1.219861188,0.0005291422648,0.003603565789,2.093664809,-0.8432688054,-0.06007393765,-1.749257881,6.627410012e-05,4.611948886e-05,1.770336805,-0.3826374015,5.070373582e-05,-0.1446373036,0.04718092595,0.003284800196,0.1155669806,0.2891005593,0.05085512572,0.713544439,-0.04185974277,-0.02463391935,-0.08959216715,0.2011814132,-0.1986121239,0.0008393200463,0.5990816448,-0.0007505548295,-0.0002367717131,-0.001417819794
0.5188130844,0,0.5048291891,0,0.1574020795,0,0.9875345996,-1.212233151,0.000504632335,0.003595362003,2.096445749,-0.8455458441,-0.06008699706,-1.743449439,6.561672578e-05,4.598491933e-05,1.764838656,-0.3887647688,4.973469596e-05,-0.1482118085,0.04833516416,0.003441336014,0.1154990396,0.2891758434,0.05089242479,0.7136177294,-0.04188972883,-0.02463277938,-0.08966506233,0.2011308542,-0.1986769432,0.0008002932775,0.5991252453,-0.0007158911363,-0.0002309220965,-0.001351617394
0.5223420097,0,0.5048291891,0,0.1574020795,0,0.9875345996,-1.20455431,0.0004799141673,0.003587034577,2.099152532,-0.8477995843,-0.06010004364,-1.737643307,6.496842722e-05,4.58506247e-05,1.759312959,-0.3948624776,4.877063655e-05,-0.1517866125,0.0494887537,0.003600880767,0.1154259483,0.2892579187,0.05093312532,0.71369775,-0.04192239937,-0.024632618,-0.08974460928,0.2010752526,-0.1987471248,0.0007580060015,0.5991723147,-0.000678287009,-0.0002236125237,-0.001279935694
0.5258709351,0,0.5048291891,0,0.1574020795,0,0.9875345996,-1.196825605,0.0004549928086,0.003578581211,2.101785122,-0.8500290585,-0.060113076,-1.731839435,6.432906015e-05,4.57165374e-05,1.753759673,-0.4009305337,4.781127444e-05,-0.1553617213,0.05064168086,0.003763433862,0.1153477572,0.2893467983,0.05097723631,0.7137845235,-0.04195775817,-0.02463350679,-0.08983082572,0.2010145675,-0.1988226487,0.0007124681849,0.5992228316,-0.0006377484583,-0.0002147820491,-0.001202795015
0.5293998604,0,0.5048291891,0,0.1574020795,0,0.9875345996,-1.189047997,0.0004298733613,0.003569999629,2.1043435,-0.8522332941,-0.06012609279,-1.726037775,6.369849036e-05,4.558259452e-05,1.748178758,-0.4069689426,4.685633548e-05,-0.1589371401,0.05179393189,0.003928994681,0.1152645175,0.2894424951,0.05102476663,0.713878073,-0.04199580887,-0.02463551741,-0.08992372909,0.2009487583,-0.1989034944,0.0006636899279,0.5992767748,-0.0005942816231,-0.0002043698837,-0.001120215913
0.5329287858,0,0.5048291891,0,0.1574020795,0,0.9875345996,-1.181222463,0.0004045609825,0.00356128758,2.106827657,-0.8544113138,-0.06013909274,-1.720238279,6.30765933e-05,4.544873759e-05,1.742570174,-0.4129777095,4.590555397e-05,-0.1625128746,0.0529454931,0.004097562583,0.1151762801,0.2895450216,0.05107572499,0.7139784211,-0.042036555,-0.02463872163,-0.09002333654,0.2008777845,-0.1989896413,0.0006116814642,0.5993341231,-0.0005478927712,-0.0001923153986,-0.001032219175
0.5364577111,0,0.5048291891,0,0.1574020795,0,0.9875345996,-1.173350002,0.0003790608825,0.003552442834,2.1092376,-0.8565621352,-0.06015207462,-1.714440899,6.246325366e-05,4.531491245e-05,1.736933881,-0.4189568389,4.495867217e-05,-0.1660889301,0.05409635077,0.004269136903,0.1150830963,0.2896543902,0.05113011996,0.7140855906,-0.04207999992,-0.02464319129,-0.09012966489,0.2008016056,-0.1990810685,0.0005564531606,0.5993948554,-0.0004985882984,-0.0001785581277,-0.000938825824
0.5399866364,0,0.5048291891,0,0.1574020795,0,0.9875345996,-1.157164651,0.0003182439826,0.003527099577,2.100618393,-0.8559986166,-0.06016503123,-1.709046488,6.354596269e-05,4.536571817e-05,1.727162879,-0.4204307505,4.520689924e-05,-0.1697053209,0.05516133931,0.004896797235,0.1141657441,0.2907770179,0.05168997723,0.7151912173,-0.04252507717,-0.02473315255,-0.09122416615,0.2,-0.2,0,0.6,0,0,0
0.5435155618,0,0.5048291891,0,0.1574020795,0,0.9875345996,-1.150256371,0.0002969154631,0.003519892398,2.104222993,-0.8583802428,-0.06017790589,-1.703201642,6.273275871e-05,4.520494044e-05,1.721974089,-0.4269011262,4.410525073e-05,-0.1732773586,0.0563206115,0.005018665399,0.1141657441,0.2907770179,0.05168997723,0.7151912173,-0.04252507717,-0.02473315255,-0.09122416615,0.2,-0.2,0,0.6,0,0,0
0.5470444871,0,0.5048291891,0,0.1574020795,0,0.9875345996,-1.143348091,0.0002755869436,0.003512685219,2.107827593,-0.860761869,-0.06019078056,-1.697356796,6.191955473e-05,4.504416271e-05,1.7167853,-0.4333715019,4.300360222e-05,-0.1768493963,0.05747988369,0.005140533563,0.1141657441,0.2907770179,0.05168997723,0.7151912173,-0.04252507717,-0.02473315255,-0.09122416615,0.2,-0.2,0,0.6,0,0,0
0.5505734125,0,0.5048291891,0,0.1574020795,0,0.9875345996,-1.136439812,0.0002542584241,0.00350547804,2.111432193,-0.8631434952,-0.06020365523,-1.69151195,6.110635074e-05,4.488338497e-05,1.711596511,-0.4398418776,4.190195371e-05,-0.180421434,0.05863915588,0.005262401727,0.1141657441,0.2907770179,0.05168997723,0.7151912173,-0.04252507717,-0.02473315255,-0.09122416615,0.2,-0.2,0,0.6,0,0,0
0.5541023378,0,0.5048291891,0,0.1574020795,0,0.9875345996,-1.129531532,0.0002329299046,0.003498270861,2.115036794,-0.8655251214,-0.06021652989,-1.685667104,6.029314676e-05,4.472260724e-05,1.706407722,-0.4463122533,4.080030519e-05,-0.1839934716,0.05979842806,0.005384269891,0.1141657441,0.2907770179,0.05168997723,0.7151912173,-0.04252507717,-0.02473315255,-0.09122416615,0.2,-0.2,0,0.6,0,0,0
0.5576312631,0,0.5048291891,0,0.1574020795,0,0.9875345996,-1.122623252,0.0002116013851,0.003491063682,2.118641394,-0.8679067476,-0.06022940456,-1.679822258,5.947994278e-05,4.456182951e-05,1.701218933,-0.452782629,3.969865668e-05,-0.1875655093,0.06095770025,0.005506138055,0.1141657441,0.2907770179,0.05168997723,0.7151912173,-0.04252507717,-0.02473315255,-0.09122416615,0.2,-0.2,0,0.6,0,0,0
0.5611601885,0,0.5048291891,0,0.1574020795,0,0.9875345996,-1.115714973,0.0001902728656,0.003483856504,2.122245994,-0.8702883738,-0.06024227923,-1.673977412,5.866673879e-05,4.440105177e-05,1.696030144,-0.4592530047,3.859700817e-05,-0.191137547,0.06211697244,0.005628006219,0.1141657441,0.2907770179,0.05168997723,0.7151912173,-0.04252507717,-0.02473315255,-0.09122416615,0.2,-0.2,0,0.6,0,0,0
0.5646891138,0,0.5048291891,0,0.1574020795,0,0.9875345996,-1.108806693,0.0001689443461,0.003476649325,2.125850594,-0.87267,-0.06025515389,-1.668132567,5.785353481e-05,4.424027404e-05,1.690841355,-0.4657233804,3.749535965e-05,-0.1947095847,0.06327624463,0.005749874383,0.1141657441,0.2907770179,0.05168997723,0.7151912173,-0.04252507717,-0.02473315255,-0.09122416615,0.2,-0.2,0,0.6,0,0,0
0.5646891138,0,0.5048291891,0,0.1574020795,0,0.9875345996,-1.108806693,0.0001689443461,0.003476649325,2.125850594,-0.87267,-0.06025515389,-1.668132567,5.785353481e-05,4.424027404e-05,1.690841355,-0.4657233804,3.749535965e-05,-0.1947412556,0.06328634003,0.005750586909,0.1141657441,0.2907770179,0.05168997723,0.7151912173,-0.04252507717,-0.02473315255,-0.09122416615,0.2,-0.2,0,0.6,0,0,0
0.5646891138,0,0.5048291891,0,0.1574020795,0,0.9875345996,-1.108806693,0.0001689443461,0.003476649325,2.125850594,-0.87267,-0.06025515389,-1.668132567,5.785353481e-05,4.424027404e-05,1.690841355,-0.4657233804,3.749535965e-05,-0.1947729265,0.06329643543,0.005751299436,0.1141657441,0.2907770179,0.05168997723,0.7151912173,-0.04252507717,-0.02473315255,-0.09122416615,0.2,-0.2,0,0.6,0,0,0
0.5646891138,0,0.5048291891,0,0.1574020795,0,0.9875345996,-1.108806693,0.0001689443461,0.003476649325,2.125850594,-0.87267,-0.06025515389,-1.668132567,5.785353481e-05,4.424027404e-05,1.690841355,-0.4657233804,3.749535965e-05,-0.1948045975,0.06330653084,0.005752011963,0.1141657441,0.2907770179,0.05168997723,0.7151912173,-0.04252507717,-0.02473315255,-0.09122416615,0.2,-0.2,0,0.6,0,0,0
0.5646891138,0,0.5048291891,0,0.1574020795,0,0.9875345996,-1.108806693,0.0001689443461,0.003476649325,2.125850594,-0.87267,-0.06025515389,-1.668132567,5.785353481e-05,4.424027404e-05,1.690841355,-0.4657233804,3.749535965e-05,-0.1948362684,0.06331662624,0.005752724489,0.1141657441,0.2907770179,0.05168997723,0.7151912173,-0.04252507717,-0.02473315255,-0.09122416615,0.2,-0.2,0,0.6,0,0,0
0.5646891138,0,0.5048291891,0,0.1574020795,0,0.9875345996,-1.108806693,0.0001689443461,0.003476649325,2.125850594,-0.87267,-0.06025515389,-1.668132567,5.785353481e-05,4.424027404e-05,1.690841355,-0.4657233804,3.749535965e-05,-0.1948679393,0.06332672165,0.005753437016,0.1141657441,0.2907770179,0.05168997723,0.7151912173,-0.04252507717,-0.02473315255,-0.09122416615,0.2,-0.2,0,0.6,0,0,0
0.5646891138,0,0.5048291891,0,0.1574020795,0,0.9875345996,-1.108806693,0.0001689443461,0.003476649325,2.125850594,-0.87267,-0.06025515389,-1.668132567,5.785353481e-05,4.424027404e-05,1.690841355,-0.4657233804,3.749535965e-05,-0.1948996103,0.06333681705,0.005754149543,0.1141657441,0.2907770179,0.05168997723,0.7151912173,-0.04252507717,-0.02473315255,-0.09122416615,0.2,-0.2,0,0.6,0,0,0
0.5646891138,0,0.5048291891,0,0.1574020795,0,0.9875345996,-1.108806693,0.0001689443461,0.003476649325,2.125850594,-0.87267,-0.06025515389,-1.668132567,5.785353481e-05,4.424027404e-05,1.690841355,-0.4657233804,3.749535965e-05,-0.1949312812,0.06334691246,0.005754862069,0.1141657441,0.2907770179,0.05168997723,0.7151912173,-0.04252507717,-0.02473315255,-0.09122416615,0.2,-0.2,0,0.6,0,0,0
0.5646891138,0,0.5048291891,0,0.1574020795,0,0.9875345996,-1.108806693,0.0001689443461,0.003476649325,2.125850594,-0.87267,-0.06025515389,-1.668132567,5.785353481e-05,4.424027404e-05,1.690841355,-0.4657233804,3.749535965e-05,-0.1949629521,0.06335700786,0.005755574596,0.1141657441,0.2907770179,0.05168997723,0.7151912173,-0.04252507717,-0.02473315255,-0.09122416615,0.2,-0.2,0,0.6,0,0,0
0.5646891138,0,0.5048291891,0,0.1574020795,0,0.9875345996,-1.108806693,0.0001689443461,0.003476649325,2.125850594,-0.87267,-0.06025515389,-1.668132567,5.785353481e-05,4.424027404e-05,1.690841355,-0.4657233804,3.749535965e-05,-0.1949946231,0.06336710327,0.005756287123,0.1141657441,0.2907770179,0.05168997723,0.7151912173,-0.04252507717,-0.02473315255,-0.09122416615,0.2,-0.2,0,0.6,0,0,0
0.5646891138,0,0.5048291891,0,0.1574020795,0,0.9875345996,-1.108806693,0.0001689443461,0.003476649325,2.125850594,-0.87267,-0.06025515389,-1.668132567,5.785353481e-05,4.424027404e-05,1.690841355,-0.4657233804,3.749535965e-05,-0.195026294,0.06337719867,0.005756999649,0.1141657441,0.2907770179,0.05168997723,0.7151912173,-0.04252507717,-0.02473315255,-0.09122416615,0.2,-0.2,0,0.6,0,0,0
0.5646891138,0,0.5048291891,0,0.1574020795,0,0.9875345996,-1.108806693,0.0001689443461,0.003476649325,2.125850594,-0.87267,-0.06025515389,-1.668132567,5.785353481e-05,4.424027404e-05,1.690841355,-0.4657233804,3.749535965e-05,-0.1950579649,0.06338729408,0.005757712176,0.1141657441,0.2907770179,0.05168997723,0.7151912173,-0.04252507717,-0.02473315255,-0.09122416615,0.2,-0.2,0,0.6,0,0,0
0.5646891138,0,0.5048291891,0,0.1574020795,0,0.9875345996,-1.108806693,0.0001689443461,0.003476649325,2.125850594,-0.87267,-0.06025515389,-1.668132567,5.785353481e-05,4.424027404e-05,1.690841355,-0.4657233804,3.749535965e-05,-0.1950896359,0.06339738948,0.005758424702,0.1141657441,0.2907770179,0.05168997723,0.7151912173,-0.04252507717,-0.02473315255,-0.09122416615,0.2,-0.2,0,0.6,0,0,0
0.5646891138,0,0.5048291891,0,0.1574020795,0,0.9875345996,-1.108806693,0.0001689443461,0.003476649325,2.125850594,-0.87267,-0.06025515389,-1.668132567,5.785353481e-05,4.424027404e-05,1.690841355,-0.4657233804,3.749535965e-05,-0.1951213068,0.06340748489,0.005759137229,0.1141657441,0.2907770179,0.05168997723,0.7151912173,-0.04252507717,-0.02473315255,-0.09122416615,0.2,-0.2,0,0.6,0,0,0
0.5646891138,0,0.5048291891,0,0.1574020795,0,0.9875345996,-1.108806693,0.0001689443461,0.003476649325,2.125850594,-0.87267,-0.06025515389,-1.668132567,5.785353481e-05,4.424027404e-05,1.690841355,-0.4657233804,3.749535965e-05,-0.1951529777,0.06341758029,0.005759849756,0.1141657441,0.2907770179,0.05168997723,0.7151912173,-0.04252507717,-0.02473315255,-0.09122416615,0.2,-0.2,0,0.6,0,0,0
0.5646891138,0,0.5048291891,0,0.1574020795,0,0.9875345996,-1.108806693,0.0001689443461,0.003476649325,2.125850594,-0.87267,-0.06025515389,-1.668132567,5.785353481e-05,4.424027404e-05,1.690841355,-0.4657233804,3.749535965e-05,-0.1951846487,0.0634276757,0.005760562282,0.1141657441,0.2907770179,0.05168997723,0.7151912173,-0.04252507717,-0.02473315255,-0.09122416615,0.2,-0.2,0,0.6,0,0,0
0.5646891138,0,0.5048291891,0,0.1574020795,0,0.9875345996,-1.108806693,0.0001689443461,0.003476649325,2.125850594,-0.87267,-0.06025515389,-1.668132567,5.785353481e-05,4.424027404e-05,1.690841355,-0.4657233804,3.749535965e-05,-0.1952163196,0.0634377711,0.005761274809,0.1141657441,0.2907770179,0.05168997723,0.7151912173,-0.04252507717,-0.02473315255,-0.09122416615,0.2,-0.2,0,0.6,0,0,0
0.5646891138,0,0.5048291891,0,0.1574020795,0,0.9875345996,-1.108806693,0.0001689443461,0.003476649325,2.125850594,-0.87267,-0.06025515389,-1.668132567,5.785353481e-05,4.424027404e-05,1.690841355,-0.4657233804,3.749535965e-05,-0.1952479905,0.06344786651,0.005761987336,0.1141657441,0.2907770179,0.05168997723,0.7151912173,-0.04252507717,-0.02473315255,-0.09122416615,0.2,-0.2,0,0.6,0,0,0
0.5646891138,0,0.5048291891,0,0.1574020795,0,0.9875345996,-1.108806693,0.0001689443461,0.003476649325,2.125850594,-0.87267,-0.06025515389,-1.668132567,5.785353481e-05,4.424027404e-05,1.690841355,-0.4657233804,3.749535965e-05,-0.1952796614,0.06345796191,0.005762699862,0.1141657441,0.2907770179,0.05168997723,0.7151912173,-0.04252507717,-0.02473315255,-0.09122416615,0.2,-0.2,0,0.6,0,0,0
0.5646891138,0,0.5048291891,0,0.1574020795,0,0.9875345996,-1.108806693,0.0001689443461,0.003476649325,2.125850594,-0.87267,-0.06025515389,-1.668132567,5.785353481e-05,4.424027404e-05,1.690841355,-0.4657233804,3.749535965e-05,-0.1953113324,0.06346805731,0.005763412389,0.1141657441,0.2907770179,0.05168997723,0.7151912173,-0.04252507717,-0.02473315255,-0.09122416615,0.2,-0.2,0,0.6,0,0,0
0.5646891138,0,0.5048291891,0,0.1574020795,0,0.9875345996,-1.108806693,0.0001689443461,0.003476649325,2.125850594,-0.87267,-0.06025515389,-1.668132567,5.785353481e-05,4.424027404e-05,1.690841355,-0.4657233804,3.749535965e-05,-0.1953430033,0.06347815272,0.005764124916,0.1141657441,0.2907770179,0.05168997723,0.7151912173,-0.04252507717,-0.02473315255,-0.09122416615,0.2,-0.2,0,0.6,0,0,0
0.5646891138,0,0.5048291891,0,0.1574020795,0,0.9875345996,-1.108806693,0.0001689443461,0.003476649325,2.125850594,-0.87267,-0.06025515389,-1.668132567,5.785353481e-05,4.424027404e-05,1.690841355,-0.4657233804,3.749535965e-05,-0.1953746742,0.06348824812,0.005764837442,0.1141657441,0.2907770179,0.05168997723,0.7151912173,-0.04252507717,-0.02473315255,-0.09122416615,0.2,-0.2,0,0.6,0,0,0
0.5646891138,0,0.5048291891,0,0.1574020795,0,0.9875345996,-1.108806693,0.0001689443461,0.003476649325,2.125850594,-0.87267,-0.06025515389,-1.668132567,5.785353481e-05,4.424027404e-05,1.690841355,-0.4657233804,3.749535965e-05,-0.1954063452,0.06349834353,0.005765549969,0.1141657441,0.2907770179,0.05168997723,0.7151912173,-0.04252507717,-0.02473315255,-0.09122416615,0.2,-0.2,0,0.6,0,0,0
0.5646891138,0,0.5048291891,0,0.1574020795,0,0.9875345996,-1.108806693,0.0001689443461,0.003476649325,2.125850594,-0.87267,-0.06025515389,-1.668132567,5.785353481e-05,4.424027404e-05,1.690841355,-0.4657233804,3.749535965e-05,-0.1954380161,0.06350843893,0.005766262496,0.1141657441,0.2907770179,0.05168997723,0.7151912173,-0.04252507717,-0.02473315255,-0.09122416615,0.2,-0.2,0,0.6,0,0,0
0.5646891138,0,0.5048291891,0,0.1574020795,0,0.9875345996,-1.108806693,0.0001689443461,0.003476649325,2.125850594,-0.87267,-0.06025515389,-1.668132567,5.785353481e-05,4.424027404e-05,1.690841355,-0.4657233804,3.749535965e-05,-0.195469687,0.06351853434,0.005766975022,0.1141657441,0.2907770179,0.05168997723,0.7151912173,-0.04252507717,-0.02473315255,-0.09122416615,0.2,-0.2,0,0.6,0,0,0
0.5646891138,0,0.5048291891,0,0.1574020795,0,0.9875345996,-1.108806693,0.0001689443461,0.003476649325,2.125850594,-0.87267,-0.06025515389,-1.668132567,5.785353481e-05,4.424027404e-05,1.690841355,-0.4657233804,3.749535965e-05,-0.195501358,0.06352862974,0.005767687549,0.1141657441,0.2907770179,0.05168997723,0.7151912173,-0.04252507717,-0.02473315255,-0.09122416615,0.2,-0.2,0,0.6,0,0,0
0.5646891138,0,0.5048291891,0,0.1574020795,0,0.9875345996,-1.108806693,0.0001689443461,0.003476649325,2.125850594,-0.87267,-0.06025515389,-1.668132567,5.785353481e-05,4.424027404e-05,1.690841355,-0.4657233804,3.749535965e-05,-0.1955330289,0.06353872515,0.005768400076,0.1141657441,0.2907770179,0.05168997723,0.7151912173,-0.04252507717,-0.02473315255,-0.09122416615,0.2,-0.2,0,0.6,0,0,0
0.5646891138,0,0.5048291891,0,0.1574020795,0,0.9875345996,-1.108806693,0.0001689443461,0.003476649325,2.125850594,-0.87267,-0.06025515389,-1.668132567,5.785353481e-05,4.424027404e-05,1.690841355,-0.4657233804,3.749535965e-05,-0.1955646998,0.06354882055,0.005769112602,0.1141657441,0.2907770179,0.05168997723,0.7151912173,-0.04252507717,-0.02473315255,-0.09122416615,0.2,-0.2,0,0.6,0,0,0
0.5646891138,0,0.5048291891,0,0.1574020795,0,0.9875345996,-1.108806693,0.0001689443461,0.003476649325,2.125850594,-0.87267,-0.06025515389,-1.668132567,5.785353481e-05,4.424027404e-05,1.690841355,-0.4657233804,3.749535965e-05,-0.1955963708,0.06355891596,0.005769825129,0.1141657441,0.2907770179,0.05168997723,0.7151912173,-0.04252507717,-0.02473315255,-0.09122416615,0.2,-0.2,0,0.6,0,0,0
0.5646891138,0,0.5048291891,0,0.1574020795,0,0.9875345996,-1.108806693,0.0001689443461,0.003476649325,2.125850594,-0.87267,-0.06025515389,-1.668132567,5.785353481e-05,4.424027404e-05,1.690841355,-0.4657233804,3.749535965e-05,-0.1956280417,0.06356901136,0.005770537656,0.1141657441,0.2907770179,0.05168997723,0.7151912173,-0.04252507717,-0.02473315255,-0.09122416615,0.2,-0.2,0,0.6,0,0,0
0.5646891138,0,0.5048291891,0,0.1574020795,0,0.9875345996,-1.108806693,0.0001689443461,0.003476649325,2.125850594,-0.87267,-0.06025515389,-1.668132567,5.785353481e-05,4.424027404e-05,1.690841355,-0.4657233804,3.749535965e-05,-0.1956597126,0.06357910677,0.005771250182,0.1141657441,0.2907770179,0.05168997723,0.7151912173,-0.04252507717,-0.02473315255,-0.09122416615,0.2,-0.2,0,0.6,0,0,0
0.5646891138,0,0.5048291891,0,0.1574020795,0,0.9875345996,-1.108806693,0.0001689443461,0.003476649325,2.125850594,-0.87267,-0.06025515389,-1.668132567,5.785353481e-05,4.424027404e-05,1.690841355,-0.4657233804,3.749535965e-05,-0.1956913836,0.06358920217,0.005771962709,0.1141657441,0.2907770179,0.05168997723,0.7151912173,-0.04252507717,-0.02473315255,-0.09122416615,0.2,-0.2,0,0.6,0,0,0
0.5646891138,0,0.5048291891,0,0.1574020795,0,0.9875345996,-1.108806693,0.0001689443461,0.003476649325,2.125850594,-0.87267,-0.06025515389,-1.668132567,5.785353481e-05,4.424027404e-05,1.690841355,-0.4657233804,3.749535965e-05,-0.1957230545,0.06359929758,0.005772675236,0.1141657441,0.2907770179,0.05168997723,0.7151912173,-0.04252507717,-0.02473315255,-0.09122416615,0.2,-0.2,0,0.6,0,0,0
0.5646891138,0,0.5048291891,0,0.1574020795,0,0.9875345996,-1.108806693,0.0001689443461,0.003476649325,2.125850594,-0.87267,-0.06025515389,-1.668132567,5.785353481e-05,4.424027404e-05,1.690841355,-0.4657233804,3.749535965e-05,-0.1957547254,0.06360939298,0.005773387762,0.1141657441,0.2907770179,0.05168997723,0.7151912173,-0.04252507717,-0.02473315255,-0.09122416615,0.2,-0.2,0,0.6,0,0,0
0.5646891138,0,0.5048291891,0,0.1574020795,0,0.9875345996,-1.108806693,0.0001689443461,0.003476649325,2.125850594,-0.87267,-0.06025515389,-1.668132567,5.785353481e-05,4.424027404e-05,1.690841355,-0.4657233804,3.749535965e-05,-0.1957863964,0.06361948839,0.005774100289,0.1141657441,0.2907770179,0.05168997723,0.7151912173,-0.04252507717,-0.02473315255,-0.09122416615,0.2,-0.2,0,0.6,0,0,0
0.5646891138,0,0.5048291891,0,0.1574020795,0,0.9875345996,-1.108806693,0.0001689443461,0.003476649325,2.125850594,-0.87267,-0.06025515389,-1.668132567,5.785353481e-05,4.424027404e-05,1.690841355,-0.4657233804,3.749535965e-05,-0.1958180673,0.06362958379,0.005774812816,0.1141657441,0.2907770179,0.05168997723,0.7151912173,-0.04252507717,-0.02473315255,-0.09122416615,0.2,-0.2,0,0.6,0,0,0
0.5646891138,0,0.5048291891,0,0.1574020795,0,0.9875345996,-1.108806693,0.0001689443461,0.003476649325,2.125850594,-0.87267,-0.06025515389,-1.668132567,5.785353481e-05,4.424027404e-05,1.690841355,-0.4657233804,3.749535965e-05,-0.1958497382,0.06363967919,0.005775525342,0.1141657441,0.2907770179,0.05168997723,0.7151912173,-0.04252507717,-0.02473315255,-0.09122416615,0.2,-0.2,0,0.6,0,0,0
0.5646891138,0,0.5048291891,0,0.1574020795,0,0.9875345996,-1.108806693,0.0001689443461,0.003476649325,2.125850594,-0.87267,-0.06025515389,-1.668132567,5.785353481e-05,4.424027404e-05,1.690841355,-0.4657233804,3.749535965e-05,-0.1958814092,0.0636497746,0.005776237869,0.1141657441,0.2907770179,0.05168997723,0.7151912173,-0.04252507717,-0.02473315255,-0.09122416615,0.2,-0.2,0,0.6,0,0,0
0.5646891138,0,0.5048291891,0,0.1574020795,0,0.9875345996,-1.108806693,0.0001689443461,0.003476649325,2.125850594,-0.87267,-0.06025515389,-1.668132567,5.785353481e-05,4.424027404e-05,1.690841355,-0.4657233804,3.749535965e-05,-0.1959130801,0.06365987,0.005776950396,0.1141657441,0.2907770179,0.05168997723,0.7151912173,-0.04252507717,-0.02473315255,-0.09122416615,0.2,-0.2,0,0.6,0,0,0
0.5646891138,0,0.5048291891,0,0.1574020795,0,0.9875345996,-1.108806693,0.0001689443461,0.003476649325,2.125850594,-0.87267,-0.06025515389,-1.668132567,5.785353481e-05,4.424027404e-05,1.690841355,-0.4657233804,3.749535965e-05,-0.195944751,0.06366996541,0.005777662922,0.1141657441,0.2907770179,0.05168997723,0.7151912173,-0.04252507717,-0.02473315255,-0.09122416615,0.2,-0.2,0,0.6,0,0,0
0.5646891138,0,0.5048291891,0,0.1574020795,0,0.9875345996,-1.108806693,0.0001689443461,0.003476649325,2.125850594,-0.87267,-0.06025515389,-1.668132567,5.785353481e-05,4.424027404e-05,1.690841355,-0.4657233804,3.749535965e-05,-0.195976422,0.06368006081,0.005778375449,0.1141657441,0.2907770179,0.05168997723,0.7151912173,-0.04252507717,-0.02473315255,-0.09122416615,0.2,-0.2,0,0.6,0,0,0
0.5646891138,0,0.5048291891,0,0.1574020795,0,0.9875345996,-1.108806693,0.0001689443461,0.003476649325,2.125850594,-0.87267,-0.06025515389,-1.668132567,5.785353481e-05,4.424027404e-05,1.690841355,-0.4657233804,3.749535965e-05,-0.1960080929,0.06369015622,0.005779087976,0.1141657441,0.2907770179,0.05168997723,0.7151912173,-0.04252507717,-0.02473315255,-0.09122416615,0.2,-0.2,0,0.6,0,0,0
0.5646891138,0,0.5048291891,0,0.1574020795,0,0.9875345996,-1.108806693,0.0001689443461,0.003476649325,2.125850594,-0.87267,-0.06025515389,-1.668132567,5.785353481e-05,4.424027404e-05,1.690841355,-0.4657233804,3.749535965e-05,-0.1960397638,0.06370025162,0.005779800502,0.1141657441,0.2907770179,0.05168997723,0.7151912173,-0.04252507717,-0.02473315255,-0.09122416615,0.2,-0.2,0,0.6,0,0,0
0.5646891138,0,0.5048291891,0,0.1574020795,0,0.9875345996,-1.108806693,0.0001689443461,0.003476649325,2.125850594,-0.87267,-0.06025515389,-1.668132567,5.785353481e-05,4.424027404e-05,1.690841355,-0.4657233804,3.749535965e-05,-0.1960714348,0.06371034703,0.005780513029,0.1141657441,0.2907770179,0.05168997723,0.7151912173,-0.04252507717,-0.02473315255,-0.09122416615,0.2,-0.2,0,0.6,0,0,0
0.5646891138,0,0.5048291891,0,0.1574020795,0,0.9875345996,-1.108806693,0.0001689443461,0.003476649325,2.125850594,-0.87267,-0.06025515389,-1.668132567,5.785353481e-05,4.424027404e-05,1.690841355,-0.4657233804,3.749535965e-05,-0.1961031057,0.06372044243,0.005781225556,0.1141657441,0.2907770179,0.05168997723,0.7151912173,-0.04252507717,-0.02473315255,-0.09122416615,0.2,-0.2,0,0.6,0,0,0
0.5646891138,0,0.5048291891,0,0.1574020795,0,0.9875345996,-1.108806693,0.0001689443461,0.003476649325,2.125850594,-0.87267,-0.06025515389,-1.668132567,5.785353481e-05,4.424027404e-05,1.690841355,-0.4657233804,3.749535965e-05,-0.1961347766,0.06373053784,0.005781938082,0.1141657441,0.2907770179,0.05168997723,0.7151912173,-0.04252507717,-0.02473315255,-0.09122416615,0.2,-0.2,0,0.6,0,0,0
0.5646891138,0,0.5048291891,0,0.1574020795,0,0.9875345996,-1.108806693,0.0001689443461,0.003476649325,2.125850594,-0.87267,-0.06025515389,-1.668132567,5.785353481e-05,4.424027404e-05,1.690841355,-0.4657233804,3.749535965e-05,-0.1961664475,0.06374063324,0.005782650609,0.1141657441,0.2907770179,0.05168997723,0.7151912173,-0.04252507717,-0.02473315255,-0.09122416615,0.2,-0.2,0,0.6,0,0,0
0.5646891138,0,0.5048291891,0,0.1574020795,0,0.9875345996,-1.108806693,0.0001689443461,0.003476649325,2.125850594,-0.87267,-0.06025515389,-1.668132567,5.785353481e-05,4.424027404e-05,1.690841355,-0.4657233804,3.749535965e-05,-0.1961981185,0.06375072865,0.005783363136,0.1141657441,0.2907770179,0.05168997723,0.7151912173,-0.04252507717,-0.02473315255,-0.09122416615,0.2,-0.2,0,0.6,0,0,0
0.5646891138,0,0.5048291891,0,0.1574020795,0,0.9875345996,-1.108806693,0.0001689443461,0.003476649325,2.125850594,-0.87267,-0.06025515389,-1.668132567,5.785353481e-05,4.424027404e-05,1.690841355,-0.4657233804,3.749535965e-05,-0.1962297894,0.06376082405,0.005784075662,0.1141657441,0.2907770179,0.05168997723,0.7151912173,-0.04252507717,-0.02473315255,-0.09122416615,0.2,-0.2,0,0.6,0,0,0
0.5646891138,0,0.5048291891,0,0.1574020795,0,0.9875345996,-1.108806693,0.0001689443461,0.003476649325,2.125850594,-0.87267,-0.06025515389,-1.668132567,5.785353481e-05,4.424027404e-05,1.690841355,-0.4657233804,3.749535965e-05,-0.1962614603,0.06377091946,0.005784788189,0.1141657441,0.2907770179,0.05168997723,0.7151912173,-0.04252507717,-0.02473315255,-0.09122416615,0.2,-0.2,0,0.6,0,0,0
0.5646891138,0,0.5048291891,0,0.1574020795,0,0.9875345996,-1.108806693,0.0001689443461,0.003476649325,2.125850594,-0.87267,-0.06025515389,-1.668132567,5.785353481e-05,4.424027404e-05,1.690841355,-0.4657233804,3.749535965e-05,-0.1962931313,0.06378101486,0.005785500716,0.1141657441,0.2907770179,0.05168997723,0.7151912173,-0.04252507717,-0.02473315255,-0.09122416615,0.2,-0.2,0,0.6,0,0,0
