0,0,0.7594907453,0,0,0,1,-0.312,0,0,0.669,-0.363,0,-0.312,0,0,0.669,-0.363,0,0,0,0,0.2,0.2,0,0.6,0,0,0,0.2,-0.2,0,0.6,0,0,0
0,0,0.7594906303,0,-2.395858765e-07,0,1,-0.3120003373,0,0,0.6690000311,-0.3629996939,0,-0.3120060199,0,0,0.6690062233,-0.362993495,0,2.755266826e-11,0,-1.054177856e-06,0.2000000001,0.22,2.204213461e-11,0.6600013417,-2.938951281e-11,1.83684455e-11,-1.46947564e-11,0.1999999999,-0.22,2.204213461e-11,0.6600013417,-2.938951281e-11,-1.83684455e-11,1.46947564e-11
0,0,0.7594898427,0,-1.880615234e-06,0,1,-0.3120026474,0,0,0.6690002444,-0.362997597,0,-0.3120472517,0,0,0.6690488465,-0.3629489376,0,1.697622557e-09,0,-8.274707031e-06,0.2000000043,0.2199999994,1.358098045e-09,0.6600105314,-1.810797394e-09,1.131748371e-09,-9.053986969e-10,0.1999999957,-0.2200000006,1.358098045e-09,0.6600105314,-1.810797394e-09,-1.131748371e-09,9.053986969e-10
0,0,0.759487758,0,-6.226570129e-06,0,1,-0.3120087653,0,0,0.6690008092,-0.3629920439,0,-0.3121564358,0,0,0.6691617019,-0.3628309222,0,1.860968428e-08,0,-2.739690857e-05,0.2000000471,0.2199999938,1.488774742e-08,0.6600348688,-1.98503299e-08,1.240645618e-08,-9.925164948e-09,0.1999999529,-0.2200000062,1.488774742e-08,0.6600348688,-1.98503299e-08,-1.240645618e-08,9.925164948e-09
0,0,0.7594838046,0,-1.44765625e-05,0,0.9999999999,-0.3120203787,0,0,0.6690018808,-0.3629815021,0,-0.3123636601,0,0,0.6693758408,-0.362606837,0,1.005940137e-07,0,-6.3696875e-05,0.2000002548,0.2199999665,8.047521094e-08,0.6600810688,-1.073002812e-07,6.706267578e-08,-5.365014062e-08,0.1999997452,-0.2200000335,8.047521094e-08,0.6600810688,-1.073002812e-07,-6.706267578e-08,5.365014062e-08
0,0,0.7594774653,0,-2.772808075e-05,0,0.9999999996,-0.3120390319,0,0,0.6690036004,-0.3629645685,0,-0.3126963997,0,0,0.6697195372,-0.3622467513,0,3.690463018e-07,0,-0.0001220035553,0.2000009349,0.219999877,2.952370414e-07,0.6601552773,-3.936493886e-07,2.460308679e-07,-1.968246943e-07,0.1999990651,-0.220000123,2.952370414e-07,0.6601552773,-3.936493886e-07,-2.460308679e-07,1.968246943e-07
0,0,0.7594682797,0,-4.697973631e-05,0,0.9999999989,-0.3120661295,0,0,0.6690060955,-0.362939966,0,-0.3131795506,0,0,0.6702182777,-0.3617232944,0,1.0594059e-06,0,-0.0002067108398,0.2000026838,0.2199996469,8.475247202e-07,0.6602630865,-1.13003296e-06,7.062706001e-07,-5.650164801e-07,0.1999973162,-0.2200003531,8.475247202e-07,0.6602630865,-1.13003296e-06,-7.062706001e-07,5.650164801e-07
0,0,0.7594558463,0,-7.313401025e-05,0,0.9999999973,-0.3121029399,0,0,0.669009479,-0.3629065391,0,-0.3138354618,0,0,0.6708947458,-0.3610115317,0,2.567320063e-06,0,-0.0003217896454,0.2000065039,0.2199991442,2.05385605e-06,0.6604095505,-2.738474734e-06,1.711546709e-06,-1.369237367e-06,0.1999934961,-0.2200008558,2.05385605e-06,0.6604095505,-2.738474734e-06,-1.711546709e-06,1.369237367e-06
0,0,0.7594398249,0,-0.0001069999998,0,0.9999999943,-0.3121505989,0,0,0.6690138496,-0.3628632507,0,-0.3146839662,0,0,0.6717688065,-0.3600888402,0,5.49552e-06,0,-0.0004708,0.200013922,0.2199981682,4.396416e-06,0.6605992,-5.861888e-06,3.66368e-06,-2.930944e-06,0.199986078,-0.2200018318,4.396416e-06,0.6605992,-5.861888e-06,-3.66368e-06,2.930944e-06
0,0,0.759419939,0,-0.0001492961649,0,0.9999999889,-0.3122101134,0,0,0.6690192913,-0.3628091779,0,-0.3157424156,0,0,0.6728574961,-0.3589347879,0,1.069888561e-05,0,-0.0006569031281,0.2000271038,0.2199964337,8.559108489e-06,0.6608360585,-1.141214465e-05,7.132590407e-06,-5.706072326e-06,0.1999728962,-0.2200035663,8.559108489e-06,0.6608360585,-1.141214465e-05,-7.132590407e-06,5.706072326e-06
0,0,0.7593959778,0,-0.0002006530748,0,0.9999999799,-0.312282365,0,0,0.6690258737,-0.3627435087,0,-0.317025719,0,0,0.6741750235,-0.3575310183,0,1.932559535e-05,0,-0.0008828735352,0.2000489582,0.2199935581,1.546047628e-05,0.6611236572,-2.061396837e-05,1.288373023e-05,-1.030698419e-05,0.1999510418,-0.2200064419,1.546047628e-05,0.6611236572,-2.061396837e-05,-1.288373023e-05,1.030698419e-05
0,0,0.7593677977,0,-0.0002616161545,0,0.9999999658,-0.3123681138,0,0,0.6690336516,-0.3626655378,0,-0.3185463888,0,0,0.675732785,-0.3558611439,0,3.285264666e-05,0,-0.001151111093,0.2000832267,0.2199890491,2.628211733e-05,0.6614650505,-3.504282311e-05,2.190176444e-05,-1.752141155e-05,0.1999167733,-0.2200109509,2.628211733e-05,0.6614650505,-3.504282311e-05,-2.190176444e-05,1.752141155e-05
0,0,0.7593353232,0,-0.0003326484314,0,0.9999999447,-0.3124680019,0,0,0.6690426654,-0.3625746635,0,-0.3203145928,0,0,0.677539397,-0.353910648,0,5.311439183e-05,0,-0.001463653125,0.2001345565,0.2199822952,4.249151346e-05,0.6618628313,-5.665535128e-05,3.540959455e-05,-2.832767564e-05,0.1998654435,-0.2200177048,4.249151346e-05,0.6618628313,-5.665535128e-05,-3.540959455e-05,2.832767564e-05
0,0,0.7592985471,0,-0.0004141332813,0,0.9999999142,-0.3125825573,0,0,0.6690529408,-0.3624703835,0,-0.3223382168,0,0,0.6796007477,-0.3516667987,0,8.232306456e-05,0,-0.00182218649,0.2002085518,0.219972559,6.585845165e-05,0.6623191464,-8.781126886e-05,5.488204304e-05,-4.390563443e-05,0.1997914482,-0.220027441,6.585845165e-05,0.6623191464,-8.781126886e-05,-5.488204304e-05,4.390563443e-05
0,0,0.7592575306,0,-0.0005063771756,0,0.9999998718,-0.3127121979,0,0,0.6690644895,-0.3623522916,0,-0.3246229343,0,0,0.6819200693,-0.3491185734,0,0.0001230805756,0,-0.002228059668,0.2003118041,0.2199589731,9.846446051e-05,0.6628357123,-0.0001312859473,8.205371709e-05,-6.564297367e-05,0.1996881959,-0.2200410269,9.846446051e-05,0.6628357123,-0.0001312859473,-8.205371709e-05,6.564297367e-05
0,0,0.7592124018,0,-0.0006096124271,0,0.9999998142,-0.3128572348,0,0,0.6690773091,-0.3622200743,0,-0.3271722865,0,0,0.684498031,-0.3462565955,0,0.0001783811315,0,-0.002682294846,0.2004518989,0.2199405396,0.0001427049052,0.6634138298,-0.000190273207,0.0001189207544,-9.513660349e-05,0.1995481011,-0.2200594604,0.0001427049052,0.6634138298,-0.000190273207,-0.0001189207544,9.513660349e-05
0,0,0.7591633536,0,-0.0007239999367,0,0.9999997379,-0.3130178768,0,0,0.6690913839,-0.3620735071,0,-0.3299877708,0,0,0.6873328527,-0.343073082,0,0.00025160448,0,-0.0031856,0.200637398,0.2199161318,0.000201283584,0.6640544,-0.000268378112,0.00016773632,-0.000134189056,0.199362602,-0.2200838682,0.000201283584,0.6640544,-0.000268378112,-0.00016773632,0.000134189056
0,0,0.7591106419,0,-0.0008496319397,0,0.9999996391,-0.313194234,0,0,0.6691066853,-0.3619124513,0,-0.333068937,0,0,0.6904204366,-0.3395618025,0,0.0003464998112,0,-0.003738380984,0.2008777995,0.2198845001,0.000277199849,0.6647579394,-0.0003695997986,0.0002309998741,-0.0001847998993,0.1991222005,-0.2201154999,0.000277199849,0.6647579394,-0.0003695997986,-0.0002309998741,0.0001847998993
0,0,0.7590545813,0,-0.0009865347521,0,0.9999995134,-0.3133863219,0,0,0.6691231722,-0.3617368503,0,-0.3364134919,0,0,0.6937545172,-0.3357180478,0,0.0004671605437,0,-0.004340753613,0.2011834734,0.2198442798,0.000373728435,0.6655245955,-0.00049830458,0.0003114403625,-0.00024915229,0.1988165266,-0.2201557202,0.000373728435,0.6655245955,-0.00049830458,-0.0003114403625,0.00024915229
0,0,0.758995542,0,-0.001134671517,0,0.9999993563,-0.3135940653,0,0,0.6691407921,-0.3615467268,0,-0.3400174092,0,0,0.6973268252,-0.3315386067,0,0.000617990402,0,-0.004992555746,0.2015655757,0.2197940032,0.0004943923216,0.6663541619,-0.0006591897622,0.0004119936013,-0.0003295948811,0.1984344243,-0.2202059968,0.0004943923216,0.6663541619,-0.0006591897622,-0.0004119936013,0.0003295948811
0,0,0.7589339444,0,-0.001293944951,0,0.9999991629,-0.3138173028,0,0,0.6691594816,-0.3613421788,0,-0.3438750446,0,0,0.7011272639,-0.3270217506,0,0.0008036613464,0,-0.005693359375,0.2020359421,0.2197321129,0.0006429290771,0.6672460937,-0.0008572387695,0.000535774231,-0.0004286193848,0.1979640579,-0.2202678871,0.0006429290771,0.6672460937,-0.0008572387695,-0.000535774231,0.0004286193848
0,0,0.7588702541,0,-0.001464200092,0,0.9999989281,-0.3140557905,0,0,0.6691791676,-0.3611233772,0,-0.3479792552,0,0,0.7051440955,-0.3221672231,0,0.001029064052,0,-0.006442482706,0.2026069623,0.2196569786,0.0008232512413,0.6681995234,-0.001097668322,0.000686042701,-0.0005488341608,0.1973930377,-0.2203430214,0.0008232512413,0.6681995234,-0.001097668322,-0.000686042701,0.0005488341608
0,0,0.7588049761,0,-0.001645227041,0,0.9999986466,-0.3143092061,0,0,0.6691997681,-0.3608905619,0,-0.3523215207,0,0,0.7093641324,-0.3169762338,0,0.00129925174,0,-0.007239002246,0.2032914377,0.2195669161,0.001039401392,0.6692132756,-0.001385868523,0.0008661678268,-0.0006929342614,0.1967085623,-0.2204330839,0.001039401392,0.6692132756,-0.001385868523,-0.0008661678268,0.0006929342614
0,0,0.7587386484,0,-0.001836763715,0,0.9999983131,-0.3145771537,0,0,0.6692211929,-0.3606440392,0,-0.3568920653,0,0,0.7137729329,-0.3114514547,0,0.001619378274,0,-0.00808176489,0.204102425,0.2194602072,0.001295502619,0.6702858826,-0.001727336826,0.001079585516,-0.000863668413,0.195897575,-0.2205397928,0.001295502619,0.6702858826,-0.001727336826,-0.001079585516,0.000863668413
0,0,0.7586718358,0,-0.002038498588,0,0.9999979223,-0.3148591674,0,0,0.6692433455,-0.3603841781,0,-0.3616799804,0,0,0.7183549969,-0.3055970164,0,0.00199463148,0,-0.0089694,0.2050530664,0.2193351228,0.001595705184,0.6714156,-0.002127606912,0.00132975432,-0.001063803456,0.1949469336,-0.2206648772,0.001595705184,0.6714156,-0.002127606912,-0.00132975432,0.001063803456
0,0,0.7586051221,0,-0.002250073442,0,0.9999974686,-0.3151547158,0,0,0.6692661235,-0.3601114077,0,-0.3666733451,0,0,0.7230939594,-0.2994185047,0,0.002430162738,0,-0.009900331497,0.2061564123,0.2191899458,0.00194413019,0.6726004219,-0.002592173587,0.001620108492,-0.001296086793,0.1938435877,-0.2208100542,0.00194413019,0.6726004219,-0.002592173587,-0.001620108492,0.001296086793
0,0,0.7585391038,0,-0.002471086108,0,0.9999969469,-0.315463206,0,0,0.6692894198,-0.3598262138,0,-0.3718593441,0,0,0.7279727798,-0.2929229542,0,0.002931013912,0,-0.01087278994,0.2074252352,0.2190229954,0.002344811129,0.6738380963,-0.003126414839,0.001954009275,-0.00156320742,0.1925747648,-0.2209770046,0.002344811129,0.6738380963,-0.003126414839,-0.001954009275,0.00156320742
0,0,0.7584743824,0,-0.00270109322,0,0.999996352,-0.3157839884,0,0,0.6693131244,-0.3595291359,0,-0.3772243828,0,0,0.7329739239,-0.286118839,0,0.003502042716,0,-0.01188482462,0.2088718415,0.2188326524,0.002801634173,0.6751261404,-0.00373551223,0.002334695144,-0.001867756115,0.1911281585,-0.2211673476,0.002801634173,0.6751261404,-0.00373551223,-0.002334695144,0.001867756115
0,0,0.7584115568,0,-0.002939612954,0,0.9999956793,-0.3161163605,0,0,0.6693371246,-0.3592207641,0,-0.3827541983,0,0,0.7380795382,-0.2790160586,0,0.00414784762,0,-0.01293431563,0.2105078806,0.2186173841,0.003318278096,0.6764618562,-0.004424370795,0.002765231747,-0.002212185398,0.1894921194,-0.2213826159,0.003318278096,0.6764618562,-0.004424370795,-0.002765231747,0.002212185398
0,0,0.7583512168,0,-0.00318612778,0,0.9999949243,-0.3164595713,0,0,0.6693613072,-0.358901736,0,-0.3884339657,0,0,0.743271614,-0.2716259195,0,0.0048726934,0,-0.01401898595,0.2123441566,0.2183757689,0.00389815472,0.6778423458,-0.005197539627,0.003248462267,-0.002598769813,0.1876558434,-0.2216242311,0.00389815472,0.6778423458,-0.005197539627,-0.003248462267,0.002598769813
0,0,0.7582939352,0,-0.003440087209,0,0.9999940829,-0.3168128253,0,0,0.6693855587,-0.3585727335,0,-0.3942483991,0,0,0.7485321405,-0.2639611096,0,0.00568043841,0,-0.01513641357,0.214390444,0.2181065205,0.004544350728,0.6792645264,-0.006059134305,0.00378695894,-0.003029567152,0.185609556,-0.2218934795,0.004544350728,0.6792645264,-0.006059134305,-0.00378695894,0.003029567152
0,0,0.7582402613,0,-0.003700910535,0,0.9999931516,-0.3171752873,0,0,0.6694097672,-0.3582344799,0,-0.400181848,0,0,0.7538432463,-0.2560356668,0,0.006574464635,0,-0.01628404353,0.2166553104,0.2178085118,0.005259571708,0.6807251463,-0.007012762277,0.004382976423,-0.003506381138,0.1833446896,-0.2221914882,0.005259571708,0.6807251463,-0.007012762277,-0.004382976423,0.003506381138
0,0,0.7581907142,0,-0.003967989587,0,0.9999921275,-0.3175460862,0,0,0.6694338228,-0.3578877366,0,-0.4062183877,0,0,0.7591873289,-0.2478649411,0,0.00755761152,0,-0.0174592,0.2191459492,0.2174807962,0.006046089216,0.6822208,-0.008061452288,0.00503840768,-0.004030726144,0.1808540508,-0.2225192038,0.006046089216,0.6822208,-0.008061452288,-0.00503840768,0.004030726144
0,0,0.7581457764,0,-0.004240691475,0,0.9999910082,-0.3179243191,0,0,0.6694576192,-0.3575333,0,-0.4123419052,0,0,0.7645471712,-0.2394655488,0,0.008632114555,0,-0.01865909842,0.2218680235,0.2171226285,0.006905691644,0.6837479434,-0.009207588858,0.005754743036,-0.004603794429,0.1781319765,-0.2228773715,0.006905691644,0.6837479434,-0.009207588858,-0.005754743036,0.004603794429
0,0,0.7581058884,0,-0.004518361335,0,0.9999897922,-0.318309056,0,0,0.6694810542,-0.3571719982,0,-0.4185361783,0,0,0.769906046,-0.2308553198,0,0.00979954948,0,-0.01988085752,0.2248255254,0.2167334835,0.007839639584,0.6853029096,-0.01045285278,0.006533032987,-0.00522642639,0.1751744746,-0.2232665165,0.007839639584,0.6853029096,-0.01045285278,-0.006533032987,0.00522642639
0,0,0.758071443,0,-0.004800325078,0,0.9999884784,-0.3186993431,0,0,0.6695040309,-0.3568046878,0,-0.4247849512,0,0,0.7752478074,-0.2220532379,0,0.01106078297,0,-0.02112151146,0.2280206502,0.2163130723,0.008848626373,0.6868819237,-0.0117981685,0.007373855311,-0.005899084249,0.1719793498,-0.2236869277,0.008848626373,0.6868819237,-0.0117981685,-0.007373855311,0.005899084249
0,0,0.7580427809,0,-0.005085892137,0,0.9999870668,-0.3190942077,0,0,0.6695264584,-0.3564322507,0,-0.4310720037,0,0,0.7805569709,-0.2130793734,0,0.01241593049,0,-0.02237802187,0.2314536906,0.2158613565,0.009932744391,0.6884811188,-0.01324365919,0.008277286992,-0.006621829594,0.1685463094,-0.2241386435,0.009932744391,0.6884811188,-0.01324365919,-0.008277286992,0.006621829594
0,0,0.7580201867,0,-0.005374358214,0,0.999985558,-0.3194926619,0,0,0.6695482526,-0.3560555907,0,-0.4373812168,0,0,0.7858187804,-0.2039548092,0,0.01386432207,0,-0.02364728998,0.2351229492,0.2153785593,0.01109145766,0.6900965509,-0.01478861021,0.009242881379,-0.007394305103,0.1648770508,-0.2246214407,0.01109145766,0.6900965509,-0.01478861021,-0.009242881379,0.007394305103
0,0,0.758003885,0,-0.005665008029,0,0.9999839537,-0.3198937064,0,0,0.6695693366,-0.3556756302,0,-0.4436966328,0,0,0.7910192654,-0.1947015594,0,0.01540447646,0,-0.02492616865,0.2390246737,0.2148651745,0.01232358116,0.6917242146,-0.01643144155,0.01026965097,-0.008215720776,0.1609753263,-0.2251348255,0.01232358116,0.6917242146,-0.01643144155,-0.01026965097,0.008215720776
0,0,0.7579940384,0,-0.005957118063,0,0.9999822562,-0.3202963348,0,0,0.6695896415,-0.3552933066,0,-0.4500025119,0,0,0.7961452858,-0.1853424816,0,0.0170340842,0,-0.02621147451,0.2431530133,0.2143219719,0.01362726736,0.6933600585,-0.01816968981,0.01135605613,-0.009084844905,0.1568469867,-0.2256780281,0.01362726736,0.6933600585,-0.01816968981,-0.01135605613,0.009084844905
0,0,0.7579907453,0,-0.00624995931,0,0.9999804688,-0.3206995374,0,0,0.6696091066,-0.3549095692,0,-0.4562833847,0,0,0.8011845679,-0.1759011832,0,0.01875,0,-0.0275,0.2475,0.21375,0.015,0.695,-0.02,0.0125,-0.01,0.1525,-0.22625,0.015,0.695,-0.02,-0.0125,0.01
0,0,0.7579940384,0,-0.006542800021,0,0.9999785957,-0.321102305,0,0,0.6696276801,-0.3545253751,0,-0.4625241009,0,0,0.8061257297,-0.1664019211,0,0.02054824463,0,-0.02878852549,0.2520555531,0.2131505851,0.0164385957,0.6966399415,-0.0219181276,0.01369882975,-0.0109590638,0.1479444469,-0.2268494149,0.0164385957,0.6966399415,-0.0219181276,-0.01369882975,0.0109590638
0,0,0.758003885,0,-0.006834908452,0,0.9999766417,-0.3215036327,0,0,0.669645319,-0.3541416863,0,-0.4687098747,0,0,0.8109582977,-0.1568694962,0,0.02242401649,0,-0.03007383135,0.2568075085,0.2125253278,0.0179392132,0.6982757854,-0.02391895093,0.01494934433,-0.01195947546,0.1431924915,-0.2274746722,0.0179392132,0.6982757854,-0.02391895093,-0.01494934433,0.01195947546
0,0,0.7580201867,0,-0.007125555614,0,0.9999746129,-0.3219025238,0,0,0.6696619893,-0.3537594655,0,-0.4748263274,0,0,0.8156727153,-0.1473291423,0,0.02437171303,0,-0.03135271002,0.261741673,0.2118760957,0.01949737042,0.6999034491,-0.0259964939,0.01624780869,-0.01299824695,0.138258327,-0.2281239043,0.01949737042,0.6999034491,-0.0259964939,-0.01624780869,0.01299824695
0,0,0.7580427809,0,-0.007414018014,0,0.9999725158,-0.3222979933,0,0,0.6696776661,-0.3533796728,0,-0.4808595264,0,0,0.820260343,-0.1378064103,0,0.02638496174,0,-0.03262197812,0.2668419031,0.2112050128,0.02110796939,0.7015188813,-0.02814395919,0.01758997449,-0.01407197959,0.1331580969,-0.2287949872,0.02110796939,0.7015188813,-0.02814395919,-0.01758997449,0.01407197959
0,0,0.758071443,0,-0.007699580408,0,0.9999703578,-0.3226890718,0,0,0.6696923333,-0.3530032616,0,-0.4867960228,0,0,0.8247134523,-0.1283270479,0,0.0284566608,0,-0.03387848854,0.2720902074,0.2105144464,0.02276532864,0.7031180763,-0.03035377153,0.0189711072,-0.01517688576,0.1279097926,-0.2294855536,0.02276532864,0.7031180763,-0.03035377153,-0.0189711072,0.01517688576
0,0,0.7581058884,0,-0.007981538545,0,0.999968147,-0.3230748087,0,0,0.6697059839,-0.3526311752,0,-0.4926228855,0,0,0.8290252126,-0.118916875,0,0.03057902897,0,-0.03511914248,0.2774668734,0.2098069903,0.02446322318,0.7046970904,-0.0326176309,0.02038601932,-0.01630881545,0.1225331266,-0.2301930097,0.02446322318,0.7046970904,-0.0326176309,-0.02038601932,0.01630881545
0,0,0.7581457764,0,-0.008259201912,0,0.9999658922,-0.3234542764,0,0,0.669718619,-0.3522643426,0,-0.4983277339,0,0,0.8331896726,-0.1096016559,0,0.03274366433,0,-0.03634090158,0.2829506163,0.2090854452,0.02619493146,0.7062520566,-0.03492657528,0.02182910955,-0.01746328764,0.1170493837,-0.2309145548,0.02619493146,0.7062520566,-0.03492657528,-0.02182910955,0.01746328764
0,0,0.7581907142,0,-0.008531896486,0,0.9999636027,-0.323826573,0,0,0.6697302482,-0.3519036751,0,-0.5038987685,0,0,0.8372017363,-0.1004069678,0,0.03494161152,0,-0.0375408,0.2885187492,0.2083527962,0.02795328922,0.7077792,-0.03727105229,0.02329440768,-0.01863552614,0.1114812508,-0.2316472038,0.02795328922,0.7077792,-0.03727105229,-0.02329440768,0.01863552614
0,0,0.7582402613,0,-0.008798967474,0,0.9999612883,-0.3241908267,0,0,0.6697408884,-0.3515500618,0,-0.5093247995,0,0,0.8410571349,-0.09135806697,0,0.03716343683,0,-0.03871595647,0.2941473733,0.2076121877,0.02973074947,0.7092748537,-0.03964099929,0.02477562456,-0.01982049964,0.1058526267,-0.2323878123,0.02973074947,0.7092748537,-0.03964099929,-0.02477562456,0.01982049964
0,0,0.7582939352,0,-0.009059782064,0,0.9999589593,-0.3245461982,0,0,0.6697505641,-0.3512043658,0,-0.5145952748,0,0,0.8447523948,-0.08247975188,0,0.03939931048,0,-0.03986358643,0.2998115866,0.2068668965,0.03151944838,0.7107354736,-0.04202593118,0.02626620699,-0.02101296559,0.1001884134,-0.2331331035,0.03151944838,0.7107354736,-0.04202593118,-0.02626620699,0.02101296559
0,0,0.7583512168,0,-0.009313732169,0,0.9999566263,-0.3248918852,0,0,0.6697593058,-0.3508674206,0,-0.519700306,0,0,0.8482848025,-0.07379622536,0,0.04163909535,0,-0.04098101405,0.3054857082,0.2061203016,0.03331127628,0.7121576542,-0.04441503504,0.0277593969,-0.02220751752,0.09451429179,-0.2338796984,0.03331127628,0.7121576542,-0.04441503504,-0.0277593969,0.02220751752
0,0,0.7584115568,0,-0.009560237175,0,0.9999542999,-0.3252271247,0,0,0.6697671503,-0.3505400256,0,-0.5246306938,0,0,0.8516523672,-0.06533095473,0,0.04387244137,0,-0.04206568438,0.3111435181,0.2053758529,0.0350979531,0.7135381438,-0.0467972708,0.02924829425,-0.0233986354,0.08885648186,-0.2346241471,0.0350979531,0.7135381438,-0.0467972708,-0.02924829425,0.0233986354
0,0,0.7584743824,0,-0.009798746684,0,0.9999519911,-0.3255511971,0,0,0.6697741393,-0.3502229422,0,-0.5293779526,0,0,0.8548537816,-0.05710653116,0,0.04608888467,0,-0.04311517538,0.3167585078,0.2046370384,0.03687110773,0.7148738596,-0.04916147698,0.03072592311,-0.02458073849,0.08324149218,-0.2353629616,0.03687110773,0.7148738596,-0.04916147698,-0.03072592311,0.02458073849
0,0,0.7585391038,0,-0.01002874326,0,0.9999497109,-0.3258634293,0,0,0.669780319,-0.3499168898,0,-0.5339343348,0,0,0.8578883819,-0.04914452856,0,0.04827795044,0,-0.04412721006,0.3223041411,0.2039073499,0.03862236035,0.7161619037,-0.05149648046,0.03218530029,-0.02574824023,0.0776958589,-0.2360926501,0.03862236035,0.7161619037,-0.05149648046,-0.03218530029,0.02574824023
0,0,0.7586051221,0,-0.01024974518,0,0.99994747,-0.3261631979,0,0,0.6697857393,-0.3496225414,0,-0.5382928545,0,0,0.8607561073,-0.04146536236,0,0.05042925865,0,-0.0450996685,0.3277541219,0.2031902471,0.04034340692,0.7173995781,-0.05379120923,0.03361950577,-0.02689560462,0.07224587808,-0.2368097529,0.04034340692,0.7173995781,-0.05379120923,-0.03361950577,0.02689560462
0,0,0.7586718358,0,-0.01046130918,0,0.999945279,-0.3264499326,0,0,0.6697904526,-0.3493405199,0,-0.5424473118,0,0,0.8634574606,-0.03408814887,0,0.05253263148,0,-0.0460306,0.3330826664,0.2024891228,0.04202610518,0.7185844,-0.05603480691,0.03502175432,-0.02801740346,0.06691733358,-0.2375108772,0.04202610518,0.7185844,-0.05603480691,-0.03502175432,0.02801740346
0,0,0.7587386484,0,-0.01066303318,0,0.9999431482,-0.3267231195,0,0,0.6697945135,-0.349071394,0,-0.5463923171,0,0,0.8659934695,-0.0270305654,0,0.0545782013,0,-0.04691823511,0.3382647766,0.2018072662,0.04366256104,0.7197141174,-0.05821674806,0.03638546754,-0.02910837403,0.06173522337,-0.2381927338,0.04366256104,0.7197141174,-0.05821674806,-0.03638546754,0.02910837403
0,0,0.7588049761,0,-0.01085455906,0,0.9999410875,-0.3269823043,0,0,0.6697979779,-0.3488156736,0,-0.5501233162,0,0,0.8683656502,-0.02030871185,0,0.05655651834,0,-0.04776099775,0.3432765131,0.2011478272,0.04524521467,0.7207867244,-0.0603269529,0.03770434556,-0.03016347645,0.05672348687,-0.2388521728,0.04524521467,0.7207867244,-0.0603269529,-0.03770434556,0.03016347645
0,0,0.7588702541,0,-0.01103557538,0,0.9999391062,-0.3272270957,0,0,0.6698009018,-0.348573806,0,-0.5536366167,0,0,0.8705759735,-0.01393697404,0,0.05845865667,0,-0.04855751729,0.3480952636,0.2005137811,0.04676692534,0.7218004766,-0.06235590045,0.03897243778,-0.03117795023,0.05190473643,-0.2394862189,0.04676692534,0.7218004766,-0.06235590045,-0.03897243778,0.03117795023
0,0,0.7589339444,0,-0.01120582015,0,0.9999372128,-0.3274571688,0,0,0.669803341,-0.3483461723,0,-0.5569294145,0,0,0.872626835,-0.007927889283,0,0.0602763176,0,-0.04930664063,0.3527000046,0.1999078941,0.04822105408,0.7227539063,-0.06429473877,0.04018421173,-0.03214736938,0.04729999542,-0.2400921059,0.04822105408,0.7227539063,-0.06429473877,-0.04018421173,0.03214736938
0,0,0.758995542,0,-0.01136508356,0,0.9999354154,-0.3276722681,0,0,0.6698053503,-0.3481330822,0,-0.5599998239,0,0,0.8745210292,-0.002292014633,0,0.06200192928,0,-0.05000744425,0.3570715542,0.1993326902,0.04960154342,0.7236458381,-0.06613539123,0.04133461952,-0.03306769561,0.04292844584,-0.2406673098,0.04960154342,0.7236458381,-0.06613539123,-0.04133461952,0.03306769561
0,0,0.7590545813,0,-0.01151321072,0,0.9999337208,-0.3278722113,0,0,0.6698069826,-0.3479347713,0,-0.5628469075,0,0,0.8762617281,0.002962201824,0,0.0636287416,0,-0.05065924639,0.361192812,0.1987904195,0.05090299328,0.7244754045,-0.0678706577,0.04241916107,-0.03393532885,0.03880718795,-0.2412095805,0.05090299328,0.7244754045,-0.0678706577,-0.04241916107,0.03393532885
0,0,0.7591106419,0,-0.01165010441,0,0.9999321352,-0.3280568924,0,0,0.6698082883,-0.3477513959,0,-0.5654707098,0,0,0.8778524663,0.007828546276,0,0.06515091531,0,-0.05126161902,0.3650489854,0.1982830282,0.05212073225,0.7252420606,-0.06949430966,0.04343394354,-0.03474715483,0.03495101455,-0.2417169718,0.05212073225,0.7252420606,-0.06949430966,-0.04343394354,0.03474715483
0,0,0.7591633536,0,-0.01177572783,0,0.9999306637,-0.3282262851,0,0,0.6698093152,-0.3475830301,0,-0.5678722924,0,0,0.8792971316,0.01230316073,0,0.06656360448,0,-0.0518144,0.368627798,0.1978121318,0.05325088358,0.7259456,-0.07100117811,0.04437573632,-0.03550058906,0.03137220198,-0.2421878682,0.05325088358,0.7259456,-0.07100117811,-0.04437573632,0.03550058906
0,0,0.7592124018,0,-0.01189010736,0,0.9999293102,-0.3283804467,0,0,0.6698101076,-0.3474296609,0,-0.5700537723,0,0,0.8805999628,0.01638466048,0,0.06786303155,0,-0.05231770515,0.3719196799,0.1973789895,0.05429042524,0.7265861702,-0.07238723366,0.04524202104,-0.03619361683,0.02808032007,-0.2426210105,0.05429042524,0.7265861702,-0.07238723366,-0.04524202104,0.03619361683
0,0,0.7592575306,0,-0.01199333526,0,0.9999280774,-0.328519521,0,0,0.6698107061,-0.3472911851,0,-0.5720183633,0,0,0.8817655545,0.02007424732,0,0.06904655421,0,-0.05277194033,0.3749179373,0.1969844819,0.05523724337,0.7271642877,-0.07364965782,0.04603103614,-0.03682482891,0.02508206267,-0.2430155181,0.05523724337,0.7271642877,-0.07364965782,-0.04603103614,0.03682482891
0,0,0.7592985471,0,-0.01208557248,0,0.9999269668,-0.3286437422,0,0,0.6698111471,-0.3471674049,0,-0.5737704198,0,0,0.8827988694,0.0233758182,0,0.07011272355,0,-0.05317781351,0.3776188997,0.1966290922,0.05609017884,0.7276808536,-0.07478690512,0.0467418157,-0.03739345256,0.02238110035,-0.2433709078,0.05609017884,0.7276808536,-0.07478690512,-0.0467418157,0.03739345256
0,0,0.7593353232,0,-0.01216705135,0,0.9999259787,-0.3287534386,0,0,0.6698114632,-0.3470580246,0,-0.5753154847,0,0,0.8837052592,0.02629606924,0,0.07106133314,0,-0.05353634687,0.380022044,0.196312889,0.05684906651,0.7281371688,-0.07579875535,0.04737422209,-0.03789937768,0.01997795604,-0.243687111,0.05684906651,0.7281371688,-0.07579875535,-0.04737422209,0.03789937768
0,0,0.7593677977,0,-0.01223807834,0,0.9999251119,-0.3288490359,0,0,0.6698116825,-0.3469626466,0,-0.5766603401,0,0,0.8844904926,0.02884459511,0,0.07189345876,0,-0.05384888891,0.3821300955,0.1960355137,0.05751476701,0.7285349495,-0.07668635601,0.0479289725,-0.038343178,0.01786990448,-0.2439644863,0.05751476701,0.7285349495,-0.07668635601,-0.0479289725,0.038343178
0,0,0.7593959778,0,-0.01229903683,0,0.999924364,-0.3289310613,0,0,0.6698118289,-0.3468807676,0,-0.5778130613,0,0,0.8851607916,0.03103398363,0,0.07261148868,0,-0.05411712646,0.3839491047,0.1957961704,0.05808919095,0.7288763428,-0.07745225459,0.04840765912,-0.0387261273,0.01605089534,-0.2442038296,0.05808919095,0.7288763428,-0.07745225459,-0.04840765912,0.0387261273
0,0,0.759419939,0,-0.01235038984,0,0.999923731,-0.3290001469,0,0,0.6698119222,-0.3468117753,0,-0.5787830749,0,0,0.8857228763,0.03287990591,0,0.0732191449,0,-0.05434309687,0.3854885004,0.1955936184,0.05857531592,0.7291639415,-0.07810042123,0.04881276327,-0.03905021061,0.01451149959,-0.2444063816,0.05857531592,0.7291639415,-0.07810042123,-0.04881276327,0.03905021061
0,0,0.7594398249,0,-0.01239268277,0,0.9999232078,-0.3290570339,0,0,0.6698119785,-0.3467549446,0,-0.5795812183,0,0,0.8861840162,0.03440120213,0,0.07372149552,0,-0.0545292,0.386761122,0.1954261682,0.05897719642,0.7294008,-0.07863626189,0.04914766368,-0.03931813094,0.01323887802,-0.2445738318,0.05897719642,0.7294008,-0.07863626189,-0.04914766368,0.03931813094
0,0,0.7594558463,0,-0.01242654615,0,0.9999227875,-0.329102576,0,0,0.6698120102,-0.3467094342,0,-0.5802198042,0,0,0.8865520886,0.03561996338,0,0.0741249592,0,-0.05467821035,0.38778323,0.1952916803,0.05929996736,0.7295904495,-0.07906662314,0.04941663946,-0.03953331157,0.01221677004,-0.2447083197,0.05929996736,0.7295904495,-0.07906662314,-0.04941663946,0.03953331157
0,0,0.7594682797,0,-0.0124526984,0,0.9999224621,-0.3291377435,0,0,0.6698120265,-0.346674283,0,-0.5807126859,0,0,0.8868356431,0.0365616101,0,0.07443730257,0,-0.05479328916,0.3885744998,0.1951875658,0.05954984206,0.7297369135,-0.07939978941,0.04962486838,-0.0396998947,0.01142550016,-0.2448124342,0.05954984206,0.7297369135,-0.07939978941,-0.04962486838,0.0396998947
0,0,0.7594774653,0,-0.01247194856,0,0.9999222222,-0.3291636275,0,0,0.669812034,-0.3466484065,0,-0.581075325,0,0,0.887043971,0.03725496777,0,0.07466763208,0,-0.05487799644,0.3891580013,0.1951107893,0.05973410566,0.7298447227,-0.07964547422,0.04977842138,-0.03982273711,0.01084199874,-0.2448892107,0.05973410566,0.7298447227,-0.07964547422,-0.04977842138,0.03982273711
0,0,0.7594838046,0,-0.01248519905,0,0.9999220569,-0.3291814431,0,0,0.6698120369,-0.3466305938,0,-0.5813248613,0,0,0.8871871769,0.03773234071,0,0.07482638184,0,-0.05493630312,0.3895601673,0.1950578727,0.05986110548,0.7299189313,-0.0798148073,0.04988425456,-0.03990740365,0.01043983266,-0.2449421273,0.05986110548,0.7299189313,-0.0798148073,-0.04988425456,0.03990740365
0,0,0.759487758,0,-0.0124934484,0,0.9999219538,-0.3291925341,0,0,0.6698120378,-0.3466195037,0,-0.5814801823,0,0,0.8872762532,0.03802958516,0,0.07492529977,0,-0.05497260309,0.3898107594,0.1950249001,0.05994023981,0.7299651312,-0.07992031975,0.04995019985,-0.03996015988,0.01018924059,-0.2449750999,0.05994023981,0.7299651312,-0.07992031975,-0.04995019985,0.03996015988
0,0,0.7594898427,0,-0.01249779401,0,0.9999218995,-0.3291983766,0,0,0.669812038,-0.3466136614,0,-0.5815619927,0,0,0.8873231526,0.03818618281,0,0.07497743431,0,-0.05499172529,0.3899428336,0.1950075219,0.05998194745,0.7299894686,-0.07997592994,0.04998495621,-0.03998796497,0.0100571664,-0.2449924781,0.05998194745,0.7299894686,-0.07997592994,-0.04998495621,0.03998796497
0,0,0.7594906303,0,-0.01249943491,0,0.999921879,-0.3292005826,0,0,0.669812038,-0.3466114554,0,-0.5815928824,0,0,0.8873408574,0.03824531655,0,0.074997125,0,-0.05499894582,0.3899927167,0.1950009583,0.0599977,0.7299986583,-0.07999693333,0.04999808333,-0.03999846667,0.01000728334,-0.2449990417,0.0599977,0.7299986583,-0.07999693333,-0.04999808333,0.03999846667
-0,0,0.7594907453,0,-0.01249967448,0,0.999921876,-0.3292009047,0,0,0.669812038,-0.3466111333,0,-0.5815973921,0,0,0.8873434421,0.03825395004,0,0.075,0,-0.055,0.39,0.195,0.06,0.73,-0.08,0.05,-0.04,0.01,-0.245,0.06,0.73,-0.08,-0.05,0.04
-2.488476833e-06,0,0.7594907453,0,-0.01249967448,0,0.999921876,-0.3292052241,0,0,0.6698120379,-0.3466068139,0,-0.5815942759,0,0,0.8873462027,0.0382480732,0,0.075,0,-0.055,0.39,0.195,0.06,0.73,-0.08,0.05,-0.04,0.01,-0.245,0.06,0.73,-0.08,-0.05,0.04
-1.946674912e-05,0,0.7594907453,0,-0.01249967448,0,0.999921876,-0.3292346926,0,0,0.6698120347,-0.3465773421,0,-0.5815730135,0,0,0.8873650354,0.0382079781,0,0.075,0,-0.055,0.39,0.195,0.06,0.73,-0.08,0.05,-0.04,0.01,-0.245,0.06,0.73,-0.08,-0.05,0.04
-6.422950956e-05,0,0.7594907453,0,-0.01249967448,0,0.999921876,-0.3293123738,0,0,0.6698120023,-0.3464996285,0,-0.5815169444,0,0,0.8874146667,0.0381022776,0,0.075,0,-0.055,0.39,0.195,0.06,0.73,-0.08,0.05,-0.04,0.01,-0.245,0.06,0.73,-0.08,-0.05,0.04
-0.0001488037176,0,0.7594907453,0,-0.01249967448,0,0.999921876,-0.3294590972,0,0,0.6698118463,-0.346352749,0,-0.581410963,0,0,0.8875083583,0.03790260465,0,0.075,0,-0.055,0.39,0.195,0.06,0.73,-0.08,0.05,-0.04,0.01,-0.245,0.06,0.73,-0.08,-0.05,0.04
-0.0002839882159,0,0.7594907453,0,-0.01249967448,0,0.999921876,-0.3296934956,0,0,0.6698113396,-0.346117844,0,-0.5812414387,0,0,0.8876578954,0.03758354332,0,0.075,0,-0.055,0.39,0.195,0.06,0.73,-0.08,0.05,-0.04,0.01,-0.245,0.06,0.73,-0.08,-0.05,0.04
-0.0004793933474,0,0.7594907453,0,-0.01249967448,0,0.999921876,-0.3300320366,0,0,0.6698100478,-0.3457780112,0,-0.5809961306,0,0,0.8878735668,0.03712256385,0,0.075,0,-0.055,0.39,0.195,0.06,0.73,-0.08,0.05,-0.04,0.01,-0.245,0.06,0.73,-0.08,-0.05,0.04
-0.0007434805715,0,0.7594907453,0,-0.01249967448,0,0.999921876,-0.3304890539,0,0,0.6698072512,-0.3453181972,0,-0.5806641015,0,0,0.8881641427,0.03649995881,0,0.075,0,-0.055,0.39,0.195,0.06,0.73,-0.08,0.05,-0.04,0.01,-0.245,0.06,0.73,-0.08,-0.05,0.04
-0.001083602081,0,0.7594907453,0,-0.01249967448,0,0.999921876,-0.3310767784,0,0,0.6698018696,-0.3447250913,0,-0.5802356327,0,0,0.8885368547,0.03569877798,0,0.075,0,-0.055,0.39,0.195,0.06,0.73,-0.08,0.05,-0.04,0.01,-0.245,0.06,0.73,-0.08,-0.05,0.04
-0.001506040419,0,0.7594907453,0,-0.01249967448,0,0.999921876,-0.3318053739,0,0,0.6697923959,-0.3439870221,0,-0.5797021438,0,0,0.8889973835,0.0347047603,0,0.075,0,-0.055,0.39,0.195,0.06,0.73,-0.08,0.05,-0.04,0.01,-0.245,0.06,0.73,-0.08,-0.05,0.04
-0.002016048095,0,0.7594907453,0,-0.01249967448,0,0.999921876,-0.3326829783,0,0,0.6697768399,-0.3430938616,0,-0.579056118,0,0,0.8895498569,0.03350626106,0,0.075,0,-0.055,0.39,0.195,0.06,0.73,-0.08,0.05,-0.04,0.01,-0.245,0.06,0.73,-0.08,-0.05,0.04
-0.002617887202,0,0.7594907453,0,-0.01249967448,0,0.999921876,-0.3337157516,0,0,0.6697526872,-0.3420369357,0,-0.5782910346,0,0,0.8901968611,0.03209417351,0,0.075,0,-0.055,0.39,0.195,0.06,0.73,-0.08,0.05,-0.04,0.01,-0.245,0.06,0.73,-0.08,-0.05,0.04
-0.003314869033,0,0.7594907453,0,-0.01249967448,0,0.999921876,-0.3349079314,0,0,0.6697168752,-0.3408089438,0,-0.5774013102,0,0,0.8909394663,0.030461844,0,0.075,0,-0.055,0.39,0.195,0.06,0.73,-0.08,0.05,-0.04,0.01,-0.245,0.06,0.73,-0.08,-0.05,0.04
-0.004109393697,0,0.7594907453,0,-0.01249967448,0,0.999921876,-0.3362618978,0,0,0.6696657853,-0.3394038875,0,-0.5763822489,0,0,0.8917772687,0.02860498014,0,0.075,0,-0.055,0.39,0.195,0.06,0.73,-0.08,0.05,-0.04,0.01,-0.245,0.06,0.73,-0.08,-0.05,0.04
-0.005002989738,0,0.7594907453,0,-0.01249967448,0,0.999921876,-0.3377782459,0,0,0.6695952541,-0.3378170083,0,-0.5752300007,0,0,0.8927084487,0.02652155202,0,0.075,0,-0.055,0.39,0.195,0.06,0.73,-0.08,0.05,-0.04,0.01,-0.245,0.06,0.73,-0.08,-0.05,0.04
-0.005996353748,0,0.7594907453,0,-0.01249967448,0,0.999921876,-0.3394558677,0,0,0.6695006024,-0.3360447347,0,-0.5739415304,0,0,0.8937298441,0.02421168635,0,0.075,0,-0.055,0.39,0.195,0.06,0.73,-0.08,0.05,-0.04,0.01,-0.245,0.06,0.73,-0.08,-0.05,0.04
-0.007089389988,0,0.7594907453,0,-0.01249967448,0,0.999921876,-0.3412920424,0,0,0.6693766811,-0.3340846387,0,-0.5725145934,0,0,0.8948370394,0.02167755398,0,0.075,0,-0.055,0.39,0.195,0.06,0.73,-0.08,0.05,-0.04,0.01,-0.245,0.06,0.73,-0.08,-0.05,0.04
-0.00828125,0,0.7594907453,0,-0.01249967448,0,0.999921876,-0.3432825339,0,0,0.6692179332,-0.3319353993,0,-0.5709477202,0,0,0.896024469,0.01892325121,0,0.075,0,-0.055,0.39,0.195,0.06,0.73,-0.08,0.05,-0.04,0.01,-0.245,0.06,0.73,-0.08,-0.05,0.04
-0.009570372228,0,0.7594907453,0,-0.01249967448,0,0.999921876,-0.3454216963,0,0,0.6690184709,-0.3295967746,0,-0.5692402077,0,0,0.8972855321,0.01595467556,0,0.075,0,-0.055,0.39,0.195,0.06,0.73,-0.08,0.05,-0.04,0.01,-0.245,0.06,0.73,-0.08,-0.05,0.04
-0.01095452163,0,0.7594907453,0,-0.01249967448,0,0.999921876,-0.3477025854,0,0,0.6687721647,-0.3270695792,0,-0.5673921156,0,0,0.8986127188,0.01277939679,0,0.075,0,-0.055,0.39,0.195,0.06,0.73,-0.08,0.05,-0.04,0.01,-0.245,0.06,0.73,-0.08,-0.05,0.04
-0.0124308293,0,0.7594907453,0,-0.01249967448,0,0.999921876,-0.3501170757,0,0,0.6684727437,-0.324355668,0,-0.5654042683,0,0,0.8999977444,0.009406523877,0,0.075,0,-0.055,0.39,0.195,0.06,0.73,-0.08,0.05,-0.04,0.01,-0.245,0.06,0.73,-0.08,-0.05,0.04
-0.01399583208,0,0.7594907453,0,-0.01249967448,0,0.999921876,-0.3526559818,0,0,0.6681139045,-0.3214579227,0,-0.5632782594,0,0,0.9014316904,0.005846569027,0,0.075,0,-0.055,0.39,0.195,0.06,0.73,-0.08,0.05,-0.04,0.01,-0.245,0.06,0.73,-0.08,-0.05,0.04
-0.01564551219,0,0.7594907453,0,-0.01249967448,0,0.999921876,-0.3553091837,0,0,0.667689426,-0.3183802423,0,-0.5610164588,0,0,0.9029051493,0.002111309546,0,0.075,0,-0.055,0.39,0.195,0.06,0.73,-0.08,0.05,-0.04,0.01,-0.245,0.06,0.73,-0.08,-0.05,0.04
-0.01737533681,0,0.7594907453,0,-0.01249967448,0,0.999921876,-0.3580657542,0,0,0.6671932888,-0.3151275345,0,-0.5586220194,0,0,0.9044083709,-0.001786351472,0,0.075,0,-0.055,0.39,0.195,0.06,0.73,-0.08,0.05,-0.04,0.01,-0.245,0.06,0.73,-0.08,-0.05,0.04
-0.01918029773,0,0.7594907453,0,-0.01249967448,0,0.999921876,-0.3609140874,0,0,0.6666197952,-0.3117057078,0,-0.5560988845,0,0,0.9059314092,-0.005832524692,0,0.075,0,-0.055,0.39,0.195,0.06,0.73,-0.08,0.05,-0.04,0.01,-0.245,0.06,0.73,-0.08,-0.05,0.04
-0.02105495098,0,0.7594907453,0,-0.01249967448,0,0.999921876,-0.3638420277,0,0,0.6659636901,-0.3081216624,0,-0.5534517924,0,0,0.9074642658,-0.01001247341,0,0.075,0,-0.055,0.39,0.195,0.06,0.73,-0.08,0.05,-0.04,0.01,-0.245,0.06,0.73,-0.08,-0.05,0.04
-0.02299345638,0,0.7594907453,0,-0.01249967448,0,0.999921876,-0.3668369979,0,0,0.6652202776,-0.3043832797,0,-0.5506862782,0,0,0.9089970291,-0.01431075092,0,0.075,0,-0.055,0.39,0.195,0.06,0.73,-0.08,0.05,-0.04,0.01,-0.245,0.06,0.73,-0.08,-0.05,0.04
-0.02498961724,0,0.7594907453,0,-0.01249967448,0,0.999921876,-0.369886126,0,0,0.6643855341,-0.3004994081,0,-0.5478086717,0,0,0.9105200072,-0.01871133551,0,0.075,0,-0.055,0.39,0.195,0.06,0.73,-0.08,0.05,-0.04,0.01,-0.245,0.06,0.73,-0.08,-0.05,0.04
-0.02703691992,0,0.7594907453,0,-0.01249967448,0,0.999921876,-0.3729763678,0,0,0.6634562134,-0.2964798456,0,-0.54482609,0,0,0.9120238524,-0.02319776234,0,0.075,0,-0.055,0.39,0.195,0.06,0.73,-0.08,0.05,-0.04,0.01,-0.245,0.06,0.73,-0.08,-0.05,0.04
-0.02912857345,0,0.7594907453,0,-0.01249967448,0,0.999921876,-0.3760946274,0,0,0.6624299443,-0.2923353169,0,-0.5417464249,0,0,0.9134996765,-0.02775325161,0,0.075,0,-0.055,0.39,0.195,0.06,0.73,-0.08,0.05,-0.04,0.01,-0.245,0.06,0.73,-0.08,-0.05,0.04
-0.03125754918,0,0.7594907453,0,-0.01249967448,0,0.999921876,-0.379227872,0,0,0.6613053171,-0.2880774451,0,-0.5385783226,0,0,0.9149391548,-0.03236083217,0,0.075,0,-0.055,0.39,0.195,0.06,0.73,-0.08,0.05,-0.04,0.01,-0.245,0.06,0.73,-0.08,-0.05,0.04
-0.03341662037,0,0.7594907453,0,-0.01249967448,0,0.999921876,-0.3823632413,0,0,0.6600819585,-0.2837187171,0,-0.5353311578,0,0,0.916334618,-0.03700346025,0,0.075,0,-0.055,0.39,0.195,0.06,0.73,-0.08,0.05,-0.04,0.01,-0.245,0.06,0.73,-0.08,-0.05,0.04
-0.03559840181,0,0.7594907453,0,-0.01249967448,0,0.999921876,-0.3854881513,0,0,0.6587605936,-0.2792724423,0,-0.5320149992,0,0,0.9176791318,-0.04166413265,0,0.075,0,-0.055,0.39,0.195,0.06,0.73,-0.08,0.05,-0.04,0.01,-0.245,0.06,0.73,-0.08,-0.05,0.04
-0.03779538945,0,0.7594907453,0,-0.01249967448,0,0.999921876,-0.3885903901,0,0,0.6573430934,-0.2747527033,0,-0.5286405678,0,0,0.918966562,-0.04632599412,0,0.075,0,-0.055,0.39,0.195,0.06,0.73,-0.08,0.05,-0.04,0.01,-0.245,0.06,0.73,-0.08,-0.05,0.04
-0.04,0,0.7594907453,0,-0.01249967448,0,0.999921876,-0.3916582069,0,0,0.6558325065,-0.2701742996,0,-0.5252191874,0,0,0.9201916259,-0.05097243844,0,0.075,0,-0.055,0.39,0.195,0.06,0.73,-0.08,0.05,-0.04,0.01,-0.245,0.06,0.73,-0.08,-0.05,0.04
-0.04220461055,0,0.7594907453,0,-0.01249967448,0,0.999921876,-0.3946803922,0,0,0.6542330745,-0.2655526823,0,-0.5217627266,0,0,0.9213499296,-0.05558720304,0,0.075,0,-0.055,0.39,0.195,0.06,0.73,-0.08,0.05,-0.04,0.01,-0.245,0.06,0.73,-0.08,-0.05,0.04
-0.04440159819,0,0.7594907453,0,-0.01249967448,0,0.999921876,-0.3976463498,0,0,0.6525502308,-0.260903881,0,-0.5182835337,0,0,0.9224379906,-0.06015445697,0,0.075,0,-0.055,0.39,0.195,0.06,0.73,-0.08,0.05,-0.04,0.01,-0.245,0.06,0.73,-0.08,-0.05,0.04
-0.04658337963,0,0.7594907453,0,-0.01249967448,0,0.999921876,-0.4005461589,0,0,0.6507905809,-0.256244422,0,-0.5147943636,0,0,0.9234532457,-0.06465888207,0,0.075,0,-0.055,0.39,0.195,0.06,0.73,-0.08,0.05,-0.04,0.01,-0.245,0.06,0.73,-0.08,-0.05,0.04
-0.04874245082,0,0.7594907453,0,-0.01249967448,0,0.999921876,-0.4033706273,0,0,0.648961865,-0.2515912377,0,-0.5113082975,0,0,0.9243940449,-0.0690857474,0,0.075,0,-0.055,0.39,0.195,0.06,0.73,-0.08,0.05,-0.04,0.01,-0.245,0.06,0.73,-0.08,-0.05,0.04
-0.05087142655,0,0.7594907453,0,-0.01249967448,0,0.999921876,-0.4061113344,0,0,0.6470729019,-0.2469615674,0,-0.5078386556,0,0,0.9252596325,-0.07342097687,0,0.075,0,-0.055,0.39,0.195,0.06,0.73,-0.08,0.05,-0.04,0.01,-0.245,0.06,0.73,-0.08,-0.05,0.04
-0.05296308008,0,0.7594907453,0,-0.01249967448,0,0.999921876,-0.4087606646,0,0,0.6451335142,-0.2423728496,0,-0.5043989034,0,0,0.9260501138,-0.07765121041,0,0.075,0,-0.055,0.39,0.195,0.06,0.73,-0.08,0.05,-0.04,0.01,-0.245,0.06,0.73,-0.08,-0.05,0.04
-0.05501038276,0,0.7594907453,0,-0.01249967448,0,0.999921876,-0.4113118303,0,0,0.643154436,-0.2378426057,0,-0.5010025522,0,0,0.926766411,-0.0817638588,0,0.075,0,-0.055,0.39,0.195,0.06,0.73,-0.08,0.05,-0.04,0.01,-0.245,0.06,0.73,-0.08,-0.05,0.04
-0.05700654362,0,0.7594907453,0,-0.01249967448,0,0.999921876,-0.4137588861,0,0,0.6411472018,-0.2333883157,0,-0.4976630542,0,0,0.9274102067,-0.08574715253,0,0.075,0,-0.055,0.39,0.195,0.06,0.73,-0.08,0.05,-0.04,0.01,-0.245,0.06,0.73,-0.08,-0.05,0.04
-0.05894504902,0,0.7594907453,0,-0.01249967448,0,0.999921876,-0.4160967322,0,0,0.6391240182,-0.229027286,0,-0.4943936932,0,0,0.9279838785,-0.0895901852,0,0.075,0,-0.055,0.39,0.195,0.06,0.73,-0.08,0.05,-0.04,0.01,-0.245,0.06,0.73,-0.08,-0.05,0.04
-0.06081970227,0,0.7594907453,0,-0.01249967448,0,0.999921876,-0.4183211102,0,0,0.6370976202,-0.22477651,0,-0.4912074716,0,0,0.9284904237,-0.09328295201,0,0.075,0,-0.055,0.39,0.195,0.06,0.73,-0.08,0.05,-0.04,0.01,-0.245,0.06,0.73,-0.08,-0.05,0.04
-0.06262466319,0,0.7594907453,0,-0.01249967448,0,0.999921876,-0.4204285896,0,0,0.6350811112,-0.2206525216,0,-0.4881169937,0,0,0.9289333775,-0.09681638379,0,0.075,0,-0.055,0.39,0.195,0.06,0.73,-0.08,0.05,-0.04,0.01,-0.245,0.06,0.73,-0.08,-0.05,0.04
-0.06435448781,0,0.7594907453,0,-0.01249967448,0,0.999921876,-0.4224165474,0,0,0.6330877908,-0.2166712435,0,-0.4851343472,0,0,0.9293167248,-0.1001823776,0,0.075,0,-0.055,0.39,0.195,0.06,0.73,-0.08,0.05,-0.04,0.01,-0.245,0.06,0.73,-0.08,-0.05,0.04
-0.06600416792,0,0.7594907453,0,-0.01249967448,0,0.999921876,-0.4242831406,0,0,0.63113097,-0.2128478295,0,-0.4822709837,0,0,0.9296448084,-0.1033738247,0,0.075,0,-0.055,0.39,0.195,0.06,0.73,-0.08,0.05,-0.04,0.01,-0.245,0.06,0.73,-0.08,-0.05,0.04
-0.0675691707,0,0.7594907453,0,-0.01249967448,0,0.999921876,-0.4260272745,0,0,0.6292237783,-0.2091965037,0,-0.4795375979,0,0,0.9299222337,-0.1063846358,0,0.075,0,-0.055,0.39,0.195,0.06,0.73,-0.08,0.05,-0.04,0.01,-0.245,0.06,0.73,-0.08,-0.05,0.04
-0.06904547837,0,0.7594907453,0,-0.01249967448,0,0.999921876,-0.4276485666,0,0,0.6273789632,-0.2057303966,0,-0.4769440073,0,0,0.9301537742,-0.1092097669,0,0.075,0,-0.055,0.39,0.195,0.06,0.73,-0.08,0.05,-0.04,0.01,-0.245,0.06,0.73,-0.08,-0.05,0.04
-0.07042962777,0,0.7594907453,0,-0.01249967448,0,0.999921876,-0.4291473082,0,0,0.6256086874,-0.2024613792,0,-0.4744990336,0,0,0.9303442772,-0.1118452436,0,0.075,0,-0.055,0.39,0.195,0.06,0.73,-0.08,0.05,-0.04,0.01,-0.245,0.06,0.73,-0.08,-0.05,0.04
-0.07171875,0,0.7594907453,0,-0.01249967448,0,0.999921876,-0.4305244263,0,0,0.6239243247,-0.1993998984,0,-0.4722103855,0,0,0.9304985729,-0.1142881874,0,0.075,0,-0.055,0.39,0.195,0.06,0.73,-0.08,0.05,-0.04,0.01,-0.245,0.06,0.73,-0.08,-0.05,0.04
-0.07291061001,0,0.7594907453,0,-0.01249967448,0,0.999921876,-0.4317814464,0,0,0.6223362592,-0.1965548127,0,-0.4700845448,0,0,0.9306213888,-0.116536844,0,0.075,0,-0.055,0.39,0.195,0.06,0.73,-0.08,0.05,-0.04,0.01,-0.245,0.06,0.73,-0.08,-0.05,0.04
-0.07400364625,0,0.7594907453,0,-0.01249967448,0,0.999921876,-0.4329204594,0,0,0.6208536914,-0.1939332321,0,-0.468126656,0,0,0.9307172703,-0.1185906143,0,0.075,0,-0.055,0.39,0.195,0.06,0.73,-0.08,0.05,-0.04,0.01,-0.245,0.06,0.73,-0.08,-0.05,0.04
-0.07499701026,0,0.7594907453,0,-0.01249967448,0,0.999921876,-0.4339440928,0,0,0.619484455,-0.1915403623,0,-0.4663404205,0,0,0.9307905106,-0.1204500901,0,0.075,0,-0.055,0.39,0.195,0.06,0.73,-0.08,0.05,-0.04,0.01,-0.245,0.06,0.73,-0.08,-0.05,0.04
-0.0758906063,0,0.7594907453,0,-0.01249967448,0,0.999921876,-0.4348554904,0,0,0.6182348463,-0.1893793558,0,-0.4647279955,0,0,0.9308450897,-0.1221170943,0,0.075,0,-0.055,0.39,0.195,0.06,0.73,-0.08,0.05,-0.04,0.01,-0.245,0.06,0.73,-0.08,-0.05,0.04
-0.07668513097,0,0.7594907453,0,-0.01249967448,0,0.999921876,-0.4356583006,0,0,0.6171094716,-0.1874511711,0,-0.4632898993,0,0,0.9308846264,-0.123594727,0,0.075,0,-0.055,0.39,0.195,0.06,0.73,-0.08,0.05,-0.04,0.01,-0.245,0.06,0.73,-0.08,-0.05,0.04
-0.0773821128,0,0.7594907453,0,-0.01249967448,0,0.999921876,-0.4363566742,0,0,0.6161111145,-0.1857544403,0,-0.4620249224,0,0,0.9309123408,-0.1248874183,0,0.075,0,-0.055,0.39,0.195,0.06,0.73,-0.08,0.05,-0.04,0.01,-0.245,0.06,0.73,-0.08,-0.05,0.04
-0.07798395191,0,0.7594907453,0,-0.01249967448,0,0.999921876,-0.4369552759,0,0,0.6152406245,-0.1842853485,0,-0.4609300447,0,0,0.9309310326,-0.1260009879,0,0.075,0,-0.055,0.39,0.195,0.06,0.73,-0.08,0.05,-0.04,0.01,-0.245,0.06,0.73,-0.08,-0.05,0.04
-0.07849395958,0,0.7594907453,0,-0.01249967448,0,0.999921876,-0.437459307,0,0,0.61449683,-0.183037523,0,-0.46000036,0,0,0.9309430716,-0.1269427116,0,0.075,0,-0.055,0.39,0.195,0.06,0.73,-0.08,0.05,-0.04,0.01,-0.245,0.06,0.73,-0.08,-0.05,0.04
-0.07891639792,0,0.7594907453,0,-0.01249967448,0,0.999921876,-0.4378745411,0,0,0.613876476,-0.1820019349,0,-0.4592290074,0,0,0.9309504035,-0.1277213961,0,0.075,0,-0.055,0.39,0.195,0.06,0.73,-0.08,0.05,-0.04,0.01,-0.245,0.06,0.73,-0.08,-0.05,0.04
-0.07925651943,0,0.7594907453,0,-0.01249967448,0,0.999921876,-0.438207374,0,0,0.6133741854,-0.1811668114,0,-0.4586071084,0,0,0.9309545684,-0.12834746,0,0.075,0,-0.055,0.39,0.195,0.06,0.73,-0.08,0.05,-0.04,0.01,-0.245,0.06,0.73,-0.08,-0.05,0.04
-0.07952060665,0,0.7594907453,0,-0.01249967448,0,0.999921876,-0.4384648842,0,0,0.6129824435,-0.1805175593,0,-0.4581237106,0,0,0.9309567328,-0.1288330222,0,0.075,0,-0.055,0.39,0.195,0.06,0.73,-0.08,0.05,-0.04,0.01,-0.245,0.06,0.73,-0.08,-0.05,0.04
-0.07971601178,0,0.7594907453,0,-0.01249967448,0,0.999921876,-0.4386549055,0,0,0.6126916035,-0.1800366979,0,-0.4577657368,0,0,0.9309577325,-0.1291919957,0,0.075,0,-0.055,0.39,0.195,0.06,0.73,-0.08,0.05,-0.04,0.01,-0.245,0.06,0.73,-0.08,-0.05,0.04
-0.07985119628,0,0.7594907453,0,-0.01249967448,0,0.999921876,-0.4387861076,0,0,0.6124899071,-0.1797037996,0,-0.4575179379,0,0,0.9309581246,-0.1294401868,0,0.075,0,-0.055,0.39,0.195,0.06,0.73,-0.08,0.05,-0.04,0.01,-0.245,0.06,0.73,-0.08,-0.05,0.04
-0.07993577049,0,0.7594907453,0,-0.01249967448,0,0.999921876,-0.4388680829,0,0,0.6123635184,-0.1794954355,0,-0.4573628487,0,0,0.9309582454,-0.1295953967,0,0.075,0,-0.055,0.39,0.195,0.06,0.73,-0.08,0.05,-0.04,0.01,-0.245,0.06,0.73,-0.08,-0.05,0.04
-0.07998053325,0,0.7594907453,0,-0.01249967448,0,0.999921876,-0.4389114367,0,0,0.6122965611,-0.1793851244,0,-0.4572807454,0,0,0.9309582705,-0.1296775251,0,0.075,0,-0.055,0.39,0.195,0.06,0.73,-0.08,0.05,-0.04,0.01,-0.245,0.06,0.73,-0.08,-0.05,0.04
-0.07999751152,0,0.7594907453,0,-0.01249967448,0,0.999921876,-0.4389278745,0,0,0.612271153,-0.1793432785,0,-0.4572496006,0,0,0.930958273,-0.1297086724,0,0.075,0,-0.055,0.39,0.195,0.06,0.73,-0.08,0.05,-0.04,0.01,-0.245,0.06,0.73,-0.08,-0.05,0.04
-0.08,0,0.7594907453,0,-0.01249967448,0,0.999921876,-0.4389302835,0,0,0.6122674285,-0.179337145,0,-0.4572450356,0,0,0.930958273,-0.1297132375,0,0.075,0,-0.055,0.39,0.195,0.06,0.73,-0.08,0.05,-0.04,0.01,-0.245,0.06,0.73,-0.08,-0.05,0.04
-0.08,0,0.7594907453,0,-0.01249967448,0,0.999921876,-0.4390804343,0,0,0.6125601608,-0.1791730302,0,-0.4571478197,0,0,0.9307597666,-0.1299186432,0,0.07486855872,0,-0.055,0.3896670154,0.1950438138,0.05989484697,0.73,-0.07985979597,0.04991237248,-0.03992989798,0.01033298458,-0.2449561862,0.05989484697,0.73,-0.07985979597,-0.04991237248,0.03992989798
-0.08,0,0.7594907453,0,-0.01249967448,0,0.999921876,-0.4400469145,0,0,0.6144442445,-0.1781132709,0,-0.4565205735,0,0,0.9294789934,-0.131242479,0,0.07402111753,0,-0.055,0.3875201644,0.1953262942,0.05921689403,0.73,-0.0789558587,0.04934741169,-0.03947792935,0.01247983558,-0.2446737058,0.05921689403,0.73,-0.0789558587,-0.04934741169,0.03947792935
-0.08,0,0.7594907453,0,-0.01249967448,0,0.999921876,-0.4424178517,0,0,0.6190650755,-0.1754886219,0,-0.4549708334,0,0,0.9263146551,-0.1345024236,0,0.07193202774,0,-0.055,0.3822278036,0.1960226574,0.05754562219,0.73,-0.07672749626,0.04795468516,-0.03836374813,0.01777219638,-0.2439773426,0.05754562219,0.73,-0.07672749626,-0.04795468516,0.03836374813
-0.08,0,0.7594907453,0,-0.01249967448,0,0.999921876,-0.4465414643,0,0,0.6270979095,-0.1708396847,0,-0.4522379091,0,0,0.9207346851,-0.1402135365,0,0.06826424549,0,-0.055,0.3729360886,0.1972452515,0.05461139639,0.73,-0.07281519519,0.04550949699,-0.03640759759,0.02706391143,-0.2427547485,0.05461139639,0.73,-0.07281519519,-0.04550949699,0.03640759759
-0.08,0,0.7594907453,0,-0.01249967448,0,0.999921876,-0.4525430416,0,0,0.6387802265,-0.1638833948,0,-0.4481738108,0,0,0.9124373744,-0.1486173536,0,0.06284837567,0,-0.055,0.359215885,0.1990505414,0.05027870054,0.73,-0.06703826738,0.04189891711,-0.03351913369,0.04078411497,-0.2409494586,0.05027870054,0.73,-0.06703826738,-0.04189891711,0.03351913369
-0.08,0,0.7594907453,0,-0.01249967448,0,0.999921876,-0.460354747,0,0,0.6539703082,-0.1544928983,0,-0.4427267079,0,0,0.9013176029,-0.1597135579,0,0.05566171585,0,-0.055,0.3410096802,0.2014460947,0.04452937268,0.73,-0.05937249691,0.03710781057,-0.02968624846,0.05899031984,-0.2385539053,0.04452937268,0.73,-0.05937249691,-0.03710781057,0.02968624846
-0.08,0,0.7594907453,0,-0.01249967448,0,0.999921876,-0.4697568472,0,0,0.6722292095,-0.1426893961,0,-0.4359273684,0,0,0.8874390917,-0.1732946895,0,0.04680730017,0,-0.055,0.3185784938,0.2043975666,0.03744584014,0.73,-0.04992778685,0.03120486678,-0.02496389343,0.08142150623,-0.2356024334,0.03744584014,0.73,-0.04992778685,-0.03120486678,0.02496389343
-0.08,0,0.7594907453,0,-0.01249967448,0,0.999921876,-0.4804240927,0,0,0.6929133398,-0.128639448,0,-0.4278783866,0,0,0.8710122882,-0.1889837007,0,0.03649294323,0,-0.055,0.2924487895,0.2078356856,0.02919435458,0.73,-0.03892580611,0.02432862882,-0.01946290306,0.1075512105,-0.2321643144,0.02919435458,0.73,-0.03892580611,-0.02432862882,0.01946290306
-0.08,0,0.7594907453,0,-0.01249967448,0,0.999921876,-0.4919700455,0,0,0.7152629624,-0.1126502463,0,-0.418745656,0,0,0.8523767993,-0.2062738139,0,0.02501028401,0,-0.055,0.2633593862,0.2116632387,0.02000822721,0.73,-0.02667763628,0.01667352267,-0.01333881814,0.1366406138,-0.2283367613,0.02000822721,0.73,-0.02667763628,-0.01667352267,0.01333881814
-0.08,0,0.7594907453,0,-0.01249967448,0,0.999921876,-0.5039842985,0,0,0.7384762634,-0.09515756773,0,-0.4087513256,0,0,0.8319868407,-0.2245699123,0,0.01271382978,0,-0.055,0.2322083688,0.2157620567,0.01017106382,0.73,-0.01356141843,0.00847588652,-0.006780709216,0.1677916312,-0.2242379433,0.01017106382,0.73,-0.01356141843,-0.00847588652,0.006780709216
-0.08,0,0.7594907453,0,-0.01249967448,0,0.999921876,-0.51606069,0,0,0.7617650653,-0.07670437529,0,-0.3981672731,0,0,0.8103977561,-0.243230483,0,2.498001805e-17,0,-0.055,0.2,0.22,1.998401444e-17,0.73,-2.664535259e-17,1.665334537e-17,-1.33226763e-17,0.2,-0.22,1.998401444e-17,0.73,-2.664535259e-17,-1.665334537e-17,1.33226763e-17
-0.08,0,0.7594907453,0,-0.01249967448,0,0.999921876,-0.5278171587,0,0,0.7843934284,-0.05791066691,0,-0.3873078835,0,0,0.7882511556,-0.2616088749,0,-0.01271382978,0,-0.055,0.1677916312,0.2242379433,-0.01017106382,0.73,0.01356141843,-0.00847588652,0.006780709216,0.2322083688,-0.2157620567,-0.01017106382,0.73,0.01356141843,0.00847588652,-0.006780709216
-0.08,0,0.7594907453,0,-0.01249967448,0,0.999921876,-0.5389092169,0,0,0.8057031068,-0.0394365606,0,-0.3765206374,0,0,0.7662556423,-0.2790923343,0,-0.02501028401,0,-0.055,0.1366406138,0.2283367613,-0.02000822721,0.73,0.02667763628,-0.01667352267,0.01333881814,0.2633593862,-0.2116632387,-0.02000822721,0.73,0.02667763628,0.01667352267,-0.01333881814
-0.08,0,0.7594907453,0,-0.01249967448,0,0.999921876,-0.5490393424,0,0,0.8251305046,-0.02194096139,0,-0.3661727689,0,0,0.7451595931,-0.2951370251,0,-0.03649294323,0,-0.055,0.1075512105,0.2321643144,-0.02919435458,0.73,0.03892580611,-0.02432862882,0.01946290306,0.2924487895,-0.2078356856,-0.02919435458,0.73,0.03892580611,0.02432862882,-0.01946290306
-0.08,0,0.7594907453,0,-0.01249967448,0,0.999921876,-0.557964357,0,0,0.8422193333,-0.006037942531,0,-0.356632231,0,0,0.7257124074,-0.3092972102,0,-0.04680730017,0,-0.055,0.08142150623,0.2356024334,-0.03744584014,0.73,0.04992778685,-0.03120486678,0.02496389343,0.3185784938,-0.2043975666,-0.03744584014,0.73,0.04992778685,0.03120486678,-0.02496389343
-0.08,0,0.7594907453,0,-0.01249967448,0,0.999921876,-0.5655024354,0,0,0.8566323432,0.00774742919,0,-0.3482416813,0,0,0.7086115986,-0.3212472544,0,-0.05566171585,0,-0.055,0.05899031984,0.2385539053,-0.04452937268,0.73,0.05937249691,-0.03710781057,0.02968624846,0.3410096802,-0.2014460947,-0.04452937268,0.73,0.05937249691,0.03710781057,-0.02968624846
-0.08,0,0.7594907453,0,-0.01249967448,0,0.999921876,-0.5715409892,0,0,0.868164725,0.0190224741,0,-0.3412854392,0,0,0.6944356171,-0.3307963879,0,-0.06284837567,0,-0.055,0.04078411497,0.2409494586,-0.05027870054,0.73,0.06703826738,-0.04189891711,0.03351913369,0.359215885,-0.1990505414,-0.05027870054,0.73,0.06703826738,0.04189891711,-0.03351913369
-0.08,0,0.7594907453,0,-0.01249967448,0,0.999921876,-0.5760463708,0,0,0.8767611849,0.02756842536,0,-0.3359513883,0,0,0.6835663976,-0.3378982488,0,-0.06826424549,0,-0.055,0.02706391143,0.2427547485,-0.05461139639,0.73,0.07281519519,-0.04550949699,0.03640759759,0.3729360886,-0.1972452515,-0.05461139639,0.73,0.07281519519,0.04550949699,-0.03640759759
-0.08,0,0.7594907453,0,-0.01249967448,0,0.999921876,-0.5790761135,0,0,0.8825382525,0.03337925906,0,-0.3322920365,0,0,0.6761101783,-0.3426595399,0,-0.07193202774,0,-0.055,0.01777219638,0.2439773426,-0.05754562219,0.73,0.07672749626,-0.04795468516,0.03836374813,0.3822278036,-0.1960226574,-0.05754562219,0.73,0.07672749626,0.04795468516,-0.03836374813
-0.08,0,0.7594907453,0,-0.01249967448,0,0.999921876,-0.5807942129,0,0,0.8858129313,0.03669722244,0,-0.3301902186,0,0,0.6718277237,-0.3453534461,0,-0.07402111753,0,-0.055,0.01247983558,0.2446737058,-0.05921689403,0.73,0.0789558587,-0.04934741169,0.03947792935,0.3875201644,-0.1953262942,-0.05921689403,0.73,0.0789558587,0.04934741169,-0.03947792935
-0.08,0,0.7594907453,0,-0.01249967448,0,0.999921876,-0.5814896126,0,0,0.8871380738,0.03804484248,0,-0.3293339139,0,0,0.6700830371,-0.3464424269,0,-0.07486855872,0,-0.055,0.01033298458,0.2449561862,-0.05989484697,0.73,0.07985979597,-0.04991237248,0.03992989798,0.3896670154,-0.1950438138,-0.05989484697,0.73,0.07985979597,0.04991237248,-0.03992989798
-0.08,0,0.7594907453,0,-0.01249967448,0,0.999921876,-0.5815973921,0,0,0.8873434421,0.03825395004,0,-0.3292009047,0,0,0.669812038,-0.3466111333,0,-0.075,0,-0.055,0.01,0.245,-0.06,0.73,0.08,-0.05,0.04,0.39,-0.195,-0.06,0.73,0.08,0.05,-0.04
-0.08000248848,0,0.7594907453,0,-0.01249967448,0,0.999921876,-0.5815942759,0,0,0.8873462027,0.0382480732,0,-0.3292052241,0,0,0.6698120379,-0.3466068139,0,-0.075,0,-0.055,0.01,0.245,-0.06,0.73,0.08,-0.05,0.04,0.39,-0.195,-0.06,0.73,0.08,0.05,-0.04
-0.08001946675,0,0.7594907453,0,-0.01249967448,0,0.999921876,-0.5815730135,0,0,0.8873650354,0.0382079781,0,-0.3292346926,0,0,0.6698120347,-0.3465773421,0,-0.075,0,-0.055,0.01,0.245,-0.06,0.73,0.08,-0.05,0.04,0.39,-0.195,-0.06,0.73,0.08,0.05,-0.04
-0.08006422951,0,0.7594907453,0,-0.01249967448,0,0.999921876,-0.5815169444,0,0,0.8874146667,0.0381022776,0,-0.3293123738,0,0,0.6698120023,-0.3464996285,0,-0.075,0,-0.055,0.01,0.245,-0.06,0.73,0.08,-0.05,0.04,0.39,-0.195,-0.06,0.73,0.08,0.05,-0.04
-0.08014880372,0,0.7594907453,0,-0.01249967448,0,0.999921876,-0.581410963,0,0,0.8875083583,0.03790260465,0,-0.3294590972,0,0,0.6698118463,-0.346352749,0,-0.075,0,-0.055,0.01,0.245,-0.06,0.73,0.08,-0.05,0.04,0.39,-0.195,-0.06,0.73,0.08,0.05,-0.04
-0.08028398822,0,0.7594907453,0,-0.01249967448,0,0.999921876,-0.5812414387,0,0,0.8876578954,0.03758354332,0,-0.3296934956,0,0,0.6698113396,-0.346117844,0,-0.075,0,-0.055,0.01,0.245,-0.06,0.73,0.08,-0.05,0.04,0.39,-0.195,-0.06,0.73,0.08,0.05,-0.04
-0.08047939335,0,0.7594907453,0,-0.01249967448,0,0.999921876,-0.5809961306,0,0,0.8878735668,0.03712256385,0,-0.3300320366,0,0,0.6698100478,-0.3457780112,0,-0.075,0,-0.055,0.01,0.245,-0.06,0.73,0.08,-0.05,0.04,0.39,-0.195,-0.06,0.73,0.08,0.05,-0.04
-0.08074348057,0,0.7594907453,0,-0.01249967448,0,0.999921876,-0.5806641015,0,0,0.8881641427,0.03649995881,0,-0.3304890539,0,0,0.6698072512,-0.3453181972,0,-0.075,0,-0.055,0.01,0.245,-0.06,0.73,0.08,-0.05,0.04,0.39,-0.195,-0.06,0.73,0.08,0.05,-0.04
-0.08108360208,0,0.7594907453,0,-0.01249967448,0,0.999921876,-0.5802356327,0,0,0.8885368547,0.03569877798,0,-0.3310767784,0,0,0.6698018696,-0.3447250913,0,-0.075,0,-0.055,0.01,0.245,-0.06,0.73,0.08,-0.05,0.04,0.39,-0.195,-0.06,0.73,0.08,0.05,-0.04
-0.08150604042,0,0.7594907453,0,-0.01249967448,0,0.999921876,-0.5797021438,0,0,0.8889973835,0.0347047603,0,-0.3318053739,0,0,0.6697923959,-0.3439870221,0,-0.075,0,-0.055,0.01,0.245,-0.06,0.73,0.08,-0.05,0.04,0.39,-0.195,-0.06,0.73,0.08,0.05,-0.04
-0.08201604809,0,0.7594907453,0,-0.01249967448,0,0.999921876,-0.579056118,0,0,0.8895498569,0.03350626106,0,-0.3326829783,0,0,0.6697768399,-0.3430938616,0,-0.075,0,-0.055,0.01,0.245,-0.06,0.73,0.08,-0.05,0.04,0.39,-0.195,-0.06,0.73,0.08,0.05,-0.04
-0.0826178872,0,0.7594907453,0,-0.01249967448,0,0.999921876,-0.5782910346,0,0,0.8901968611,0.03209417351,0,-0.3337157516,0,0,0.6697526872,-0.3420369357,0,-0.075,0,-0.055,0.01,0.245,-0.06,0.73,0.08,-0.05,0.04,0.39,-0.195,-0.06,0.73,0.08,0.05,-0.04
-0.08331486903,0,0.7594907453,0,-0.01249967448,0,0.999921876,-0.5774013102,0,0,0.8909394663,0.030461844,0,-0.3349079314,0,0,0.6697168752,-0.3408089438,0,-0.075,0,-0.055,0.01,0.245,-0.06,0.73,0.08,-0.05,0.04,0.39,-0.195,-0.06,0.73,0.08,0.05,-0.04
-0.0841093937,0,0.7594907453,0,-0.01249967448,0,0.999921876,-0.5763822489,0,0,0.8917772687,0.02860498014,0,-0.3362618978,0,0,0.6696657853,-0.3394038875,0,-0.075,0,-0.055,0.01,0.245,-0.06,0.73,0.08,-0.05,0.04,0.39,-0.195,-0.06,0.73,0.08,0.05,-0.04
-0.08500298974,0,0.7594907453,0,-0.01249967448,0,0.999921876,-0.5752300007,0,0,0.8927084487,0.02652155202,0,-0.3377782459,0,0,0.6695952541,-0.3378170083,0,-0.075,0,-0.055,0.01,0.245,-0.06,0.73,0.08,-0.05,0.04,0.39,-0.195,-0.06,0.73,0.08,0.05,-0.04
-0.08599635375,0,0.7594907453,0,-0.01249967448,0,0.999921876,-0.5739415304,0,0,0.8937298441,0.02421168635,0,-0.3394558677,0,0,0.6695006024,-0.3360447347,0,-0.075,0,-0.055,0.01,0.245,-0.06,0.73,0.08,-0.05,0.04,0.39,-0.195,-0.06,0.73,0.08,0.05,-0.04
-0.08708938999,0,0.7594907453,0,-0.01249967448,0,0.999921876,-0.5725145934,0,0,0.8948370394,0.02167755398,0,-0.3412920424,0,0,0.6693766811,-0.3340846387,0,-0.075,0,-0.055,0.01,0.245,-0.06,0.73,0.08,-0.05,0.04,0.39,-0.195,-0.06,0.73,0.08,0.05,-0.04
-0.08828125,0,0.7594907453,0,-0.01249967448,0,0.999921876,-0.5709477202,0,0,0.896024469,0.01892325121,0,-0.3432825339,0,0,0.6692179332,-0.3319353993,0,-0.075,0,-0.055,0.01,0.245,-0.06,0.73,0.08,-0.05,0.04,0.39,-0.195,-0.06,0.73,0.08,0.05,-0.04
-0.08957037223,0,0.7594907453,0,-0.01249967448,0,0.999921876,-0.5692402077,0,0,0.8972855321,0.01595467556,0,-0.3454216963,0,0,0.6690184709,-0.3295967746,0,-0.075,0,-0.055,0.01,0.245,-0.06,0.73,0.08,-0.05,0.04,0.39,-0.195,-0.06,0.73,0.08,0.05,-0.04
-0.09095452163,0,0.7594907453,0,-0.01249967448,0,0.999921876,-0.5673921156,0,0,0.8986127188,0.01277939679,0,-0.3477025854,0,0,0.6687721647,-0.3270695792,0,-0.075,0,-0.055,0.01,0.245,-0.06,0.73,0.08,-0.05,0.04,0.39,-0.195,-0.06,0.73,0.08,0.05,-0.04
-0.0924308293,0,0.7594907453,0,-0.01249967448,0,0.999921876,-0.5654042683,0,0,0.8999977444,0.009406523877,0,-0.3501170757,0,0,0.6684727437,-0.324355668,0,-0.075,0,-0.055,0.01,0.245,-0.06,0.73,0.08,-0.05,0.04,0.39,-0.195,-0.06,0.73,0.08,0.05,-0.04
-0.09399583208,0,0.7594907453,0,-0.01249967448,0,0.999921876,-0.5632782594,0,0,0.9014316904,0.005846569027,0,-0.3526559818,0,0,0.6681139045,-0.3214579227,0,-0.075,0,-0.055,0.01,0.245,-0.06,0.73,0.08,-0.05,0.04,0.39,-0.195,-0.06,0.73,0.08,0.05,-0.04
-0.09564551219,0,0.7594907453,0,-0.01249967448,0,0.999921876,-0.5610164588,0,0,0.9029051493,0.002111309546,0,-0.3553091837,0,0,0.667689426,-0.3183802423,0,-0.075,0,-0.055,0.01,0.245,-0.06,0.73,0.08,-0.05,0.04,0.39,-0.195,-0.06,0.73,0.08,0.05,-0.04
-0.09737533681,0,0.7594907453,0,-0.01249967448,0,0.999921876,-0.5586220194,0,0,0.9044083709,-0.001786351472,0,-0.3580657542,0,0,0.6671932888,-0.3151275345,0,-0.075,0,-0.055,0.01,0.245,-0.06,0.73,0.08,-0.05,0.04,0.39,-0.195,-0.06,0.73,0.08,0.05,-0.04
-0.09918029773,0,0.7594907453,0,-0.01249967448,0,0.999921876,-0.5560988845,0,0,0.9059314092,-0.005832524692,0,-0.3609140874,0,0,0.6666197952,-0.3117057078,0,-0.075,0,-0.055,0.01,0.245,-0.06,0.73,0.08,-0.05,0.04,0.39,-0.195,-0.06,0.73,0.08,0.05,-0.04
-0.101054951,0,0.7594907453,0,-0.01249967448,0,0.999921876,-0.5534517924,0,0,0.9074642658,-0.01001247341,0,-0.3638420277,0,0,0.6659636901,-0.3081216624,0,-0.075,0,-0.055,0.01,0.245,-0.06,0.73,0.08,-0.05,0.04,0.39,-0.195,-0.06,0.73,0.08,0.05,-0.04
-0.1029934564,0,0.7594907453,0,-0.01249967448,0,0.999921876,-0.5506862782,0,0,0.9089970291,-0.01431075092,0,-0.3668369979,0,0,0.6652202776,-0.3043832797,0,-0.075,0,-0.055,0.01,0.245,-0.06,0.73,0.08,-0.05,0.04,0.39,-0.195,-0.06,0.73,0.08,0.05,-0.04
-0.1049896172,0,0.7594907453,0,-0.01249967448,0,0.999921876,-0.5478086717,0,0,0.9105200072,-0.01871133551,0,-0.369886126,0,0,0.6643855341,-0.3004994081,0,-0.075,0,-0.055,0.01,0.245,-0.06,0.73,0.08,-0.05,0.04,0.39,-0.195,-0.06,0.73,0.08,0.05,-0.04
-0.1070369199,0,0.7594907453,0,-0.01249967448,0,0.999921876,-0.54482609,0,0,0.9120238524,-0.02319776234,0,-0.3729763678,0,0,0.6634562134,-0.2964798456,0,-0.075,0,-0.055,0.01,0.245,-0.06,0.73,0.08,-0.05,0.04,0.39,-0.195,-0.06,0.73,0.08,0.05,-0.04
-0.1091285734,0,0.7594907453,0,-0.01249967448,0,0.999921876,-0.5417464249,0,0,0.9134996765,-0.02775325161,0,-0.3760946274,0,0,0.6624299443,-0.2923353169,0,-0.075,0,-0.055,0.01,0.245,-0.06,0.73,0.08,-0.05,0.04,0.39,-0.195,-0.06,0.73,0.08,0.05,-0.04
-0.1112575492,0,0.7594907453,0,-0.01249967448,0,0.999921876,-0.5385783226,0,0,0.9149391548,-0.03236083217,0,-0.379227872,0,0,0.6613053171,-0.2880774451,0,-0.075,0,-0.055,0.01,0.245,-0.06,0.73,0.08,-0.05,0.04,0.39,-0.195,-0.06,0.73,0.08,0.05,-0.04
-0.1134166204,0,0.7594907453,0,-0.01249967448,0,0.999921876,-0.5353311578,0,0,0.916334618,-0.03700346025,0,-0.3823632413,0,0,0.6600819585,-0.2837187171,0,-0.075,0,-0.055,0.01,0.245,-0.06,0.73,0.08,-0.05,0.04,0.39,-0.195,-0.06,0.73,0.08,0.05,-0.04
-0.1155984018,0,0.7594907453,0,-0.01249967448,0,0.999921876,-0.5320149992,0,0,0.9176791318,-0.04166413265,0,-0.3854881513,0,0,0.6587605936,-0.2792724423,0,-0.075,0,-0.055,0.01,0.245,-0.06,0.73,0.08,-0.05,0.04,0.39,-0.195,-0.06,0.73,0.08,0.05,-0.04
-0.1177953895,0,0.7594907453,0,-0.01249967448,0,0.999921876,-0.5286405678,0,0,0.918966562,-0.04632599412,0,-0.3885903901,0,0,0.6573430934,-0.2747527033,0,-0.075,0,-0.055,0.01,0.245,-0.06,0.73,0.08,-0.05,0.04,0.39,-0.195,-0.06,0.73,0.08,0.05,-0.04
-0.12,0,0.7594907453,0,-0.01249967448,0,0.999921876,-0.5252191874,0,0,0.9201916259,-0.05097243844,0,-0.3916582069,0,0,0.6558325065,-0.2701742996,0,-0.075,0,-0.055,0.01,0.245,-0.06,0.73,0.08,-0.05,0.04,0.39,-0.195,-0.06,0.73,0.08,0.05,-0.04
-0.1222046105,0,0.7594907453,0,-0.01249967448,0,0.999921876,-0.5217627266,0,0,0.9213499296,-0.05558720304,0,-0.3946803922,0,0,0.6542330745,-0.2655526823,0,-0.075,0,-0.055,0.01,0.245,-0.06,0.73,0.08,-0.05,0.04,0.39,-0.195,-0.06,0.73,0.08,0.05,-0.04
-0.1244015982,0,0.7594907453,0,-0.01249967448,0,0.999921876,-0.5182835337,0,0,0.9224379906,-0.06015445697,0,-0.3976463498,0,0,0.6525502308,-0.260903881,0,-0.075,0,-0.055,0.01,0.245,-0.06,0.73,0.08,-0.05,0.04,0.39,-0.195,-0.06,0.73,0.08,0.05,-0.04
-0.1265833796,0,0.7594907453,0,-0.01249967448,0,0.999921876,-0.5147943636,0,0,0.9234532457,-0.06465888207,0,-0.4005461589,0,0,0.6507905809,-0.256244422,0,-0.075,0,-0.055,0.01,0.245,-0.06,0.73,0.08,-0.05,0.04,0.39,-0.195,-0.06,0.73,0.08,0.05,-0.04
-0.1287424508,0,0.7594907453,0,-0.01249967448,0,0.999921876,-0.5113082975,0,0,0.9243940449,-0.0690857474,0,-0.4033706273,0,0,0.648961865,-0.2515912377,0,-0.075,0,-0.055,0.01,0.245,-0.06,0.73,0.08,-0.05,0.04,0.39,-0.195,-0.06,0.73,0.08,0.05,-0.04
-0.1308714266,0,0.7594907453,0,-0.01249967448,0,0.999921876,-0.5078386556,0,0,0.9252596325,-0.07342097687,0,-0.4061113344,0,0,0.6470729019,-0.2469615674,0,-0.075,0,-0.055,0.01,0.245,-0.06,0.73,0.08,-0.05,0.04,0.39,-0.195,-0.06,0.73,0.08,0.05,-0.04
-0.1329630801,0,0.7594907453,0,-0.01249967448,0,0.999921876,-0.5043989034,0,0,0.9260501138,-0.07765121041,0,-0.4087606646,0,0,0.6451335142,-0.2423728496,0,-0.075,0,-0.055,0.01,0.245,-0.06,0.73,0.08,-0.05,0.04,0.39,-0.195,-0.06,0.73,0.08,0.05,-0.04
-0.1350103828,0,0.7594907453,0,-0.01249967448,0,0.999921876,-0.5010025522,0,0,0.926766411,-0.0817638588,0,-0.4113118303,0,0,0.643154436,-0.2378426057,0,-0.075,0,-0.055,0.01,0.245,-0.06,0.73,0.08,-0.05,0.04,0.39,-0.195,-0.06,0.73,0.08,0.05,-0.04
-0.1370065436,0,0.7594907453,0,-0.01249967448,0,0.999921876,-0.4976630542,0,0,0.9274102067,-0.08574715253,0,-0.4137588861,0,0,0.6411472018,-0.2333883157,0,-0.075,0,-0.055,0.01,0.245,-0.06,0.73,0.08,-0.05,0.04,0.39,-0.195,-0.06,0.73,0.08,0.05,-0.04
-0.138945049,0,0.7594907453,0,-0.01249967448,0,0.999921876,-0.4943936932,0,0,0.9279838785,-0.0895901852,0,-0.4160967322,0,0,0.6391240182,-0.229027286,0,-0.075,0,-0.055,0.01,0.245,-0.06,0.73,0.08,-0.05,0.04,0.39,-0.195,-0.06,0.73,0.08,0.05,-0.04
-0.1408197023,0,0.7594907453,0,-0.01249967448,0,0.999921876,-0.4912074716,0,0,0.9284904237,-0.09328295201,0,-0.4183211102,0,0,0.6370976202,-0.22477651,0,-0.075,0,-0.055,0.01,0.245,-0.06,0.73,0.08,-0.05,0.04,0.39,-0.195,-0.06,0.73,0.08,0.05,-0.04
-0.1426246632,0,0.7594907453,0,-0.01249967448,0,0.999921876,-0.4881169937,0,0,0.9289333775,-0.09681638379,0,-0.4204285896,0,0,0.6350811112,-0.2206525216,0,-0.075,0,-0.055,0.01,0.245,-0.06,0.73,0.08,-0.05,0.04,0.39,-0.195,-0.06,0.73,0.08,0.05,-0.04
-0.1443544878,0,0.7594907453,0,-0.01249967448,0,0.999921876,-0.4851343472,0,0,0.9293167248,-0.1001823776,0,-0.4224165474,0,0,0.6330877908,-0.2166712435,0,-0.075,0,-0.055,0.01,0.245,-0.06,0.73,0.08,-0.05,0.04,0.39,-0.195,-0.06,0.73,0.08,0.05,-0.04
-0.1460041679,0,0.7594907453,0,-0.01249967448,0,0.999921876,-0.4822709837,0,0,0.9296448084,-0.1033738247,0,-0.4242831406,0,0,0.63113097,-0.2128478295,0,-0.075,0,-0.055,0.01,0.245,-0.06,0.73,0.08,-0.05,0.04,0.39,-0.195,-0.06,0.73,0.08,0.05,-0.04
-0.1475691707,0,0.7594907453,0,-0.01249967448,0,0.999921876,-0.4795375979,0,0,0.9299222337,-0.1063846358,0,-0.4260272745,0,0,0.6292237783,-0.2091965037,0,-0.075,0,-0.055,0.01,0.245,-0.06,0.73,0.08,-0.05,0.04,0.39,-0.195,-0.06,0.73,0.08,0.05,-0.04
-0.1490454784,0,0.7594907453,0,-0.01249967448,0,0.999921876,-0.4769440073,0,0,0.9301537742,-0.1092097669,0,-0.4276485666,0,0,0.6273789632,-0.2057303966,0,-0.075,0,-0.055,0.01,0.245,-0.06,0.73,0.08,-0.05,0.04,0.39,-0.195,-0.06,0.73,0.08,0.05,-0.04
-0.1504296278,0,0.7594907453,0,-0.01249967448,0,0.999921876,-0.4744990336,0,0,0.9303442772,-0.1118452436,0,-0.4291473082,0,0,0.6256086874,-0.2024613792,0,-0.075,0,-0.055,0.01,0.245,-0.06,0.73,0.08,-0.05,0.04,0.39,-0.195,-0.06,0.73,0.08,0.05,-0.04
-0.15171875,0,0.7594907453,0,-0.01249967448,0,0.999921876,-0.4722103855,0,0,0.9304985729,-0.1142881874,0,-0.4305244263,0,0,0.6239243247,-0.1993998984,0,-0.075,0,-0.055,0.01,0.245,-0.06,0.73,0.08,-0.05,0.04,0.39,-0.195,-0.06,0.73,0.08,0.05,-0.04
-0.15291061,0,0.7594907453,0,-0.01249967448,0,0.999921876,-0.4700845448,0,0,0.9306213888,-0.116536844,0,-0.4317814464,0,0,0.6223362592,-0.1965548127,0,-0.075,0,-0.055,0.01,0.245,-0.06,0.73,0.08,-0.05,0.04,0.39,-0.195,-0.06,0.73,0.08,0.05,-0.04
-0.1540036463,0,0.7594907453,0,-0.01249967448,0,0.999921876,-0.468126656,0,0,0.9307172703,-0.1185906143,0,-0.4329204594,0,0,0.6208536914,-0.1939332321,0,-0.075,0,-0.055,0.01,0.245,-0.06,0.73,0.08,-0.05,0.04,0.39,-0.195,-0.06,0.73,0.08,0.05,-0.04
-0.1549970103,0,0.7594907453,0,-0.01249967448,0,0.999921876,-0.4663404205,0,0,0.9307905106,-0.1204500901,0,-0.4339440928,0,0,0.619484455,-0.1915403623,0,-0.075,0,-0.055,0.01,0.245,-0.06,0.73,0.08,-0.05,0.04,0.39,-0.195,-0.06,0.73,0.08,0.05,-0.04
-0.1558906063,0,0.7594907453,0,-0.01249967448,0,0.999921876,-0.4647279955,0,0,0.9308450897,-0.1221170943,0,-0.4348554904,0,0,0.6182348463,-0.1893793558,0,-0.075,0,-0.055,0.01,0.245,-0.06,0.73,0.08,-0.05,0.04,0.39,-0.195,-0.06,0.73,0.08,0.05,-0.04
-0.156685131,0,0.7594907453,0,-0.01249967448,0,0.999921876,-0.4632898993,0,0,0.9308846264,-0.123594727,0,-0.4356583006,0,0,0.6171094716,-0.1874511711,0,-0.075,0,-0.055,0.01,0.245,-0.06,0.73,0.08,-0.05,0.04,0.39,-0.195,-0.06,0.73,0.08,0.05,-0.04
-0.1573821128,0,0.7594907453,0,-0.01249967448,0,0.999921876,-0.4620249224,0,0,0.9309123408,-0.1248874183,0,-0.4363566742,0,0,0.6161111145,-0.1857544403,0,-0.075,0,-0.055,0.01,0.245,-0.06,0.73,0.08,-0.05,0.04,0.39,-0.195,-0.06,0.73,0.08,0.05,-0.04
-0.1579839519,0,0.7594907453,0,-0.01249967448,0,0.999921876,-0.4609300447,0,0,0.9309310326,-0.1260009879,0,-0.4369552759,0,0,0.6152406245,-0.1842853485,0,-0.075,0,-0.055,0.01,0.245,-0.06,0.73,0.08,-0.05,0.04,0.39,-0.195,-0.06,0.73,0.08,0.05,-0.04
-0.1584939596,0,0.7594907453,0,-0.01249967448,0,0.999921876,-0.46000036,0,0,0.9309430716,-0.1269427116,0,-0.437459307,0,0,0.61449683,-0.183037523,0,-0.075,0,-0.055,0.01,0.245,-0.06,0.73,0.08,-0.05,0.04,0.39,-0.195,-0.06,0.73,0.08,0.05,-0.04
-0.1589163979,0,0.7594907453,0,-0.01249967448,0,0.999921876,-0.4592290074,0,0,0.9309504035,-0.1277213961,0,-0.4378745411,0,0,0.613876476,-0.1820019349,0,-0.075,0,-0.055,0.01,0.245,-0.06,0.73,0.08,-0.05,0.04,0.39,-0.195,-0.06,0.73,0.08,0.05,-0.04
-0.1592565194,0,0.7594907453,0,-0.01249967448,0,0.999921876,-0.4586071084,0,0,0.9309545684,-0.12834746,0,-0.438207374,0,0,0.6133741854,-0.1811668114,0,-0.075,0,-0.055,0.01,0.245,-0.06,0.73,0.08,-0.05,0.04,0.39,-0.195,-0.06,0.73,0.08,0.05,-0.04
-0.1595206067,0,0.7594907453,0,-0.01249967448,0,0.999921876,-0.4581237106,0,0,0.9309567328,-0.1288330222,0,-0.4384648842,0,0,0.6129824435,-0.1805175593,0,-0.075,0,-0.055,0.01,0.245,-0.06,0.73,0.08,-0.05,0.04,0.39,-0.195,-0.06,0.73,0.08,0.05,-0.04
-0.1597160118,0,0.7594907453,0,-0.01249967448,0,0.999921876,-0.4577657368,0,0,0.9309577325,-0.1291919957,0,-0.4386549055,0,0,0.6126916035,-0.1800366979,0,-0.075,0,-0.055,0.01,0.245,-0.06,0.73,0.08,-0.05,0.04,0.39,-0.195,-0.06,0.73,0.08,0.05,-0.04
-0.1598511963,0,0.7594907453,0,-0.01249967448,0,0.999921876,-0.4575179379,0,0,0.9309581246,-0.1294401868,0,-0.4387861076,0,0,0.6124899071,-0.1797037996,0,-0.075,0,-0.055,0.01,0.245,-0.06,0.73,0.08,-0.05,0.04,0.39,-0.195,-0.06,0.73,0.08,0.05,-0.04
-0.1599357705,0,0.7594907453,0,-0.01249967448,0,0.999921876,-0.4573628487,0,0,0.9309582454,-0.1295953967,0,-0.4388680829,0,0,0.6123635184,-0.1794954355,0,-0.075,0,-0.055,0.01,0.245,-0.06,0.73,0.08,-0.05,0.04,0.39,-0.195,-0.06,0.73,0.08,0.05,-0.04
-0.1599805333,0,0.7594907453,0,-0.01249967448,0,0.999921876,-0.4572807454,0,0,0.9309582705,-0.1296775251,0,-0.4389114367,0,0,0.6122965611,-0.1793851244,0,-0.075,0,-0.055,0.01,0.245,-0.06,0.73,0.08,-0.05,0.04,0.39,-0.195,-0.06,0.73,0.08,0.05,-0.04
-0.1599975115,0,0.7594907453,0,-0.01249967448,0,0.999921876,-0.4572496006,0,0,0.930958273,-0.1297086724,0,-0.4389278745,0,0,0.612271153,-0.1793432785,0,-0.075,0,-0.055,0.01,0.245,-0.06,0.73,0.08,-0.05,0.04,0.39,-0.195,-0.06,0.73,0.08,0.05,-0.04
-0.16,0,0.7594907453,0,-0.01249967448,0,0.999921876,-0.4572450356,0,0,0.930958273,-0.1297132375,0,-0.4389302835,0,0,0.6122674285,-0.179337145,0,-0.075,0,-0.055,0.01,0.245,-0.06,0.73,0.08,-0.05,0.04,0.39,-0.195,-0.06,0.73,0.08,0.05,-0.04
-0.16,0,0.7594907453,0,-0.01249967448,0,0.999921876,-0.4571478197,0,0,0.9307597666,-0.1299186432,0,-0.4390804343,0,0,0.6125601608,-0.1791730302,0,-0.07486855872,0,-0.055,0.01033298458,0.2449561862,-0.05989484697,0.73,0.07985979597,-0.04991237248,0.03992989798,0.3896670154,-0.1950438138,-0.05989484697,0.73,0.07985979597,0.04991237248,-0.03992989798
-0.16,0,0.7594907453,0,-0.01249967448,0,0.999921876,-0.4565205735,0,0,0.9294789934,-0.131242479,0,-0.4400469145,0,0,0.6144442445,-0.1781132709,0,-0.07402111753,0,-0.055,0.01247983558,0.2446737058,-0.05921689403,0.73,0.0789558587,-0.04934741169,0.03947792935,0.3875201644,-0.1953262942,-0.05921689403,0.73,0.0789558587,0.04934741169,-0.03947792935
-0.16,0,0.7594907453,0,-0.01249967448,0,0.999921876,-0.4549708334,0,0,0.9263146551,-0.1345024236,0,-0.4424178517,0,0,0.6190650755,-0.1754886219,0,-0.07193202774,0,-0.055,0.01777219638,0.2439773426,-0.05754562219,0.73,0.07672749626,-0.04795468516,0.03836374813,0.3822278036,-0.1960226574,-0.05754562219,0.73,0.07672749626,0.04795468516,-0.03836374813
-0.16,0,0.7594907453,0,-0.01249967448,0,0.999921876,-0.4522379091,0,0,0.9207346851,-0.1402135365,0,-0.4465414643,0,0,0.6270979095,-0.1708396847,0,-0.06826424549,0,-0.055,0.02706391143,0.2427547485,-0.05461139639,0.73,0.07281519519,-0.04550949699,0.03640759759,0.3729360886,-0.1972452515,-0.05461139639,0.73,0.07281519519,0.04550949699,-0.03640759759
-0.16,0,0.7594907453,0,-0.01249967448,0,0.999921876,-0.4481738108,0,0,0.9124373744,-0.1486173536,0,-0.4525430416,0,0,0.6387802265,-0.1638833948,0,-0.06284837567,0,-0.055,0.04078411497,0.2409494586,-0.05027870054,0.73,0.06703826738,-0.04189891711,0.03351913369,0.359215885,-0.1990505414,-0.05027870054,0.73,0.06703826738,0.04189891711,-0.03351913369
-0.16,0,0.7594907453,0,-0.01249967448,0,0.999921876,-0.4427267079,0,0,0.9013176029,-0.1597135579,0,-0.460354747,0,0,0.6539703082,-0.1544928983,0,-0.05566171585,0,-0.055,0.05899031984,0.2385539053,-0.04452937268,0.73,0.05937249691,-0.03710781057,0.02968624846,0.3410096802,-0.2014460947,-0.04452937268,0.73,0.05937249691,0.03710781057,-0.02968624846
-0.16,0,0.7594907453,0,-0.01249967448,0,0.999921876,-0.4359273684,0,0,0.8874390917,-0.1732946895,0,-0.4697568472,0,0,0.6722292095,-0.1426893961,0,-0.04680730017,0,-0.055,0.08142150623,0.2356024334,-0.03744584014,0.73,0.04992778685,-0.03120486678,0.02496389343,0.3185784938,-0.2043975666,-0.03744584014,0.73,0.04992778685,0.03120486678,-0.02496389343
-0.16,0,0.7594907453,0,-0.01249967448,0,0.999921876,-0.4278783866,0,0,0.8710122882,-0.1889837007,0,-0.4804240927,0,0,0.6929133398,-0.128639448,0,-0.03649294323,0,-0.055,0.1075512105,0.2321643144,-0.02919435458,0.73,0.03892580611,-0.02432862882,0.01946290306,0.2924487895,-0.2078356856,-0.02919435458,0.73,0.03892580611,0.02432862882,-0.01946290306
-0.16,0,0.7594907453,0,-0.01249967448,0,0.999921876,-0.418745656,0,0,0.8523767993,-0.2062738139,0,-0.4919700455,0,0,0.7152629624,-0.1126502463,0,-0.02501028401,0,-0.055,0.1366406138,0.2283367613,-0.02000822721,0.73,0.02667763628,-0.01667352267,0.01333881814,0.2633593862,-0.2116632387,-0.02000822721,0.73,0.02667763628,0.01667352267,-0.01333881814
-0.16,0,0.7594907453,0,-0.01249967448,0,0.999921876,-0.4087513256,0,0,0.8319868407,-0.2245699123,0,-0.5039842985,0,0,0.7384762634,-0.09515756773,0,-0.01271382978,0,-0.055,0.1677916312,0.2242379433,-0.01017106382,0.73,0.01356141843,-0.00847588652,0.006780709216,0.2322083688,-0.2157620567,-0.01017106382,0.73,0.01356141843,0.00847588652,-0.006780709216
-0.16,0,0.7594907453,0,-0.01249967448,0,0.999921876,-0.3981672731,0,0,0.8103977561,-0.243230483,0,-0.51606069,0,0,0.7617650653,-0.07670437529,0,1.165734176e-16,0,-0.055,0.2,0.22,9.325873407e-17,0.73,-1.243449788e-16,7.771561172e-17,-6.217248938e-17,0.2,-0.22,9.325873407e-17,0.73,-1.243449788e-16,-7.771561172e-17,6.217248938e-17
-0.16,0,0.7594907453,0,-0.01249967448,0,0.999921876,-0.3873078835,0,0,0.7882511556,-0.2616088749,0,-0.5278171587,0,0,0.7843934284,-0.05791066691,0,0.01271382978,0,-0.055,0.2322083688,0.2157620567,0.01017106382,0.73,-0.01356141843,0.00847588652,-0.006780709216,0.1677916312,-0.2242379433,0.01017106382,0.73,-0.01356141843,-0.00847588652,0.006780709216
-0.16,0,0.7594907453,0,-0.01249967448,0,0.999921876,-0.3765206374,0,0,0.7662556423,-0.2790923343,0,-0.5389092169,0,0,0.8057031068,-0.0394365606,0,0.02501028401,0,-0.055,0.2633593862,0.2116632387,0.02000822721,0.73,-0.02667763628,0.01667352267,-0.01333881814,0.1366406138,-0.2283367613,0.02000822721,0.73,-0.02667763628,-0.01667352267,0.01333881814
-0.16,0,0.7594907453,0,-0.01249967448,0,0.999921876,-0.3661727689,0,0,0.7451595931,-0.2951370251,0,-0.5490393424,0,0,0.8251305046,-0.02194096139,0,0.03649294323,0,-0.055,0.2924487895,0.2078356856,0.02919435458,0.73,-0.03892580611,0.02432862882,-0.01946290306,0.1075512105,-0.2321643144,0.02919435458,0.73,-0.03892580611,-0.02432862882,0.01946290306
-0.16,0,0.7594907453,0,-0.01249967448,0,0.999921876,-0.356632231,0,0,0.7257124074,-0.3092972102,0,-0.557964357,0,0,0.8422193333,-0.006037942531,0,0.04680730017,0,-0.055,0.3185784938,0.2043975666,0.03744584014,0.73,-0.04992778685,0.03120486678,-0.02496389343,0.08142150623,-0.2356024334,0.03744584014,0.73,-0.04992778685,-0.03120486678,0.02496389343
-0.16,0,0.7594907453,0,-0.01249967448,0,0.999921876,-0.3482416813,0,0,0.7086115986,-0.3212472544,0,-0.5655024354,0,0,0.8566323432,0.00774742919,0,0.05566171585,0,-0.055,0.3410096802,0.2014460947,0.04452937268,0.73,-0.05937249691,0.03710781057,-0.02968624846,0.05899031984,-0.2385539053,0.04452937268,0.73,-0.05937249691,-0.03710781057,0.02968624846
-0.16,0,0.7594907453,0,-0.01249967448,0,0.999921876,-0.3412854392,0,0,0.6944356171,-0.3307963879,0,-0.5715409892,0,0,0.868164725,0.0190224741,0,0.06284837567,0,-0.055,0.359215885,0.1990505414,0.05027870054,0.73,-0.06703826738,0.04189891711,-0.03351913369,0.04078411497,-0.2409494586,0.05027870054,0.73,-0.06703826738,-0.04189891711,0.03351913369
-0.16,0,0.7594907453,0,-0.01249967448,0,0.999921876,-0.3359513883,0,0,0.6835663976,-0.3378982488,0,-0.5760463708,0,0,0.8767611849,0.02756842536,0,0.06826424549,0,-0.055,0.3729360886,0.1972452515,0.05461139639,0.73,-0.07281519519,0.04550949699,-0.03640759759,0.02706391143,-0.2427547485,0.05461139639,0.73,-0.07281519519,-0.04550949699,0.03640759759
-0.16,0,0.7594907453,0,-0.01249967448,0,0.999921876,-0.3322920365,0,0,0.6761101783,-0.3426595399,0,-0.5790761135,0,0,0.8825382525,0.03337925906,0,0.07193202774,0,-0.055,0.3822278036,0.1960226574,0.05754562219,0.73,-0.07672749626,0.04795468516,-0.03836374813,0.01777219638,-0.2439773426,0.05754562219,0.73,-0.07672749626,-0.04795468516,0.03836374813
-0.16,0,0.7594907453,0,-0.01249967448,0,0.999921876,-0.3301902186,0,0,0.6718277237,-0.3453534461,0,-0.5807942129,0,0,0.8858129313,0.03669722244,0,0.07402111753,0,-0.055,0.3875201644,0.1953262942,0.05921689403,0.73,-0.0789558587,0.04934741169,-0.03947792935,0.01247983558,-0.2446737058,0.05921689403,0.73,-0.0789558587,-0.04934741169,0.03947792935
-0.16,0,0.7594907453,0,-0.01249967448,0,0.999921876,-0.3293339139,0,0,0.6700830371,-0.3464424269,0,-0.5814896126,0,0,0.8871380738,0.03804484248,0,0.07486855872,0,-0.055,0.3896670154,0.1950438138,0.05989484697,0.73,-0.07985979597,0.04991237248,-0.03992989798,0.01033298458,-0.2449561862,0.05989484697,0.73,-0.07985979597,-0.04991237248,0.03992989798
-0.16,0,0.7594907453,0,-0.01249967448,0,0.999921876,-0.3292009047,0,0,0.669812038,-0.3466111333,0,-0.5815973921,0,0,0.8873434421,0.03825395004,0,0.075,0,-0.055,0.39,0.195,0.06,0.73,-0.08,0.05,-0.04,0.01,-0.245,0.06,0.73,-0.08,-0.05,0.04
-0.1600024885,0,0.7594907453,0,-0.01249967448,0,0.999921876,-0.3292052241,0,0,0.6698120379,-0.3466068139,0,-0.5815942759,0,0,0.8873462027,0.0382480732,0,0.075,0,-0.055,0.39,0.195,0.06,0.73,-0.08,0.05,-0.04,0.01,-0.245,0.06,0.73,-0.08,-0.05,0.04
-0.1600194667,0,0.7594907453,0,-0.01249967448,0,0.999921876,-0.3292346926,0,0,0.6698120347,-0.3465773421,0,-0.5815730135,0,0,0.8873650354,0.0382079781,0,0.075,0,-0.055,0.39,0.195,0.06,0.73,-0.08,0.05,-0.04,0.01,-0.245,0.06,0.73,-0.08,-0.05,0.04
-0.1600642295,0,0.7594907453,0,-0.01249967448,0,0.999921876,-0.3293123738,0,0,0.6698120023,-0.3464996285,0,-0.5815169444,0,0,0.8874146667,0.0381022776,0,0.075,0,-0.055,0.39,0.195,0.06,0.73,-0.08,0.05,-0.04,0.01,-0.245,0.06,0.73,-0.08,-0.05,0.04
-0.1601488037,0,0.7594907453,0,-0.01249967448,0,0.999921876,-0.3294590972,0,0,0.6698118463,-0.346352749,0,-0.581410963,0,0,0.8875083583,0.03790260465,0,0.075,0,-0.055,0.39,0.195,0.06,0.73,-0.08,0.05,-0.04,0.01,-0.245,0.06,0.73,-0.08,-0.05,0.04
-0.1602839882,0,0.7594907453,0,-0.01249967448,0,0.999921876,-0.3296934956,0,0,0.6698113396,-0.346117844,0,-0.5812414387,0,0,0.8876578954,0.03758354332,0,0.075,0,-0.055,0.39,0.195,0.06,0.73,-0.08,0.05,-0.04,0.01,-0.245,0.06,0.73,-0.08,-0.05,0.04
-0.1604793933,0,0.7594907453,0,-0.01249967448,0,0.999921876,-0.3300320366,0,0,0.6698100478,-0.3457780112,0,-0.5809961306,0,0,0.8878735668,0.03712256385,0,0.075,0,-0.055,0.39,0.195,0.06,0.73,-0.08,0.05,-0.04,0.01,-0.245,0.06,0.73,-0.08,-0.05,0.04
-0.1607434806,0,0.7594907453,0,-0.01249967448,0,0.999921876,-0.3304890539,0,0,0.6698072512,-0.3453181972,0,-0.5806641015,0,0,0.8881641427,0.03649995881,0,0.075,0,-0.055,0.39,0.195,0.06,0.73,-0.08,0.05,-0.04,0.01,-0.245,0.06,0.73,-0.08,-0.05,0.04
-0.1610836021,0,0.7594907453,0,-0.01249967448,0,0.999921876,-0.3310767784,0,0,0.6698018696,-0.3447250913,0,-0.5802356327,0,0,0.8885368547,0.03569877798,0,0.075,0,-0.055,0.39,0.195,0.06,0.73,-0.08,0.05,-0.04,0.01,-0.245,0.06,0.73,-0.08,-0.05,0.04
-0.1615060404,0,0.7594907453,0,-0.01249967448,0,0.999921876,-0.3318053739,0,0,0.6697923959,-0.3439870221,0,-0.5797021438,0,0,0.8889973835,0.0347047603,0,0.075,0,-0.055,0.39,0.195,0.06,0.73,-0.08,0.05,-0.04,0.01,-0.245,0.06,0.73,-0.08,-0.05,0.04
-0.1620160481,0,0.7594907453,0,-0.01249967448,0,0.999921876,-0.3326829783,0,0,0.6697768399,-0.3430938616,0,-0.579056118,0,0,0.8895498569,0.03350626106,0,0.075,0,-0.055,0.39,0.195,0.06,0.73,-0.08,0.05,-0.04,0.01,-0.245,0.06,0.73,-0.08,-0.05,0.04
-0.1626178872,0,0.7594907453,0,-0.01249967448,0,0.999921876,-0.3337157516,0,0,0.6697526872,-0.3420369357,0,-0.5782910346,0,0,0.8901968611,0.03209417351,0,0.075,0,-0.055,0.39,0.195,0.06,0.73,-0.08,0.05,-0.04,0.01,-0.245,0.06,0.73,-0.08,-0.05,0.04
-0.163314869,0,0.7594907453,0,-0.01249967448,0,0.999921876,-0.3349079314,0,0,0.6697168752,-0.3408089438,0,-0.5774013102,0,0,0.8909394663,0.030461844,0,0.075,0,-0.055,0.39,0.195,0.06,0.73,-0.08,0.05,-0.04,0.01,-0.245,0.06,0.73,-0.08,-0.05,0.04
-0.1641093937,0,0.7594907453,0,-0.01249967448,0,0.999921876,-0.3362618978,0,0,0.6696657853,-0.3394038875,0,-0.5763822489,0,0,0.8917772687,0.02860498014,0,0.075,0,-0.055,0.39,0.195,0.06,0.73,-0.08,0.05,-0.04,0.01,-0.245,0.06,0.73,-0.08,-0.05,0.04
-0.1650029897,0,0.7594907453,0,-0.01249967448,0,0.999921876,-0.3377782459,0,0,0.6695952541,-0.3378170083,0,-0.5752300007,0,0,0.8927084487,0.02652155202,0,0.075,0,-0.055,0.39,0.195,0.06,0.73,-0.08,0.05,-0.04,0.01,-0.245,0.06,0.73,-0.08,-0.05,0.04
-0.1659963537,0,0.7594907453,0,-0.01249967448,0,0.999921876,-0.3394558677,0,0,0.6695006024,-0.3360447347,0,-0.5739415304,0,0,0.8937298441,0.02421168635,0,0.075,0,-0.055,0.39,0.195,0.06,0.73,-0.08,0.05,-0.04,0.01,-0.245,0.06,0.73,-0.08,-0.05,0.04
-0.16708939,0,0.7594907453,0,-0.01249967448,0,0.999921876,-0.3412920424,0,0,0.6693766811,-0.3340846387,0,-0.5725145934,0,0,0.8948370394,0.02167755398,0,0.075,0,-0.055,0.39,0.195,0.06,0.73,-0.08,0.05,-0.04,0.01,-0.245,0.06,0.73,-0.08,-0.05,0.04
-0.16828125,0,0.7594907453,0,-0.01249967448,0,0.999921876,-0.3432825339,0,0,0.6692179332,-0.3319353993,0,-0.5709477202,0,0,0.896024469,0.01892325121,0,0.075,0,-0.055,0.39,0.195,0.06,0.73,-0.08,0.05,-0.04,0.01,-0.245,0.06,0.73,-0.08,-0.05,0.04
-0.1695703722,0,0.7594907453,0,-0.01249967448,0,0.999921876,-0.3454216963,0,0,0.6690184709,-0.3295967746,0,-0.5692402077,0,0,0.8972855321,0.01595467556,0,0.075,0,-0.055,0.39,0.195,0.06,0.73,-0.08,0.05,-0.04,0.01,-0.245,0.06,0.73,-0.08,-0.05,0.04
-0.1709545216,0,0.7594907453,0,-0.01249967448,0,0.999921876,-0.3477025854,0,0,0.6687721647,-0.3270695792,0,-0.5673921156,0,0,0.8986127188,0.01277939679,0,0.075,0,-0.055,0.39,0.195,0.06,0.73,-0.08,0.05,-0.04,0.01,-0.245,0.06,0.73,-0.08,-0.05,0.04
-0.1724308293,0,0.7594907453,0,-0.01249967448,0,0.999921876,-0.3501170757,0,0,0.6684727437,-0.324355668,0,-0.5654042683,0,0,0.8999977444,0.009406523877,0,0.075,0,-0.055,0.39,0.195,0.06,0.73,-0.08,0.05,-0.04,0.01,-0.245,0.06,0.73,-0.08,-0.05,0.04
-0.1739958321,0,0.7594907453,0,-0.01249967448,0,0.999921876,-0.3526559818,0,0,0.6681139045,-0.3214579227,0,-0.5632782594,0,0,0.9014316904,0.005846569027,0,0.075,0,-0.055,0.39,0.195,0.06,0.73,-0.08,0.05,-0.04,0.01,-0.245,0.06,0.73,-0.08,-0.05,0.04
-0.1756455122,0,0.7594907453,0,-0.01249967448,0,0.999921876,-0.3553091837,0,0,0.667689426,-0.3183802423,0,-0.5610164588,0,0,0.9029051493,0.002111309546,0,0.075,0,-0.055,0.39,0.195,0.06,0.73,-0.08,0.05,-0.04,0.01,-0.245,0.06,0.73,-0.08,-0.05,0.04
-0.1773753368,0,0.7594907453,0,-0.01249967448,0,0.999921876,-0.3580657542,0,0,0.6671932888,-0.3151275345,0,-0.5586220194,0,0,0.9044083709,-0.001786351472,0,0.075,0,-0.055,0.39,0.195,0.06,0.73,-0.08,0.05,-0.04,0.01,-0.245,0.06,0.73,-0.08,-0.05,0.04
-0.1791802977,0,0.7594907453,0,-0.01249967448,0,0.999921876,-0.3609140874,0,0,0.6666197952,-0.3117057078,0,-0.5560988845,0,0,0.9059314092,-0.005832524692,0,0.075,0,-0.055,0.39,0.195,0.06,0.73,-0.08,0.05,-0.04,0.01,-0.245,0.06,0.73,-0.08,-0.05,0.04
-0.181054951,0,0.7594907453,0,-0.01249967448,0,0.999921876,-0.3638420277,0,0,0.6659636901,-0.3081216624,0,-0.5534517924,0,0,0.9074642658,-0.01001247341,0,0.075,0,-0.055,0.39,0.195,0.06,0.73,-0.08,0.05,-0.04,0.01,-0.245,0.06,0.73,-0.08,-0.05,0.04
-0.1829934564,0,0.7594907453,0,-0.01249967448,0,0.999921876,-0.3668369979,0,0,0.6652202776,-0.3043832797,0,-0.5506862782,0,0,0.9089970291,-0.01431075092,0,0.075,0,-0.055,0.39,0.195,0.06,0.73,-0.08,0.05,-0.04,0.01,-0.245,0.06,0.73,-0.08,-0.05,0.04
-0.1849896172,0,0.7594907453,0,-0.01249967448,0,0.999921876,-0.369886126,0,0,0.6643855341,-0.3004994081,0,-0.5478086717,0,0,0.9105200072,-0.01871133551,0,0.075,0,-0.055,0.39,0.195,0.06,0.73,-0.08,0.05,-0.04,0.01,-0.245,0.06,0.73,-0.08,-0.05,0.04
-0.1870369199,0,0.7594907453,0,-0.01249967448,0,0.999921876,-0.3729763678,0,0,0.6634562134,-0.2964798456,0,-0.54482609,0,0,0.9120238524,-0.02319776234,0,0.075,0,-0.055,0.39,0.195,0.06,0.73,-0.08,0.05,-0.04,0.01,-0.245,0.06,0.73,-0.08,-0.05,0.04
-0.1891285734,0,0.7594907453,0,-0.01249967448,0,0.999921876,-0.3760946274,0,0,0.6624299443,-0.2923353169,0,-0.5417464249,0,0,0.9134996765,-0.02775325161,0,0.075,0,-0.055,0.39,0.195,0.06,0.73,-0.08,0.05,-0.04,0.01,-0.245,0.06,0.73,-0.08,-0.05,0.04
-0.1912575492,0,0.7594907453,0,-0.01249967448,0,0.999921876,-0.379227872,0,0,0.6613053171,-0.2880774451,0,-0.5385783226,0,0,0.9149391548,-0.03236083217,0,0.075,0,-0.055,0.39,0.195,0.06,0.73,-0.08,0.05,-0.04,0.01,-0.245,0.06,0.73,-0.08,-0.05,0.04
-0.1934166204,0,0.7594907453,0,-0.01249967448,0,0.999921876,-0.3823632413,0,0,0.6600819585,-0.2837187171,0,-0.5353311578,0,0,0.916334618,-0.03700346025,0,0.075,0,-0.055,0.39,0.195,0.06,0.73,-0.08,0.05,-0.04,0.01,-0.245,0.06,0.73,-0.08,-0.05,0.04
-0.1955984018,0,0.7594907453,0,-0.01249967448,0,0.999921876,-0.3854881513,0,0,0.6587605936,-0.2792724423,0,-0.5320149992,0,0,0.9176791318,-0.04166413265,0,0.075,0,-0.055,0.39,0.195,0.06,0.73,-0.08,0.05,-0.04,0.01,-0.245,0.06,0.73,-0.08,-0.05,0.04
-0.1977953895,0,0.7594907453,0,-0.01249967448,0,0.999921876,-0.3885903901,0,0,0.6573430934,-0.2747527033,0,-0.5286405678,0,0,0.918966562,-0.04632599412,0,0.075,0,-0.055,0.39,0.195,0.06,0.73,-0.08,0.05,-0.04,0.01,-0.245,0.06,0.73,-0.08,-0.05,0.04
-0.2,0,0.7594907453,0,-0.01249967448,0,0.999921876,-0.3916582069,0,0,0.6558325065,-0.2701742996,0,-0.5252191874,0,0,0.9201916259,-0.05097243844,0,0.075,0,-0.055,0.39,0.195,0.06,0.73,-0.08,0.05,-0.04,0.01,-0.245,0.06,0.73,-0.08,-0.05,0.04
-0.2022046105,0,0.7594907453,0,-0.01249967448,0,0.999921876,-0.3946803922,0,0,0.6542330745,-0.2655526823,0,-0.5217627266,0,0,0.9213499296,-0.05558720304,0,0.075,0,-0.055,0.39,0.195,0.06,0.73,-0.08,0.05,-0.04,0.01,-0.245,0.06,0.73,-0.08,-0.05,0.04
-0.2044015982,0,0.7594907453,0,-0.01249967448,0,0.999921876,-0.3976463498,0,0,0.6525502308,-0.260903881,0,-0.5182835337,0,0,0.9224379906,-0.06015445697,0,0.075,0,-0.055,0.39,0.195,0.06,0.73,-0.08,0.05,-0.04,0.01,-0.245,0.06,0.73,-0.08,-0.05,0.04
-0.2065833796,0,0.7594907453,0,-0.01249967448,0,0.999921876,-0.4005461589,0,0,0.6507905809,-0.256244422,0,-0.5147943636,0,0,0.9234532457,-0.06465888207,0,0.075,0,-0.055,0.39,0.195,0.06,0.73,-0.08,0.05,-0.04,0.01,-0.245,0.06,0.73,-0.08,-0.05,0.04
-0.2087424508,0,0.7594907453,0,-0.01249967448,0,0.999921876,-0.4033706273,0,0,0.648961865,-0.2515912377,0,-0.5113082975,0,0,0.9243940449,-0.0690857474,0,0.075,0,-0.055,0.39,0.195,0.06,0.73,-0.08,0.05,-0.04,0.01,-0.245,0.06,0.73,-0.08,-0.05,0.04
-0.2108714266,0,0.7594907453,0,-0.01249967448,0,0.999921876,-0.4061113344,0,0,0.6470729019,-0.2469615674,0,-0.5078386556,0,0,0.9252596325,-0.07342097687,0,0.075,0,-0.055,0.39,0.195,0.06,0.73,-0.08,0.05,-0.04,0.01,-0.245,0.06,0.73,-0.08,-0.05,0.04
-0.2129630801,0,0.7594907453,0,-0.01249967448,0,0.999921876,-0.4087606646,0,0,0.6451335142,-0.2423728496,0,-0.5043989034,0,0,0.9260501138,-0.07765121041,0,0.075,0,-0.055,0.39,0.195,0.06,0.73,-0.08,0.05,-0.04,0.01,-0.245,0.06,0.73,-0.08,-0.05,0.04
-0.2150103828,0,0.7594907453,0,-0.01249967448,0,0.999921876,-0.4113118303,0,0,0.643154436,-0.2378426057,0,-0.5010025522,0,0,0.926766411,-0.0817638588,0,0.075,0,-0.055,0.39,0.195,0.06,0.73,-0.08,0.05,-0.04,0.01,-0.245,0.06,0.73,-0.08,-0.05,0.04
-0.2170065436,0,0.7594907453,0,-0.01249967448,0,0.999921876,-0.4137588861,0,0,0.6411472018,-0.2333883157,0,-0.4976630542,0,0,0.9274102067,-0.08574715253,0,0.075,0,-0.055,0.39,0.195,0.06,0.73,-0.08,0.05,-0.04,0.01,-0.245,0.06,0.73,-0.08,-0.05,0.04
-0.218945049,0,0.7594907453,0,-0.01249967448,0,0.999921876,-0.4160967322,0,0,0.6391240182,-0.229027286,0,-0.4943936932,0,0,0.9279838785,-0.0895901852,0,0.075,0,-0.055,0.39,0.195,0.06,0.73,-0.08,0.05,-0.04,0.01,-0.245,0.06,0.73,-0.08,-0.05,0.04
-0.2208197023,0,0.7594907453,0,-0.01249967448,0,0.999921876,-0.4183211102,0,0,0.6370976202,-0.22477651,0,-0.4912074716,0,0,0.9284904237,-0.09328295201,0,0.075,0,-0.055,0.39,0.195,0.06,0.73,-0.08,0.05,-0.04,0.01,-0.245,0.06,0.73,-0.08,-0.05,0.04
-0.2226246632,0,0.7594907453,0,-0.01249967448,0,0.999921876,-0.4204285896,0,0,0.6350811112,-0.2206525216,0,-0.4881169937,0,0,0.9289333775,-0.09681638379,0,0.075,0,-0.055,0.39,0.195,0.06,0.73,-0.08,0.05,-0.04,0.01,-0.245,0.06,0.73,-0.08,-0.05,0.04
-0.2243544878,0,0.7594907453,0,-0.01249967448,0,0.999921876,-0.4224165474,0,0,0.6330877908,-0.2166712435,0,-0.4851343472,0,0,0.9293167248,-0.1001823776,0,0.075,0,-0.055,0.39,0.195,0.06,0.73,-0.08,0.05,-0.04,0.01,-0.245,0.06,0.73,-0.08,-0.05,0.04
-0.2260041679,0,0.7594907453,0,-0.01249967448,0,0.999921876,-0.4242831406,0,0,0.63113097,-0.2128478295,0,-0.4822709837,0,0,0.9296448084,-0.1033738247,0,0.075,0,-0.055,0.39,0.195,0.06,0.73,-0.08,0.05,-0.04,0.01,-0.245,0.06,0.73,-0.08,-0.05,0.04
-0.2275691707,0,0.7594907453,0,-0.01249967448,0,0.999921876,-0.4260272745,0,0,0.6292237783,-0.2091965037,0,-0.4795375979,0,0,0.9299222337,-0.1063846358,0,0.075,0,-0.055,0.39,0.195,0.06,0.73,-0.08,0.05,-0.04,0.01,-0.245,0.06,0.73,-0.08,-0.05,0.04
-0.2290454784,0,0.7594907453,0,-0.01249967448,0,0.999921876,-0.4276485666,0,0,0.6273789632,-0.2057303966,0,-0.4769440073,0,0,0.9301537742,-0.1092097669,0,0.075,0,-0.055,0.39,0.195,0.06,0.73,-0.08,0.05,-0.04,0.01,-0.245,0.06,0.73,-0.08,-0.05,0.04
-0.2304296278,0,0.7594907453,0,-0.01249967448,0,0.999921876,-0.4291473082,0,0,0.6256086874,-0.2024613792,0,-0.4744990336,0,0,0.9303442772,-0.1118452436,0,0.075,0,-0.055,0.39,0.195,0.06,0.73,-0.08,0.05,-0.04,0.01,-0.245,0.06,0.73,-0.08,-0.05,0.04
-0.23171875,0,0.7594907453,0,-0.01249967448,0,0.999921876,-0.4305244263,0,0,0.6239243247,-0.1993998984,0,-0.4722103855,0,0,0.9304985729,-0.1142881874,0,0.075,0,-0.055,0.39,0.195,0.06,0.73,-0.08,0.05,-0.04,0.01,-0.245,0.06,0.73,-0.08,-0.05,0.04
-0.23291061,0,0.7594907453,0,-0.01249967448,0,0.999921876,-0.4317814464,0,0,0.6223362592,-0.1965548127,0,-0.4700845448,0,0,0.9306213888,-0.116536844,0,0.075,0,-0.055,0.39,0.195,0.06,0.73,-0.08,0.05,-0.04,0.01,-0.245,0.06,0.73,-0.08,-0.05,0.04
-0.2340036463,0,0.7594907453,0,-0.01249967448,0,0.999921876,-0.4329204594,0,0,0.6208536914,-0.1939332321,0,-0.468126656,0,0,0.9307172703,-0.1185906143,0,0.075,0,-0.055,0.39,0.195,0.06,0.73,-0.08,0.05,-0.04,0.01,-0.245,0.06,0.73,-0.08,-0.05,0.04
-0.2349970103,0,0.7594907453,0,-0.01249967448,0,0.999921876,-0.4339440928,0,0,0.619484455,-0.1915403623,0,-0.4663404205,0,0,0.9307905106,-0.1204500901,0,0.075,0,-0.055,0.39,0.195,0.06,0.73,-0.08,0.05,-0.04,0.01,-0.245,0.06,0.73,-0.08,-0.05,0.04
-0.2358906063,0,0.7594907453,0,-0.01249967448,0,0.999921876,-0.4348554904,0,0,0.6182348463,-0.1893793558,0,-0.4647279955,0,0,0.9308450897,-0.1221170943,0,0.075,0,-0.055,0.39,0.195,0.06,0.73,-0.08,0.05,-0.04,0.01,-0.245,0.06,0.73,-0.08,-0.05,0.04
-0.236685131,0,0.7594907453,0,-0.01249967448,0,0.999921876,-0.4356583006,0,0,0.6171094716,-0.1874511711,0,-0.4632898993,0,0,0.9308846264,-0.123594727,0,0.075,0,-0.055,0.39,0.195,0.06,0.73,-0.08,0.05,-0.04,0.01,-0.245,0.06,0.73,-0.08,-0.05,0.04
-0.2373821128,0,0.7594907453,0,-0.01249967448,0,0.999921876,-0.4363566742,0,0,0.6161111145,-0.1857544403,0,-0.4620249224,0,0,0.9309123408,-0.1248874183,0,0.075,0,-0.055,0.39,0.195,0.06,0.73,-0.08,0.05,-0.04,0.01,-0.245,0.06,0.73,-0.08,-0.05,0.04
-0.2379839519,0,0.7594907453,0,-0.01249967448,0,0.999921876,-0.4369552759,0,0,0.6152406245,-0.1842853485,0,-0.4609300447,0,0,0.9309310326,-0.1260009879,0,0.075,0,-0.055,0.39,0.195,0.06,0.73,-0.08,0.05,-0.04,0.01,-0.245,0.06,0.73,-0.08,-0.05,0.04
-0.2384939596,0,0.7594907453,0,-0.01249967448,0,0.999921876,-0.437459307,0,0,0.61449683,-0.183037523,0,-0.46000036,0,0,0.9309430716,-0.1269427116,0,0.075,0,-0.055,0.39,0.195,0.06,0.73,-0.08,0.05,-0.04,0.01,-0.245,0.06,0.73,-0.08,-0.05,0.04
-0.2389163979,0,0.7594907453,0,-0.01249967448,0,0.999921876,-0.4378745411,0,0,0.613876476,-0.1820019349,0,-0.4592290074,0,0,0.9309504035,-0.1277213961,0,0.075,0,-0.055,0.39,0.195,0.06,0.73,-0.08,0.05,-0.04,0.01,-0.245,0.06,0.73,-0.08,-0.05,0.04
-0.2392565194,0,0.7594907453,0,-0.01249967448,0,0.999921876,-0.438207374,0,0,0.6133741854,-0.1811668114,0,-0.4586071084,0,0,0.9309545684,-0.12834746,0,0.075,0,-0.055,0.39,0.195,0.06,0.73,-0.08,0.05,-0.04,0.01,-0.245,0.06,0.73,-0.08,-0.05,0.04
-0.2395206067,0,0.7594907453,0,-0.01249967448,0,0.999921876,-0.4384648842,0,0,0.6129824435,-0.1805175593,0,-0.4581237106,0,0,0.9309567328,-0.1288330222,0,0.075,0,-0.055,0.39,0.195,0.06,0.73,-0.08,0.05,-0.04,0.01,-0.245,0.06,0.73,-0.08,-0.05,0.04
-0.2397160118,0,0.7594907453,0,-0.01249967448,0,0.999921876,-0.4386549055,0,0,0.6126916035,-0.1800366979,0,-0.4577657368,0,0,0.9309577325,-0.1291919957,0,0.075,0,-0.055,0.39,0.195,0.06,0.73,-0.08,0.05,-0.04,0.01,-0.245,0.06,0.73,-0.08,-0.05,0.04
-0.2398511963,0,0.7594907453,0,-0.01249967448,0,0.999921876,-0.4387861076,0,0,0.6124899071,-0.1797037996,0,-0.4575179379,0,0,0.9309581246,-0.1294401868,0,0.075,0,-0.055,0.39,0.195,0.06,0.73,-0.08,0.05,-0.04,0.01,-0.245,0.06,0.73,-0.08,-0.05,0.04
-0.2399357705,0,0.7594907453,0,-0.01249967448,0,0.999921876,-0.4388680829,0,0,0.6123635184,-0.1794954355,0,-0.4573628487,0,0,0.9309582454,-0.1295953967,0,0.075,0,-0.055,0.39,0.195,0.06,0.73,-0.08,0.05,-0.04,0.01,-0.245,0.06,0.73,-0.08,-0.05,0.04
-0.2399805333,0,0.7594907453,0,-0.01249967448,0,0.999921876,-0.4389114367,0,0,0.6122965611,-0.1793851244,0,-0.4572807454,0,0,0.9309582705,-0.1296775251,0,0.075,0,-0.055,0.39,0.195,0.06,0.73,-0.08,0.05,-0.04,0.01,-0.245,0.06,0.73,-0.08,-0.05,0.04
-0.2399975115,0,0.7594907453,0,-0.01249967448,0,0.999921876,-0.4389278745,0,0,0.612271153,-0.1793432785,0,-0.4572496006,0,0,0.930958273,-0.1297086724,0,0.075,0,-0.055,0.39,0.195,0.06,0.73,-0.08,0.05,-0.04,0.01,-0.245,0.06,0.73,-0.08,-0.05,0.04
-0.24,0,0.7594907453,0,-0.01249967448,0,0.999921876,-0.4389302835,0,0,0.6122674285,-0.179337145,0,-0.4572450356,0,0,0.930958273,-0.1297132375,0,0.075,0,-0.055,0.39,0.195,0.06,0.73,-0.08,0.05,-0.04,0.01,-0.245,0.06,0.73,-0.08,-0.05,0.04
-0.24,0,0.7594907453,0,-0.01249967448,0,0.999921876,-0.4390804343,0,0,0.6125601608,-0.1791730302,0,-0.4571478197,0,0,0.9307597666,-0.1299186432,0,0.07486855872,0,-0.055,0.3896670154,0.1950438138,0.05989484697,0.73,-0.07985979597,0.04991237248,-0.03992989798,0.01033298458,-0.2449561862,0.05989484697,0.73,-0.07985979597,-0.04991237248,0.03992989798
-0.24,0,0.7594907453,0,-0.01249967448,0,0.999921876,-0.4400469145,0,0,0.6144442445,-0.1781132709,0,-0.4565205735,0,0,0.9294789934,-0.131242479,0,0.07402111753,0,-0.055,0.3875201644,0.1953262942,0.05921689403,0.73,-0.0789558587,0.04934741169,-0.03947792935,0.01247983558,-0.2446737058,0.05921689403,0.73,-0.0789558587,-0.04934741169,0.03947792935
-0.24,0,0.7594907453,0,-0.01249967448,0,0.999921876,-0.4424178517,0,0,0.6190650755,-0.1754886219,0,-0.4549708334,0,0,0.9263146551,-0.1345024236,0,0.07193202774,0,-0.055,0.3822278036,0.1960226574,0.05754562219,0.73,-0.07672749626,0.04795468516,-0.03836374813,0.01777219638,-0.2439773426,0.05754562219,0.73,-0.07672749626,-0.04795468516,0.03836374813
-0.24,0,0.7594907453,0,-0.01249967448,0,0.999921876,-0.4465414643,0,0,0.6270979095,-0.1708396847,0,-0.4522379091,0,0,0.9207346851,-0.1402135365,0,0.06826424549,0,-0.055,0.3729360886,0.1972452515,0.05461139639,0.73,-0.07281519519,0.04550949699,-0.03640759759,0.02706391143,-0.2427547485,0.05461139639,0.73,-0.07281519519,-0.04550949699,0.03640759759
-0.24,0,0.7594907453,0,-0.01249967448,0,0.999921876,-0.4525430416,0,0,0.6387802265,-0.1638833948,0,-0.4481738108,0,0,0.9124373744,-0.1486173536,0,0.06284837567,0,-0.055,0.359215885,0.1990505414,0.05027870054,0.73,-0.06703826738,0.04189891711,-0.03351913369,0.04078411497,-0.2409494586,0.05027870054,0.73,-0.06703826738,-0.04189891711,0.03351913369
-0.24,0,0.7594907453,0,-0.01249967448,0,0.999921876,-0.460354747,0,0,0.6539703082,-0.1544928983,0,-0.4427267079,0,0,0.9013176029,-0.1597135579,0,0.05566171585,0,-0.055,0.3410096802,0.2014460947,0.04452937268,0.73,-0.05937249691,0.03710781057,-0.02968624846,0.05899031984,-0.2385539053,0.04452937268,0.73,-0.05937249691,-0.03710781057,0.02968624846
-0.24,0,0.7594907453,0,-0.01249967448,0,0.999921876,-0.4697568472,0,0,0.6722292095,-0.1426893961,0,-0.4359273684,0,0,0.8874390917,-0.1732946895,0,0.04680730017,0,-0.055,0.3185784938,0.2043975666,0.03744584014,0.73,-0.04992778685,0.03120486678,-0.02496389343,0.08142150623,-0.2356024334,0.03744584014,0.73,-0.04992778685,-0.03120486678,0.02496389343
-0.24,0,0.7594907453,0,-0.01249967448,0,0.999921876,-0.4804240927,0,0,0.6929133398,-0.128639448,0,-0.4278783866,0,0,0.8710122882,-0.1889837007,0,0.03649294323,0,-0.055,0.2924487895,0.2078356856,0.02919435458,0.73,-0.03892580611,0.02432862882,-0.01946290306,0.1075512105,-0.2321643144,0.02919435458,0.73,-0.03892580611,-0.02432862882,0.01946290306
-0.24,0,0.7594907453,0,-0.01249967448,0,0.999921876,-0.4919700455,0,0,0.7152629624,-0.1126502463,0,-0.418745656,0,0,0.8523767993,-0.2062738139,0,0.02501028401,0,-0.055,0.2633593862,0.2116632387,0.02000822721,0.73,-0.02667763628,0.01667352267,-0.01333881814,0.1366406138,-0.2283367613,0.02000822721,0.73,-0.02667763628,-0.01667352267,0.01333881814
-0.24,0,0.7594907453,0,-0.01249967448,0,0.999921876,-0.5039842985,0,0,0.7384762634,-0.09515756773,0,-0.4087513256,0,0,0.8319868407,-0.2245699123,0,0.01271382978,0,-0.055,0.2322083688,0.2157620567,0.01017106382,0.73,-0.01356141843,0.00847588652,-0.006780709216,0.1677916312,-0.2242379433,0.01017106382,0.73,-0.01356141843,-0.00847588652,0.006780709216
-0.24,0,0.7594907453,0,-0.01249967448,0,0.999921876,-0.51606069,0,0,0.7617650653,-0.07670437529,0,-0.3981672731,0,0,0.8103977561,-0.243230483,0,2.91433544e-16,0,-0.055,0.2,0.22,2.331468352e-16,0.73,-3.108624469e-16,1.942890293e-16,-1.554312234e-16,0.2,-0.22,2.331468352e-16,0.73,-3.108624469e-16,-1.942890293e-16,1.554312234e-16
-0.24,0,0.7594907453,0,-0.01249967448,0,0.999921876,-0.5278171587,0,0,0.7843934284,-0.05791066691,0,-0.3873078835,0,0,0.7882511556,-0.2616088749,0,-0.01271382978,0,-0.055,0.1677916312,0.2242379433,-0.01017106382,0.73,0.01356141843,-0.00847588652,0.006780709216,0.2322083688,-0.2157620567,-0.01017106382,0.73,0.01356141843,0.00847588652,-0.006780709216
-0.24,0,0.7594907453,0,-0.01249967448,0,0.999921876,-0.5389092169,0,0,0.8057031068,-0.0394365606,0,-0.3765206374,0,0,0.7662556423,-0.2790923343,0,-0.02501028401,0,-0.055,0.1366406138,0.2283367613,-0.02000822721,0.73,0.02667763628,-0.01667352267,0.01333881814,0.2633593862,-0.2116632387,-0.02000822721,0.73,0.02667763628,0.01667352267,-0.01333881814
-0.24,0,0.7594907453,0,-0.01249967448,0,0.999921876,-0.5490393424,0,0,0.8251305046,-0.02194096139,0,-0.3661727689,0,0,0.7451595931,-0.2951370251,0,-0.03649294323,0,-0.055,0.1075512105,0.2321643144,-0.02919435458,0.73,0.03892580611,-0.02432862882,0.01946290306,0.2924487895,-0.2078356856,-0.02919435458,0.73,0.03892580611,0.02432862882,-0.01946290306
-0.24,0,0.7594907453,0,-0.01249967448,0,0.999921876,-0.557964357,0,0,0.8422193333,-0.006037942531,0,-0.356632231,0,0,0.7257124074,-0.3092972102,0,-0.04680730017,0,-0.055,0.08142150623,0.2356024334,-0.03744584014,0.73,0.04992778685,-0.03120486678,0.02496389343,0.3185784938,-0.2043975666,-0.03744584014,0.73,0.04992778685,0.03120486678,-0.02496389343
-0.24,0,0.7594907453,0,-0.01249967448,0,0.999921876,-0.5655024354,0,0,0.8566323432,0.00774742919,0,-0.3482416813,0,0,0.7086115986,-0.3212472544,0,-0.05566171585,0,-0.055,0.05899031984,0.2385539053,-0.04452937268,0.73,0.05937249691,-0.03710781057,0.02968624846,0.3410096802,-0.2014460947,-0.04452937268,0.73,0.05937249691,0.03710781057,-0.02968624846
-0.24,0,0.7594907453,0,-0.01249967448,0,0.999921876,-0.5715409892,0,0,0.868164725,0.0190224741,0,-0.3412854392,0,0,0.6944356171,-0.3307963879,0,-0.06284837567,0,-0.055,0.04078411497,0.2409494586,-0.05027870054,0.73,0.06703826738,-0.04189891711,0.03351913369,0.359215885,-0.1990505414,-0.05027870054,0.73,0.06703826738,0.04189891711,-0.03351913369
-0.24,0,0.7594907453,0,-0.01249967448,0,0.999921876,-0.5760463708,0,0,0.8767611849,0.02756842536,0,-0.3359513883,0,0,0.6835663976,-0.3378982488,0,-0.06826424549,0,-0.055,0.02706391143,0.2427547485,-0.05461139639,0.73,0.07281519519,-0.04550949699,0.03640759759,0.3729360886,-0.1972452515,-0.05461139639,0.73,0.07281519519,0.04550949699,-0.03640759759
-0.24,0,0.7594907453,0,-0.01249967448,0,0.999921876,-0.5790761135,0,0,0.8825382525,0.03337925906,0,-0.3322920365,0,0,0.6761101783,-0.3426595399,0,-0.07193202774,0,-0.055,0.01777219638,0.2439773426,-0.05754562219,0.73,0.07672749626,-0.04795468516,0.03836374813,0.3822278036,-0.1960226574,-0.05754562219,0.73,0.07672749626,0.04795468516,-0.03836374813
-0.24,0,0.7594907453,0,-0.01249967448,0,0.999921876,-0.5807942129,0,0,0.8858129313,0.03669722244,0,-0.3301902186,0,0,0.6718277237,-0.3453534461,0,-0.07402111753,0,-0.055,0.01247983558,0.2446737058,-0.05921689403,0.73,0.0789558587,-0.04934741169,0.03947792935,0.3875201644,-0.1953262942,-0.05921689403,0.73,0.0789558587,0.04934741169,-0.03947792935
-0.24,0,0.7594907453,0,-0.01249967448,0,0.999921876,-0.5814896126,0,0,0.8871380738,0.03804484248,0,-0.3293339139,0,0,0.6700830371,-0.3464424269,0,-0.07486855872,0,-0.055,0.01033298458,0.2449561862,-0.05989484697,0.73,0.07985979597,-0.04991237248,0.03992989798,0.3896670154,-0.1950438138,-0.05989484697,0.73,0.07985979597,0.04991237248,-0.03992989798
-0.24,0,0.7594907453,0,-0.01249967448,0,0.999921876,-0.5815973921,0,0,0.8873434421,0.03825395004,0,-0.3292009047,0,0,0.669812038,-0.3466111333,0,-0.075,0,-0.055,0.01,0.245,-0.06,0.73,0.08,-0.05,0.04,0.39,-0.195,-0.06,0.73,0.08,0.05,-0.04
-0.2400024885,0,0.7594907453,0,-0.01249967448,0,0.999921876,-0.5815942759,0,0,0.8873462027,0.0382480732,0,-0.3292052241,0,0,0.6698120379,-0.3466068139,0,-0.075,0,-0.055,0.01,0.245,-0.06,0.73,0.08,-0.05,0.04,0.39,-0.195,-0.06,0.73,0.08,0.05,-0.04
-0.2400194667,0,0.7594907453,0,-0.01249967448,0,0.999921876,-0.5815730135,0,0,0.8873650354,0.0382079781,0,-0.3292346926,0,0,0.6698120347,-0.3465773421,0,-0.075,0,-0.055,0.01,0.245,-0.06,0.73,0.08,-0.05,0.04,0.39,-0.195,-0.06,0.73,0.08,0.05,-0.04
-0.2400642295,0,0.7594907453,0,-0.01249967448,0,0.999921876,-0.5815169444,0,0,0.8874146667,0.0381022776,0,-0.3293123738,0,0,0.6698120023,-0.3464996285,0,-0.075,0,-0.055,0.01,0.245,-0.06,0.73,0.08,-0.05,0.04,0.39,-0.195,-0.06,0.73,0.08,0.05,-0.04
-0.2401488037,0,0.7594907453,0,-0.01249967448,0,0.999921876,-0.581410963,0,0,0.8875083583,0.03790260465,0,-0.3294590972,0,0,0.6698118463,-0.346352749,0,-0.075,0,-0.055,0.01,0.245,-0.06,0.73,0.08,-0.05,0.04,0.39,-0.195,-0.06,0.73,0.08,0.05,-0.04
-0.2402839882,0,0.7594907453,0,-0.01249967448,0,0.999921876,-0.5812414387,0,0,0.8876578954,0.03758354332,0,-0.3296934956,0,0,0.6698113396,-0.346117844,0,-0.075,0,-0.055,0.01,0.245,-0.06,0.73,0.08,-0.05,0.04,0.39,-0.195,-0.06,0.73,0.08,0.05,-0.04
-0.2404793933,0,0.7594907453,0,-0.01249967448,0,0.999921876,-0.5809961306,0,0,0.8878735668,0.03712256385,0,-0.3300320366,0,0,0.6698100478,-0.3457780112,0,-0.075,0,-0.055,0.01,0.245,-0.06,0.73,0.08,-0.05,0.04,0.39,-0.195,-0.06,0.73,0.08,0.05,-0.04
-0.2407434806,0,0.7594907453,0,-0.01249967448,0,0.999921876,-0.5806641015,0,0,0.8881641427,0.03649995881,0,-0.3304890539,0,0,0.6698072512,-0.3453181972,0,-0.075,0,-0.055,0.01,0.245,-0.06,0.73,0.08,-0.05,0.04,0.39,-0.195,-0.06,0.73,0.08,0.05,-0.04
-0.2410836021,0,0.7594907453,0,-0.01249967448,0,0.999921876,-0.5802356327,0,0,0.8885368547,0.03569877798,0,-0.3310767784,0,0,0.6698018696,-0.3447250913,0,-0.075,0,-0.055,0.01,0.245,-0.06,0.73,0.08,-0.05,0.04,0.39,-0.195,-0.06,0.73,0.08,0.05,-0.04
-0.2415060404,0,0.7594907453,0,-0.01249967448,0,0.999921876,-0.5797021438,0,0,0.8889973835,0.0347047603,0,-0.3318053739,0,0,0.6697923959,-0.3439870221,0,-0.075,0,-0.055,0.01,0.245,-0.06,0.73,0.08,-0.05,0.04,0.39,-0.195,-0.06,0.73,0.08,0.05,-0.04
-0.2420160481,0,0.7594907453,0,-0.01249967448,0,0.999921876,-0.579056118,0,0,0.8895498569,0.03350626106,0,-0.3326829783,0,0,0.6697768399,-0.3430938616,0,-0.075,0,-0.055,0.01,0.245,-0.06,0.73,0.08,-0.05,0.04,0.39,-0.195,-0.06,0.73,0.08,0.05,-0.04
-0.2426178872,0,0.7594907453,0,-0.01249967448,0,0.999921876,-0.5782910346,0,0,0.8901968611,0.03209417351,0,-0.3337157516,0,0,0.6697526872,-0.3420369357,0,-0.075,0,-0.055,0.01,0.245,-0.06,0.73,0.08,-0.05,0.04,0.39,-0.195,-0.06,0.73,0.08,0.05,-0.04
-0.243314869,0,0.7594907453,0,-0.01249967448,0,0.999921876,-0.5774013102,0,0,0.8909394663,0.030461844,0,-0.3349079314,0,0,0.6697168752,-0.3408089438,0,-0.075,0,-0.055,0.01,0.245,-0.06,0.73,0.08,-0.05,0.04,0.39,-0.195,-0.06,0.73,0.08,0.05,-0.04
-0.2441093937,0,0.7594907453,0,-0.01249967448,0,0.999921876,-0.5763822489,0,0,0.8917772687,0.02860498014,0,-0.3362618978,0,0,0.6696657853,-0.3394038875,0,-0.075,0,-0.055,0.01,0.245,-0.06,0.73,0.08,-0.05,0.04,0.39,-0.195,-0.06,0.73,0.08,0.05,-0.04
-0.2450029897,0,0.7594907453,0,-0.01249967448,0,0.999921876,-0.5752300007,0,0,0.8927084487,0.02652155202,0,-0.3377782459,0,0,0.6695952541,-0.3378170083,0,-0.075,0,-0.055,0.01,0.245,-0.06,0.73,0.08,-0.05,0.04,0.39,-0.195,-0.06,0.73,0.08,0.05,-0.04
-0.2459963537,0,0.7594907453,0,-0.01249967448,0,0.999921876,-0.5739415304,0,0,0.8937298441,0.02421168635,0,-0.3394558677,0,0,0.6695006024,-0.3360447347,0,-0.075,0,-0.055,0.01,0.245,-0.06,0.73,0.08,-0.05,0.04,0.39,-0.195,-0.06,0.73,0.08,0.05,-0.04
-0.24708939,0,0.7594907453,0,-0.01249967448,0,0.999921876,-0.5725145934,0,0,0.8948370394,0.02167755398,0,-0.3412920424,0,0,0.6693766811,-0.3340846387,0,-0.075,0,-0.055,0.01,0.245,-0.06,0.73,0.08,-0.05,0.04,0.39,-0.195,-0.06,0.73,0.08,0.05,-0.04
-0.24828125,0,0.7594907453,0,-0.01249967448,0,0.999921876,-0.5709477202,0,0,0.896024469,0.01892325121,0,-0.3432825339,0,0,0.6692179332,-0.3319353993,0,-0.075,0,-0.055,0.01,0.245,-0.06,0.73,0.08,-0.05,0.04,0.39,-0.195,-0.06,0.73,0.08,0.05,-0.04
-0.2495703722,0,0.7594907453,0,-0.01249967448,0,0.999921876,-0.5692402077,0,0,0.8972855321,0.01595467556,0,-0.3454216963,0,0,0.6690184709,-0.3295967746,0,-0.075,0,-0.055,0.01,0.245,-0.06,0.73,0.08,-0.05,0.04,0.39,-0.195,-0.06,0.73,0.08,0.05,-0.04
-0.2509545216,0,0.7594907453,0,-0.01249967448,0,0.999921876,-0.5673921156,0,0,0.8986127188,0.01277939679,0,-0.3477025854,0,0,0.6687721647,-0.3270695792,0,-0.075,0,-0.055,0.01,0.245,-0.06,0.73,0.08,-0.05,0.04,0.39,-0.195,-0.06,0.73,0.08,0.05,-0.04
-0.2524308293,0,0.7594907453,0,-0.01249967448,0,0.999921876,-0.5654042683,0,0,0.8999977444,0.009406523877,0,-0.3501170757,0,0,0.6684727437,-0.324355668,0,-0.075,0,-0.055,0.01,0.245,-0.06,0.73,0.08,-0.05,0.04,0.39,-0.195,-0.06,0.73,0.08,0.05,-0.04
-0.2539958321,0,0.7594907453,0,-0.01249967448,0,0.999921876,-0.5632782594,0,0,0.9014316904,0.005846569027,0,-0.3526559818,0,0,0.6681139045,-0.3214579227,0,-0.075,0,-0.055,0.01,0.245,-0.06,0.73,0.08,-0.05,0.04,0.39,-0.195,-0.06,0.73,0.08,0.05,-0.04
-0.2556455122,0,0.7594907453,0,-0.01249967448,0,0.999921876,-0.5610164588,0,0,0.9029051493,0.002111309546,0,-0.3553091837,0,0,0.667689426,-0.3183802423,0,-0.075,0,-0.055,0.01,0.245,-0.06,0.73,0.08,-0.05,0.04,0.39,-0.195,-0.06,0.73,0.08,0.05,-0.04
-0.2573753368,0,0.7594907453,0,-0.01249967448,0,0.999921876,-0.5586220194,0,0,0.9044083709,-0.001786351472,0,-0.3580657542,0,0,0.6671932888,-0.3151275345,0,-0.075,0,-0.055,0.01,0.245,-0.06,0.73,0.08,-0.05,0.04,0.39,-0.195,-0.06,0.73,0.08,0.05,-0.04
-0.2591802977,0,0.7594907453,0,-0.01249967448,0,0.999921876,-0.5560988845,0,0,0.9059314092,-0.005832524692,0,-0.3609140874,0,0,0.6666197952,-0.3117057078,0,-0.075,0,-0.055,0.01,0.245,-0.06,0.73,0.08,-0.05,0.04,0.39,-0.195,-0.06,0.73,0.08,0.05,-0.04
-0.261054951,0,0.7594907453,0,-0.01249967448,0,0.999921876,-0.5534517924,0,0,0.9074642658,-0.01001247341,0,-0.3638420277,0,0,0.6659636901,-0.3081216624,0,-0.075,0,-0.055,0.01,0.245,-0.06,0.73,0.08,-0.05,0.04,0.39,-0.195,-0.06,0.73,0.08,0.05,-0.04
-0.2629934564,0,0.7594907453,0,-0.01249967448,0,0.999921876,-0.5506862782,0,0,0.9089970291,-0.01431075092,0,-0.3668369979,0,0,0.6652202776,-0.3043832797,0,-0.075,0,-0.055,0.01,0.245,-0.06,0.73,0.08,-0.05,0.04,0.39,-0.195,-0.06,0.73,0.08,0.05,-0.04
-0.2649896172,0,0.7594907453,0,-0.01249967448,0,0.999921876,-0.5478086717,0,0,0.9105200072,-0.01871133551,0,-0.369886126,0,0,0.6643855341,-0.3004994081,0,-0.075,0,-0.055,0.01,0.245,-0.06,0.73,0.08,-0.05,0.04,0.39,-0.195,-0.06,0.73,0.08,0.05,-0.04
-0.2670369199,0,0.7594907453,0,-0.01249967448,0,0.999921876,-0.54482609,0,0,0.9120238524,-0.02319776234,0,-0.3729763678,0,0,0.6634562134,-0.2964798456,0,-0.075,0,-0.055,0.01,0.245,-0.06,0.73,0.08,-0.05,0.04,0.39,-0.195,-0.06,0.73,0.08,0.05,-0.04
-0.2691285734,0,0.7594907453,0,-0.01249967448,0,0.999921876,-0.5417464249,0,0,0.9134996765,-0.02775325161,0,-0.3760946274,0,0,0.6624299443,-0.2923353169,0,-0.075,0,-0.055,0.01,0.245,-0.06,0.73,0.08,-0.05,0.04,0.39,-0.195,-0.06,0.73,0.08,0.05,-0.04
-0.2712575492,0,0.7594907453,0,-0.01249967448,0,0.999921876,-0.5385783226,0,0,0.9149391548,-0.03236083217,0,-0.379227872,0,0,0.6613053171,-0.2880774451,0,-0.075,0,-0.055,0.01,0.245,-0.06,0.73,0.08,-0.05,0.04,0.39,-0.195,-0.06,0.73,0.08,0.05,-0.04
-0.2734166204,0,0.7594907453,0,-0.01249967448,0,0.999921876,-0.5353311578,0,0,0.916334618,-0.03700346025,0,-0.3823632413,0,0,0.6600819585,-0.2837187171,0,-0.075,0,-0.055,0.01,0.245,-0.06,0.73,0.08,-0.05,0.04,0.39,-0.195,-0.06,0.73,0.08,0.05,-0.04
-0.2755984018,0,0.7594907453,0,-0.01249967448,0,0.999921876,-0.5320149992,0,0,0.9176791318,-0.04166413265,0,-0.3854881513,0,0,0.6587605936,-0.2792724423,0,-0.075,0,-0.055,0.01,0.245,-0.06,0.73,0.08,-0.05,0.04,0.39,-0.195,-0.06,0.73,0.08,0.05,-0.04
-0.2777953895,0,0.7594907453,0,-0.01249967448,0,0.999921876,-0.5286405678,0,0,0.918966562,-0.04632599412,0,-0.3885903901,0,0,0.6573430934,-0.2747527033,0,-0.075,0,-0.055,0.01,0.245,-0.06,0.73,0.08,-0.05,0.04,0.39,-0.195,-0.06,0.73,0.08,0.05,-0.04
-0.28,0,0.7594907453,0,-0.01249967448,0,0.999921876,-0.5252191874,0,0,0.9201916259,-0.05097243844,0,-0.3916582069,0,0,0.6558325065,-0.2701742996,0,-0.075,0,-0.055,0.01,0.245,-0.06,0.73,0.08,-0.05,0.04,0.39,-0.195,-0.06,0.73,0.08,0.05,-0.04
-0.2822046105,0,0.7594907453,0,-0.01249967448,0,0.999921876,-0.5217627266,0,0,0.9213499296,-0.05558720304,0,-0.3946803922,0,0,0.6542330745,-0.2655526823,0,-0.075,0,-0.055,0.01,0.245,-0.06,0.73,0.08,-0.05,0.04,0.39,-0.195,-0.06,0.73,0.08,0.05,-0.04
-0.2844015982,0,0.7594907453,0,-0.01249967448,0,0.999921876,-0.5182835337,0,0,0.9224379906,-0.06015445697,0,-0.3976463498,0,0,0.6525502308,-0.260903881,0,-0.075,0,-0.055,0.01,0.245,-0.06,0.73,0.08,-0.05,0.04,0.39,-0.195,-0.06,0.73,0.08,0.05,-0.04
-0.2865833796,0,0.7594907453,0,-0.01249967448,0,0.999921876,-0.5147943636,0,0,0.9234532457,-0.06465888207,0,-0.4005461589,0,0,0.6507905809,-0.256244422,0,-0.075,0,-0.055,0.01,0.245,-0.06,0.73,0.08,-0.05,0.04,0.39,-0.195,-0.06,0.73,0.08,0.05,-0.04
-0.2887424508,0,0.7594907453,0,-0.01249967448,0,0.999921876,-0.5113082975,0,0,0.9243940449,-0.0690857474,0,-0.4033706273,0,0,0.648961865,-0.2515912377,0,-0.075,0,-0.055,0.01,0.245,-0.06,0.73,0.08,-0.05,0.04,0.39,-0.195,-0.06,0.73,0.08,0.05,-0.04
-0.2908714266,0,0.7594907453,0,-0.01249967448,0,0.999921876,-0.5078386556,0,0,0.9252596325,-0.07342097687,0,-0.4061113344,0,0,0.6470729019,-0.2469615674,0,-0.075,0,-0.055,0.01,0.245,-0.06,0.73,0.08,-0.05,0.04,0.39,-0.195,-0.06,0.73,0.08,0.05,-0.04
-0.2929630801,0,0.7594907453,0,-0.01249967448,0,0.999921876,-0.5043989034,0,0,0.9260501138,-0.07765121041,0,-0.4087606646,0,0,0.6451335142,-0.2423728496,0,-0.075,0,-0.055,0.01,0.245,-0.06,0.73,0.08,-0.05,0.04,0.39,-0.195,-0.06,0.73,0.08,0.05,-0.04
-0.2950103828,0,0.7594907453,0,-0.01249967448,0,0.999921876,-0.5010025522,0,0,0.926766411,-0.0817638588,0,-0.4113118303,0,0,0.643154436,-0.2378426057,0,-0.075,0,-0.055,0.01,0.245,-0.06,0.73,0.08,-0.05,0.04,0.39,-0.195,-0.06,0.73,0.08,0.05,-0.04
-0.2970065436,0,0.7594907453,0,-0.01249967448,0,0.999921876,-0.4976630542,0,0,0.9274102067,-0.08574715253,0,-0.4137588861,0,0,0.6411472018,-0.2333883157,0,-0.075,0,-0.055,0.01,0.245,-0.06,0.73,0.08,-0.05,0.04,0.39,-0.195,-0.06,0.73,0.08,0.05,-0.04
-0.298945049,0,0.7594907453,0,-0.01249967448,0,0.999921876,-0.4943936932,0,0,0.9279838785,-0.0895901852,0,-0.4160967322,0,0,0.6391240182,-0.229027286,0,-0.075,0,-0.055,0.01,0.245,-0.06,0.73,0.08,-0.05,0.04,0.39,-0.195,-0.06,0.73,0.08,0.05,-0.04
-0.3008197023,0,0.7594907453,0,-0.01249967448,0,0.999921876,-0.4912074716,0,0,0.9284904237,-0.09328295201,0,-0.4183211102,0,0,0.6370976202,-0.22477651,0,-0.075,0,-0.055,0.01,0.245,-0.06,0.73,0.08,-0.05,0.04,0.39,-0.195,-0.06,0.73,0.08,0.05,-0.04
-0.3026246632,0,0.7594907453,0,-0.01249967448,0,0.999921876,-0.4881169937,0,0,0.9289333775,-0.09681638379,0,-0.4204285896,0,0,0.6350811112,-0.2206525216,0,-0.075,0,-0.055,0.01,0.245,-0.06,0.73,0.08,-0.05,0.04,0.39,-0.195,-0.06,0.73,0.08,0.05,-0.04
-0.3043544878,0,0.7594907453,0,-0.01249967448,0,0.999921876,-0.4851343472,0,0,0.9293167248,-0.1001823776,0,-0.4224165474,0,0,0.6330877908,-0.2166712435,0,-0.075,0,-0.055,0.01,0.245,-0.06,0.73,0.08,-0.05,0.04,0.39,-0.195,-0.06,0.73,0.08,0.05,-0.04
-0.3060041679,0,0.7594907453,0,-0.01249967448,0,0.999921876,-0.4822709837,0,0,0.9296448084,-0.1033738247,0,-0.4242831406,0,0,0.63113097,-0.2128478295,0,-0.075,0,-0.055,0.01,0.245,-0.06,0.73,0.08,-0.05,0.04,0.39,-0.195,-0.06,0.73,0.08,0.05,-0.04
-0.3075691707,0,0.7594907453,0,-0.01249967448,0,0.999921876,-0.4795375979,0,0,0.9299222337,-0.1063846358,0,-0.4260272745,0,0,0.6292237783,-0.2091965037,0,-0.075,0,-0.055,0.01,0.245,-0.06,0.73,0.08,-0.05,0.04,0.39,-0.195,-0.06,0.73,0.08,0.05,-0.04
-0.3090454784,0,0.7594907453,0,-0.01249967448,0,0.999921876,-0.4769440073,0,0,0.9301537742,-0.1092097669,0,-0.4276485666,0,0,0.6273789632,-0.2057303966,0,-0.075,0,-0.055,0.01,0.245,-0.06,0.73,0.08,-0.05,0.04,0.39,-0.195,-0.06,0.73,0.08,0.05,-0.04
-0.3104296278,0,0.7594907453,0,-0.01249967448,0,0.999921876,-0.4744990336,0,0,0.9303442772,-0.1118452436,0,-0.4291473082,0,0,0.6256086874,-0.2024613792,0,-0.075,0,-0.055,0.01,0.245,-0.06,0.73,0.08,-0.05,0.04,0.39,-0.195,-0.06,0.73,0.08,0.05,-0.04
-0.31171875,0,0.7594907453,0,-0.01249967448,0,0.999921876,-0.4722103855,0,0,0.9304985729,-0.1142881874,0,-0.4305244263,0,0,0.6239243247,-0.1993998984,0,-0.075,0,-0.055,0.01,0.245,-0.06,0.73,0.08,-0.05,0.04,0.39,-0.195,-0.06,0.73,0.08,0.05,-0.04
-0.31291061,0,0.7594907453,0,-0.01249967448,0,0.999921876,-0.4700845448,0,0,0.9306213888,-0.116536844,0,-0.4317814464,0,0,0.6223362592,-0.1965548127,0,-0.075,0,-0.055,0.01,0.245,-0.06,0.73,0.08,-0.05,0.04,0.39,-0.195,-0.06,0.73,0.08,0.05,-0.04
-0.3140036463,0,0.7594907453,0,-0.01249967448,0,0.999921876,-0.468126656,0,0,0.9307172703,-0.1185906143,0,-0.4329204594,0,0,0.6208536914,-0.1939332321,0,-0.075,0,-0.055,0.01,0.245,-0.06,0.73,0.08,-0.05,0.04,0.39,-0.195,-0.06,0.73,0.08,0.05,-0.04
-0.3149970103,0,0.7594907453,0,-0.01249967448,0,0.999921876,-0.4663404205,0,0,0.9307905106,-0.1204500901,0,-0.4339440928,0,0,0.619484455,-0.1915403623,0,-0.075,0,-0.055,0.01,0.245,-0.06,0.73,0.08,-0.05,0.04,0.39,-0.195,-0.06,0.73,0.08,0.05,-0.04
-0.3158906063,0,0.7594907453,0,-0.01249967448,0,0.999921876,-0.4647279955,0,0,0.9308450897,-0.1221170943,0,-0.4348554904,0,0,0.6182348463,-0.1893793558,0,-0.075,0,-0.055,0.01,0.245,-0.06,0.73,0.08,-0.05,0.04,0.39,-0.195,-0.06,0.73,0.08,0.05,-0.04
-0.316685131,0,0.7594907453,0,-0.01249967448,0,0.999921876,-0.4632898993,0,0,0.9308846264,-0.123594727,0,-0.4356583006,0,0,0.6171094716,-0.1874511711,0,-0.075,0,-0.055,0.01,0.245,-0.06,0.73,0.08,-0.05,0.04,0.39,-0.195,-0.06,0.73,0.08,0.05,-0.04
-0.3173821128,0,0.7594907453,0,-0.01249967448,0,0.999921876,-0.4620249224,0,0,0.9309123408,-0.1248874183,0,-0.4363566742,0,0,0.6161111145,-0.1857544403,0,-0.075,0,-0.055,0.01,0.245,-0.06,0.73,0.08,-0.05,0.04,0.39,-0.195,-0.06,0.73,0.08,0.05,-0.04
-0.3179839519,0,0.7594907453,0,-0.01249967448,0,0.999921876,-0.4609300447,0,0,0.9309310326,-0.1260009879,0,-0.4369552759,0,0,0.6152406245,-0.1842853485,0,-0.075,0,-0.055,0.01,0.245,-0.06,0.73,0.08,-0.05,0.04,0.39,-0.195,-0.06,0.73,0.08,0.05,-0.04
-0.3184939596,0,0.7594907453,0,-0.01249967448,0,0.999921876,-0.46000036,0,0,0.9309430716,-0.1269427116,0,-0.437459307,0,0,0.61449683,-0.183037523,0,-0.075,0,-0.055,0.01,0.245,-0.06,0.73,0.08,-0.05,0.04,0.39,-0.195,-0.06,0.73,0.08,0.05,-0.04
-0.3189163979,0,0.7594907453,0,-0.01249967448,0,0.999921876,-0.4592290074,0,0,0.9309504035,-0.1277213961,0,-0.4378745411,0,0,0.613876476,-0.1820019349,0,-0.075,0,-0.055,0.01,0.245,-0.06,0.73,0.08,-0.05,0.04,0.39,-0.195,-0.06,0.73,0.08,0.05,-0.04
-0.3192565194,0,0.7594907453,0,-0.01249967448,0,0.999921876,-0.4586071084,0,0,0.9309545684,-0.12834746,0,-0.438207374,0,0,0.6133741854,-0.1811668114,0,-0.075,0,-0.055,0.01,0.245,-0.06,0.73,0.08,-0.05,0.04,0.39,-0.195,-0.06,0.73,0.08,0.05,-0.04
-0.3195206067,0,0.7594907453,0,-0.01249967448,0,0.999921876,-0.4581237106,0,0,0.9309567328,-0.1288330222,0,-0.4384648842,0,0,0.6129824435,-0.1805175593,0,-0.075,0,-0.055,0.01,0.245,-0.06,0.73,0.08,-0.05,0.04,0.39,-0.195,-0.06,0.73,0.08,0.05,-0.04
-0.3197160118,0,0.7594907453,0,-0.01249967448,0,0.999921876,-0.4577657368,0,0,0.9309577325,-0.1291919957,0,-0.4386549055,0,0,0.6126916035,-0.1800366979,0,-0.075,0,-0.055,0.01,0.245,-0.06,0.73,0.08,-0.05,0.04,0.39,-0.195,-0.06,0.73,0.08,0.05,-0.04
-0.3198511963,0,0.7594907453,0,-0.01249967448,0,0.999921876,-0.4575179379,0,0,0.9309581246,-0.1294401868,0,-0.4387861076,0,0,0.6124899071,-0.1797037996,0,-0.075,0,-0.055,0.01,0.245,-0.06,0.73,0.08,-0.05,0.04,0.39,-0.195,-0.06,0.73,0.08,0.05,-0.04
-0.3199357705,0,0.7594907453,0,-0.01249967448,0,0.999921876,-0.4573628487,0,0,0.9309582454,-0.1295953967,0,-0.4388680829,0,0,0.6123635184,-0.1794954355,0,-0.075,0,-0.055,0.01,0.245,-0.06,0.73,0.08,-0.05,0.04,0.39,-0.195,-0.06,0.73,0.08,0.05,-0.04
-0.3199805333,0,0.7594907453,0,-0.01249967448,0,0.999921876,-0.4572807454,0,0,0.9309582705,-0.1296775251,0,-0.4389114367,0,0,0.6122965611,-0.1793851244,0,-0.075,0,-0.055,0.01,0.245,-0.06,0.73,0.08,-0.05,0.04,0.39,-0.195,-0.06,0.73,0.08,0.05,-0.04
-0.3199975115,0,0.7594907453,0,-0.01249967448,0,0.999921876,-0.4572496006,0,0,0.930958273,-0.1297086724,0,-0.4389278745,0,0,0.612271153,-0.1793432785,0,-0.075,0,-0.055,0.01,0.245,-0.06,0.73,0.08,-0.05,0.04,0.39,-0.195,-0.06,0.73,0.08,0.05,-0.04
-0.32,0,0.7594907453,0,-0.01249967448,0,0.999921876,-0.4572450356,0,0,0.930958273,-0.1297132375,0,-0.4389302835,0,0,0.6122674285,-0.179337145,0,-0.075,0,-0.055,0.01,0.245,-0.06,0.73,0.08,-0.05,0.04,0.39,-0.195,-0.06,0.73,0.08,0.05,-0.04
-0.32,0,0.7594907453,0,-0.01249967448,0,0.999921876,-0.4571478197,0,0,0.9307597666,-0.1299186432,0,-0.4390804343,0,0,0.6125601608,-0.1791730302,0,-0.07486855872,0,-0.055,0.01033298458,0.2449561862,-0.05989484697,0.73,0.07985979597,-0.04991237248,0.03992989798,0.3896670154,-0.1950438138,-0.05989484697,0.73,0.07985979597,0.04991237248,-0.03992989798
-0.32,0,0.7594907453,0,-0.01249967448,0,0.999921876,-0.4565205735,0,0,0.9294789934,-0.131242479,0,-0.4400469145,0,0,0.6144442445,-0.1781132709,0,-0.07402111753,0,-0.055,0.01247983558,0.2446737058,-0.05921689403,0.73,0.0789558587,-0.04934741169,0.03947792935,0.3875201644,-0.1953262942,-0.05921689403,0.73,0.0789558587,0.04934741169,-0.03947792935
-0.32,0,0.7594907453,0,-0.01249967448,0,0.999921876,-0.4549708334,0,0,0.9263146551,-0.1345024236,0,-0.4424178517,0,0,0.6190650755,-0.1754886219,0,-0.07193202774,0,-0.055,0.01777219638,0.2439773426,-0.05754562219,0.73,0.07672749626,-0.04795468516,0.03836374813,0.3822278036,-0.1960226574,-0.05754562219,0.73,0.07672749626,0.04795468516,-0.03836374813
-0.32,0,0.7594907453,0,-0.01249967448,0,0.999921876,-0.4522379091,0,0,0.9207346851,-0.1402135365,0,-0.4465414643,0,0,0.6270979095,-0.1708396847,0,-0.06826424549,0,-0.055,0.02706391143,0.2427547485,-0.05461139639,0.73,0.07281519519,-0.04550949699,0.03640759759,0.3729360886,-0.1972452515,-0.05461139639,0.73,0.07281519519,0.04550949699,-0.03640759759
-0.32,0,0.7594907453,0,-0.01249967448,0,0.999921876,-0.4481738108,0,0,0.9124373744,-0.1486173536,0,-0.4525430416,0,0,0.6387802265,-0.1638833948,0,-0.06284837567,0,-0.055,0.04078411497,0.2409494586,-0.05027870054,0.73,0.06703826738,-0.04189891711,0.03351913369,0.359215885,-0.1990505414,-0.05027870054,0.73,0.06703826738,0.04189891711,-0.03351913369
-0.32,0,0.7594907453,0,-0.01249967448,0,0.999921876,-0.4427267079,0,0,0.9013176029,-0.1597135579,0,-0.460354747,0,0,0.6539703082,-0.1544928983,0,-0.05566171585,0,-0.055,0.05899031984,0.2385539053,-0.04452937268,0.73,0.05937249691,-0.03710781057,0.02968624846,0.3410096802,-0.2014460947,-0.04452937268,0.73,0.05937249691,0.03710781057,-0.02968624846
-0.32,0,0.7594907453,0,-0.01249967448,0,0.999921876,-0.4359273684,0,0,0.8874390917,-0.1732946895,0,-0.4697568472,0,0,0.6722292095,-0.1426893961,0,-0.04680730017,0,-0.055,0.08142150623,0.2356024334,-0.03744584014,0.73,0.04992778685,-0.03120486678,0.02496389343,0.3185784938,-0.2043975666,-0.03744584014,0.73,0.04992778685,0.03120486678,-0.02496389343
-0.32,0,0.7594907453,0,-0.01249967448,0,0.999921876,-0.4278783866,0,0,0.8710122882,-0.1889837007,0,-0.4804240927,0,0,0.6929133398,-0.128639448,0,-0.03649294323,0,-0.055,0.1075512105,0.2321643144,-0.02919435458,0.73,0.03892580611,-0.02432862882,0.01946290306,0.2924487895,-0.2078356856,-0.02919435458,0.73,0.03892580611,0.02432862882,-0.01946290306
-0.32,0,0.7594907453,0,-0.01249967448,0,0.999921876,-0.418745656,0,0,0.8523767993,-0.2062738139,0,-0.4919700455,0,0,0.7152629624,-0.1126502463,0,-0.02501028401,0,-0.055,0.1366406138,0.2283367613,-0.02000822721,0.73,0.02667763628,-0.01667352267,0.01333881814,0.2633593862,-0.2116632387,-0.02000822721,0.73,0.02667763628,0.01667352267,-0.01333881814
-0.32,0,0.7594907453,0,-0.01249967448,0,0.999921876,-0.4087513256,0,0,0.8319868407,-0.2245699123,0,-0.5039842985,0,0,0.7384762634,-0.09515756773,0,-0.01271382978,0,-0.055,0.1677916312,0.2242379433,-0.01017106382,0.73,0.01356141843,-0.00847588652,0.006780709216,0.2322083688,-0.2157620567,-0.01017106382,0.73,0.01356141843,0.00847588652,-0.006780709216
-0.32,0,0.7594907453,0,-0.01249967448,0,0.999921876,-0.3981672731,0,0,0.8103977561,-0.243230483,0,-0.51606069,0,0,0.7617650653,-0.07670437529,0,-2.498001805e-17,0,-0.055,0.2,0.22,-1.998401444e-17,0.73,2.664535259e-17,-1.665334537e-17,1.33226763e-17,0.2,-0.22,-1.998401444e-17,0.73,2.664535259e-17,1.665334537e-17,-1.33226763e-17
-0.32,0,0.7594907453,0,-0.01249967448,0,0.999921876,-0.3873078835,0,0,0.7882511556,-0.2616088749,0,-0.5278171587,0,0,0.7843934284,-0.05791066691,0,0.01271382978,0,-0.055,0.2322083688,0.2157620567,0.01017106382,0.73,-0.01356141843,0.00847588652,-0.006780709216,0.1677916312,-0.2242379433,0.01017106382,0.73,-0.01356141843,-0.00847588652,0.006780709216
-0.32,0,0.7594907453,0,-0.01249967448,0,0.999921876,-0.3765206374,0,0,0.7662556423,-0.2790923343,0,-0.5389092169,0,0,0.8057031068,-0.0394365606,0,0.02501028401,0,-0.055,0.2633593862,0.2116632387,0.02000822721,0.73,-0.02667763628,0.01667352267,-0.01333881814,0.1366406138,-0.2283367613,0.02000822721,0.73,-0.02667763628,-0.01667352267,0.01333881814
-0.32,0,0.7594907453,0,-0.01249967448,0,0.999921876,-0.3661727689,0,0,0.7451595931,-0.2951370251,0,-0.5490393424,0,0,0.8251305046,-0.02194096139,0,0.03649294323,0,-0.055,0.2924487895,0.2078356856,0.02919435458,0.73,-0.03892580611,0.02432862882,-0.01946290306,0.1075512105,-0.2321643144,0.02919435458,0.73,-0.03892580611,-0.02432862882,0.01946290306
-0.32,0,0.7594907453,0,-0.01249967448,0,0.999921876,-0.356632231,0,0,0.7257124074,-0.3092972102,0,-0.557964357,0,0,0.8422193333,-0.006037942531,0,0.04680730017,0,-0.055,0.3185784938,0.2043975666,0.03744584014,0.73,-0.04992778685,0.03120486678,-0.02496389343,0.08142150623,-0.2356024334,0.03744584014,0.73,-0.04992778685,-0.03120486678,0.02496389343
-0.32,0,0.7594907453,0,-0.01249967448,0,0.999921876,-0.3482416813,0,0,0.7086115986,-0.3212472544,0,-0.5655024354,0,0,0.8566323432,0.00774742919,0,0.05566171585,0,-0.055,0.3410096802,0.2014460947,0.04452937268,0.73,-0.05937249691,0.03710781057,-0.02968624846,0.05899031984,-0.2385539053,0.04452937268,0.73,-0.05937249691,-0.03710781057,0.02968624846
-0.32,0,0.7594907453,0,-0.01249967448,0,0.999921876,-0.3412854392,0,0,0.6944356171,-0.3307963879,0,-0.5715409892,0,0,0.868164725,0.0190224741,0,0.06284837567,0,-0.055,0.359215885,0.1990505414,0.05027870054,0.73,-0.06703826738,0.04189891711,-0.03351913369,0.04078411497,-0.2409494586,0.05027870054,0.73,-0.06703826738,-0.04189891711,0.03351913369
-0.32,0,0.7594907453,0,-0.01249967448,0,0.999921876,-0.3359513883,0,0,0.6835663976,-0.3378982488,0,-0.5760463708,0,0,0.8767611849,0.02756842536,0,0.06826424549,0,-0.055,0.3729360886,0.1972452515,0.05461139639,0.73,-0.07281519519,0.04550949699,-0.03640759759,0.02706391143,-0.2427547485,0.05461139639,0.73,-0.07281519519,-0.04550949699,0.03640759759
-0.32,0,0.7594907453,0,-0.01249967448,0,0.999921876,-0.3322920365,0,0,0.6761101783,-0.3426595399,0,-0.5790761135,0,0,0.8825382525,0.03337925906,0,0.07193202774,0,-0.055,0.3822278036,0.1960226574,0.05754562219,0.73,-0.07672749626,0.04795468516,-0.03836374813,0.01777219638,-0.2439773426,0.05754562219,0.73,-0.07672749626,-0.04795468516,0.03836374813
-0.32,0,0.7594907453,0,-0.01249967448,0,0.999921876,-0.3301902186,0,0,0.6718277237,-0.3453534461,0,-0.5807942129,0,0,0.8858129313,0.03669722244,0,0.07402111753,0,-0.055,0.3875201644,0.1953262942,0.05921689403,0.73,-0.0789558587,0.04934741169,-0.03947792935,0.01247983558,-0.2446737058,0.05921689403,0.73,-0.0789558587,-0.04934741169,0.03947792935
-0.32,0,0.7594907453,0,-0.01249967448,0,0.999921876,-0.3293339139,0,0,0.6700830371,-0.3464424269,0,-0.5814896126,0,0,0.8871380738,0.03804484248,0,0.07486855872,0,-0.055,0.3896670154,0.1950438138,0.05989484697,0.73,-0.07985979597,0.04991237248,-0.03992989798,0.01033298458,-0.2449561862,0.05989484697,0.73,-0.07985979597,-0.04991237248,0.03992989798
-0.32,0,0.7594907453,0,-0.01249967448,0,0.999921876,-0.3292009047,0,0,0.669812038,-0.3466111333,0,-0.5815973921,0,0,0.8873434421,0.03825395004,0,0.075,0,-0.055,0.39,0.195,0.06,0.73,-0.08,0.05,-0.04,0.01,-0.245,0.06,0.73,-0.08,-0.05,0.04
-0.3200024885,0,0.7594907453,0,-0.01249967448,0,0.999921876,-0.3292052241,0,0,0.6698120379,-0.3466068139,0,-0.5815942759,0,0,0.8873462027,0.0382480732,0,0.075,0,-0.055,0.39,0.195,0.06,0.73,-0.08,0.05,-0.04,0.01,-0.245,0.06,0.73,-0.08,-0.05,0.04
-0.3200194667,0,0.7594907453,0,-0.01249967448,0,0.999921876,-0.3292346926,0,0,0.6698120347,-0.3465773421,0,-0.5815730135,0,0,0.8873650354,0.0382079781,0,0.075,0,-0.055,0.39,0.195,0.06,0.73,-0.08,0.05,-0.04,0.01,-0.245,0.06,0.73,-0.08,-0.05,0.04
-0.3200642295,0,0.7594907453,0,-0.01249967448,0,0.999921876,-0.3293123738,0,0,0.6698120023,-0.3464996285,0,-0.5815169444,0,0,0.8874146667,0.0381022776,0,0.075,0,-0.055,0.39,0.195,0.06,0.73,-0.08,0.05,-0.04,0.01,-0.245,0.06,0.73,-0.08,-0.05,0.04
-0.3201488037,0,0.7594907453,0,-0.01249967448,0,0.999921876,-0.3294590972,0,0,0.6698118463,-0.346352749,0,-0.581410963,0,0,0.8875083583,0.03790260465,0,0.075,0,-0.055,0.39,0.195,0.06,0.73,-0.08,0.05,-0.04,0.01,-0.245,0.06,0.73,-0.08,-0.05,0.04
-0.3202839882,0,0.7594907453,0,-0.01249967448,0,0.999921876,-0.3296934956,0,0,0.6698113396,-0.346117844,0,-0.5812414387,0,0,0.8876578954,0.03758354332,0,0.075,0,-0.055,0.39,0.195,0.06,0.73,-0.08,0.05,-0.04,0.01,-0.245,0.06,0.73,-0.08,-0.05,0.04
-0.3204793933,0,0.7594907453,0,-0.01249967448,0,0.999921876,-0.3300320366,0,0,0.6698100478,-0.3457780112,0,-0.5809961306,0,0,0.8878735668,0.03712256385,0,0.075,0,-0.055,0.39,0.195,0.06,0.73,-0.08,0.05,-0.04,0.01,-0.245,0.06,0.73,-0.08,-0.05,0.04
-0.3207434806,0,0.7594907453,0,-0.01249967448,0,0.999921876,-0.3304890539,0,0,0.6698072512,-0.3453181972,0,-0.5806641015,0,0,0.8881641427,0.03649995881,0,0.075,0,-0.055,0.39,0.195,0.06,0.73,-0.08,0.05,-0.04,0.01,-0.245,0.06,0.73,-0.08,-0.05,0.04
-0.3210836021,0,0.7594907453,0,-0.01249967448,0,0.999921876,-0.3310767784,0,0,0.6698018696,-0.3447250913,0,-0.5802356327,0,0,0.8885368547,0.03569877798,0,0.075,0,-0.055,0.39,0.195,0.06,0.73,-0.08,0.05,-0.04,0.01,-0.245,0.06,0.73,-0.08,-0.05,0.04
-0.3215060404,0,0.7594907453,0,-0.01249967448,0,0.999921876,-0.3318053739,0,0,0.6697923959,-0.3439870221,0,-0.5797021438,0,0,0.8889973835,0.0347047603,0,0.075,0,-0.055,0.39,0.195,0.06,0.73,-0.08,0.05,-0.04,0.01,-0.245,0.06,0.73,-0.08,-0.05,0.04
-0.3220160481,0,0.7594907453,0,-0.01249967448,0,0.999921876,-0.3326829783,0,0,0.6697768399,-0.3430938616,0,-0.579056118,0,0,0.8895498569,0.03350626106,0,0.075,0,-0.055,0.39,0.195,0.06,0.73,-0.08,0.05,-0.04,0.01,-0.245,0.06,0.73,-0.08,-0.05,0.04
-0.3226178872,0,0.7594907453,0,-0.01249967448,0,0.999921876,-0.3337157516,0,0,0.6697526872,-0.3420369357,0,-0.5782910346,0,0,0.8901968611,0.03209417351,0,0.075,0,-0.055,0.39,0.195,0.06,0.73,-0.08,0.05,-0.04,0.01,-0.245,0.06,0.73,-0.08,-0.05,0.04
-0.323314869,0,0.7594907453,0,-0.01249967448,0,0.999921876,-0.3349079314,0,0,0.6697168752,-0.3408089438,0,-0.5774013102,0,0,0.8909394663,0.030461844,0,0.075,0,-0.055,0.39,0.195,0.06,0.73,-0.08,0.05,-0.04,0.01,-0.245,0.06,0.73,-0.08,-0.05,0.04
-0.3241093937,0,0.7594907453,0,-0.01249967448,0,0.999921876,-0.3362618978,0,0,0.6696657853,-0.3394038875,0,-0.5763822489,0,0,0.8917772687,0.02860498014,0,0.075,0,-0.055,0.39,0.195,0.06,0.73,-0.08,0.05,-0.04,0.01,-0.245,0.06,0.73,-0.08,-0.05,0.04
-0.3250029897,0,0.7594907453,0,-0.01249967448,0,0.999921876,-0.3377782459,0,0,0.6695952541,-0.3378170083,0,-0.5752300007,0,0,0.8927084487,0.02652155202,0,0.075,0,-0.055,0.39,0.195,0.06,0.73,-0.08,0.05,-0.04,0.01,-0.245,0.06,0.73,-0.08,-0.05,0.04
-0.3259963537,0,0.7594907453,0,-0.01249967448,0,0.999921876,-0.3394558677,0,0,0.6695006024,-0.3360447347,0,-0.5739415304,0,0,0.8937298441,0.02421168635,0,0.075,0,-0.055,0.39,0.195,0.06,0.73,-0.08,0.05,-0.04,0.01,-0.245,0.06,0.73,-0.08,-0.05,0.04
-0.32708939,0,0.7594907453,0,-0.01249967448,0,0.999921876,-0.3412920424,0,0,0.6693766811,-0.3340846387,0,-0.5725145934,0,0,0.8948370394,0.02167755398,0,0.075,0,-0.055,0.39,0.195,0.06,0.73,-0.08,0.05,-0.04,0.01,-0.245,0.06,0.73,-0.08,-0.05,0.04
-0.32828125,0,0.7594907453,0,-0.01249967448,0,0.999921876,-0.3432825339,0,0,0.6692179332,-0.3319353993,0,-0.5709477202,0,0,0.896024469,0.01892325121,0,0.075,0,-0.055,0.39,0.195,0.06,0.73,-0.08,0.05,-0.04,0.01,-0.245,0.06,0.73,-0.08,-0.05,0.04
-0.3295703722,0,0.7594907453,0,-0.01249967448,0,0.999921876,-0.3454216963,0,0,0.6690184709,-0.3295967746,0,-0.5692402077,0,0,0.8972855321,0.01595467556,0,0.075,0,-0.055,0.39,0.195,0.06,0.73,-0.08,0.05,-0.04,0.01,-0.245,0.06,0.73,-0.08,-0.05,0.04
-0.3309545216,0,0.7594907453,0,-0.01249967448,0,0.999921876,-0.3477025854,0,0,0.6687721647,-0.3270695792,0,-0.5673921156,0,0,0.8986127188,0.01277939679,0,0.075,0,-0.055,0.39,0.195,0.06,0.73,-0.08,0.05,-0.04,0.01,-0.245,0.06,0.73,-0.08,-0.05,0.04
-0.3324308293,0,0.7594907453,0,-0.01249967448,0,0.999921876,-0.3501170757,0,0,0.6684727437,-0.324355668,0,-0.5654042683,0,0,0.8999977444,0.009406523877,0,0.075,0,-0.055,0.39,0.195,0.06,0.73,-0.08,0.05,-0.04,0.01,-0.245,0.06,0.73,-0.08,-0.05,0.04
-0.3339958321,0,0.7594907453,0,-0.01249967448,0,0.999921876,-0.3526559818,0,0,0.6681139045,-0.3214579227,0,-0.5632782594,0,0,0.9014316904,0.005846569027,0,0.075,0,-0.055,0.39,0.195,0.06,0.73,-0.08,0.05,-0.04,0.01,-0.245,0.06,0.73,-0.08,-0.05,0.04
-0.3356455122,0,0.7594907453,0,-0.01249967448,0,0.999921876,-0.3553091837,0,0,0.667689426,-0.3183802423,0,-0.5610164588,0,0,0.9029051493,0.002111309546,0,0.075,0,-0.055,0.39,0.195,0.06,0.73,-0.08,0.05,-0.04,0.01,-0.245,0.06,0.73,-0.08,-0.05,0.04
-0.3373753368,0,0.7594907453,0,-0.01249967448,0,0.999921876,-0.3580657542,0,0,0.6671932888,-0.3151275345,0,-0.5586220194,0,0,0.9044083709,-0.001786351472,0,0.075,0,-0.055,0.39,0.195,0.06,0.73,-0.08,0.05,-0.04,0.01,-0.245,0.06,0.73,-0.08,-0.05,0.04
-0.3391802977,0,0.7594907453,0,-0.01249967448,0,0.999921876,-0.3609140874,0,0,0.6666197952,-0.3117057078,0,-0.5560988845,0,0,0.9059314092,-0.005832524692,0,0.075,0,-0.055,0.39,0.195,0.06,0.73,-0.08,0.05,-0.04,0.01,-0.245,0.06,0.73,-0.08,-0.05,0.04
-0.341054951,0,0.7594907453,0,-0.01249967448,0,0.999921876,-0.3638420277,0,0,0.6659636901,-0.3081216624,0,-0.5534517924,0,0,0.9074642658,-0.01001247341,0,0.075,0,-0.055,0.39,0.195,0.06,0.73,-0.08,0.05,-0.04,0.01,-0.245,0.06,0.73,-0.08,-0.05,0.04
-0.3429934564,0,0.7594907453,0,-0.01249967448,0,0.999921876,-0.3668369979,0,0,0.6652202776,-0.3043832797,0,-0.5506862782,0,0,0.9089970291,-0.01431075092,0,0.075,0,-0.055,0.39,0.195,0.06,0.73,-0.08,0.05,-0.04,0.01,-0.245,0.06,0.73,-0.08,-0.05,0.04
-0.3449896172,0,0.7594907453,0,-0.01249967448,0,0.999921876,-0.369886126,0,0,0.6643855341,-0.3004994081,0,-0.5478086717,0,0,0.9105200072,-0.01871133551,0,0.075,0,-0.055,0.39,0.195,0.06,0.73,-0.08,0.05,-0.04,0.01,-0.245,0.06,0.73,-0.08,-0.05,0.04
-0.3470369199,0,0.7594907453,0,-0.01249967448,0,0.999921876,-0.3729763678,0,0,0.6634562134,-0.2964798456,0,-0.54482609,0,0,0.9120238524,-0.02319776234,0,0.075,0,-0.055,0.39,0.195,0.06,0.73,-0.08,0.05,-0.04,0.01,-0.245,0.06,0.73,-0.08,-0.05,0.04
-0.3491285734,0,0.7594907453,0,-0.01249967448,0,0.999921876,-0.3760946274,0,0,0.6624299443,-0.2923353169,0,-0.5417464249,0,0,0.9134996765,-0.02775325161,0,0.075,0,-0.055,0.39,0.195,0.06,0.73,-0.08,0.05,-0.04,0.01,-0.245,0.06,0.73,-0.08,-0.05,0.04
-0.3512575492,0,0.7594907453,0,-0.01249967448,0,0.999921876,-0.379227872,0,0,0.6613053171,-0.2880774451,0,-0.5385783226,0,0,0.9149391548,-0.03236083217,0,0.075,0,-0.055,0.39,0.195,0.06,0.73,-0.08,0.05,-0.04,0.01,-0.245,0.06,0.73,-0.08,-0.05,0.04
-0.3534166204,0,0.7594907453,0,-0.01249967448,0,0.999921876,-0.3823632413,0,0,0.6600819585,-0.2837187171,0,-0.5353311578,0,0,0.916334618,-0.03700346025,0,0.075,0,-0.055,0.39,0.195,0.06,0.73,-0.08,0.05,-0.04,0.01,-0.245,0.06,0.73,-0.08,-0.05,0.04
-0.3555984018,0,0.7594907453,0,-0.01249967448,0,0.999921876,-0.3854881513,0,0,0.6587605936,-0.2792724423,0,-0.5320149992,0,0,0.9176791318,-0.04166413265,0,0.075,0,-0.055,0.39,0.195,0.06,0.73,-0.08,0.05,-0.04,0.01,-0.245,0.06,0.73,-0.08,-0.05,0.04
-0.3577953895,0,0.7594907453,0,-0.01249967448,0,0.999921876,-0.3885903901,0,0,0.6573430934,-0.2747527033,0,-0.5286405678,0,0,0.918966562,-0.04632599412,0,0.075,0,-0.055,0.39,0.195,0.06,0.73,-0.08,0.05,-0.04,0.01,-0.245,0.06,0.73,-0.08,-0.05,0.04
-0.36,0,0.7594907453,0,-0.01249967448,0,0.999921876,-0.3916582069,0,0,0.6558325065,-0.2701742996,0,-0.5252191874,0,0,0.9201916259,-0.05097243844,0,0.075,0,-0.055,0.39,0.195,0.06,0.73,-0.08,0.05,-0.04,0.01,-0.245,0.06,0.73,-0.08,-0.05,0.04
-0.3622046105,0,0.7594907453,0,-0.01249967448,0,0.999921876,-0.3946803922,0,0,0.6542330745,-0.2655526823,0,-0.5217627266,0,0,0.9213499296,-0.05558720304,0,0.075,0,-0.055,0.39,0.195,0.06,0.73,-0.08,0.05,-0.04,0.01,-0.245,0.06,0.73,-0.08,-0.05,0.04
-0.3644015982,0,0.7594907453,0,-0.01249967448,0,0.999921876,-0.3976463498,0,0,0.6525502308,-0.260903881,0,-0.5182835337,0,0,0.9224379906,-0.06015445697,0,0.075,0,-0.055,0.39,0.195,0.06,0.73,-0.08,0.05,-0.04,0.01,-0.245,0.06,0.73,-0.08,-0.05,0.04
-0.3665833796,0,0.7594907453,0,-0.01249967448,0,0.999921876,-0.4005461589,0,0,0.6507905809,-0.256244422,0,-0.5147943636,0,0,0.9234532457,-0.06465888207,0,0.075,0,-0.055,0.39,0.195,0.06,0.73,-0.08,0.05,-0.04,0.01,-0.245,0.06,0.73,-0.08,-0.05,0.04
-0.3687424508,0,0.7594907453,0,-0.01249967448,0,0.999921876,-0.4033706273,0,0,0.648961865,-0.2515912377,0,-0.5113082975,0,0,0.9243940449,-0.0690857474,0,0.075,0,-0.055,0.39,0.195,0.06,0.73,-0.08,0.05,-0.04,0.01,-0.245,0.06,0.73,-0.08,-0.05,0.04
-0.3708714266,0,0.7594907453,0,-0.01249967448,0,0.999921876,-0.4061113344,0,0,0.6470729019,-0.2469615674,0,-0.5078386556,0,0,0.9252596325,-0.07342097687,0,0.075,0,-0.055,0.39,0.195,0.06,0.73,-0.08,0.05,-0.04,0.01,-0.245,0.06,0.73,-0.08,-0.05,0.04
-0.3729630801,0,0.7594907453,0,-0.01249967448,0,0.999921876,-0.4087606646,0,0,0.6451335142,-0.2423728496,0,-0.5043989034,0,0,0.9260501138,-0.07765121041,0,0.075,0,-0.055,0.39,0.195,0.06,0.73,-0.08,0.05,-0.04,0.01,-0.245,0.06,0.73,-0.08,-0.05,0.04
-0.3750103828,0,0.7594907453,0,-0.01249967448,0,0.999921876,-0.4113118303,0,0,0.643154436,-0.2378426057,0,-0.5010025522,0,0,0.926766411,-0.0817638588,0,0.075,0,-0.055,0.39,0.195,0.06,0.73,-0.08,0.05,-0.04,0.01,-0.245,0.06,0.73,-0.08,-0.05,0.04
-0.3770065436,0,0.7594907453,0,-0.01249967448,0,0.999921876,-0.4137588861,0,0,0.6411472018,-0.2333883157,0,-0.4976630542,0,0,0.9274102067,-0.08574715253,0,0.075,0,-0.055,0.39,0.195,0.06,0.73,-0.08,0.05,-0.04,0.01,-0.245,0.06,0.73,-0.08,-0.05,0.04
-0.378945049,0,0.7594907453,0,-0.01249967448,0,0.999921876,-0.4160967322,0,0,0.6391240182,-0.229027286,0,-0.4943936932,0,0,0.9279838785,-0.0895901852,0,0.075,0,-0.055,0.39,0.195,0.06,0.73,-0.08,0.05,-0.04,0.01,-0.245,0.06,0.73,-0.08,-0.05,0.04
-0.3808197023,0,0.7594907453,0,-0.01249967448,0,0.999921876,-0.4183211102,0,0,0.6370976202,-0.22477651,0,-0.4912074716,0,0,0.9284904237,-0.09328295201,0,0.075,0,-0.055,0.39,0.195,0.06,0.73,-0.08,0.05,-0.04,0.01,-0.245,0.06,0.73,-0.08,-0.05,0.04
-0.3826246632,0,0.7594907453,0,-0.01249967448,0,0.999921876,-0.4204285896,0,0,0.6350811112,-0.2206525216,0,-0.4881169937,0,0,0.9289333775,-0.09681638379,0,0.075,0,-0.055,0.39,0.195,0.06,0.73,-0.08,0.05,-0.04,0.01,-0.245,0.06,0.73,-0.08,-0.05,0.04
-0.3843544878,0,0.7594907453,0,-0.01249967448,0,0.999921876,-0.4224165474,0,0,0.6330877908,-0.2166712435,0,-0.4851343472,0,0,0.9293167248,-0.1001823776,0,0.075,0,-0.055,0.39,0.195,0.06,0.73,-0.08,0.05,-0.04,0.01,-0.245,0.06,0.73,-0.08,-0.05,0.04
-0.3860041679,0,0.7594907453,0,-0.01249967448,0,0.999921876,-0.4242831406,0,0,0.63113097,-0.2128478295,0,-0.4822709837,0,0,0.9296448084,-0.1033738247,0,0.075,0,-0.055,0.39,0.195,0.06,0.73,-0.08,0.05,-0.04,0.01,-0.245,0.06,0.73,-0.08,-0.05,0.04
-0.3875691707,0,0.7594907453,0,-0.01249967448,0,0.999921876,-0.4260272745,0,0,0.6292237783,-0.2091965037,0,-0.4795375979,0,0,0.9299222337,-0.1063846358,0,0.075,0,-0.055,0.39,0.195,0.06,0.73,-0.08,0.05,-0.04,0.01,-0.245,0.06,0.73,-0.08,-0.05,0.04
-0.3890454784,0,0.7594907453,0,-0.01249967448,0,0.999921876,-0.4276485666,0,0,0.6273789632,-0.2057303966,0,-0.4769440073,0,0,0.9301537742,-0.1092097669,0,0.075,0,-0.055,0.39,0.195,0.06,0.73,-0.08,0.05,-0.04,0.01,-0.245,0.06,0.73,-0.08,-0.05,0.04
-0.3904296278,0,0.7594907453,0,-0.01249967448,0,0.999921876,-0.4291473082,0,0,0.6256086874,-0.2024613792,0,-0.4744990336,0,0,0.9303442772,-0.1118452436,0,0.075,0,-0.055,0.39,0.195,0.06,0.73,-0.08,0.05,-0.04,0.01,-0.245,0.06,0.73,-0.08,-0.05,0.04
-0.39171875,0,0.7594907453,0,-0.01249967448,0,0.999921876,-0.4305244263,0,0,0.6239243247,-0.1993998984,0,-0.4722103855,0,0,0.9304985729,-0.1142881874,0,0.075,0,-0.055,0.39,0.195,0.06,0.73,-0.08,0.05,-0.04,0.01,-0.245,0.06,0.73,-0.08,-0.05,0.04
-0.39291061,0,0.7594907453,0,-0.01249967448,0,0.999921876,-0.4317814464,0,0,0.6223362592,-0.1965548127,0,-0.4700845448,0,0,0.9306213888,-0.116536844,0,0.075,0,-0.055,0.39,0.195,0.06,0.73,-0.08,0.05,-0.04,0.01,-0.245,0.06,0.73,-0.08,-0.05,0.04
-0.3940036463,0,0.7594907453,0,-0.01249967448,0,0.999921876,-0.4329204594,0,0,0.6208536914,-0.1939332321,0,-0.468126656,0,0,0.9307172703,-0.1185906143,0,0.075,0,-0.055,0.39,0.195,0.06,0.73,-0.08,0.05,-0.04,0.01,-0.245,0.06,0.73,-0.08,-0.05,0.04
-0.3949970103,0,0.7594907453,0,-0.01249967448,0,0.999921876,-0.4339440928,0,0,0.619484455,-0.1915403623,0,-0.4663404205,0,0,0.9307905106,-0.1204500901,0,0.075,0,-0.055,0.39,0.195,0.06,0.73,-0.08,0.05,-0.04,0.01,-0.245,0.06,0.73,-0.08,-0.05,0.04
-0.3958906063,0,0.7594907453,0,-0.01249967448,0,0.999921876,-0.4348554904,0,0,0.6182348463,-0.1893793558,0,-0.4647279955,0,0,0.9308450897,-0.1221170943,0,0.075,0,-0.055,0.39,0.195,0.06,0.73,-0.08,0.05,-0.04,0.01,-0.245,0.06,0.73,-0.08,-0.05,0.04
-0.396685131,0,0.7594907453,0,-0.01249967448,0,0.999921876,-0.4356583006,0,0,0.6171094716,-0.1874511711,0,-0.4632898993,0,0,0.9308846264,-0.123594727,0,0.075,0,-0.055,0.39,0.195,0.06,0.73,-0.08,0.05,-0.04,0.01,-0.245,0.06,0.73,-0.08,-0.05,0.04
-0.3973821128,0,0.7594907453,0,-0.01249967448,0,0.999921876,-0.4363566742,0,0,0.6161111145,-0.1857544403,0,-0.4620249224,0,0,0.9309123408,-0.1248874183,0,0.075,0,-0.055,0.39,0.195,0.06,0.73,-0.08,0.05,-0.04,0.01,-0.245,0.06,0.73,-0.08,-0.05,0.04
-0.3979839519,0,0.7594907453,0,-0.01249967448,0,0.999921876,-0.4369552759,0,0,0.6152406245,-0.1842853485,0,-0.4609300447,0,0,0.9309310326,-0.1260009879,0,0.075,0,-0.055,0.39,0.195,0.06,0.73,-0.08,0.05,-0.04,0.01,-0.245,0.06,0.73,-0.08,-0.05,0.04
-0.3984939596,0,0.7594907453,0,-0.01249967448,0,0.999921876,-0.437459307,0,0,0.61449683,-0.183037523,0,-0.46000036,0,0,0.9309430716,-0.1269427116,0,0.075,0,-0.055,0.39,0.195,0.06,0.73,-0.08,0.05,-0.04,0.01,-0.245,0.06,0.73,-0.08,-0.05,0.04
-0.3989163979,0,0.7594907453,0,-0.01249967448,0,0.999921876,-0.4378745411,0,0,0.613876476,-0.1820019349,0,-0.4592290074,0,0,0.9309504035,-0.1277213961,0,0.075,0,-0.055,0.39,0.195,0.06,0.73,-0.08,0.05,-0.04,0.01,-0.245,0.06,0.73,-0.08,-0.05,0.04
-0.3992565194,0,0.7594907453,0,-0.01249967448,0,0.999921876,-0.438207374,0,0,0.6133741854,-0.1811668114,0,-0.4586071084,0,0,0.9309545684,-0.12834746,0,0.075,0,-0.055,0.39,0.195,0.06,0.73,-0.08,0.05,-0.04,0.01,-0.245,0.06,0.73,-0.08,-0.05,0.04
-0.3995206067,0,0.7594907453,0,-0.01249967448,0,0.999921876,-0.4384648842,0,0,0.6129824435,-0.1805175593,0,-0.4581237106,0,0,0.9309567328,-0.1288330222,0,0.075,0,-0.055,0.39,0.195,0.06,0.73,-0.08,0.05,-0.04,0.01,-0.245,0.06,0.73,-0.08,-0.05,0.04
-0.3997160118,0,0.7594907453,0,-0.01249967448,0,0.999921876,-0.4386549055,0,0,0.6126916035,-0.1800366979,0,-0.4577657368,0,0,0.9309577325,-0.1291919957,0,0.075,0,-0.055,0.39,0.195,0.06,0.73,-0.08,0.05,-0.04,0.01,-0.245,0.06,0.73,-0.08,-0.05,0.04
-0.3998511963,0,0.7594907453,0,-0.01249967448,0,0.999921876,-0.4387861076,0,0,0.6124899071,-0.1797037996,0,-0.4575179379,0,0,0.9309581246,-0.1294401868,0,0.075,0,-0.055,0.39,0.195,0.06,0.73,-0.08,0.05,-0.04,0.01,-0.245,0.06,0.73,-0.08,-0.05,0.04
-0.3999357705,0,0.7594907453,0,-0.01249967448,0,0.999921876,-0.4388680829,0,0,0.6123635184,-0.1794954355,0,-0.4573628487,0,0,0.9309582454,-0.1295953967,0,0.075,0,-0.055,0.39,0.195,0.06,0.73,-0.08,0.05,-0.04,0.01,-0.245,0.06,0.73,-0.08,-0.05,0.04
-0.3999805333,0,0.7594907453,0,-0.01249967448,0,0.999921876,-0.4389114367,0,0,0.6122965611,-0.1793851244,0,-0.4572807454,0,0,0.9309582705,-0.1296775251,0,0.075,0,-0.055,0.39,0.195,0.06,0.73,-0.08,0.05,-0.04,0.01,-0.245,0.06,0.73,-0.08,-0.05,0.04
-0.3999975115,0,0.7594907453,0,-0.01249967448,0,0.999921876,-0.4389278745,0,0,0.612271153,-0.1793432785,0,-0.4572496006,0,0,0.930958273,-0.1297086724,0,0.075,0,-0.055,0.39,0.195,0.06,0.73,-0.08,0.05,-0.04,0.01,-0.245,0.06,0.73,-0.08,-0.05,0.04
-0.4,0,0.7594907453,0,-0.01249967448,0,0.999921876,-0.4389302835,0,0,0.6122674285,-0.179337145,0,-0.4572450356,0,0,0.930958273,-0.1297132375,0,0.075,0,-0.055,0.39,0.195,0.06,0.73,-0.08,0.05,-0.04,0.01,-0.245,0.06,0.73,-0.08,-0.05,0.04
-0.4,0,0.7594907453,0,-0.01249967448,0,0.999921876,-0.4390804343,0,0,0.6125601608,-0.1791730302,0,-0.4571478197,0,0,0.9307597666,-0.1299186432,0,0.07486855872,0,-0.055,0.3896670154,0.1950438138,0.05989484697,0.73,-0.07985979597,0.04991237248,-0.03992989798,0.01033298458,-0.2449561862,0.05989484697,0.73,-0.07985979597,-0.04991237248,0.03992989798
-0.4,0,0.7594907453,0,-0.01249967448,0,0.999921876,-0.4400469145,0,0,0.6144442445,-0.1781132709,0,-0.4565205735,0,0,0.9294789934,-0.131242479,0,0.07402111753,0,-0.055,0.3875201644,0.1953262942,0.05921689403,0.73,-0.0789558587,0.04934741169,-0.03947792935,0.01247983558,-0.2446737058,0.05921689403,0.73,-0.0789558587,-0.04934741169,0.03947792935
-0.4,0,0.7594907453,0,-0.01249967448,0,0.999921876,-0.4424178517,0,0,0.6190650755,-0.1754886219,0,-0.4549708334,0,0,0.9263146551,-0.1345024236,0,0.07193202774,0,-0.055,0.3822278036,0.1960226574,0.05754562219,0.73,-0.07672749626,0.04795468516,-0.03836374813,0.01777219638,-0.2439773426,0.05754562219,0.73,-0.07672749626,-0.04795468516,0.03836374813
-0.4,0,0.7594907453,0,-0.01249967448,0,0.999921876,-0.4465414643,0,0,0.6270979095,-0.1708396847,0,-0.4522379091,0,0,0.9207346851,-0.1402135365,0,0.06826424549,0,-0.055,0.3729360886,0.1972452515,0.05461139639,0.73,-0.07281519519,0.04550949699,-0.03640759759,0.02706391143,-0.2427547485,0.05461139639,0.73,-0.07281519519,-0.04550949699,0.03640759759
-0.4,0,0.7594907453,0,-0.01249967448,0,0.999921876,-0.4525430416,0,0,0.6387802265,-0.1638833948,0,-0.4481738108,0,0,0.9124373744,-0.1486173536,0,0.06284837567,0,-0.055,0.359215885,0.1990505414,0.05027870054,0.73,-0.06703826738,0.04189891711,-0.03351913369,0.04078411497,-0.2409494586,0.05027870054,0.73,-0.06703826738,-0.04189891711,0.03351913369
-0.4,0,0.7594907453,0,-0.01249967448,0,0.999921876,-0.460354747,0,0,0.6539703082,-0.1544928983,0,-0.4427267079,0,0,0.9013176029,-0.1597135579,0,0.05566171585,0,-0.055,0.3410096802,0.2014460947,0.04452937268,0.73,-0.05937249691,0.03710781057,-0.02968624846,0.05899031984,-0.2385539053,0.04452937268,0.73,-0.05937249691,-0.03710781057,0.02968624846
-0.4,0,0.7594907453,0,-0.01249967448,0,0.999921876,-0.4697568472,0,0,0.6722292095,-0.1426893961,0,-0.4359273684,0,0,0.8874390917,-0.1732946895,0,0.04680730017,0,-0.055,0.3185784938,0.2043975666,0.03744584014,0.73,-0.04992778685,0.03120486678,-0.02496389343,0.08142150623,-0.2356024334,0.03744584014,0.73,-0.04992778685,-0.03120486678,0.02496389343
-0.4,0,0.7594907453,0,-0.01249967448,0,0.999921876,-0.4804240927,0,0,0.6929133398,-0.128639448,0,-0.4278783866,0,0,0.8710122882,-0.1889837007,0,0.03649294323,0,-0.055,0.2924487895,0.2078356856,0.02919435458,0.73,-0.03892580611,0.02432862882,-0.01946290306,0.1075512105,-0.2321643144,0.02919435458,0.73,-0.03892580611,-0.02432862882,0.01946290306
-0.4,0,0.7594907453,0,-0.01249967448,0,0.999921876,-0.4919700455,0,0,0.7152629624,-0.1126502463,0,-0.418745656,0,0,0.8523767993,-0.2062738139,0,0.02501028401,0,-0.055,0.2633593862,0.2116632387,0.02000822721,0.73,-0.02667763628,0.01667352267,-0.01333881814,0.1366406138,-0.2283367613,0.02000822721,0.73,-0.02667763628,-0.01667352267,0.01333881814
-0.4,0,0.7594907453,0,-0.01249967448,0,0.999921876,-0.5039842985,0,0,0.7384762634,-0.09515756773,0,-0.4087513256,0,0,0.8319868407,-0.2245699123,0,0.01271382978,0,-0.055,0.2322083688,0.2157620567,0.01017106382,0.73,-0.01356141843,0.00847588652,-0.006780709216,0.1677916312,-0.2242379433,0.01017106382,0.73,-0.01356141843,-0.00847588652,0.006780709216
-0.4,0,0.7594907453,0,-0.01249967448,0,0.999921876,-0.51606069,0,0,0.7617650653,-0.07670437529,0,-0.3981672731,0,0,0.8103977561,-0.243230483,0,-5.495603972e-16,0,-0.055,0.2,0.22,-4.396483178e-16,0.73,5.86197757e-16,-3.663735981e-16,2.930988785e-16,0.2,-0.22,-4.396483178e-16,0.73,5.86197757e-16,3.663735981e-16,-2.930988785e-16
-0.4,0,0.7594907453,0,-0.01249967448,0,0.999921876,-0.5278171587,0,0,0.7843934284,-0.05791066691,0,-0.3873078835,0,0,0.7882511556,-0.2616088749,0,-0.01271382978,0,-0.055,0.1677916312,0.2242379433,-0.01017106382,0.73,0.01356141843,-0.00847588652,0.006780709216,0.2322083688,-0.2157620567,-0.01017106382,0.73,0.01356141843,0.00847588652,-0.006780709216
-0.4,0,0.7594907453,0,-0.01249967448,0,0.999921876,-0.5389092169,0,0,0.8057031068,-0.0394365606,0,-0.3765206374,0,0,0.7662556423,-0.2790923343,0,-0.02501028401,0,-0.055,0.1366406138,0.2283367613,-0.02000822721,0.73,0.02667763628,-0.01667352267,0.01333881814,0.2633593862,-0.2116632387,-0.02000822721,0.73,0.02667763628,0.01667352267,-0.01333881814
-0.4,0,0.7594907453,0,-0.01249967448,0,0.999921876,-0.5490393424,0,0,0.8251305046,-0.02194096139,0,-0.3661727689,0,0,0.7451595931,-0.2951370251,0,-0.03649294323,0,-0.055,0.1075512105,0.2321643144,-0.02919435458,0.73,0.03892580611,-0.02432862882,0.01946290306,0.2924487895,-0.2078356856,-0.02919435458,0.73,0.03892580611,0.02432862882,-0.01946290306
-0.4,0,0.7594907453,0,-0.01249967448,0,0.999921876,-0.557964357,0,0,0.8422193333,-0.006037942531,0,-0.356632231,0,0,0.7257124074,-0.3092972102,0,-0.04680730017,0,-0.055,0.08142150623,0.2356024334,-0.03744584014,0.73,0.04992778685,-0.03120486678,0.02496389343,0.3185784938,-0.2043975666,-0.03744584014,0.73,0.04992778685,0.03120486678,-0.02496389343
-0.4,0,0.7594907453,0,-0.01249967448,0,0.999921876,-0.5655024354,0,0,0.8566323432,0.00774742919,0,-0.3482416813,0,0,0.7086115986,-0.3212472544,0,-0.05566171585,0,-0.055,0.05899031984,0.2385539053,-0.04452937268,0.73,0.05937249691,-0.03710781057,0.02968624846,0.3410096802,-0.2014460947,-0.04452937268,0.73,0.05937249691,0.03710781057,-0.02968624846
-0.4,0,0.7594907453,0,-0.01249967448,0,0.999921876,-0.5715409892,0,0,0.868164725,0.0190224741,0,-0.3412854392,0,0,0.6944356171,-0.3307963879,0,-0.06284837567,0,-0.055,0.04078411497,0.2409494586,-0.05027870054,0.73,0.06703826738,-0.04189891711,0.03351913369,0.359215885,-0.1990505414,-0.05027870054,0.73,0.06703826738,0.04189891711,-0.03351913369
-0.4,0,0.7594907453,0,-0.01249967448,0,0.999921876,-0.5760463708,0,0,0.8767611849,0.02756842536,0,-0.3359513883,0,0,0.6835663976,-0.3378982488,0,-0.06826424549,0,-0.055,0.02706391143,0.2427547485,-0.05461139639,0.73,0.07281519519,-0.04550949699,0.03640759759,0.3729360886,-0.1972452515,-0.05461139639,0.73,0.07281519519,0.04550949699,-0.03640759759
-0.4,0,0.7594907453,0,-0.01249967448,0,0.999921876,-0.5790761135,0,0,0.8825382525,0.03337925906,0,-0.3322920365,0,0,0.6761101783,-0.3426595399,0,-0.07193202774,0,-0.055,0.01777219638,0.2439773426,-0.05754562219,0.73,0.07672749626,-0.04795468516,0.03836374813,0.3822278036,-0.1960226574,-0.05754562219,0.73,0.07672749626,0.04795468516,-0.03836374813
-0.4,0,0.7594907453,0,-0.01249967448,0,0.999921876,-0.5807942129,0,0,0.8858129313,0.03669722244,0,-0.3301902186,0,0,0.6718277237,-0.3453534461,0,-0.07402111753,0,-0.055,0.01247983558,0.2446737058,-0.05921689403,0.73,0.0789558587,-0.04934741169,0.03947792935,0.3875201644,-0.1953262942,-0.05921689403,0.73,0.0789558587,0.04934741169,-0.03947792935
-0.4,0,0.7594907453,0,-0.01249967448,0,0.999921876,-0.5814896126,0,0,0.8871380738,0.03804484248,0,-0.3293339139,0,0,0.6700830371,-0.3464424269,0,-0.07486855872,0,-0.055,0.01033298458,0.2449561862,-0.05989484697,0.73,0.07985979597,-0.04991237248,0.03992989798,0.3896670154,-0.1950438138,-0.05989484697,0.73,0.07985979597,0.04991237248,-0.03992989798
-0.4,0,0.7594907453,0,-0.01249967448,0,0.999921876,-0.5815973921,0,0,0.8873434421,0.03825395004,0,-0.3292009047,0,0,0.669812038,-0.3466111333,0,-0.075,0,-0.055,0.01,0.245,-0.06,0.73,0.08,-0.05,0.04,0.39,-0.195,-0.06,0.73,0.08,0.05,-0.04
-0.4000024885,0,0.7594907453,0,-0.01249967448,0,0.999921876,-0.5815942759,0,0,0.8873462027,0.0382480732,0,-0.3292052241,0,0,0.6698120379,-0.3466068139,0,-0.075,0,-0.055,0.01,0.245,-0.06,0.73,0.08,-0.05,0.04,0.39,-0.195,-0.06,0.73,0.08,0.05,-0.04
-0.4000194667,0,0.7594907453,0,-0.01249967448,0,0.999921876,-0.5815730135,0,0,0.8873650354,0.0382079781,0,-0.3292346926,0,0,0.6698120347,-0.3465773421,0,-0.075,0,-0.055,0.01,0.245,-0.06,0.73,0.08,-0.05,0.04,0.39,-0.195,-0.06,0.73,0.08,0.05,-0.04
-0.4000642295,0,0.7594907453,0,-0.01249967448,0,0.999921876,-0.5815169444,0,0,0.8874146667,0.0381022776,0,-0.3293123738,0,0,0.6698120023,-0.3464996285,0,-0.075,0,-0.055,0.01,0.245,-0.06,0.73,0.08,-0.05,0.04,0.39,-0.195,-0.06,0.73,0.08,0.05,-0.04
-0.4001488037,0,0.7594907453,0,-0.01249967448,0,0.999921876,-0.581410963,0,0,0.8875083583,0.03790260465,0,-0.3294590972,0,0,0.6698118463,-0.346352749,0,-0.075,0,-0.055,0.01,0.245,-0.06,0.73,0.08,-0.05,0.04,0.39,-0.195,-0.06,0.73,0.08,0.05,-0.04
-0.4002839882,0,0.7594907453,0,-0.01249967448,0,0.999921876,-0.5812414387,0,0,0.8876578954,0.03758354332,0,-0.3296934956,0,0,0.6698113396,-0.346117844,0,-0.075,0,-0.055,0.01,0.245,-0.06,0.73,0.08,-0.05,0.04,0.39,-0.195,-0.06,0.73,0.08,0.05,-0.04
-0.4004793933,0,0.7594907453,0,-0.01249967448,0,0.999921876,-0.5809961306,0,0,0.8878735668,0.03712256385,0,-0.3300320366,0,0,0.6698100478,-0.3457780112,0,-0.075,0,-0.055,0.01,0.245,-0.06,0.73,0.08,-0.05,0.04,0.39,-0.195,-0.06,0.73,0.08,0.05,-0.04
-0.4007434806,0,0.7594907453,0,-0.01249967448,0,0.999921876,-0.5806641015,0,0,0.8881641427,0.03649995881,0,-0.3304890539,0,0,0.6698072512,-0.3453181972,0,-0.075,0,-0.055,0.01,0.245,-0.06,0.73,0.08,-0.05,0.04,0.39,-0.195,-0.06,0.73,0.08,0.05,-0.04
-0.4010836021,0,0.7594907453,0,-0.01249967448,0,0.999921876,-0.5802356327,0,0,0.8885368547,0.03569877798,0,-0.3310767784,0,0,0.6698018696,-0.3447250913,0,-0.075,0,-0.055,0.01,0.245,-0.06,0.73,0.08,-0.05,0.04,0.39,-0.195,-0.06,0.73,0.08,0.05,-0.04
-0.4015060404,0,0.7594907453,0,-0.01249967448,0,0.999921876,-0.5797021438,0,0,0.8889973835,0.0347047603,0,-0.3318053739,0,0,0.6697923959,-0.3439870221,0,-0.075,0,-0.055,0.01,0.245,-0.06,0.73,0.08,-0.05,0.04,0.39,-0.195,-0.06,0.73,0.08,0.05,-0.04
-0.4020160481,0,0.7594907453,0,-0.01249967448,0,0.999921876,-0.579056118,0,0,0.8895498569,0.03350626106,0,-0.3326829783,0,0,0.6697768399,-0.3430938616,0,-0.075,0,-0.055,0.01,0.245,-0.06,0.73,0.08,-0.05,0.04,0.39,-0.195,-0.06,0.73,0.08,0.05,-0.04
-0.4026178872,0,0.7594907453,0,-0.01249967448,0,0.999921876,-0.5782910346,0,0,0.8901968611,0.03209417351,0,-0.3337157516,0,0,0.6697526872,-0.3420369357,0,-0.075,0,-0.055,0.01,0.245,-0.06,0.73,0.08,-0.05,0.04,0.39,-0.195,-0.06,0.73,0.08,0.05,-0.04
-0.403314869,0,0.7594907453,0,-0.01249967448,0,0.999921876,-0.5774013102,0,0,0.8909394663,0.030461844,0,-0.3349079314,0,0,0.6697168752,-0.3408089438,0,-0.075,0,-0.055,0.01,0.245,-0.06,0.73,0.08,-0.05,0.04,0.39,-0.195,-0.06,0.73,0.08,0.05,-0.04
-0.4041093937,0,0.7594907453,0,-0.01249967448,0,0.999921876,-0.5763822489,0,0,0.8917772687,0.02860498014,0,-0.3362618978,0,0,0.6696657853,-0.3394038875,0,-0.075,0,-0.055,0.01,0.245,-0.06,0.73,0.08,-0.05,0.04,0.39,-0.195,-0.06,0.73,0.08,0.05,-0.04
-0.4050029897,0,0.7594907453,0,-0.01249967448,0,0.999921876,-0.5752300007,0,0,0.8927084487,0.02652155202,0,-0.3377782459,0,0,0.6695952541,-0.3378170083,0,-0.075,0,-0.055,0.01,0.245,-0.06,0.73,0.08,-0.05,0.04,0.39,-0.195,-0.06,0.73,0.08,0.05,-0.04
-0.4059963537,0,0.7594907453,0,-0.01249967448,0,0.999921876,-0.5739415304,0,0,0.8937298441,0.02421168635,0,-0.3394558677,0,0,0.6695006024,-0.3360447347,0,-0.075,0,-0.055,0.01,0.245,-0.06,0.73,0.08,-0.05,0.04,0.39,-0.195,-0.06,0.73,0.08,0.05,-0.04
-0.40708939,0,0.7594907453,0,-0.01249967448,0,0.999921876,-0.5725145934,0,0,0.8948370394,0.02167755398,0,-0.3412920424,0,0,0.6693766811,-0.3340846387,0,-0.075,0,-0.055,0.01,0.245,-0.06,0.73,0.08,-0.05,0.04,0.39,-0.195,-0.06,0.73,0.08,0.05,-0.04
-0.40828125,0,0.7594907453,0,-0.01249967448,0,0.999921876,-0.5709477202,0,0,0.896024469,0.01892325121,0,-0.3432825339,0,0,0.6692179332,-0.3319353993,0,-0.075,0,-0.055,0.01,0.245,-0.06,0.73,0.08,-0.05,0.04,0.39,-0.195,-0.06,0.73,0.08,0.05,-0.04
-0.4095703722,0,0.7594907453,0,-0.01249967448,0,0.999921876,-0.5692402077,0,0,0.8972855321,0.01595467556,0,-0.3454216963,0,0,0.6690184709,-0.3295967746,0,-0.075,0,-0.055,0.01,0.245,-0.06,0.73,0.08,-0.05,0.04,0.39,-0.195,-0.06,0.73,0.08,0.05,-0.04
-0.4109545216,0,0.7594907453,0,-0.01249967448,0,0.999921876,-0.5673921156,0,0,0.8986127188,0.01277939679,0,-0.3477025854,0,0,0.6687721647,-0.3270695792,0,-0.075,0,-0.055,0.01,0.245,-0.06,0.73,0.08,-0.05,0.04,0.39,-0.195,-0.06,0.73,0.08,0.05,-0.04
-0.4124308293,0,0.7594907453,0,-0.01249967448,0,0.999921876,-0.5654042683,0,0,0.8999977444,0.009406523877,0,-0.3501170757,0,0,0.6684727437,-0.324355668,0,-0.075,0,-0.055,0.01,0.245,-0.06,0.73,0.08,-0.05,0.04,0.39,-0.195,-0.06,0.73,0.08,0.05,-0.04
-0.4139958321,0,0.7594907453,0,-0.01249967448,0,0.999921876,-0.5632782594,0,0,0.9014316904,0.005846569027,0,-0.3526559818,0,0,0.6681139045,-0.3214579227,0,-0.075,0,-0.055,0.01,0.245,-0.06,0.73,0.08,-0.05,0.04,0.39,-0.195,-0.06,0.73,0.08,0.05,-0.04
-0.4156455122,0,0.7594907453,0,-0.01249967448,0,0.999921876,-0.5610164588,0,0,0.9029051493,0.002111309546,0,-0.3553091837,0,0,0.667689426,-0.3183802423,0,-0.075,0,-0.055,0.01,0.245,-0.06,0.73,0.08,-0.05,0.04,0.39,-0.195,-0.06,0.73,0.08,0.05,-0.04
-0.4173753368,0,0.7594907453,0,-0.01249967448,0,0.999921876,-0.5586220194,0,0,0.9044083709,-0.001786351472,0,-0.3580657542,0,0,0.6671932888,-0.3151275345,0,-0.075,0,-0.055,0.01,0.245,-0.06,0.73,0.08,-0.05,0.04,0.39,-0.195,-0.06,0.73,0.08,0.05,-0.04
-0.4191802977,0,0.7594907453,0,-0.01249967448,0,0.999921876,-0.5560988845,0,0,0.9059314092,-0.005832524692,0,-0.3609140874,0,0,0.6666197952,-0.3117057078,0,-0.075,0,-0.055,0.01,0.245,-0.06,0.73,0.08,-0.05,0.04,0.39,-0.195,-0.06,0.73,0.08,0.05,-0.04
-0.421054951,0,0.7594907453,0,-0.01249967448,0,0.999921876,-0.5534517924,0,0,0.9074642658,-0.01001247341,0,-0.3638420277,0,0,0.6659636901,-0.3081216624,0,-0.075,0,-0.055,0.01,0.245,-0.06,0.73,0.08,-0.05,0.04,0.39,-0.195,-0.06,0.73,0.08,0.05,-0.04
-0.4229934564,0,0.7594907453,0,-0.01249967448,0,0.999921876,-0.5506862782,0,0,0.9089970291,-0.01431075092,0,-0.3668369979,0,0,0.6652202776,-0.3043832797,0,-0.075,0,-0.055,0.01,0.245,-0.06,0.73,0.08,-0.05,0.04,0.39,-0.195,-0.06,0.73,0.08,0.05,-0.04
-0.4249896172,0,0.7594907453,0,-0.01249967448,0,0.999921876,-0.5478086717,0,0,0.9105200072,-0.01871133551,0,-0.369886126,0,0,0.6643855341,-0.3004994081,0,-0.075,0,-0.055,0.01,0.245,-0.06,0.73,0.08,-0.05,0.04,0.39,-0.195,-0.06,0.73,0.08,0.05,-0.04
-0.4270369199,0,0.7594907453,0,-0.01249967448,0,0.999921876,-0.54482609,0,0,0.9120238524,-0.02319776234,0,-0.3729763678,0,0,0.6634562134,-0.2964798456,0,-0.075,0,-0.055,0.01,0.245,-0.06,0.73,0.08,-0.05,0.04,0.39,-0.195,-0.06,0.73,0.08,0.05,-0.04
-0.4291285734,0,0.7594907453,0,-0.01249967448,0,0.999921876,-0.5417464249,0,0,0.9134996765,-0.02775325161,0,-0.3760946274,0,0,0.6624299443,-0.2923353169,0,-0.075,0,-0.055,0.01,0.245,-0.06,0.73,0.08,-0.05,0.04,0.39,-0.195,-0.06,0.73,0.08,0.05,-0.04
-0.4312575492,0,0.7594907453,0,-0.01249967448,0,0.999921876,-0.5385783226,0,0,0.9149391548,-0.03236083217,0,-0.379227872,0,0,0.6613053171,-0.2880774451,0,-0.075,0,-0.055,0.01,0.245,-0.06,0.73,0.08,-0.05,0.04,0.39,-0.195,-0.06,0.73,0.08,0.05,-0.04
-0.4334166204,0,0.7594907453,0,-0.01249967448,0,0.999921876,-0.5353311578,0,0,0.916334618,-0.03700346025,0,-0.3823632413,0,0,0.6600819585,-0.2837187171,0,-0.075,0,-0.055,0.01,0.245,-0.06,0.73,0.08,-0.05,0.04,0.39,-0.195,-0.06,0.73,0.08,0.05,-0.04
-0.4355984018,0,0.7594907453,0,-0.01249967448,0,0.999921876,-0.5320149992,0,0,0.9176791318,-0.04166413265,0,-0.3854881513,0,0,0.6587605936,-0.2792724423,0,-0.075,0,-0.055,0.01,0.245,-0.06,0.73,0.08,-0.05,0.04,0.39,-0.195,-0.06,0.73,0.08,0.05,-0.04
-0.4377953895,0,0.7594907453,0,-0.01249967448,0,0.999921876,-0.5286405678,0,0,0.918966562,-0.04632599412,0,-0.3885903901,0,0,0.6573430934,-0.2747527033,0,-0.075,0,-0.055,0.01,0.245,-0.06,0.73,0.08,-0.05,0.04,0.39,-0.195,-0.06,0.73,0.08,0.05,-0.04
-0.44,0,0.7594907453,0,-0.01249967448,0,0.999921876,-0.5252191874,0,0,0.9201916259,-0.05097243844,0,-0.3916582069,0,0,0.6558325065,-0.2701742996,0,-0.075,0,-0.055,0.01,0.245,-0.06,0.73,0.08,-0.05,0.04,0.39,-0.195,-0.06,0.73,0.08,0.05,-0.04
-0.4422046105,0,0.7594907453,0,-0.01249967448,0,0.999921876,-0.5217627266,0,0,0.9213499296,-0.05558720304,0,-0.3946803922,0,0,0.6542330745,-0.2655526823,0,-0.075,0,-0.055,0.01,0.245,-0.06,0.73,0.08,-0.05,0.04,0.39,-0.195,-0.06,0.73,0.08,0.05,-0.04
-0.4444015982,0,0.7594907453,0,-0.01249967448,0,0.999921876,-0.5182835337,0,0,0.9224379906,-0.06015445697,0,-0.3976463498,0,0,0.6525502308,-0.260903881,0,-0.075,0,-0.055,0.01,0.245,-0.06,0.73,0.08,-0.05,0.04,0.39,-0.195,-0.06,0.73,0.08,0.05,-0.04
-0.4465833796,0,0.7594907453,0,-0.01249967448,0,0.999921876,-0.5147943636,0,0,0.9234532457,-0.06465888207,0,-0.4005461589,0,0,0.6507905809,-0.256244422,0,-0.075,0,-0.055,0.01,0.245,-0.06,0.73,0.08,-0.05,0.04,0.39,-0.195,-0.06,0.73,0.08,0.05,-0.04
-0.4487424508,0,0.7594907453,0,-0.01249967448,0,0.999921876,-0.5113082975,0,0,0.9243940449,-0.0690857474,0,-0.4033706273,0,0,0.648961865,-0.2515912377,0,-0.075,0,-0.055,0.01,0.245,-0.06,0.73,0.08,-0.05,0.04,0.39,-0.195,-0.06,0.73,0.08,0.05,-0.04
-0.4508714266,0,0.7594907453,0,-0.01249967448,0,0.999921876,-0.5078386556,0,0,0.9252596325,-0.07342097687,0,-0.4061113344,0,0,0.6470729019,-0.2469615674,0,-0.075,0,-0.055,0.01,0.245,-0.06,0.73,0.08,-0.05,0.04,0.39,-0.195,-0.06,0.73,0.08,0.05,-0.04
-0.4529630801,0,0.7594907453,0,-0.01249967448,0,0.999921876,-0.5043989034,0,0,0.9260501138,-0.07765121041,0,-0.4087606646,0,0,0.6451335142,-0.2423728496,0,-0.075,0,-0.055,0.01,0.245,-0.06,0.73,0.08,-0.05,0.04,0.39,-0.195,-0.06,0.73,0.08,0.05,-0.04
-0.4550103828,0,0.7594907453,0,-0.01249967448,0,0.999921876,-0.5010025522,0,0,0.926766411,-0.0817638588,0,-0.4113118303,0,0,0.643154436,-0.2378426057,0,-0.075,0,-0.055,0.01,0.245,-0.06,0.73,0.08,-0.05,0.04,0.39,-0.195,-0.06,0.73,0.08,0.05,-0.04
-0.4570065436,0,0.7594907453,0,-0.01249967448,0,0.999921876,-0.4976630542,0,0,0.9274102067,-0.08574715253,0,-0.4137588861,0,0,0.6411472018,-0.2333883157,0,-0.075,0,-0.055,0.01,0.245,-0.06,0.73,0.08,-0.05,0.04,0.39,-0.195,-0.06,0.73,0.08,0.05,-0.04
-0.458945049,0,0.7594907453,0,-0.01249967448,0,0.999921876,-0.4943936932,0,0,0.9279838785,-0.0895901852,0,-0.4160967322,0,0,0.6391240182,-0.229027286,0,-0.075,0,-0.055,0.01,0.245,-0.06,0.73,0.08,-0.05,0.04,0.39,-0.195,-0.06,0.73,0.08,0.05,-0.04
-0.4608197023,0,0.7594907453,0,-0.01249967448,0,0.999921876,-0.4912074716,0,0,0.9284904237,-0.09328295201,0,-0.4183211102,0,0,0.6370976202,-0.22477651,0,-0.075,0,-0.055,0.01,0.245,-0.06,0.73,0.08,-0.05,0.04,0.39,-0.195,-0.06,0.73,0.08,0.05,-0.04
-0.4626246632,0,0.7594907453,0,-0.01249967448,0,0.999921876,-0.4881169937,0,0,0.9289333775,-0.09681638379,0,-0.4204285896,0,0,0.6350811112,-0.2206525216,0,-0.075,0,-0.055,0.01,0.245,-0.06,0.73,0.08,-0.05,0.04,0.39,-0.195,-0.06,0.73,0.08,0.05,-0.04
-0.4643544878,0,0.7594907453,0,-0.01249967448,0,0.999921876,-0.4851343472,0,0,0.9293167248,-0.1001823776,0,-0.4224165474,0,0,0.6330877908,-0.2166712435,0,-0.075,0,-0.055,0.01,0.245,-0.06,0.73,0.08,-0.05,0.04,0.39,-0.195,-0.06,0.73,0.08,0.05,-0.04
-0.4660041679,0,0.7594907453,0,-0.01249967448,0,0.999921876,-0.4822709837,0,0,0.9296448084,-0.1033738247,0,-0.4242831406,0,0,0.63113097,-0.2128478295,0,-0.075,0,-0.055,0.01,0.245,-0.06,0.73,0.08,-0.05,0.04,0.39,-0.195,-0.06,0.73,0.08,0.05,-0.04
-0.4675691707,0,0.7594907453,0,-0.01249967448,0,0.999921876,-0.4795375979,0,0,0.9299222337,-0.1063846358,0,-0.4260272745,0,0,0.6292237783,-0.2091965037,0,-0.075,0,-0.055,0.01,0.245,-0.06,0.73,0.08,-0.05,0.04,0.39,-0.195,-0.06,0.73,0.08,0.05,-0.04
-0.4690454784,0,0.7594907453,0,-0.01249967448,0,0.999921876,-0.4769440073,0,0,0.9301537742,-0.1092097669,0,-0.4276485666,0,0,0.6273789632,-0.2057303966,0,-0.075,0,-0.055,0.01,0.245,-0.06,0.73,0.08,-0.05,0.04,0.39,-0.195,-0.06,0.73,0.08,0.05,-0.04
-0.4704296278,0,0.7594907453,0,-0.01249967448,0,0.999921876,-0.4744990336,0,0,0.9303442772,-0.1118452436,0,-0.4291473082,0,0,0.6256086874,-0.2024613792,0,-0.075,0,-0.055,0.01,0.245,-0.06,0.73,0.08,-0.05,0.04,0.39,-0.195,-0.06,0.73,0.08,0.05,-0.04
-0.47171875,0,0.7594907453,0,-0.01249967448,0,0.999921876,-0.4722103855,0,0,0.9304985729,-0.1142881874,0,-0.4305244263,0,0,0.6239243247,-0.1993998984,0,-0.075,0,-0.055,0.01,0.245,-0.06,0.73,0.08,-0.05,0.04,0.39,-0.195,-0.06,0.73,0.08,0.05,-0.04
-0.47291061,0,0.7594907453,0,-0.01249967448,0,0.999921876,-0.4700845448,0,0,0.9306213888,-0.116536844,0,-0.4317814464,0,0,0.6223362592,-0.1965548127,0,-0.075,0,-0.055,0.01,0.245,-0.06,0.73,0.08,-0.05,0.04,0.39,-0.195,-0.06,0.73,0.08,0.05,-0.04
-0.4740036463,0,0.7594907453,0,-0.01249967448,0,0.999921876,-0.468126656,0,0,0.9307172703,-0.1185906143,0,-0.4329204594,0,0,0.6208536914,-0.1939332321,0,-0.075,0,-0.055,0.01,0.245,-0.06,0.73,0.08,-0.05,0.04,0.39,-0.195,-0.06,0.73,0.08,0.05,-0.04
-0.4749970103,0,0.7594907453,0,-0.01249967448,0,0.999921876,-0.4663404205,0,0,0.9307905106,-0.1204500901,0,-0.4339440928,0,0,0.619484455,-0.1915403623,0,-0.075,0,-0.055,0.01,0.245,-0.06,0.73,0.08,-0.05,0.04,0.39,-0.195,-0.06,0.73,0.08,0.05,-0.04
-0.4758906063,0,0.7594907453,0,-0.01249967448,0,0.999921876,-0.4647279955,0,0,0.9308450897,-0.1221170943,0,-0.4348554904,0,0,0.6182348463,-0.1893793558,0,-0.075,0,-0.055,0.01,0.245,-0.06,0.73,0.08,-0.05,0.04,0.39,-0.195,-0.06,0.73,0.08,0.05,-0.04
-0.476685131,0,0.7594907453,0,-0.01249967448,0,0.999921876,-0.4632898993,0,0,0.9308846264,-0.123594727,0,-0.4356583006,0,0,0.6171094716,-0.1874511711,0,-0.075,0,-0.055,0.01,0.245,-0.06,0.73,0.08,-0.05,0.04,0.39,-0.195,-0.06,0.73,0.08,0.05,-0.04
-0.4773821128,0,0.7594907453,0,-0.01249967448,0,0.999921876,-0.4620249224,0,0,0.9309123408,-0.1248874183,0,-0.4363566742,0,0,0.6161111145,-0.1857544403,0,-0.075,0,-0.055,0.01,0.245,-0.06,0.73,0.08,-0.05,0.04,0.39,-0.195,-0.06,0.73,0.08,0.05,-0.04
-0.4779839519,0,0.7594907453,0,-0.01249967448,0,0.999921876,-0.4609300447,0,0,0.9309310326,-0.1260009879,0,-0.4369552759,0,0,0.6152406245,-0.1842853485,0,-0.075,0,-0.055,0.01,0.245,-0.06,0.73,0.08,-0.05,0.04,0.39,-0.195,-0.06,0.73,0.08,0.05,-0.04
-0.4784939596,0,0.7594907453,0,-0.01249967448,0,0.999921876,-0.46000036,0,0,0.9309430716,-0.1269427116,0,-0.437459307,0,0,0.61449683,-0.183037523,0,-0.075,0,-0.055,0.01,0.245,-0.06,0.73,0.08,-0.05,0.04,0.39,-0.195,-0.06,0.73,0.08,0.05,-0.04
-0.4789163979,0,0.7594907453,0,-0.01249967448,0,0.999921876,-0.4592290074,0,0,0.9309504035,-0.1277213961,0,-0.4378745411,0,0,0.613876476,-0.1820019349,0,-0.075,0,-0.055,0.01,0.245,-0.06,0.73,0.08,-0.05,0.04,0.39,-0.195,-0.06,0.73,0.08,0.05,-0.04
-0.4792565194,0,0.7594907453,0,-0.01249967448,0,0.999921876,-0.4586071084,0,0,0.9309545684,-0.12834746,0,-0.438207374,0,0,0.6133741854,-0.1811668114,0,-0.075,0,-0.055,0.01,0.245,-0.06,0.73,0.08,-0.05,0.04,0.39,-0.195,-0.06,0.73,0.08,0.05,-0.04
-0.4795206067,0,0.7594907453,0,-0.01249967448,0,0.999921876,-0.4581237106,0,0,0.9309567328,-0.1288330222,0,-0.4384648842,0,0,0.6129824435,-0.1805175593,0,-0.075,0,-0.055,0.01,0.245,-0.06,0.73,0.08,-0.05,0.04,0.39,-0.195,-0.06,0.73,0.08,0.05,-0.04
-0.4797160118,0,0.7594907453,0,-0.01249967448,0,0.999921876,-0.4577657368,0,0,0.9309577325,-0.1291919957,0,-0.4386549055,0,0,0.6126916035,-0.1800366979,0,-0.075,0,-0.055,0.01,0.245,-0.06,0.73,0.08,-0.05,0.04,0.39,-0.195,-0.06,0.73,0.08,0.05,-0.04
-0.4798511963,0,0.7594907453,0,-0.01249967448,0,0.999921876,-0.4575179379,0,0,0.9309581246,-0.1294401868,0,-0.4387861076,0,0,0.6124899071,-0.1797037996,0,-0.075,0,-0.055,0.01,0.245,-0.06,0.73,0.08,-0.05,0.04,0.39,-0.195,-0.06,0.73,0.08,0.05,-0.04
-0.4799357705,0,0.7594907453,0,-0.01249967448,0,0.999921876,-0.4573628487,0,0,0.9309582454,-0.1295953967,0,-0.4388680829,0,0,0.6123635184,-0.1794954355,0,-0.075,0,-0.055,0.01,0.245,-0.06,0.73,0.08,-0.05,0.04,0.39,-0.195,-0.06,0.73,0.08,0.05,-0.04
-0.4799805333,0,0.7594907453,0,-0.01249967448,0,0.999921876,-0.4572807454,0,0,0.9309582705,-0.1296775251,0,-0.4389114367,0,0,0.6122965611,-0.1793851244,0,-0.075,0,-0.055,0.01,0.245,-0.06,0.73,0.08,-0.05,0.04,0.39,-0.195,-0.06,0.73,0.08,0.05,-0.04
-0.4799975115,0,0.7594907453,0,-0.01249967448,0,0.999921876,-0.4572496006,0,0,0.930958273,-0.1297086724,0,-0.4389278745,0,0,0.612271153,-0.1793432785,0,-0.075,0,-0.055,0.01,0.245,-0.06,0.73,0.08,-0.05,0.04,0.39,-0.195,-0.06,0.73,0.08,0.05,-0.04
-0.48,0,0.7594907453,0,-0.01249967448,0,0.999921876,-0.4572450356,0,0,0.930958273,-0.1297132375,0,-0.4389302835,0,0,0.6122674285,-0.179337145,0,-0.075,0,-0.055,0.01,0.245,-0.06,0.73,0.08,-0.05,0.04,0.39,-0.195,-0.06,0.73,0.08,0.05,-0.04
-0.48,0,0.7594907453,0,-0.01249967448,0,0.999921876,-0.4571478197,0,0,0.9307597666,-0.1299186432,0,-0.4390804343,0,0,0.6125601608,-0.1791730302,0,-0.07486855872,0,-0.055,0.01033298458,0.2449561862,-0.05989484697,0.73,0.07985979597,-0.04991237248,0.03992989798,0.3896670154,-0.1950438138,-0.05989484697,0.73,0.07985979597,0.04991237248,-0.03992989798
-0.48,0,0.7594907453,0,-0.01249967448,0,0.999921876,-0.4565205735,0,0,0.9294789934,-0.131242479,0,-0.4400469145,0,0,0.6144442445,-0.1781132709,0,-0.07402111753,0,-0.055,0.01247983558,0.2446737058,-0.05921689403,0.73,0.0789558587,-0.04934741169,0.03947792935,0.3875201644,-0.1953262942,-0.05921689403,0.73,0.0789558587,0.04934741169,-0.03947792935
-0.48,0,0.7594907453,0,-0.01249967448,0,0.999921876,-0.4549708334,0,0,0.9263146551,-0.1345024236,0,-0.4424178517,0,0,0.6190650755,-0.1754886219,0,-0.07193202774,0,-0.055,0.01777219638,0.2439773426,-0.05754562219,0.73,0.07672749626,-0.04795468516,0.03836374813,0.3822278036,-0.1960226574,-0.05754562219,0.73,0.07672749626,0.04795468516,-0.03836374813
-0.48,0,0.7594907453,0,-0.01249967448,0,0.999921876,-0.4522379091,0,0,0.9207346851,-0.1402135365,0,-0.4465414643,0,0,0.6270979095,-0.1708396847,0,-0.06826424549,0,-0.055,0.02706391143,0.2427547485,-0.05461139639,0.73,0.07281519519,-0.04550949699,0.03640759759,0.3729360886,-0.1972452515,-0.05461139639,0.73,0.07281519519,0.04550949699,-0.03640759759
-0.48,0,0.7594907453,0,-0.01249967448,0,0.999921876,-0.4481738108,0,0,0.9124373744,-0.1486173536,0,-0.4525430416,0,0,0.6387802265,-0.1638833948,0,-0.06284837567,0,-0.055,0.04078411497,0.2409494586,-0.05027870054,0.73,0.06703826738,-0.04189891711,0.03351913369,0.359215885,-0.1990505414,-0.05027870054,0.73,0.06703826738,0.04189891711,-0.03351913369
-0.48,0,0.7594907453,0,-0.01249967448,0,0.999921876,-0.4427267079,0,0,0.9013176029,-0.1597135579,0,-0.460354747,0,0,0.6539703082,-0.1544928983,0,-0.05566171585,0,-0.055,0.05899031984,0.2385539053,-0.04452937268,0.73,0.05937249691,-0.03710781057,0.02968624846,0.3410096802,-0.2014460947,-0.04452937268,0.73,0.05937249691,0.03710781057,-0.02968624846
-0.48,0,0.7594907453,0,-0.01249967448,0,0.999921876,-0.4359273684,0,0,0.8874390917,-0.1732946895,0,-0.4697568472,0,0,0.6722292095,-0.1426893961,0,-0.04680730017,0,-0.055,0.08142150623,0.2356024334,-0.03744584014,0.73,0.04992778685,-0.03120486678,0.02496389343,0.3185784938,-0.2043975666,-0.03744584014,0.73,0.04992778685,0.03120486678,-0.02496389343
-0.48,0,0.7594907453,0,-0.01249967448,0,0.999921876,-0.4278783866,0,0,0.8710122882,-0.1889837007,0,-0.4804240927,0,0,0.6929133398,-0.128639448,0,-0.03649294323,0,-0.055,0.1075512105,0.2321643144,-0.02919435458,0.73,0.03892580611,-0.02432862882,0.01946290306,0.2924487895,-0.2078356856,-0.02919435458,0.73,0.03892580611,0.02432862882,-0.01946290306
-0.48,0,0.7594907453,0,-0.01249967448,0,0.999921876,-0.418745656,0,0,0.8523767993,-0.2062738139,0,-0.4919700455,0,0,0.7152629624,-0.1126502463,0,-0.02501028401,0,-0.055,0.1366406138,0.2283367613,-0.02000822721,0.73,0.02667763628,-0.01667352267,0.01333881814,0.2633593862,-0.2116632387,-0.02000822721,0.73,0.02667763628,0.01667352267,-0.01333881814
-0.48,0,0.7594907453,0,-0.01249967448,0,0.999921876,-0.4087513256,0,0,0.8319868407,-0.2245699123,0,-0.5039842985,0,0,0.7384762634,-0.09515756773,0,-0.01271382978,0,-0.055,0.1677916312,0.2242379433,-0.01017106382,0.73,0.01356141843,-0.00847588652,0.006780709216,0.2322083688,-0.2157620567,-0.01017106382,0.73,0.01356141843,0.00847588652,-0.006780709216
-0.48,0,0.7594907453,0,-0.01249967448,0,0.999921876,-0.3981672731,0,0,0.8103977561,-0.243230483,0,-0.51606069,0,0,0.7617650653,-0.07670437529,0,-2.498001805e-17,0,-0.055,0.2,0.22,-1.998401444e-17,0.73,2.664535259e-17,-1.665334537e-17,1.33226763e-17,0.2,-0.22,-1.998401444e-17,0.73,2.664535259e-17,1.665334537e-17,-1.33226763e-17
-0.48,0,0.7594907453,0,-0.01249967448,0,0.999921876,-0.3873078835,0,0,0.7882511556,-0.2616088749,0,-0.5278171587,0,0,0.7843934284,-0.05791066691,0,0.01271382978,0,-0.055,0.2322083688,0.2157620567,0.01017106382,0.73,-0.01356141843,0.00847588652,-0.006780709216,0.1677916312,-0.2242379433,0.01017106382,0.73,-0.01356141843,-0.00847588652,0.006780709216
-0.48,0,0.7594907453,0,-0.01249967448,0,0.999921876,-0.3765206374,0,0,0.7662556423,-0.2790923343,0,-0.5389092169,0,0,0.8057031068,-0.0394365606,0,0.02501028401,0,-0.055,0.2633593862,0.2116632387,0.02000822721,0.73,-0.02667763628,0.01667352267,-0.01333881814,0.1366406138,-0.2283367613,0.02000822721,0.73,-0.02667763628,-0.01667352267,0.01333881814
-0.48,0,0.7594907453,0,-0.01249967448,0,0.999921876,-0.3661727689,0,0,0.7451595931,-0.2951370251,0,-0.5490393424,0,0,0.8251305046,-0.02194096139,0,0.03649294323,0,-0.055,0.2924487895,0.2078356856,0.02919435458,0.73,-0.03892580611,0.02432862882,-0.01946290306,0.1075512105,-0.2321643144,0.02919435458,0.73,-0.03892580611,-0.02432862882,0.01946290306
-0.48,0,0.7594907453,0,-0.01249967448,0,0.999921876,-0.356632231,0,0,0.7257124074,-0.3092972102,0,-0.557964357,0,0,0.8422193333,-0.006037942531,0,0.04680730017,0,-0.055,0.3185784938,0.2043975666,0.03744584014,0.73,-0.04992778685,0.03120486678,-0.02496389343,0.08142150623,-0.2356024334,0.03744584014,0.73,-0.04992778685,-0.03120486678,0.02496389343
-0.48,0,0.7594907453,0,-0.01249967448,0,0.999921876,-0.3482416813,0,0,0.7086115986,-0.3212472544,0,-0.5655024354,0,0,0.8566323432,0.00774742919,0,0.05566171585,0,-0.055,0.3410096802,0.2014460947,0.04452937268,0.73,-0.05937249691,0.03710781057,-0.02968624846,0.05899031984,-0.2385539053,0.04452937268,0.73,-0.05937249691,-0.03710781057,0.02968624846
-0.48,0,0.7594907453,0,-0.01249967448,0,0.999921876,-0.3412854392,0,0,0.6944356171,-0.3307963879,0,-0.5715409892,0,0,0.868164725,0.0190224741,0,0.06284837567,0,-0.055,0.359215885,0.1990505414,0.05027870054,0.73,-0.06703826738,0.04189891711,-0.03351913369,0.04078411497,-0.2409494586,0.05027870054,0.73,-0.06703826738,-0.04189891711,0.03351913369
-0.48,0,0.7594907453,0,-0.01249967448,0,0.999921876,-0.3359513883,0,0,0.6835663976,-0.3378982488,0,-0.5760463708,0,0,0.8767611849,0.02756842536,0,0.06826424549,0,-0.055,0.3729360886,0.1972452515,0.05461139639,0.73,-0.07281519519,0.04550949699,-0.03640759759,0.02706391143,-0.2427547485,0.05461139639,0.73,-0.07281519519,-0.04550949699,0.03640759759
-0.48,0,0.7594907453,0,-0.01249967448,0,0.999921876,-0.3322920365,0,0,0.6761101783,-0.3426595399,0,-0.5790761135,0,0,0.8825382525,0.03337925906,0,0.07193202774,0,-0.055,0.3822278036,0.1960226574,0.05754562219,0.73,-0.07672749626,0.04795468516,-0.03836374813,0.01777219638,-0.2439773426,0.05754562219,0.73,-0.07672749626,-0.04795468516,0.03836374813
-0.48,0,0.7594907453,0,-0.01249967448,0,0.999921876,-0.3301902186,0,0,0.6718277237,-0.3453534461,0,-0.5807942129,0,0,0.8858129313,0.03669722244,0,0.07402111753,0,-0.055,0.3875201644,0.1953262942,0.05921689403,0.73,-0.0789558587,0.04934741169,-0.03947792935,0.01247983558,-0.2446737058,0.05921689403,0.73,-0.0789558587,-0.04934741169,0.03947792935
-0.48,0,0.7594907453,0,-0.01249967448,0,0.999921876,-0.3293339139,0,0,0.6700830371,-0.3464424269,0,-0.5814896126,0,0,0.8871380738,0.03804484248,0,0.07486855872,0,-0.055,0.3896670154,0.1950438138,0.05989484697,0.73,-0.07985979597,0.04991237248,-0.03992989798,0.01033298458,-0.2449561862,0.05989484697,0.73,-0.07985979597,-0.04991237248,0.03992989798
-0.48,0,0.7594907453,0,-0.01249967448,0,0.999921876,-0.3292009047,0,0,0.669812038,-0.3466111333,0,-0.5815973921,0,0,0.8873434421,0.03825395004,0,0.075,0,-0.055,0.39,0.195,0.06,0.73,-0.08,0.05,-0.04,0.01,-0.245,0.06,0.73,-0.08,-0.05,0.04
-0.4800024885,0,0.7594907453,0,-0.01249967448,0,0.999921876,-0.3292052241,0,0,0.6698120379,-0.3466068139,0,-0.5815942759,0,0,0.8873462027,0.0382480732,0,0.075,0,-0.055,0.39,0.195,0.06,0.73,-0.08,0.05,-0.04,0.01,-0.245,0.06,0.73,-0.08,-0.05,0.04
-0.4800194667,0,0.7594907453,0,-0.01249967448,0,0.999921876,-0.3292346926,0,0,0.6698120347,-0.3465773421,0,-0.5815730135,0,0,0.8873650354,0.0382079781,0,0.075,0,-0.055,0.39,0.195,0.06,0.73,-0.08,0.05,-0.04,0.01,-0.245,0.06,0.73,-0.08,-0.05,0.04
-0.4800642295,0,0.7594907453,0,-0.01249967448,0,0.999921876,-0.3293123738,0,0,0.6698120023,-0.3464996285,0,-0.5815169444,0,0,0.8874146667,0.0381022776,0,0.075,0,-0.055,0.39,0.195,0.06,0.73,-0.08,0.05,-0.04,0.01,-0.245,0.06,0.73,-0.08,-0.05,0.04
-0.4801488037,0,0.7594907453,0,-0.01249967448,0,0.999921876,-0.3294590972,0,0,0.6698118463,-0.346352749,0,-0.581410963,0,0,0.8875083583,0.03790260465,0,0.075,0,-0.055,0.39,0.195,0.06,0.73,-0.08,0.05,-0.04,0.01,-0.245,0.06,0.73,-0.08,-0.05,0.04
-0.4802839882,0,0.7594907453,0,-0.01249967448,0,0.999921876,-0.3296934956,0,0,0.6698113396,-0.346117844,0,-0.5812414387,0,0,0.8876578954,0.03758354332,0,0.075,0,-0.055,0.39,0.195,0.06,0.73,-0.08,0.05,-0.04,0.01,-0.245,0.06,0.73,-0.08,-0.05,0.04
-0.4804793933,0,0.7594907453,0,-0.01249967448,0,0.999921876,-0.3300320366,0,0,0.6698100478,-0.3457780112,0,-0.5809961306,0,0,0.8878735668,0.03712256385,0,0.075,0,-0.055,0.39,0.195,0.06,0.73,-0.08,0.05,-0.04,0.01,-0.245,0.06,0.73,-0.08,-0.05,0.04
-0.4807434806,0,0.7594907453,0,-0.01249967448,0,0.999921876,-0.3304890539,0,0,0.6698072512,-0.3453181972,0,-0.5806641015,0,0,0.8881641427,0.03649995881,0,0.075,0,-0.055,0.39,0.195,0.06,0.73,-0.08,0.05,-0.04,0.01,-0.245,0.06,0.73,-0.08,-0.05,0.04
-0.4810836021,0,0.7594907453,0,-0.01249967448,0,0.999921876,-0.3310767784,0,0,0.6698018696,-0.3447250913,0,-0.5802356327,0,0,0.8885368547,0.03569877798,0,0.075,0,-0.055,0.39,0.195,0.06,0.73,-0.08,0.05,-0.04,0.01,-0.245,0.06,0.73,-0.08,-0.05,0.04
-0.4815060404,0,0.7594907453,0,-0.01249967448,0,0.999921876,-0.3318053739,0,0,0.6697923959,-0.3439870221,0,-0.5797021438,0,0,0.8889973835,0.0347047603,0,0.075,0,-0.055,0.39,0.195,0.06,0.73,-0.08,0.05,-0.04,0.01,-0.245,0.06,0.73,-0.08,-0.05,0.04
-0.4820160481,0,0.7594907453,0,-0.01249967448,0,0.999921876,-0.3326829783,0,0,0.6697768399,-0.3430938616,0,-0.579056118,0,0,0.8895498569,0.03350626106,0,0.075,0,-0.055,0.39,0.195,0.06,0.73,-0.08,0.05,-0.04,0.01,-0.245,0.06,0.73,-0.08,-0.05,0.04
-0.4826178872,0,0.7594907453,0,-0.01249967448,0,0.999921876,-0.3337157516,0,0,0.6697526872,-0.3420369357,0,-0.5782910346,0,0,0.8901968611,0.03209417351,0,0.075,0,-0.055,0.39,0.195,0.06,0.73,-0.08,0.05,-0.04,0.01,-0.245,0.06,0.73,-0.08,-0.05,0.04
-0.483314869,0,0.7594907453,0,-0.01249967448,0,0.999921876,-0.3349079314,0,0,0.6697168752,-0.3408089438,0,-0.5774013102,0,0,0.8909394663,0.030461844,0,0.075,0,-0.055,0.39,0.195,0.06,0.73,-0.08,0.05,-0.04,0.01,-0.245,0.06,0.73,-0.08,-0.05,0.04
-0.4841093937,0,0.7594907453,0,-0.01249967448,0,0.999921876,-0.3362618978,0,0,0.6696657853,-0.3394038875,0,-0.5763822489,0,0,0.8917772687,0.02860498014,0,0.075,0,-0.055,0.39,0.195,0.06,0.73,-0.08,0.05,-0.04,0.01,-0.245,0.06,0.73,-0.08,-0.05,0.04
-0.4850029897,0,0.7594907453,0,-0.01249967448,0,0.999921876,-0.3377782459,0,0,0.6695952541,-0.3378170083,0,-0.5752300007,0,0,0.8927084487,0.02652155202,0,0.075,0,-0.055,0.39,0.195,0.06,0.73,-0.08,0.05,-0.04,0.01,-0.245,0.06,0.73,-0.08,-0.05,0.04
-0.4859963537,0,0.7594907453,0,-0.01249967448,0,0.999921876,-0.3394558677,0,0,0.6695006024,-0.3360447347,0,-0.5739415304,0,0,0.8937298441,0.02421168635,0,0.075,0,-0.055,0.39,0.195,0.06,0.73,-0.08,0.05,-0.04,0.01,-0.245,0.06,0.73,-0.08,-0.05,0.04
-0.48708939,0,0.7594907453,0,-0.01249967448,0,0.999921876,-0.3412920424,0,0,0.6693766811,-0.3340846387,0,-0.5725145934,0,0,0.8948370394,0.02167755398,0,0.075,0,-0.055,0.39,0.195,0.06,0.73,-0.08,0.05,-0.04,0.01,-0.245,0.06,0.73,-0.08,-0.05,0.04
-0.48828125,0,0.7594907453,0,-0.01249967448,0,0.999921876,-0.3432825339,0,0,0.6692179332,-0.3319353993,0,-0.5709477202,0,0,0.896024469,0.01892325121,0,0.075,0,-0.055,0.39,0.195,0.06,0.73,-0.08,0.05,-0.04,0.01,-0.245,0.06,0.73,-0.08,-0.05,0.04
-0.4895703722,0,0.7594907453,0,-0.01249967448,0,0.999921876,-0.3454216963,0,0,0.6690184709,-0.3295967746,0,-0.5692402077,0,0,0.8972855321,0.01595467556,0,0.075,0,-0.055,0.39,0.195,0.06,0.73,-0.08,0.05,-0.04,0.01,-0.245,0.06,0.73,-0.08,-0.05,0.04
-0.4909545216,0,0.7594907453,0,-0.01249967448,0,0.999921876,-0.3477025854,0,0,0.6687721647,-0.3270695792,0,-0.5673921156,0,0,0.8986127188,0.01277939679,0,0.075,0,-0.055,0.39,0.195,0.06,0.73,-0.08,0.05,-0.04,0.01,-0.245,0.06,0.73,-0.08,-0.05,0.04
-0.4924308293,0,0.7594907453,0,-0.01249967448,0,0.999921876,-0.3501170757,0,0,0.6684727437,-0.324355668,0,-0.5654042683,0,0,0.8999977444,0.009406523877,0,0.075,0,-0.055,0.39,0.195,0.06,0.73,-0.08,0.05,-0.04,0.01,-0.245,0.06,0.73,-0.08,-0.05,0.04
-0.4939958321,0,0.7594907453,0,-0.01249967448,0,0.999921876,-0.3526559818,0,0,0.6681139045,-0.3214579227,0,-0.5632782594,0,0,0.9014316904,0.005846569027,0,0.075,0,-0.055,0.39,0.195,0.06,0.73,-0.08,0.05,-0.04,0.01,-0.245,0.06,0.73,-0.08,-0.05,0.04
-0.4956455122,0,0.7594907453,0,-0.01249967448,0,0.999921876,-0.3553091837,0,0,0.667689426,-0.3183802423,0,-0.5610164588,0,0,0.9029051493,0.002111309546,0,0.075,0,-0.055,0.39,0.195,0.06,0.73,-0.08,0.05,-0.04,0.01,-0.245,0.06,0.73,-0.08,-0.05,0.04
-0.4973753368,0,0.7594907453,0,-0.01249967448,0,0.999921876,-0.3580657542,0,0,0.6671932888,-0.3151275345,0,-0.5586220194,0,0,0.9044083709,-0.001786351472,0,0.075,0,-0.055,0.39,0.195,0.06,0.73,-0.08,0.05,-0.04,0.01,-0.245,0.06,0.73,-0.08,-0.05,0.04
-0.4991802977,0,0.7594907453,0,-0.01249967448,0,0.999921876,-0.3609140874,0,0,0.6666197952,-0.3117057078,0,-0.5560988845,0,0,0.9059314092,-0.005832524692,0,0.075,0,-0.055,0.39,0.195,0.06,0.73,-0.08,0.05,-0.04,0.01,-0.245,0.06,0.73,-0.08,-0.05,0.04
-0.501054951,0,0.7594907453,0,-0.01249967448,0,0.999921876,-0.3638420277,0,0,0.6659636901,-0.3081216624,0,-0.5534517924,0,0,0.9074642658,-0.01001247341,0,0.075,0,-0.055,0.39,0.195,0.06,0.73,-0.08,0.05,-0.04,0.01,-0.245,0.06,0.73,-0.08,-0.05,0.04
-0.5029934564,0,0.7594907453,0,-0.01249967448,0,0.999921876,-0.3668369979,0,0,0.6652202776,-0.3043832797,0,-0.5506862782,0,0,0.9089970291,-0.01431075092,0,0.075,0,-0.055,0.39,0.195,0.06,0.73,-0.08,0.05,-0.04,0.01,-0.245,0.06,0.73,-0.08,-0.05,0.04
-0.5049896172,0,0.7594907453,0,-0.01249967448,0,0.999921876,-0.369886126,0,0,0.6643855341,-0.3004994081,0,-0.5478086717,0,0,0.9105200072,-0.01871133551,0,0.075,0,-0.055,0.39,0.195,0.06,0.73,-0.08,0.05,-0.04,0.01,-0.245,0.06,0.73,-0.08,-0.05,0.04
-0.5070369199,0,0.7594907453,0,-0.01249967448,0,0.999921876,-0.3729763678,0,0,0.6634562134,-0.2964798456,0,-0.54482609,0,0,0.9120238524,-0.02319776234,0,0.075,0,-0.055,0.39,0.195,0.06,0.73,-0.08,0.05,-0.04,0.01,-0.245,0.06,0.73,-0.08,-0.05,0.04
-0.5091285734,0,0.7594907453,0,-0.01249967448,0,0.999921876,-0.3760946274,0,0,0.6624299443,-0.2923353169,0,-0.5417464249,0,0,0.9134996765,-0.02775325161,0,0.075,0,-0.055,0.39,0.195,0.06,0.73,-0.08,0.05,-0.04,0.01,-0.245,0.06,0.73,-0.08,-0.05,0.04
-0.5112575492,0,0.7594907453,0,-0.01249967448,0,0.999921876,-0.379227872,0,0,0.6613053171,-0.2880774451,0,-0.5385783226,0,0,0.9149391548,-0.03236083217,0,0.075,0,-0.055,0.39,0.195,0.06,0.73,-0.08,0.05,-0.04,0.01,-0.245,0.06,0.73,-0.08,-0.05,0.04
-0.5134166204,0,0.7594907453,0,-0.01249967448,0,0.999921876,-0.3823632413,0,0,0.6600819585,-0.2837187171,0,-0.5353311578,0,0,0.916334618,-0.03700346025,0,0.075,0,-0.055,0.39,0.195,0.06,0.73,-0.08,0.05,-0.04,0.01,-0.245,0.06,0.73,-0.08,-0.05,0.04
-0.5155984018,0,0.7594907453,0,-0.01249967448,0,0.999921876,-0.3854881513,0,0,0.6587605936,-0.2792724423,0,-0.5320149992,0,0,0.9176791318,-0.04166413265,0,0.075,0,-0.055,0.39,0.195,0.06,0.73,-0.08,0.05,-0.04,0.01,-0.245,0.06,0.73,-0.08,-0.05,0.04
-0.5177953895,0,0.7594907453,0,-0.01249967448,0,0.999921876,-0.3885903901,0,0,0.6573430934,-0.2747527033,0,-0.5286405678,0,0,0.918966562,-0.04632599412,0,0.075,0,-0.055,0.39,0.195,0.06,0.73,-0.08,0.05,-0.04,0.01,-0.245,0.06,0.73,-0.08,-0.05,0.04
-0.52,0,0.7594907453,0,-0.01249967448,0,0.999921876,-0.3916582069,0,0,0.6558325065,-0.2701742996,0,-0.5252191874,0,0,0.9201916259,-0.05097243844,0,0.075,0,-0.055,0.39,0.195,0.06,0.73,-0.08,0.05,-0.04,0.01,-0.245,0.06,0.73,-0.08,-0.05,0.04
-0.5222046105,0,0.7594907453,0,-0.01249967448,0,0.999921876,-0.3946803922,0,0,0.6542330745,-0.2655526823,0,-0.5217627266,0,0,0.9213499296,-0.05558720304,0,0.075,0,-0.055,0.39,0.195,0.06,0.73,-0.08,0.05,-0.04,0.01,-0.245,0.06,0.73,-0.08,-0.05,0.04
-0.5244015982,0,0.7594907453,0,-0.01249967448,0,0.999921876,-0.3976463498,0,0,0.6525502308,-0.260903881,0,-0.5182835337,0,0,0.9224379906,-0.06015445697,0,0.075,0,-0.055,0.39,0.195,0.06,0.73,-0.08,0.05,-0.04,0.01,-0.245,0.06,0.73,-0.08,-0.05,0.04
-0.5265833796,0,0.7594907453,0,-0.01249967448,0,0.999921876,-0.4005461589,0,0,0.6507905809,-0.256244422,0,-0.5147943636,0,0,0.9234532457,-0.06465888207,0,0.075,0,-0.055,0.39,0.195,0.06,0.73,-0.08,0.05,-0.04,0.01,-0.245,0.06,0.73,-0.08,-0.05,0.04
-0.5287424508,0,0.7594907453,0,-0.01249967448,0,0.999921876,-0.4033706273,0,0,0.648961865,-0.2515912377,0,-0.5113082975,0,0,0.9243940449,-0.0690857474,0,0.075,0,-0.055,0.39,0.195,0.06,0.73,-0.08,0.05,-0.04,0.01,-0.245,0.06,0.73,-0.08,-0.05,0.04
-0.5308714266,0,0.7594907453,0,-0.01249967448,0,0.999921876,-0.4061113344,0,0,0.6470729019,-0.2469615674,0,-0.5078386556,0,0,0.9252596325,-0.07342097687,0,0.075,0,-0.055,0.39,0.195,0.06,0.73,-0.08,0.05,-0.04,0.01,-0.245,0.06,0.73,-0.08,-0.05,0.04
-0.5329630801,0,0.7594907453,0,-0.01249967448,0,0.999921876,-0.4087606646,0,0,0.6451335142,-0.2423728496,0,-0.5043989034,0,0,0.9260501138,-0.07765121041,0,0.075,0,-0.055,0.39,0.195,0.06,0.73,-0.08,0.05,-0.04,0.01,-0.245,0.06,0.73,-0.08,-0.05,0.04
-0.5350103828,0,0.7594907453,0,-0.01249967448,0,0.999921876,-0.4113118303,0,0,0.643154436,-0.2378426057,0,-0.5010025522,0,0,0.926766411,-0.0817638588,0,0.075,0,-0.055,0.39,0.195,0.06,0.73,-0.08,0.05,-0.04,0.01,-0.245,0.06,0.73,-0.08,-0.05,0.04
-0.5370065436,0,0.7594907453,0,-0.01249967448,0,0.999921876,-0.4137588861,0,0,0.6411472018,-0.2333883157,0,-0.4976630542,0,0,0.9274102067,-0.08574715253,0,0.075,0,-0.055,0.39,0.195,0.06,0.73,-0.08,0.05,-0.04,0.01,-0.245,0.06,0.73,-0.08,-0.05,0.04
-0.538945049,0,0.7594907453,0,-0.01249967448,0,0.999921876,-0.4160967322,0,0,0.6391240182,-0.229027286,0,-0.4943936932,0,0,0.9279838785,-0.0895901852,0,0.075,0,-0.055,0.39,0.195,0.06,0.73,-0.08,0.05,-0.04,0.01,-0.245,0.06,0.73,-0.08,-0.05,0.04
-0.5408197023,0,0.7594907453,0,-0.01249967448,0,0.999921876,-0.4183211102,0,0,0.6370976202,-0.22477651,0,-0.4912074716,0,0,0.9284904237,-0.09328295201,0,0.075,0,-0.055,0.39,0.195,0.06,0.73,-0.08,0.05,-0.04,0.01,-0.245,0.06,0.73,-0.08,-0.05,0.04
-0.5426246632,0,0.7594907453,0,-0.01249967448,0,0.999921876,-0.4204285896,0,0,0.6350811112,-0.2206525216,0,-0.4881169937,0,0,0.9289333775,-0.09681638379,0,0.075,0,-0.055,0.39,0.195,0.06,0.73,-0.08,0.05,-0.04,0.01,-0.245,0.06,0.73,-0.08,-0.05,0.04
-0.5443544878,0,0.7594907453,0,-0.01249967448,0,0.999921876,-0.4224165474,0,0,0.6330877908,-0.2166712435,0,-0.4851343472,0,0,0.9293167248,-0.1001823776,0,0.075,0,-0.055,0.39,0.195,0.06,0.73,-0.08,0.05,-0.04,0.01,-0.245,0.06,0.73,-0.08,-0.05,0.04
-0.5460041679,0,0.7594907453,0,-0.01249967448,0,0.999921876,-0.4242831406,0,0,0.63113097,-0.2128478295,0,-0.4822709837,0,0,0.9296448084,-0.1033738247,0,0.075,0,-0.055,0.39,0.195,0.06,0.73,-0.08,0.05,-0.04,0.01,-0.245,0.06,0.73,-0.08,-0.05,0.04
-0.5475691707,0,0.7594907453,0,-0.01249967448,0,0.999921876,-0.4260272745,0,0,0.6292237783,-0.2091965037,0,-0.4795375979,0,0,0.9299222337,-0.1063846358,0,0.075,0,-0.055,0.39,0.195,0.06,0.73,-0.08,0.05,-0.04,0.01,-0.245,0.06,0.73,-0.08,-0.05,0.04
-0.5490454784,0,0.7594907453,0,-0.01249967448,0,0.999921876,-0.4276485666,0,0,0.6273789632,-0.2057303966,0,-0.4769440073,0,0,0.9301537742,-0.1092097669,0,0.075,0,-0.055,0.39,0.195,0.06,0.73,-0.08,0.05,-0.04,0.01,-0.245,0.06,0.73,-0.08,-0.05,0.04
-0.5504296278,0,0.7594907453,0,-0.01249967448,0,0.999921876,-0.4291473082,0,0,0.6256086874,-0.2024613792,0,-0.4744990336,0,0,0.9303442772,-0.1118452436,0,0.075,0,-0.055,0.39,0.195,0.06,0.73,-0.08,0.05,-0.04,0.01,-0.245,0.06,0.73,-0.08,-0.05,0.04
-0.55171875,0,0.7594907453,0,-0.01249967448,0,0.999921876,-0.4305244263,0,0,0.6239243247,-0.1993998984,0,-0.4722103855,0,0,0.9304985729,-0.1142881874,0,0.075,0,-0.055,0.39,0.195,0.06,0.73,-0.08,0.05,-0.04,0.01,-0.245,0.06,0.73,-0.08,-0.05,0.04
-0.55291061,0,0.7594907453,0,-0.01249967448,0,0.999921876,-0.4317814464,0,0,0.6223362592,-0.1965548127,0,-0.4700845448,0,0,0.9306213888,-0.116536844,0,0.075,0,-0.055,0.39,0.195,0.06,0.73,-0.08,0.05,-0.04,0.01,-0.245,0.06,0.73,-0.08,-0.05,0.04
-0.5540036463,0,0.7594907453,0,-0.01249967448,0,0.999921876,-0.4329204594,0,0,0.6208536914,-0.1939332321,0,-0.468126656,0,0,0.9307172703,-0.1185906143,0,0.075,0,-0.055,0.39,0.195,0.06,0.73,-0.08,0.05,-0.04,0.01,-0.245,0.06,0.73,-0.08,-0.05,0.04
-0.5549970103,0,0.7594907453,0,-0.01249967448,0,0.999921876,-0.4339440928,0,0,0.619484455,-0.1915403623,0,-0.4663404205,0,0,0.9307905106,-0.1204500901,0,0.075,0,-0.055,0.39,0.195,0.06,0.73,-0.08,0.05,-0.04,0.01,-0.245,0.06,0.73,-0.08,-0.05,0.04
-0.5558906063,0,0.7594907453,0,-0.01249967448,0,0.999921876,-0.4348554904,0,0,0.6182348463,-0.1893793558,0,-0.4647279955,0,0,0.9308450897,-0.1221170943,0,0.075,0,-0.055,0.39,0.195,0.06,0.73,-0.08,0.05,-0.04,0.01,-0.245,0.06,0.73,-0.08,-0.05,0.04
-0.556685131,0,0.7594907453,0,-0.01249967448,0,0.999921876,-0.4356583006,0,0,0.6171094716,-0.1874511711,0,-0.4632898993,0,0,0.9308846264,-0.123594727,0,0.075,0,-0.055,0.39,0.195,0.06,0.73,-0.08,0.05,-0.04,0.01,-0.245,0.06,0.73,-0.08,-0.05,0.04
-0.5573821128,0,0.7594907453,0,-0.01249967448,0,0.999921876,-0.4363566742,0,0,0.6161111145,-0.1857544403,0,-0.4620249224,0,0,0.9309123408,-0.1248874183,0,0.075,0,-0.055,0.39,0.195,0.06,0.73,-0.08,0.05,-0.04,0.01,-0.245,0.06,0.73,-0.08,-0.05,0.04
-0.5579839519,0,0.7594907453,0,-0.01249967448,0,0.999921876,-0.4369552759,0,0,0.6152406245,-0.1842853485,0,-0.4609300447,0,0,0.9309310326,-0.1260009879,0,0.075,0,-0.055,0.39,0.195,0.06,0.73,-0.08,0.05,-0.04,0.01,-0.245,0.06,0.73,-0.08,-0.05,0.04
-0.5584939596,0,0.7594907453,0,-0.01249967448,0,0.999921876,-0.437459307,0,0,0.61449683,-0.183037523,0,-0.46000036,0,0,0.9309430716,-0.1269427116,0,0.075,0,-0.055,0.39,0.195,0.06,0.73,-0.08,0.05,-0.04,0.01,-0.245,0.06,0.73,-0.08,-0.05,0.04
-0.5589163979,0,0.7594907453,0,-0.01249967448,0,0.999921876,-0.4378745411,0,0,0.613876476,-0.1820019349,0,-0.4592290074,0,0,0.9309504035,-0.1277213961,0,0.075,0,-0.055,0.39,0.195,0.06,0.73,-0.08,0.05,-0.04,0.01,-0.245,0.06,0.73,-0.08,-0.05,0.04
-0.5592565194,0,0.7594907453,0,-0.01249967448,0,0.999921876,-0.438207374,0,0,0.6133741854,-0.1811668114,0,-0.4586071084,0,0,0.9309545684,-0.12834746,0,0.075,0,-0.055,0.39,0.195,0.06,0.73,-0.08,0.05,-0.04,0.01,-0.245,0.06,0.73,-0.08,-0.05,0.04
-0.5595206067,0,0.7594907453,0,-0.01249967448,0,0.999921876,-0.4384648842,0,0,0.6129824435,-0.1805175593,0,-0.4581237106,0,0,0.9309567328,-0.1288330222,0,0.075,0,-0.055,0.39,0.195,0.06,0.73,-0.08,0.05,-0.04,0.01,-0.245,0.06,0.73,-0.08,-0.05,0.04
-0.5597160118,0,0.7594907453,0,-0.01249967448,0,0.999921876,-0.4386549055,0,0,0.6126916035,-0.1800366979,0,-0.4577657368,0,0,0.9309577325,-0.1291919957,0,0.075,0,-0.055,0.39,0.195,0.06,0.73,-0.08,0.05,-0.04,0.01,-0.245,0.06,0.73,-0.08,-0.05,0.04
-0.5598511963,0,0.7594907453,0,-0.01249967448,0,0.999921876,-0.4387861076,0,0,0.6124899071,-0.1797037996,0,-0.4575179379,0,0,0.9309581246,-0.1294401868,0,0.075,0,-0.055,0.39,0.195,0.06,0.73,-0.08,0.05,-0.04,0.01,-0.245,0.06,0.73,-0.08,-0.05,0.04
-0.5599357705,0,0.7594907453,0,-0.01249967448,0,0.999921876,-0.4388680829,0,0,0.6123635184,-0.1794954355,0,-0.4573628487,0,0,0.9309582454,-0.1295953967,0,0.075,0,-0.055,0.39,0.195,0.06,0.73,-0.08,0.05,-0.04,0.01,-0.245,0.06,0.73,-0.08,-0.05,0.04
-0.5599805333,0,0.7594907453,0,-0.01249967448,0,0.999921876,-0.4389114367,0,0,0.6122965611,-0.1793851244,0,-0.4572807454,0,0,0.9309582705,-0.1296775251,0,0.075,0,-0.055,0.39,0.195,0.06,0.73,-0.08,0.05,-0.04,0.01,-0.245,0.06,0.73,-0.08,-0.05,0.04
-0.5599975115,0,0.7594907453,0,-0.01249967448,0,0.999921876,-0.4389278745,0,0,0.612271153,-0.1793432785,0,-0.4572496006,0,0,0.930958273,-0.1297086724,0,0.075,0,-0.055,0.39,0.195,0.06,0.73,-0.08,0.05,-0.04,0.01,-0.245,0.06,0.73,-0.08,-0.05,0.04
-0.56,0,0.7594907453,0,-0.01249967448,0,0.999921876,-0.4389302835,0,0,0.6122674285,-0.179337145,0,-0.4572450356,0,0,0.930958273,-0.1297132375,0,0.075,0,-0.055,0.39,0.195,0.06,0.73,-0.08,0.05,-0.04,0.01,-0.245,0.06,0.73,-0.08,-0.05,0.04
-0.56,0,0.7594907453,0,-0.01249967448,0,0.999921876,-0.4390804343,0,0,0.6125601608,-0.1791730302,0,-0.4571478197,0,0,0.9307597666,-0.1299186432,0,0.07486855872,0,-0.055,0.3896670154,0.1950438138,0.05989484697,0.73,-0.07985979597,0.04991237248,-0.03992989798,0.01033298458,-0.2449561862,0.05989484697,0.73,-0.07985979597,-0.04991237248,0.03992989798
-0.56,0,0.7594907453,0,-0.01249967448,0,0.999921876,-0.4400469145,0,0,0.6144442445,-0.1781132709,0,-0.4565205735,0,0,0.9294789934,-0.131242479,0,0.07402111753,0,-0.055,0.3875201644,0.1953262942,0.05921689403,0.73,-0.0789558587,0.04934741169,-0.03947792935,0.01247983558,-0.2446737058,0.05921689403,0.73,-0.0789558587,-0.04934741169,0.03947792935
-0.56,0,0.7594907453,0,-0.01249967448,0,0.999921876,-0.4424178517,0,0,0.6190650755,-0.1754886219,0,-0.4549708334,0,0,0.9263146551,-0.1345024236,0,0.07193202774,0,-0.055,0.3822278036,0.1960226574,0.05754562219,0.73,-0.07672749626,0.04795468516,-0.03836374813,0.01777219638,-0.2439773426,0.05754562219,0.73,-0.07672749626,-0.04795468516,0.03836374813
-0.56,0,0.7594907453,0,-0.01249967448,0,0.999921876,-0.4465414643,0,0,0.6270979095,-0.1708396847,0,-0.4522379091,0,0,0.9207346851,-0.1402135365,0,0.06826424549,0,-0.055,0.3729360886,0.1972452515,0.05461139639,0.73,-0.07281519519,0.04550949699,-0.03640759759,0.02706391143,-0.2427547485,0.05461139639,0.73,-0.07281519519,-0.04550949699,0.03640759759
-0.56,0,0.7594907453,0,-0.01249967448,0,0.999921876,-0.4525430416,0,0,0.6387802265,-0.1638833948,0,-0.4481738108,0,0,0.9124373744,-0.1486173536,0,0.06284837567,0,-0.055,0.359215885,0.1990505414,0.05027870054,0.73,-0.06703826738,0.04189891711,-0.03351913369,0.04078411497,-0.2409494586,0.05027870054,0.73,-0.06703826738,-0.04189891711,0.03351913369
-0.56,0,0.7594907453,0,-0.01249967448,0,0.999921876,-0.460354747,0,0,0.6539703082,-0.1544928983,0,-0.4427267079,0,0,0.9013176029,-0.1597135579,0,0.05566171585,0,-0.055,0.3410096802,0.2014460947,0.04452937268,0.73,-0.05937249691,0.03710781057,-0.02968624846,0.05899031984,-0.2385539053,0.04452937268,0.73,-0.05937249691,-0.03710781057,0.02968624846
-0.56,0,0.7594907453,0,-0.01249967448,0,0.999921876,-0.4697568472,0,0,0.6722292095,-0.1426893961,0,-0.4359273684,0,0,0.8874390917,-0.1732946895,0,0.04680730017,0,-0.055,0.3185784938,0.2043975666,0.03744584014,0.73,-0.04992778685,0.03120486678,-0.02496389343,0.08142150623,-0.2356024334,0.03744584014,0.73,-0.04992778685,-0.03120486678,0.02496389343
-0.56,0,0.7594907453,0,-0.01249967448,0,0.999921876,-0.4804240927,0,0,0.6929133398,-0.128639448,0,-0.4278783866,0,0,0.8710122882,-0.1889837007,0,0.03649294323,0,-0.055,0.2924487895,0.2078356856,0.02919435458,0.73,-0.03892580611,0.02432862882,-0.01946290306,0.1075512105,-0.2321643144,0.02919435458,0.73,-0.03892580611,-0.02432862882,0.01946290306
-0.56,0,0.7594907453,0,-0.01249967448,0,0.999921876,-0.4919700455,0,0,0.7152629624,-0.1126502463,0,-0.418745656,0,0,0.8523767993,-0.2062738139,0,0.02501028401,0,-0.055,0.2633593862,0.2116632387,0.02000822721,0.73,-0.02667763628,0.01667352267,-0.01333881814,0.1366406138,-0.2283367613,0.02000822721,0.73,-0.02667763628,-0.01667352267,0.01333881814
-0.56,0,0.7594907453,0,-0.01249967448,0,0.999921876,-0.5039842985,0,0,0.7384762634,-0.09515756773,0,-0.4087513256,0,0,0.8319868407,-0.2245699123,0,0.01271382978,0,-0.055,0.2322083688,0.2157620567,0.01017106382,0.73,-0.01356141843,0.00847588652,-0.006780709216,0.1677916312,-0.2242379433,0.01017106382,0.73,-0.01356141843,-0.00847588652,0.006780709216
-0.56,0,0.7594907453,0,-0.01249967448,0,0.999921876,-0.51606069,0,0,0.7617650653,-0.07670437529,0,-0.3981672731,0,0,0.8103977561,-0.243230483,0,2.498001805e-17,0,-0.055,0.2,0.22,1.998401444e-17,0.73,-2.664535259e-17,1.665334537e-17,-1.33226763e-17,0.2,-0.22,1.998401444e-17,0.73,-2.664535259e-17,-1.665334537e-17,1.33226763e-17
-0.56,0,0.7594907453,0,-0.01249967448,0,0.999921876,-0.5278171587,0,0,0.7843934284,-0.05791066691,0,-0.3873078835,0,0,0.7882511556,-0.2616088749,0,-0.01271382978,0,-0.055,0.1677916312,0.2242379433,-0.01017106382,0.73,0.01356141843,-0.00847588652,0.006780709216,0.2322083688,-0.2157620567,-0.01017106382,0.73,0.01356141843,0.00847588652,-0.006780709216
-0.56,0,0.7594907453,0,-0.01249967448,0,0.999921876,-0.5389092169,0,0,0.8057031068,-0.0394365606,0,-0.3765206374,0,0,0.7662556423,-0.2790923343,0,-0.02501028401,0,-0.055,0.1366406138,0.2283367613,-0.02000822721,0.73,0.02667763628,-0.01667352267,0.01333881814,0.2633593862,-0.2116632387,-0.02000822721,0.73,0.02667763628,0.01667352267,-0.01333881814
-0.56,0,0.7594907453,0,-0.01249967448,0,0.999921876,-0.5490393424,0,0,0.8251305046,-0.02194096139,0,-0.3661727689,0,0,0.7451595931,-0.2951370251,0,-0.03649294323,0,-0.055,0.1075512105,0.2321643144,-0.02919435458,0.73,0.03892580611,-0.02432862882,0.01946290306,0.2924487895,-0.2078356856,-0.02919435458,0.73,0.03892580611,0.02432862882,-0.01946290306
-0.56,0,0.7594907453,0,-0.01249967448,0,0.999921876,-0.557964357,0,0,0.8422193333,-0.006037942531,0,-0.356632231,0,0,0.7257124074,-0.3092972102,0,-0.04680730017,0,-0.055,0.08142150623,0.2356024334,-0.03744584014,0.73,0.04992778685,-0.03120486678,0.02496389343,0.3185784938,-0.2043975666,-0.03744584014,0.73,0.04992778685,0.03120486678,-0.02496389343
-0.56,0,0.7594907453,0,-0.01249967448,0,0.999921876,-0.5655024354,0,0,0.8566323432,0.00774742919,0,-0.3482416813,0,0,0.7086115986,-0.3212472544,0,-0.05566171585,0,-0.055,0.05899031984,0.2385539053,-0.04452937268,0.73,0.05937249691,-0.03710781057,0.02968624846,0.3410096802,-0.2014460947,-0.04452937268,0.73,0.05937249691,0.03710781057,-0.02968624846
-0.56,0,0.7594907453,0,-0.01249967448,0,0.999921876,-0.5715409892,0,0,0.868164725,0.0190224741,0,-0.3412854392,0,0,0.6944356171,-0.3307963879,0,-0.06284837567,0,-0.055,0.04078411497,0.2409494586,-0.05027870054,0.73,0.06703826738,-0.04189891711,0.03351913369,0.359215885,-0.1990505414,-0.05027870054,0.73,0.06703826738,0.04189891711,-0.03351913369
-0.56,0,0.7594907453,0,-0.01249967448,0,0.999921876,-0.5760463708,0,0,0.8767611849,0.02756842536,0,-0.3359513883,0,0,0.6835663976,-0.3378982488,0,-0.06826424549,0,-0.055,0.02706391143,0.2427547485,-0.05461139639,0.73,0.07281519519,-0.04550949699,0.03640759759,0.3729360886,-0.1972452515,-0.05461139639,0.73,0.07281519519,0.04550949699,-0.03640759759
-0.56,0,0.7594907453,0,-0.01249967448,0,0.999921876,-0.5790761135,0,0,0.8825382525,0.03337925906,0,-0.3322920365,0,0,0.6761101783,-0.3426595399,0,-0.07193202774,0,-0.055,0.01777219638,0.2439773426,-0.05754562219,0.73,0.07672749626,-0.04795468516,0.03836374813,0.3822278036,-0.1960226574,-0.05754562219,0.73,0.07672749626,0.04795468516,-0.03836374813
-0.56,0,0.7594907453,0,-0.01249967448,0,0.999921876,-0.5807942129,0,0,0.8858129313,0.03669722244,0,-0.3301902186,0,0,0.6718277237,-0.3453534461,0,-0.07402111753,0,-0.055,0.01247983558,0.2446737058,-0.05921689403,0.73,0.0789558587,-0.04934741169,0.03947792935,0.3875201644,-0.1953262942,-0.05921689403,0.73,0.0789558587,0.04934741169,-0.03947792935
-0.56,0,0.7594907453,0,-0.01249967448,0,0.999921876,-0.5814896126,0,0,0.8871380738,0.03804484248,0,-0.3293339139,0,0,0.6700830371,-0.3464424269,0,-0.07486855872,0,-0.055,0.01033298458,0.2449561862,-0.05989484697,0.73,0.07985979597,-0.04991237248,0.03992989798,0.3896670154,-0.1950438138,-0.05989484697,0.73,0.07985979597,0.04991237248,-0.03992989798
-0.56,0,0.7594907453,0,-0.01249967448,0,0.999921876,-0.5815973921,0,0,0.8873434421,0.03825395004,0,-0.3292009047,0,0,0.669812038,-0.3466111333,0,-0.075,0,-0.055,0.01,0.245,-0.06,0.73,0.08,-0.05,0.04,0.39,-0.195,-0.06,0.73,0.08,0.05,-0.04
-0.5600024885,0,0.7594907453,0,-0.01249967448,0,0.999921876,-0.5815942759,0,0,0.8873462027,0.0382480732,0,-0.3292052241,0,0,0.6698120379,-0.3466068139,0,-0.075,0,-0.055,0.01,0.245,-0.06,0.73,0.08,-0.05,0.04,0.39,-0.195,-0.06,0.73,0.08,0.05,-0.04
-0.5600194667,0,0.7594907453,0,-0.01249967448,0,0.999921876,-0.5815730135,0,0,0.8873650354,0.0382079781,0,-0.3292346926,0,0,0.6698120347,-0.3465773421,0,-0.075,0,-0.055,0.01,0.245,-0.06,0.73,0.08,-0.05,0.04,0.39,-0.195,-0.06,0.73,0.08,0.05,-0.04
-0.5600642295,0,0.7594907453,0,-0.01249967448,0,0.999921876,-0.5815169444,0,0,0.8874146667,0.0381022776,0,-0.3293123738,0,0,0.6698120023,-0.3464996285,0,-0.075,0,-0.055,0.01,0.245,-0.06,0.73,0.08,-0.05,0.04,0.39,-0.195,-0.06,0.73,0.08,0.05,-0.04
-0.5601488037,0,0.7594907453,0,-0.01249967448,0,0.999921876,-0.581410963,0,0,0.8875083583,0.03790260465,0,-0.3294590972,0,0,0.6698118463,-0.346352749,0,-0.075,0,-0.055,0.01,0.245,-0.06,0.73,0.08,-0.05,0.04,0.39,-0.195,-0.06,0.73,0.08,0.05,-0.04
-0.5602839882,0,0.7594907453,0,-0.01249967448,0,0.999921876,-0.5812414387,0,0,0.8876578954,0.03758354332,0,-0.3296934956,0,0,0.6698113396,-0.346117844,0,-0.075,0,-0.055,0.01,0.245,-0.06,0.73,0.08,-0.05,0.04,0.39,-0.195,-0.06,0.73,0.08,0.05,-0.04
-0.5604793933,0,0.7594907453,0,-0.01249967448,0,0.999921876,-0.5809961306,0,0,0.8878735668,0.03712256385,0,-0.3300320366,0,0,0.6698100478,-0.3457780112,0,-0.075,0,-0.055,0.01,0.245,-0.06,0.73,0.08,-0.05,0.04,0.39,-0.195,-0.06,0.73,0.08,0.05,-0.04
-0.5607434806,0,0.7594907453,0,-0.01249967448,0,0.999921876,-0.5806641015,0,0,0.8881641427,0.03649995881,0,-0.3304890539,0,0,0.6698072512,-0.3453181972,0,-0.075,0,-0.055,0.01,0.245,-0.06,0.73,0.08,-0.05,0.04,0.39,-0.195,-0.06,0.73,0.08,0.05,-0.04
-0.5610836021,0,0.7594907453,0,-0.01249967448,0,0.999921876,-0.5802356327,0,0,0.8885368547,0.03569877798,0,-0.3310767784,0,0,0.6698018696,-0.3447250913,0,-0.075,0,-0.055,0.01,0.245,-0.06,0.73,0.08,-0.05,0.04,0.39,-0.195,-0.06,0.73,0.08,0.05,-0.04
-0.5615060404,0,0.7594907453,0,-0.01249967448,0,0.999921876,-0.5797021438,0,0,0.8889973835,0.0347047603,0,-0.3318053739,0,0,0.6697923959,-0.3439870221,0,-0.075,0,-0.055,0.01,0.245,-0.06,0.73,0.08,-0.05,0.04,0.39,-0.195,-0.06,0.73,0.08,0.05,-0.04
-0.5620160481,0,0.7594907453,0,-0.01249967448,0,0.999921876,-0.579056118,0,0,0.8895498569,0.03350626106,0,-0.3326829783,0,0,0.6697768399,-0.3430938616,0,-0.075,0,-0.055,0.01,0.245,-0.06,0.73,0.08,-0.05,0.04,0.39,-0.195,-0.06,0.73,0.08,0.05,-0.04
-0.5626178872,0,0.7594907453,0,-0.01249967448,0,0.999921876,-0.5782910346,0,0,0.8901968611,0.03209417351,0,-0.3337157516,0,0,0.6697526872,-0.3420369357,0,-0.075,0,-0.055,0.01,0.245,-0.06,0.73,0.08,-0.05,0.04,0.39,-0.195,-0.06,0.73,0.08,0.05,-0.04
-0.563314869,0,0.7594907453,0,-0.01249967448,0,0.999921876,-0.5774013102,0,0,0.8909394663,0.030461844,0,-0.3349079314,0,0,0.6697168752,-0.3408089438,0,-0.075,0,-0.055,0.01,0.245,-0.06,0.73,0.08,-0.05,0.04,0.39,-0.195,-0.06,0.73,0.08,0.05,-0.04
-0.5641093937,0,0.7594907453,0,-0.01249967448,0,0.999921876,-0.5763822489,0,0,0.8917772687,0.02860498014,0,-0.3362618978,0,0,0.6696657853,-0.3394038875,0,-0.075,0,-0.055,0.01,0.245,-0.06,0.73,0.08,-0.05,0.04,0.39,-0.195,-0.06,0.73,0.08,0.05,-0.04
-0.5650029897,0,0.7594907453,0,-0.01249967448,0,0.999921876,-0.5752300007,0,0,0.8927084487,0.02652155202,0,-0.3377782459,0,0,0.6695952541,-0.3378170083,0,-0.075,0,-0.055,0.01,0.245,-0.06,0.73,0.08,-0.05,0.04,0.39,-0.195,-0.06,0.73,0.08,0.05,-0.04
-0.5659963537,0,0.7594907453,0,-0.01249967448,0,0.999921876,-0.5739415304,0,0,0.8937298441,0.02421168635,0,-0.3394558677,0,0,0.6695006024,-0.3360447347,0,-0.075,0,-0.055,0.01,0.245,-0.06,0.73,0.08,-0.05,0.04,0.39,-0.195,-0.06,0.73,0.08,0.05,-0.04
-0.56708939,0,0.7594907453,0,-0.01249967448,0,0.999921876,-0.5725145934,0,0,0.8948370394,0.02167755398,0,-0.3412920424,0,0,0.6693766811,-0.3340846387,0,-0.075,0,-0.055,0.01,0.245,-0.06,0.73,0.08,-0.05,0.04,0.39,-0.195,-0.06,0.73,0.08,0.05,-0.04
-0.56828125,0,0.7594907453,0,-0.01249967448,0,0.999921876,-0.5709477202,0,0,0.896024469,0.01892325121,0,-0.3432825339,0,0,0.6692179332,-0.3319353993,0,-0.075,0,-0.055,0.01,0.245,-0.06,0.73,0.08,-0.05,0.04,0.39,-0.195,-0.06,0.73,0.08,0.05,-0.04
-0.5695703722,0,0.7594907453,0,-0.01249967448,0,0.999921876,-0.5692402077,0,0,0.8972855321,0.01595467556,0,-0.3454216963,0,0,0.6690184709,-0.3295967746,0,-0.075,0,-0.055,0.01,0.245,-0.06,0.73,0.08,-0.05,0.04,0.39,-0.195,-0.06,0.73,0.08,0.05,-0.04
-0.5709545216,0,0.7594907453,0,-0.01249967448,0,0.999921876,-0.5673921156,0,0,0.8986127188,0.01277939679,0,-0.3477025854,0,0,0.6687721647,-0.3270695792,0,-0.075,0,-0.055,0.01,0.245,-0.06,0.73,0.08,-0.05,0.04,0.39,-0.195,-0.06,0.73,0.08,0.05,-0.04
-0.5724308293,0,0.7594907453,0,-0.01249967448,0,0.999921876,-0.5654042683,0,0,0.8999977444,0.009406523877,0,-0.3501170757,0,0,0.6684727437,-0.324355668,0,-0.075,0,-0.055,0.01,0.245,-0.06,0.73,0.08,-0.05,0.04,0.39,-0.195,-0.06,0.73,0.08,0.05,-0.04
-0.5739958321,0,0.7594907453,0,-0.01249967448,0,0.999921876,-0.5632782594,0,0,0.9014316904,0.005846569027,0,-0.3526559818,0,0,0.6681139045,-0.3214579227,0,-0.075,0,-0.055,0.01,0.245,-0.06,0.73,0.08,-0.05,0.04,0.39,-0.195,-0.06,0.73,0.08,0.05,-0.04
-0.5756455122,0,0.7594907453,0,-0.01249967448,0,0.999921876,-0.5610164588,0,0,0.9029051493,0.002111309546,0,-0.3553091837,0,0,0.667689426,-0.3183802423,0,-0.075,0,-0.055,0.01,0.245,-0.06,0.73,0.08,-0.05,0.04,0.39,-0.195,-0.06,0.73,0.08,0.05,-0.04
-0.5773753368,0,0.7594907453,0,-0.01249967448,0,0.999921876,-0.5586220194,0,0,0.9044083709,-0.001786351472,0,-0.3580657542,0,0,0.6671932888,-0.3151275345,0,-0.075,0,-0.055,0.01,0.245,-0.06,0.73,0.08,-0.05,0.04,0.39,-0.195,-0.06,0.73,0.08,0.05,-0.04
-0.5791802977,0,0.7594907453,0,-0.01249967448,0,0.999921876,-0.5560988845,0,0,0.9059314092,-0.005832524692,0,-0.3609140874,0,0,0.6666197952,-0.3117057078,0,-0.075,0,-0.055,0.01,0.245,-0.06,0.73,0.08,-0.05,0.04,0.39,-0.195,-0.06,0.73,0.08,0.05,-0.04
-0.581054951,0,0.7594907453,0,-0.01249967448,0,0.999921876,-0.5534517924,0,0,0.9074642658,-0.01001247341,0,-0.3638420277,0,0,0.6659636901,-0.3081216624,0,-0.075,0,-0.055,0.01,0.245,-0.06,0.73,0.08,-0.05,0.04,0.39,-0.195,-0.06,0.73,0.08,0.05,-0.04
-0.5829934564,0,0.7594907453,0,-0.01249967448,0,0.999921876,-0.5506862782,0,0,0.9089970291,-0.01431075092,0,-0.3668369979,0,0,0.6652202776,-0.3043832797,0,-0.075,0,-0.055,0.01,0.245,-0.06,0.73,0.08,-0.05,0.04,0.39,-0.195,-0.06,0.73,0.08,0.05,-0.04
-0.5849896172,0,0.7594907453,0,-0.01249967448,0,0.999921876,-0.5478086717,0,0,0.9105200072,-0.01871133551,0,-0.369886126,0,0,0.6643855341,-0.3004994081,0,-0.075,0,-0.055,0.01,0.245,-0.06,0.73,0.08,-0.05,0.04,0.39,-0.195,-0.06,0.73,0.08,0.05,-0.04
-0.5870369199,0,0.7594907453,0,-0.01249967448,0,0.999921876,-0.54482609,0,0,0.9120238524,-0.02319776234,0,-0.3729763678,0,0,0.6634562134,-0.2964798456,0,-0.075,0,-0.055,0.01,0.245,-0.06,0.73,0.08,-0.05,0.04,0.39,-0.195,-0.06,0.73,0.08,0.05,-0.04
-0.5891285734,0,0.7594907453,0,-0.01249967448,0,0.999921876,-0.5417464249,0,0,0.9134996765,-0.02775325161,0,-0.3760946274,0,0,0.6624299443,-0.2923353169,0,-0.075,0,-0.055,0.01,0.245,-0.06,0.73,0.08,-0.05,0.04,0.39,-0.195,-0.06,0.73,0.08,0.05,-0.04
-0.5912575492,0,0.7594907453,0,-0.01249967448,0,0.999921876,-0.5385783226,0,0,0.9149391548,-0.03236083217,0,-0.379227872,0,0,0.6613053171,-0.2880774451,0,-0.075,0,-0.055,0.01,0.245,-0.06,0.73,0.08,-0.05,0.04,0.39,-0.195,-0.06,0.73,0.08,0.05,-0.04
-0.5934166204,0,0.7594907453,0,-0.01249967448,0,0.999921876,-0.5353311578,0,0,0.916334618,-0.03700346025,0,-0.3823632413,0,0,0.6600819585,-0.2837187171,0,-0.075,0,-0.055,0.01,0.245,-0.06,0.73,0.08,-0.05,0.04,0.39,-0.195,-0.06,0.73,0.08,0.05,-0.04
-0.5955984018,0,0.7594907453,0,-0.01249967448,0,0.999921876,-0.5320149992,0,0,0.9176791318,-0.04166413265,0,-0.3854881513,0,0,0.6587605936,-0.2792724423,0,-0.075,0,-0.055,0.01,0.245,-0.06,0.73,0.08,-0.05,0.04,0.39,-0.195,-0.06,0.73,0.08,0.05,-0.04
-0.5977953895,0,0.7594907453,0,-0.01249967448,0,0.999921876,-0.5286405678,0,0,0.918966562,-0.04632599412,0,-0.3885903901,0,0,0.6573430934,-0.2747527033,0,-0.075,0,-0.055,0.01,0.245,-0.06,0.73,0.08,-0.05,0.04,0.39,-0.195,-0.06,0.73,0.08,0.05,-0.04
-0.6,0,0.7594907453,0,-0.01249967448,0,0.999921876,-0.5252191874,0,0,0.9201916259,-0.05097243844,0,-0.3916582069,0,0,0.6558325065,-0.2701742996,0,-0.075,0,-0.055,0.01,0.245,-0.06,0.73,0.08,-0.05,0.04,0.39,-0.195,-0.06,0.73,0.08,0.05,-0.04
-0.6022046105,0,0.7594907453,0,-0.01249967448,0,0.999921876,-0.5217627266,0,0,0.9213499296,-0.05558720304,0,-0.3946803922,0,0,0.6542330745,-0.2655526823,0,-0.075,0,-0.055,0.01,0.245,-0.06,0.73,0.08,-0.05,0.04,0.39,-0.195,-0.06,0.73,0.08,0.05,-0.04
-0.6044015982,0,0.7594907453,0,-0.01249967448,0,0.999921876,-0.5182835337,0,0,0.9224379906,-0.06015445697,0,-0.3976463498,0,0,0.6525502308,-0.260903881,0,-0.075,0,-0.055,0.01,0.245,-0.06,0.73,0.08,-0.05,0.04,0.39,-0.195,-0.06,0.73,0.08,0.05,-0.04
-0.6065833796,0,0.7594907453,0,-0.01249967448,0,0.999921876,-0.5147943636,0,0,0.9234532457,-0.06465888207,0,-0.4005461589,0,0,0.6507905809,-0.256244422,0,-0.075,0,-0.055,0.01,0.245,-0.06,0.73,0.08,-0.05,0.04,0.39,-0.195,-0.06,0.73,0.08,0.05,-0.04
-0.6087424508,0,0.7594907453,0,-0.01249967448,0,0.999921876,-0.5113082975,0,0,0.9243940449,-0.0690857474,0,-0.4033706273,0,0,0.648961865,-0.2515912377,0,-0.075,0,-0.055,0.01,0.245,-0.06,0.73,0.08,-0.05,0.04,0.39,-0.195,-0.06,0.73,0.08,0.05,-0.04
-0.6108714266,0,0.7594907453,0,-0.01249967448,0,0.999921876,-0.5078386556,0,0,0.9252596325,-0.07342097687,0,-0.4061113344,0,0,0.6470729019,-0.2469615674,0,-0.075,0,-0.055,0.01,0.245,-0.06,0.73,0.08,-0.05,0.04,0.39,-0.195,-0.06,0.73,0.08,0.05,-0.04
-0.6129630801,0,0.7594907453,0,-0.01249967448,0,0.999921876,-0.5043989034,0,0,0.9260501138,-0.07765121041,0,-0.4087606646,0,0,0.6451335142,-0.2423728496,0,-0.075,0,-0.055,0.01,0.245,-0.06,0.73,0.08,-0.05,0.04,0.39,-0.195,-0.06,0.73,0.08,0.05,-0.04
-0.6150103828,0,0.7594907453,0,-0.01249967448,0,0.999921876,-0.5010025522,0,0,0.926766411,-0.0817638588,0,-0.4113118303,0,0,0.643154436,-0.2378426057,0,-0.075,0,-0.055,0.01,0.245,-0.06,0.73,0.08,-0.05,0.04,0.39,-0.195,-0.06,0.73,0.08,0.05,-0.04
-0.6170065436,0,0.7594907453,0,-0.01249967448,0,0.999921876,-0.4976630542,0,0,0.9274102067,-0.08574715253,0,-0.4137588861,0,0,0.6411472018,-0.2333883157,0,-0.075,0,-0.055,0.01,0.245,-0.06,0.73,0.08,-0.05,0.04,0.39,-0.195,-0.06,0.73,0.08,0.05,-0.04
-0.618945049,0,0.7594907453,0,-0.01249967448,0,0.999921876,-0.4943936932,0,0,0.9279838785,-0.0895901852,0,-0.4160967322,0,0,0.6391240182,-0.229027286,0,-0.075,0,-0.055,0.01,0.245,-0.06,0.73,0.08,-0.05,0.04,0.39,-0.195,-0.06,0.73,0.08,0.05,-0.04
-0.6208197023,0,0.7594907453,0,-0.01249967448,0,0.999921876,-0.4912074716,0,0,0.9284904237,-0.09328295201,0,-0.4183211102,0,0,0.6370976202,-0.22477651,0,-0.075,0,-0.055,0.01,0.245,-0.06,0.73,0.08,-0.05,0.04,0.39,-0.195,-0.06,0.73,0.08,0.05,-0.04
-0.6226246632,0,0.7594907453,0,-0.01249967448,0,0.999921876,-0.4881169937,0,0,0.9289333775,-0.09681638379,0,-0.4204285896,0,0,0.6350811112,-0.2206525216,0,-0.075,0,-0.055,0.01,0.245,-0.06,0.73,0.08,-0.05,0.04,0.39,-0.195,-0.06,0.73,0.08,0.05,-0.04
-0.6243544878,0,0.7594907453,0,-0.01249967448,0,0.999921876,-0.4851343472,0,0,0.9293167248,-0.1001823776,0,-0.4224165474,0,0,0.6330877908,-0.2166712435,0,-0.075,0,-0.055,0.01,0.245,-0.06,0.73,0.08,-0.05,0.04,0.39,-0.195,-0.06,0.73,0.08,0.05,-0.04
-0.6260041679,0,0.7594907453,0,-0.01249967448,0,0.999921876,-0.4822709837,0,0,0.9296448084,-0.1033738247,0,-0.4242831406,0,0,0.63113097,-0.2128478295,0,-0.075,0,-0.055,0.01,0.245,-0.06,0.73,0.08,-0.05,0.04,0.39,-0.195,-0.06,0.73,0.08,0.05,-0.04
-0.6275691707,0,0.7594907453,0,-0.01249967448,0,0.999921876,-0.4795375979,0,0,0.9299222337,-0.1063846358,0,-0.4260272745,0,0,0.6292237783,-0.2091965037,0,-0.075,0,-0.055,0.01,0.245,-0.06,0.73,0.08,-0.05,0.04,0.39,-0.195,-0.06,0.73,0.08,0.05,-0.04
-0.6290454784,0,0.7594907453,0,-0.01249967448,0,0.999921876,-0.4769440073,0,0,0.9301537742,-0.1092097669,0,-0.4276485666,0,0,0.6273789632,-0.2057303966,0,-0.075,0,-0.055,0.01,0.245,-0.06,0.73,0.08,-0.05,0.04,0.39,-0.195,-0.06,0.73,0.08,0.05,-0.04
-0.6304296278,0,0.7594907453,0,-0.01249967448,0,0.999921876,-0.4744990336,0,0,0.9303442772,-0.1118452436,0,-0.4291473082,0,0,0.6256086874,-0.2024613792,0,-0.075,0,-0.055,0.01,0.245,-0.06,0.73,0.08,-0.05,0.04,0.39,-0.195,-0.06,0.73,0.08,0.05,-0.04
-0.63171875,0,0.7594907453,0,-0.01249967448,0,0.999921876,-0.4722103855,0,0,0.9304985729,-0.1142881874,0,-0.4305244263,0,0,0.6239243247,-0.1993998984,0,-0.075,0,-0.055,0.01,0.245,-0.06,0.73,0.08,-0.05,0.04,0.39,-0.195,-0.06,0.73,0.08,0.05,-0.04
-0.63291061,0,0.7594907453,0,-0.01249967448,0,0.999921876,-0.4700845448,0,0,0.9306213888,-0.116536844,0,-0.4317814464,0,0,0.6223362592,-0.1965548127,0,-0.075,0,-0.055,0.01,0.245,-0.06,0.73,0.08,-0.05,0.04,0.39,-0.195,-0.06,0.73,0.08,0.05,-0.04
-0.6340036463,0,0.7594907453,0,-0.01249967448,0,0.999921876,-0.468126656,0,0,0.9307172703,-0.1185906143,0,-0.4329204594,0,0,0.6208536914,-0.1939332321,0,-0.075,0,-0.055,0.01,0.245,-0.06,0.73,0.08,-0.05,0.04,0.39,-0.195,-0.06,0.73,0.08,0.05,-0.04
-0.6349970103,0,0.7594907453,0,-0.01249967448,0,0.999921876,-0.4663404205,0,0,0.9307905106,-0.1204500901,0,-0.4339440928,0,0,0.619484455,-0.1915403623,0,-0.075,0,-0.055,0.01,0.245,-0.06,0.73,0.08,-0.05,0.04,0.39,-0.195,-0.06,0.73,0.08,0.05,-0.04
-0.6358906063,0,0.7594907453,0,-0.01249967448,0,0.999921876,-0.4647279955,0,0,0.9308450897,-0.1221170943,0,-0.4348554904,0,0,0.6182348463,-0.1893793558,0,-0.075,0,-0.055,0.01,0.245,-0.06,0.73,0.08,-0.05,0.04,0.39,-0.195,-0.06,0.73,0.08,0.05,-0.04
-0.636685131,0,0.7594907453,0,-0.01249967448,0,0.999921876,-0.4632898993,0,0,0.9308846264,-0.123594727,0,-0.4356583006,0,0,0.6171094716,-0.1874511711,0,-0.075,0,-0.055,0.01,0.245,-0.06,0.73,0.08,-0.05,0.04,0.39,-0.195,-0.06,0.73,0.08,0.05,-0.04
-0.6373821128,0,0.7594907453,0,-0.01249967448,0,0.999921876,-0.4620249224,0,0,0.9309123408,-0.1248874183,0,-0.4363566742,0,0,0.6161111145,-0.1857544403,0,-0.075,0,-0.055,0.01,0.245,-0.06,0.73,0.08,-0.05,0.04,0.39,-0.195,-0.06,0.73,0.08,0.05,-0.04
-0.6379839519,0,0.7594907453,0,-0.01249967448,0,0.999921876,-0.4609300447,0,0,0.9309310326,-0.1260009879,0,-0.4369552759,0,0,0.6152406245,-0.1842853485,0,-0.075,0,-0.055,0.01,0.245,-0.06,0.73,0.08,-0.05,0.04,0.39,-0.195,-0.06,0.73,0.08,0.05,-0.04
-0.6384939596,0,0.7594907453,0,-0.01249967448,0,0.999921876,-0.46000036,0,0,0.9309430716,-0.1269427116,0,-0.437459307,0,0,0.61449683,-0.183037523,0,-0.075,0,-0.055,0.01,0.245,-0.06,0.73,0.08,-0.05,0.04,0.39,-0.195,-0.06,0.73,0.08,0.05,-0.04
-0.6389163979,0,0.7594907453,0,-0.01249967448,0,0.999921876,-0.4592290074,0,0,0.9309504035,-0.1277213961,0,-0.4378745411,0,0,0.613876476,-0.1820019349,0,-0.075,0,-0.055,0.01,0.245,-0.06,0.73,0.08,-0.05,0.04,0.39,-0.195,-0.06,0.73,0.08,0.05,-0.04
-0.6392565194,0,0.7594907453,0,-0.01249967448,0,0.999921876,-0.4586071084,0,0,0.9309545684,-0.12834746,0,-0.438207374,0,0,0.6133741854,-0.1811668114,0,-0.075,0,-0.055,0.01,0.245,-0.06,0.73,0.08,-0.05,0.04,0.39,-0.195,-0.06,0.73,0.08,0.05,-0.04
-0.6395206067,0,0.7594907453,0,-0.01249967448,0,0.999921876,-0.4581237106,0,0,0.9309567328,-0.1288330222,0,-0.4384648842,0,0,0.6129824435,-0.1805175593,0,-0.075,0,-0.055,0.01,0.245,-0.06,0.73,0.08,-0.05,0.04,0.39,-0.195,-0.06,0.73,0.08,0.05,-0.04
-0.6397160118,0,0.7594907453,0,-0.01249967448,0,0.999921876,-0.4577657368,0,0,0.9309577325,-0.1291919957,0,-0.4386549055,0,0,0.6126916035,-0.1800366979,0,-0.075,0,-0.055,0.01,0.245,-0.06,0.73,0.08,-0.05,0.04,0.39,-0.195,-0.06,0.73,0.08,0.05,-0.04
-0.6398511963,0,0.7594907453,0,-0.01249967448,0,0.999921876,-0.4575179379,0,0,0.9309581246,-0.1294401868,0,-0.4387861076,0,0,0.6124899071,-0.1797037996,0,-0.075,0,-0.055,0.01,0.245,-0.06,0.73,0.08,-0.05,0.04,0.39,-0.195,-0.06,0.73,0.08,0.05,-0.04
-0.6399357705,0,0.7594907453,0,-0.01249967448,0,0.999921876,-0.4573628487,0,0,0.9309582454,-0.1295953967,0,-0.4388680829,0,0,0.6123635184,-0.1794954355,0,-0.075,0,-0.055,0.01,0.245,-0.06,0.73,0.08,-0.05,0.04,0.39,-0.195,-0.06,0.73,0.08,0.05,-0.04
-0.6399805333,0,0.7594907453,0,-0.01249967448,0,0.999921876,-0.4572807454,0,0,0.9309582705,-0.1296775251,0,-0.4389114367,0,0,0.6122965611,-0.1793851244,0,-0.075,0,-0.055,0.01,0.245,-0.06,0.73,0.08,-0.05,0.04,0.39,-0.195,-0.06,0.73,0.08,0.05,-0.04
-0.6399975115,0,0.7594907453,0,-0.01249967448,0,0.999921876,-0.4572496006,0,0,0.930958273,-0.1297086724,0,-0.4389278745,0,0,0.612271153,-0.1793432785,0,-0.075,0,-0.055,0.01,0.245,-0.06,0.73,0.08,-0.05,0.04,0.39,-0.195,-0.06,0.73,0.08,0.05,-0.04
-0.64,0,0.7594907453,0,-0.01249967448,0,0.999921876,-0.4572450356,0,0,0.930958273,-0.1297132375,0,-0.4389302835,0,0,0.6122674285,-0.179337145,0,-0.075,0,-0.055,0.01,0.245,-0.06,0.73,0.08,-0.05,0.04,0.39,-0.195,-0.06,0.73,0.08,0.05,-0.04
-0.64,0,0.7594907453,0,-0.01249967448,0,0.999921876,-0.4571478197,0,0,0.9307597666,-0.1299186432,0,-0.4390804343,0,0,0.6125601608,-0.1791730302,0,-0.07486855872,0,-0.055,0.01033298458,0.2449561862,-0.05989484697,0.73,0.07985979597,-0.04991237248,0.03992989798,0.3896670154,-0.1950438138,-0.05989484697,0.73,0.07985979597,0.04991237248,-0.03992989798
-0.64,0,0.7594907453,0,-0.01249967448,0,0.999921876,-0.4565205735,0,0,0.9294789934,-0.131242479,0,-0.4400469145,0,0,0.6144442445,-0.1781132709,0,-0.07402111753,0,-0.055,0.01247983558,0.2446737058,-0.05921689403,0.73,0.0789558587,-0.04934741169,0.03947792935,0.3875201644,-0.1953262942,-0.05921689403,0.73,0.0789558587,0.04934741169,-0.03947792935
-0.64,0,0.7594907453,0,-0.01249967448,0,0.999921876,-0.4549708334,0,0,0.9263146551,-0.1345024236,0,-0.4424178517,0,0,0.6190650755,-0.1754886219,0,-0.07193202774,0,-0.055,0.01777219638,0.2439773426,-0.05754562219,0.73,0.07672749626,-0.04795468516,0.03836374813,0.3822278036,-0.1960226574,-0.05754562219,0.73,0.07672749626,0.04795468516,-0.03836374813
-0.64,0,0.7594907453,0,-0.01249967448,0,0.999921876,-0.4522379091,0,0,0.9207346851,-0.1402135365,0,-0.4465414643,0,0,0.6270979095,-0.1708396847,0,-0.06826424549,0,-0.055,0.02706391143,0.2427547485,-0.05461139639,0.73,0.07281519519,-0.04550949699,0.03640759759,0.3729360886,-0.1972452515,-0.05461139639,0.73,0.07281519519,0.04550949699,-0.03640759759
-0.64,0,0.7594907453,0,-0.01249967448,0,0.999921876,-0.4481738108,0,0,0.9124373744,-0.1486173536,0,-0.4525430416,0,0,0.6387802265,-0.1638833948,0,-0.06284837567,0,-0.055,0.04078411497,0.2409494586,-0.05027870054,0.73,0.06703826738,-0.04189891711,0.03351913369,0.359215885,-0.1990505414,-0.05027870054,0.73,0.06703826738,0.04189891711,-0.03351913369
-0.64,0,0.7594907453,0,-0.01249967448,0,0.999921876,-0.4427267079,0,0,0.9013176029,-0.1597135579,0,-0.460354747,0,0,0.6539703082,-0.1544928983,0,-0.05566171585,0,-0.055,0.05899031984,0.2385539053,-0.04452937268,0.73,0.05937249691,-0.03710781057,0.02968624846,0.3410096802,-0.2014460947,-0.04452937268,0.73,0.05937249691,0.03710781057,-0.02968624846
-0.64,0,0.7594907453,0,-0.01249967448,0,0.999921876,-0.4359273684,0,0,0.8874390917,-0.1732946895,0,-0.4697568472,0,0,0.6722292095,-0.1426893961,0,-0.04680730017,0,-0.055,0.08142150623,0.2356024334,-0.03744584014,0.73,0.04992778685,-0.03120486678,0.02496389343,0.3185784938,-0.2043975666,-0.03744584014,0.73,0.04992778685,0.03120486678,-0.02496389343
-0.64,0,0.7594907453,0,-0.01249967448,0,0.999921876,-0.4278783866,0,0,0.8710122882,-0.1889837007,0,-0.4804240927,0,0,0.6929133398,-0.128639448,0,-0.03649294323,0,-0.055,0.1075512105,0.2321643144,-0.02919435458,0.73,0.03892580611,-0.02432862882,0.01946290306,0.2924487895,-0.2078356856,-0.02919435458,0.73,0.03892580611,0.02432862882,-0.01946290306
-0.64,0,0.7594907453,0,-0.01249967448,0,0.999921876,-0.418745656,0,0,0.8523767993,-0.2062738139,0,-0.4919700455,0,0,0.7152629624,-0.1126502463,0,-0.02501028401,0,-0.055,0.1366406138,0.2283367613,-0.02000822721,0.73,0.02667763628,-0.01667352267,0.01333881814,0.2633593862,-0.2116632387,-0.02000822721,0.73,0.02667763628,0.01667352267,-0.01333881814
-0.64,0,0.7594907453,0,-0.01249967448,0,0.999921876,-0.4087513256,0,0,0.8319868407,-0.2245699123,0,-0.5039842985,0,0,0.7384762634,-0.09515756773,0,-0.01271382978,0,-0.055,0.1677916312,0.2242379433,-0.01017106382,0.73,0.01356141843,-0.00847588652,0.006780709216,0.2322083688,-0.2157620567,-0.01017106382,0.73,0.01356141843,0.00847588652,-0.006780709216
-0.64,0,0.7594907453,0,-0.01249967448,0,0.999921876,-0.3981672731,0,0,0.8103977561,-0.243230483,0,-0.51606069,0,0,0.7617650653,-0.07670437529,0,1.11577414e-15,0,-0.055,0.2,0.22,8.926193118e-16,0.73,-1.190159082e-15,7.438494265e-16,-5.950795412e-16,0.2,-0.22,8.926193118e-16,0.73,-1.190159082e-15,-7.438494265e-16,5.950795412e-16
-0.64,0,0.7594907453,0,-0.01249967448,0,0.999921876,-0.3873078835,0,0,0.7882511556,-0.2616088749,0,-0.5278171587,0,0,0.7843934284,-0.05791066691,0,0.01271382978,0,-0.055,0.2322083688,0.2157620567,0.01017106382,0.73,-0.01356141843,0.00847588652,-0.006780709216,0.1677916312,-0.2242379433,0.01017106382,0.73,-0.01356141843,-0.00847588652,0.006780709216
-0.64,0,0.7594907453,0,-0.01249967448,0,0.999921876,-0.3765206374,0,0,0.7662556423,-0.2790923343,0,-0.5389092169,0,0,0.8057031068,-0.0394365606,0,0.02501028401,0,-0.055,0.2633593862,0.2116632387,0.02000822721,0.73,-0.02667763628,0.01667352267,-0.01333881814,0.1366406138,-0.2283367613,0.02000822721,0.73,-0.02667763628,-0.01667352267,0.01333881814
-0.64,0,0.7594907453,0,-0.01249967448,0,0.999921876,-0.3661727689,0,0,0.7451595931,-0.2951370251,0,-0.5490393424,0,0,0.8251305046,-0.02194096139,0,0.03649294323,0,-0.055,0.2924487895,0.2078356856,0.02919435458,0.73,-0.03892580611,0.02432862882,-0.01946290306,0.1075512105,-0.2321643144,0.02919435458,0.73,-0.03892580611,-0.02432862882,0.01946290306
-0.64,0,0.7594907453,0,-0.01249967448,0,0.999921876,-0.356632231,0,0,0.7257124074,-0.3092972102,0,-0.557964357,0,0,0.8422193333,-0.006037942531,0,0.04680730017,0,-0.055,0.3185784938,0.2043975666,0.03744584014,0.73,-0.04992778685,0.03120486678,-0.02496389343,0.08142150623,-0.2356024334,0.03744584014,0.73,-0.04992778685,-0.03120486678,0.02496389343
-0.64,0,0.7594907453,0,-0.01249967448,0,0.999921876,-0.3482416813,0,0,0.7086115986,-0.3212472544,0,-0.5655024354,0,0,0.8566323432,0.00774742919,0,0.05566171585,0,-0.055,0.3410096802,0.2014460947,0.04452937268,0.73,-0.05937249691,0.03710781057,-0.02968624846,0.05899031984,-0.2385539053,0.04452937268,0.73,-0.05937249691,-0.03710781057,0.02968624846
-0.64,0,0.7594907453,0,-0.01249967448,0,0.999921876,-0.3412854392,0,0,0.6944356171,-0.3307963879,0,-0.5715409892,0,0,0.868164725,0.0190224741,0,0.06284837567,0,-0.055,0.359215885,0.1990505414,0.05027870054,0.73,-0.06703826738,0.04189891711,-0.03351913369,0.04078411497,-0.2409494586,0.05027870054,0.73,-0.06703826738,-0.04189891711,0.03351913369
-0.64,0,0.7594907453,0,-0.01249967448,0,0.999921876,-0.3359513883,0,0,0.6835663976,-0.3378982488,0,-0.5760463708,0,0,0.8767611849,0.02756842536,0,0.06826424549,0,-0.055,0.3729360886,0.1972452515,0.05461139639,0.73,-0.07281519519,0.04550949699,-0.03640759759,0.02706391143,-0.2427547485,0.05461139639,0.73,-0.07281519519,-0.04550949699,0.03640759759
-0.64,0,0.7594907453,0,-0.01249967448,0,0.999921876,-0.3322920365,0,0,0.6761101783,-0.3426595399,0,-0.5790761135,0,0,0.8825382525,0.03337925906,0,0.07193202774,0,-0.055,0.3822278036,0.1960226574,0.05754562219,0.73,-0.07672749626,0.04795468516,-0.03836374813,0.01777219638,-0.2439773426,0.05754562219,0.73,-0.07672749626,-0.04795468516,0.03836374813
-0.64,0,0.7594907453,0,-0.01249967448,0,0.999921876,-0.3301902186,0,0,0.6718277237,-0.3453534461,0,-0.5807942129,0,0,0.8858129313,0.03669722244,0,0.07402111753,0,-0.055,0.3875201644,0.1953262942,0.05921689403,0.73,-0.0789558587,0.04934741169,-0.03947792935,0.01247983558,-0.2446737058,0.05921689403,0.73,-0.0789558587,-0.04934741169,0.03947792935
-0.64,0,0.7594907453,0,-0.01249967448,0,0.999921876,-0.3293339139,0,0,0.6700830371,-0.3464424269,0,-0.5814896126,0,0,0.8871380738,0.03804484248,0,0.07486855872,0,-0.055,0.3896670154,0.1950438138,0.05989484697,0.73,-0.07985979597,0.04991237248,-0.03992989798,0.01033298458,-0.2449561862,0.05989484697,0.73,-0.07985979597,-0.04991237248,0.03992989798
-0.64,0,0.7594907453,0,-0.01249967448,0,0.999921876,-0.3292009047,0,0,0.669812038,-0.3466111333,0,-0.5815973921,0,0,0.8873434421,0.03825395004,0,0.075,0,-0.055,0.39,0.195,0.06,0.73,-0.08,0.05,-0.04,0.01,-0.245,0.06,0.73,-0.08,-0.05,0.04
-0.64,0,0.7594905741,0,-0.01249931784,0,0.9999218805,-0.3292004252,0,0,0.669812038,-0.3466116128,0,-0.5815906785,0,0,0.8873395943,0.03824109755,0,0.07499572006,0,-0.05499843067,0.3899891575,0.1950014266,0.05999657605,0.7299980027,-0.07999543473,0.04999714671,-0.03999771736,0.01001084252,-0.2449985734,0.05999657605,0.7299980027,-0.07999543473,-0.04999714671,0.03999771736
-0.64,0,0.7594894054,0,-0.01249688277,0,0.9999219109,-0.3291971514,0,0,0.669812038,-0.3466148865,0,-0.5815448382,0,0,0.8873133195,0.03815334455,0,0.07496650056,0,-0.0549877155,0.3899151347,0.1950111665,0.05997320045,0.7299843652,-0.07996426726,0.04997766704,-0.03998213363,0.01008486525,-0.2449888335,0.05997320045,0.7299843652,-0.07996426726,-0.04997766704,0.03998213363
-0.64,0,0.7594863239,0,-0.01249045726,0,0.9999219912,-0.3291885127,0,0,0.6698120376,-0.3466235249,0,-0.5814238672,0,0,0.8872439619,0.0379218028,0,0.07488942545,0,-0.05495944104,0.3897198778,0.1950368582,0.05991154036,0.7299483795,-0.07988205381,0.04992628363,-0.03994102691,0.0102801222,-0.2449631418,0.05991154036,0.7299483795,-0.07988205381,-0.04992628363,0.03994102691
-0.64,0,0.7594805051,0,-0.012478306,0,0.9999221429,-0.3291721754,0,0,0.6698120356,-0.3466398603,0,-0.581195058,0,0,0.8871126992,0.03748399472,0,0.07474377749,0,-0.05490597137,0.389350903,0.1950854075,0.05979502199,0.7298803272,-0.07972669599,0.04982918499,-0.03986334799,0.01064909703,-0.2449145925,0.05979502199,0.7298803272,-0.07972669599,-0.04982918499,0.03986334799
-0.64,0,0.7594712192,0,-0.01245886505,0,0.9999223853,-0.3291460355,0,0,0.6698120293,-0.3466659939,0,-0.5808288696,0,0,0.8869024156,0.03678370101,0,0.07451104823,0,-0.05482042453,0.3887613222,0.1951629839,0.05960883858,0.7297714494,-0.07947845144,0.04967403215,-0.03973922572,0.01123867782,-0.2448370161,0.05960883858,0.7297714494,-0.07947845144,-0.04967403215,0.03973922572
-0.64,0,0.7594578349,0,-0.01243073642,0,0.9999227354,-0.329108211,0,0,0.6698120133,-0.3467038023,0,-0.5802987937,0,0,0.8865975626,0.03577081544,0,0.07417496054,0,-0.05469664897,0.3879099,0.1952750132,0.05933996843,0.7296139169,-0.07911995791,0.04944997369,-0.03955997895,0.01209009997,-0.2447249868,0.05933996843,0.7296139169,-0.07911995791,-0.04944997369,0.03955997895
-0.64,0,0.7594398249,0,-0.01239268277,0,0.9999232078,-0.3290570339,0,0,0.6698119785,-0.3467549446,0,-0.5795812183,0,0,0.8861840162,0.03440120213,0,0.07372149552,0,-0.0545292,0.386761122,0.1954261682,0.05897719642,0.7294008,-0.07863626189,0.04914766368,-0.03931813094,0.01323887802,-0.2445738318,0.05897719642,0.7294008,-0.07863626189,-0.04914766368,0.03931813094
-0.64,0,0.7594167696,0,-0.01234362203,0,0.9999238146,-0.3289910429,0,0,0.6698119115,-0.3468208686,0,-0.5786552926,0,0,0.8856489346,0.03263655205,0,0.07313891698,0,-0.05431331621,0.3852852563,0.195620361,0.05851113358,0.7291260388,-0.07801484478,0.04875927799,-0.03900742239,0.01471474366,-0.244379639,0.05851113358,0.7291260388,-0.07801484478,-0.04875927799,0.03900742239
-0.64,0,0.7593883615,0,-0.01228262204,0,0.9999245658,-0.3289089755,0,0,0.6698117932,-0.3469028178,0,-0.5775027942,0,0,0.8849806236,0.03044423563,0,0.07241778782,0,-0.05404489592,0.3834583958,0.1958607374,0.05793423026,0.728784413,-0.07724564034,0.04827852521,-0.03862282017,0.01654160419,-0.2441392626,0.05793423026,0.728784413,-0.07724564034,-0.04827852521,0.03862282017
-0.64,0,0.7593544079,0,-0.01220889522,0,0.9999254687,-0.3288097606,0,0,0.6698115987,-0.3470018381,0,-0.5761080013,0,0,0.8841684113,0.02779714937,0,0.07155097401,0,-0.05372047361,0.3812624675,0.1961496753,0.05724077921,0.7283715119,-0.07632103895,0.04770064934,-0.03816051947,0.01873753251,-0.2438503247,0.05724077921,0.7283715119,-0.07632103895,-0.04770064934,0.03816051947
-0.64,0,0.7593148326,0,-0.0121217932,0,0.9999265284,-0.328692511,0,0,0.6698112962,-0.3471187852,0,-0.5744575699,0,0,0.8832025376,0.0246735546,0,0.07053363261,0,-0.05333719636,0.3786852026,0.1964887891,0.05642690609,0.7278837045,-0.07523587479,0.04702242174,-0.03761793739,0.02131479738,-0.2435112109,0.05642690609,0.7278837045,-0.07523587479,-0.04702242174,0.03761793739
-0.64,0,0.7592696761,0,-0.01202080145,0,0.9999277476,-0.3285565158,0,0,0.6698108466,-0.3472543308,0,-0.5725404184,0,0,0.8820740584,0.02105690725,0,0.06936318154,0,-0.05289280029,0.3757200599,0.1968789395,0.05549054523,0.7273181095,-0.07398739364,0.04624212103,-0.03699369682,0.0242799401,-0.2431210605,0.05549054523,0.7273181095,-0.07398739364,-0.04624212103,0.03699369682
-0.64,0,0.7592190939,0,-0.01190553396,0,0.9999291266,-0.3284012337,0,0,0.6698102041,-0.3474089704,0,-0.5703476181,0,0,0.8807747667,0.01693567777,0,0.06803924937,0,-0.05238558699,0.3723660984,0.1973202502,0.0544313995,0.7266725653,-0.07257519933,0.04535949958,-0.03628759966,0.02763390159,-0.2426797498,0.0544313995,0.7266725653,-0.07257519933,-0.04535949958,0.03628759966
-0.64,0,0.7591633536,0,-0.01177572783,0,0.9999306637,-0.3282262851,0,0,0.6698093152,-0.3475830301,0,-0.5678722924,0,0,0.8792971316,0.01230316073,0,0.06656360448,0,-0.0518144,0.368627798,0.1978121318,0.05325088358,0.7259456,-0.07100117811,0.04437573632,-0.03550058906,0.03137220198,-0.2421878682,0.05325088358,0.7259456,-0.07100117811,-0.04437573632,0.03550058906
-0.64,0,0.7591028302,0,-0.011631238,0,0.9999323549,-0.3280314456,0,0,0.6698081199,-0.3477766743,0,-0.5651095222,0,0,0.8776342557,0.007157273946,0,0.06494006327,0,-0.05117860118,0.3645148269,0.1983533122,0.05195205062,0.7251364015,-0.06926940082,0.04329337551,-0.03463470041,0.03548517305,-0.2416466878,0.05195205062,0.7251364015,-0.06926940082,-0.04329337551,0.03463470041
-0.64,0,0.7590379994,0,-0.0114720318,0,0.9999341941,-0.3278166388,0,0,0.6698065517,-0.3479899128,0,-0.5620562595,0,0,0.875779849,0.001500347284,0,0.06317437806,0,-0.05047804719,0.3600417578,0.198941874,0.05053950245,0.7242447873,-0.06738600327,0.04211625204,-0.03369300163,0.03995824224,-0.241058126,0.05053950245,0.7242447873,-0.06738600327,-0.04211625204,0.03369300163
-0.64,0,0.7589694301,0,-0.0112981837,0,0.9999361735,-0.3275819296,0,0,0.6698045384,-0.3482226088,0,-0.5587112476,0,0,0.8737282205,-0.004661098622,0,0.0612741056,0,-0.04971306595,0.3552277342,0.1995752981,0.04901928448,0.7232711748,-0.06535904598,0.04084940374,-0.03267952299,0.0447722658,-0.2404247019,0.04901928448,0.7232711748,-0.06535904598,-0.04084940374,0.03267952299
-0.64,0,0.7588977746,0,-0.01110986985,0,0.9999382835,-0.3273275172,0,0,0.6698020033,-0.3484744861,0,-0.5550749474,0,0,0.871474286,-0.01131658312,0,0.05924845762,0,-0.04888443301,0.3500960926,0.2002505141,0.0473987661,0.7222165511,-0.0631983548,0.03949897175,-0.0315991774,0.04990390736,-0.2397494859,0.0473987661,0.7222165511,-0.0631983548,-0.03949897175,0.0315991774
-0.64,0,0.7588237581,0,-0.01090736282,0,0.9999405129,-0.3270537289,0,0,0.669798866,-0.3487451371,0,-0.55114947,0,0,0.8690135901,-0.01845190518,0,0.05710813532,0,-0.04799334806,0.3446739428,0.2009639549,0.04568650825,0.721082443,-0.06091534434,0.03807209021,-0.03045767217,0.0553260572,-0.2390360451,0.04568650825,0.721082443,-0.06091534434,-0.03807209021,0.03045767217
-0.64,0,0.7587481669,0,-0.01069102617,0,0.9999428493,-0.326761013,0,0,0.6697950436,-0.3490340306,0,-0.5469385149,0,0,0.8663423416,-0.026049391,0,0.05486514988,0,-0.04704141132,0.338991713,0.2017116167,0.04389211991,0.7198708871,-0.05852282654,0.03657676659,-0.02926141327,0.06100828696,-0.2382883833,0.04389211991,0.7198708871,-0.05852282654,-0.03657676659,0.02926141327
-0.64,0,0.7586718358,0,-0.01046130918,0,0.999945279,-0.3264499326,0,0,0.6697904526,-0.3493405199,0,-0.5424473118,0,0,0.8634574606,-0.03408814887,0,0.05253263148,0,-0.0460306,0.3330826664,0.2024891228,0.04202610518,0.7185844,-0.05603480691,0.03502175432,-0.02801740346,0.06691733358,-0.2375108772,0.04202610518,0.7185844,-0.05603480691,-0.03502175432,0.02801740346
-0.64,0,0.7585956343,0,-0.01021874141,0,0.9999477873,-0.3261211591,0,0,0.6697850095,-0.3496638504,0,-0.5376825665,0,0,0.8603566359,-0.04254433013,0,0.0501246292,0,-0.04496324474,0.326982394,0.2032917903,0.04009970336,0.7172259479,-0.05346627115,0.03341641947,-0.02673313557,0.07301760602,-0.2367082097,0.04009970336,0.7172259479,-0.05346627115,-0.03341641947,0.02673313557
-0.64,0,0.7585204533,0,-0.009963927406,0,0.9999503588,-0.3257754656,0,0,0.6697786331,-0.3500031676,0,-0.5326524104,0,0,0.8570383895,-0.05139139525,0,0.04765590481,0,-0.04384200605,0.3207282922,0.2041146984,0.03812472385,0.7157989168,-0.05083296513,0.03177060321,-0.02541648257,0.07927170781,-0.2358853016,0.03812472385,0.7157989168,-0.05083296513,-0.03177060321,0.02541648257
-0.64,0,0.7584471903,0,-0.009697541339,0,0.9999529777,-0.3254137206,0,0,0.6697712459,-0.3503575253,0,-0.5273663512,0,0,0.8535021487,-0.06060038393,0,0.04514172296,0,-0.04266985071,0.3143590315,0.204952759,0.03611337836,0.7143070827,-0.04815117115,0.03009448197,-0.02407558558,0.08564096851,-0.235047241,0.03611337836,0.7143070827,-0.04815117115,-0.03009448197,0.02407558558
-0.64,0,0.7583767353,0,-0.009420321633,0,0.9999556278,-0.3250368815,0,0,0.6697627753,-0.3507258938,0,-0.5218352256,0,0,0.8497483208,-0.07014018811,0,0.04259764073,0,-0.04145002826,0.3079140232,0.2058007864,0.03407811259,0.7127545814,-0.04543748345,0.02839842716,-0.02271874172,0.09208597681,-0.2341992136,0.03407811259,0.7127545814,-0.04543748345,-0.02839842716,0.02271874172
-0.64,0,0.7583099568,0,-0.009133065624,0,0.9999582927,-0.3246459883,0,0,0.6697531555,-0.3511071672,0,-0.5160711526,0,0,0.845778372,-0.07997782666,0,0.04003929938,0,-0.04018604743,0.3014328918,0.2066535669,0.0320314395,0.7111458786,-0.042708586,0.02669286625,-0.021354293,0.09856710824,-0.2333464331,0.0320314395,0.7111458786,-0.042708586,-0.02669286625,0.021354293
-0.64,0,0.7582476881,0,-0.008836624209,0,0.9999609563,-0.324242157,0,0,0.6697423291,-0.3515001721,0,-0.5100874863,0,0,0.8415949049,-0.09007872063,0,0.03748222078,0,-0.03888165255,0.2949549593,0.2075059264,0.02998577663,0.7094857396,-0.0399810355,0.02498814719,-0.01999051775,0.1050450407,-0.2324940736,0.02998577663,0.7094857396,-0.0399810355,-0.02498814719,0.01999051775
-0.64,0,0.7581907142,0,-0.008531896486,0,0.9999636027,-0.323826573,0,0,0.6697302482,-0.3519036751,0,-0.5038987685,0,0,0.8372017363,-0.1004069678,0,0.03494161152,0,-0.0375408,0.2885187492,0.2083527962,0.02795328922,0.7077792,-0.03727105229,0.02329440768,-0.01863552614,0.1114812508,-0.2316472038,0.02795328922,0.7077792,-0.03727105229,-0.02329440768,0.01863552614
-0.64,0,0.7581397593,0,-0.008219824404,0,0.9999662167,-0.323400485,0,0,0.6697168759,-0.3523163909,0,-0.4975206795,0,0,0.8326039704,-0.1109256157,0,0.03243217679,0,-0.03616763466,0.2821615145,0.2091892744,0.02594574143,0.706031535,-0.03459432191,0.02162145119,-0.01729716095,0.1178384855,-0.2308107256,0.02594574143,0.706031535,-0.03459432191,-0.02162145119,0.01729716095
-0.64,0,0.7580954756,0,-0.007901387407,0,0.9999687836,-0.3229651978,0,0,0.6697021876,-0.3527369898,0,-0.4909699872,0,0,0.8278080677,-0.121596931,0,0.02996794668,0,-0.03476646635,0.2759187983,0.2100106844,0.02397435734,0.7042482299,-0.03196580979,0.01997863112,-0.0159829049,0.1240812017,-0.2299893156,0.02397435734,0.7042482299,-0.03196580979,-0.01997863112,0.0159829049
-0.64,0,0.7580584332,0,-0.007577597083,0,0.9999712896,-0.3225220659,0,0,0.6696861717,-0.3531641058,0,-0.4842644928,0,0,0.822821907,-0.1323826653,0,0.02756211677,0,-0.03334174625,0.2698240291,0.2108126277,0.02204969341,0.7024349498,-0.02939959122,0.01837474451,-0.01469979561,0.1301759709,-0.2291873723,0.02204969341,0.7024349498,-0.02939959122,-0.01837474451,0.01469979561
-0.64,0,0.7580291111,0,-0.007249491803,0,0.9999737221,-0.3220724866,0,0,0.6696688307,-0.3535963441,0,-0.4774229741,0,0,0.8176548381,-0.1432443155,0,0.02522690501,0,-0.03189804334,0.2639081594,0.2115910317,0.02018152401,0.7005975097,-0.02690869868,0.01681793668,-0.01345434934,0.1360918406,-0.2284089683,0.02018152401,0.7005975097,-0.02690869868,-0.01681793668,0.01345434934
-0.64,0,0.7580078898,0,-0.006918131374,0,0.9999760694,-0.3216178936,0,0,0.6696501821,-0.3540322885,0,-0.4704651242,0,0,0.8123177253,-0.1541433775,0,0.02297342653,0,-0.03044002086,0.2581993472,0.2123421912,0.01837874122,0.6987418447,-0.0245049883,0.01531561769,-0.01225249415,0.1418006528,-0.2276578088,0.01837874122,0.6987418447,-0.0245049883,-0.01531561769,0.01225249415
-0.64,0,0.7579950454,0,-0.006584591675,0,0.9999783213,-0.321159749,0,0,0.6696302581,-0.3544705091,0,-0.4634114867,0,0,0.806822978,-0.1650415921,0,0.02081158759,0,-0.02897241273,0.2527226886,0.2130628041,0.01664927007,0.6968739798,-0.02219902677,0.01387439173,-0.01109951338,0.1472773114,-0.2269371959,0.01664927007,0.6968739798,-0.02219902677,-0.01387439173,0.01109951338
-0.64,0,0.7579907453,0,-0.00624995931,0,0.9999804688,-0.3206995374,0,0,0.6696091066,-0.3549095692,0,-0.4562833847,0,0,0.8011845679,-0.1759011832,0,0.01875,0,-0.0275,0.2475,0.21375,0.015,0.695,-0.02,0.0125,-0.01,0.1525,-0.22625,0.015,0.695,-0.02,-0.0125,0.01
-0.64,0,0.7579950454,0,-0.005915326245,0,0.9999825043,-0.3202387578,0,0,0.6695867908,-0.3553480331,0,-0.4491028454,0,0,0.7954180309,-0.1866850847,0,0.0167959165,0,-0.02602758727,0.2425496551,0.2144013612,0.0134367332,0.6931260202,-0.01791564427,0.01119727767,-0.008957822135,0.1574503449,-0.2255986388,0.0134367332,0.6931260202,-0.01791564427,-0.01119727767,0.008957822135
-0.64,0,0.7580078898,0,-0.005581784456,0,0.9999844217,-0.3197789165,0,0,0.6695633892,-0.3557844727,0,-0.4418925177,0,0,0.7895404523,-0.1973571583,0,0.01495518782,0,-0.02455997914,0.2378864758,0.2150149374,0.01196415025,0.6912581553,-0.01595220034,0.009970125212,-0.00797610017,0.1621135242,-0.2249850626,0.01196415025,0.6912581553,-0.01595220034,-0.009970125212,0.00797610017
-0.64,0,0.7580291111,0,-0.005250420572,0,0.9999862164,-0.3193215202,0,0,0.6695389949,-0.3562174747,0,-0.4346755827,0,0,0.7835704323,-0.2078823981,0,0.01323224136,0,-0.02310195666,0.2335216781,0.2155892529,0.01058579309,0.6894024903,-0.01411439079,0.008821494241,-0.007057195393,0.1664783219,-0.2244107471,0.01058579309,0.6894024903,-0.01411439079,-0.008821494241,0.007057195393
-0.64,0,0.7580584332,0,-0.004922310521,0,0.9999878854,-0.3188680676,0,0,0.669513715,-0.3566456474,0,-0.4274756579,0,0,0.7775280326,-0.2182271236,0,0.01163008154,0,-0.02165825375,0.2294628732,0.2161233062,0.009304065234,0.6875650502,-0.01240542031,0.007753387695,-0.006202710156,0.1705371268,-0.2238766938,0.009304065234,0.6875650502,-0.01240542031,-0.007753387695,0.006202710156
-0.64,0,0.7580954756,0,-0.004598514167,0,0.9999894268,-0.3184200424,0,0,0.6694876698,-0.3570676274,0,-0.4203166914,0,0,0.7714347,-0.2283591581,0,0.01015031117,0,-0.02023353365,0.2257141216,0.2166165629,0.008120248936,0.6857517701,-0.01082699858,0.006766874113,-0.00541349929,0.1742858784,-0.2233834371,0.008120248936,0.6857517701,-0.01082699858,-0.006766874113,0.00541349929
-0.64,0,0.7581397593,0,-0.004280069963,0,0.9999908405,-0.3179789054,0,0,0.6694609915,-0.3574820861,0,-0.4132228485,0,0,0.7653131672,-0.2382479939,0,0.008793173161,0,-0.01883236534,0.2222760387,0.2170689423,0.007034538528,0.683968465,-0.009379384705,0.00586211544,-0.004689692352,0.1777239613,-0.2229310577,0.007034538528,0.683968465,-0.009379384705,-0.00586211544,0.004689692352
-0.64,0,0.7581907142,0,-0.003967989587,0,0.9999921275,-0.3175460862,0,0,0.6694338228,-0.3578877366,0,-0.4062183877,0,0,0.7591873289,-0.2478649411,0,0.00755761152,0,-0.0174592,0.2191459492,0.2174807962,0.006046089216,0.6822208,-0.008061452288,0.00503840768,-0.004030726144,0.1808540508,-0.2225192038,0.006046089216,0.6822208,-0.008061452288,-0.00503840768,0.004030726144
-0.64,0,0.7582476881,0,-0.003663252591,0,0.9999932903,-0.3171229759,0,0,0.6694063157,-0.3582833397,0,-0.3993275269,0,0,0.753082091,-0.2571832622,0,0.006441350195,0,-0.01611834745,0.2163180872,0.2178528833,0.005153080156,0.6805142604,-0.006870773541,0.004294233463,-0.003435386771,0.1836819128,-0.2221471167,0.005153080156,0.6805142604,-0.006870773541,-0.004294233463,0.003435386771
-0.64,0,0.7583099568,0,-0.003366801041,0,0.9999943323,-0.3167109187,0,0,0.6693786293,-0.3586677105,0,-0.3925742977,0,0,0.7470231942,-0.2661782893,0,0.005440988198,0,-0.01481395257,0.2137838368,0.2181863373,0.004352790559,0.6788541214,-0.005803720745,0.003627325466,-0.002901860372,0.1862161632,-0.2218136627,0.004352790559,0.6788541214,-0.005803720745,-0.003627325466,0.002901860372
-0.64,0,0.7583767353,0,-0.003079534164,0,0.9999952582,-0.3163112038,0,0,0.6693509282,-0.3590397244,0,-0.3859823893,0,0,0.7410370085,-0.2748275263,0,0.00455210911,0,-0.01354997174,0.2115320097,0.2184826303,0.003641687288,0.6772454186,-0.004855583051,0.003034739407,-0.002427791525,0.1884679903,-0.2215173697,0.003641687288,0.6772454186,-0.004855583051,-0.003034739407,0.002427791525
-0.64,0,0.7584471903,0,-0.00280230299,0,0.9999960735,-0.3159250572,0,0,0.6693233806,-0.3593983234,0,-0.3795749797,0,0,0.7351503003,-0.2831107342,0,0.00376940285,0,-0.01233014929,0.2095491539,0.2187435324,0.00301552228,0.6756929173,-0.004020696374,0.002512935234,-0.002010348187,0.1904508461,-0.2212564676,0.00301552228,0.6756929173,-0.004020696374,-0.002512935234,0.002010348187
-0.64,0,0.7585204533,0,-0.002535904999,0,0.9999967846,-0.3155536336,0,0,0.6692961558,-0.3597425222,0,-0.3733745551,0,0,0.7293899723,-0.2910100011,0,0.003086797416,0,-0.01115799395,0.2078198868,0.2189710675,0.002469437933,0.6742010832,-0.00329258391,0.002057864944,-0.001646291955,0.1921801132,-0.2210289325,0.002469437933,0.6742010832,-0.00329258391,-0.002057864944,0.001646291955
-0.64,0,0.7585956343,0,-0.002281078762,0,0.9999973983,-0.315198008,0,0,0.6692694223,-0.3600714143,0,-0.3674027173,0,0,0.7237827754,-0.2985097974,0,0.002497598085,0,-0.01003675526,0.2063272485,0.2191674673,0.001998078468,0.6727740521,-0.002664104624,0.00166506539,-0.001332052312,0.1936727515,-0.2208325327,0.001998078468,0.6727740521,-0.002664104624,-0.00166506539,0.001332052312
-0.64,0,0.7586718358,0,-0.002038498588,0,0.9999979223,-0.3148591674,0,0,0.6692433455,-0.3603841781,0,-0.3616799804,0,0,0.7183549969,-0.3055970164,0,0.00199463148,0,-0.0089694,0.2050530664,0.2193351228,0.001595705184,0.6714156,-0.002127606912,0.00132975432,-0.001063803456,0.1949469336,-0.2206648772,0.001595705184,0.6714156,-0.002127606912,-0.00132975432,0.001063803456
-0.64,0,0.7587481669,0,-0.001808769169,0,0.9999983642,-0.3145380027,0,0,0.6692180854,-0.3606800826,0,-0.356225556,0,0,0.7131321245,-0.3122610042,0,0.001570391748,0,-0.007958588683,0.2039783258,0.2194765361,0.001256313398,0.6701291129,-0.001675084531,0.001046927832,-0.0008375422655,0.1960216742,-0.2205234639,0.001256313398,0.6701291129,-0.001675084531,-0.001046927832,0.0008375422655
-0.64,0,0.7588237581,0,-0.001592420223,0,0.9999987321,-0.3142353001,0,0,0.669193794,-0.3609584939,0,-0.3510571298,0,0,0.7081384929,-0.318493578,0,0.001217186069,0,-0.007006651943,0.203083538,0.2195942713,0.0009737488551,0.668917557,-0.001298331807,0.0008114573793,-0.0006491659034,0.196916462,-0.2204057287,0.0009737488551,0.668917557,-0.001298331807,-0.0008114573793,0.0006491659034
-0.64,0,0.7588977746,0,-0.001389901141,0,0.9999990341,-0.313951733,0,0,0.6691706138,-0.3612188808,0,-0.3461906313,0,0,0.7033969141,-0.3242890383,0,0.0009272766845,0,-0.00611556699,0.2023491009,0.2196909078,0.0007418213476,0.6677834489,-0.0009890951301,0.0006181844563,-0.0004945475651,0.1976508991,-0.2203090922,0.0007418213476,0.6677834489,-0.0009890951301,-0.0006181844563,0.0004945475651
-0.64,0,0.7589694301,0,-0.001201575632,0,0.9999992781,-0.3136878537,0,0,0.669148675,-0.3614608213,0,-0.3416399975,0,0,0.6989282992,-0.3296441759,0,0.0006930166528,0,-0.005286934051,0.2017556422,0.2197689944,0.0005544133222,0.6667288252,-0.000739217763,0.0004620111019,-0.0003696088815,0.1982443578,-0.2202310056,0.0005544133222,0.6667288252,-0.000739217763,-0.0004620111019,0.0003696088815
-0.64,0,0.7590379994,0,-0.001027716366,0,0.9999994719,-0.3134440851,0,0,0.6691280934,-0.3616840083,0,-0.3374169345,0,0,0.6947512766,-0.3345582787,0,0.0005069766242,0,-0.004521952805,0.2012843408,0.2198310078,0.0004055812993,0.6657552127,-0.0005407750658,0.0003379844161,-0.0002703875329,0.1987156592,-0.2201689922,0.0004055812993,0.6657552127,-0.0005407750658,-0.0003379844161,0.0002703875329
-0.64,0,0.7591028302,0,-0.0008684996231,0,0.9999996229,-0.3132207128,0,0,0.6691089691,-0.3618882563,0,-0.3335306804,0,0,0.6908818142,-0.3390331413,0,0.0003620600568,0,-0.003821398822,0.2009172188,0.2198793133,0.0002896480454,0.6648635985,-0.0003861973939,0.0002413733712,-0.0001930986969,0.1990827812,-0.2201206867,0.0002896480454,0.6648635985,-0.0003861973939,-0.0002413733712,0.0001930986969
-0.64,0,0.7591633536,0,-0.0007239999367,0,0.9999997379,-0.3130178768,0,0,0.6690913839,-0.3620735071,0,-0.3299877708,0,0,0.6873328527,-0.343073082,0,0.00025160448,0,-0.0031856,0.200637398,0.2199161318,0.000201283584,0.6640544,-0.000268378112,0.00016773632,-0.000134189056,0.199362602,-0.2200838682,0.000201283584,0.6640544,-0.000268378112,-0.00016773632,0.000134189056
-0.64,0,0.7592190939,0,-0.0005941847392,0,0.9999998235,-0.3128355636,0,0,0.6690754004,-0.3622398367,0,-0.3267918129,0,0,0.6841139574,-0.3466849708,0,0.000169466662,0,-0.002614413006,0.2004293155,0.2199435111,0.0001355733296,0.6633274347,-0.0001807644395,0.0001129777747,-9.038221975e-05,0.1995706845,-0.2200564889,0.0001355733296,0.6633274347,-0.0001807644395,-0.0001129777747,9.038221975e-05
-0.64,0,0.7592696761,0,-0.0004789090077,0,0.9999998853,-0.3126735983,0,0,0.6690610598,-0.3623874615,0,-0.3239432701,0,0,0.6812309964,-0.3498782736,0,0.0001100898505,0,-0.002107199714,0.2002788943,0.2199633034,8.807188039e-05,0.6626818905,-0.0001174291739,7.339323366e-05,-5.871458693e-05,0.1997211057,-0.2200366966,8.807188039e-05,0.6626818905,-0.0001174291739,-7.339323366e-05,5.871458693e-05
-0.64,0,0.7593148326,0,-0.0003779099095,0,0.9999999286,-0.3125316368,0,0,0.6690483815,-0.3625167446,0,-0.3214392598,0,0,0.6786858521,-0.3526651145,0,6.855163512e-05,0,-0.001662803641,0.2001736641,0.2199771495,5.484130809e-05,0.6621162955,-7.312174412e-05,4.570109008e-05,-3.656087206e-05,0.1998263359,-0.2200228505,5.484130809e-05,0.6621162955,-7.312174412e-05,-4.570109008e-05,3.656087206e-05
-0.64,0,0.7593544079,0,-0.0002908014477,0,0.9999999577,-0.3124091582,0,0,0.6690373615,-0.3626282032,0,-0.3192733688,0,0,0.6764761707,-0.3550603612,0,4.059143249e-05,0,-0.001279526388,0.2001028316,0.2199864695,3.247314599e-05,0.6616284881,-4.329752799e-05,2.706095499e-05,-2.164876399e-05,0.1998971684,-0.2200135305,3.247314599e-05,0.6616284881,-4.329752799e-05,-2.706095499e-05,2.164876399e-05
-0.64,0,0.7593883615,0,-0.0002170691064,0,0.9999999764,-0.3123054571,0,0,0.6690279719,-0.3627225148,0,-0.3174354869,0,0,0.674595156,-0.357081734,0,2.261711889e-05,0,-0.0009551040757,0.2000572967,0.219992461,1.809369512e-05,0.661215587,-2.412492682e-05,1.507807926e-05,-1.206246341e-05,0.1999427033,-0.220007539,1.809369512e-05,0.661215587,-2.412492682e-05,-1.507807926e-05,1.206246341e-05
-0.64,0,0.7594167696,0,-0.0001560644963,0,0.9999999878,-0.3122196362,0,0,0.6690201604,-0.3628005241,0,-0.3159116605,0,0,0.6730314077,-0.3587499412,0,1.169094106e-05,0,-0.0006866837865,0.2000296171,0.219996103,9.352752846e-06,0.6608739612,-1.247033713e-05,7.793960705e-06,-6.235168564e-06,0.1999703829,-0.220003897,9.352752846e-06,0.6608739612,-1.247033713e-05,-7.793960705e-06,6.235168564e-06
-0.64,0,0.7594398249,0,-0.0001069999998,0,0.9999999943,-0.3121505989,0,0,0.6690138496,-0.3628632507,0,-0.3146839662,0,0,0.6717688065,-0.3600888402,0,5.49552e-06,0,-0.0004708,0.200013922,0.2199981682,4.396416e-06,0.6605992,-5.861888e-06,3.66368e-06,-2.930944e-06,0.199986078,-0.2200018318,4.396416e-06,0.6605992,-5.861888e-06,-3.66368e-06,2.930944e-06
-0.64,0,0.7594578349,0,-6.894341638e-05,0,0.9999999976,-0.3120970422,0,0,0.6690089374,-0.3629118952,0,-0.3137304043,0,0,0.6707864427,-0.3611256227,0,2.281533441e-06,0,-0.0003033510323,0.2000057799,0.2199992395,1.825226753e-06,0.6603860831,-2.433635671e-06,1.521022294e-06,-1.216817835e-06,0.1999942201,-0.2200007605,1.825226753e-06,0.6603860831,-2.433635671e-06,-1.521022294e-06,1.216817835e-06
-0.64,0,0.7594712192,0,-4.081260783e-05,0,0.9999999992,-0.3120574492,0,0,0.6690052967,-0.3629478475,0,-0.3130248088,0,0,0.6700585842,-0.3618910224,0,7.995211003e-07,0,-0.0001795754745,0.2000020255,0.2199997335,6.396168802e-07,0.6602285506,-8.528225069e-07,5.330140668e-07,-4.264112535e-07,0.1999979745,-0.2200002665,6.396168802e-07,0.6602285506,-8.528225069e-07,-5.330140668e-07,4.264112535e-07
-0.64,0,0.7594805051,0,-2.137014339e-05,0,0.9999999998,-0.3120300824,0,0,0.6690027756,-0.3629726932,0,-0.3125367722,0,0,0.6695546758,-0.3624195396,0,2.192078537e-07,0,-9.402863093e-05,0.2000005553,0.2199999269,1.75366283e-07,0.6601196728,-2.338217107e-07,1.461385692e-07,-1.169108553e-07,0.1999994447,-0.2200000731,1.75366283e-07,0.6601196728,-2.338217107e-07,-1.461385692e-07,1.169108553e-07
-0.64,0,0.7594863239,0,-9.217944904e-06,0,1,-0.3120129762,0,0,0.6690011978,-0.3629882216,0,-0.3122315798,0,0,0.6692393613,-0.3627496791,0,4.078584396e-08,0,-4.055895758e-05,0.2000001033,0.2199999864,3.262867517e-08,0.6600516205,-4.350490022e-08,2.719056264e-08,-2.175245011e-08,0.1999998967,-0.2200000136,3.262867517e-08,0.6600516205,-4.350490022e-08,-2.719056264e-08,2.175245011e-08
-0.64,0,0.7594894054,0,-2.791931933e-06,0,1,-0.3120039303,0,0,0.6690003629,-0.3629964326,0,-0.3120701481,0,0,0.6690725144,-0.3629241922,0,3.741544281e-09,0,-1.228450051e-05,0.2000000095,0.2199999988,2.993235425e-09,0.6600156348,-3.990980567e-09,2.494362854e-09,-1.995490283e-09,0.1999999905,-0.2200000012,2.993235425e-09,0.6600156348,-3.990980567e-09,-2.494362854e-09,1.995490283e-09
-0.64,0,0.7594905741,0,-3.56666865e-07,0,1,-0.3120005021,0,0,0.6690000464,-0.3629995443,0,-0.3120089617,0,0,0.6690092645,-0.3629903161,0,6.106140124e-11,0,-1.569334206e-06,0.2000000002,0.22,4.884912099e-11,0.6600019973,-6.513216132e-11,4.070760083e-11,-3.256608066e-11,0.1999999998,-0.22,4.884912099e-11,0.6600019973,-6.513216132e-11,-4.070760083e-11,3.256608066e-11
-0.64,0,0.7594907453,0,-0,0,1,-0.312,0,0,0.669,-0.363,0,-0.312,0,0,0.669,-0.363,0,-0,0,-0,0.2,0.22,-0,0.66,0,-0,0,0.2,-0.22,-0,0.66,0,0,-0
