0,0,0.7594907453,0,0,0,1,-0.312,0,0,0.669,-0.363,0,-0.312,0,0,0.669,-0.363,0,0,0,0,0.2,0.2,0,0.6,0,0,0,0.2,-0.2,0,0.6,0,0,0
0,0,0.7594907453,0,4.684688587e-05,0,0.9999999989,-0.312,0,0,0.669,-0.363,0,-0.312,0,0,0.669,-0.363,0,0,0,0,0.2,0.2,0,0.6,0,0,0,0.2,-0.2,0,0.6,0,0,0
0,0,0.7594907453,0,9.369377627e-05,0,0.9999999956,-0.3223342051,-7.024179146e-07,-1.608311801e-06,0.6685879923,-0.3525574197,-9.668195791e-08,-0.311916276,2.050798488e-08,-1.288638037e-08,0.6688351993,-0.362918543,-3.094743939e-08,-0.0006624203081,-0.00131453196,0.007228723532,0.1952658587,0.2100094235,0.006692919644,0.6013072455,-0.004954001569,-0.0007077645308,-0.007687070108,0.2005431647,-0.1997723679,7.023861592e-05,0.6001884916,0.0002547329839,-0.0002620196912,0.0004270435452
0,0,0.7594907453,0,0.0001405406709,0,0.9999999901,-0.3306612569,-7.633381723e-07,-1.886263407e-06,0.6676115578,-0.3432990498,-1.754497992e-07,-0.3117802606,4.10848673e-08,-2.556136462e-08,0.6685657302,-0.3627847525,-6.197210741e-08,-0.001225065231,-0.002266157899,0.01335509853,0.1908620345,0.2185184383,0.01243663357,0.6035526588,-0.009393440686,-0.002005872446,-0.01472254164,0.2010066051,-0.1996125424,0.0001157576472,0.6002944219,0.000422030795,-0.000798813702,0.0007219343784
0,0,0.7594907453,0,0.0001873875694,0,0.9999999824,-0.33843261,-6.96083482e-07,-1.94784791e-06,0.666232105,-0.3341517973,-2.662122628e-07,-0.3115865711,6.375239216e-08,-3.938517645e-08,0.6681810838,-0.3625934452,-9.583155157e-08,-0.001746784017,-0.003065145883,0.01910860191,0.1863307496,0.2266369135,0.01793928833,0.606604188,-0.01369483643,-0.003713118465,-0.02164221264,0.2014782916,-0.1994758681,0.0001550831008,0.600493266,0.0005329161821,-0.001524965165,0.0009431530281
0,0,0.7594907453,0,0.0002342344715,0,0.9999999726,-0.346053128,-6.176419358e-07,-2.001329368e-06,0.6644422381,-0.3247437562,-3.608829574e-07,-0.3113357283,8.779331226e-08,-5.391239928e-08,0.6676821975,-0.362345048,-1.313642848e-07,-0.002248082931,-0.003789772306,0.02473724242,0.1815380218,0.2347277452,0.02342435619,0.6103969568,-0.01798866278,-0.005755250142,-0.02864641457,0.2019567277,-0.1993436415,0.0001908880574,0.6008684605,0.0006039368383,-0.002443648278,0.001117301471
0,0,0.7594907453,0,0.0002810813769,0,0.9999999605,-0.353617164,-5.465681139e-07,-2.068572612e-06,0.662206721,-0.3149494662,-4.535371047e-07,-0.3110306985,1.12375877e-07,-6.862369085e-08,0.6670748802,-0.3620424162,-1.672753794e-07,-0.00273696434,-0.004472739687,0.03032551524,0.1764540628,0.242905998,0.02895621852,0.6148885764,-0.02231356522,-0.008096723601,-0.03580271572,0.2024229166,-0.1992073989,0.0002222586287,0.6014689526,0.0006442175199,-0.003571702845,0.001258292377
0,0,0.7594907453,0,0.0003279282853,0,0.9999999462,-0.3611273049,-4.81861725e-07,-2.142958954e-06,0.6594897949,-0.3047292468,-5.420228509e-07,-0.3106754665,1.369445432e-07,-8.317776758e-08,0.6663670098,-0.3616894505,-2.027115984e-07,-0.003217036716,-0.00513051143,0.03590225879,0.1710817745,0.2512039113,0.03454704297,0.6200467389,-0.02667441387,-0.0107170989,-0.04312744491,0.2028570672,-0.199062771,0.000247823928,0.6023269785,0.0006594013164,-0.004922215173,0.001374677892
0,0,0.7594907453,0,0.0003747751964,0,0.9999999298,-0.3685598172,-4.207204374e-07,-2.21819846e-06,0.6562597512,-0.2940738911,-6.258057531e-07,-0.3102744433,1.611608094e-07,-9.73718135e-08,0.6655673441,-0.3612905012,-2.371679964e-07,-0.003690215589,-0.005773249923,0.04147729581,0.1654335801,0.2596256882,0.04019196926,0.6258448515,-0.03106396812,-0.01360272596,-0.05061767987,0.2032419953,-0.1989072037,0.0002664230368,0.6034639943,0.0006535088812,-0.0065018579,0.001472494392
0,0,0.7594907453,0,0.0004216221098,0,0.9999999111,-0.375884084,-3.614092506e-07,-2.290936359e-06,0.6524888403,-0.2829856246,-7.047417499e-07,-0.3098322216,1.848080101e-07,-1.110802813e-07,0.6646850205,-0.3608501146,-2.703379589e-07,-0.004157664058,-0.006408243881,0.04705393935,0.1595240554,0.2681658112,0.04588074079,0.6322600597,-0.03547090241,-0.01674364286,-0.0582635512,0.2035634225,-0.1987391066,0.0002771710957,0.604893243,0.0006297558377,-0.008311545367,0.001556404976
0,0,0.7594907453,0,0.0004684690253,0,0.9999998903,-0.3830682941,-3.031532718e-07,-2.359578806e-06,0.6481525776,-0.2714714888,-7.78641196e-07,-0.3093534757,2.077290847e-07,-1.242155256e-07,0.6637293492,-0.3603729276,-3.020135958e-07,-0.004620141743,-0.007041161541,0.05263328114,0.1533677151,0.2768152282,0.05160157142,0.6392720772,-0.03988275872,-0.02013224191,-0.06605287555,0.2038096549,-0.1985575107,0.0002794106578,0.6066212915,0.0005909085514,-0.01034753219,0.001630196682
0,0,0.7594907453,0,0.0005153159425,0,0.9999998672,-0.3900810771,-2.457287512e-07,-2.42331427e-06,0.6432292379,-0.259541006,-8.471722506e-07,-0.3088429217,2.297934293e-07,-1.36707108e-07,0.6627097305,-0.3598636251,-3.32031858e-07,-0.005078149229,-0.007676571776,0.05821566483,0.1469784695,0.2855634799,0.05734244277,0.6468623361,-0.04428702622,-0.02376254427,-0.07397284486,0.2039712102,-0.198361906,0.0002726598133,0.6086491556,0.0005394466385,-0.0126023495,0.001697028958
0,0,0.7594907453,0,0.0005621628612,0,0.999999842,-0.3968919735,-1.891945492e-07,-2.481622934e-06,0.6376995752,-0.247205332,-9.098688257e-07,-0.3083053037,2.508808284e-07,-1.484918812e-07,0.6616356256,-0.3593269249,-3.602480467e-07,-0.005531998502,-0.008318208958,0.06380118845,0.1403696096,0.2943994572,0.06309154834,0.6550132964,-0.04867153644,-0.02762970047,-0.08201060126,0.204040504,-0.1981521482,0.0002565749107,0.6109731819,0.0004776457469,-0.01506551958,0.001759580759
0,0,0.7594907453,0,0.000609009781,0,0.9999998146,-0.4034715824,-1.337558221e-07,-2.534069031e-06,0.6315466879,-0.2344769317,-9.661562062e-07,-0.3077453895,2.708741318e-07,-1.595095114e-07,0.6605165481,-0.3587675738,-3.865235741e-07,-0.005981854149,-0.008969138484,0.06938987059,0.133553949,0.3033116896,0.0688374533,0.6637078597,-0.05302461239,-0.03172959257,-0.09015339701,0.2040116033,-0.1979283929,0.0002309260876,0.6135857478,0.0004076264063,-0.01772409276,0.001820151207
0,0,0.7594907453,0,0.0006558567016,0,0.9999997849,-0.4097916248,-7.970269265e-08,-2.580220531e-06,0.6247559608,-0.2213694408,-1.015370593e-06,-0.3071679716,2.896561234e-07,-1.697005697e-07,0.6593620653,-0.3581903476,-4.107206437e-07,-0.006427761191,-0.009631875651,0.07498169974,0.1265440017,0.3122884695,0.07456915934,0.6729288604,-0.05733513219,-0.03605849668,-0.0983886042,0.2038800371,-0.1976910469,0.00019558168,0.6164758141,0.0003313870397,-0.02056305299,0.001880734908
0,0,0.7594907453,0,0.0007027036227,0,0.9999997531,-0.4158249894,-2.738542845e-08,-2.619619838e-06,0.617315045,-0.2078975939,-1.056769849e-06,-0.3065778682,3.071083278e-07,-1.790057912e-07,0.6581818012,-0.3576000534,-4.3270016e-07,-0.006869665585,-0.01030847665,0.08057664313,0.1193521598,0.3213179135,0.08027613765,0.6826586249,-0.0615925652,-0.0406127912,-0.1067036732,0.2036426534,-0.1974407294,0.0001504985992,0.6196293541,0.0002508283341,-0.0235656258,0.001943080619
0,0,0.7594907453,0,0.0007495505441,0,0.9999997191,-0.4215457752,2.279372835e-08,-2.651773429e-06,0.6092138586,-0.1940771791,-1.089537733e-06,-0.3059799255,3.23110699e-07,-1.873658515e-07,0.6569854411,-0.3570015316,-4.523211155e-07,-0.007307429991,-0.01100060942,0.08617464185,0.1119908607,0.3303879976,0.0859483506,0.6928785873,-0.06578700089,-0.0453887034,-0.1150860767,0.2032975136,-0.1971782414,9.571682799e-05,0.6230296834,0.0001677719786,-0.02671351174,0.002008737406
0,0,0.7594907453,0,0.0007963974653,0,0.9999996829,-0.4269293367,7.038129056e-08,-2.676148123e-06,0.6004445975,-0.1799250047,-1.112784098e-06,-0.3053790198,3.375417087e-07,-1.94721368e-07,0.6557827354,-0.356399658,-4.694406474e-07,-0.00774084618,-0.01170960819,0.09177560136,0.1044727408,0.3394865784,0.09157626894,0.7035689549,-0.06990917709,-0.05038208945,-0.1235232525,0.2028438159,-0.196904542,3.13568764e-05,0.6266577068,8.397516596e-05,-0.02998706108,0.002079090655
0,0,0.7594907453,0,0.0008432443861,0,0.9999996445,-0.4319523293,1.148698548e-07,-2.692169517e-06,0.5910017569,-0.1654588723,-1.12554268e-06,-0.3047800581,3.502786241e-07,-2.010129967e-07,0.6545835024,-0.3557993451,-4.839144047e-07,-0.008169644968,-0.01243651443,0.0973793805,0.09681077805,0.3486014041,0.09715088615,0.7147084192,-0.07395050915,-0.05558824404,-0.1320025498,0.202281844,-0.1966207308,-4.238055955e-05,0.6304920973,1.141619772e-06,-0.03336540138,0.002155389511
0,0,0.7594907453,0,0.0008900913062,0,0.9999996039,-0.4365927598,1.556937537e-07,-2.699221095e-06,0.5808821635,-0.1506975598,-1.126767421e-06,-0.3041879795,3.6119788e-07,-2.061815687e-07,0.6533976298,-0.3552055434,-4.955970669e-07,-0.008593504356,-0.01318210588,0.1029857799,0.08901842392,0.3577201174,0.1026637304,0.726273904,-0.07790312,-0.06100173607,-0.1405111812,0.2016129341,-0.1963280348,-0.0001252132581,0.6345094205,-7.907036405e-05,-0.03682652642,0.002238766928
0,0,0.7594907453,0,0.0009369382253,0,0.9999995611,-0.4408300387,1.922237696e-07,-2.696643538e-06,0.5700850209,-0.1356608132,-1.115327881e-06,-0.3036077552,3.701755075e-07,-2.101682419e-07,0.6522350748,-0.3546232406,-5.043429456e-07,-0.009012056411,-0.01394691532,0.1085945301,0.08110972537,0.366830251,0.108106874,0.7382403511,-0.08175987041,-0.06661626766,-0.1490361797,0.2008394591,-0.1960278003,-0.0002167748284,0.6386842125,-0.0001550425065,-0.04034735321,0.002330253261
0,0,0.7594907453,0,0.0009837851431,0,0.9999995161,-0.4446450394,2.237612605e-07,-2.683734161e-06,0.5586119728,-0.1203693503,-1.090004052e-06,-0.3030443876,3.770876014e-07,-2.129146594e-07,0.6511058636,-0.354057462,-5.100066404e-07,-0.009424893367,-0.01473124023,0.1142052789,0.07309943832,0.3759192156,0.1134729397,0.7505805369,-0.08551438874,-0.07242455453,-0.1575643628,0.1999648236,-0.1957214884,-0.0003166110483,0.6429890209,-0.0002251934913,-0.04390375221,0.002430784114
0,0,0.7594907453,0,0.001030632059,0,0.9999994689,-0.4480201639,2.495319345e-07,-2.659746558e-06,0.5464671899,-0.1048448812,-1.049480904e-06,-0.3025029097,3.818108195e-07,-2.143631073e-07,0.6500200881,-0.3535132683,-5.124437365e-07,-0.009831573368,-0.01553514435,0.1198175788,0.06500313216,0.3849742807,0.1187551043,0.7632649212,-0.0891610993,-0.07841822617,-0.1660823016,0.1989934709,-0.1954106744,-0.0004241754073,0.6473944147,-0.0002879780473,-0.04747055513,0.002541203051
0,0,0.7594907453,0,0.001077478973,0,0.9999994195,-0.4509394191,2.686795225e-07,-2.623890621e-06,0.5336574859,-0.08911014697,-9.92343058e-07,-0.3019883826,3.842229108e-07,-2.144566731e-07,0.6489879022,-0.3529957536,-5.115115374e-07,-0.01023162622,-0.01635845204,0.1254308737,0.05683728507,0.3939825487,0.1239470986,0.776261526,-0.09269524864,-0.08458774535,-0.1745762976,0.1979308969,-0.19509705,-0.0005388240397,0.651868968,-0.0003418879869,-0.05102154351,0.002662259659
0,0,0.7594907453,0,0.001124325885,0,0.9999993679,-0.4533885064,2.802597106e-07,-2.575333228e-06,0.5201924713,-0.07318898361,-9.170701866e-07,-0.3015058934,3.842032691e-07,-2.131394007e-07,0.648019516,-0.3525100424,-5.070698308e-07,-0.01062455951,-0.01720073621,0.1310444846,0.04861936935,0.4029309217,0.1290432047,0.789535846,-0.09611292906,-0.0909223466,-0.1830323647,0.1967836702,-0.1947824286,-0.0006598102115,0.6563792236,-0.000385455047,-0.05452942123,0.002794603347
0,0,0.7594907453,0,0.001171172794,0,0.9999993142,-0.4553549296,2.832348778e-07,-2.51320003e-06,0.5060847557,-0.05710641468,-8.220340457e-07,-0.3010605513,3.816335114e-07,-2.103564435e-07,0.6471251883,-0.3520612857,-4.98981682e-07,-0.01100986538,-0.01806130048,0.136657596,0.04036792555,0.4118060627,0.1340382487,0.8030507917,-0.09941109848,-0.09740999457,-0.1914362198,0.1955594574,-0.1944687538,-0.0007862785196,0.6608896393,-0.0004172553924,-0.05796577348,0.002938773273
0,0,0.7594907453,0,0.001218019701,0,0.9999992582,-0.4568281262,2.764704819e-07,-2.436578999e-06,0.4913502097,-0.04088878111,-7.054985293e-07,-0.3006574836,3.763980747e-07,-2.060542116e-07,0.6463152177,-0.3516546557,-4.871142506e-07,-0.01138702835,-0.01893915634,0.1422692414,0.03210262374,0.4205943506,0.1389275917,0.8167666667,-0.1025875961,-0.104037363,-0.1997732788,0.1942670499,-0.1941581093,-0.0009172589729,0.6653625214,-0.0004359156501,-0.06130101448,0.003095184716
0,0,0.7594907453,0,0.001264866604,0,0.9999992001,-0.4577996293,2.587343681e-07,-2.344526662e-06,0.4760083018,-0.02456391523,-5.656248263e-07,-0.3003018304,3.683848311e-07,-2.001805143e-07,0.6455999319,-0.3512953406,-4.713396261e-07,-0.0117555343,-0.01983299602,0.1478782896,0.02384431005,0.4292818293,0.1437071162,0.8306411832,-0.1056411531,-0.1107898358,-0.2080286614,0.1929163931,-0.1938527321,-0.00105166115,0.6697579481,-0.0004401203312,-0.0645043265,0.003264112264
0,0,0.7594907453,0,0.001311713504,0,0.9999991397,-0.4582632685,2.287009092e-07,-2.236078427e-06,0.460082529,-0.008161369317,-4.004847736e-07,-0.2999987394,3.574857122e-07,-1.92684694e-07,0.6449896751,-0.3509885375,-4.515356717e-07,-0.01211488103,-0.0207411618,0.1534834315,0.01561503651,0.4378541541,0.1483732107,0.8446295168,-0.1085713975,-0.1176515321,-0.2161872023,0.1915186138,-0.1935550264,-0.00118826867,0.6740336887,-0.0004286204866,-0.06754359242,0.003445670202
0,0,0.7594907453,0,0.0013585604,0,0.9999990772,-0.4582154197,1.849627998e-07,-2.110264962e-06,0.4436009622,0.008287290008,-2.080869369e-07,-0.2997533585,3.435973383e-07,-1.835177498e-07,0.6444947936,-0.3507394449,-4.275868709e-07,-0.01246459045,-0.02166161281,0.1590831686,0.00743807217,0.4462965338,0.1529227501,0.8586844053,-0.1113788528,-0.1246053566,-0.2242334705,0.1900860455,-0.1932675803,-0.001325734283,0.67814512,-0.0004002434126,-0.07038532476,0.003639790538
0,0,0.7594907453,0,0.001405407292,0,0.9999990124,-0.4576553161,1.260546261e-07,-1.96613747e-06,0.4265969316,0.02474810775,1.357800936e-08,-0.2995708288,3.266216448e-07,-1.726324489e-07,0.6441256204,-0.3505532543,-3.993851621e-07,-0.01280422269,-0.02259189016,0.1646758034,-0.0006621064124,0.4545936719,0.1573530748,0.872756291,-0.1140649289,-0.1316330768,-0.2321517951,0.1886322481,-0.1929931824,-0.001462575948,0.6820451467,-0.0003539031941,-0.07299459397,0.003846199207
0,0,0.7594907453,0,0.001452254179,0,0.9999989455,-0.4565854334,5.049414909e-08,-1.802805833e-06,0.4091098807,0.04118427167,2.664631984e-07,-0.2994562762,3.064664953e-07,-1.599834209e-07,0.6438924572,-0.3504351407,-3.668307515e-07,-0.01313339214,-0.02352908176,0.1702594338,-0.008659846726,0.4627297081,0.1616619663,0.8867935106,-0.1166319064,-0.1387154279,-0.2399262985,0.1871720209,-0.1927348399,-0.001597174382,0.6856841304,-0.0002886118351,-0.07533495964,0.004064391045
0,0,0.7594907453,0,0.001499101062,0,0.9999988763,-0.4550119639,-4.315027722e-08,-1.619495152e-06,0.3911864191,0.05755553231,5.523495396e-07,-0.2994148026,2.83046274e-07,-1.455272333e-07,0.6438055551,-0.3503902523,-3.298328878e-07,-0.01345178535,-0.02446978793,0.1758319507,-0.01652837487,0.470688161,0.1658476213,0.9007425299,-0.1190829112,-0.1458322459,-0.2475409353,0.1857214037,-0.1924957963,-0.001727772658,0.6890098325,-0.000203490687,-0.07736840853,0.004293604284
0,0,0.7594907453,0,0.001545947939,0,0.999998805,-0.4529453925,-1.56154447e-07,-1.415628192e-06,0.3728816017,0.07381749629,8.726694533e-07,-0.2994514756,2.562824437e-07,-1.29222443e-07,0.643875094,-0.3504236993,-2.88310585e-07,-0.01375918097,-0.02541008935,0.1813910418,-0.02423987321,0.4784518765,0.1699086224,0.9145482215,-0.1214218818,-0.1529626279,-0.2549795356,0.1842976653,-0.192279549,-0.001852478574,0.6919673794,-9.778184969e-05,-0.07905530408,0.004532795345
0,0,0.7594907453,0,0.001592794812,0,0.9999987315,-0.450401183,-2.89479378e-07,-1.190943664e-06,0.3542604538,0.08992078155,1.228245816e-06,-0.2995713189,2.2610406e-07,-1.110296208e-07,0.6441111603,-0.3505405423,-2.421932741e-07,-0.01405547114,-0.02634551882,0.1869342016,-0.03176558017,0.4860029806,0.1738439082,0.9281541817,-0.1236535263,-0.1600851171,-0.2622258526,0.1829192731,-0.192089865,-0.001969270628,0.6944992572,2.914081408e-05,-0.08035435265,0.004780614906
0,0,0.7594907453,0,0.001639641678,0,0.9999986558,-0.447400577,-4.435381222e-07,-9.456629494e-07,0.3353997434,0.1058100329,1.618914397e-06,-0.2997793004,1.924482282e-07,-9.091134358e-08,0.6445237229,-0.3507457794,-1.914213683e-07,-0.01434068443,-0.02727103837,0.1924587491,-0.03907591014,0.4933228426,0.1776527398,0.9415030771,-0.125783272,-0.1671779083,-0.2692636111,0.1816058415,-0.191930796,-0.002076008582,0.6965453449,0.000177761436,-0.0812225926,0.005035386214
0,0,0.7594907453,0,0.001686488539,0,0.9999985779,-0.4439714855,-6.178629899e-07,-6.807203048e-07,0.3163899613,0.1214228155,2.042991134e-06,-0.3000803211,1.552604908e-07,-6.88321503e-08,0.6451226091,-0.3510443332,-1.35946722e-07,-0.01461500945,-0.02818102349,0.1979618546,-0.04614058989,0.500392047,0.1813346655,0.9545370112,-0.1278172056,-0.1742190695,-0.2760765558,0.1803780525,-0.191806689,-0.002170449695,0.6980429982,0.0003484130741,-0.08161541279,0.0052950868
0,0,0.7594907453,0,0.001733335393,0,0.9999984978,-0.4401494272,-8.106447817e-07,-3.980727124e-07,0.2973374122,0.1366884359,2.496541421e-06,-0.3004792031,1.144951326e-07,-4.47584577e-08,0.6459174783,-0.351441037,-7.573296605e-08,-0.01487881885,-0.02906925593,0.2034405761,-0.05292880686,0.5071903784,0.184889483,0.9671978973,-0.1297620055,-0.1811867708,-0.2826484962,0.1792575456,-0.1917221951,-0.002250271827,0.6989271932,0.0005412702347,-0.08148660814,0.005557334735
0,0,0.7594907453,0,0.001780182241,0,0.9999984155,-0.4359784231,-1.018117182e-06,-1.011034696e-07,0.2783662205,0.1515267899,2.97241177e-06,-0.3009806768,7.011539347e-08,-1.865843117e-08,0.6469177957,-0.3519406206,-1.0755702e-08,-0.01513269285,-0.02992892674,0.2088919051,-0.05940936296,0.5136968192,0.1883171988,0.9794278197,-0.1316248669,-0.1880595113,-0.2889633462,0.1782667696,-0.1916822728,-0.002313104635,0.6991307448,0.0007563434037,-0.08078848008,0.005819380717
0,0,0.7594907453,0,0.001827029082,0,0.999998331,-0.4359784231,-1.018117182e-06,-1.011034696e-07,0.2783662205,0.1515267899,2.97241177e-06,-0.3009806768,7.011539347e-08,-1.865843117e-08,0.6469177957,-0.3519406206,-1.0755702e-08,-0.01513269285,-0.02992892674,0.2088919051,-0.05940936296,0.5136968192,0.1883171988,0.9794278197,-0.1316248669,-0.1880595113,-0.2889633462,0.1782667696,-0.1916822728,-0.002313104635,0.6991307448,0.0007563434037,-0.08078848008,0.005819380717
0,0,0.7594907453,0,0.001873875916,0,0.9999982443,-0.4316559579,-2.587614919e-06,6.441087198e-07,0.2543522204,0.1712116055,5.313834249e-06,-0.3020516153,-9.472488831e-08,8.104000773e-08,0.6490460201,-0.3530011732,2.344212807e-07,-0.01541703474,-0.03171592699,0.2179793768,-0.0665998672,0.5237020488,0.1935917191,0.9916602691,-0.1349348724,-0.1950791734,-0.2975724273,0.1767663694,-0.1915654731,-0.002404795665,0.6983401483,0.001330993719,-0.07847198699,0.006456717817
0,0,0.7594907453,0,0.001920722742,0,0.9999981554,-0.4259522632,-2.778085038e-06,1.207790607e-06,0.2328201192,0.1871288365,5.972162798e-06,-0.3030364117,-1.396688779e-07,1.062085343e-07,0.6510157563,-0.3539864398,2.990673051e-07,-0.01571592527,-0.0327555465,0.2245937874,-0.07260742495,0.5305945838,0.1974073811,1.003186142,-0.137183468,-0.2020974601,-0.3042137972,0.1759135753,-0.1916436011,-0.002420936473,0.6963538881,0.001701515275,-0.07578176471,0.00684108013
0,0,0.7594907453,0,0.001967569561,0,0.9999980643,-0.4259522632,-2.778085038e-06,1.207790607e-06,0.2328201192,0.1871288365,5.972162798e-06,-0.3030364117,-1.396688779e-07,1.062085343e-07,0.6510157563,-0.3539864398,2.990673051e-07,-0.01571592527,-0.0327555465,0.2245937874,-0.07260742495,0.5305945838,0.1974073811,1.003186142,-0.137183468,-0.2020974601,-0.3042137972,0.1759135753,-0.1916436011,-0.002420936473,0.6963538881,0.001701515275,-0.07578176471,0.00684108013
0,0,0.7594907453,0,0.002014416371,0,0.9999979711,-0.4202252255,-3.695988672e-06,1.900007993e-06,0.2099788728,0.2042992145,7.522443513e-06,-0.3047339089,-3.461674656e-07,2.311673146e-07,0.6543955466,-0.355672458,6.040548665e-07,-0.01597208101,-0.03435797335,0.2338214191,-0.07837318575,0.5392154734,0.2022923233,1.013770527,-0.1403327952,-0.2091739231,-0.3118520492,0.1749369638,-0.191825732,-0.002451988001,0.6921266584,0.002389338504,-0.07049472072,0.007486842429
0,0,0.7594907453,0,0.002061263173,0,0.9999978756,-0.4202252255,-3.695988672e-06,1.900007993e-06,0.2099788728,0.2042992145,7.522443513e-06,-0.3047339089,-3.461674656e-07,2.311673146e-07,0.6543955466,-0.355672458,6.040548665e-07,-0.01597208101,-0.03435797335,0.2338214191,-0.07837318575,0.5392154734,0.2022923233,1.013770527,-0.1403327952,-0.2091739231,-0.3118520492,0.1749369638,-0.191825732,-0.002451988001,0.6921266584,0.002389338504,-0.07049472072,0.007486842429
0,0,0.7594907453,0,0.002108109966,0,0.9999977779,-0.4140221717,-4.126675047e-06,2.480062337e-06,0.1885979082,0.2195600132,8.432362167e-06,-0.307037406,-5.853291533e-07,3.759537711e-07,0.6589860241,-0.3579632748,9.577454059e-07,-0.01623191096,-0.03592267995,0.2437616591,-0.08303235043,0.5472539789,0.2072256424,1.022880907,-0.143675819,-0.2162805976,-0.3190850174,0.1743907889,-0.1922618638,-0.002429597418,0.6847399387,0.003218396566,-0.06239863413,0.008183193993
0,0,0.7594907453,0,0.00215495675,0,0.9999976781,-0.4140221717,-4.126675047e-06,2.480062337e-06,0.1885979082,0.2195600132,8.432362167e-06,-0.307037406,-5.853291533e-07,3.759537711e-07,0.6589860241,-0.3579632748,9.577454059e-07,-0.01623191096,-0.03592267995,0.2437616591,-0.08303235043,0.5472539789,0.2072256424,1.022880907,-0.143675819,-0.2162805976,-0.3190850174,0.1743907889,-0.1922618638,-0.002429597418,0.6847399387,0.003218396566,-0.06239863413,0.008183193993
0,0,0.7594907453,0,0.002201803525,0,0.999997576,-0.4140221717,-4.126675047e-06,2.480062337e-06,0.1885979082,0.2195600132,8.432362167e-06,-0.307037406,-5.853291533e-07,3.759537711e-07,0.6589860241,-0.3579632748,9.577454059e-07,-0.01623191096,-0.03592267995,0.2437616591,-0.08303235043,0.5472539789,0.2072256424,1.022880907,-0.143675819,-0.2162805976,-0.3190850174,0.1743907889,-0.1922618638,-0.002429597418,0.6847399387,0.003218396566,-0.06239863413,0.008183193993
0,0,0.7594907453,0,0.002145347154,0,0.9999976987,-0.407624895,5.617384867e-06,-3.209622089e-06,0.1714628733,0.2303845789,-2.74857822e-06,-0.3108454249,-4.024167783e-05,2.08155711e-05,0.6669869444,-0.3621585561,4.451657333e-05,-0.01658696858,-0.03839538096,0.2502877677,-0.08565595951,0.5544920342,0.2119657609,1.033335635,-0.1462776834,-0.2259645179,-0.3251312434,0.1746752389,-0.1924396326,-0.00241338513,0.6778944618,0.00415869179,-0.05615859644,0.009039332954
0,0,0.7594907453,0,0.00208889077,0,0.9999978183,-0.407624895,5.617384867e-06,-3.209622089e-06,0.1714628733,0.2303845789,-2.74857822e-06,-0.3108454249,-4.024167783e-05,2.08155711e-05,0.6669869444,-0.3621585561,4.451657333e-05,-0.01658696858,-0.03839538096,0.2502877677,-0.08565595951,0.5544920342,0.2119657609,1.033335635,-0.1462776834,-0.2259645179,-0.3251312434,0.1746752389,-0.1924396326,-0.00241338513,0.6778944618,0.00415869179,-0.05615859644,0.009039332954
0,0,0.7594907453,0,0.002032434373,0,0.9999979346,-0.407624895,5.617384867e-06,-3.209622089e-06,0.1714628733,0.2303845789,-2.74857822e-06,-0.3108454249,-4.024167783e-05,2.08155711e-05,0.6669869444,-0.3621585561,4.451657333e-05,-0.01658696858,-0.03839538096,0.2502877677,-0.08565595951,0.5544920342,0.2119657609,1.033335635,-0.1462776834,-0.2259645179,-0.3251312434,0.1746752389,-0.1924396326,-0.00241338513,0.6778944618,0.00415869179,-0.05615859644,0.009039332954
0,0,0.7594907453,0,0.001975977963,0,0.9999980478,-0.407624895,5.617384867e-06,-3.209622089e-06,0.1714628733,0.2303845789,-2.74857822e-06,-0.3108454249,-4.024167783e-05,2.08155711e-05,0.6669869444,-0.3621585561,4.451657333e-05,-0.01658696858,-0.03839538096,0.2502877677,-0.08565595951,0.5544920342,0.2119657609,1.033335635,-0.1462776834,-0.2259645179,-0.3251312434,0.1746752389,-0.1924396326,-0.00241338513,0.6778944618,0.00415869179,-0.05615859644,0.009039332954
0,0,0.7594907453,0,0.001919521542,0,0.9999981577,-0.4006833213,0.0002086036541,-0.0001289791545,0.171350147,0.2236122421,-0.0002376256923,-0.3176601174,-0.0008885572634,0.0004622022579,0.6836144683,-0.371949777,0.0009753615281,-0.01751606576,-0.04346765059,0.2380078346,-0.08607485208,0.5543292202,0.2122197592,1.054123631,-0.1423140102,-0.2440972838,-0.3225921175,0.1771679368,-0.1930436258,-0.003489043909,0.6843651271,0.005715909951,-0.06779378647,0.01246237161
0,0,0.7594907453,0,0.001863065109,0,0.9999982645,-0.4006833213,0.0002086036541,-0.0001289791545,0.171350147,0.2236122421,-0.0002376256923,-0.3176601174,-0.0008885572634,0.0004622022579,0.6836144683,-0.371949777,0.0009753615281,-0.01751606576,-0.04346765059,0.2380078346,-0.08607485208,0.5543292202,0.2122197592,1.054123631,-0.1423140102,-0.2440972838,-0.3225921175,0.1771679368,-0.1930436258,-0.003489043909,0.6843651271,0.005715909951,-0.06779378647,0.01246237161
0,0,0.7594907453,0,0.001806608665,0,0.9999983681,-0.3974536339,0.0004474886224,-0.0002769797718,0.1834010094,0.2082126138,-0.0005183776409,-0.3239198654,-0.001885421402,0.001001385933,0.6991667097,-0.3812274162,0.002095667252,-0.01824790342,-0.04723519323,0.2256776105,-0.08841101474,0.550597856,0.2103082549,1.075871807,-0.1364988663,-0.2618384963,-0.3172303031,0.1781227348,-0.1947808356,-0.005061172141,0.6930486403,0.007445416296,-0.07894087365,0.01665980808
0,0,0.7594907453,0,0.001750152211,0,0.9999984685,-0.3989288591,0.0006207067265,-0.0003881329662,0.2010515297,0.1918710831,-0.0007272151539,-0.3283889737,-0.002616479581,0.001411901344,0.7102511637,-0.3878400739,0.002937949029,-0.0186450108,-0.04942396307,0.2169933472,-0.09258871967,0.547174483,0.2083716501,1.096294418,-0.131323324,-0.2770418027,-0.3129923603,0.1778455897,-0.1963884735,-0.006397320597,0.7009701263,0.00872249293,-0.08702089811,0.01993340166
0,0,0.7594907453,0,0.001693695748,0,0.9999985657,-0.403244902,0.0007791601291,-0.0004937329036,0.2242917337,0.1728514245,-0.00091978955,-0.3321671909,-0.003297045411,0.001799259378,0.7196994263,-0.3935090815,0.003723684979,-0.01888929217,-0.05109766904,0.2095302601,-0.09706453313,0.543479642,0.2063319795,1.115515849,-0.1263451023,-0.2910558453,-0.3087046809,0.1774347238,-0.1980963757,-0.007701954074,0.7075885877,0.009942000091,-0.09337951751,0.02295433897
0,0,0.7594907453,0,0.001637239275,0,0.9999986597,-0.4095291415,0.000936552042,-0.00060291088,0.2524400743,0.1509681904,-0.001112408292,-0.3357170765,-0.003986635896,0.002196063119,0.7286426177,-0.3989013057,0.00451970988,-0.01906975083,-0.05258764862,0.202482651,-0.1012840275,0.5393571557,0.2041759689,1.133629572,-0.1214152459,-0.3043909182,-0.303985447,0.177215969,-0.1999626019,-0.009023048191,0.7128327294,0.01122649565,-0.09847755373,0.02596356345
0,0,0.7594907453,0,0.001580782794,0,0.9999987506,-0.416966554,0.001095538144,-0.0007177482631,0.2840852511,0.1268031858,-0.001308733862,-0.3392254864,-0.004697167791,0.002610145459,0.7375153261,-0.40426458,0.005341400941,-0.01922681646,-0.05399670876,0.1955794712,-0.1050490679,0.5347833349,0.2019112151,1.150710238,-0.1164898134,-0.3172517447,-0.2987341467,0.177267965,-0.2019863512,-0.01036227554,0.7167586438,0.0126025147,-0.1024987849,0.0290308559
0,0,0.7594907453,0,0.001524326304,0,0.9999988382,-0.4246357769,0.00125594187,-0.0008376433695,0.31732686,0.1013133652,-0.001508560635,-0.3427612441,-0.005426047856,0.003041089898,0.7464659593,-0.4096787459,0.006187130139,-0.01937836494,-0.05535446999,0.1887276518,-0.1082897515,0.5297767559,0.1995510746,1.166820047,-0.1115616481,-0.3297300264,-0.2929514112,0.1775903941,-0.2041471256,-0.01170994083,0.7194530811,0.01406465352,-0.1055383844,0.03215892263
0,0,0.7594907453,0,0.001467869807,0,0.9999989227,-0.4316795877,0.001417135549,-0.0009608182499,0.350315722,0.07546621969,-0.001710619049,-0.346343673,-0.006166278384,0.00348564545,0.7555263137,-0.4151564439,0.00704963274,-0.01953206739,-0.05666660046,0.1818939491,-0.1109823439,0.5243695852,0.1971098829,1.182012534,-0.1066361505,-0.3418743785,-0.2866742689,0.1781589804,-0.206417817,-0.01305423201,0.7210072533,0.01559705563,-0.1076627572,0.03532428914
0,0,0.7594907453,0,0.001411413303,0,0.999999004,-0.4375062335,0.001578441354,-0.00108504461,0.3817349505,0.04996747799,-0.001913299652,-0.3499720094,-0.006909537227,0.003939483321,0.7646817116,-0.4206838487,0.007919737935,-0.01969097095,-0.0579307047,0.1750654707,-0.1131196721,0.518598365,0.1946016151,1.196334864,-0.1017228201,-0.3537160899,-0.2799527738,0.1789430583,-0.2087690615,-0.01438323213,0.7215108157,0.0171803529,-0.108928854,0.03849322639
0,0,0.7594907453,0,0.001354956793,0,0.999999082,-0.4463523725,0.001780201286,-0.001253107856,0.4267829593,0.01372312047,-0.002176482992,-0.355138153,-0.007870969819,0.004546044471,0.7775437701,-0.4283963727,0.009071739584,-0.01988637302,-0.05930784333,0.1657410764,-0.118484505,0.5107351425,0.19131938,1.222266996,-0.09424323467,-0.3737227098,-0.270794594,0.1803480432,-0.2120708454,-0.01609734787,0.7208328457,0.01929543137,-0.1091823896,0.04269700079
0,0,0.7594907453,0,0.001298500276,0,0.9999991569,-0.4498797752,0.001939636558,-0.001377748017,0.4560180064,-0.01198761359,-0.002378451143,-0.3590752125,-0.008609763948,0.005019452928,0.787344523,-0.4342674222,0.009953324558,-0.02005950531,-0.0601920709,0.1585294132,-0.1233909627,0.5043250267,0.1889309581,1.244882171,-0.08819098065,-0.3910291672,-0.2636256246,0.1819145474,-0.2147152446,-0.01736020754,0.718341361,0.02091276121,-0.1079712881,0.04572315258
0,0,0.7594907453,0,0.001242043754,0,0.9999992287,-0.4504942775,0.002094409429,-0.001490416746,0.479277234,-0.03462263552,-0.002569586599,-0.3628151426,-0.009303489533,0.005470956513,0.7966312956,-0.4398181274,0.01078128808,-0.02024767527,-0.06100090082,0.1516433073,-0.1270453531,0.4978229422,0.186675386,1.26477089,-0.08254591082,-0.4068719604,-0.256351699,0.183705528,-0.2172457934,-0.01850807115,0.7145964019,0.02246764814,-0.1058371014,0.04847432562
0,0,0.7594907453,0,0.001185587228,0,0.9999992972,-0.4503254805,0.00225241676,-0.001604002644,0.5031398974,-0.05873476367,-0.002765011398,-0.3669495056,-0.01000643377,0.005941166136,0.8067821389,-0.4458455814,0.01163243049,-0.02047182168,-0.06162503853,0.1442032864,-0.1323575626,0.4907431734,0.1845631921,1.290278552,-0.07591497801,-0.4265906013,-0.2484527204,0.1862110594,-0.2199964845,-0.01960277623,0.7085144204,0.02408249186,-0.1018929289,0.05117853552
0,0,0.7594907453,0,0.001129130697,0,0.9999993625,-0.4478608855,0.002386575492,-0.001690052224,0.5195348703,-0.07751762079,-0.002923405444,-0.370279129,-0.0105772466,0.006327245526,0.8149527057,-0.4506842243,0.01231630822,-0.02065067073,-0.0623235183,0.1379519802,-0.1336522147,0.4843454465,0.1825952207,1.304817639,-0.07107465383,-0.439392406,-0.2412833612,0.1879469693,-0.2221477115,-0.02053689656,0.7038424577,0.02543634511,-0.09893212939,0.05334159484
0,0,0.7594907453,0,0.001072674162,0,0.9999994247,-0.4447952216,0.002519007129,-0.001772349418,0.5364889687,-0.097516964,-0.003079035372,-0.3738935936,-0.01113342352,0.0067145844,0.8237077167,-0.4558269061,0.01299234082,-0.02085322315,-0.06304684562,0.1312132795,-0.133631101,0.4773229065,0.1804156878,1.317696338,-0.06611758305,-0.4516965596,-0.2332485626,0.189715209,-0.224316811,-0.02144130313,0.6986677028,0.02681472992,-0.09538847909,0.05550123822
0,0,0.7594907453,0,0.001016217624,0,0.9999994837,-0.4413411203,0.00264711316,-0.0018499971,0.5549121142,-0.1194858938,-0.003229361711,-0.3779351108,-0.01166588469,0.007101015395,0.8333398204,-0.4614279366,0.01365348619,-0.02111588176,-0.06359576905,0.1238062768,-0.1342861379,0.4696561894,0.1783724122,1.334264806,-0.06028240508,-0.4668256949,-0.2244513706,0.1920454082,-0.2265914183,-0.02222683509,0.6914262043,0.02817332568,-0.09008781725,0.05749902996
0,0,0.7594907453,0,0.0009597610829,0,0.9999995394,-0.4368378441,0.002747906434,-0.001901618184,0.5680709127,-0.1370687833,-0.00334113546,-0.3811999219,-0.0120622326,0.007395865923,0.8410465373,-0.4658678257,0.01414288028,-0.02127985852,-0.06413884138,0.1174964414,-0.1326430665,0.4629261522,0.176451115,1.343673925,-0.05592713506,-0.4771466703,-0.2169332052,0.1934970053,-0.2282692375,-0.02289257013,0.686309111,0.02922954228,-0.08634608566,0.05894836691
0,0,0.7594907453,0,0.0009033045399,0,0.999999592,-0.4316813241,0.002839159226,-0.001943256505,0.5814887881,-0.1556247131,-0.003440044027,-0.3847170033,-0.01240811146,0.00766803532,0.8492026916,-0.4705086857,0.0145806287,-0.02147293264,-0.06463359643,0.110665871,-0.1298096118,0.4556697382,0.174346238,1.351943946,-0.05146189525,-0.4873189033,-0.208780563,0.1949281151,-0.2298588525,-0.02345880417,0.6807774091,0.03020032399,-0.08203735356,0.06021075227
0,0,0.7594907453,0,0.0008468479954,0,0.9999996414,-0.4269931277,0.002896772067,-0.001962226981,0.5903243647,-0.1690081346,-0.003498046417,-0.3872533459,-0.01260915488,0.007835649259,0.8549865675,-0.4737512579,0.01483751314,-0.02154222731,-0.06501404695,0.105502212,-0.1264575129,0.4501355173,0.1725954677,1.355655144,-0.0485211447,-0.4936322526,-0.2027942927,0.1956607012,-0.2308317977,-0.02386776172,0.6773552571,0.03083206027,-0.07936150133,0.0609183365
0,0,0.7594907453,0,0.0007903914498,0,0.9999996876,-0.4210886946,0.002950240353,-0.00197285418,0.6006125313,-0.1851005427,-0.003548590649,-0.3903660769,-0.01277840338,0.00799548791,0.8619451903,-0.4775946581,0.01506605151,-0.0216357309,-0.06538618205,0.09912006633,-0.121626526,0.4434043126,0.1703878747,1.359087104,-0.04510838356,-0.5008558993,-0.1955041084,0.1964364438,-0.2318115815,-0.02422751059,0.6732461901,0.03143707565,-0.07593276769,0.06149734215
0,0,0.7594907453,0,0.0007339349036,0,0.9999997307,-0.4145936237,0.002985876676,-0.001968686973,0.6108432069,-0.201778975,-0.003576665751,-0.3936655098,-0.01286359892,0.008108012989,0.8691506028,-0.4815010491,0.01520090189,-0.02174935441,-0.06563097347,0.0922864829,-0.1159770781,0.4363484654,0.1680700236,1.36224766,-0.04160970204,-0.5084217353,-0.1879215838,0.1972199577,-0.2325994912,-0.02442075936,0.6686640318,0.03186016902,-0.07191736343,0.06171015557
0,0,0.7594907453,0,0.0006774783574,0,0.9999997705,-0.4076681071,0.002997994482,-0.001947024503,0.6204035803,-0.21824779,-0.003575885828,-0.396996647,-0.01284304885,0.008155403757,0.8762295548,-0.4852507638,0.01521324352,-0.0218688662,-0.06570338794,0.08526973394,-0.1097375298,0.4292773372,0.165776319,1.365138141,-0.03818206774,-0.51614621,-0.1804698128,0.1979886885,-0.2331062432,-0.02440915427,0.6637348809,0.03203684825,-0.0674582819,0.06144405086
0,0,0.7594907453,0,0.0006210218118,0,0.9999998072,-0.4003765747,0.002983127888,-0.001906541054,0.6290624802,-0.2341958919,-0.003542560489,-0.4002964797,-0.0127042689,0.008126884326,0.8830224094,-0.4887461431,0.01508616371,-0.02198285853,-0.06558150414,0.07816457559,-0.1029838121,0.4223166737,0.1635651374,1.367759744,-0.03489721161,-0.5239768882,-0.1733479371,0.1987241818,-0.2332797346,-0.02417384888,0.658554445,0.03193023266,-0.0626633804,0.06063447742
0,0,0.7594907453,0,0.0005645652673,0,0.9999998406,-0.3927736453,0.002938370414,-0.001846472965,0.6367505024,-0.2494917073,-0.003473822007,-0.4035375974,-0.01243755946,0.00801397823,0.8894511138,-0.4919359911,0.0148066395,-0.02208360439,-0.06525052779,0.07100502943,-0.09573747009,0.4155320291,0.1614677273,1.370114217,-0.03179576819,-0.5319059818,-0.1666705911,0.1994094055,-0.2330806471,-0.02369956654,0.653204932,0.03151149853,-0.05761574145,0.05923529968
0,0,0.7594907453,0,0.0005081087244,0,0.9999998709,-0.3849200839,0.002860915091,-0.001766334991,0.643468588,-0.2640721555,-0.003367044078,-0.4067061831,-0.01203409217,0.007808954888,0.8954684505,-0.4947866553,0.01436293384,-0.02216586165,-0.06469757073,0.06380407899,-0.08800022106,0.4089689325,0.1595061284,1.372203218,-0.02890794593,-0.5399411305,-0.1605213745,0.2000283532,-0.2324741943,-0.02297087435,0.6477608188,0.03075397563,-0.05238373292,0.05720739558
0,0,0.7594907453,0,0.0004516521836,0,0.999999898,-0.3768831924,0.00274794199,-0.001665810617,0.6492497351,-0.2779016007,-0.00321966594,-0.409793456,-0.01148535081,0.00750432852,0.9010385426,-0.4972709619,0.01374376307,-0.02222584869,-0.06390996678,0.0565679592,-0.07976616577,0.4026660713,0.1576998502,1.374027579,-0.02626150251,-0.5480955407,-0.154973434,0.2005658856,-0.2314272983,-0.0219716609,0.6422919556,0.02963148085,-0.04702776388,0.05451436429
0,0,0.7594907453,0,0.0003951956455,0,0.9999999219,-0.3687348983,0.002596603902,-0.001544698927,0.6541427681,-0.2909564043,-0.003029141706,-0.4127923171,-0.01078297541,0.0070927098,0.9061292995,-0.499363954,0.01293804412,-0.02226064663,-0.06287482385,0.04930146027,-0.07102608621,0.3966597131,0.1560684353,1.375586677,-0.02388489397,-0.5563845473,-0.1500974642,0.2010073094,-0.2299075985,-0.02068533494,0.636866201,0.02811793833,-0.04160460324,0.05112097135
0,0,0.7594907453,0,0.0003387391107,0,0.9999999426,-0.3605502113,0.002404038861,-0.001402878472,0.6582053365,-0.3032189897,-0.002792927629,-0.4156959912,-0.009918725224,0.006566778267,0.9107094023,-0.5010412121,0.01193483193,-0.0222679054,-0.06157904095,0.04200998848,-0.0617689087,0.390985273,0.154632511,1.376877877,-0.02180860033,-0.564824231,-0.1459649037,0.20133769,-0.2278830802,-0.01909512775,0.6315520841,0.02618738484,-0.03617033469,0.04699264174
0,0,0.7594907453,0,0.0002822825797,0,0.9999999602,-0.3524062479,0.002167389809,-0.0012402743,0.6615007676,-0.3146754813,-0.002508480564,-0.4184974265,-0.008884475826,0.005919298144,0.9147470036,-0.5022781494,0.01072332003,-0.02224572345,-0.06000951999,0.03470042736,-0.05198212617,0.385677943,0.15341429,1.377895965,-0.0200657746,-0.5734306168,-0.1426493052,0.2015409828,-0.2253219198,-0.01718438475,0.6264215843,0.02381410102,-0.03078264018,0.04209534715
0,0,0.7594907453,0,0.0002258260529,0,0.9999999745,-0.344381614,0.001883826224,-0.001056823088,0.6640964952,-0.3253146782,-0.002173259687,-0.421188977,-0.007672225221,0.005143151938,0.9182090652,-0.503049672,0.009292862814,-0.02219261797,-0.05815347572,0.02738153716,-0.04165181366,0.3807730105,0.1524378758,1.378632504,-0.01869265287,-0.5822189551,-0.1402270125,0.2015990567,-0.2221924111,-0.01493685206,0.621553036,0.02097280667,-0.02550278821,0.03639563111
0,0,0.7594907453,0,0.0001693695311,0,0.9999999857,-0.3365559573,0.001550566406,-0.0008524345614,0.6660630837,-0.335127499,-0.001784729196,-0.4237621848,-0.006274101252,0.004231383623,0.9210609249,-0.5033299715,0.007633006317,-0.02210753885,-0.05599880919,0.02006416121,-0.03076245901,0.3763060668,0.1517294993,1.379075077,-0.01772889286,-0.5912028997,-0.1387775765,0.2014906476,-0.2184629303,-0.01233698475,0.6170341582,0.01763891698,-0.02039751535,0.02986066616
0,0,0.7594907453,0,0.0001129130146,0,0.9999999936,-0.3290095789,0.001164900068,-0.0006269486713,0.6674734258,-0.3441065572,-0.001340361376,-0.4262075924,-0.004682367657,0.003177249162,0.9232659351,-0.503092361,0.005733522903,-0.0219899013,-0.05353453313,0.01276133418,-0.01929668156,0.3723131698,0.1513177332,1.379206366,-0.01721790508,-0.6003934972,-0.1383840685,0.2011902645,-0.2141019299,-0.009370304657,0.6129652137,0.0137888745,-0.01554089133,0.02245829291
0,0,0.7594907453,0,5.645650405e-05,0,0.9999999984,-0.321823044,0.000724211114,-0.0003800886375,0.6684019249,-0.3522457286,-0.0008376399055,-0.428514555,-0.002889427453,0.001974274224,0.9247851085,-0.5023091189,0.003584448513,-0.0218396215,-0.05075124534,0.005488322843,-0.00723485572,0.368830976,0.1512336938,1.379003024,-0.01720720104,-0.6097979299,-0.1391333379,0.2006670512,-0.2090779622,-0.00602383394,0.6094623002,0.00940057674,-0.01101620781,0.01415701046
0,0,0.7594907453,0,0,0,1,-0.315076759,0.0002260005307,-0.0001114103086,0.6689235754,-0.3595396515,-0.0002740633545,-0.4306710415,-0.0008878226139,0.0006163197461,0.9255767469,-0.5009513272,0.001176121868,-0.0216571443,-0.04764164859,-0.001737395561,0.005445366846,0.3658968413,0.1515112254,1.378434278,-0.01774876743,-0.6194179521,-0.1411162199,0.1998836002,-0.2033597388,-0.002286630561,0.6066607836,0.004453921137,-0.006917905806,0.004925893313
0,0,0.7594907453,0,0,0.01137485164,0.9999353043,-0.315076759,0.0002260005307,-0.0001114103086,0.6689235754,-0.3595396515,-0.0002740633545,-0.4306710415,-0.0008878226139,0.0006163197461,0.9255767469,-0.5009513272,0.001176121868,-0.0216571443,-0.04764164859,-0.001737395561,0.005445366846,0.3658968413,0.1515112254,1.378434278,-0.01774876743,-0.6194179521,-0.1411162199,0.1998836002,-0.2033597388,-0.002286630561,0.6066607836,0.004453921137,-0.006917905806,0.004925893313
0,0,0.7594907453,0,0,0.02274823147,0.9997412255,-0.3106295296,-0.01289853793,-0.01932434498,0.6692899406,-0.3644431535,0.002203312582,-0.427851269,0.001305856972,-0.000892770608,0.9252118251,-0.5032829279,-0.001477947157,-0.03308062409,-0.03458525156,-0.006376770805,0.006618645354,0.3517330654,0.1539390868,1.380438478,-0.02197621081,-0.6168059715,-0.1383916172,0.2151709486,-0.2042185547,-0.0007032564734,0.5844764658,0.004831373386,0.0004589401863,0.006515125256
0,0,0.7594907453,0,0,0.03411866787,0.9994177888,-0.307919262,-0.0234119836,-0.0351743577,0.6695664796,-0.3671621549,0.004232714272,-0.4253253167,0.002977029178,-0.002019654045,0.9242893976,-0.5048682666,-0.003509782407,-0.04186215909,-0.02318340585,-0.008536980813,0.005428874938,0.3405390435,0.156168824,1.381967149,-0.02588866618,-0.61277585,-0.1370362479,0.2307039319,-0.2060208697,0.0003211849036,0.5587781354,0.005579395245,0.01067546215,0.008124501362
0,0,0.7594907453,0,0,0.04548468961,0.9989650359,-0.3057320441,-0.03302136033,-0.04999230491,0.6698315806,-0.3691430586,0.006004452877,-0.4229730503,0.004597823644,-0.003099391371,0.9229058209,-0.5058472567,-0.005465107518,-0.04954058693,-0.01198346114,-0.009927885339,0.003562747553,0.3305251883,0.1584378949,1.38329765,-0.02988480991,-0.6082253239,-0.136857895,0.2465338825,-0.2078123735,0.001222352672,0.5310583355,0.006282422076,0.02255348203,0.00906028509
0,0,0.7594907453,0,0,0.05684482602,0.9983830256,-0.3036690072,-0.04226715057,-0.06452635019,0.6701000558,-0.3708369002,0.007624881375,-0.4207636623,0.006298457871,-0.004222549571,0.9210978973,-0.5062678382,-0.007503796231,-0.05672334682,-0.0005520769085,-0.01112824719,0.001642697864,0.3211498165,0.1608740344,1.384529958,-0.0341346901,-0.603481165,-0.1377558437,0.2623501202,-0.2093028107,0.00219550665,0.5024542516,0.006715380237,0.03536332118,0.009161582527
0,0,0.7594907453,0,0,0.0681976072,0.997671833,-0.3016032547,-0.05132046991,-0.0790162101,0.6703772919,-0.3723877471,0.009138382677,-0.4186931454,0.008103180841,-0.005405740686,0.9188868491,-0.5061504338,-0.009659288745,-0.06366399565,0.01120170424,-0.01235141965,-0.0001001350819,0.3122735898,0.1635323884,1.385704206,-0.03869939982,-0.5986496346,-0.1396609913,0.2778174882,-0.2104012938,0.003324197659,0.473832196,0.006774180576,0.04859430485,0.008446518159
0,0,0.7594907453,0,0,0.07954156419,0.9968315502,-0.2994962371,-0.06023583031,-0.09353860899,0.6706669181,-0.373843207,0.01056177319,-0.4167642979,0.01000349185,-0.006643469173,0.9162891372,-0.5055076741,-0.01192387376,-0.070474419,0.0232598237,-0.01368737549,-0.001586903697,0.303882556,0.1664279858,1.386839473,-0.04358996109,-0.593747278,-0.1425144715,0.2926645909,-0.2110829882,0.00464154904,0.445837082,0.006420423459,0.0618746098,0.006990650877
0,0,0.7594907453,0,0,0.09087522919,0.995862286,-0.2973378475,-0.06903101048,-0.1081180215,0.6709720949,-0.3752203418,0.0119009421,-0.4149805232,0.01198091371,-0.007923908692,0.9133194192,-0.5043506498,-0.01427672386,-0.07720626532,0.0355742473,-0.01517986526,-0.002801754178,0.2959980436,0.1695555907,1.387947034,-0.04879540386,-0.5887533478,-0.1462611156,0.3066940779,-0.2113487387,0.006157864874,0.4189316845,0.005650030644,0.07493646055,0.00488317867
0,0,0.7594907453,0,0,0.1021971357,0.9947641657,-0.2951270706,-0.07771227644,-0.1227621378,0.6712957405,-0.3765264667,0.01315765572,-0.4133439689,0.01401413724,-0.009233704736,0.9099914288,-0.5026909077,-0.01669314646,-0.08388378197,0.04809326437,-0.01685193116,-0.003756873964,0.2886478602,0.1729004011,1.389035426,-0.05429576134,-0.5836318559,-0.150847887,0.3197716551,-0.2112120117,0.007872272695,0.3934334984,0.004477125088,0.08759347471,0.002211366607
0,0,0.7594907453,0,0,0.1135058188,0.9935373315,-0.2928657468,-0.0862823428,-0.1374732227,0.671640561,-0.3777657246,0.01433217424,-0.4118550254,0.01608132079,-0.0105594356,0.9063182904,-0.5005410859,-0.01914767751,-0.0905178873,0.06076951954,-0.01871536258,-0.004478026145,0.2818576808,0.1764434403,1.390112827,-0.06006780256,-0.5783412359,-0.1562234621,0.3318113346,-0.2106939895,0.009777305188,0.3695491947,0.002925975574,0.09972160506,-0.0009442577013
0,0,0.7594907453,0,0,0.1247998152,0.992181942,-0.290556561,-0.09474288357,-0.1522517561,0.6720090481,-0.3789411641,0.01542422566,-0.4105122521,0.01816088389,-0.01188805477,0.902312681,-0.4979151092,-0.02161515679,-0.09711265146,0.07356161024,-0.02077505615,-0.004998123357,0.2756490678,0.1801641344,1.391188455,-0.06608732684,-0.5728387957,-0.162337784,0.3427621251,-0.2098211502,0.01186060314,0.3474048372,0.001026948946,0.1112424293,-0.004510538717
0,0,0.7594907453,0,0,0.1360776636,0.9906981727,-0.2873910193,-0.1057346692,-0.1718340365,0.6725289239,-0.3804070506,0.01678780567,-0.4087930452,0.02087096599,-0.01360415856,0.896327216,-0.4936793866,-0.02487202913,-0.1057723084,0.0916275274,-0.02340774026,-0.005342035913,0.2679364941,0.1854294244,1.391980883,-0.07514745033,-0.5643214325,-0.1724448867,0.3578532746,-0.2086696158,0.01515049177,0.313947595,-0.002493672422,0.1302584016,-0.0104894393
0,0,0.7594907453,0,0,0.1473379047,0.9890862156,-0.2848843454,-0.1142103082,-0.1872513323,0.672967691,-0.3814795843,0.01772755455,-0.4076720391,0.02296528595,-0.0149302668,0.8913278552,-0.4898309753,-0.02736642228,-0.1125127706,0.1056385713,-0.0258317227,-0.005140113348,0.2627233634,0.1894274228,1.392021196,-0.08252406168,-0.5570294466,-0.1809011613,0.3677220873,-0.2072787687,0.01785331253,0.291379116,-0.005485212298,0.1436033862,-0.01535894569
0,0,0.7594907453,0,0,0.1585790815,0.9873462791,-0.2824205985,-0.1223404431,-0.202304419,0.6734279039,-0.3824634571,0.01854258971,-0.406754803,0.02494931341,-0.01618650444,0.8862256538,-0.4856799769,-0.02971870211,-0.1190414812,0.1188052671,-0.0285394152,-0.004669953047,0.2584788208,0.1932175214,1.391805458,-0.08971986023,-0.5495724299,-0.1892753207,0.3751400144,-0.2054873642,0.02049473511,0.2744054615,-0.008433613668,0.153736828,-0.01997713171
0,0,0.7594907453,0,0,0.1697997395,0.9854785885,-0.2797230985,-0.1309524682,-0.2185405966,0.6739487831,-0.3834636018,0.01933185113,-0.4058305956,0.02699440433,-0.01747636751,0.880302965,-0.480702311,-0.03215783684,-0.1260908501,0.1331119493,-0.03162984982,-0.003452645718,0.2545624804,0.1970025995,1.390058077,-0.09822064193,-0.5400180521,-0.1990466599,0.3820774642,-0.2034074402,0.02354269796,0.2573407112,-0.01199997755,0.164564086,-0.02525114718
0,0,0.7594907453,0,0,0.180998427,0.9834833854,-0.2770954337,-0.1391227733,-0.2342261864,0.6744822612,-0.3843666889,0.01999319127,-0.405053716,0.02886360648,-0.01865361181,0.8742832171,-0.4754776568,-0.03438347262,-0.1329429283,0.1460655686,-0.03436710253,0.02832227325,0.2479254249,0.1875067456,1.313888988,-0.1158345643,-0.4873382377,-0.202256987,0.3872348735,-0.2009689936,0.02656569315,0.2434116685,-0.01525270428,0.1737978136,-0.03008780441
0,0,0.7594907453,0,0,0.1921736947,0.981360928,-0.2745379766,-0.1469108956,-0.2494334645,0.6750460688,-0.3851863621,0.02053734801,-0.4044841493,0.03056243335,-0.01972623215,0.8683607187,-0.4701568253,-0.03639333512,-0.1396169964,0.1558351697,-0.03698304061,0.06701291982,0.2419708834,0.1816431657,1.220300558,-0.1274567988,-0.4248592057,-0.2016074646,0.3884889762,-0.1976029942,0.02921622664,0.2403125469,-0.01723541855,0.1754645226,-0.03340217173
0,0,0.7594907453,0,0,0.2033240969,0.9791114909,-0.2719828933,-0.1545243346,-0.2645482507,0.6756453869,-0.3859499381,0.02098937707,-0.4040430982,0.03212445611,-0.02071378309,0.8623294002,-0.464604742,-0.03823748885,-0.1461448034,0.1651208432,-0.03982330523,0.09330153885,0.2384264143,0.1797113621,1.156763623,-0.1363987575,-0.3795105612,-0.2028880267,0.3884681022,-0.1940950648,0.0317300996,0.2400093897,-0.01904361663,0.175622554,-0.03652023004
0,0,0.7594907453,0,0,0.2144481906,0.9767353652,-0.2694366349,-0.1619527007,-0.2795389576,0.6762734931,-0.3866579815,0.02135163376,-0.4036947646,0.03353677066,-0.0216072211,0.8561750995,-0.4588393689,-0.03990359905,-0.15259038,0.1737506812,-0.04271450219,0.1172679033,0.2360148345,0.1784895597,1.09859438,-0.1448265068,-0.336935452,-0.2040616098,0.3873543612,-0.1904483725,0.03413821583,0.2417484858,-0.02060359738,0.1748255873,-0.03936365689
0,0,0.7594907453,0,0,0.2255445366,0.9742328582,-0.267009255,-0.1689205808,-0.2938213593,0.676907559,-0.3872863436,0.02161417938,-0.4034745675,0.0347448911,-0.0223739272,0.8502379479,-0.4531730741,-0.04132429465,-0.1585872417,0.1820132135,-0.04564665645,0.1350316157,0.2347435775,0.178414186,1.055325267,-0.152388572,-0.3031527041,-0.2061582179,0.3856524487,-0.1870309419,0.03626703453,0.2444401379,-0.02204382105,0.173693202,-0.04206018143
0,0,0.7594907453,0,0,0.2366116991,0.9716042939,-0.2643796876,-0.1762861186,-0.3091597447,0.6776128404,-0.3879201589,0.02181841449,-0.4032151681,0.0358869165,-0.02309545015,0.8435651226,-0.4467924099,-0.04267573209,-0.1650829923,0.1904349359,-0.04891041458,0.153876586,0.234192827,0.1785499272,1.009088995,-0.1606238001,-0.2663271627,-0.2081985176,0.3828266995,-0.1833072301,0.03850187762,0.2490227104,-0.02348428915,0.1718306152,-0.04476535722
0,0,0.7594907453,0,0,0.247648246,0.9688500123,-0.2617086051,-0.1836107809,-0.3246606802,0.6783573588,-0.3885156854,0.02193882252,-0.402970325,0.0368710015,-0.02371533606,0.8366221578,-0.4401196413,-0.04384200373,-0.1716660365,0.1982702326,-0.05231010958,0.1729895014,0.2344640011,0.1788105972,0.9617333135,-0.1689862219,-0.2281835054,-0.2096558816,0.3788163152,-0.17945207,0.04059889184,0.2559677935,-0.02463139331,0.1687840289,-0.0471266714
0,0,0.7594907453,0,0,0.2586527494,0.9659703698,-0.2597073531,-0.1891125647,-0.3364617284,0.6789589833,-0.3889262161,0.02195759689,-0.4029544792,0.03748726866,-0.02410976381,0.8315052627,-0.4350750947,-0.04456475041,-0.1763875784,0.2048513092,-0.05504998609,0.1823040868,0.2351148364,0.1798701382,0.9382710031,-0.1749204141,-0.206560581,-0.2121803649,0.3758304958,-0.1768105981,0.04191278674,0.2607447112,-0.02554620059,0.1668546692,-0.04907985117
0,0,0.7594907453,0,0,0.2696237853,0.962965739,-0.2572497646,-0.1957420535,-0.350870534,0.6797149913,-0.3893974519,0.02191666119,-0.4028911843,0.03809592201,-0.02449704016,0.8250661576,-0.4287458976,-0.04528358792,-0.1821024141,0.2131268633,-0.05857980939,0.1914206155,0.236420703,0.1816388599,0.9148970788,-0.1821777188,-0.1826730305,-0.2160448776,0.371840067,-0.17381038,0.04340699972,0.266810847,-0.02678670212,0.1646904354,-0.05153270825
0,0,0.7594907453,0,0,0.2805599342,0.9598365086,-0.2546200053,-0.2026705372,-0.3661539791,0.6805437523,-0.3898628177,0.02179912638,-0.4027610669,0.03857215892,-0.02479581572,0.8180216789,-0.4218602235,-0.04584972075,-0.1881517695,0.2217820401,-0.06248271516,0.2001972602,0.2383836482,0.183755042,0.8918965804,-0.1899284614,-0.1577261077,-0.2202933642,0.3669740766,-0.1707858022,0.04483568664,0.2742569229,-0.02803985177,0.1620777471,-0.05398449501
0,0,0.7594907453,0,0,0.2914597811,0.9565830837,-0.2519195834,-0.2096378799,-0.381757342,0.6814193247,-0.3902996333,0.02159777667,-0.402576384,0.03887415817,-0.02497971904,0.8106637498,-0.4147024905,-0.04621080585,-0.1942980142,0.2303862543,-0.06661858347,0.2084548968,0.240963885,0.1860992366,0.869656091,-0.1978416817,-0.1323680169,-0.2245825019,0.3613170208,-0.1678566578,0.04607885594,0.2831100409,-0.02915413462,0.158877085,-0.0562379457
0,0,0.7594907453,0,0,0.3023219155,0.9532058851,-0.2491857035,-0.2165637171,-0.397502433,0.6823332234,-0.3907004157,0.02130948867,-0.4023427164,0.03898665051,-0.02503927019,0.8031187422,-0.4073972416,-0.0463470009,-0.2004519031,0.2388120984,-0.07094185823,0.2160150073,0.2441184956,0.1886383601,0.8485768388,-0.2057744235,-0.1070082,-0.2288112984,0.3549408227,-0.1650826964,0.04707600001,0.2933366478,-0.03006361216,0.1550255506,-0.05821355892
0,0,0.7594907453,0,0,0.3131449321,0.9497053498,-0.2464323859,-0.2234243717,-0.4133316526,0.6832823481,-0.3910628753,0.02093287283,-0.4020569915,0.03890347206,-0.02497049422,0.7954481886,-0.4000109747,-0.04625005244,-0.206577202,0.2470382256,-0.07543897356,0.2227162288,0.2478063445,0.1913656679,0.8290308872,-0.213653221,-0.08193994456,-0.2329730209,0.3479170424,-0.1625070313,0.04779546333,0.3048576446,-0.03074397853,0.1505144998,-0.05987796357
0,0,0.7594907453,0,0,0.3239274304,0.9460819308,-0.2436652555,-0.2302140172,-0.4292260801,0.6842651049,-0.3913864158,0.02046726192,-0.4017110284,0.03862213723,-0.02477159449,0.7876884585,-0.3925891087,-0.04591647663,-0.2126569657,0.2550799147,-0.08010679701,0.2284225027,0.2519867839,0.1942776334,0.8113375835,-0.2214291662,-0.05738690052,-0.2370948895,0.3403201982,-0.160167272,0.04822080311,0.3175634943,-0.03119039893,0.1453690757,-0.06121591044
0,0,0.7594907453,0,0,0.3346680153,0.9423360969,-0.2408868653,-0.2369324413,-0.4451792256,0.6852802008,-0.3916709278,0.01991228878,-0.4012943462,0.03814212568,-0.02444201576,0.7798664924,-0.3851695238,-0.04534533299,-0.2186815521,0.262963018,-0.08494511206,0.2330264394,0.2566188037,0.1973655373,0.7957526382,-0.2290611005,-0.03352123305,-0.2412125701,0.332227609,-0.1580976984,0.04834467581,0.3313268232,-0.03140668245,0.1396333442,-0.06221882107
0,0,0.7594907453,0,0,0.345365297,0.9384683328,-0.2380986028,-0.2435811952,-0.4611886119,0.6863262927,-0.3919163812,0.01926771561,-0.4007957535,0.03746432435,-0.02398219936,0.772006074,-0.3777875488,-0.04453749218,-0.2246443981,0.2707133724,-0.08995402637,0.2364493849,0.2616611401,0.2006131367,0.7824661054,-0.2365096252,-0.01047245163,-0.2453589734,0.323718209,-0.1563291877,0.04816594598,0.3460119104,-0.03139994449,0.1333603796,-0.06287983336
0,0,0.7594907453,0,0,0.3560178914,0.9344791389,-0.2353013679,-0.2501623807,-0.477253073,0.6874018971,-0.3921226925,0.018533367,-0.4002041592,0.03659083239,-0.02339353064,0.7641303454,-0.3704777949,-0.04349538893,-0.2305405771,0.2783522831,-0.0951331661,0.2386392202,0.2670727951,0.2039969161,0.771606534,-0.2437353175,0.01166602607,-0.2495594132,0.3148713724,-0.1548887746,0.04768815536,0.3614811475,-0.03117795905,0.1266060935,-0.06319160913
0,0,0.7594907453,0,0,0.3666244201,0.9303690314,-0.2324958137,-0.2566782677,-0.4933718877,0.6885053742,-0.3922896837,0.01770910418,-0.3995089811,0.03552488259,-0.02267833459,0.7562628253,-0.3632748134,-0.04222293201,-0.2363663401,0.2858947643,-0.100481526,0.2395668084,0.2728135411,0.2074874,0.7632488949,-0.250698586,0.03283047169,-0.2538299041,0.3057661096,-0.1537993316,0.04691857299,0.3775988802,-0.03074790492,0.119425762,-0.0631454632
0,0,0.7594907453,0,0,0.3771835108,0.9261385421,-0.2296824324,-0.2631311712,-0.5095445024,0.6896349298,-0.392417071,0.01679481548,-0.3987003596,0.03427080147,-0.0218398792,0.7484278244,-0.3562133105,-0.04072546428,-0.242118985,0.2933492095,-0.1059975435,0.2392218861,0.2788442353,0.211050819,0.7574242229,-0.257360141,0.05298040509,-0.2581771254,0.2964806895,-0.1530794493,0.04586750798,0.394233181,-0.03011587307,0.1118724395,-0.06273119569
0,0,0.7594907453,0,0,0.3876937972,0.9217882184,-0.2268615854,-0.2695234097,-0.5257704429,0.6907886209,-0.392504463,0.01579041289,-0.3977692795,0.03283398406,-0.02088237552,0.740650614,-0.3493281903,-0.03900973824,-0.2477968221,0.3007178361,-0.1116792243,0.2376090021,0.2851269222,0.2146507787,0.7541293949,-0.2636816553,0.07209248981,-0.2625992618,0.2870926129,-0.1527434856,0.04454775591,0.4112561322,-0.02928678843,0.1039966229,-0.06193731121
0,0,0.7594907453,0,0,0.3981539193,0.9173186233,-0.2240335157,-0.2758572898,-0.542049287,0.69196436,-0.3925513616,0.01469583083,-0.3967076469,0.0312208755,-0.01981097135,0.7329574878,-0.3426545311,-0.03708389571,-0.2533991589,0.3079975154,-0.1175242495,0.2347438999,0.2916247779,0.2182497747,0.7533359911,-0.2696264411,0.09015517038,-0.267087232,0.2776788223,-0.1528017264,0.04297412418,0.4285431515,-0.02826453459,0.09584668146,-0.06075143472
0,0,0.7594907453,0,0,0.4085625237,0.9127303349,-0.2211983521,-0.2821350974,-0.5583806572,0.69315992,-0.3925571637,0.01351102591,-0.3955083404,0.02943895702,-0.01863173789,0.7253757722,-0.3362275303,-0.03495744784,-0.2589262842,0.3151807354,-0.1235300439,0.2306505439,0.298301967,0.2218104921,0.7549976716,-0.275160075,0.1071643044,-0.2716259921,0.2683160385,-0.1532606077,0.041163011,0.4459717946,-0.02705214672,0.08746968498,-0.05916080124
0,0,0.7594907453,0,0,0.4189182636,0.9080239471,-0.2183561117,-0.2883590926,-0.5747642189,0.6943729374,-0.3925211626,0.01223597694,-0.3941652436,0.02749673579,-0.01735164918,0.717933805,-0.3300824345,-0.03264125443,-0.2643794498,0.3222565394,-0.129693799,0.2253588469,0.3051234734,0.2252968858,0.7590558723,-0.2802509486,0.1231198711,-0.2761957274,0.2590811386,-0.1541229591,0.03913202343,0.4634203665,-0.02565199065,0.07891237375,-0.05715274259
0,0,0.7594907453,0,0,0.429219799,0.9032000687,-0.2155067019,-0.2945315052,-0.5911996809,0.6956009161,-0.3924425503,0.01087068508,-0.3926732646,0.025403738,-0.01597855413,0.7106608902,-0.3242544578,-0.03014750192,-0.269760853,0.3292113536,-0.1360124604,0.2189030627,0.3120549463,0.2286750628,0.7654438724,-0.2848707485,0.1380237079,-0.2807728305,0.2500515121,-0.1553882462,0.0368996259,0.4807665656,-0.02406588424,0.07022209754,-0.05471512784
0,0,0.7594907453,0,0,0.4394657971,0.898259324,-0.2126499215,-0.3006545295,-0.6076867963,0.6968412299,-0.3923204188,0.009415174043,-0.3910283403,0.02317050515,-0.01452114153,0.7035872292,-0.3187786891,-0.02748968008,-0.2750736214,0.3360296699,-0.1424826825,0.2113207608,0.3190625858,0.2319139949,0.7740894158,-0.2889948739,0.1518781501,-0.2853306323,0.2413053618,-0.1570527997,0.03448481342,0.4978862986,-0.02229514433,0.06144762254,-0.05183673903
0,0,0.7594907453,0,0,0.4496549321,0.8932023522,-0.2097854621,-0.306730321,-0.6242253635,0.6980911264,-0.3921537619,0.007869490356,-0.3892274274,0.02080859312,-0.01298889816,0.6967438281,-0.3136899899,-0.02468255719,-0.2803218023,0.3426945807,-0.1491007617,0.2026522833,0.3261130748,0.2349860886,0.7849161268,-0.2926028023,0.1646854192,-0.2898398904,0.2329219286,-0.1591100271,0.03190680637,0.5146527368,-0.02034056037,0.05263975511,-0.04850757993
0,0,0.7594907453,0,0,0.4597858856,0.8880298077,-0.2069129097,-0.3127609912,-0.6408152268,0.6993477289,-0.3919414772,0.006233703601,-0.3872684778,0.01833057348,-0.01139206051,0.6901623782,-0.3090228784,-0.02174215374,-0.2855103531,0.3491881866,-0.1558625504,0.1929405891,0.3331735542,0.2378676334,0.7978439538,-0.2956784156,0.1764476054,-0.2942690655,0.224981636,-0.1615506102,0.02918476552,0.5309356373,-0.01820230671,0.0438517666,-0.0447191262
0,0,0.7594907453,0,0,0.4698573467,0.8827423598,-0.204031746,-0.3187486045,-0.6574562776,0.7006080397,-0.3916823675,0.004507906717,-0.3851503995,0.0157500368,-0.009741560776,0.683875108,-0.3048114018,-0.01868571457,-0.2906451306,0.3554919063,-0.1627633591,0.182231402,0.3402116291,0.240539143,0.8127888488,-0.2982102929,0.1871671098,-0.2985844277,0.2175661592,-0.1643626946,0.02633752736,0.5466009223,-0.01587981083,0.03513962653,-0.04046453059
0,0,0.7594907453,0,0,0.4798680124,0.8773406925,-0.2011413502,-0.3246951732,-0.6741484545,0.7018689424,-0.3913751423,0.002692216305,-0.3828730012,0.01308159701,-0.008048967634,0.6779146048,-0.3010889935,-0.01553167961,-0.2957328726,0.3615867235,-0.1697978498,0.1705735995,0.3471953901,0.2429855968,0.8296618515,-0.3001919767,0.1968474352,-0.3027500371,0.2107584257,-0.167532078,0.0233833604,0.5615104898,-0.01337159702,0.0265620651,-0.03573879999
0,0,0.7594907453,0,0,0.4898165872,0.8718255049,-0.1982410002,-0.3306026542,-0.6908917445,0.7031272044,-0.3910184197,0.0007867729547,-0.3804369203,0.01034089645,-0.006326422985,0.6723136028,-0.2978883154,-0.01229965309,-0.3007811657,0.367453403,-0.1769599252,0.1580197912,0.3540934308,0.2451965855,0.8483677041,-0.301622215,0.2054942429,-0.3067276469,0.2046425629,-0.1710424076,0.02033974387,0.5755222183,-0.01067512459,0.01818049402,-0.03053896168
0,0,0.7594907453,0,0,0.4997017839,0.8661975105,-0.1953298744,-0.3364729447,-0.7076861826,0.7043794793,-0.3906107277,-0.001208258408,-0.3778435353,0.00754461069,-0.004586575389,0.6671047381,-0.2952410841,-0.009010371423,-0.3057983911,0.3730727122,-0.1842426227,0.1446270506,0.3608748388,0.2471663606,0.8688030962,-0.3025051814,0.2131166141,-0.3104765722,0.1993038049,-0.1748753945,0.01722316976,0.5884901232,-0.007786638922,0.01005881829,-0.02486423677
0,0,0.7594907453,0,0,0.5095223235,0.8604574376,-0.1924070535,-0.3423078785,-0.7245318527,0.7056223086,-0.3901505058,-0.003292688151,-0.375094861,0.00471045268,-0.002842511379,0.6623202684,-0.2931778802,-0.005685669941,-0.3107936382,0.3784256739,-0.1916380196,0.1304577689,0.3675091401,0.2488937878,0.890854621,-0.3028506681,0.2197284685,-0.3139535679,0.194828377,-0.1790110568,0.01404896935,0.6002646213,-0.004701051609,0.002263173148,-0.01871623815
0,0,0.7594907453,0,0,0.5192769353,0.8546060288,-0.1894715225,-0.3481092216,-0.7414288874,0.706852124,-0.3896361065,-0.005466301546,-0.3721934286,0.001857175457,-0.001107685722,0.6579917593,-0.2917279422,-0.002348448567,-0.3157765762,0.3834938804,-0.1991371643,0.1155806013,0.373966174,0.2503822049,0.9143965191,-0.3026742488,0.225350101,-0.3171127596,0.1913033735,-0.1834279982,0.01083116424,0.6106928589,-0.001411864695,-0.005138380631,-0.01209921032
0,0,0.7594907453,0,0,0.5289643571,0.8486440414,-0.1865221718,-0.3538786692,-0.7583774681,0.7080652491,-0.3890657966,-0.007728858358,-0.3691421514,-0.0009954269949,0.0006041482857,0.6541497369,-0.2909189438,0.0009773632167,-0.3207572726,0.3882598893,-0.2067300477,0.1000714672,0.3802158801,0.2516391838,0.9392883075,-0.3019973961,0.2300097906,-0.3199056696,0.1888166437,-0.188103733,0.007582341288,0.619619069,0.002088848356,-0.0120761727,-0.005020327286
0,0,0.7594907453,0,0,0.5385833354,0.8425722466,-0.1835578,-0.359617841,-0.775377825,0.7092579005,-0.3884377585,-0.01008009241,-0.3659441781,-0.003826521117,0.002279007456,0.6508233114,-0.2907767582,0.00426684184,-0.3257459462,0.3927077202,-0.2144056353,0.08401455196,0.3862279832,0.2526762049,0.9653724256,-0.3008475384,0.2337454216,-0.3222813852,0.1874567011,-0.1930150632,0.004313549079,0.6268849262,0.005810393998,-0.01847922639,0.002509936685
0,0,0.7594907453,0,0,0.5404612318,0.8413689185,-0.1858161956,-0.3553425523,-0.7678626546,0.7081842339,-0.3887085364,-0.01088006908,-0.3648321286,-0.00526221807,0.003118927486,0.647266998,-0.2883965045,0.005976292301,-0.3225593868,0.3930092331,-0.2181945363,0.0755618268,0.395979124,0.2525544812,0.9831568401,-0.2989214821,0.231358573,-0.3324165729,0.1819190553,-0.1946747149,0.002906755435,0.6376863579,0.005713859875,-0.02317617184,0.002957595351
0,0,0.7594907453,0,0,0.5423364396,0.8401614049,-0.1899415453,-0.3479570203,-0.7524529225,0.7064012435,-0.3890608364,-0.01122463111,-0.3642521803,-0.006270678156,0.003709392387,0.6438526646,-0.2855987453,0.007174141057,-0.3171995496,0.3916714601,-0.2204745261,0.07056708157,0.4072362425,0.2522127187,0.9962720878,-0.2970369951,0.2277253181,-0.3450931308,0.1747305209,-0.1952965168,0.002035305707,0.6504095027,0.004481320019,-0.02803966931,0.001304188639
0,0,0.7594907453,0,0,0.5442089496,0.838949712,-0.1946436561,-0.3395608407,-0.7345763208,0.7044195137,-0.3893212054,-0.01151255358,-0.3637392044,-0.007148700112,0.00422258813,0.6406992578,-0.2829711615,0.00820545062,-0.3114384429,0.3894397269,-0.2220340884,0.06737030633,0.4193975505,0.2519892315,1.006478498,-0.2953867467,0.2242884218,-0.3585468441,0.1667688153,-0.1956677574,0.001226194001,0.6643641546,0.003111010503,-0.03346752907,-0.0006174177753
0,0,0.7594907453,0,0,0.5460787524,0.8377338457,-0.1995078543,-0.330835465,-0.7159639679,0.7024042695,-0.3894461042,-0.01185191783,-0.3631640016,-0.007984396746,0.004708992217,0.6378546902,-0.2807029571,0.009179118588,-0.3057654655,0.386575265,-0.2231774675,0.06523463769,0.4322584012,0.2519588507,1.014733287,-0.2939666234,0.2213910576,-0.3722109445,0.1584285478,-0.1960658353,0.0003309118958,0.6791578013,0.001930490293,-0.03948947936,-0.002189774534
0,0,0.7594907453,0,0,0.5479458387,0.8365138121,-0.204406007,-0.3220080813,-0.6971622785,0.7004114607,-0.3894262356,-0.01226188537,-0.3624966499,-0.008801797193,0.005182211321,0.6353373304,-0.2788495525,0.01012715978,-0.3002937981,0.3831908787,-0.2240349808,0.06376774741,0.4457301881,0.2521209436,1.021653303,-0.2927281866,0.2190158631,-0.3859238659,0.1499185229,-0.1965847937,-0.0006903686211,0.6945272074,0.001032542015,-0.04603768717,-0.003230705486
0,0,0.7594907453,0,0,0.5498101993,0.8352896173,-0.2092972902,-0.3131560605,-0.6783415248,0.6984623133,-0.3892626724,-0.01273687386,-0.3617352535,-0.009605377711,0.005644623678,0.6331513522,-0.2774202592,0.01105667044,-0.2950329842,0.3793503103,-0.2246687177,0.06271853978,0.4597602849,0.2524589352,1.027693945,-0.2916202993,0.2170344571,-0.39965659,0.1413647286,-0.1972518078,-0.001841252027,0.7102791312,0.0004299306066,-0.05302636201,-0.003708763411
0,0,0.7594907453,0,0,0.5516718249,0.8340612673,-0.214166632,-0.3043068088,-0.6595530597,0.6965665436,-0.38895985,-0.01326502697,-0.3608850719,-0.01039372011,0.006095236809,0.631293536,-0.2764078993,0.01196676315,-0.2899678735,0.3750991794,-0.225112594,0.06190277465,0.4743069012,0.2529546647,1.033219568,-0.2905972205,0.2152937152,-0.4134195905,0.1328519725,-0.1980690396,-0.003113093174,0.7262646105,0.0001085879398,-0.06037520872,-0.003642668524
0,0,0.7594907453,0,0,0.5535307062,0.8328287683,-0.2190062937,-0.2954708579,-0.6408108025,0.6947296626,-0.3885234453,-0.01383327415,-0.3599526249,-0.0111636984,0.00653210758,0.6297564424,-0.2757989808,0.01285408203,-0.285079879,0.3704750029,-0.2253884204,0.06117384742,0.4893309329,0.2535902115,1.038532881,-0.2896184845,0.2136454741,-0.4272314865,0.1244423104,-0.1990288605,-0.004493255097,0.7423654519,4.599536473e-05,-0.06801479997,-0.003066543772
0,0,0.7594907453,0,0,0.5553868339,0.8315921264,-0.2238104525,-0.286652858,-0.6221169952,0.6929553422,-0.3879597525,-0.01442866959,-0.3589441493,-0.0119117626,0.006953089073,0.6285299497,-0.2755772789,0.01371459754,-0.280351813,0.3655106769,-0.2255125285,0.06041034228,0.5047933327,0.2543471859,1.043888221,-0.2886476325,0.2119563795,-0.4411087997,0.1161838901,-0.2001195117,-0.00596810898,0.7584858944,0.0002176362588,-0.07588631215,-0.002018268276
0,0,0.7594907453,0,0,0.5572401989,0.8303513478,-0.2285736334,-0.277855244,-0.6034703275,0.6912462245,-0.3872755081,-0.01503874299,-0.3578652809,-0.01263433254,0.007356061148,0.6276020468,-0.2757251521,0.01454418998,-0.2757684582,0.3602358532,-0.2254985209,0.05951031055,0.5206543149,0.2552060439,1.04949808,-0.2876513516,0.2101108115,-0.4550628346,0.1081155683,-0.2013272853,-0.007524157642,0.7745469134,0.0005992865955,-0.08393980678,-0.0005358075588
0,0,0.7594907453,0,0,0.5590907919,0.8291064385,-0.233290268,-0.2690794705,-0.5848684885,0.6896042296,-0.3864778429,-0.01565160081,-0.3567210628,-0.01332791883,0.007739001404,0.6269592914,-0.2762240715,0.01533883894,-0.271316257,0.3546775908,-0.2253584003,0.05838846747,0.5368731821,0.2561458636,1.055536581,-0.2865991386,0.2080114628,-0.4690988893,0.1002695293,-0.2026374085,-0.009148440355,0.790482132,0.001167818839,-0.09213240554,0.001343782887
0,0,0.7594907453,0,0,0.5609386037,0.8278574049,-0.2379545796,-0.2603264439,-0.5663089597,0.6880306959,-0.3855742643,-0.01625596815,-0.3555160312,-0.01398916002,0.00810000679,0.6265871144,-0.27705487,0.01609468453,-0.2669829533,0.3488607297,-0.2251030276,0.05697474114,0.5534083632,0.2571445193,1.062141553,-0.2854633251,0.2055791593,-0.4832161862,0.09267289172,-0.2040344283,-0.01082864737,0.8062348183,0.001901459235,-0.1004267291,0.003584504704
0,0,0.7594907453,0,0,0.5627836251,0.8266042532,-0.2425605607,-0.2515966863,-0.5477892542,0.6865264607,-0.3845726447,-0.01684121756,-0.3542543136,-0.01461483412,0.008437299986,0.6264700556,-0.2781978914,0.01680804718,-0.26275733,0.342808151,-0.2247423188,0.05521346969,0.5702175172,0.258179116,1.06941599,-0.2842193036,0.202752439,-0.4974080172,0.0853487696,-0.2055023981,-0.01255311412,0.8217556444,0.002779834439,-0.1087896413,0.006151320063
0,0,0.7594907453,0,0,0.5646258469,0.8253469894,-0.2471019777,-0.242890411,-0.5293069821,0.6850919205,-0.3834812078,-0.01739739441,-0.3529397256,-0.01520186235,0.00874923118,0.6265919644,-0.279633099,0.01747543391,-0.2586290249,0.3365409962,-0.2242853589,0.05306290283,0.5872576438,0.2592265711,1.077429318,-0.282845843,0.1994870261,-0.5116619681,0.07831702541,-0.2070249889,-0.0143107649,0.837000969,0.003783928312,-0.1171912395,0.009009997525
0,0,0.7594907453,0,0,0.5664652601,0.82408562,-0.251572383,-0.2342075674,-0.5108598622,0.6837270811,-0.3823085132,-0.01791524075,-0.3515758617,-0.01574731053,0.009034278477,0.6269361816,-0.2813401696,0.01809354051,-0.2545883908,0.330078887,-0.2237405069,0.05049482626,0.604485173,0.2602642615,1.086218733,-0.2813254196,0.1957552126,-0.5259602103,0.07159485132,-0.2085855776,-0.01609103375,0.8519314646,0.00489599228,-0.1256040129,0.01212694715
0,0,0.7594907453,0,0,0.5683018553,0.8228201512,-0.2559651302,-0.2255478748,-0.4924457181,0.6824316046,-0.3810634386,-0.01838621732,-0.3501661808,-0.01624838989,0.009291047942,0.627485708,-0.2832985771,0.0186592523,-0.2506263734,0.3234401702,-0.2231155225,0.0474942061,0.6218560185,0.2612706751,1.095790747,-0.2796445197,0.19154512,-0.540279875,0.06519725807,-0.2101673394,-0.01788377218,0.8665109495,0.0060994253,-0.1340020945,0.01546904939
0,0,0.7594907453,0,0,0.5701356235,0.8215505893,-0.260273389,-0.2169108516,-0.4740624703,0.681204853,-0.3797551601,-0.01880252381,-0.348714086,-0.01670245779,0.009518273542,0.6282233604,-0.2854876711,0.01916964466,-0.2467343947,0.3166422001,-0.2224177201,0.04405878867,0.6393255877,0.2622260251,1.106123043,-0.2777938804,0.18685981,-0.5545935308,0.05913752211,-0.2117533537,-0.01967914551,0.8807053203,0.007378630818,-0.1423605545,0.0190034727
0,0,0.7594907453,0,0,0.5719665556,0.8202769406,-0.2644901624,-0.2082958419,-0.4557081286,0.6800459294,-0.3783931311,-0.0191571172,-0.3472229982,-0.01710701857,0.009714816996,0.6291319172,-0.2878867482,0.01962198357,-0.2429042375,0.309701659,-0.221654147,0.04019861011,0.6568487489,0.2631127917,1.117166694,-0.2757686507,0.1817162125,-0.5688697712,0.05342762174,-0.2133267287,-0.02146751719,0.8944815159,0.008718856205,-0.1506546928,0.02269747586
0,0,0.7594907453,0,0,0.5737946425,0.8189992114,-0.2686083034,-0.1997020405,-0.4373807854,0.6789537181,-0.3769870591,-0.01944372803,-0.3456964235,-0.01745972468,0.009879667493,0.6301942504,-0.2904751191,0.02001372615,-0.2391279317,0.3026349116,-0.2208317775,0.0359353791,0.6743797601,0.2639161711,1.128848796,-0.2735684575,0.1761438448,-0.5830739159,0.04807867955,-0.2148707426,-0.02323931986,0.9078064655,0.01010602069,-0.158859313,0.02651819468
0,0,0.7594907453,0,0,0.575619875,0.8177174081,-0.2726205324,-0.1911285158,-0.4190786109,0.6779269221,-0.375546881,-0.01965687465,-0.3441380138,-0.01775837803,0.01001194121,0.6313934456,-0.2932321683,0.02034252143,-0.2353976477,0.2954583781,-0.2199577091,0.03130170153,0.6918721716,0.2646244125,1.14107552,-0.2711973664,0.1701832964,-0.5971688133,0.04310141786,-0.2163689957,-0.02498491343,0.9206460022,0.01152653882,-0.1669479696,0.03043241689
0,0,0.7594907453,0,0,0.5774422441,0.8164315371,-0.2776737645,-0.1798204459,-0.3950056604,0.6766851339,-0.3735917641,-0.01982372098,-0.3421335158,-0.01807475482,0.01014213393,0.6332708998,-0.2971569651,0.02069186996,-0.2305912997,0.285644537,-0.2189655026,0.02093192709,0.7156812199,0.2648183982,1.165676746,-0.2663445337,0.1578340453,-0.6173994149,0.03462211437,-0.2181757088,-0.02766221041,0.9434431843,0.01342715591,-0.1815375432,0.03614596211
0,0,0.7594907453,0,0,0.5792617407,0.8151416047,-0.2806271325,-0.1731484539,-0.3807094107,0.6759845801,-0.3724414232,-0.01984950348,-0.3408429426,-0.01820787438,0.01018587188,0.6343742541,-0.2995337899,0.02083059734,-0.2277123176,0.2799528294,-0.2183315045,0.01601529312,0.7291812564,0.2650549145,1.177619412,-0.2638586462,0.1516503999,-0.6282483846,0.03103475382,-0.2192543183,-0.02896933051,0.9534820765,0.01444523284,-0.1881006703,0.03921028844
0,0,0.7594907453,0,0,0.5810783557,0.8138476175,-0.2850499058,-0.1626868759,-0.3583415606,0.6749792543,-0.3706159119,-0.01978648421,-0.3388909016,-0.01834980015,0.01021785777,0.636331995,-0.3034667812,0.02097465233,-0.223255168,0.2707800591,-0.2173174625,0.005618109505,0.7507385818,0.2649036825,1.201251276,-0.2588365686,0.1393048264,-0.6462651267,0.02476683764,-0.2207737605,-0.03122073165,0.9715802126,0.01614496547,-0.2001354304,0.04435879826
0,0,0.7594907453,0,0,0.5828920803,0.8125495817,-0.2885879494,-0.153989652,-0.3397139697,0.6742048174,-0.3691107522,-0.01963199,-0.3372333072,-0.01839578788,0.0102032803,0.6380299668,-0.3068310887,0.02101057281,-0.2195312448,0.2631420101,-0.2165304457,-0.004398416108,0.7685125212,0.2644682183,1.223385177,-0.253956643,0.1274828664,-0.6612281305,0.01973591487,-0.221939716,-0.03304515211,0.9866561029,0.01745897122,-0.2102980148,0.04855110437
0,0,0.7594907453,0,0,0.5847029052,0.811247504,-0.2919136315,-0.1454866968,-0.3214772413,0.6735019164,-0.3676616684,-0.0193898657,-0.3355821935,-0.01837550327,0.01015216837,0.6397189845,-0.3101724458,0.02097033369,-0.2158775161,0.2556818841,-0.2156932722,-0.01385644136,0.7854956784,0.2640131457,1.243928236,-0.2492020955,0.1162955169,-0.6752762962,0.01576881342,-0.2229670483,-0.03466436318,0.9993066295,0.01871676945,-0.2190856338,0.05247318899
0,0,0.7594907453,0,0,0.5865108215,0.8099413906,-0.2950793947,-0.1370149175,-0.3032933081,0.6728552961,-0.3662489543,-0.01905888786,-0.3339261578,-0.01829055904,0.01006553398,0.6414340401,-0.3135430678,0.0208563025,-0.2122226581,0.2482500282,-0.2147901723,-0.02275172855,0.8019996274,0.2635633453,1.262887598,-0.2445681418,0.1057695467,-0.688692308,0.01271800103,-0.2238554256,-0.03612406886,1.009953438,0.01996014076,-0.226786574,0.05621136873
0,0,0.7594907453,0,0,0.5883158202,0.8086312483,-0.2983977641,-0.1275975262,-0.2830891815,0.6722069373,-0.3647140741,-0.01858335342,-0.3321981849,-0.01812330673,0.009932201654,0.643568229,-0.3174408888,0.02064474365,-0.2077786925,0.2399390943,-0.2153003903,-0.09567226886,0.8269265426,0.277260353,1.410629231,-0.1892934766,0.02359206926,-0.7225138824,-0.0005850109254,-0.2248295074,-0.0393792951,1.048707287,0.02046222065,-0.2518216478,0.06105279819
0,0,0.7594907453,0,0,0.5901178923,0.8073170834,-0.3012125741,-0.1191508375,-0.2649380268,0.6716715038,-0.3634070429,-0.01806607767,-0.3305531497,-0.01789973304,0.009771220737,0.6453194694,-0.3208354787,0.02037241712,-0.2040694074,0.2325108611,-0.214064479,-0.0974735924,0.8386569967,0.3068087218,1.4105949,-0.1576128914,0.02365207814,-0.7341877187,-0.0004404346068,-0.2253457491,-0.04034464957,1.051854105,0.02181034757,-0.2553051059,0.06427919114
0,0,0.7594907453,0,0,0.591917029,0.8059989025,-0.3038492924,-0.1107127493,-0.2467981978,0.6711855363,-0.3621656665,-0.01746423849,-0.3289235353,-0.01760915108,0.009575205701,0.6470694216,-0.3242127696,0.02002454216,-0.2003061406,0.2252785359,-0.2128411812,-0.09871154904,0.8495250318,0.3381590228,1.409096115,-0.1244251544,0.02428633159,-0.7455963285,0.000928171988,-0.2257290562,-0.04104503843,1.052185344,0.02309827221,-0.2571713898,0.06712030021
0,0,0.7594907453,0,0,0.5937132211,0.8046767122,-0.3063002955,-0.102282001,-0.2286686621,0.6707475205,-0.3610003923,-0.01678097299,-0.3273165622,-0.01725109671,0.009344467365,0.6488076074,-0.3275550986,0.01960085482,-0.196474479,0.2182726919,-0.2116346236,-0.1000528984,0.8596356116,0.3708682509,1.407555579,-0.08981321761,0.02463586073,-0.7568756153,0.003591679993,-0.2259731804,-0.04145857693,1.04949894,0.02431763208,-0.2572898261,0.0695217993
0,0,0.7594907453,0,0,0.5955064598,0.803350519,-0.3085580178,-0.09385735075,-0.2105484787,0.6703560128,-0.3599214997,-0.01602022571,-0.3257398025,-0.01682529764,0.00907940503,0.6505242049,-0.3308451156,0.01910129998,-0.1925657526,0.2115247902,-0.2104501062,-0.1014860609,0.8689762892,0.4045852082,1.406009687,-0.05413191165,0.02463768183,-0.7680016217,0.007578168425,-0.2260726495,-0.04156753175,1.043687366,0.02545230946,-0.2555803043,0.07143276805
0,0,0.7594907453,0,0,0.5972967361,0.8020203296,-0.3106149634,-0.08543757811,-0.1924367999,0.6700096438,-0.3589390565,-0.01518673828,-0.3242011607,-0.01633167917,0.008780499888,0.6522100159,-0.3340657706,0.01852603344,-0.1885715853,0.205066051,-0.2092927521,-0.1029844761,0.8775388378,0.4389301945,1.404484798,-0.01777480511,0.02423584748,-0.7789433409,0.01288090636,-0.2260235293,-0.04136087554,1.034724905,0.02648127525,-0.2520095048,0.0728055779
0,0,0.7594907453,0,0,0.5990840412,0.8006861505,-0.3124637174,-0.07702148389,-0.1743328728,0.6697071192,-0.3580628742,-0.01428603691,-0.3227088507,-0.01577036994,0.008448308118,0.653856426,-0.3372002954,0.01787542391,-0.1844838785,0.1989273709,-0.2081674729,-0.1045100507,0.8853187962,0.473504438,1.403006148,0.01883678058,0.02337751979,-0.7896642365,0.0194593402,-0.2258232663,-0.04083416141,1.022665069,0.02737878628,-0.2465892166,0.07359653678
0,0,0.7594907453,0,0,0.6008683662,0.7993479884,-0.3140969562,-0.06860788914,-0.1562360393,0.6694472178,-0.3573024618,-0.01332441817,-0.3212713686,-0.01514170775,0.008083453792,0.6554553563,-0.3402321832,0.0171500552,-0.1802948393,0.1931392625,-0.2070789191,-0.106012316,0.8923135112,0.5079021594,1.401596501,0.05526520247,0.02201472597,-0.8001233931,0.02724365095,-0.2254703124,-0.03998857749,1.00762925,0.02811508584,-0.239369462,0.07376624332
0,0,0.7594907453,0,0,0.6026497022,0.7980058499,-0.3155074556,-0.06019563245,-0.1381457359,0.6692287865,-0.356666979,-0.01230893267,-0.3198974616,-0.01444624537,0.007686621667,0.6569992082,-0.3431451627,0.01635072817,-0.1759970149,0.1877317955,-0.2060314096,-0.1074283823,0.8985199577,0.5417231906,1.400274907,0.09106910024,0.02010563539,-0.8102771718,0.03614153931,-0.2249635936,-0.03882950363,0.9897899216,0.02865739743,-0.2304284253,0.07327967931
0,0,0.7594907453,0,0,0.6044280402,0.7966597418,-0.3166880988,-0.05178356592,-0.120061491,0.6690507323,-0.356165189,-0.01124736689,-0.3185960933,-0.01368475616,0.007258550002,0.6584808008,-0.3459231704,0.01547846282,-0.1715833394,0.1827345251,-0.2050288427,-0.1086837734,0.9039326398,0.5745848411,1.399055799,0.1258159326,0.01761511147,-0.8200811725,0.04604554576,-0.2243018976,-0.03736492704,0.9693525303,0.02897095119,-0.2198616157,0.07210612726
0,0,0.7594907453,0,0,0.6062033716,0.7953096707,-0.3176318813,-0.04337054986,-0.1019829212,0.6689120126,-0.3558054099,-0.01014822314,-0.3173764056,-0.01285823954,0.006800023521,0.6598933011,-0.3485503182,0.01453450024,-0.1670471966,0.1781763991,-0.2040745925,-0.1096940429,0.9085418641,0.6061317357,1.397948567,0.159093104,0.01451444303,-0.8294922385,0.05683957537,-0.2234832532,-0.03560398857,0.9465393097,0.02901985575,-0.2077721745,0.07021900568
0,0,0.7594907453,0,0,0.6079756874,0.7939556433,-0.318331916,-0.03495544641,-0.08390972641,0.6688116214,-0.3555954662,-0.009020697567,-0.3162476764,-0.01196792611,0.006311866661,0.6612301476,-0.3510108578,0.01352030443,-0.1623824997,0.1740856413,-0.2031713833,-0.110366945,0.9123326075,0.6360426029,1.396957619,0.1905164966,0.01078029958,-0.8384702329,0.06840392228,-0.2225043516,-0.03355579301,0.9215767296,0.02876773275,-0.1942633373,0.06759569089
0,0,0.7594907453,0,0,0.6097449788,0.7925976664,-0.3187814348,-0.02653711221,-0.06584168233,0.6687485742,-0.3555426394,-0.007874656371,-0.3152192743,-0.01101528252,0.005794937237,0.6624849668,-0.3532891424,0.0124375641,-0.1575837885,0.1704896125,-0.2023211363,-0.1106048602,0.9152840906,0.6640334164,1.39608288,0.2197355915,0.006393079256,-0.8469793711,0.08061863171,-0.2213600366,-0.03122850203,0.8946869754,0.0281781153,-0.1794332869,0.06421736519
0,0,0.7594907453,0,0,0.611511237,0.7912357468,-0.3189737898,-0.01811439022,-0.04777863163,0.6687218896,-0.3556536184,-0.006720610157,-0.3143006101,-0.01000201577,0.005250120697,0.6636514828,-0.3553695837,0.01128819427,-0.152646346,0.1674146479,-0.2015247843,-0.1103071645,0.9173700478,0.6898567609,1.3953206,0.2464348283,0.001334892493,-0.8549889896,0.09336537141,-0.22004287,-0.02862866198,0.866083043,0.02721465634,-0.1633721549,0.06006890859
0,0,0.7594907453,0,0,0.6132744533,0.7898698911,-0.3189024521,-0.00968610105,-0.02972047305,0.6687305684,-0.3559344503,-0.005569686536,-0.3135010839,-0.008930077032,0.004678325105,0.6647234201,-0.3572366066,0.01007433769,-0.1475663373,0.1648858712,-0.2007820499,-0.1093722861,0.9185595883,0.7132976872,1.394664301,0.2703312848,-0.00441256172,-0.8624737314,0.1065281307,-0.2185427698,-0.02576069618,0.8359666804,0.02584120707,-0.1461607273,0.05513883618
0,0,0.7594907453,0,0,0.6150346189,0.7885001062,-0.3185610088,-0.0012510339,-0.01166714847,0.6687735712,-0.3563904902,-0.004433600974,-0.3128300293,-0.007801664891,0.004080477013,0.6656943992,-0.3588745997,0.008798366146,-0.142340978,0.1629269831,-0.2000911829,-0.1076992681,0.9188184827,0.7341665581,1.394105692,0.2911690574,-0.01087000404,-0.8694132137,0.1199930875,-0.2168467128,-0.02262649491,0.8045283589,0.02402182098,-0.1278703811,0.04941927468
0,0,0.7594907453,0,0,0.616791725,0.787126399,-0.3185610088,-0.0012510339,-0.01166714847,0.6687735712,-0.3563904902,-0.004433600974,-0.3128300293,-0.007801664891,0.004080477013,0.6656943992,-0.3588745997,0.008798366146,-0.142340978,0.1629269831,-0.2000911829,-0.1076992681,0.9188184827,0.7341665581,1.394105692,0.2911690574,-0.01087000404,-0.8694132137,0.1199930875,-0.2168467128,-0.02262649491,0.8045283589,0.02402182098,-0.1278703811,0.04941927468
0,0,0.7594907453,0,0,0.6185457628,0.7857487762,-0.317709271,0.01026589026,0.01296677896,0.6688543701,-0.3573026629,-0.002935622059,-0.3121120405,-0.006129307549,0.003199451298,0.6666380715,-0.360498419,0.006962582564,-0.1354170524,0.1594978661,-0.2012091638,-0.1019625415,0.9203610454,0.73440479,1.392497993,0.2912219459,-0.01833521921,-0.8757424104,0.1271534967,-0.2133164816,-0.01916230788,0.790685512,0.02043615144,-0.1201286301,0.04245728651
0,0,0.7594907453,0,0,0.6202967237,0.7843672447,-0.316562709,0.01970493999,0.03309830097,0.6689938873,-0.3583018547,-0.001766042785,-0.3117447042,-0.004726765589,0.002465287387,0.6673913988,-0.3616184101,0.005388880989,-0.1295927459,0.1576202015,-0.2017364224,-0.09642826712,0.9201668549,0.7350585748,1.391340237,0.2907090872,-0.02577479604,-0.880832492,0.1356177365,-0.2102081464,-0.0157094599,0.7717196683,0.01704897121,-0.1088879319,0.03528683515
0,0,0.7594907453,0,0,0.622044599,0.7829818113,-0.3151686706,0.02848908403,0.05179664596,0.669160106,-0.3594406773,-0.0007436256014,-0.3115980911,-0.003375974892,0.00176046681,0.6679955383,-0.3623762407,0.003867223934,-0.1239222287,0.1567943971,-0.202006128,-0.09045896462,0.9183797713,0.7359753407,1.390409404,0.2897755211,-0.03388708094,-0.885275802,0.1454330923,-0.2071326941,-0.01196110148,0.7481152853,0.01340866784,-0.0944386366,0.02736671227
0,0,0.7594907453,0,0,0.6237893799,0.7815924831,-0.3135032455,0.03707386171,0.07003646131,0.6693512199,-0.3607492934,0.0001783626867,-0.3116385536,-0.002012219109,0.001049904694,0.6684582555,-0.3628074936,0.002331120217,-0.1181194392,0.1568667596,-0.2021115958,-0.08380996192,0.9150266395,0.737120299,1.389607201,0.2884495888,-0.04294067713,-0.8892788659,0.1564331518,-0.2039359278,-0.007830019521,0.7203761103,0.009329766908,-0.07702836486,0.01851698013
0,0,0.7594907453,0,0,0.6255310577,0.7801992668,-0.3115461929,0.04560558546,0.08812732504,0.6695675866,-0.3622407528,0.001004118646,-0.3118614844,-0.0006181487891,0.0003235981992,0.6687762902,-0.362912761,0.0007613259698,-0.1121031399,0.1577939002,-0.2020736979,-0.07635715813,0.9100894588,0.7384921044,1.388879953,0.2867265708,-0.05306423171,-0.8929183869,0.1683625482,-0.2005419022,-0.003297560249,0.6890608449,0.00471221609,-0.05692102934,0.008696079083
0,0,0.7594907453,0,0,0.6332172406,0.7739741121,-0.3117916143,0.04673884887,0.09323332391,0.669628268,-0.3619408562,0.002383983895,-0.3101735938,0.0002188639328,-0.0001150992161,0.6689514837,-0.3647260649,-0.0002005628737,-0.1087318806,0.1601070062,-0.2065292119,-0.080274079,0.9000055466,0.7338265398,1.388340702,0.290180856,-0.05333690181,-0.8871007811,0.1880418683,-0.2010145865,0.0005345622579,0.6542609884,0.001434603852,-0.04253871052,0.004697688077
0,0,0.7594907453,0,0,0.6408414758,0.7676732397,-0.3126739145,0.04556116,0.09419286844,0.6696078273,-0.3611599199,0.003943158309,-0.3080322939,0.0009409761254,-0.0004889123241,0.6690368879,-0.366925367,-0.001022761807,-0.1046020525,0.1628410661,-0.2131994697,-0.08906879288,0.8873018862,0.7259783612,1.387672564,0.2963118078,-0.04973926278,-0.8776193866,0.2113509689,-0.2026228038,0.003662636321,0.6176502436,-0.001219230827,-0.02978367084,0.001846425334
0,0,0.7594907453,0,0,0.6484030175,0.7612972658,-0.3136311163,0.04368299669,0.0938207701,0.6695487911,-0.3603229583,0.005511662853,-0.305889846,0.001674488223,-0.0008639841221,0.6690615423,-0.3690849778,-0.001849187122,-0.09927840312,0.1656875833,-0.2210283656,-0.09947982803,0.8729607329,0.7166891764,1.386911654,0.3036086063,-0.04492476384,-0.8666978497,0.2361971789,-0.2043077063,0.006344080785,0.5802108475,-0.003706653656,-0.01721561475,-0.001347210989
0,0,0.7594907453,0,0,0.655901126,0.7548468142,-0.314746142,0.0409757267,0.09274555493,0.6694280421,-0.3593112398,0.007523535933,-0.3032624884,0.002689689292,-0.001375134482,0.6690204846,-0.3717151221,-0.00300204083,-0.08863401581,0.1701356746,-0.2323277878,-0.1157123169,0.8506476959,0.7021512138,1.385270661,0.3146988355,-0.03722761008,-0.8505345235,0.2759488,-0.2065165818,0.009163521406,0.5171198073,-0.006726597999,0.00771869501,-0.007973808505
0,0,0.7594907453,0,0,0.6633350677,0.748322516,-0.3154329014,0.03882025003,0.09169634482,0.6693210927,-0.3586938815,0.008997987836,-0.3014409931,0.003545270343,-0.001803370811,0.6689634995,-0.3734964459,-0.003962845066,-0.07991379511,0.1737791926,-0.2415779978,-0.1261862991,0.8321153851,0.6912576929,1.383775314,0.3226412138,-0.03223511828,-0.8381163037,0.3058809016,-0.207546061,0.01156533884,0.4689680451,-0.009781515359,0.02772450227,-0.01415741734
0,0,0.7594907453,0,0,0.6707041154,0.7417250094,-0.3159852566,0.03655279074,0.09049696243,0.669189743,-0.3581860619,0.01049776251,-0.2997122848,0.004507107234,-0.002281582088,0.6688784065,-0.3751712634,-0.005051692508,-0.06903215368,0.1754552894,-0.2506949781,-0.06833236215,0.7624321411,0.6812880095,1.196328288,0.3019563009,0.07628513613,-0.8475105198,0.3414348147,-0.2071703253,0.01405126843,0.4083038358,-0.01215240648,0.05589204882,-0.0215816298
0,0,0.7594907453,0,0,0.6780075481,0.7350549399,-0.316325712,0.03458360698,0.08938449525,0.6690840172,-0.3578947885,0.01173230672,-0.2983807828,0.005401938899,-0.002725527468,0.6688061586,-0.3764327161,-0.006050551713,-0.06403427016,0.1713511177,-0.2581723367,-0.02237966398,0.7133069245,0.6801317748,1.053221622,0.2974923459,0.1574241051,-0.8529539266,0.3567339446,-0.2040077495,0.01703741598,0.3925196601,-0.01370463908,0.05650756472,-0.02439007958
0,0,0.7594907453,0,0,0.6852446514,0.72831296,-0.3165295229,0.0327028526,0.0882461283,0.6689834622,-0.3577328416,0.01286079273,-0.2972564074,0.00630134783,-0.003170531792,0.6687346847,-0.3774855796,-0.007051607421,-0.0593613752,0.1676749692,-0.2656794865,0.006276277258,0.6782797917,0.6764897574,0.9623906555,0.2988920747,0.2078340448,-0.852726575,0.3700236578,-0.2006257381,0.02039655689,0.3793574522,-0.01594273666,0.05636023071,-0.02769989357
0,0,0.7594907453,0,0,0.6924147172,0.7214997293,-0.3166089705,0.03091637257,0.0870826286,0.668887803,-0.3576869158,0.01388229033,-0.2963306545,0.007193278768,-0.003611096359,0.6686658834,-0.37834272,-0.008042878756,-0.05494255787,0.1633785732,-0.2728232579,0.03294359128,0.6462753411,0.6724562028,0.8801844284,0.3018084411,0.2522811991,-0.8518629275,0.3819672227,-0.196727162,0.0240074604,0.367450234,-0.0182046613,0.05627276578,-0.03111951323
0,0,0.7594907453,0,0,0.6995170441,0.7146159143,-0.3165798292,0.02928920947,0.08594031843,0.6688040025,-0.3577437884,0.01476129606,-0.2956200687,0.008036258827,-0.00402741996,0.6686062521,-0.3789923073,-0.008975752998,-0.05072485785,0.1595903151,-0.2796458886,0.05437949907,0.6196568112,0.6679377523,0.8170576793,0.3056157573,0.2849391084,-0.8499167583,0.3922948507,-0.1928877959,0.02765792129,0.3567796555,-0.02078367488,0.0565763597,-0.03482217473
0,0,0.7594907453,0,0,0.7065509373,0.7076621884,-0.3164482319,0.02762653391,0.08467619992,0.6687164738,-0.3578963208,0.01561168193,-0.2950271581,0.008921383174,-0.004464333783,0.6685440964,-0.3795279623,-0.009961447539,-0.04627987501,0.1546664157,-0.2866174569,0.07874146718,0.5912902426,0.6630063815,0.7477008051,0.3104475851,0.3198656842,-0.8480725158,0.4026060796,-0.1882120245,0.03175860539,0.3457392715,-0.02342834601,0.05733271125,-0.0389162372
0,0,0.7594907453,0,0,0.7135157087,0.700639232,-0.3162195903,0.02603493742,0.08335877344,0.668634516,-0.358141331,0.01636850724,-0.2946004936,0.009789642766,-0.004893450888,0.6684879817,-0.3799049171,-0.01093005021,-0.04222800329,0.1485963919,-0.2932358895,0.1050159869,0.563184239,0.6581858644,0.6759937728,0.3160404285,0.3549675337,-0.8466717727,0.4113758214,-0.1829103873,0.03611403058,0.3366804868,-0.02587101607,0.05756234415,-0.04283029806
0,0,0.7594907453,0,0,0.7204106768,0.6935477321,-0.3159804744,0.02488633831,0.08232496047,0.6685840867,-0.3583931949,0.01686244358,-0.2944019427,0.01043117757,-0.00521180107,0.6684562452,-0.3800739015,-0.0116360232,-0.03885035576,0.1450285334,-0.2985895022,0.1209426792,0.5452679655,0.6540506184,0.6371768622,0.3201784245,0.3719441715,-0.8446866464,0.4172274045,-0.1791924254,0.03942560261,0.3302162904,-0.0283080426,0.05815116627,-0.046328195
0,0,0.7594907453,0,0,0.7272351672,0.6863883825,-0.3155176811,0.02313920515,0.08061646002,0.668499964,-0.3588706362,0.01756025386,-0.2942398,0.01141161803,-0.005698885848,0.6684062537,-0.3801961524,-0.01273825508,-0.03411512182,0.137090174,-0.3062974225,0.1521737407,0.5142822753,0.6478569953,0.5605688775,0.3280119765,0.4058228225,-0.842565662,0.425609571,-0.172199558,0.04505275398,0.3205343675,-0.03157135796,0.05950537539,-0.05157236117
0,0,0.7594907453,0,0,0.7339885122,0.6791618835,-0.3151604408,0.02209822252,0.07948751427,0.6684596922,-0.3592357269,0.01791154764,-0.2942695486,0.01200450013,-0.005995397722,0.6683861852,-0.380152663,-0.01339428432,-0.0308964272,0.1325615329,-0.3114146689,0.1697627863,0.4971181183,0.643744834,0.5222841256,0.3327388182,0.4206840968,-0.8408642146,0.4297819451,-0.1679414054,0.04856028723,0.3155671335,-0.03392787559,0.06030652012,-0.0551221177
0,0,0.7594907453,0,0,0.7406700512,0.6718689421,-0.3146853587,0.02092174961,0.07809768515,0.668417521,-0.359720127,0.0182530698,-0.2944159285,0.01267391701,-0.006331884266,0.6683698633,-0.3799982817,-0.01413889687,-0.02684165187,0.1274126321,-0.3175438846,0.1900891361,0.4777575137,0.6387482543,0.4817273414,0.3382756801,0.4344828869,-0.8385184221,0.4343613925,-0.1628796366,0.05274291757,0.309259595,-0.03698737335,0.06216815846,-0.05974307171
0,0,0.7594907453,0,0,0.7472791304,0.6645102718,-0.3141386069,0.01976276655,0.07659241144,0.6683793736,-0.3602761461,0.0185238723,-0.2946875489,0.01332834485,-0.006663087427,0.6683608352,-0.3797267585,-0.01487131481,-0.02265590454,0.1217099194,-0.3238021085,0.212091164,0.4580915755,0.6336753366,0.4405870698,0.3441334316,0.4470311787,-0.8361160771,0.4383322248,-0.1574306029,0.05715433917,0.3029714734,-0.04018677808,0.06470367516,-0.0646479514
0,0,0.7594907453,0,0,0.7538151033,0.6570865925,-0.3135407905,0.01866894294,0.07501857006,0.6683479375,-0.3608831827,0.01870496688,-0.295080846,0.01393633152,-0.00697357804,0.6683607323,-0.3793424965,-0.01555505208,-0.01857249598,0.1155310304,-0.3299510788,0.2351748692,0.438916506,0.6288229816,0.4001356745,0.3500732896,0.4579149769,-0.8338248916,0.4412730109,-0.1517898639,0.06160449667,0.2973901418,-0.04332406407,0.06761229633,-0.06952744771
0,0,0.7594907453,0,0,0.7602773306,0.6495986304,-0.3129042211,0.01765463957,0.07339169689,0.6683241859,-0.3615292118,0.01879142035,-0.2955881541,0.01448531019,-0.007257181419,0.6683700146,-0.3788531997,-0.01617505737,-0.01464631319,0.1089622084,-0.3359501985,0.2589419852,0.420607214,0.6243128124,0.3613276866,0.3559414849,0.4667344705,-0.8316590324,0.4430386721,-0.1460731273,0.0659858395,0.2928178997,-0.04632483171,0.0707207996,-0.07426686254
0,0,0.7594907453,0,0,0.7666651799,0.6420471182,-0.3122383715,0.01672346705,0.07171747423,0.6683082322,-0.3622049692,0.01878320103,-0.2962003232,0.01496894077,-0.0075106956,0.6683884655,-0.3782675767,-0.01672370302,-0.0108669139,0.1020883905,-0.3418122776,0.2830991205,0.403362566,0.6202110692,0.3248612498,0.3616136914,0.4731786511,-0.8295847433,0.4436112655,-0.1403642015,0.07022148448,0.2893460947,-0.0491597664,0.0739513824,-0.07882702557
0,0,0.7594907453,0,0,0.7729780264,0.6344327945,-0.311551614,0.01587536314,0.06999859139,0.6682997572,-0.3629021627,0.01868216446,-0.2969076055,0.01538321551,-0.007731974877,0.6684154793,-0.377594636,-0.01719620877,-0.007204039449,0.09498551047,-0.3475584321,0.3074205183,0.3872996929,0.6165697197,0.2912254032,0.3669794564,0.4770398151,-0.8275603613,0.4430281796,-0.1347314794,0.07424948523,0.2869610129,-0.05181430418,0.07728040255,-0.08319412515
0,0,0.7594907453,0,0,0.7792152525,0.6267564042,-0.3108517769,0.01510881878,0.06823692789,0.6682982164,-0.3636129422,0.0184910553,-0.2976999789,0.01572525841,-0.007919347862,0.6684502163,-0.3768434688,-0.01758914804,-0.003626074444,0.08771618633,-0.3532052517,0.3317269544,0.3724941803,0.6134383516,0.2607429426,0.3719403059,0.4782055183,-0.8255501671,0.4413472584,-0.1292338466,0.07801763955,0.2856065163,-0.05427711327,0.08070616036,-0.08735895917
0,0,0.7594907453,0,0,0.785376248,0.6190186984,-0.3101463187,0.01442158291,0.06643424153,0.6683029412,-0.364329757,0.01821317134,-0.2985672866,0.01599295225,-0.008071444383,0.66849169,-0.3760231784,-0.01789996012,-0.0001069399302,0.08032845341,-0.358762382,0.3558704627,0.3589994661,0.6108653751,0.2336099307,0.3764114853,0.4766428964,-0.8235279893,0.4386305635,-0.12392316,0.08148133967,0.2852186176,-0.05653588836,0.08422835607,-0.09130913178
0,0,0.7594907453,0,0,0.7914604102,0.6112204341,-0.3094423796,0.01381089062,0.06459237893,0.6683131938,-0.3650453323,0.01785224489,-0.2994993127,0.0161848194,-0.00818714808,0.6685388211,-0.3751428502,-0.01812678967,0.003372166731,0.07285666193,-0.364233306,0.379722548,0.3468571505,0.6088956901,0.2099302098,0.3803238352,0.4723818552,-0.821476947,0.4349378372,-0.1188456527,0.08460238406,0.2857421995,-0.05857626863,0.08783718026,-0.09502704804
0,0,0.7594907453,0,0,0.7974671439,0.603362374,-0.3087467904,0.01327354215,0.06271333392,0.6683281999,-0.3657526792,0.01741239508,-0.3004858363,0.01629997968,-0.008265587871,0.6685904742,-0.3742115342,-0.01826843219,0.006823275086,0.06532357428,-0.3696168892,0.4031654737,0.336102633,0.6075676186,0.1897434944,0.3836248837,0.4654999601,-0.8193879047,0.4303249209,-0.1140429655,0.08734822351,0.2871369674,-0.06038216667,0.09150908301,-0.0984904191
0,0,0.7594907453,0,0,0.8033958614,0.5954452871,-0.3080660677,0.01280593582,0.06079925768,0.668347172,-0.3664451147,0.0168981031,-0.301516677,0.01633813101,-0.008306141479,0.6686454885,-0.3732382285,-0.01832431329,0.0102529774,0.05774288114,-0.3749088693,0.4260863934,0.3267680019,0.606910149,0.1730466923,0.386279156,0.456110014,-0.8172576664,0.4248444926,-0.1095529594,0.08969150634,0.2893774606,-0.06193669372,0.09520661713,-0.1016736912
0,0,0.7594907453,0,0,0.8092459827,0.5874699478,-0.3074064046,0.01240408708,0.05885245397,0.6683693279,-0.3671162833,0.01631419463,-0.3025817361,0.01629953622,-0.00830844262,0.6687027022,-0.3722318634,-0.01829447815,0.01366391045,0.05012162459,-0.3801030539,0.4483739424,0.3188831964,0.6069408283,0.159809029,0.3882679266,0.4443503603,-0.8150872989,0.4185476613,-0.105410326,0.09160985502,0.2924502455,-0.06322324955,0.09888043186,-0.1045496316
0,0,0.7594907453,0,0,0.8150169355,0.5794371363,-0.306773659,0.01206364409,0.05687537003,0.6683939061,-0.3677601784,0.01566582422,-0.3036710361,0.01618501101,-0.008272389076,0.6687609754,-0.3712012843,-0.01817958369,0.01705607606,0.04246226116,-0.3851921997,0.4699167855,0.3124760719,0.6076643535,0.1499820629,0.3895886175,0.4303775051,-0.8128807015,0.4114856516,-0.1016469915,0.09308580394,0.2963501671,-0.06422654539,0.1024721512,-0.1070907274
0,0,0.7594907453,0,0,0.8207081552,0.5713476385,-0.306173342,0.01177990286,0.05487058654,0.6684201795,-0.3683711618,0.01495845989,-0.3047747579,0.0159959115,-0.008198150625,0.6688192093,-0.370155234,-0.01798089077,0.02042789436,0.03476427388,-0.3901686253,0.4906035987,0.3075717972,0.6090718155,0.1435058229,0.390253958,0.4143605186,-0.8106434241,0.4037112197,-0.09829232792,0.09410682497,0.3010766807,-0.06493344782,0.1059173884,-0.1092702792
0,0,0.7594907453,0,0,0.8263190851,0.5632022458,-0.3056106051,0.01154782304,0.05284080789,0.6684474673,-0.3689439836,0.01419786754,-0.305883277,0.01573412118,-0.008086176344,0.6688763651,-0.3691023348,-0.0177002558,0.02377698395,0.02702534873,-0.3950246233,0.5103240119,0.3041918801,0.6111405256,0.1403122034,0.3902909538,0.3964767062,-0.808381695,0.3952796773,-0.0953731988,0.09466537433,0.3066307325,-0.06533360417,0.1091485092,-0.1110631846
0,0,0.7594907453,0,0,0.8318491762,0.555001755,-0.3050902281,0.01136204469,0.05078885289,0.6684751458,-0.3694737991,0.01339009483,-0.3069871974,0.01540203714,-0.007937200979,0.6689314789,-0.3680510685,-0.01734012147,0.02710070597,0.01924218332,-0.3997527322,0.5289701133,0.3023530278,0.6138343537,0.1403265571,0.3897396708,0.3769081436,-0.8061016122,0.3862495169,-0.09291387727,0.09475890951,0.3130123351,-0.06541985259,0.1120969835,-0.112446456
0,0,0.7594907453,0,0,0.8372978876,0.5467469684,-0.304616607,0.01121690601,0.04871764623,0.6685026569,-0.3699561854,0.01254145466,-0.3080773848,0.01500255574,-0.00775225014,0.6689836765,-0.3670097569,-0.01690350651,0.03039652074,0.01141101226,-0.4043459124,0.5464382014,0.3020659886,0.6171045106,0.1434681979,0.3886518352,0.3558387943,-0.8038084573,0.3766826914,-0.09093587306,0.09438984114,0.3202188083,-0.06518844104,0.1146952973,-0.1133995356
0,0,0.7594907453,0,0,0.8426646861,0.5384386936,-0.3041937414,0.01110646212,0.0466302106,0.6685295163,-0.3703871563,0.01165850803,-0.3091449976,0.01453905778,-0.007532644127,0.6690321846,-0.3659865413,-0.01639399446,0.03366220285,0.003527930149,-0.4087976557,0.5626305464,0.3033344713,0.6208907029,0.1496503207,0.3870892575,0.3334520361,-0.8015061038,0.366644615,-0.08945770506,0.09356540111,0.3282435817,-0.06463908791,0.1168784584,-0.113904464
0,0,0.7594907453,0,0,0.8479490468,0.5300777434,-0.3038252231,0.01102450478,0.04452965943,0.6685553191,-0.3707631763,0.01074804651,-0.3101815168,0.01401539336,-0.007280000197,0.6690763417,-0.3649893607,-0.01581572156,0.03689595245,-0.004410920076,-0.4131020475,0.5774569856,0.3061542087,0.6251225858,0.1587796753,0.3851221133,0.3099285145,-0.7991965036,0.3562039539,-0.08849464968,0.09229742024,0.3370754321,-0.06377491722,0.1185851584,-0.1139459538
0,0,0.7594907453,0,0,0.8531504527,0.5216649357,-0.3035142237,0.01096458309,0.04241919033,0.6685797447,-0.3710811722,0.009817074222,-0.3111787737,0.01343586646,-0.006996233151,0.6691156051,-0.3640259305,-0.01517336363,0.04009643192,-0.01240924184,-0.4172537935,0.5908362398,0.3105122029,0.6297214284,0.1707561989,0.3828271321,0.2854442971,-0.7968792434,0.3454322661,-0.08805849019,0.09060201862,0.3466980396,-0.0626022976,0.1197586524,-0.1135114039
0,0,0.7594907453,0,0,0.8582683949,0.5132010935,-0.3032634834,0.01092002503,0.04030207904,0.6686025595,-0.3713385439,0.008872789364,-0.3121289765,0.01280521943,-0.006683554091,0.6691495573,-0.3631037194,-0.01447212207,0.04326274981,-0.02047052634,-0.421248216,0.6026968816,0.3163861692,0.6346019075,0.1854727144,0.3802857588,0.2601693405,-0.7945511712,0.3344035406,-0.08815728649,0.08849921792,0.3570897626,-0.06113060924,0.1203474144,-0.1125908815
0,0,0.7594907453,0,0,0.8633023727,0.5046870449,-0.3030752998,0.01088395981,0.03818167388,0.6686236183,-0.371533174,0.007922565353,-0.3130247352,0.01212861741,-0.006344467274,0.6691779098,-0.3622299265,-0.01371770894,0.04639440915,-0.02859801693,-0.425081228,0.6129779315,0.3237441758,0.6396739418,0.2028147317,0.3775823613,0.2342662941,-0.7922060951,0.3231936769,-0.08879517988,0.0860124889,0.3682235551,-0.05937195792,0.1203056143,-0.1111770915
0,0,0.7594907453,0,0,0.8682518937,0.4961236228,-0.3029515171,0.01084934092,0.03606139062,0.6686428642,-0.3716634349,0.006973931575,-0.3138590846,0.01141163276,-0.00598176499,0.6692005043,-0.3614114575,-0.01291633116,0.04949123356,-0.0367946821,-0.4287492866,0.6216290915,0.3325444635,0.6448444902,0.2226603453,0.3748025511,0.2078896698,-0.7898345604,0.3118799377,-0.08997224327,0.08316824995,0.3800669683,-0.05734085131,0.119593454,-0.1092653435
0,0,0.7594907453,0,0,0.8731164737,0.4875116649,-0.3028935148,0.0108089699,0.03394470772,0.6686603262,-0.3717281955,0.006034553793,-0.3146255056,0.01066022967,-0.005598520432,0.6692173124,-0.3606549003,-0.01207467382,0.05255328236,-0.04506318875,-0.432249333,0.6286106541,0.3427354156,0.6500192465,0.2448801886,0.3720316736,0.1811853909,-0.7874237085,0.3005404039,-0.09168438374,0.07999533303,0.3925821954,-0.05505384971,0.1181773922,-0.1068535262
0,0,0.7594907453,0,0,0.8778956367,0.4788520138,-0.3029021986,0.01075552057,0.03183516168,0.6686761159,-0.3717268248,0.00511221426,-0.3153179454,0.009880748731,-0.005198078548,0.6692284327,-0.3599665001,-0.01119988266,0.05558076453,-0.05340587066,-0.4355787225,0.6338931438,0.3542556419,0.6551041829,0.2693373956,0.3693535056,0.154290727,-0.784957223,0.2892534535,-0.09392330203,0.07652443449,0.4057261251,-0.05252920216,0.1160302828,-0.1039420916
0,0,0.7594907453,0,0,0.8825889152,0.4701455166,-0.3029779896,0.0106815638,0.02973634256,0.6686904217,-0.3716591957,0.004214791554,-0.3159308352,0.009079891858,-0.004784044893,0.6692340854,-0.3593521338,-0.01029954568,0.05857395959,-0.06182468851,-0.4387351473,0.6374567649,0.3670341361,0.6600069109,0.2958875111,0.36684918,0.1273346007,-0.7824153657,0.2780972854,-0.09667651095,0.07278756731,0.41945038,-0.04978647778,0.1131314477,-0.1005340542
0,0,0.7594907453,0,0,0.8871958501,0.4613930251,-0.3031208152,0.01057959256,0.02765188954,0.6687035014,-0.3715256853,0.003350240189,-0.3164591068,0.008264707221,-0.004360272546,0.6692346049,-0.3588172846,-0.009381673944,0.06153315296,-0.07032117735,-0.4417165576,0.6392907308,0.3809904645,0.6646378478,0.3243782989,0.3645963338,0.1004382411,-0.7797751052,0.2671495051,-0.09992741352,0.06881753108,0.4337013164,-0.04684620239,0.1094667062,-0.09663500565
0,0,0.7594907453,0,0,0.8917159906,0.4525953955,-0.3033301003,0.01044204737,0.02558548617,0.6687156735,-0.3713271752,0.002526570034,-0.3168982076,0.007442574409,-0.003930847153,0.6692304299,-0.3583670149,-0.008454681635,0.0644585918,-0.07889637647,-0.4445210806,0.6393925556,0.3960349486,0.6689111932,0.354649406,0.3626684622,0.07371614305,-0.7770103399,0.2564867863,-0.1036554401,0.06464741488,0.4484199636,-0.04372951043,0.10502838,-0.09225314698
0,0,0.7594907453,0,0,0.8961488947,0.4437534886,-0.3036047579,0.01026134169,0.02354085547,0.6687273055,-0.3710650485,0.001751825581,-0.3172441133,0.006621189701,-0.003500070201,0.6692220906,-0.3580059394,-0.007527365254,0.06735046672,-0.08755073542,-0.4471469389,0.6377673787,0.4120688085,0.672745733,0.3865318586,0.3611344436,0.04727728535,-0.7740922172,0.2461846224,-0.1078362432,0.06031014641,0.4635418812,-0.04045782215,0.09981529667,-0.08739934046
0,0,0.7594907453,0,0,0.9004941285,0.4348681692,-0.3039431817,0.01002988758,0.02152175455,0.6687388011,-0.3707411866,0.001034065105,-0.3174933396,0.005808551423,-0.003072440677,0.6692101943,-0.3577381979,-0.006608882132,0.07020892429,-0.09628398827,-0.449592369,0.6344273869,0.4289842451,0.6760654979,0.4198473839,0.3600581939,0.02122654761,-0.7709895506,0.2363171782,-0.1124419471,0.055838099,0.4789969073,-0.03705255591,0.09383281239,-0.08208718241
0,0,0.7594907453,0,0,0.904751267,0.4259403067,-0.3043432372,0.009740121107,0.01953196868,0.6687505857,-0.3703579627,0.0003813397513,-0.3176429521,0.005012945331,-0.002652635221,0.6691954075,-0.3575674272,-0.005708728203,0.07303411451,-0.1050949879,-0.4518555396,0.6293913855,0.4466644469,0.6788003096,0.4544075796,0.3594984007,-0.004333738643,-0.7676693364,0.2269572538,-0.1174414509,0.05126276561,0.4947087734,-0.03353488447,0.08709287918,-0.07633310064
0,0,0.7594907453,0,0,0.9089198937,0.4169707745,-0.3049431259,0.009266200116,0.01695653245,0.6687683047,-0.3697760499,-0.0003886273755,-0.3177032843,0.004006540168,-0.002120050138,0.6691685833,-0.3574713303,-0.00455190486,0.07696026438,-0.1154360345,-0.4541299351,0.6164637398,0.4738487403,0.6808502176,0.5152861983,0.3587256209,-0.04630391774,-0.761286359,0.2140645176,-0.1249868659,0.04500972844,0.5186364779,-0.029275377,0.0747078669,-0.06843658458
0,0,0.7594907453,0,0,0.9129996008,0.4079604501,-0.3053599945,0.00891644366,0.01545983069,0.6687784154,-0.3693793316,-0.0007595273433,-0.3176373512,0.003434683117,-0.001817297513,0.669154737,-0.357519276,-0.003909992355,0.07918314069,-0.1222848055,-0.4554911241,0.6092354193,0.4887339695,0.6816339669,0.5449551551,0.3594018855,-0.0656932393,-0.7579821743,0.2081849869,-0.1295451069,0.04144030367,0.530052231,-0.02655680118,0.06879668754,-0.06342758789
0,0,0.7594907453,0,0,0.9169899893,0.3989102149,-0.3058968328,0.008433247053,0.01371468629,0.6687923215,-0.3688681463,-0.001127232183,-0.317473651,0.002792836736,-0.001477219578,0.6691382254,-0.3576616351,-0.003187476705,0.08173094665,-0.1308623594,-0.4571043689,0.6003001864,0.5061083712,0.6821312312,0.5774282949,0.3609039137,-0.08598930839,-0.7542448411,0.2019344216,-0.1350818327,0.03713870892,0.543434713,-0.02305047442,0.06151465116,-0.05697404514
0,0,0.7594907453,0,0,0.9208906686,0.3898209544,-0.3065021505,0.007844641843,0.01192266097,0.6688089342,-0.3682908207,-0.001426371836,-0.3172061819,0.002168912208,-0.001146513568,0.6691203413,-0.357906225,-0.002481990115,0.08435839418,-0.139983937,-0.4586538268,0.5895837568,0.5245667852,0.6819714263,0.6116750079,0.3630834946,-0.1064008287,-0.7500612773,0.195930129,-0.1411081545,0.03257875928,0.557873585,-0.01926627962,0.05298336295,-0.04979223773
0,0,0.7594907453,0,0,0.9247012572,0.3806935577,-0.3073584839,0.006934602462,0.00958812519,0.6688368097,-0.3674633697,-0.001698431231,-0.3167163901,0.001420657284,-0.000750015109,0.6690917245,-0.3583683396,-0.001620740311,0.08842153692,-0.1511142579,-0.4601000133,0.5679189927,0.5531053643,0.6793326869,0.6735460613,0.3669321803,-0.1420733391,-0.7420176033,0.1876862999,-0.1499172682,0.02615720384,0.5806878653,-0.01447480938,0.03754314628,-0.0399276149
0,0,0.7594907453,0,0,0.9284213824,0.3715289177,-0.3079123998,0.006291620991,0.008242367131,0.6688525474,-0.3669381508,-0.001748206297,-0.3163183407,0.001038699094,-0.0005478868681,0.6690796014,-0.3587477703,-0.001190976695,0.09046609255,-0.158191841,-0.4608986365,0.5561227577,0.5681304706,0.6776044826,0.7033114357,0.3698957378,-0.1580906897,-0.737541698,0.1844585194,-0.1551103429,0.02269864845,0.5913117673,-0.01165677727,0.02993347269,-0.03389402813
0,0,0.7594907453,0,0,0.9320506801,0.3623279311,-0.3085949777,0.005437466395,0.006687511444,0.6688737384,-0.3662900311,-0.001709566804,-0.3157611549,0.0006532276822,-0.0003441143131,0.6690662841,-0.3592849035,-0.0007558254041,0.09279350671,-0.1669472444,-0.4617949103,0.5421382361,0.5850199831,0.6751277266,0.7348119067,0.374015774,-0.1739639152,-0.7323774056,0.1815565445,-0.1612798663,0.0186266618,0.6033500479,-0.008128451283,0.02077337564,-0.0263532439
0,0,0.7594907453,0,0,0.9355887954,0.353091498,-0.3095600984,0.004118962027,0.004606211225,0.6689096889,-0.3653587914,-0.001505781188,-0.3148732523,0.00023503433,-0.0001235931713,0.6690436755,-0.360156291,-0.0002736591005,0.09687523743,-0.1783356075,-0.4625033893,0.5153016026,0.6116370595,0.6688371284,0.7927157387,0.381410432,-0.202906753,-0.7226982663,0.1779205639,-0.1703530667,0.01254245605,0.6228768201,-0.003287024828,0.004318127798,-0.01569265617
0,0,0.7594907453,0,0,0.939035382,0.3438205219,-0.3101664653,0.00320162432,0.00340597636,0.6689294318,-0.3647830686,-0.001254323411,-0.3142351552,7.720440079e-05,-4.061517431e-05,0.6690355658,-0.3607775822,-9.480913809e-05,0.09880452435,-0.1854288258,-0.4628433349,0.500743565,0.6252193747,0.6651261777,0.8201480528,0.3861486795,-0.2153488133,-0.7171673527,0.1772855076,-0.1756729805,0.00937280427,0.6316649462,-0.0005537326072,-0.003968028907,-0.009245370906
0,0,0.7594907453,0,0,0.9423901029,0.3345159099,-0.311119388,0.001630007226,0.001591984882,0.6689656172,-0.3638623946,-0.0007067364645,-0.3131374804,-4.713968038e-05,2.456507159e-05,0.6690181304,-0.3618633438,5.050745289e-05,0.1027114851,-0.1962704794,-0.4629790105,0.4722687399,0.6481800526,0.6568310584,0.8715519997,0.3954095244,-0.238244479,-0.7065966286,0.1774128391,-0.1843123698,0.003982224106,0.6465023572,0.003922173492,-0.01936382193,0.001069931222
0,0,0.7594907453,0,0,0.9456526298,0.3251785722,-0.3117274345,0.000510578545,0.0005082855058,0.6689855124,-0.3632818942,-0.0002294076965,-0.3123531117,-1.455266941e-05,7.400926191e-06,0.6690117304,-0.3626305498,1.651377327e-05,0.1045605112,-0.2032245565,-0.4629955215,0.4565274676,0.6598155581,0.6519326908,0.8957182943,0.4011983798,-0.2475239556,-0.7004159244,0.1788923756,-0.1895312386,0.001133839648,0.6530300947,0.006506124489,-0.0274754805,0.007527080139
0,0,0.7594907453,0,0,0.9490020883,0.3152697836,-0.3125810143,-0.0003614218357,0.0004337234694,0.6690109007,-0.3624621666,0.0004971814668,-0.311228459,7.068859517e-05,-3.718051243e-05,0.668999984,-0.3637302873,-7.711587379e-05,0.09931340257,-0.2088289065,-0.4640837309,0.4458425391,0.6699752519,0.6505595095,0.9214391725,0.4050973013,-0.2581698791,-0.6911875738,0.1760192099,-0.192228089,-0.001584371061,0.6614036466,0.008705519903,-0.03274781529,0.0108226489
0,0,0.7594907453,0,0,0.9522477232,0.3053265035,-0.3137157525,-0.001445033927,0.0007811154286,0.6690391159,-0.3613425989,0.001625099042,-0.3096415557,0.0002852342633,-0.0001482339422,0.668963503,-0.3652962016,-0.0003179356497,0.0885640826,-0.214630282,-0.4661886252,0.4308273761,0.6853854827,0.6497230604,0.9691044992,0.4098970693,-0.2809884985,-0.6747839235,0.1681176776,-0.1948189375,-0.004538644668,0.6765926655,0.01062466694,-0.03997065335,0.0139973568
0,0,0.7594907453,0,0,0.9553891793,0.2953498198,-0.3143385728,-0.002116119799,0.001117019301,0.6690473328,-0.3607336299,0.002366299939,-0.3086887009,0.0004981644429,-0.0002583130371,0.6689428158,-0.3662187449,-0.0005533235389,0.08099807442,-0.2180935044,-0.4675627478,0.424836502,0.6926106265,0.6501871823,0.9917009229,0.4120548853,-0.2915708352,-0.6653094907,0.1635307564,-0.1959730525,-0.005964154706,0.6839846818,0.0115996233,-0.04262144527,0.01546924978
0,0,0.7594907453,0,0,0.958426113,0.285340824,-0.3152125465,-0.003197477854,0.001681356174,0.6690509642,-0.3598554075,0.003593558668,-0.3072405962,0.0009161262297,-0.0004728214622,0.6688930641,-0.3676294831,-0.001023855629,0.06843898716,-0.2230493524,-0.4699124224,0.4140658464,0.7051950276,0.6506543041,1.033765346,0.4158615246,-0.3123072864,-0.6485357873,0.1549002441,-0.1977118361,-0.007863803084,0.6978701139,0.01274666016,-0.04778323118,0.01801511524
0,0,0.7594907453,0,0,0.9613581921,0.275300611,-0.3156881045,-0.003922000028,0.002063745125,0.6690465585,-0.3593806608,0.004402836467,-0.306357991,0.001253895732,-0.000645915116,0.6688641383,-0.3684740466,-0.001397601084,0.06053271776,-0.2265304721,-0.471317882,0.4091979247,0.7113508562,0.6512147331,1.053737877,0.4179329682,-0.3215513002,-0.6388539669,0.1505001276,-0.1987346959,-0.009071778489,0.7047170003,0.01362546674,-0.05004451277,0.01951167793
0,0,0.7594907453,0,0,0.9641850958,0.2652302793,-0.3163330254,-0.005084219471,0.002679999665,0.669028715,-0.3587131969,0.005726748281,-0.3050251235,0.001857707603,-0.0009533159913,0.6688011162,-0.3697556232,-0.002077649362,0.04767381256,-0.2317132606,-0.4736893931,0.4000425712,0.7222684515,0.6517049413,1.091045324,0.4217687752,-0.3396334933,-0.6218748486,0.1424035413,-0.2003154863,-0.01077769608,0.7177285608,0.0147707242,-0.05478020072,0.02218069867
0,0,0.7594907453,0,0,0.9669065147,0.2551309307,-0.3166630442,-0.005851716171,0.003086749204,0.6690126222,-0.3583715305,0.006585063734,-0.3042237857,0.002306003351,-0.001181276108,0.6687647049,-0.3705128075,-0.002573573462,0.03968917302,-0.2352921805,-0.4750834341,0.3958690506,0.7275260664,0.6521905812,1.108703942,0.4238450279,-0.3475964076,-0.6120517526,0.1383745077,-0.2012865403,-0.0119086998,0.724078547,0.01564829382,-0.05688775513,0.0237210344
0,0,0.7594907453,0,0,0.9695221512,0.24500367,-0.3170801924,-0.007069124158,0.003733357431,0.6689747258,-0.3579148568,0.007972787611,-0.3030261482,0.00307226171,-0.001568626673,0.6686900699,-0.3716472921,-0.003436279442,0.02674528851,-0.2406765354,-0.4774289202,0.3880217031,0.736882797,0.6526290398,1.141640945,0.4276668059,-0.3632321805,-0.5949724705,0.1309702332,-0.2027735731,-0.01351336739,0.7361181927,0.01682558441,-0.06128085948,0.02645605086
0,0,0.7594907453,0,0,0.9720317191,0.2348496051,-0.3173211722,-0.008104637327,0.004283030599,0.6689342329,-0.3576345788,0.009148839179,-0.3020961647,0.003782755759,-0.00192670637,0.6686244105,-0.3725175269,-0.004233158618,0.01591453961,-0.245147019,-0.4793477598,0.380730142,0.744907266,0.6526387949,1.170898509,0.43125896,-0.3772997408,-0.5799689464,0.1249795508,-0.2040151835,-0.01481413569,0.746019288,0.01774360414,-0.06504864015,0.02869019021
0,0,0.7594907453,0,0,0.9744349439,0.224669847,-0.3174637071,-0.009129021802,0.00482616569,0.6688882137,-0.3574490731,0.01030884207,-0.3012516468,0.004535220649,-0.002305049006,0.6685580609,-0.3732989172,-0.005074878428,0.005372880044,-0.2496216535,-0.4811676796,0.3742179167,0.751963448,0.6526471366,1.197166249,0.434712283,-0.3897204829,-0.5654204375,0.1197533732,-0.205212821,-0.01606335564,0.754569279,0.01868908738,-0.06818600855,0.03081294614
0,0,0.7594907453,0,0,0.9767315626,0.2144655093,-0.3175162388,-0.010153395,0.005368473335,0.6688359141,-0.3573480948,0.01146795855,-0.3004771935,0.005334099342,-0.002705817337,0.6684889234,-0.374007358,-0.005967893313,-0.00511652012,-0.2541515332,-0.4829467507,0.3685172645,0.7581483255,0.6527423995,1.220815012,0.4379925962,-0.400713869,-0.5511160908,0.1150367556,-0.2063822246,-0.01726677756,0.762187836,0.01965997375,-0.07085719122,0.03289806604
0,0,0.7594907453,0,0,0.9789213239,0.2042377085,-0.317473665,-0.01128035555,0.005964167369,0.6687628041,-0.3573227785,0.01275994446,-0.2996948506,0.006262917034,-0.003170253631,0.6683987966,-0.374713873,-0.007019579511,-0.01706480208,-0.2581126109,-0.4848916884,0.3392792109,0.7817423965,0.647715191,1.310829229,0.4523741165,-0.4479953489,-0.5207584646,0.1077568912,-0.2079004999,-0.01839702293,0.774631961,0.02003414724,-0.0764315951,0.03518840231
0,0,0.7594907453,0,0,0.9810039884,0.1939875635,-0.317388419,-0.01198074363,0.006332769647,0.6687274627,-0.3573747283,0.01352923981,-0.2992689775,0.006872957425,-0.003476069466,0.6683593143,-0.3750903243,-0.007682873838,-0.02377532982,-0.2615146722,-0.4858720922,0.3385653305,0.7828406924,0.6482600472,1.315947173,0.4533951219,-0.4492371735,-0.5131813738,0.1066756036,-0.2087112766,-0.01927196598,0.7757856761,0.0209348883,-0.07615652812,0.03622420098
0,0,0.7594907453,0,0,0.9829793281,0.1837161957,-0.3171317135,-0.01328761331,0.007019545382,0.6686262736,-0.3575411975,0.01502770059,-0.2985226711,0.008055630055,-0.004065833688,0.6682467393,-0.3757404447,-0.009023514923,-0.03774067752,-0.2674759688,-0.4881306348,0.3109570975,0.8031869249,0.6605888551,1.397190753,0.485664239,-0.4911571463,-0.4819374842,0.1010392195,-0.2101201275,-0.02061689292,0.7847915946,0.02215406041,-0.07924494438,0.03911641927
0,0,0.7594907453,0,0,0.984847127,0.1734247287,-0.3168396688,-0.01426475801,0.007530368757,0.6685505281,-0.3577645698,0.01613027986,-0.2980500463,0.008992061794,-0.004533119758,0.6681680507,-0.3761383857,-0.0100700445,-0.04828154935,-0.2722596197,-0.4898444444,0.3123664682,0.8007109536,0.6826496259,1.397447139,0.5056121212,-0.4905277309,-0.4732410317,0.09773503099,-0.2111060876,-0.02161968517,0.7899585326,0.02317550808,-0.08072818663,0.0411539189
0,0,0.7594907453,0,0,0.9866071806,0.1631142886,-0.3164709572,-0.0152179339,0.008026319179,0.6684704463,-0.3580605626,0.0172047185,-0.2976545639,0.009947788695,-0.005009969537,0.6680881568,-0.3764585122,-0.01113810876,-0.05876973257,-0.2769421763,-0.4914947581,0.3139331701,0.7977900262,0.7047813779,1.397056868,0.5255004532,-0.4897199554,-0.4645648244,0.09491072072,-0.212108996,-0.02254079341,0.7940800279,0.02414946375,-0.08166194228,0.04307585876
0,0,0.7594907453,0,0,0.9882592965,0.1527860033,-0.3160289642,-0.01614263292,0.008504847778,0.6683865486,-0.3584262316,0.018245842,-0.2973368985,0.01091725334,-0.005493842844,0.6680075001,-0.3767005908,-0.01222160098,-0.06920452193,-0.2815303768,-0.4930800934,0.3154221294,0.7946487963,0.726782613,1.396690202,0.5453187962,-0.4890824899,-0.4557386495,0.09255509351,-0.2131241287,-0.02338276206,0.7971851641,0.02507956183,-0.08206454625,0.0448820425
0,0,0.7594907453,0,0,0.989803294,0.1424410028,-0.3155173422,-0.01703453801,0.00896355447,0.6682993793,-0.3588583844,0.01924871483,-0.2970973675,0.011894927,-0.005982229747,0.6679265358,-0.3768647479,-0.01331445355,-0.07958757497,-0.2860294742,-0.4946004976,0.31684816,0.7913135956,0.7485563978,1.396352467,0.5649583917,-0.4886164474,-0.4467643354,0.09065224442,-0.2141466829,-0.02414722897,0.7993110443,0.02596780473,-0.08195735159,0.04657294276
0,0,0.7594907453,0,0,0.991239004,0.1320804188,-0.3149399984,-0.01788953119,0.009400195368,0.668209505,-0.3593535919,0.02020865093,-0.2969359345,0.01287532743,-0.006472652124,0.6678457303,-0.3769514652,-0.01441065463,-0.08992058712,-0.2904445979,-0.4960560952,0.318226862,0.7878073743,0.7700195183,1.396043633,0.58432298,-0.4883193604,-0.4376463489,0.08918434923,-0.2151719492,-0.02483621138,0.8004997653,0.02681585216,-0.08136473808,0.04814931611
0,0,0.7594907453,0,0,0.9925662695,0.1217053848,-0.314301082,-0.01870370154,0.009812689184,0.6681175125,-0.3599082007,0.02112122372,-0.2968522136,0.01385303643,-0.00696266512,0.6677655604,-0.3769615748,-0.01550426466,-0.100205264,-0.2947807449,-0.4974470651,0.319572687,0.784151207,0.7911013122,1.395763095,0.6033292102,-0.488187803,-0.4283904997,0.08813194115,-0.2161953222,-0.02545205282,0.8007977588,0.02762503917,-0.0803137405,0.04961217154
0,0,0.7594907453,0,0,0.9937849453,0.1113170358,-0.3136049709,-0.01947335321,0.01019912259,0.6680240066,-0.3605183452,0.02198227553,-0.2968454737,0.01482271715,-0.00744985858,0.6676865115,-0.3768962525,-0.01658943253,-0.1104433105,-0.2990427608,-0.498773628,0.3208987601,0.7803644185,0.8117429543,1.39550981,0.6219060661,-0.4882176035,-0.4190038495,0.08747420084,-0.2172123058,-0.02599735515,0.8002550752,0.02839638992,-0.07883362966,0.05096273782
0,0,0.7594907453,0,0,0.9948948981,0.1009165085,-0.3128562585,-0.02019501344,0.01055775456,0.6679296075,-0.3611799606,0.02278792653,-0.2969146444,0.01577913105,-0.007931858555,0.6676090754,-0.3767570116,-0.01766041153,-0.1206364195,-0.303235324,-0.5000360357,0.3222167554,0.7764647253,0.8318966043,1.395282407,0.6399941266,-0.4884040165,-0.4094946021,0.08718926447,-0.2182185159,-0.02647490807,0.7989246245,0.02913063526,-0.07695546784,0.05220242845
0,0,0.7594907453,0,0,0.9958960065,0.09050494059,-0.3120597395,-0.02086544043,0.01088701965,0.6678349483,-0.3618887953,0.02353458306,-0.2970583212,0.01671715449,-0.008406328932,0.6675337487,-0.3765456945,-0.01871157495,-0.1307862611,-0.3073629287,-0.5012345605,0.3235368137,0.7724683888,0.8515244634,1.395079278,0.6575447096,-0.4887418661,-0.399871976,0.08725453734,-0.2192096819,-0.0268876191,0.796861404,0.02982823295,-0.07471165676,0.05333280481
0,0,0.7594907453,0,0,0.9967881609,0.08008347118,-0.3112203951,-0.02148163119,0.0111855303,0.6677406713,-0.3626404238,0.02421894549,-0.2972747729,0.01763179473,-0.008870973278,0.66746103,-0.3762644652,-0.01973743137,-0.1408944718,-0.3114298713,-0.5023694851,0.3248675001,0.7683903715,0.87059778,1.39489867,0.6745189431,-0.4892256592,-0.3901460657,0.08764700098,-0.2201816458,-0.02723844635,0.7941217419,0.03048938938,-0.07213549428,0.05435553865
0,0,0.7594907453,0,0,0.9975712637,0.06965324039,-0.3103433786,-0.02204082926,0.01145207812,0.6676474253,-0.3634302598,0.02483801541,-0.2975619482,0.01851820557,-0.009323536948,0.667391417,-0.3759157995,-0.02073263953,-0.150962644,-0.3154402356,-0.5034410934,0.3262157944,0.7642444901,0.8890958433,1.394738748,0.6908868015,-0.489849669,-0.3803277002,0.08834350398,-0.2211303616,-0.02753033605,0.7907625804,0.03111408133,-0.06926075417,0.05527237464
0,0,0.7594907453,0,0,0.9982452292,0.05921538933,-0.3094339998,-0.02254053229,0.01168563424,0.667555862,-0.3642535694,0.02538910231,-0.2979174839,0.01937170227,-0.009761809523,0.6673254042,-0.3755024755,-0.02169202281,-0.1609923161,-0.3193978804,-0.5044496615,0.3275871114,0.7600435579,0.9070049938,1.394597662,0.7066261398,-0.4906079935,-0.3704283027,0.08932102846,-0.222051894,-0.02776616655,0.7868408172,0.03170207719,-0.06612129995,0.05608509383
0,0,0.7594907453,0,0,0.9988099838,0.04877105994,-0.3084977092,-0.02297849948,0.0118853487,0.6674666324,-0.3651054846,0.02586982969,-0.2983387127,0.0201877759,-0.01018362762,0.6672634792,-0.3750275633,-0.02261058333,-0.1709849621,-0.3233064265,-0.5053954484,0.3289853424,0.755799514,0.924317674,1.394473587,0.7217217506,-0.49149459,-0.3604597564,0.09055692664,-0.2229424168,-0.02794869963,0.7824127192,0.03225295666,-0.06275074057,0.05679547864
0,0,0.7594907453,0,0,0.9992654656,0.03832139484,-0.3075400823,-0.02335275868,0.01205054906,0.6673803834,-0.365981016,0.02627814057,-0.2988226729,0.02096210701,-0.01058687815,0.6672061199,-0.3744944138,-0.02348351554,-0.1809419829,-0.3271692458,-0.5062786881,0.3304129137,0.7515235377,0.941031535,1.394364757,0.7361644647,-0.4925032919,-0.3504342779,0.09202912409,-0.2237982126,-0.02808053976,0.7775334158,0.03276612843,-0.05918213288,0.05740528
0,0,0.7594907453,0,0,0.9996116248,0.02786753728,-0.3065668025,-0.02366161338,0.01218073812,0.6672977533,-0.3668750672,0.02661230239,-0.2993661168,0.02169057852,-0.01096950195,0.6671537907,-0.3739066471,-0.02430621933,-0.1908646973,-0.3309894502,-0.5070995809,0.331870857,0.7472261451,0.9571486122,1.394269495,0.7499503075,-0.4936278097,-0.3403643019,0.09371628858,-0.2246156724,-0.02816410137,0.7722564754,0.03324084566,-0.0554477324,0.05791618689
0,0,0.7594907453,0,0,0.9998484235,0.01741063092,-0.3055836452,-0.02390364923,0.01227559095,0.6672193687,-0.367782448,0.02687091137,-0.2999655218,0.02236928794,-0.01132949804,0.6671069393,-0.3732681405,-0.02507431272,-0.2007543339,-0.3347698817,-0.5078582856,0.3333588864,0.7429172714,0.9726745734,1.394186222,0.7630797222,-0.4948617209,-0.3302623754,0.09559796455,-0.2253912958,-0.02820158393,0.7666335646,0.03367621907,-0.05157879223,0.05832979869
0,0,0.7594907453,0,0,0.9999758358,0.006951819782,-0.3045964598,-0.0240777403,0.01233495127,0.6671458399,-0.368697888,0.02705289627,-0.3006170998,0.02299455876,-0.01166492819,0.6670659929,-0.3725830155,-0.02578364401,-0.2106120234,-0.3385131032,-0.5085549118,0.3348754791,0.7386063354,0.9876180434,1.394113469,0.7755568624,-0.4961984526,-0.3201410641,0.09765467525,-0.226121692,-0.02819495421,0.7607141853,0.03407122758,-0.0476054074,0.05864760034
0,0,0.7594907453,0,-0,-0.9999938478,0.003507751902,-0.3036111531,-0.02418305484,0.01235882717,0.6670777573,-0.3696160505,0.02715752149,-0.3013168085,0.02356295097,-0.01197392218,0.6670313546,-0.3718556247,-0.02643030335,-0.2204387922,-0.3422213903,-0.5091895121,0.3364179566,0.7343022921,1.001990004,1.394049885,0.7873889576,-0.4976312581,-0.3100128678,0.09986799491,-0.2268035811,-0.02814593525,0.7545454838,0.03442472686,-0.04355640134,0.05887094043
0,0,0.7594907453,0,-0,-0.9999024575,0.01396693983,-0.3026336709,-0.02421906064,0.01234738643,0.667015687,-0.3705315464,0.02718438963,-0.3020603631,0.02407127089,-0.01225468343,0.6670033993,-0.3710905381,-0.02701063386,-0.2302355559,-0.3458967244,-0.5097620753,0.3379825645,0.7300136711,1.015803269,1.39399423,0.7985857496,-0.4991531912,-0.2998901468,0.1022205942,-0.2274337965,-0.02805600097,0.7481721249,0.03473545579,-0.0394592497,0.05900101207
0,0,0.7594907453,0,-0,-0.999701675,0.02442459973,-0.3016699808,-0.02418552978,0.01230095134,0.6669601671,-0.3714389479,0.02713344339,-0.3028432473,0.02451658002,-0.01250549517,0.6669824706,-0.370292529,-0.02752124217,-0.2400031147,-0.3495407859,-0.5102725193,0.339564549,0.7257486048,1.029072019,1.393945377,0.8091589974,-0.5007570795,-0.2897850554,0.1046962625,-0.2280092862,-0.02792637583,0.7416362217,0.03500204125,-0.03534003702,0.05903883658
0,0,0.7594907453,0,-0,-0.9993915221,0.03487958751,-0.3007260538,-0.02408254288,0.01221999325,0.6669117032,-0.3723328026,0.02700496689,-0.3036607256,0.02489620309,-0.01272472709,0.6669688761,-0.3694665595,-0.02795900843,-0.2497421482,-0.3531549491,-0.5107206848,0.3411582295,0.7215148472,1.041811415,1.393902305,0.8191220468,-0.5024354984,-0.2797094844,0.1072799101,-0.2285271156,-0.02775803856,0.7349773142,0.03522300147,-0.03122344117,0.05898524965
0,0,0.7594907453,0,-0,-0.9989720328,0.04533075935,-0.2998078458,-0.02391049262,0.01210512683,0.6668707647,-0.3732076473,0.02679958631,-0.3045078563,0.02520773528,-0.01291084245,0.6669628843,-0.3686177654,-0.02832109572,-0.2594532123,-0.3567402785,-0.5111063297,0.3427570653,0.717319785,1.054037253,1.393864093,0.8284894603,-0.5041807461,-0.2696750089,0.1099575547,-0.2289844698,-0.02755172933,0.728232388,0.03539674816,-0.02713274098,0.05884088991
0,0,0.7594907453,0,-0,-0.998443253,0.05577697188,-0.2989212797,-0.02367008668,0.01195710422,0.6668377806,-0.3740580221,0.02651826998,-0.3053795033,0.02544904856,-0.01306240553,0.6669647203,-0.3677514412,-0.02860495889,-0.2691367361,-0.3602975253,-0.5114291234,0.3443537186,0.7131704425,1.065765683,1.393829911,0.8372767021,-0.5059848219,-0.2596928417,0.1127162937,-0.2293786556,-0.02730795946,0.7214359247,0.03552158785,-0.02308984272,0.05860618968
0,0,0.7594907453,0,-0,-0.9978052405,0.06621708224,-0.2980722262,-0.02336234985,0.01177680917,0.6668131354,-0.3748784839,0.0261623277,-0.3062703499,0.02561829716,-0.01317808951,0.6669745622,-0.3668730241,-0.02880835294,-0.2787930201,-0.3638271261,-0.5116886423,0.3459401108,0.7090734819,1.077012968,1.393799016,0.8454998725,-0.5078394059,-0.2497737912,0.1155442665,-0.2297071036,-0.02702702333,0.7146199807,0.03559572252,-0.01911532161,0.05828136767
0,0,0.7594907453,0,-0,-0.9970580652,0.07664994826,-0.2972664861,-0.02298862537,0.01156525113,0.6667971653,-0.3756636211,0.02573340955,-0.3071749118,0.0257139223,-0.01325668463,0.6669925376,-0.3659880784,-0.02892934067,-0.2884222345,-0.367329202,-0.5118843664,0.3475074745,0.7050351991,1.087795284,1.39377074,0.8531754883,-0.5097358431,-0.2399282225,0.1184306087,-0.2299673701,-0.02670901163,0.7078142846,0.03561724991,-0.01522847497,0.05786642341
0,0,0.7594907453,0,-0,-0.9962018088,0.08707442854,-0.2965097705,-0.02255057551,0.01132355954,0.6667901542,-0.3764080668,0.02523350393,-0.3080875505,0.02573465601,-0.01329710658,0.6670187193,-0.365102279,-0.02896629988,-0.2980244193,-0.3708035595,-0.5120156757,0.3490464,0.7010615182,1.098128561,1.393744483,0.8603203021,-0.5116651298,-0.2301660213,0.1213653999,-0.2301571382,-0.02635382582,0.7010463515,0.03558416349,-0.01144738405,0.05736113326
0,0,0.7594907453,0,-0,-0.995236565,0.09748938263,-0.2958076833,-0.02205018119,0.01105297831,0.6667923298,-0.3771065128,0.02466493502,-0.3090024871,0.02567952425,-0.01329840514,0.6670531221,-0.3642213952,-0.02891792989,-0.3075994837,-0.3742496926,-0.5120818487,0.3505468774,0.6971579825,1.108028348,1.39371971,0.866951158,-0.5136179029,-0.22049656,0.1243396081,-0.2302742187,-0.0259611932,0.6943416093,0.03549435258,-0.007788982359,0.05676504777
0,0,0.7594907453,0,-0,-0.9941624393,0.1078936711,-0.2951657016,-0.02148974071,0.01075486062,0.66680386,-0.3777537236,0.02403035948,-0.3099138164,0.02554784922,-0.01325977278,0.6670956993,-0.363351274,-0.02878325762,-0.3171472077,-0.3776667858,-0.5120820615,0.3519983339,0.693329746,1.117509711,1.393695939,0.8730848776,-0.5155844323,-0.2109286645,0.1273450299,-0.2303165512,-0.02553068245,0.6877235322,0.03534560238,-0.004269128216,0.05607749022
0,0,0.7594907453,0,-0,-0.9929795493,0.1182861557,-0.2945891576,-0.02087186758,0.01043066405,0.6668248489,-0.3783445499,0.02333276257,-0.3108155204,0.025339251,-0.01318055345,0.667146339,-0.3624978226,-0.02856164292,-0.3266672429,-0.3810537191,-0.5120153881,0.3533896676,0.6895815629,1.126587145,1.393672735,0.8787381741,-0.5175546161,-0.201470583,0.1303742304,-0.2302822036,-0.02506171934,0.6812137817,0.03513559441,-0.0009026802557,0.05529755612
0,0,0.7594907453,0,-0,-0.9916880244,0.1286656994,-0.2940832204,-0.0201994873,0.01008194617,0.6668553331,-0.3788739421,0.0225754535,-0.3117014829,0.02505364847,-0.01306025117,0.6672048606,-0.361666992,-0.02825278345,-0.3361591147,-0.3844090736,-0.511880802,0.3547092773,0.685917778,1.135274517,1.393649706,0.8839275883,-0.5195179779,-0.1921299545,0.1334204816,-0.2301693724,-0.0245536025,0.6748323504,0.03486190715,0.002296425584,0.05442411361
0,0,0.7594907453,0,-0,-0.9902880059,0.1390311667,-0.2936528768,-0.01947583323,0.009710360649,0.6668952783,-0.3793369639,0.02176206015,-0.3125655033,0.02469125961,-0.0128985386,0.6672710118,-0.3608647594,-0.02785671889,-0.3456222244,-0.387731139,-0.5116771798,0.3559450894,0.6823423171,1.143585014,1.393626498,0.8886694466,-0.5214636654,-0.1829137784,0.1364777006,-0.2299763811,-0.0240055191,0.6685977086,0.0345220172,0.005315098437,0.05345580454
0,0,0.7594907453,0,-0,-0.988779647,0.1493814236,-0.2934089853,-0.01894165262,0.009437964778,0.6669260656,-0.3795991172,0.02117927958,-0.3131397596,0.02438744218,-0.01275753138,0.667312796,-0.3603447751,-0.02753152376,-0.3519373405,-0.3901995246,-0.5116174071,0.3569601563,0.6799185792,1.145058256,1.392573476,0.8876689254,-0.5218306293,-0.1772152287,0.1380094074,-0.2297910481,-0.02383481849,0.6665735959,0.03429392354,0.005866637929,0.05280040322
0,0,0.7594907453,0,-0,-0.9871631126,0.1597153377,-0.293149327,-0.01821291279,0.009068680131,0.6669736699,-0.3798965832,0.02037379987,-0.3138695008,0.02393788959,-0.01254477395,0.6673779841,-0.3596841331,-0.02704212568,-0.3603532894,-0.3933109824,-0.5114361513,0.3584447591,0.6766654004,1.147108455,1.391237524,0.886195625,-0.5225310302,-0.1695918615,0.1401453713,-0.2294564534,-0.02344693598,0.6633073031,0.03390357886,0.006910025614,0.05187601114
0,0,0.7594907453,0,-0,-0.9854385797,0.1700317784,-0.292946727,-0.01739673468,0.008657721508,0.6670328028,-0.3801515849,0.01946639223,-0.3146195593,0.02339205078,-0.01228137621,0.6674563832,-0.3590093372,-0.02644187659,-0.3694586536,-0.3965458064,-0.5111436433,0.3600409144,0.6731701921,1.149391959,1.389872693,0.8845121002,-0.5234166792,-0.1613779427,0.1425881567,-0.2290193477,-0.02290413326,0.6592970373,0.03339917692,0.008286237272,0.05078964015
0,0,0.7594907453,0,-0,-0.9836062368,0.1803296172,-0.2928263962,-0.01652912219,0.008223382214,0.6671015658,-0.3803357456,0.01849976907,-0.3153434242,0.02276610234,-0.01197409006,0.6675434596,-0.3583653989,-0.02574916588,-0.3787696893,-0.3997617615,-0.5107501259,0.3615669518,0.6696479214,1.151764293,1.388557512,0.8827322928,-0.52438033,-0.1530427112,0.1452292675,-0.2284997581,-0.02225521411,0.6548421626,0.03280341176,0.00985109451,0.04956611871
0,0,0.7594907453,0,-0,-0.9816662846,0.1906077275,-0.292798726,-0.01562440088,0.007772711762,0.6671790598,-0.3804369817,0.01749132184,-0.3160222009,0.02206619425,-0.01162542726,0.6676370896,-0.3577708788,-0.02497120101,-0.3881177674,-0.402923375,-0.5102612937,0.3629346078,0.6661800478,1.154164544,1.387311633,0.8809055168,-0.5253566637,-0.1447533751,0.1480139693,-0.2279033818,-0.02152843663,0.6501369457,0.03212500763,0.01149005121,0.04821103712
0,0,0.7594907453,0,-0,-0.9796189351,0.2008649846,-0.2928693533,-0.01469040224,0.007309380047,0.6672646348,-0.3804486628,0.01645035601,-0.3166455981,0.02129559655,-0.01123674297,0.6677360318,-0.3572357003,-0.02411177916,-0.3974439816,-0.4060233615,-0.5096801875,0.3641000688,0.6627988988,1.156566926,1.386135736,0.8790530041,-0.5263059631,-0.1365713214,0.1509044877,-0.2272301214,-0.02073850012,0.6453173155,0.03136577167,0.01311506853,0.04672648149
0,0,0.7594907453,0,-0,-0.9774644124,0.2111002665,-0.2930422469,-0.01373312885,0.006836082539,0.6673576611,-0.3803660791,0.01538371477,-0.3172060165,0.02045689343,-0.01080918479,0.6678393141,-0.3567669176,-0.02317382454,-0.4067283988,-0.4090605797,-0.5090085269,0.3650395508,0.6595177991,1.158960298,1.385024858,0.8771839464,-0.5272018983,-0.1285203498,0.1538707489,-0.2264779461,-0.01989249533,0.6404835312,0.03052420479,0.014658705,0.04511394296
0,0,0.7594907453,0,-0,-0.9752029522,0.2213124535,-0.2933206446,-0.01275818329,0.006355276378,0.6674574559,-0.3801852943,0.01429760781,-0.3176967175,0.01955265538,-0.01034398773,0.6679460009,-0.3563705756,-0.02216021579,-0.4159649979,-0.4120343377,-0.5082472979,0.365737738,0.6563421714,1.161339407,1.383972642,0.8753025879,-0.5280245016,-0.1206104739,0.1568880419,-0.2256444353,-0.0189934957,0.6357120813,0.02959729693,0.01606885233,0.04337444468
0,0,0.7594907453,0,-0,-0.9728348019,0.2315004282,-0.2937073302,-0.01177119961,0.00586940662,0.6675632542,-0.3799027776,0.01319820027,-0.318111261,0.01858564355,-0.009842567498,0.668055106,-0.3560523005,-0.02107405498,-0.4251525555,-0.4149432143,-0.5073969861,0.3661824729,0.6532737845,1.163701124,1.382972579,0.873411368,-0.528756528,-0.1128462598,0.1599361416,-0.2247273382,-0.01804251175,0.6310626449,0.02858140245,0.01730470111,0.0415083364
0,0,0.7594907453,0,-0,-0.9703602206,0.241663076,-0.2942047069,-0.01077796672,0.005380976957,0.6676741955,-0.3795152898,0.01209179662,-0.3184433397,0.01755887033,-0.009306550657,0.6681655605,-0.3558174795,-0.01991875395,-0.4342912711,-0.4177850109,-0.5064576852,0.3663623971,0.6503124467,1.166042832,1.382018288,0.8715123058,-0.5293816786,-0.1052297594,0.1629986376,-0.2237247426,-0.01703951347,0.626582603,0.02747265368,0.01833378562,0.03951519762
0,0,0.7594907453,0,-0,-0.967779479,0.2517992852,-0.2948148098,-0.009784456045,0.004892573189,0.6677893162,-0.3790198524,0.0109848922,-0.3186867366,0.0164756157,-0.008737784538,0.6682761995,-0.3556713064,-0.01869806081,-0.4433815233,-0.4205569161,-0.5054291747,0.3662659574,0.6474567135,1.168361754,1.381103519,0.8696075987,-0.5298837713,-0.09776154405,0.1660622769,-0.2226350966,-0.01598396055,0.6223102029,0.0262671466,0.01912983348,0.03739385015
0,0,0.7594907453,0,-0,-0.9650928595,0.2619079469,-0.2955392996,-0.008796819036,0.004406872503,0.6679075442,-0.378413744,0.009884180992,-0.3188353211,0.01533942994,-0.008138339927,0.6683857552,-0.3556187838,-0.01741606653,-0.4524234362,-0.4232556679,-0.5043109931,0.3658810324,0.6447041964,1.170654681,1.380222084,0.8676998702,-0.5302463691,-0.09044106789,0.1691163379,-0.2214571801,-0.01487508111,0.6182768977,0.02496101775,0.01967118594,0.03514242525
0,0,0.7594907453,0,-0,-0.9623006559,0.271987955,-0.2963794518,-0.007821374856,0.003926648615,0.6680276938,-0.3776945052,0.008796549027,-0.3188830566,0.01415413222,-0.007510510635,0.6684928535,-0.3556647116,-0.01607720452,-0.4614167581,-0.4258776779,-0.5031025121,0.3651948313,0.6420517042,1.172917886,1.379367771,0.865792263,-0.5304526226,-0.0832667927,0.1721520712,-0.2201900629,-0.01371202373,0.6145091313,0.02355047206,0.01993961974,0.03275844704
0,0,0.7594907453,0,-0,-0.9594031738,0.2820382068,-0.2973361436,-0.006864594498,0.003454775775,0.668148462,-0.3768599458,0.007729062551,-0.3188240123,0.01292380791,-0.006856811145,0.6685960102,-0.3558136712,-0.01468624759,-0.4703608577,-0.4284191237,-0.5018030086,0.3641939078,0.6394953084,1.175147101,1.378534268,0.8638884665,-0.5304852056,-0.07623622986,0.1751622196,-0.2188330635,-0.01249394582,0.6110297312,0.022031791,0.01991945466,0.03023891291
0,0,0.7594907453,0,-0,-0.9564007302,0.2920576028,-0.2984098426,-0.005933083378,0.002994232486,0.668268424,-0.3759081527,0.006688954291,-0.3186523758,0.01165280569,-0.006179972686,0.6686936285,-0.3560700071,-0.01324830357,-0.4792547606,-0.4308760219,-0.500411735,0.3628642153,0.6370303693,1.177337528,1.377715081,0.8619927162,-0.5303262891,-0.06934595435,0.178140618,-0.217385713,-0.01122007002,0.6078590086,0.02040133499,0.01959686762,0.02758036346
0,0,0.7594907453,0,-0,-0.9532936534,0.3020450469,-0.2996005944,-0.00503356306,0.002548105102,0.6683860289,-0.3748374978,0.005683608746,-0.3183624657,0.01034573459,-0.005482937805,0.6687839952,-0.3564378097,-0.0117688101,-0.4880971952,-0.4332442886,-0.498927984,0.3611911743,0.6346515411,1.179483858,1.376903452,0.8601097846,-0.5299575264,-0.06259161187,0.1810818629,-0.215847724,-0.009889724399,0.6050156393,0.01865554671,0.01895935881,0.02477893995
0,0,0.7594907453,0,-0,-0.9500822836,0.3119994463,-0.3009080122,-0.00417285239,0.002119591269,0.6684995955,-0.3736466448,0.004720546881,-0.3179487445,0.009007461161,-0.004768853448,0.668865278,-0.3569208964,-0.0102535287,-0.4968866367,-0.4355197924,-0.4973511498,0.3591597379,0.6323527615,1.181580295,1.376092272,0.8582449685,-0.5293600382,-0.05596792713,0.1839810412,-0.2142189646,-0.00850237469,0.6025173784,0.01679095791,0.01799533043,0.02183043008
0,0,0.7594907453,0,-0,-0.9467669719,0.321919712,-0.3023312656,-0.003357848181,0.001712003099,0.6686073078,-0.3723345556,0.003807410377,-0.3174058311,0.007643106861,-0.004041062515,0.6689355221,-0.3575227941,-0.008708538152,-0.505621345,-0.4376984043,-0.4956807855,0.3567544522,0.6301272288,1.183620572,1.375273981,0.8564040759,-0.5285143916,-0.04946871721,0.1868335059,-0.2124994369,-0.007057652684,0.6003816493,0.01480420067,0.01669374978,0.0187303036
0,0,0.7594907453,0,-0,-0.9433480811,0.3318047588,-0.3038690717,-0.002595505552,0.001328769951,0.6687072098,-0.3709004969,0.002951945499,-0.3167285133,0.006258045568,-0.003303093899,0.6689926466,-0.3582467207,-0.007140227321,-0.5142993956,-0.4397760465,-0.4939166573,0.3539595107,0.6279673675,1.185597977,1.374440456,0.8545934129,-0.5274005698,-0.04308691232,0.1896346876,-0.2106892578,-0.005555383047,0.5986260386,0.0126920237,0.01504387488,0.01547373948
0,0,0.7594907453,0,-0,-0.9398259852,0.3416535052,-0.305519686,-0.001892818049,0.0009734406494,0.6687972008,-0.3693440446,0.002161986626,-0.3159117604,0.004857901332,-0.002558650976,0.6690344405,-0.3590955674,-0.005555287273,-0.5229187049,-0.44174874,-0.4920587961,0.3507588036,0.6258647815,1.187505369,1.373582889,0.8528197699,-0.5259979316,-0.03681458564,0.1923799334,-0.2087886428,-0.003995609837,0.5972687221,0.01045131344,0.01303502613,0.0120556463
0,0,0.7594907453,0,-0,-0.9362010695,0.3514648736,-0.3072808936,-0.001256797624,0.0006496850128,0.6688750298,-0.3676650887,0.001445439479,-0.314950735,0.003448546293,-0.00181159856,0.669058559,-0.3600718807,-0.003960702842,-0.5314770505,-0.4436126554,-0.4901075474,0.3471359645,0.6238101941,1.189335201,1.372691628,0.8510904066,-0.5242851589,-0.03064299426,0.1950643654,-0.2067978906,-0.002378623455,0.5963288416,0.008079120029,0.010656391,0.008470677259
0,0,0.7594907453,0,-0,-0.9324737307,0.3612377908,-0.3091500025,-0.0006944546197,0.0003612945183,0.66893829,-0.3658638372,0.0008102640957,-0.3138408051,0.00203609879,-0.001065948338,0.6690625189,-0.3611778443,-0.002363743572,-0.5399720873,-0.4453641643,-0.48806362,0.3430744147,0.6217933722,1.191079542,1.371756011,0.8494130344,-0.5222401907,-0.02456263327,0.1976827516,-0.2047173683,-0.0007049884701,0.5958268485,0.005572688158,0.007896851294,0.004713240997
0,0,0.7594907453,0,-0,-0.9286443765,0.3709711874,-0.3111238365,-0.0002127778364,0.0001121819461,0.6689844125,-0.3639408189,0.000264457568,-0.3125775561,0.0006269216179,-0.0003258427897,0.6690436941,-0.3624152622,-0.0007719540883,-0.5484013614,-0.4469998958,-0.4859281329,0.3385574097,0.6198030328,1.192730104,1.370764146,0.8477957952,-0.519840142,-0.0185633053,0.2002293844,-0.2025474967,0.001024427406,0.5957848278,0.00292949282,0.004744824526,0.0007775091955
0,0,0.7594907453,0,0,-0.9267483402,0.3756827305,-0.3111238365,-0.0002127778364,0.0001121819461,0.6689844125,-0.3639408189,0.000264457568,-0.3125775561,0.0006269216179,-0.0003258427897,0.6690436941,-0.3624152622,-0.0007719540883,-0.5484013614,-0.4469998958,-0.4859281329,0.3385574097,0.6198030328,1.192730104,1.370764146,0.8477957952,-0.519840142,-0.0185633053,0.2002293844,-0.2025474967,0.001024427406,0.5957848278,0.00292949282,0.004744824526,0.0007775091955
0,0,0.7594907453,0,0,-0.9248283996,0.3803845834,-0.3111238365,-0.0002127778364,0.0001121819461,0.6689844125,-0.3639408189,0.000264457568,-0.3125775561,0.0006269216179,-0.0003258427897,0.6690436941,-0.3624152622,-0.0007719540883,-0.5484013614,-0.4469998958,-0.4859281329,0.3385574097,0.6198030328,1.192730104,1.370764146,0.8477957952,-0.519840142,-0.0185633053,0.2002293844,-0.2025474967,0.001024427406,0.5957848278,0.00292949282,0.004744824526,0.0007775091955
0,0,0.7594907453,0,0,-0.9228846044,0.3850766247,-0.3117070515,0.001961015009,-0.001019606314,0.668961595,-0.363296775,-0.002134025572,-0.3135288008,-0.001436338602,0.0007497507407,0.6690044238,-0.3614869868,0.001534285771,-0.535351829,-0.4501959768,-0.4668984679,0.3178616228,0.6171945174,1.187442321,1.369097237,0.8509265566,-0.5178477297,-0.01804771298,0.2125144212,-0.2042610815,0.002111253553,0.5807275371,0.007091036942,0.008517007878,0.01081161791
0,0,0.7594907453,0,0,-0.9209170047,0.3897587336,-0.3119186118,0.003261315678,-0.001699523289,0.6689123625,-0.3630157823,-0.003612222991,-0.3141896325,-0.002604708829,0.001364052181,0.6689577872,-0.3607926604,0.002875930993,-0.5233275713,-0.4516320934,-0.452769256,0.3017584357,0.6152708596,1.182362174,1.368311562,0.8543321938,-0.5157241047,-0.01835642093,0.2237264676,-0.2057247627,0.00190545426,0.564782739,0.01052650258,0.01358677268,0.01636314603
0,0,0.7594907453,0,0,-0.9189256513,0.3944307892,-0.3120415598,0.00427244783,-0.002228294461,0.6688609122,-0.3628340729,-0.004765860011,-0.3147293407,-0.00349373509,0.00183328158,0.6689138125,-0.3602107672,0.003896881931,-0.5118388296,-0.4520531304,-0.440408514,0.2872404585,0.6132985348,1.177412824,1.368060532,0.8577756353,-0.5135657883,-0.01886756477,0.2343470365,-0.206821549,0.001634593333,0.54862997,0.01333819862,0.01943898928,0.02003859185
0,0,0.7594907453,0,0,-0.9169105954,0.399092671,-0.3121597449,0.005172512179,-0.002698996607,0.6688089548,-0.3626631346,-0.005789090105,-0.3151984375,-0.004290734038,0.002254749963,0.6688696092,-0.3596972135,0.004806356005,-0.5005739721,-0.4517368565,-0.4286601893,0.2732135431,0.6110374239,1.172516554,1.368186092,0.8612216066,-0.5113919252,-0.01937364782,0.2444975277,-0.2075746343,0.00157471544,0.5326640992,0.01563125133,0.02560147749,0.02269341837
0,0,0.7594907453,0,0,-0.9148718891,0.4037442588,-0.3122972497,0.006015550303,-0.003140159772,0.6687558429,-0.3624746239,-0.006744770215,-0.315612701,-0.005052067234,0.002657901999,0.6688231298,-0.3592362034,0.005671475439,-0.4893790474,-0.4508035298,-0.4171018012,0.2592828957,0.6084101671,1.167630883,1.368605099,0.8646730113,-0.5092045098,-0.01980735521,0.2541982207,-0.2080150513,0.001754398079,0.517142751,0.01748268827,0.03175072302,0.02463082673
0,0,0.7594907453,0,0,-0.912809585,0.4083854325,-0.3124600792,0.00681763813,-0.003560372131,0.6687011478,-0.362260442,-0.007652882687,-0.3159776506,-0.005793991673,0.003051202115,0.6687735739,-0.3588217613,0.006512960668,-0.4781888169,-0.4493123907,-0.4055847511,0.2453155826,0.605391342,1.16274041,1.369265661,0.8681325745,-0.5070040176,-0.02015092259,0.2634336035,-0.2081665267,0.00215152564,0.5022448426,0.0189410398,0.0376856266,0.02597564921
0,0,0.7594907453,0,0,-0.9107237363,0.4130160725,-0.3127029618,0.00781828619,-0.004085811739,0.6686187057,-0.3619361639,-0.00880246544,-0.3163901221,-0.006743393263,0.003555571703,0.6686964259,-0.3583260382,0.00760534098,-0.4616836211,-0.4465871374,-0.3892509006,0.2248154947,0.6009746861,1.155299709,1.371020041,0.8736078873,-0.503484549,-0.02026105738,0.2779147234,-0.2082747455,0.002249932589,0.4781277302,0.02087324274,0.04762890406,0.02622416344
0,0,0.7594907453,0,0,-0.9086143967,0.4176360594,-0.3128771144,0.00838551031,-0.00438398338,0.6685749386,-0.3617230492,-0.009438315595,-0.3165961708,-0.00730019394,0.003850969001,0.6686537056,-0.3580804024,0.008230256334,-0.4531242499,-0.4444351521,-0.3804158513,0.214005106,0.5979710835,1.151584568,1.37211741,0.8762534168,-0.5019153808,-0.02028858528,0.2840551656,-0.2079044346,0.003041469451,0.4679804714,0.02129432781,0.05180746398,0.02644316738
0,0,0.7594907453,0,0,-0.9064816207,0.4222452739,-0.3131688272,0.009227711605,-0.004827917134,0.6684992819,-0.3613577899,-0.01039915482,-0.3168671892,-0.008146706123,0.004300667021,0.6685781852,-0.3577334934,0.009196952103,-0.4385857633,-0.4405835054,-0.3657649461,0.195713485,0.5928850593,1.145169515,1.374309409,0.8809601862,-0.4990768904,-0.02009216507,0.2946223475,-0.2072151191,0.003889304039,0.4505863137,0.02194105299,0.05866904756,0.02579962768
0,0,0.7594907453,0,0,-0.9043254633,0.4268435972,-0.3134380899,0.009888963287,-0.005177349429,0.668436493,-0.3610285231,-0.01115067304,-0.3170446256,-0.008833452361,0.004665335707,0.6685137993,-0.35749304,0.009977760154,-0.4266293207,-0.4367915769,-0.3536973973,0.1805945417,0.5882726557,1.139941254,1.376533599,0.8848408471,-0.4968708804,-0.01974761377,0.302561129,-0.2063651458,0.004841947118,0.4375091309,0.02206584503,0.0637778921,0.02485189167
0,0,0.7594907453,0,0,-0.90214598,0.4314309107,-0.3137230356,0.01049992146,-0.00550103651,0.6683764894,-0.3606870057,-0.0118431892,-0.3171777079,-0.009487650681,0.005012498902,0.6684508587,-0.3572994004,0.01071918372,-0.4152988168,-0.4326249701,-0.3421526678,0.1662123353,0.5833432956,1.135083092,1.378729563,0.8884366028,-0.4948659157,-0.01937951203,0.3090777097,-0.205286852,0.006030405832,0.4269601701,0.02179743122,0.06767827303,0.02373492439
0,0,0.7594907453,0,0,-0.8999432272,0.436007096,-0.314025091,0.01107254401,-0.005805299348,0.6683175193,-0.360329488,-0.01249229851,-0.317271966,-0.01012008614,0.005347865083,0.6683877253,-0.3571446786,0.0114354434,-0.4041659214,-0.4280431873,-0.3307806808,0.1520837977,0.5779869077,1.130390586,1.380854629,0.8919024025,-0.4928974848,-0.01902246449,0.3146879156,-0.2040224118,0.007358195389,0.4180445103,0.02123000304,0.07076034771,0.02237388815
0,0,0.7594907453,0,0,-0.8977172616,0.4405720352,-0.3143426207,0.01160764087,-0.006090542048,0.6682595696,-0.359957453,-0.01309928572,-0.3173292414,-0.01073059322,0.005671281833,0.6683244586,-0.3570269347,0.01212669299,-0.3931237151,-0.4230387198,-0.3195195437,0.1381063315,0.5721837488,1.12581023,1.382893757,0.8952793467,-0.4909130772,-0.01869214661,0.3195944408,-0.202607392,0.008780959825,0.4103513316,0.02040472879,0.07326106508,0.02074500839
0,0,0.7594907453,0,0,-0.8954681407,0.4451256103,-0.3146737679,0.01210501483,-0.006356620784,0.6682029614,-0.3595730298,-0.01366396374,-0.3173511387,-0.01131799625,0.005982061155,0.6682614501,-0.3569449082,0.01279162463,-0.3821457473,-0.4176115313,-0.3083656072,0.1242660716,0.5659345059,1.121329213,1.384843857,0.898575498,-0.4889000003,-0.01839676495,0.3238783073,-0.2010703412,0.01027493918,0.4036934607,0.01934614703,0.07531052417,0.01885412794
0,0,0.7594907453,0,0,-0.8931959224,0.4496677042,-0.3150166573,0.01256442096,-0.00660335602,0.6681480659,-0.3591784317,-0.01418603905,-0.3173392844,-0.01188105023,0.00627948826,0.668199143,-0.3568973839,0.01342881005,-0.3712285533,-0.411766319,-0.2973289894,0.1105724566,0.5592485909,1.116946149,1.386707869,0.901789384,-0.4868602569,-0.01814059679,0.3275741049,-0.1994361029,0.01182133559,0.3979827623,0.01807491316,0.076980229,0.01671936009
0,0,0.7594907453,0,0,-0.8909006654,0.4541981994,-0.3153694016,0.0129856576,-0.006830582152,0.6680952484,-0.3587758814,-0.01466525662,-0.3172953377,-0.01241853072,0.006562870717,0.6681379764,-0.3568831115,0.01403684352,-0.360375763,-0.4055107157,-0.2864232484,0.09704109844,0.5521404203,1.112662693,1.388492717,0.9049169784,-0.484801856,-0.01792556331,0.3306988932,-0.1977276396,0.01340220305,0.3931737257,0.01661117508,0.07831280582,0.01436367383
0,0,0.7594907453,0,0,-0.8885824289,0.4587169793,-0.315646632,0.01327867462,-0.006989219806,0.6680598053,-0.3584697641,-0.01499401154,-0.3172404778,-0.0128092609,0.00676834511,0.6680967586,-0.3568983697,0.0144721465,-0.3527790066,-0.4004680693,-0.27867303,0.08756974661,0.5465074961,1.109761163,1.389720305,0.9069137278,-0.4834745058,-0.0178646145,0.3319933137,-0.1963674379,0.01493529232,0.3910718633,0.01523590163,0.07897317941,0.01276590655
0,0,0.7594907453,0,0,-0.8862412726,0.4632239272,-0.3159870901,0.01360460285,-0.007166541929,0.6680179671,-0.3580931311,-0.01536254233,-0.317151295,-0.01326171606,0.00700585119,0.6680467212,-0.3569394031,0.01497923168,-0.343418265,-0.3940540339,-0.2692173144,0.07599101832,0.5393391396,1.106200265,1.391154055,0.9093339363,-0.4817801192,-0.01780458661,0.3333171961,-0.1946955714,0.01669689799,0.388961331,0.01348381829,0.07953490605,0.01058341538
0,0,0.7594907453,0,0,-0.883877257,0.4677189269,-0.3163491555,0.01391396549,-0.007335886939,0.6679750477,-0.3576921235,-0.01571489666,-0.3170323163,-0.01371291782,0.007242125457,0.667994059,-0.3570077042,0.01548734225,-0.3333436695,-0.3869378006,-0.2591911813,0.06365018296,0.5314224103,1.102389468,1.392673054,0.9119203668,-0.4799037606,-0.01774276695,0.3345315114,-0.1929300487,0.01840674471,0.3870526986,0.01157466714,0.07996672421,0.008001612645
0,0,0.7594907453,0,0,-0.881490443,0.4722018624,-0.3167189729,0.01419159235,-0.007488969228,0.6679335292,-0.3572836426,-0.01603278012,-0.3168865559,-0.01414276952,0.007466532512,0.6679418006,-0.357103192,0.01597253206,-0.3229994922,-0.3793390543,-0.2490418805,0.0511034546,0.5230372573,1.098515599,1.39424931,0.914542462,-0.4779611455,-0.01768405715,0.3354916574,-0.1911477345,0.02002586181,0.385537125,0.009566548775,0.08026317873,0.005156497751
0,0,0.7594907453,0,0,-0.8790808922,0.4766726182,-0.3170910756,0.01443286979,-0.007623188321,0.6678946793,-0.356874843,-0.0163102409,-0.3167163622,-0.01454435941,0.007675419117,0.6678914996,-0.3572250151,0.01642618067,-0.3125827522,-0.3713372566,-0.2389549419,0.03859403472,0.5142946993,1.094666807,1.395879954,0.9171335762,-0.4760207027,-0.01763259772,0.3360992073,-0.1893838222,0.02155805249,0.3845460966,0.007478721815,0.08041631817,0.002135597594
0,0,0.7594907453,0,0,-0.8766486668,0.4811310788,-0.3174624966,0.0146364584,-0.007737717336,0.6678592055,-0.3564696005,-0.01654539464,-0.3165237986,-0.01491485028,0.007867301327,0.6678440252,-0.3573719412,0.01684470152,-0.302185094,-0.3629677519,-0.2290132707,0.02623587387,0.5052485789,1.09088596,1.397569169,0.9196592743,-0.4741237887,-0.01759129506,0.3362980666,-0.1876612145,0.02300592833,0.3841585886,0.00532469555,0.08041734771,-0.00100344691
0,0,0.7594907453,0,0,-0.8741938294,0.4855771294,-0.317830998,0.01480205893,-0.007832295282,0.6678275474,-0.3560706727,-0.01673772174,-0.3163108152,-0.01525268238,0.008041383292,0.6677999286,-0.3575425413,0.01722618079,-0.2918513257,-0.3542519217,-0.2192579112,0.01408709403,0.495933181,1.08719435,1.399323809,0.9221015614,-0.4722973988,-0.01756210007,0.3360620454,-0.185998936,0.02436563089,0.3844148951,0.003119286512,0.08026042963,-0.004219385236
0,0,0.7594907453,0,0,-0.8717164435,0.4900106552,-0.3181945453,0.01492972625,-0.007906854122,0.66780001,-0.3556804257,-0.01688718518,-0.3160793251,-0.01555671436,0.00819710114,0.667759609,-0.357735276,0.01756928084,-0.2816045517,-0.3452066506,-0.209711931,0.002180445769,0.4863762132,1.083602581,1.401152647,0.9244510246,-0.4705613086,-0.01754614373,0.3353844423,-0.184414485,0.02562902233,0.3853283418,0.0008790056436,0.07994435661,-0.007479780441
0,0,0.7594907453,0,0,-0.8692165728,0.4944315418,-0.318551156,0.01501965822,-0.007961403896,0.6677768247,-0.3553010803,-0.01699394281,-0.3158312375,-0.01582595949,0.008333982367,0.6677233867,-0.357948533,0.01787288295,-0.2714573706,-0.3358473206,-0.2003901232,-0.009463579079,0.4766034736,1.080115697,1.403066489,0.9267029112,-0.468931921,-0.01754372211,0.3342710314,-0.1829244343,0.02678613929,0.3868936716,-0.001378792439,0.07947257615,-0.0107570982
0,0,0.7594907453,0,0,-0.866694282,0.4988396753,-0.3188988574,0.01507213034,-0.007995997692,0.6677581764,-0.3549347956,-0.01705825348,-0.3155684718,-0.0160595051,0.008451602358,0.6676915346,-0.3581806452,0.01813597143,-0.2614170399,-0.3261887987,-0.1913030858,-0.02083090817,0.4666406552,1.076735671,1.40507845,0.9288551731,-0.467424325,-0.01755419368,0.3327357132,-0.1815445203,0.02782679775,0.3890926788,-0.003636694347,0.07885248155,-0.01402674201
0,0,0.7594907453,0,0,-0.8641496359,0.5032349419,-0.3192356753,0.01508747539,-0.008010721321,0.667744216,-0.3545836964,-0.01708044637,-0.3152929622,-0.01625648833,0.008549570778,0.6676642916,-0.3584298983,0.01835759617,-0.2514879346,-0.3162458016,-0.1824589992,-0.03191121759,0.4565141452,1.073462609,1.407204285,0.9309075008,-0.4660534242,-0.0175758228,0.3307979026,-0.1802895831,0.0287415051,0.3918978921,-0.005877756912,0.0780945448,-0.01726606969
0,0,0.7594907453,0,0,-0.8615827004,0.5076172283,-0.3195596331,0.01506607665,-0.00800569063,0.6677350647,-0.354249883,-0.01706091095,-0.3150066603,-0.01641608935,0.008627527143,0.6676418679,-0.3586945344,0.01853686104,-0.2416727598,-0.3060330605,-0.1738644286,-0.04269669379,0.4462514661,1.070295355,1.409462762,0.9328608586,-0.4648345987,-0.01760557974,0.328480964,-0.1791734657,0.02952195281,0.395274959,-0.008085833618,0.07721155168,-0.0204538997
0,0,0.7594907453,0,0,-0.8589935415,0.5119864214,-0.3198687511,0.01500836551,-0.007981051167,0.6677308162,-0.3539354327,-0.01700009361,-0.3147115342,-0.01653752991,0.008685139167,0.6676244465,-0.3589727541,0.01867292042,-0.2319731719,-0.2955654156,-0.1655246986,-0.05318147058,0.4358816004,1.067231781,1.41187612,0.9347172776,-0.4637841443,-0.01763889553,0.325811256,-0.178208908,0.03016127648,0.3991841895,-0.01024577155,0.0762180173,-0.02357026474
0,0,0.7594907453,0,0,-0.8563822261,0.5163424085,-0.3201610479,0.01491482035,-0.007936978536,0.6677315368,-0.3536424002,-0.01689849647,-0.3144095684,-0.01662007351,0.008722101928,0.6676121835,-0.3592627173,0.01876497861,-0.2223901153,-0.2848578799,-0.1574440753,-0.06336140198,0.4254352948,1.064268923,1.414470634,0.936479787,-0.4629196171,-0.01766936415,0.3228175237,-0.1774074439,0.03065418835,0.4035815669,-0.01234352925,0.07512977644,-0.02659629221
0,0,0.7594907453,0,0,-0.8537488215,0.5206850773,-0.3204345407,0.01478596579,-0.007873678959,0.6677372651,-0.3533728156,-0.01675667689,-0.3141027624,-0.01666302623,0.008738137259,0.6676052073,-0.3595625441,0.01881228996,-0.2129240202,-0.2739256891,-0.1496258568,-0.07323401673,0.4149453934,1.061403034,1.417277318,0.9381524265,-0.4622601547,-0.0176883809,0.3195304842,-0.1767793047,0.03099703631,0.4084194267,-0.01436624425,0.07396371347,-0.02951415078
0,0,0.7594907453,0,0,-0.8510933957,0.5250143158,-0.3206872462,0.01462237211,-0.007791389862,0.6677480112,-0.3531286841,-0.01657524714,-0.3137931291,-0.01666573762,0.008732993166,0.6676036185,-0.3598703155,0.01881415941,-0.2035749306,-0.262784344,-0.1420724184,-0.08279858582,0.4044472275,1.05862958,1.420332794,0.9397403125,-0.4618268154,-0.01768470288,0.3159825205,-0.1763333286,0.03118781689,0.4136469349,-0.01630226548,0.07273759044,-0.0323070309
0,0,0.7594907453,0,0,-0.8484160171,0.5293300123,-0.3209171812,0.01442465465,-0.00769038044,0.667763756,-0.3529119834,-0.01635487422,-0.3134826943,-0.01662760163,0.008706443226,0.6676074881,-0.3601840735,0.01876994302,-0.1943425996,-0.2514496536,-0.1347852341,-0.09205627456,0.393979085,1.055943204,1.423680361,0.9412497496,-0.4616429624,-0.01764391393,0.3122074287,-0.1760768753,0.03122615609,0.41921045,-0.01814115804,0.0714699368,-0.03495914153
0,0,0.7594907453,0,0,-0.8457167549,0.5336320554,-0.321122363,0.01419347334,-0.007570952181,0.66778445,-0.3527246627,-0.01609627963,-0.3131734945,-0.01654805769,0.008658285953,0.6676168567,-0.360501822,0.01867904853,-0.1852265678,-0.2399377829,-0.1277648807,-0.1010103715,0.383582784,1.053337651,1.427371304,0.9426883856,-0.461734714,-0.01754777321,0.3082401905,-0.1760157444,0.03111326561,0.4250538296,-0.0198736837,0.07017996931,-0.03745571241
0,0,0.7594907453,0,0,-0.8429956785,0.5379203343,-0.3213008102,0.0139295321,-0.00743343935,0.6678100127,-0.3525686406,-0.01580023912,-0.3128675755,-0.01642659163,0.008588344132,0.6676317335,-0.3608215269,0.01854093598,-0.1762262367,-0.2282653135,-0.1210110303,-0.1096665976,0.3733043708,1.050805664,1.431466479,0.9440654184,-0.4621314802,-0.01737342182,0.3041167491,-0.1761540969,0.03085187926,0.4311187216,-0.02149175835,0.06888751604,-0.03978299449
0,0,0.7594907453,0,0,-0.8402528583,0.5421947382,-0.3214505432,0.01363357836,-0.007278209411,0.6678403311,-0.3524458038,-0.01546758248,-0.3125669914,-0.01626273673,0.008496464113,0.667652095,-0.3611411166,0.01835511823,-0.1673409401,-0.2164493224,-0.1145224293,-0.1180335046,0.3631949709,1.048338838,1.436038238,0.9453918624,-0.4628666022,-0.01709241758,0.2998737744,-0.1764943768,0.03044617309,0.4373448759,-0.02298838653,0.06761292104,-0.04192825269
0,0,0.7594907453,0,0,-0.8374883649,0.546455157,-0.3215695845,0.01330640255,-0.007105663398,0.6678752588,-0.3523580048,-0.01509919327,-0.3122738024,-0.01605607473,0.008382515083,0.6676778836,-0.3614584825,0.01812116156,-0.1585700201,-0.2045074907,-0.1082968611,-0.1261229779,0.3533118173,1.045927425,1.441172732,0.9466808913,-0.4639781154,-0.01666956366,0.2955484054,-0.17703723,0.02990167237,0.4436705066,-0.02435757173,0.0663769064,-0.04387974492
0,0,0.7594907453,0,0,-0.8347022697,0.5507014808,-0.3216845928,0.01283908626,-0.00685784518,0.6679310087,-0.3522922219,-0.01456430453,-0.3119039273,-0.01572946323,0.008204571432,0.6677211182,-0.3618751075,0.017746388,-0.1468162541,-0.188767894,-0.1004166188,-0.1371961042,0.3416193727,1.04232241,1.45096377,0.9487207121,-0.4664883374,-0.01479746725,0.2895113683,-0.1780853909,0.0285852241,0.4534183084,-0.02578773244,0.06365677277,-0.04631124691
0,0,0.7594907453,0,0,-0.8318946445,0.5549336,-0.3217291594,0.01243257253,-0.006641394572,0.6679790522,-0.3522917046,-0.01410224558,-0.3116278477,-0.01541548924,0.008035397528,0.6677618014,-0.362191211,0.0173892789,-0.1379205107,-0.1763887066,-0.0946320473,-0.1458806301,0.3340377935,1.03931487,1.462046718,0.9504783469,-0.4699360815,-0.01192957887,0.2846887408,-0.1790902189,0.02756325955,0.4610859727,-0.0267650436,0.06167677698,-0.04779937179
0,0,0.7594907453,0,0,-0.8290655618,0.5591514055,-0.3217356469,0.01196184446,-0.006389836506,0.6680396905,-0.3523422613,-0.01356148207,-0.3113490891,-0.01502619096,0.007827101191,0.6678155061,-0.3625252239,0.01694241208,-0.1287309479,-0.1651468145,-0.08839183092,-0.1721117544,0.3631503418,1.025924615,1.557115176,0.9613017624,-0.5014038346,0.02992584634,0.277220462,-0.1796210603,0.02607668768,0.4757028238,-0.02678883427,0.05500592932,-0.0481513314
0,0,0.7594907453,0,0,-0.8262150945,0.5633547884,-0.3216953257,0.01150664524,-0.006146102701,0.6680929821,-0.3524329963,-0.01304532564,-0.3111138262,-0.0146259389,0.007614262554,0.6678648429,-0.3628066116,0.01648927525,-0.1212909039,-0.1561609522,-0.08252769427,-0.1959096693,0.3898116998,1.014250351,1.642519629,0.9729797269,-0.5301664603,0.06859784939,0.2702354042,-0.179855244,0.02502035958,0.4883633413,-0.02631309814,0.04943661375,-0.04743945392
0,0,0.7594907453,0,0,-0.8233433161,0.5675436404,-0.3216192782,0.01106995923,-0.005911983618,0.6681399077,-0.3525520384,-0.01255632782,-0.3109155679,-0.01422285419,0.007400914352,0.6679097305,-0.3630438154,0.01603920655,-0.1145962995,-0.1467879367,-0.07766730025,-0.2085670341,0.3962179009,1.008937533,1.680168818,0.9789346976,-0.5432856745,0.08481179281,0.2651735451,-0.1806241021,0.02420627544,0.4963117041,-0.02629478034,0.04695133879,-0.04710773747
0,0,0.7594907453,0,0,-0.8204503008,0.5717178534,-0.3214983507,0.01056966981,-0.005643226216,0.6681970624,-0.3527264112,-0.01199005777,-0.3107187647,-0.0137419086,0.007147252007,0.6679654145,-0.3632924505,0.01549726892,-0.1072356567,-0.1369611457,-0.07232059283,-0.2228585001,0.4041165836,1.002756966,1.723062399,0.9862073552,-0.558306333,0.1037732917,0.2593064456,-0.1814759,0.02305660304,0.5061409772,-0.02591949824,0.04323854141,-0.04641053026
0,0,0.7594907453,0,0,-0.8175361231,0.5758773198,-0.3213324063,0.01004158715,-0.005359173313,0.6682578597,-0.3529495113,-0.01139102768,-0.3105429524,-0.01321346478,0.006869483773,0.6680261003,-0.3635254519,0.01490118181,-0.09998749257,-0.1277489535,-0.06690151438,-0.2380896626,0.414053889,0.9958343571,1.770118586,0.9946909656,-0.5748806815,0.1253080019,0.2529078211,-0.1822339496,0.02175613184,0.5174339446,-0.02513323793,0.03834735818,-0.04515483741
0,0,0.7594907453,0,0,-0.8146008582,0.5800219322,-0.3211194286,0.009490127312,-0.005062291785,0.6683207229,-0.3532217303,-0.01076516015,-0.3103916113,-0.01264042763,0.006569170621,0.6680903877,-0.3637375517,0.01425499531,-0.09294751764,-0.1192557642,-0.06143137377,-0.2538752883,0.4254261697,0.988305919,1.819736729,1.00424804,-0.5925016356,0.1487882686,0.2460289646,-0.18286726,0.02035448403,0.5300391263,-0.02395347654,0.03235405621,-0.04331542603
0,0,0.7594907453,0,0,-0.8116445818,0.5841515837,-0.3209176304,0.009051477447,-0.004826125319,0.6683667985,-0.3534634552,-0.01027460057,-0.3102945708,-0.01216821703,0.006322330146,0.6681383795,-0.363878026,0.01373057472,-0.08763952497,-0.1121025585,-0.0576369954,-0.2628585357,0.4290675678,0.984323527,1.846335454,1.009787557,-0.6023998388,0.1609429004,0.2416460113,-0.183629006,0.01943347386,0.5374487403,-0.02329663505,0.02936006308,-0.04206788398
0,0,0.7594907453,0,0,-0.8086673702,0.5882661679,-0.3205495067,0.008335503907,-0.004440373206,0.6684467647,-0.3539094602,-0.009457042251,-0.3101726769,-0.01137553106,0.005908721746,0.6682240292,-0.3640823747,0.01283232354,-0.07924397673,-0.102068541,-0.0511608105,-0.2797579593,0.4396260249,0.9759859747,1.898570454,1.021177368,-0.6217309233,0.186353511,0.2335755083,-0.1846306829,0.01753317834,0.5522949233,-0.02148461667,0.02199440925,-0.039236069
0,0,0.7594907453,0,0,-0.8056693002,0.5923655786,-0.3202647127,0.007857417028,-0.004182922103,0.6684955178,-0.3542363782,-0.008920660073,-0.3101193085,-0.01082653144,0.005622899826,0.6682770085,-0.3641851243,0.01222130785,-0.07397709111,-0.0952530151,-0.04738303574,-0.2883919991,0.4432416168,0.9718184967,1.924783757,1.027339619,-0.6318785791,0.1989014125,0.229081637,-0.1854242504,0.0164747491,0.5601936295,-0.0204666418,0.01839968783,-0.03743587747
0,0,0.7594907453,0,0,-0.802650449,0.5964497101,-0.3198813213,0.007271784463,-0.003867611735,0.6685540078,-0.3546714511,-0.008261075655,-0.310081653,-0.01013596148,0.005263841182,0.6683421645,-0.3642843129,0.01144996577,-0.06765157544,-0.08679989488,-0.04305162416,-0.2972559095,0.4455171951,0.9675849017,1.951454558,1.034000464,-0.6427151716,0.2114752259,0.2243007466,-0.186588922,0.01518827204,0.5682830896,-0.01927773789,0.01491435613,-0.03530845561
0,0,0.7594907453,0,0,-0.7996108946,0.600518457,-0.3194285717,0.006641569288,-0.003528540288,0.668615399,-0.3551797889,-0.007548622442,-0.3100733974,-0.009371907914,0.004867041162,0.6684124355,-0.3643597754,0.01059356597,-0.06103177023,-0.07796504786,-0.03860206142,-0.3058678246,0.4473164516,0.9633175465,1.977824494,1.040941103,-0.653835016,0.2239882722,0.2196075096,-0.1879135,0.01378379059,0.5761510605,-0.0179073245,0.01148071965,-0.03289837297
0,0,0.7594907453,0,0,-0.7965507154,0.6045717143,-0.3189139288,0.005987059051,-0.003176801629,0.6686766243,-0.3557505589,-0.006807375644,-0.3100998425,-0.008555553611,0.004443479374,0.6684846269,-0.3644029346,0.009676967638,-0.05436944039,-0.06912578771,-0.03419160735,-0.313988361,0.4488050334,0.9590676234,2.003402131,1.048028052,-0.6650226138,0.236266908,0.2151737864,-0.1893112873,0.01233378288,0.5835353567,-0.01637844192,0.008181041828,-0.03023696101
0,0,0.7594907453,0,0,-0.7934699903,0.6086093776,-0.3183382806,0.005315466438,-0.002816438803,0.6687359716,-0.3563808672,-0.006046321769,-0.3101638463,-0.007693720364,0.003996617024,0.6685570036,-0.3644091162,0.0087085927,-0.04774337057,-0.06037722493,-0.02988373225,-0.321467441,0.4499399498,0.9548912647,2.0278112,1.055159702,-0.6761381762,0.2481183616,0.2111110073,-0.1907479561,0.01088196005,0.590215652,-0.01471791414,0.005137895796,-0.02735790994
0,0,0.7594907453,0,0,-0.7903687987,0.6126313427,-0.3177005455,0.004630011627,-0.00244934816,0.6687922068,-0.3570704168,-0.005269550502,-0.3102675584,-0.006788858626,0.00352761354,0.6686283615,-0.3643749527,0.007691534794,-0.04117373917,-0.05172483218,-0.02571019103,-0.3281945457,0.4506305231,0.950843065,2.050751253,1.062249258,-0.6870802918,0.2593577616,0.2075135578,-0.1922099633,0.009456728201,0.5959823833,-0.01294986382,0.002484494098,-0.02429743953
0,0,0.7594907453,0,0,-0.7872472207,0.6166375057,-0.3169990617,0.003932712611,-0.002076785613,0.6688442483,-0.3578197341,-0.004479584481,-0.3104129166,-0.00584211722,0.003036928262,0.66869767,-0.3642975043,0.006627189164,-0.03466115908,-0.04314797209,-0.02169105412,-0.3340830906,0.4507908096,0.946972683,2.071986958,1.069220137,-0.697773162,0.2698200826,0.2044704024,-0.1936906617,0.008079504886,0.6006302855,-0.01109489086,0.000354707406,-0.02109281285
0,0,0.7594907453,0,0,-0.7841053368,0.6206277635,-0.3162320027,0.003225243451,-0.001699828721,0.6688910391,-0.358629576,-0.003678466111,-0.310601783,-0.004854287638,0.002524812474,0.6687639301,-0.3641739594,0.005516437963,-0.02820020113,-0.03462132824,-0.01784078133,-0.3390651712,0.4503549628,0.9433232072,2.091341573,1.076005038,-0.7081610207,0.2793645585,0.2020668611,-0.19518437,0.006768700358,0.6039595784,-0.009170268037,-0.001121515238,-0.01778120936
0,0,0.7594907453,0,0,-0.7809432279,0.6246020131,-0.3150270207,0.002190914991,-0.001151570785,0.6689508318,-0.3599250725,-0.002475120533,-0.3109459988,-0.003370305383,0.00175395269,0.6688650598,-0.3639220168,0.003799381103,-0.01863764909,-0.02482602558,-0.01099518174,-0.3432947214,0.4591853911,0.9678498924,2.0944,1.124935713,-0.7180404453,0.3070220113,0.1967392642,-0.1967081608,0.004061779259,0.6147738672,-0.004936486248,-0.009121082803,-0.01128051522
0,0,0.7594907453,0,0,-0.7777609757,0.628560152,-0.3140908585,0.001464692644,-0.00076811113,0.668977277,-0.360886981,-0.001653879931,-0.3112473111,-0.002285023463,0.001190034227,0.6689176434,-0.3636716919,0.002576336784,-0.0119734704,-0.01395553399,-0.00796581495,-0.3361140413,0.4558685277,1.001665307,2.0944,1.162111999,-0.7132096574,0.3097705386,0.199693363,-0.1991530354,0.003284773015,0.6049843213,-0.003624527465,-0.002238354313,-0.009164332091
0,0,0.7594907453,0,0,-0.7745586623,0.632502078,-0.3130824769,0.000733829378,-0.0003838904792,0.6689941058,-0.3619117697,-0.0008281771728,-0.3115980848,-0.001161292841,0.0006053167993,0.6689630446,-0.3633653113,0.001309583646,-0.005374500156,-0.003195922488,-0.0050614819,-0.3284952673,0.4520220425,1.033644486,2.0944,1.196974461,-0.7088720581,0.3113165685,0.2034484226,-0.2015277304,0.002614330496,0.5934333216,-0.002234470631,0.005552954562,-0.0070223905
0,0,0.7594907453,0,0,-0.7713363702,0.6364276895,-0.312,1.034153894e-16,1.467637457e-16,0.669,-0.363,-8.522760284e-17,-0.312,-3.853535546e-18,1.546474428e-18,0.669,-0.363,-6.259484226e-17,0.001163526452,0.007440724685,-0.002279356013,-0.3206003917,0.4475616059,1.063125482,2.0944,1.228890652,-0.7052893704,0.3115957464,0.2079993661,-0.2038080993,0.002058563935,0.5801324521,-0.0007716211368,0.014244161,-0.00487790775
0,0,0.7594907453,0,0,-0.7625871614,0.6468854778,-0.3141371154,-0.001750290815,0.0009179869541,0.6690454784,-0.3609091664,0.001976415221,-0.3090975356,0.0003045573596,-0.0001577815,0.6689405117,-0.3658430001,-0.0003430017293,0.00158430468,0.009766351169,-0.0031038708,-0.322533207,0.4458363306,1.094539005,2.0944,1.267433878,-0.6911447194,0.3313258511,0.2134515305,-0.2054085771,0.001039888504,0.5914445322,-0.001700655852,-0.001651657405,-0.004667331596
0,0,0.7594907453,0,0,-0.7536961769,0.657223001,-0.3159827983,-0.003561527938,0.001876323927,0.6690442317,-0.3590647747,0.004025550627,-0.3063535022,0.0008052643864,-0.0004143830922,0.6688441949,-0.3684908596,-0.0009056290863,0.002003269072,0.01198947203,-0.003924789927,-0.3223069645,0.4444598508,1.129482662,2.0944,1.309126315,-0.6761641174,0.3507991445,0.2193665984,-0.2063242171,0.0004758283717,0.6007854644,-0.002880673429,-0.0160408643,-0.005147780781
0,0,0.7594907453,0,0,-0.7446650697,0.6674383372,-0.3175440736,-0.005415329669,0.002863762395,0.6690025636,-0.3574662441,0.006125916283,-0.3037805982,0.001485310573,-0.0007595023749,0.668717454,-0.3709374199,-0.00166822988,0.00241492814,0.01412748585,-0.004732205986,-0.3203895265,0.4431371173,1.16542538,2.0944,1.351399878,-0.6611517928,0.369610419,0.2256821759,-0.2065976294,0.0003472810846,0.6081822318,-0.004308709624,-0.02889789373,-0.006294623823
0,0,0.7594907453,0,0,-0.7354955189,0.6775295873,-0.3188289528,-0.007294027513,0.003869241864,0.6689263309,-0.3561114893,0.008256730858,-0.3013898674,0.002327497921,-0.001183136778,0.6685661661,-0.3731776756,-0.002610949383,0.002814493731,0.01619258464,-0.005517010902,-0.3172647271,0.4416615978,1.200137956,2.0944,1.392099561,-0.6468925506,0.3875092092,0.2323287378,-0.2062710904,0.0006340067902,0.6136901788,-0.00597941854,-0.04021622517,-0.008076621349
0,0,0.7594907453,0,0,-0.7261892292,0.6874948752,-0.3198463922,-0.009180679565,0.00488198467,0.6688209747,-0.3549969927,0.01039797971,-0.2991907099,0.003314325434,-0.001675606474,0.6683957186,-0.3752077854,-0.003713812038,0.003197539013,0.01819066304,-0.006270385926,-0.3133813354,0.4399295217,1.231867905,2.0944,1.429622445,-0.6340627364,0.404391409,0.2392280465,-0.2053858805,0.001314291244,0.6173961993,-0.007884480389,-0.05001077996,-0.0104554115
0,0,0.7594907453,0,0,-0.7167479307,0.6973323482,-0.3206062493,-0.01105908401,0.005891583743,0.6686915496,-0.3541178785,0.01253047018,-0.297190898,0.004428077298,-0.002227568007,0.6682110427,-0.3770250767,-0.004956802937,0.003559848758,0.02012188319,-0.006983731443,-0.309112669,0.4379271662,1.259421818,2.0944,1.462950846,-0.6231702097,0.4202597501,0.2462939209,-0.203982313,0.002364802318,0.6194161425,-0.01001251113,-0.05831646481,-0.01338601207
0,0,0.7594907453,0,0,-0.7071733788,0.7070401773,-0.3211192372,-0.01291379321,0.006888082675,0.6685427475,-0.3534679867,0.014635884,-0.2953965954,0.005650913783,-0.00283001986,0.6680166443,-0.3786280451,-0.006319948871,0.003897426641,0.02198218143,-0.007648882258,-0.3047346293,0.43570355,1.28215762,2.0944,1.491601485,-0.6145310638,0.4351746952,0.2534346748,-0.2021001721,0.003760569193,0.6198883566,-0.01234924291,-0.06518423666,-0.01681795792
0,0,0.7594907453,0,0,-0.6974673534,0.7166165578,-0.3213968774,-0.01473012875,0.007862047535,0.6683789202,-0.3530399486,0.01669682646,-0.2938123817,0.006964963875,-0.003474301254,0.6678166314,-0.380016349,-0.007783398731,0.004206575791,0.02376496513,-0.008258396255,-0.3004227233,0.4333410631,1.299910226,2.0944,1.515524299,-0.6082783963,0.4492122188,0.2605562355,-0.1997792457,0.005475020317,0.6189658475,-0.01487776924,-0.07067638273,-0.02069663894
0,0,0.7594907453,0,0,-0.6876316591,0.7260597092,-0.3214514505,-0.01649419778,0.008804630003,0.668204098,-0.3528252623,0.01869687246,-0.2924412806,0.008352418725,-0.004152085477,0.6676147393,-0.3811907988,-0.00932750296,0.004483985714,0.02546251206,-0.008805778156,-0.2962635232,0.4309320451,1.312881544,2.0944,1.534982496,-0.6043919448,0.4624359912,0.267565143,-0.1970597454,0.007480039561,0.6168089653,-0.01757874183,-0.07486226088,-0.02496453776
0,0,0.7594907453,0,0,-0.6776681245,0.735367876,-0.3212959455,-0.01819291068,0.00970762154,0.6680220069,-0.3528143695,0.02062060905,-0.2912847925,0.009795624979,-0.004855369045,0.6674143525,-0.382153341,-0.01093289181,0.004726798559,0.02706689937,-0.009285602541,-0.2922742263,0.4285640099,1.321522292,2.0944,1.550436733,-0.602736877,0.4748840765,0.2743710172,-0.1939825367,0.009746024276,0.6135795672,-0.02043049541,-0.07781506704,-0.02956224314
0,0,0.7594907453,0,0,-0.6675786019,0.7445393276,-0.3209440071,-0.01981400025,0.01056349842,0.6678360827,-0.3529967326,0.02245367456,-0.2903429314,0.01127717714,-0.00557645798,0.6672185255,-0.3829070378,-0.01258055204,0.004932657593,0.02857050457,-0.009693565201,-0.2884246383,0.4263125517,1.326424534,2.0944,1.562446619,-0.6031028101,0.486566417,0.2808884005,-0.1905891947,0.01224194537,0.609436822,-0.02340912981,-0.07960967071,-0.03442924204
0,0,0.7594907453,0,0,-0.6573649671,0.7535723589,-0.3204098814,-0.02134604245,0.01136545755,0.667649484,-0.3533609123,0.02418279416,-0.2896142662,0.01278000814,-0.00630795246,0.6670299999,-0.3834560422,-0.01425190184,0.005099750963,0.02996621275,-0.01002650847,-0.2846576207,0.4242394584,1.328235028,2.0944,1.57159508,-0.6052376972,0.4974685661,0.2870380664,-0.1869219433,0.01493541733,0.6045343947,-0.02648859489,-0.0803212959,-0.03950454966
0,0,0.7594907453,0,0,-0.6470291189,0.7624652906,-0.31970836,-0.02277847836,0.01210744327,0.6674651034,-0.3538946456,0.02579581176,-0.2890959651,0.01428747732,-0.007042731006,0.6668512206,-0.3838055679,-0.01592886352,0.005226859839,0.03124746884,-0.01028245214,-0.2809058238,0.422393584,1.327592527,2.0944,1.57843595,-0.6088742008,0.5075579843,0.2927479351,-0.1830235336,0.01779278788,0.5990186265,-0.02964081872,-0.08002476804,-0.04472724301
0,0,0.7594907453,0,0,-0.636572979,0.7712164693,-0.3188547213,-0.02410163739,0.01278416515,0.6672855766,-0.3545849245,0.02728171835,-0.2887838453,0.01578345516,-0.007773935301,0.6666843502,-0.3839618562,-0.01759393385,0.005313410976,0.03240827909,-0.01046063869,-0.2771039264,0.4208127346,1.325087677,2.0944,1.58346221,-0.6137482055,0.5167905653,0.2979537189,-0.1789371068,0.02077925573,0.5930273703,-0.03283590481,-0.07879409686,-0.05003694527
0,0,0.7594907453,0,0,-0.6259984912,0.779824268,-0.3178646714,-0.0253067614,0.01339110727,0.6671132914,-0.3554180743,0.02863067661,-0.2886724249,0.01725240407,-0.008494956658,0.666531281,-0.3839321376,-0.01923025156,0.005359526164,0.03344322281,-0.010561583,-0.2731965354,0.4195256155,1.32124171,2.0944,1.587090813,-0.6196103078,0.5251162481,0.3025993785,-0.1747060639,0.02385902272,0.5866892448,-0.03604240912,-0.07670224584,-0.05537428529
0,0,0.7594907453,0,0,-0.6153076216,0.7882870866,-0.3167542824,-0.02638602933,0.01392452932,0.6669503949,-0.3563798326,0.02983404197,-0.2887549794,0.01867945476,-0.009199424995,0.6663936465,-0.3837245903,-0.02082166196,0.005366057777,0.03434749977,-0.01058710815,-0.2691424321,0.4185534576,1.3164992,2.0944,1.589659666,-0.6262316972,0.5324833819,0.3066374357,-0.1703739531,0.02699548411,0.58012317,-0.03922769489,-0.07382100898,-0.06068133854
0,0,0.7594907453,0,0,-0.6045023576,0.7966033515,-0.3155399291,-0.02733258199,0.01438146009,0.6667987999,-0.3574554277,0.03088437995,-0.2890236011,0.02005047746,-0.009881201096,0.6662728311,-0.3833482955,-0.02235277828,0.005334600359,0.03511701447,-0.01054034849,-0.2649160712,0.4179112626,1.311230205,2.0944,1.591432587,-0.6334059978,0.5388419421,0.3100291595,-0.1659843725,0.03015145861,0.5734381167,-0.04235835436,-0.0702209623,-0.06590204455
0,0,0.7594907453,0,0,-0.5935847082,0.8047715167,-0.3142382238,-0.02814054663,0.01475968387,0.666660191,-0.3586296575,0.03177547993,-0.2894692616,0.02135214787,-0.01053437275,0.6661699792,-0.3828131887,-0.02380903951,0.005267471557,0.03574848461,-0.01042570633,-0.2605072419,0.4176087312,1.305737804,2.0944,1.592608751,-0.6409485352,0.5441458576,0.3127446335,-0.1615808809,0.03328945771,0.5667330438,-0.04540068031,-0.06597148242,-0.07098259093
0,0,0.7594907453,0,0,-0.5825567032,0.8127900637,-0.3128659502,-0.02880506071,0.01505772058,0.6665360299,-0.3598869681,0.03250236541,-0.2900818771,0.02257200722,-0.01115325526,0.6660860027,-0.382130008,-0.02517676479,0.005167659938,0.03623955599,-0.01024875629,-0.2559196742,0.4176509512,1.300267925,2.0944,1.593333961,-0.6486942315,0.548354726,0.3147627089,-0.1572069086,0.03637199179,0.5600970149,-0.04832116751,-0.06114083219,-0.07587175364
0,0,0.7594907453,0,0,-0.5714203926,0.8206575016,-0.3114399951,-0.02932229437,0.01527480025,0.6664275606,-0.361211532,0.03306130057,-0.2908503765,0.02369851627,-0.01173239667,0.6660215886,-0.3813102404,-0.02644320395,0.005038741169,0.03658890554,-0.01001609787,-0.251169181,0.4180389024,1.295019378,2.0944,1.593711917,-0.656495019,0.5514351313,0.3160708513,-0.1529056574,0.03936190908,0.5536094831,-0.05108702361,-0.05579631211,-0.08052118519
0,0,0.7594907453,0,0,-0.5601778471,0.8283723677,-0.3099772789,-0.02968947118,0.01541083283,0.6663358137,-0.3625873259,0.03344979345,-0.2917627721,0.02472110308,-0.0122665878,0.6659772056,-0.3803660649,-0.02759658421,0.00488476708,0.03679631783,-0.009735162834,-0.2462817294,0.4187698102,1.290152824,2.0944,1.593814415,-0.664217348,0.553361711,0.3166648918,-0.1487199826,0.04222276184,0.5473407307,-0.05366666996,-0.05000447005,-0.08488564587
0,0,0.7594907453,0,0,-0.5488311566,0.8359332279,-0.3084946855,-0.02990488651,0.01546637402,0.6662616117,-0.3639982082,0.03366659545,-0.2928062316,0.02563020432,-0.01275087724,0.66595311,-0.3793102933,-0.02862615309,0.004710134127,0.03686272542,-0.009413987513,-0.241291661,0.419837369,1.285798084,2.0944,1.593689949,-0.6717401055,0.5541180561,0.3165487007,-0.1446922513,0.04491919282,0.5413524362,-0.05603021579,-0.04383135491,-0.08892317665
0,0,0.7594907453,0,0,-0.5373824307,0.8433386764,-0.3070089899,-0.02996792303,0.0154425881,0.6662055733,-0.3654279964,0.03371169743,-0.2939671531,0.02641730014,-0.01318059106,0.6659493522,-0.3781563096,-0.02952221725,0.004519438839,0.03679020876,-0.009060962435,-0.2362401529,0.4212318594,1.28205969,2.0944,1.593370597,-0.678953061,0.553697482,0.3157338018,-0.1408641726,0.04741733385,0.5356983369,-0.05814989199,-0.03734279412,-0.09259521577
0,0,0.7594907453,0,0,-0.525833798,0.8505873364,-0.3055367866,-0.02987906289,0.01534120869,0.6661681178,-0.3668605432,0.03358632222,-0.2952312403,0.02707494259,-0.01355135712,0.6659657819,-0.3769180067,-0.03027617745,0.004317328138,0.03658195658,-0.00868457228,-0.2311739257,0.4229401845,1.279020802,2.0944,1.592877308,-0.6857558313,0.5521036778,0.3142389478,-0.1372765974,0.04968520753,0.5304249472,-0.06000043469,-0.03060467178,-0.09586666385
0,0,0.7594907453,0,0,-0.5141874053,0.8576778604,-0.3040944159,-0.02963989595,0.01516449822,0.6661494703,-0.3682798122,0.03329291353,-0.2965835806,0.02759677776,-0.01385913341,0.6660020541,-0.3756097224,-0.03088055955,0.004108352136,0.03624219152,-0.008293139075,-0.2261441573,0.4249458628,1.276745818,2.0944,1.592223815,-0.6920572827,0.5493512265,0.3120896746,-0.1339692892,0.05169312203,0.5255722948,-0.06155941213,-0.02368318377,-0.09870590417
0,0,0.7594907453,0,0,-0.5024454181,0.86460893,-0.3026978907,-0.02925312378,0.01491520718,0.6661496663,-0.3696699534,0.03283512135,-0.2980087222,0.02797756161,-0.01410024012,0.6660576343,-0.3742461734,-0.0313290416,0.003896826324,0.03577606864,-0.007894580355,-0.2212055463,0.4272290134,1.275282003,2.0944,1.591419441,-0.6977752591,0.5454659788,0.309317851,-0.1309806656,0.05341404869,0.5211746391,-0.06280749109,-0.016645048,-0.1010847862
0,0,0.7594907453,0,0,-0.4906100192,0.8713792567,-0.3013628233,-0.02872255876,0.01459653379,0.6661685567,-0.3710153764,0.03221778369,-0.2994907538,0.02821316997,-0.0142713947,0.6661318046,-0.3728423882,-0.03161647708,0.003686709009,0.03518955557,-0.007496192437,-0.2164154668,0.4297663693,1.274660461,2.0944,1.590471064,-0.7028365255,0.5404852574,0.3059612337,-0.1283475133,0.05482397172,0.517261142,-0.06372864171,-0.009557652311,-0.1029785806
0,0,0.7594907453,0,0,-0.478683409,0.8779875819,-0.3001043516,-0.02805311812,0.0142120851,0.6662058126,-0.3723008241,0.03144690462,-0.3010133832,0.0283006028,-0.01436974921,0.6662236687,-0.3714136389,-0.03173891429,0.003481498592,0.03448930352,-0.00710446686,-0.2118331659,0.4325313466,1.274896738,2.0944,1.589384432,-0.7071768288,0.5344578744,0.3020630341,-0.1261046811,0.05590219961,0.5138564693,-0.06431028129,-0.002489127677,-0.1043659151
0,0,0.7594907453,0,0,-0.4666678049,0.8844326768,-0.2989370666,-0.02725081247,0.01376584013,0.6662609309,-0.3735114441,0.03052962863,-0.3025600165,0.02823798316,-0.01439292932,0.6663321584,-0.3699753725,-0.03169361201,0.003284153872,0.03368251763,-0.006724945814,-0.2075189723,0.4354941894,1.275991284,2.0944,1.588165033,-0.7107409959,0.5274439421,0.2976714993,-0.1242847536,0.05663162827,0.5109813114,-0.0645433587,0.004491659892,-0.1052286983
0,0,0.7594907453,0,0,-0.4545654407,0.8907133434,-0.2978749402,-0.02632272853,0.01326211578,0.6663332392,-0.3746328592,0.02947421122,-0.3041138377,0.0280245512,-0.01433907391,0.6664560387,-0.3685431407,-0.03147905145,0.003097039189,0.03277683378,-0.006362119969,-0.2035334937,0.4386221967,1.277929922,2.0944,1.58681863,-0.7134830137,0.5195144667,0.2928395045,-0.1229177123,0.05699894676,0.5086528161,-0.06442238211,0.01131519935,-0.1055520398
0,0,0.7594907453,0,0,-0.4423785665,0.8968284139,-0.2969312541,-0.02527700591,0.0127055361,0.6664219007,-0.3756512363,0.02828998573,-0.3056578863,0.02766065378,-0.01420687455,0.6665939143,-0.3671325295,-0.0310949445,0.002921894828,0.03178020761,-0.006019369957,-0.1999367969,0.44188003,1.280684466,2.0944,1.585351572,-0.7153660502,0.5107507194,0.2876241513,-0.1220305891,0.05699477791,0.5068849369,-0.063945393,0.01791150207,-0.1053241726
0,0,0.7594907453,0,0,-0.4301094479,0.9027767514,-0.2961185301,-0.02412280773,0.0121010054,0.6665259194,-0.3765533533,0.02698732627,-0.3071751359,0.02714772993,-0.01399561396,0.6667442349,-0.3657590883,-0.03054223841,0.002759831944,0.03070081959,-0.005698950667,-0.196787572,0.4452300888,1.284213542,2.0944,1.583770938,-0.7163623946,0.5012433898,0.2820863667,-0.1216471207,0.05661374779,0.5056887053,-0.06311388992,0.02421033777,-0.1045363846
0,0,0.7594907453,0,0,-0.4177603659,0.9085572501,-0.2954484617,-0.02287028504,0.01145368551,0.6666441446,-0.3773266645,0.02557760693,-0.3086485704,0.02648829293,-0.01370520233,0.6669053011,-0.3644382579,-0.02982311689,0.002611350281,0.02954699851,-0.005402015867,-0.1941422887,0.4486329341,1.288463653,2.0944,1.582084579,-0.7164533031,0.4910915354,0.2762904926,-0.1217874082,0.05585448008,0.5050724379,-0.06193270565,0.03014152666,-0.1031829616
0,0,0.7594907453,0,0,-0.4053336164,0.9141688353,-0.2949318485,-0.02153053493,0.01076897755,0.6667752749,-0.377959363,0.02407315706,-0.3100612595,0.02568590933,-0.01333621089,0.6670752702,-0.363185299,-0.02894099761,0.002476376194,0.02832716421,-0.005128679284,-0.1920543615,0.4520477385,1.293370498,2.0944,1.580301077,-0.7156287494,0.4804013506,0.2703038624,-0.1224675939,0.0547195139,0.5050418935,-0.06040984188,0.03563527294,-0.1012611468
0,0,0.7594907453,0,0,-0.3928315097,0.9196104637,-0.2945785313,-0.02011555256,0.01005250826,0.6669178626,-0.3784404414,0.02248721296,-0.3113964333,0.02474517557,-0.01288990154,0.6672521611,-0.3620152196,-0.02790052619,0.002354317957,0.02704978885,-0.004878107361,-0.1905733398,0.4554327373,1.298860507,2.0944,1.578429656,-0.7138870817,0.4692847907,0.2641963562,-0.1236995592,0.05321514625,0.5056003966,-0.05855626567,0.04062252364,-0.0987711173
0,0,0.7594907453,0,0,-0.3802563702,0.9248811237,-0.2943973311,-0.01863817707,0.009310120852,0.6670703157,-0.3787597496,0.02083386565,-0.3126375543,0.02367169269,-0.01236825187,0.6674338594,-0.3609427025,-0.02670756663,0.002244135074,0.02572337528,-0.004648638271,-0.1897441425,0.4587456576,1.304852583,2.0944,1.576480053,-0.711234596,0.4578580918,0.2580399332,-0.1254906538,0.05135120333,0.5067489444,-0.05638567261,0.04503533579,-0.09571597954
0,0,0.7594907453,0,0,-0.3676105357,0.9299798353,-0.2943959898,-0.01711203169,0.008547870299,0.6672309008,-0.3789080489,0.01912800521,-0.3137683885,0.02247203964,-0.01177397468,0.6676181218,-0.3599820331,-0.02536918819,0.002144418176,0.02435644996,-0.004437921512,-0.1896063574,0.4619441094,1.311259958,2.0944,1.574462374,-0.7076850354,0.4462402342,0.2519081385,-0.1278434626,0.04914074732,0.5084863127,-0.05391422217,0.04880723555,-0.09210178102
0,0,0.7594907453,0,0,-0.3548963572,0.9349056507,-0.2945811144,-0.01555145823,0.007772022754,0.6673977438,-0.3788770641,0.01738526161,-0.3147730741,0.02115374574,-0.01111053131,0.6678025797,-0.359147026,-0.02389364876,0.002053476177,0.02295756732,-0.004243072386,-0.1901936227,0.4649859212,1.317992146,2.0944,1.572386931,-0.7032590304,0.4345514011,0.2458755864,-0.1307556153,0.04659972852,0.5108091775,-0.05116025117,0.05187355307,-0.08793753817
0,0,0.7594907453,0,0,-0.3421161985,0.939657654,-0.2949581235,-0.01397144645,0.006989058638,0.6675688299,-0.378659531,0.0156219422,-0.3156361886,0.0197252627,-0.01038213802,0.667984742,-0.3584509528,-0.02229037456,0.001969427515,0.02153532206,-0.004060835878,-0.1915331073,0.4678294168,1.324956891,2.0944,1.570264086,-0.6979834927,0.4229114828,0.2400174222,-0.134219645,0.04374659449,0.5137122661,-0.04814397226,0.05417171862,-0.08323527625
0,0,0.7594907453,0,0,-0.3292724357,0.9442349618,-0.2955311985,-0.01238755857,0.006205678873,0.6677420019,-0.3782492406,0.01385496618,-0.3163428138,0.01819593679,-0.009593764982,0.6681619967,-0.3579064697,-0.02056993641,0.001890292601,0.02009836586,-0.003887754784,-0.1936451007,0.47043363,1.332062072,2.0944,1.568104096,-0.6918909776,0.4114386727,0.2344087669,-0.138222898,0.04060186996,0.517188552,-0.04488716474,0.05564150649,-0.07801007788
0,0,0.7594907453,0,0,-0.3163674565,0.9486367231,-0.2963032369,-0.01081584959,0.005428813587,0.6679149573,-0.3776410793,0.01210179615,-0.3168785985,0.01657598131,-0.008751127198,0.6683316119,-0.3575255448,-0.01874402223,0.001814084929,0.01865542479,-0.00372033745,-0.196542722,0.4727584636,1.339217505,2.0944,1.565916977,-0.6850190304,0.400248197,0.2291241496,-0.142747496,0.03718772264,0.5212295057,-0.04141286574,0.05622521522,-0.07228013561
0,0,0.7594907453,0,0,-0.3034036601,0.9528621196,-0.2972758105,-0.009272783765,0.004665632468,0.6680852433,-0.3768310647,0.0103803671,-0.317229819,0.01487644993,-0.0078606672,0.6684907347,-0.3573193865,-0.01682540618,0.001738898633,0.01721531413,-0.00355522099,-0.2002317497,0.4747647996,1.346336582,2.0944,1.563712393,-0.6774095273,0.3894512111,0.2242369325,-0.1477703519,0.0335275303,0.5258254123,-0.03774507036,0.05586777441,-0.06606680377
0,0,0.7594907453,0,0,-0.2903834568,0.9569103657,-0.2984491265,-0.007775148089,0.003923555903,0.66825025,-0.3758163768,0.008709013062,-0.3173834381,0.01310921096,-0.00692952909,0.6686363889,-0.3572983719,-0.01482791404,0.001662990708,0.01578694758,-0.00338932646,-0.2047105704,0.4764145755,1.353337738,2.0944,1.561499576,-0.6691080246,0.3791538836,0.2198187325,-0.1532632344,0.02964546466,0.5309657672,-0.03390844954,0.05451677006,-0.05939464477
0,0,0.7594907453,0,0,-0.2773092671,0.9607807088,-0.2998219932,-0.006339963318,0.003210265899,0.6684072016,-0.3745953849,0.007106391766,-0.3173271614,0.01128692284,-0.005965523855,0.6687654708,-0.357471976,-0.01276638519,0.001584856433,0.01437933848,-0.003220003034,-0.2099702415,0.4776708379,1.360145701,2.0944,1.559287294,-0.6601631256,0.369456683,0.2159388417,-0.1591928809,0.02556610673,0.5366397597,-0.0299280948,0.05212238226,-0.05229146527
0,0,0.7594907453,0,0,-0.2641835218,0.9644724293,-0.3013917896,-0.004984393299,0.002533715744,0.6685531446,-0.3731676695,0.005591407593,-0.3170494913,0.009423010953,-0.00497708594,0.6688747428,-0.3578487013,-0.01065663111,0.00150329695,0.01300159101,-0.003045158846,-0.2159946547,0.4784977871,1.366692527,2.0944,1.55708387,-0.6506258712,0.3604538689,0.2126636489,-0.1655211515,0.02131410653,0.5428368536,-0.02582929871,0.04863723054,-0.04478833811
0,0,0.7594907453,0,0,-0.251008661,0.9679848408,-0.3031544395,-0.0037256534,0.001902137296,0.6686849349,-0.3715340388,0.004183133133,-0.3165397792,0.007531645683,-0.003973221159,0.6689608253,-0.3584360086,-0.008515390454,0.001417478238,0.01166288032,-0.00286337667,-0.2227607901,0.4788608262,1.372918434,2.0944,1.554897265,-0.6405491618,0.3522331819,0.2100560575,-0.1722052188,0.01691389837,0.5495474758,-0.02163737981,0.04401612339,-0.03691960677
0,0,0.7594907453,0,0,-0.2377871342,0.9713172905,-0.3051043892,-0.002580918839,0.001324044767,0.6687992208,-0.3696965403,0.002900729685,-0.3157882759,0.005627721707,-0.002963446219,0.6690201855,-0.3592402483,-0.006360280842,0.001326981071,0.01037242067,-0.002674013174,-0.2302390425,0.4787266227,1.378772426,2.0944,1.552735236,-0.6299872116,0.3448757199,0.2081748983,-0.1791977877,0.01238948015,0.5567638217,-0.01737756,0.03821570945,-0.02872287002
0,0,0.7594907453,0,0,-0.2245213995,0.9744691587,-0.30723459,-0.001567233767,0.000808233847,0.668892424,-0.3676584673,0.001763366978,-0.3147861789,0.0037268383,-0.001957720203,0.6690491239,-0.360266593,-0.004209747541,0.001231841786,0.009139421793,-0.002477280909,-0.2383936044,0.4780631909,1.384212762,2.0944,1.550605582,-0.6189950376,0.338455982,0.2070743269,-0.1864473385,0.007764262292,0.5644807906,-0.01307490194,0.03119402868,-0.02023894558
0,0,0.7594907453,0,0,-0.2112139231,0.9774398594,-0.3095364851,-0.0007014219583,0.0003637750265,0.6689607175,-0.3654243599,0.0007901423997,-0.3135256782,0.001845280391,-0.0009663685282,0.6690437575,-0.3615189709,-0.002083009072,0.001132583927,0.00797303382,-0.00227431262,-0.2471828882,0.4768399995,1.389207266,2.0944,1.548516484,-0.6076279808,0.3330420582,0.206803196,-0.1938983864,0.00306098879,0.5726970618,-0.008754312665,0.02290996137,-0.0115118131
0,0,0.7594907453,0,0,-0.1978671791,0.9802288403,-0.312,1.152107221e-17,7.571970142e-17,0.669,-0.363,2.745863461e-17,-0.312,1.686049197e-17,3.715548447e-17,0.669,-0.363,2.728530486e-17,0.001030241002,0.006882281692,-0.002067207813,-0.2565599719,0.4750281054,1.393733545,2.0944,1.546476951,-0.5959412591,0.3286959412,0.2074043894,-0.2014917543,-0.001698270332,0.5814163295,-0.00444061876,0.01332257304,-0.002588537728
0,0,0.7594907453,0,0,-0.1910092678,0.9815882332,-0.3119210584,0.001290764375,-0.0006733332274,0.6689640976,-0.3630434738,-0.001455833114,-0.3129047693,-0.001007372841,0.0005267620818,0.6689846918,-0.3620801879,0.001136784165,0.0009206532406,0.006147776171,-0.001846959388,-0.2564939286,0.4788365056,1.397683393,2.0944,1.545745835,-0.5942216108,0.3207768561,0.1983091821,-0.2040227636,-0.003874063717,0.5921700175,-0.002736202164,0.01140936005,0.0005927811155
0,0,0.7594907453,0,0,-0.1841420202,0.9828996472,-0.3118866198,0.002419765967,-0.001262174779,0.6689230067,-0.363037914,-0.00272916643,-0.3136604,-0.001907765233,0.0009994191459,0.6689602312,-0.3613007844,0.0021536958,0.0008223292737,0.005484018048,-0.001649206887,-0.2565902431,0.4820902639,1.401188302,2.0944,1.545104223,-0.592533921,0.313860701,0.1903416177,-0.2063306966,-0.005820334065,0.6019114772,-0.001221453846,0.009418544766,0.003499849226
0,0,0.7594907453,0,0,-0.177265772,0.984163018,-0.311890315,0.003393651851,-0.00177017703,0.6688804157,-0.3629931044,-0.003827582471,-0.3142794343,-0.002702854507,0.001418073488,0.6689306602,-0.3606531423,0.003052269649,0.000735297903,0.004893721047,-0.001474083673,-0.2568127314,0.4848295213,1.404276567,2.0944,1.544567585,-0.590902796,0.3079046908,0.1834709129,-0.2084105827,-0.007541507065,0.6105856351,0.0001113626009,0.007432537485,0.006123425335
0,0,0.7594907453,0,0,-0.1703808592,0.9853782841,-0.311890315,0.003393651851,-0.00177017703,0.6688804157,-0.3629931044,-0.003827582471,-0.3142794343,-0.002702854507,0.001418073488,0.6689306602,-0.3606531423,0.003052269649,0.000735297903,0.004893721047,-0.001474083673,-0.2568127314,0.4848295213,1.404276567,2.0944,1.544567585,-0.590902796,0.3079046908,0.1834709129,-0.2084105827,-0.007541507065,0.6105856351,0.0001113626009,0.007432537485,0.006123425335
0,0,0.7594907453,0,0,-0.1634876184,0.986545386,-0.311890315,0.003393651851,-0.00177017703,0.6688804157,-0.3629931044,-0.003827582471,-0.3142794343,-0.002702854507,0.001418073488,0.6689306602,-0.3606531423,0.003052269649,0.000735297903,0.004893721047,-0.001474083673,-0.2568127314,0.4848295213,1.404276567,2.0944,1.544567585,-0.590902796,0.3079046908,0.1834709129,-0.2084105827,-0.007541507065,0.6105856351,0.0001113626009,0.007432537485,0.006123425335
0,0,0.7594907453,0,0,-0.1565863865,0.9876642666,-0.311890315,0.003393651851,-0.00177017703,0.6688804157,-0.3629931044,-0.003827582471,-0.3142794343,-0.002702854507,0.001418073488,0.6689306602,-0.3606531423,0.003052269649,0.000735297903,0.004893721047,-0.001474083673,-0.2568127314,0.4848295213,1.404276567,2.0944,1.544567585,-0.590902796,0.3079046908,0.1834709129,-0.2084105827,-0.007541507065,0.6105856351,0.0001113626009,0.007432537485,0.006123425335
0,0,0.7594907453,0,0,-0.1496775008,0.9887348713,-0.311890315,0.003393651851,-0.00177017703,0.6688804157,-0.3629931044,-0.003827582471,-0.3142794343,-0.002702854507,0.001418073488,0.6689306602,-0.3606531423,0.003052269649,0.000735297903,0.004893721047,-0.001474083673,-0.2568127314,0.4848295213,1.404276567,2.0944,1.544567585,-0.590902796,0.3079046908,0.1834709129,-0.2084105827,-0.007541507065,0.6105856351,0.0001113626009,0.007432537485,0.006123425335
0,0,0.7594907453,0,0,-0.142761299,0.9897571477,-0.311890315,0.003393651851,-0.00177017703,0.6688804157,-0.3629931044,-0.003827582471,-0.3142794343,-0.002702854507,0.001418073488,0.6689306602,-0.3606531423,0.003052269649,0.000735297903,0.004893721047,-0.001474083673,-0.2568127314,0.4848295213,1.404276567,2.0944,1.544567585,-0.590902796,0.3079046908,0.1834709129,-0.2084105827,-0.007541507065,0.6105856351,0.0001113626009,0.007432537485,0.006123425335
0,0,0.7594907453,0,0,-0.1358381193,0.9907310459,-0.311890315,0.003393651851,-0.00177017703,0.6688804157,-0.3629931044,-0.003827582471,-0.3142794343,-0.002702854507,0.001418073488,0.6689306602,-0.3606531423,0.003052269649,0.000735297903,0.004893721047,-0.001474083673,-0.2568127314,0.4848295213,1.404276567,2.0944,1.544567585,-0.590902796,0.3079046908,0.1834709129,-0.2084105827,-0.007541507065,0.6105856351,0.0001113626009,0.007432537485,0.006123425335
0,0,0.7594907453,0,0,-0.1289082999,0.9916565183,-0.311890315,0.003393651851,-0.00177017703,0.6688804157,-0.3629931044,-0.003827582471,-0.3142794343,-0.002702854507,0.001418073488,0.6689306602,-0.3606531423,0.003052269649,0.000735297903,0.004893721047,-0.001474083673,-0.2568127314,0.4848295213,1.404276567,2.0944,1.544567585,-0.590902796,0.3079046908,0.1834709129,-0.2084105827,-0.007541507065,0.6105856351,0.0001113626009,0.007432537485,0.006123425335
0,0,0.7594907453,0,0,-0.1219721796,0.9925335195,-0.311890315,0.003393651851,-0.00177017703,0.6688804157,-0.3629931044,-0.003827582471,-0.3142794343,-0.002702854507,0.001418073488,0.6689306602,-0.3606531423,0.003052269649,0.000735297903,0.004893721047,-0.001474083673,-0.2568127314,0.4848295213,1.404276567,2.0944,1.544567585,-0.590902796,0.3079046908,0.1834709129,-0.2084105827,-0.007541507065,0.6105856351,0.0001113626009,0.007432537485,0.006123425335
0,0,0.7594907453,0,0,-0.1150300975,0.9933620069,-0.311890315,0.003393651851,-0.00177017703,0.6688804157,-0.3629931044,-0.003827582471,-0.3142794343,-0.002702854507,0.001418073488,0.6689306602,-0.3606531423,0.003052269649,0.000735297903,0.004893721047,-0.001474083673,-0.2568127314,0.4848295213,1.404276567,2.0944,1.544567585,-0.590902796,0.3079046908,0.1834709129,-0.2084105827,-0.007541507065,0.6105856351,0.0001113626009,0.007432537485,0.006123425335
0,0,0.7594907453,0,0,-0.1080823928,0.9941419398,-0.311890315,0.003393651851,-0.00177017703,0.6688804157,-0.3629931044,-0.003827582471,-0.3142794343,-0.002702854507,0.001418073488,0.6689306602,-0.3606531423,0.003052269649,0.000735297903,0.004893721047,-0.001474083673,-0.2568127314,0.4848295213,1.404276567,2.0944,1.544567585,-0.590902796,0.3079046908,0.1834709129,-0.2084105827,-0.007541507065,0.6105856351,0.0001113626009,0.007432537485,0.006123425335
0,0,0.7594907453,0,0,-0.1011294051,0.9948732801,-0.311890315,0.003393651851,-0.00177017703,0.6688804157,-0.3629931044,-0.003827582471,-0.3142794343,-0.002702854507,0.001418073488,0.6689306602,-0.3606531423,0.003052269649,0.000735297903,0.004893721047,-0.001474083673,-0.2568127314,0.4848295213,1.404276567,2.0944,1.544567585,-0.590902796,0.3079046908,0.1834709129,-0.2084105827,-0.007541507065,0.6105856351,0.0001113626009,0.007432537485,0.006123425335
0,0,0.7594907453,0,0,-0.0941714744,0.9955559921,-0.311890315,0.003393651851,-0.00177017703,0.6688804157,-0.3629931044,-0.003827582471,-0.3142794343,-0.002702854507,0.001418073488,0.6689306602,-0.3606531423,0.003052269649,0.000735297903,0.004893721047,-0.001474083673,-0.2568127314,0.4848295213,1.404276567,2.0944,1.544567585,-0.590902796,0.3079046908,0.1834709129,-0.2084105827,-0.007541507065,0.6105856351,0.0001113626009,0.007432537485,0.006123425335
0,0,0.7594907453,0,0,-0.08720894067,0.9961900424,-0.311890315,0.003393651851,-0.00177017703,0.6688804157,-0.3629931044,-0.003827582471,-0.3142794343,-0.002702854507,0.001418073488,0.6689306602,-0.3606531423,0.003052269649,0.000735297903,0.004893721047,-0.001474083673,-0.2568127314,0.4848295213,1.404276567,2.0944,1.544567585,-0.590902796,0.3079046908,0.1834709129,-0.2084105827,-0.007541507065,0.6105856351,0.0001113626009,0.007432537485,0.006123425335
0,0,0.7594907453,0,0,-0.08024214427,0.9967754001,-0.311890315,0.003393651851,-0.00177017703,0.6688804157,-0.3629931044,-0.003827582471,-0.3142794343,-0.002702854507,0.001418073488,0.6689306602,-0.3606531423,0.003052269649,0.000735297903,0.004893721047,-0.001474083673,-0.2568127314,0.4848295213,1.404276567,2.0944,1.544567585,-0.590902796,0.3079046908,0.1834709129,-0.2084105827,-0.007541507065,0.6105856351,0.0001113626009,0.007432537485,0.006123425335
0,0,0.7594907453,0,0,-0.07327142571,0.9973120365,-0.311890315,0.003393651851,-0.00177017703,0.6688804157,-0.3629931044,-0.003827582471,-0.3142794343,-0.002702854507,0.001418073488,0.6689306602,-0.3606531423,0.003052269649,0.000735297903,0.004893721047,-0.001474083673,-0.2568127314,0.4848295213,1.404276567,2.0944,1.544567585,-0.590902796,0.3079046908,0.1834709129,-0.2084105827,-0.007541507065,0.6105856351,0.0001113626009,0.007432537485,0.006123425335
0,0,0.7594907453,0,0,-0.06629712573,0.9977999254,-0.3129025983,0.003928558476,-0.002054223951,0.6688666155,-0.36197054,-0.004431760485,-0.3137979473,-0.003669413435,0.001922898117,0.6688860778,-0.3610905163,0.004140102754,0.0006291569039,0.004544470075,-0.001173647402,-0.2608886291,0.4845217023,1.405726021,2.0944,1.542461821,-0.5863434837,0.3044215633,0.1823842002,-0.2121605022,-0.00982719301,0.6150465664,0.002087093861,0.003892904048,0.01034056
0,0,0.7594907453,0,0,-0.05931958522,0.9982390429,-0.3128598166,0.003426287957,-0.001791428097,0.6688905057,-0.3620337581,-0.003866348566,-0.313513086,-0.003237296247,0.001695308561,0.6689042536,-0.3613939118,0.00365433278,0.0007056852152,0.004609920394,-0.001415330034,-0.2602639031,0.4834952001,1.406286538,2.0944,1.544951776,-0.5863906029,0.3077427121,0.1851935902,-0.2108970105,-0.008986581629,0.6124644696,0.001431835138,0.003800493283,0.009058094639
0,0,0.7594907453,0,0,-0.05233914524,0.9986293676,-0.3127866387,0.002903141538,-0.001517632778,0.6689138003,-0.3621293646,-0.003275886684,-0.3132390557,-0.002772381512,0.001450874957,0.66892331,-0.3616862655,0.003129078458,0.0007553049274,0.004946897966,-0.001515289754,-0.2594030443,0.4822260453,1.406905125,2.0944,1.547427837,-0.5868015216,0.310930716,0.188757311,-0.2096006065,-0.007966693989,0.607646403,0.0006269085234,0.005151559273,0.00743534399
0,0,0.7594907453,0,0,-0.04535614697,0.9989708804,-0.312692996,0.002371691942,-0.001239532784,0.6689351244,-0.3622435983,-0.002676071993,-0.3129748297,-0.002290314523,0.001197824013,0.6689410413,-0.3619675833,0.002584631593,0.0008056356332,0.005292320475,-0.00161669555,-0.2584685332,0.4809605185,1.407465789,2.0944,1.549910833,-0.5873074673,0.3141704354,0.192318619,-0.2082369702,-0.006900579746,0.6027833056,-0.0002224481681,0.00655404554,0.005735852776
0,0,0.7594907453,0,0,-0.03837093175,0.9992635646,-0.3125804539,0.001839600971,-0.000961179607,0.6689540863,-0.3623745164,-0.00207557147,-0.3127239931,-0.001798196058,0.0009398744445,0.6689570961,-0.362233948,0.002029007659,0.0008558609175,0.005641073555,-0.001717913067,-0.2574740034,0.4797166818,1.407964411,2.0944,1.552369216,-0.5878989002,0.3174156213,0.1958259084,-0.2068263174,-0.005803621261,0.5979474418,-0.001103995907,0.007986036643,0.003985088381
0,0,0.7594907453,0,0,-0.03138384099,0.9995074059,-0.3124510949,0.001314427836,-0.0006865638974,0.6689704243,-0.3625197806,-0.001482932989,-0.3124897303,-0.001303294158,0.0006808125507,0.6689712334,-0.3624819468,0.00147040169,0.0009051969059,0.005988083398,-0.001817371837,-0.2564347036,0.4785117326,1.408397798,2.0944,1.55477168,-0.5885645442,0.3206205257,0.1992304881,-0.2053898508,-0.004691926138,0.593207439,-0.002004578163,0.009426228164,0.002209431259
0,0,0.7594907453,0,0,-0.02439521623,0.9997023924,-0.3123075144,0.0008036164399,-0.0004196055093,0.6689840072,-0.3626766614,-0.0009065694281,-0.3122748189,-0.0008130292853,0.0004244865628,0.6689833233,-0.3627086769,0.0009171725143,0.0009528989184,0.006328324638,-0.001913577891,-0.2553672814,0.4773620044,1.408764625,2.0944,1.557088021,-0.5892910711,0.3237399501,0.2024866268,-0.2039497264,-0.003582315473,0.5886282991,-0.002910150091,0.01085386054,0.0004361233668
0,0,0.7594907453,0,0,-0.01740539906,0.9998485146,-0.3121528143,0.0003144824984,-0.0001641440488,0.6689948302,-0.3628420417,-0.0003547428783,-0.3120816227,-0.000334959026,0.0001748014242,0.6689933427,-0.3629117492,0.0003778267934,0.0009982665654,0.006656825189,-0.002005123365,-0.2542895854,0.4762829608,1.409066258,2.0944,1.559289895,-0.5900628122,0.3267292982,0.2055515589,-0.2025290171,-0.002492299349,0.5842715184,-0.003805825542,0.01224858917,-0.001306778369
0,0,0.7594907453,0,0,-0.01041473114,0.9999457652,-0.3119905947,-0.0001457995374,7.606993534e-05,0.6690030062,-0.363012417,0.0001644510266,-0.311912083,0.0001232375736,-6.428607249e-05,0.6690013675,-0.3630892885,-0.0001389971174,0.001040647001,0.006968667987,-0.002090692565,-0.2532204968,0.4752891801,1.409307398,2.0944,1.561351432,-0.590861514,0.3295446368,0.2083854563,-0.2011516738,-0.001440038818,0.5801953031,-0.004675940796,0.01359029879,-0.002990443829
0,0,0.7594907453,0,0,-0.003423554147,0.9999941396,-0.3118249429,-0.000570209832,0.0002973829917,0.6690087537,-0.3631838956,0.0006430986602,-0.3117677087,0.0005537759736,-0.0002887718862,0.6690075603,-0.3632399316,-0.0006245454529,0.001079436064,0.007258989487,-0.002169063992,-0.2521797983,0.4743943308,1.409496526,2.0944,1.56324969,-0.5916661529,0.3321427681,0.210951367,-0.1998424831,-0.0004442940559,0.5764548733,-0.005504133811,0.01485886894,-0.00458530691
0,0,0.7594907453,0,0,0.003567790181,0.9999936354,-0.311660421,-0.0009518968304,0.0004962459261,0.6690123802,-0.3633521955,0.001073483824,-0.3116495659,0.0009487823293,-0.0004946091671,0.6690121541,-0.3633628228,-0.00106996545,0.001114077049,0.007522974733,-0.002239107853,-0.2511880839,0.4736111352,1.409646124,2.0944,1.564964925,-0.5924528198,0.3344813149,0.2132151253,-0.198627022,0.0004756413067,0.5731028467,-0.006273437709,0.01603389563,-0.006061098208
0,0,0.7594907453,0,0,0.01055896012,0.9999442526,-0.3115020506,-0.001284191282,0.0006692199836,0.6690142611,-0.3635126403,0.001448103031,-0.3115582659,0.001300309818,-0.0006777126468,0.6690154313,-0.363457606,-0.00146632186,0.001144056892,0.007755848811,-0.002299778624,-0.2502667151,0.4729513222,1.409772677,2.0944,1.566480686,-0.5931946785,0.3365188241,0.2151452323,-0.1975316081,0.001300019275,0.5701896983,-0.006966387235,0.01709437308,-0.007386873052
0,0,0.7594907453,0,0,0.01754961395,0.9998459937,-0.311355296,-0.001560620656,0.0008129819708,0.6690148151,-0.3636601534,0.001759680648,-0.3114939516,0.001600355019,-0.0008339631007,0.6690176993,-0.363524415,-0.001804613545,0.001168899538,0.007952864457,-0.002350102252,-0.2494378216,0.4724255676,1.40989644,2.0944,1.56778374,-0.5938620023,0.338214889,0.2167127087,-0.196583246,0.002008729305,0.5677642949,-0.007565136993,0.01801833787,-0.00853103456
0,0,0.7594907453,0,0,0.02453940997,0.9996988633,-0.311226045,-0.001774923975,0.00092432826,0.6690144748,-0.36378925,0.002001183887,-0.3114562838,0.001840874246,-0.0009592120162,0.6690192614,-0.3635638605,-0.002075790125,0.001188156327,0.008109285701,-0.002389157657,-0.2487243452,0.4720434231,1.410041021,2.0944,1.568863847,-0.5944222857,0.3395302942,0.2178909178,-0.1958095676,0.002581401854,0.5658745043,-0.008051590372,0.01878247624,-0.009461351187
0,0,0.7594907453,0,0,0.03152800653,0.9995028688,-0.311120587,-0.001921067071,0.001000177631,0.6690136539,-0.3638940276,0.002165837656,-0.3114444256,0.002013799754,-0.001049286609,0.6690203839,-0.3635770148,-0.002270768669,0.001201393198,0.008220367452,-0.00241605217,-0.2481501225,0.4718132328,1.410232768,2.0944,1.569713403,-0.5948404266,0.3404271814,0.2186553561,-0.1952387678,0.002997522456,0.5645678811,-0.008407538299,0.01936169422,-0.01014496797
0,0,0.7594907453,0,0,0.03851506204,0.9992580197,-0.3110455898,-0.001993258288,0.001037572936,0.66901271,-0.3639681543,0.002247139243,-0.3114570261,0.002111055694,-0.001099995344,0.6690212588,-0.3635653938,-0.002380450399,0.001208174585,0.008281331085,-0.002429890624,-0.2477400004,0.4717420397,1.410500012,2.0944,1.570326986,-0.595078973,0.3408692382,0.2189834095,-0.1948995323,0.003236554882,0.5638924357,-0.008614807241,0.01972864841,-0.01054841041
0,0,0.7594907453,0,0,0.04550023498,0.998964328,-0.3110080732,-0.001985964603,0.001033681588,0.6690119031,-0.3640048563,0.002238872847,-0.3114922025,0.002124573738,-0.001107134123,0.6690219623,-0.3635309359,-0.0023957374,0.001208043818,0.008287336246,-0.002429737769,-0.2475199776,0.471835483,1.410872181,2.0944,1.570700823,-0.5950984267,0.3408219063,0.2188540686,-0.1948209591,0.003278071827,0.5638974939,-0.008655416233,0.01985323369,-0.01063757968
0,0,0.7594907453,0,0,0.05248318391,0.998621808,-0.3110153815,-0.001893928159,0.0009857949026,0.6690113509,-0.3639969029,0.002135123955,-0.3115475219,0.002046308253,-0.001066493323,0.6690224098,-0.3634759791,-0.002307549325,0.001200499922,0.00823344928,-0.002414573729,-0.2475173661,0.4720976864,1.411378816,2.0944,1.570832199,-0.5948575978,0.3402526086,0.2182475984,-0.1950324717,0.003101891372,0.5646346571,-0.008511743226,0.01970202267,-0.0103777374
0,0,0.7594907453,0,0,0.05946356752,0.9982304765,-0.3110751524,-0.001712183189,0.000891326356,0.6690109787,-0.3639365893,0.001930293545,-0.3116199814,0.00186825091,-0.000973865861,0.6690223061,-0.3634032345,-0.002106840069,0.001184970645,0.00811460892,-0.002383242196,-0.2477609662,0.4725311431,1.412048504,2.0944,1.570718836,-0.5943140037,0.3391309891,0.2171451524,-0.1955637226,0.002688217385,0.5661588792,-0.008166701599,0.01923764878,-0.009733477903
0,0,0.7594907453,0,0,0.06644104462,0.9977903525,-0.3111952848,-0.00143607327,0.0007478088243,0.6690104673,-0.3638157194,0.00161911213,-0.3117059866,0.001582444632,-0.0008250565045,0.6690210922,-0.3633157583,-0.001784614434,0.00116078161,0.007925590154,-0.002334391061,-0.2482812489,0.4731365964,1.412907735,2.0944,1.570358223,-0.5934243099,0.3374291628,0.2155283217,-0.1964444886,0.002017781843,0.568529679,-0.007603928455,0.01841812285,-0.008668685441
0,0,0.7594907453,0,0,0.07341527416,0.9973014577,-0.3113839033,-0.001061268883,0.0005528909244,0.669009195,-0.363625585,0.001196653626,-0.3118013306,0.001180996746,-0.0006158926127,0.6690178872,-0.3632169203,-0.001331944762,0.001127121445,0.007660967484,-0.002266405162,-0.2491105427,0.473912923,1.413979702,2.0944,1.569746923,-0.5921448132,0.335121969,0.2133786048,-0.1977045554,0.001071986843,0.5718125145,-0.006807987146,0.01719606887,-0.007146473213
0,0,0.7594907453,0,0,0.08038591524,0.9967638159,-0.3116493211,-0.0005837851943,0.0003043325839,0.6690061769,-0.3633569446,0.0006583490444,-0.3119011698,0.0006560912423,-0.0003422365512,0.6690114274,-0.3631103699,-0.0007399875393,0.001083002796,0.007315079094,-0.002177330897,-0.2502832209,0.4748570206,1.41528301,2.0944,1.568879818,-0.5904319679,0.3321872196,0.2106767792,-0.1993735926,-0.0001669562176,0.5760803534,-0.0057645876,0.01551785994,-0.005129100293
0,0,0.7594907453,0,0,0.08735262714,0.9961774533,-0.312,-3.496301036e-18,-1.836814054e-17,0.669,-0.363,4.444429857e-18,-0.312,-5.487798142e-17,-5.606644991e-18,0.669,-0.363,4.129957747e-17,0.001027219162,0.006881993832,-0.002064792407,-0.2518358911,0.4759637042,1.416830286,2.0944,1.567749274,-0.5882429648,0.3286059362,0.2074021523,-0.2014810196,-0.00171589337,0.5814154869,-0.004460829309,0.01332262853,-0.002577861767
