0,0,0.7594907453,0,0,0,1,-0.312,0,0,0.669,-0.363,0,-0.312,0,0,0.669,-0.363,0,0,0,0,0.2,0.2,0,0.6,0,0,0,0.2,-0.2,0,0.6,0,0,0
0,0,0.7594907453,0,0,0,1,-0.312,0,0,0.669,-0.363,0,-0.312,0,0,0.669,-0.363,0,0,0,0,0.2,0.2,0,0.6,0,0,0,0.2,-0.2,0,0.6,0,0,0
0,0,0.7594907453,0,0,0,1,-0.312,0,0,0.669,-0.363,0,-0.312,0,0,0.669,-0.363,0,0,0,0,0.2,0.2,0,0.6,0,0,0,0.2,-0.2,0,0.6,0,0,0
0,0,0.7594907453,0,0,0,1,-0.312,0,0,0.669,-0.363,0,-0.312,0,0,0.669,-0.363,0,0,0,0,0.2,0.2,0,0.6,0,0,0,0.2,-0.2,0,0.6,0,0,0
0,0,0.7594907453,0,0,0,1,-0.312,0,0,0.669,-0.363,0,-0.312,0,0,0.669,-0.363,0,0,0,0,0.2,0.2,0,0.6,0,0,0,0.2,-0.2,0,0.6,0,0,0
0,0,0.7594907453,0,0,0,1,-0.312,0,0,0.669,-0.363,0,-0.312,0,0,0.669,-0.363,0,0,0,0,0.2,0.2,0,0.6,0,0,0,0.2,-0.2,0,0.6,0,0,0
0,0,0.7594907453,0,0,0,1,-0.312,0,0,0.669,-0.363,0,-0.312,0,0,0.669,-0.363,0,0,0,0,0.2,0.2,0,0.6,0,0,0,0.2,-0.2,0,0.6,0,0,0
0,0,0.7594907453,0,0,0,1,-0.312,0,0,0.669,-0.363,0,-0.312,0,0,0.669,-0.363,0,0,0,0,0.2,0.2,0,0.6,0,0,0,0.2,-0.2,0,0.6,0,0,0
0,0,0.7594907453,0,0,0,1,-0.312,0,0,0.669,-0.363,0,-0.312,0,0,0.669,-0.363,0,0,0,0,0.2,0.2,0,0.6,0,0,0,0.2,-0.2,0,0.6,0,0,0
0,0,0.7594907453,0,0,0,1,-0.312,0,0,0.669,-0.363,0,-0.312,0,0,0.669,-0.363,0,0,0,0,0.2,0.2,0,0.6,0,0,0,0.2,-0.2,0,0.6,0,0,0
0,0,0.7594907453,0,0,0,1,-0.312,0,0,0.669,-0.363,0,-0.312,0,0,0.669,-0.363,0,0,0,0,0.2,0.2,0,0.6,0,0,0,0.2,-0.2,0,0.6,0,0,0
0,0,0.7594907453,0,0,0,1,-0.312,0,0,0.669,-0.363,0,-0.312,0,0,0.669,-0.363,0,0,0,0,0.2,0.2,0,0.6,0,0,0,0.2,-0.2,0,0.6,0,0,0
0,0,0.7594907453,0,0,0,1,-0.312,0,0,0.669,-0.363,0,-0.312,0,0,0.669,-0.363,0,0,0,0,0.2,0.2,0,0.6,0,0,0,0.2,-0.2,0,0.6,0,0,0
0,0,0.7594907453,0,0,0,1,-0.312,0,0,0.669,-0.363,0,-0.312,0,0,0.669,-0.363,0,0,0,0,0.2,0.2,0,0.6,0,0,0,0.2,-0.2,0,0.6,0,0,0
0,0,0.7594907453,0,0,0,1,-0.312,0,0,0.669,-0.363,0,-0.312,0,0,0.669,-0.363,0,0,0,0,0.2,0.2,0,0.6,0,0,0,0.2,-0.2,0,0.6,0,0,0
0,0,0.7594907453,0,0,0,1,-0.312,0,0,0.669,-0.363,0,-0.312,0,0,0.669,-0.363,0,0,0,0,0.2,0.2,0,0.6,0,0,0,0.2,-0.2,0,0.6,0,0,0
0,0,0.7594907453,0,0,0,1,-0.312,0,0,0.669,-0.363,0,-0.312,0,0,0.669,-0.363,0,0,0,0,0.2,0.2,0,0.6,0,0,0,0.2,-0.2,0,0.6,0,0,0
0,0,0.7594907453,0,0,0,1,-0.312,0,0,0.669,-0.363,0,-0.312,0,0,0.669,-0.363,0,0,0,0,0.2,0.2,0,0.6,0,0,0,0.2,-0.2,0,0.6,0,0,0
0,0,0.7594907453,0,0,0,1,-0.312,0,0,0.669,-0.363,0,-0.312,0,0,0.669,-0.363,0,0,0,0,0.2,0.2,0,0.6,0,0,0,0.2,-0.2,0,0.6,0,0,0
0,0,0.7594907453,0,0,0,1,-0.312,0,0,0.669,-0.363,0,-0.312,0,0,0.669,-0.363,0,0,0,0,0.2,0.2,0,0.6,0,0,0,0.2,-0.2,0,0.6,0,0,0
0,0,0.7594907453,0,0,0,1,-0.312,0,0,0.669,-0.363,0,-0.312,0,0,0.669,-0.363,0,0,0,0,0.2,0.2,0,0.6,0,0,0,0.2,-0.2,0,0.6,0,0,0
0,0,0.7594907453,0,0,0,1,-0.312,0,0,0.669,-0.363,0,-0.312,0,0,0.669,-0.363,0,0,0,0,0.2,0.2,0,0.6,0,0,0,0.2,-0.2,0,0.6,0,0,0
0,0,0.7594907453,0,0,0,1,-0.312,0,0,0.669,-0.363,0,-0.312,0,0,0.669,-0.363,0,0,0,0,0.2,0.2,0,0.6,0,0,0,0.2,-0.2,0,0.6,0,0,0
0,0,0.7594907453,0,0,0,1,-0.312,0,0,0.669,-0.363,0,-0.312,0,0,0.669,-0.363,0,0,0,0,0.2,0.2,0,0.6,0,0,0,0.2,-0.2,0,0.6,0,0,0
0,0,0.7594907453,0,0,0,1,-0.312,0,0,0.669,-0.363,0,-0.312,0,0,0.669,-0.363,0,0,0,0,0.2,0.2,0,0.6,0,0,0,0.2,-0.2,0,0.6,0,0,0
0,0,0.7594907453,0,0,0,1,-0.312,0,0,0.669,-0.363,0,-0.312,0,0,0.669,-0.363,0,0,0,0,0.2,0.2,0,0.6,0,0,0,0.2,-0.2,0,0.6,0,0,0
0,0,0.7594907453,0,0,0,1,-0.312,0,0,0.669,-0.363,0,-0.312,0,0,0.669,-0.363,0,0,0,0,0.2,0.2,0,0.6,0,0,0,0.2,-0.2,0,0.6,0,0,0
0,0,0.7594907453,0,0,0,1,-0.312,0,0,0.669,-0.363,0,-0.312,0,0,0.669,-0.363,0,0,0,0,0.2,0.2,0,0.6,0,0,0,0.2,-0.2,0,0.6,0,0,0
0,0,0.7594907453,0,0,0,1,-0.312,0,0,0.669,-0.363,0,-0.312,0,0,0.669,-0.363,0,0,0,0,0.2,0.2,0,0.6,0,0,0,0.2,-0.2,0,0.6,0,0,0
0,0,0.7594907453,0,0,0,1,-0.312,0,0,0.669,-0.363,0,-0.312,0,0,0.669,-0.363,0,0,0,0,0.2,0.2,0,0.6,0,0,0,0.2,-0.2,0,0.6,0,0,0
0,0,0.7594907453,0,0,0,1,-0.312,0,0,0.669,-0.363,0,-0.312,0,0,0.669,-0.363,0,0,0,0,0.2,0.2,0,0.6,0,0,0,0.2,-0.2,0,0.6,0,0,0
0,0,0.7594907453,0,0,0,1,-0.312,0,0,0.669,-0.363,0,-0.312,0,0,0.669,-0.363,0,0,0,0,0.2,0.2,0,0.6,0,0,0,0.2,-0.2,0,0.6,0,0,0
0,0,0.7594907453,0,0,0,1,-0.312,0,0,0.669,-0.363,0,-0.312,0,0,0.669,-0.363,0,0,0,0,0.2,0.2,0,0.6,0,0,0,0.2,-0.2,0,0.6,0,0,0
0,0,0.7594907453,0,0,0,1,-0.312,0,0,0.669,-0.363,0,-0.312,0,0,0.669,-0.363,0,0,0,0,0.2,0.2,0,0.6,0,0,0,0.2,-0.2,0,0.6,0,0,0
0,0,0.7594907453,0,0,0,1,-0.312,0,0,0.669,-0.363,0,-0.312,0,0,0.669,-0.363,0,0,0,0,0.2,0.2,0,0.6,0,0,0,0.2,-0.2,0,0.6,0,0,0
0,0,0.7594907453,0,0,0,1,-0.312,0,0,0.669,-0.363,0,-0.312,0,0,0.669,-0.363,0,0,0,0,0.2,0.2,0,0.6,0,0,0,0.2,-0.2,0,0.6,0,0,0
0,0,0.7594907453,0,0,0,1,-0.312,0,0,0.669,-0.363,0,-0.312,0,0,0.669,-0.363,0,0,0,0,0.2,0.2,0,0.6,0,0,0,0.2,-0.2,0,0.6,0,0,0
0,0,0.7594907453,0,0,0,1,-0.3068306779,-5.83902396e-07,3.933369168e-07,0.6613501645,-0.3605055674,7.825113807e-07,-0.3132395094,2.268686493e-08,4.875395496e-08,0.6689890933,-0.3617587313,1.686047217e-09,-1.463820636e-25,-1.82609234e-23,3.500378809e-20,0.2,0.2,1.757271897e-18,0.6,4.951207314e-18,-1.195662816e-17,1.049534405e-17,0.2,-0.2,-1.556693288e-18,0.6,-4.74715008e-18,-1.196518046e-17,-1.059893293e-17
0,0,0.7594907453,0,0,0,1,-0.3016613558,-1.167804792e-06,7.866738335e-07,0.653700329,-0.3580111347,1.565022761e-06,-0.3144790187,4.537372985e-08,9.750790991e-08,0.6689781865,-0.3605174625,3.372094434e-09,-2.927641271e-25,-3.652184681e-23,7.000757618e-20,0.2,0.2,3.514543795e-18,0.6,9.902414627e-18,-2.391325632e-17,2.099068809e-17,0.2,-0.2,-3.113386576e-18,0.6,-9.494300161e-18,-2.393036092e-17,-2.119786587e-17
0,0,0.7594907453,0,0,0,1,-0.2964920337,-1.751707188e-06,1.18001075e-06,0.6460504935,-0.3555167021,2.347534142e-06,-0.3157185281,6.806059478e-08,1.462618649e-07,0.6689672798,-0.3592761938,5.058141651e-09,-4.391461907e-25,-5.478277021e-23,1.050113643e-19,0.2,0.2,5.271815692e-18,0.6,1.485362194e-17,-3.586988448e-17,3.148603214e-17,0.2,-0.2,-4.670079863e-18,0.6,-1.424145024e-17,-3.589554138e-17,-3.17967988e-17
0,0,0.7594907453,0,0,0,1,-0.2913227116,-2.335609584e-06,1.573347667e-06,0.6384006579,-0.3530222694,3.130045523e-06,-0.3169580375,9.074745971e-08,1.950158198e-07,0.6689563731,-0.358034925,6.744188867e-09,-5.855282542e-25,-7.304369361e-23,1.400151524e-19,0.2,0.2,7.02908759e-18,0.6,1.980482925e-17,-4.782651264e-17,4.198137619e-17,0.2,-0.2,-6.226773151e-18,0.6,-1.898860032e-17,-4.786072185e-17,-4.239573174e-17
0,0,0.7594907453,0,0,0,1,-0.3020308479,1.703875901e-06,-9.097709206e-07,0.6529567535,-0.3569571968,-2.022406309e-06,-0.3139177129,-7.818760566e-08,-7.613371442e-08,0.6690212782,-0.361085732,3.332341481e-08,4.329056592e-20,1.215042075e-19,-5.700147396e-19,0.2,0.2,-1.336414008e-17,0.6,5.660313892e-17,-9.188442346e-17,1.316892637e-16,0.2,-0.2,1.806647184e-17,0.6,-5.606575214e-17,-9.491863125e-17,-1.189312549e-16
0,0,0.7594907453,0,0,0,1,-0.3018737794,1.73451546e-06,-9.236872668e-07,0.6527058314,-0.3568639362,-2.057533082e-06,-0.3139487013,-7.953834006e-08,-7.728469942e-08,0.669022651,-0.3610558325,3.394969157e-08,1.27235642e-23,3.556123704e-23,-4.973948754e-19,0.2,0.2,-1.709924583e-17,0.6,5.638196364e-17,-3.371300709e-17,1.211387714e-16,0.2,-0.2,1.952261958e-17,0.6,-5.391675079e-17,-3.381579188e-17,-1.223905792e-16
0,0,0.7594907453,0,0,0,1,-0.2967889453,3.541277667e-06,-1.9187191e-06,0.6439834605,-0.3532567571,-4.270995327e-06,-0.3147175519,-1.508448297e-07,-1.447488109e-07,0.668998746,-0.3602471979,6.733788342e-08,-5.205086804e-22,-2.936888394e-21,2.288950331e-17,0.2,0.2,1.381630119e-17,0.6,1.357145138e-16,-1.09196476e-15,2.154196795e-16,0.2,-0.2,-1.035512652e-17,0.6,-1.321920468e-16,-1.092117686e-15,-2.172042431e-16
0,0,0.7594907453,0,0,0,1,-0.2973870796,3.299015341e-06,-1.787460857e-06,0.645020052,-0.3536910575,-3.97479005e-06,-0.3146309683,-1.418337087e-07,-1.359702597e-07,0.669000298,-0.3603373775,6.325016269e-08,-3.147129879e-22,-1.389415753e-21,1.254903212e-17,0.2,0.2,-3.339440582e-17,0.6,1.194400145e-16,-4.196467992e-16,2.172344849e-16,0.2,-0.2,3.368633876e-17,0.6,-1.191424431e-16,-4.196620009e-16,-2.173836721e-16
0,0,0.7594907453,0,0,0,1,-0.2984148095,2.970018396e-06,-1.617752113e-06,0.6467472166,-0.3543846783,-3.579171582e-06,-0.3144615843,-1.288255549e-07,-1.243001943e-07,0.6689996436,-0.3605089152,5.701795949e-08,-2.414876167e-20,-1.591859322e-18,1.280011482e-17,0.2,0.2,-6.40730859e-18,0.6,9.472250322e-17,-4.341328698e-16,1.708703542e-16,0.2,-0.2,4.235938488e-17,0.6,-1.279898232e-16,-4.17084786e-16,-2.140633244e-16
0,0,0.7594907453,0,0,0,1,-0.2999279318,2.548758388e-06,-1.404668928e-06,0.6492536358,-0.3553704281,-3.076871359e-06,-0.3141981607,-1.115385629e-07,-1.091891927e-07,0.668996573,-0.3607729446,4.865610688e-08,-3.292461704e-22,-1.455179533e-21,1.307374817e-17,0.2,0.2,-1.412320506e-17,0.6,1.058534311e-16,-4.300924989e-16,1.747224838e-16,0.2,-0.2,1.461042956e-17,0.6,-1.05357167e-16,-4.301161226e-16,-1.749724706e-16
0,0,0.7594907453,0,0,0,1,-0.3019832911,2.034173314e-06,-1.142830595e-06,0.6526313128,-0.356683507,-2.464533764e-06,-0.313829939,-8.983704102e-08,-9.000452364e-08,0.6689918953,-0.3611411373,3.832243749e-08,1.492870198e-23,3.70992387e-23,-5.742162511e-19,0.2,0.2,-2.87886402e-17,0.6,6.504023169e-17,-5.68998674e-17,1.332391549e-16,0.2,-0.2,2.802127492e-17,0.6,-6.582085164e-17,-5.686722718e-17,-1.328428314e-16
0,0,0.7594907453,0,0,0,1,-0.3054355707,-7.414871721e-07,4.994914905e-07,0.6592856112,-0.3598323648,9.936971568e-07,-0.3135740307,2.880964256e-08,6.19117723e-08,0.6689861497,-0.3614237351,2.141081097e-09,-1.858879551e-25,-2.318921886e-23,4.44506822e-20,0.2,0.2,2.231528041e-18,0.6,6.287449297e-18,-1.518350749e-17,1.332784902e-17,0.2,-0.2,-1.976816865e-18,0.6,-6.028320679e-18,-1.51943679e-17,-1.345939469e-17
0,0,0.7594907453,0,0,0,1,-0.3087177853,-3.70743586e-07,2.497457452e-07,0.6641428056,-0.3614161824,4.968485784e-07,-0.3127870153,1.440482128e-08,3.095588615e-08,0.6689930749,-0.3622118675,1.070540549e-09,-9.294397753e-26,-1.159460943e-23,2.22253411e-20,0.2,0.2,1.11576402e-18,0.6,3.143724648e-18,-7.591753743e-18,6.66392451e-18,0.2,-0.2,-9.884084323e-19,0.6,-3.014160339e-18,-7.597183951e-18,-6.729697345e-18
0,0,0.7594907453,0,0,0,1,-0.312,0,0,0.669,-0.363,0,-0.312,0,0,0.669,-0.363,0,0,0,0,0.2,0.2,0,0.6,0,0,0,0.2,-0.2,0,0.6,0,0,0
0.004395035722,0,0.7594907453,0,0,0,1,-0.3412237662,-0.0008839996159,-0.00125846219,0.709994087,-0.3771048013,0.0009650489681,-0.3049313854,-7.832964933e-08,-3.880719559e-07,0.668565527,-0.36963267,-2.224005137e-07,5.68771901e-19,3.691926427e-18,-2.027092535e-18,0.2,0.2,-1.586897619e-17,0.6,1.463753281e-17,9.019317961e-17,1.486354708e-17,0.2,-0.2,7.674539526e-18,0.6,-1.753431244e-17,2.527410467e-17,-1.232449677e-17
0.008790071445,0,0.7594907453,0,0,0,1,-0.3600477408,-0.00174882022,-0.002565601418,0.7427746136,-0.3898067584,0.002104180894,-0.3019044921,-1.778657983e-07,-5.451424277e-07,0.6686969379,-0.3728246816,-3.316938069e-07,-6.919815188e-18,-4.785498274e-17,7.371326849e-18,0.2,0.2,-3.294603e-17,0.6,1.505930836e-16,-6.22975776e-16,2.352594585e-16,0.2,-0.2,8.277730741e-18,0.6,-2.873138042e-17,-3.600009468e-17,-5.540184124e-17
0.01318510717,0,0.7594907453,0,0,0,1,-0.3872350817,-0.002727767587,-0.003777035248,0.7845470378,-0.404935993,0.003195997278,-0.2961990056,-2.570477777e-07,-8.526624496e-07,0.6684646469,-0.3783094071,-5.203106304e-07,8.28033697e-19,9.6651562e-18,8.657487255e-18,0.2,0.2,6.765741583e-18,0.6,4.991978903e-17,-1.76463534e-16,7.076892492e-17,0.2,-0.2,-3.259783428e-17,0.6,-4.676443861e-17,-5.484233271e-16,-8.430645742e-17
0.01758014289,0,0.7594907453,0,0,0,1,-0.4159166689,-0.003770078544,-0.004937284657,0.828298602,-0.4205508056,0.004302061174,-0.2900763696,-3.244150759e-07,-1.183257359e-06,0.6681257067,-0.3841018926,-7.282301675e-07,-4.262212113e-18,-2.653542125e-17,2.2222895e-17,0.2,0.2,-4.09100512e-17,0.6,1.853740806e-16,-8.030902023e-16,1.995591246e-16,0.2,-0.2,1.959014987e-17,0.6,-1.14468253e-16,-6.070993423e-16,-8.414468872e-17
0.02197517861,0,0.7594907453,0,0,0,1,-0.4560074662,-0.004636593355,-0.006225841995,0.883084806,-0.4330677053,0.005031572053,-0.2781544289,-5.215829239e-07,-1.885961878e-06,0.6666977448,-0.3945380797,-9.764214836e-07,-1.564469672e-18,-3.281487943e-18,2.440289681e-17,0.2,0.2,-6.014492575e-17,0.6,1.375686435e-16,-2.011258996e-17,1.720499869e-16,0.2,-0.2,7.601398181e-17,0.6,-1.601886043e-16,-3.429572354e-16,-2.031556864e-16
0.02637021433,0,0.7594907453,0,0,0,1,-0.4840703269,-0.005739116996,-0.007338262172,0.9225610508,-0.4441060214,0.005971467793,-0.270584897,-6.655966164e-07,-2.21481033e-06,0.665215382,-0.4006285636,-1.089677253e-06,-2.000729944e-17,-1.220596292e-16,-2.785988644e-18,0.2,0.2,-6.514500794e-17,0.6,1.788970526e-16,-1.23148785e-16,2.173572817e-16,0.2,-0.2,1.47515177e-16,0.6,-1.78759123e-17,9.260939616e-16,-1.538412612e-17
0.03076525006,0,0.7594907453,0,0,0,1,-0.5053172191,-0.007395698453,-0.007997230048,0.9600477388,-0.4616466179,0.007486733469,-0.2683796042,-7.831501807e-07,-2.088436495e-06,0.6641451876,-0.4018395656,-1.010038268e-06,-3.359863563e-18,-2.012925349e-17,-2.854856276e-17,0.2,0.2,-1.361574795e-16,0.6,8.649696112e-17,9.380016851e-16,1.38776982e-16,0.2,-0.2,1.401851011e-16,0.6,-5.501167397e-17,1.265432469e-15,-7.855950116e-17
0.03516028578,0,0.7594907453,0,0,0,1,-0.5356906313,-0.008696398017,-0.008915033754,1.003016969,-0.4736008782,0.008498572828,-0.2603443874,-9.364683051e-07,-2.410360326e-06,0.6621875706,-0.4079213087,-1.100301345e-06,-4.357300632e-18,-1.917868405e-17,-2.635519405e-17,0.2,0.2,-1.253834514e-16,0.6,9.134984729e-17,1.012213381e-15,1.372919665e-16,0.2,-0.2,1.058803799e-16,0.6,-8.534036786e-19,1.316820045e-15,-5.193563766e-18
0.0395553215,0,0.7594907453,0,0,0,1,-0.566490156,-0.009258913738,-0.01048504187,1.033757587,-0.471840625,0.008620389807,-0.2467317083,-9.903334857e-07,-3.223352208e-06,0.6592188177,-0.4184988285,-1.510397587e-06,-6.567638519e-18,-4.08251709e-17,5.63232888e-18,0.2,0.2,-5.201176383e-17,0.6,1.552923751e-16,-1.085407031e-16,1.768813777e-16,0.2,-0.2,3.919646259e-18,0.6,-7.35948054e-17,-2.824503468e-16,-2.257922533e-17
0.04395035722,0,0.7594907453,0,0,0,1,-0.593230077,-0.01048759896,-0.01148216461,1.068200942,-0.479194841,0.009433758411,-0.2384211022,-1.066626522e-06,-3.565235352e-06,0.6566732381,-0.4242693603,-1.673075676e-06,7.083068094e-18,4.92610296e-17,2.624837743e-17,0.2,0.2,-5.042231336e-17,0.6,6.239640865e-17,2.043588181e-16,1.080630258e-16,0.2,-0.2,-4.371732994e-17,0.6,-1.622992276e-16,-9.584398448e-16,-1.943511793e-16
0.04834539295,0,0.7594907453,0,0,0,1,-0.6195294157,-0.0117364803,-0.01245969852,1.101223252,-0.4855676726,0.01020638073,-0.2299455712,-1.128171069e-06,-3.909924448e-06,0.6538461318,-0.4299235821,-1.8457618e-06,2.671380749e-18,1.261456712e-17,-4.29224329e-17,0.2,0.2,-1.594081538e-16,0.6,2.996884253e-17,1.994800372e-15,1.133872427e-16,0.2,-0.2,1.673702676e-16,0.6,-6.187730111e-17,1.662639235e-15,-1.743687806e-16
0.05274042867,0,0.7594907453,0,0,0,1,-0.64486935,-0.01300275409,-0.01342137717,1.131572203,-0.4903301029,0.01092461803,-0.2212472517,-1.209271294e-06,-4.243996527e-06,0.650588838,-0.4353706324,-1.986897747e-06,-1.176622408e-17,-7.647064076e-17,-1.486157669e-17,0.2,0.2,-1.151400281e-16,0.6,1.986769984e-16,3.765964832e-16,3.053872099e-16,0.2,-0.2,1.623641976e-16,0.6,-4.747510709e-17,1.175068353e-15,-1.285410323e-16
0.05713546439,0,0.7594907453,0,0,0,1,-0.6694313385,-0.0142815014,-0.01437225691,1.159751089,-0.4937577395,0.01158964975,-0.2123655074,-1.296343388e-06,-4.574184614e-06,0.6469622434,-0.4406319437,-2.113598982e-06,-1.547312551e-17,-8.853747773e-17,-1.659105642e-17,0.2,0.2,-1.483559936e-16,0.6,1.763126847e-16,8.509656029e-16,2.908055943e-16,0.2,-0.2,1.988073876e-16,0.6,-5.485414847e-17,1.375635216e-15,-1.549729889e-16
0.06153050011,0,0.7594907453,0,0,0,1,-0.6960517854,-0.01570352268,-0.01516642207,1.193004044,-0.4999739076,0.01239377478,-0.2039426159,-1.236363286e-06,-5.011044385e-06,0.6436997279,-0.4457901196,-2.431617766e-06,-1.676223147e-17,-1.065768513e-16,3.788646948e-18,0.2,0.2,2.047643909e-19,0.6,1.288745235e-16,-5.541247441e-18,1.964557281e-16,0.2,-0.2,1.200954254e-16,0.6,-2.782283319e-17,9.515593144e-16,-9.268444513e-17
0.06592553584,0,0.7594907453,0,0,0,1,-0.7196624341,-0.01699198444,-0.01610608822,1.217948068,-0.5013276825,0.0129444086,-0.1946894679,-1.314221693e-06,-5.33020126e-06,0.6394102824,-0.4507618205,-2.550096783e-06,-1.050930809e-18,-4.465653933e-18,8.58598524e-18,0.2,0.2,-1.125102696e-16,0.6,1.427341459e-16,4.588852139e-16,2.390700546e-16,0.2,-0.2,1.345864149e-16,0.6,-1.446888798e-16,4.802484911e-16,-2.620796901e-16
0.07032057156,0,0.7594907453,0,0,0,1,-0.7424659938,-0.0182750356,-0.01705966138,1.241154726,-0.5014891552,0.01342770476,-0.1853095256,-1.390786806e-06,-5.65097355e-06,0.6347922342,-0.4555314545,-2.664289408e-06,-4.149056843e-18,-1.960425897e-17,-1.84502461e-17,0.2,0.2,-5.457974867e-17,0.6,8.069258217e-17,6.232387304e-16,1.3307883e-16,0.2,-0.2,1.208369454e-16,0.6,-5.279011253e-17,1.035748571e-15,-1.284850997e-16
0.07471560728,0,0.7594907453,0,0,0,1,-0.7643834752,-0.01954812926,-0.01803628337,1.262519856,-0.5004527407,0.0138392746,-0.1758203177,-1.465417885e-06,-5.974821141e-06,0.6298528211,-0.4600885347,-2.775367388e-06,1.424496793e-17,8.650390298e-17,-1.577386477e-17,0.2,0.2,-1.831601261e-16,0.6,5.914190531e-17,1.536343732e-15,1.550008931e-16,0.2,-0.2,1.886365246e-16,0.6,-1.826734986e-16,1.194573378e-15,-3.471085463e-16
0.079110643,0,0.7594907453,0,0,0,1,-0.7844412786,-0.02078211518,-0.01898616169,1.27787268,-0.4984894368,0.01419372386,-0.1666176612,-1.441862429e-06,-6.411426199e-06,0.6249729237,-0.4644037023,-3.021552222e-06,-3.104340584e-18,-2.149733028e-17,-5.810957388e-18,0.2,0.2,-1.429855219e-16,0.6,9.727096558e-17,1.353759167e-15,1.887441494e-16,0.2,-0.2,6.110616428e-17,0.6,-4.852689643e-17,8.306163424e-16,-8.889190883e-17
0.08350567872,0,0.7594907453,0,0,0,1,-0.8145382531,-0.02253155126,-0.01940765317,1.306238101,-0.5033444531,0.01497836769,-0.1569090473,-1.630582327e-06,-6.617422041e-06,0.6192181116,-0.4683801398,-2.95320497e-06,1.254662739e-17,8.142972243e-17,-1.308894564e-17,0.2,0.2,-5.517117174e-17,0.6,1.389404046e-17,9.919397931e-16,8.355951366e-19,0.2,-0.2,6.931836678e-17,0.6,-1.959565408e-16,4.613974829e-16,-2.31463165e-16
0.08790071445,0,0.7594907453,0,0,0,1,-0.8244848507,-0.02329029222,-0.02120127258,1.313647355,-0.4905398817,0.0145816425,-0.1466816892,-1.829896356e-06,-6.922263123e-06,0.6127844943,-0.472177676,-2.91340822e-06,2.654755997e-20,-5.754498548e-20,-8.038378942e-18,0.2,0.2,-4.733091597e-17,0.6,9.826264283e-17,-1.221092399e-16,1.939943108e-16,0.2,-0.2,6.159562401e-17,0.6,-1.011278039e-16,-1.212293843e-16,-2.24518372e-16
0.09229575017,0,0.7594907453,0,0,0,1,-0.8233749126,-0.02345276236,-0.0238293001,1.286639034,-0.4669855367,0.01350568698,-0.1357609469,8.037481715e-06,-1.025661749e-05,0.6048527813,-0.4750303083,-1.35160991e-05,-1.367589156e-11,-1.584506538e-10,1.012009214e-06,0.2000309074,0.2000037398,-3.923028019e-06,0.5998853935,-4.116928853e-06,8.451241593e-05,-7.922913309e-07,0.2000309072,-0.2000037397,3.923027695e-06,0.5998853941,4.117036519e-06,8.451209179e-05,7.92454101e-07
0.09669078589,0,0.7594907453,0,0,0,1,-0.818985063,-0.02348888431,-0.02660238759,1.258985202,-0.4409786122,0.01234649046,-0.123789854,3.610816558e-05,-1.887437031e-05,0.5947295708,-0.4767460483,-4.334355555e-05,-5.135215745e-11,-5.974722972e-10,3.823338695e-06,0.2001168968,0.2000141676,-1.483669176e-05,0.5995663029,-1.558884898e-05,0.0003198802048,-3.01003772e-06,0.2001168961,-0.2000141671,1.483669178e-05,0.5995663048,1.558925563e-05,0.0003198789993,3.010650824e-06
0.1010858216,0,0.7594907453,0,0,0,1,-0.812932906,-0.02341901586,-0.02944109788,1.223617694,-0.413794083,0.01112889368,-0.110879083,7.939323121e-05,-3.148429552e-05,0.5826224025,-0.4774220219,-8.911265879e-05,-1.083612723e-10,-1.265045581e-09,8.089314705e-06,0.200247707,0.2000300929,-3.143787245e-05,0.5990802568,-3.308950921e-05,0.000678572286,-6.418813506e-06,0.2002477055,-0.2000300919,3.143787195e-05,0.5990802609,3.30903703e-05,0.0006785697322,6.420111322e-06
0.1054808573,0,0.7594907453,0,0,0,1,-0.8056229271,-0.02324494748,-0.03238213723,1.189682124,-0.3851621305,0.009849209018,-0.09715530097,0.0001344685505,-4.688544891e-05,0.5687161182,-0.4771127293,-0.0001471040379,-1.801752386e-10,-2.108534772e-09,1.35017482e-05,0.2004136597,0.2000503336,-5.249750844e-05,0.5984632535,-5.532111975e-05,0.001134009029,-1.075948967e-05,0.2004136573,-0.200050332,5.249751073e-05,0.5984632603,5.532255679e-05,0.001134004809,1.076165102e-05
0.1098758931,0,0.7594907453,0,0,0,1,-0.7967527359,-0.02305298062,-0.03523699898,1.153266407,-0.3542425442,0.008745405279,-0.08225234418,0.0001797588034,-5.904320945e-05,0.5524544643,-0.4756460163,-0.0001939678865,-2.497327691e-10,-3.003401667e-09,1.94200787e-05,0.2005996763,0.2000736177,-7.608538918e-05,0.5977655236,-8.070376767e-05,0.00165074505,-1.600235803e-05,0.2005996731,-0.2000736154,7.608542568e-05,0.5977655325,8.070583293e-05,0.00165073951,1.600541875e-05
0.1142709288,0,0.7594907453,0,0,0,1,-0.786492398,-0.02266417616,-0.03826580169,1.113428685,-0.3232174031,0.007443299308,-0.0677896474,0.0002439582507,-7.573719235e-05,0.5369978639,-0.4745320098,-0.0002609663512,-1.959340623e-10,-3.022033127e-09,1.945559258e-05,0.2006753736,0.2000933835,-8.528890115e-05,0.5973761711,-9.896895552e-05,0.001967118459,-2.472697295e-05,0.2006753713,-0.2000933812,8.528900031e-05,0.5973761779,9.897110519e-05,0.001967114237,2.472997392e-05
0.1186659645,0,0.7594907453,0,0,0,1,-0.7714461981,-0.02238772659,-0.04074756279,1.064612184,-0.2892375962,0.00688767365,-0.05541938485,0.0002366263886,-7.366118216e-05,0.5258525451,-0.4756165864,-0.0002523574443,-9.794324077e-11,-2.293806738e-09,1.457919089e-05,0.2006075068,0.2000979793,-7.611376168e-05,0.5974968423,-9.976388926e-05,0.001912297846,-3.11382617e-05,0.2006075058,-0.2000979775,7.611388019e-05,0.5974968458,9.9765582e-05,0.001912295705,3.114047025e-05
0.1230610002,0,0.7594907453,0,0,0,1,-0.7585376163,-0.02181054849,-0.04375366003,1.020067137,-0.2565507786,0.005678679669,-0.04157699901,0.0002875536736,-8.630284884e-05,0.5115839442,-0.4750612087,-0.0003051869165,-2.813498685e-11,-1.973447327e-09,1.233699561e-05,0.2006145145,0.2001102042,-7.653973575e-05,0.597354451,-0.0001094557131,0.002048049333,-3.85973886e-05,0.2006145144,-0.2001102027,7.653988603e-05,0.597354452,0.0001094572379,0.002048048666,3.859921174e-05
0.1274560359,0,0.7594907453,0,0,0,1,-0.7443028244,-0.0211061378,-0.04678950326,0.9732291311,-0.2229039526,0.004462645294,-0.0275791472,0.0003358173034,-9.742470282e-05,0.4969316001,-0.4742775536,-0.0003550242784,3.986099603e-11,-1.650327091e-09,1.008771041e-05,0.2006179349,0.2001214565,-7.653795841e-05,0.5972308871,-0.0001182583814,0.002168448691,-4.563680266e-05,0.2006179357,-0.2001214553,7.653813924e-05,0.5972308858,0.0001182597343,0.002168449463,4.563823979e-05
0.1318510717,0,0.7594907453,0,0,0,1,-0.7287392274,-0.020267047,-0.04984937881,0.9240987123,-0.1883018423,0.003243921967,-0.01351461024,0.0003790676825,-0.0001062151239,0.4820783894,-0.4733587562,-0.0003993975979,1.047230553e-10,-1.322875876e-09,7.825153909e-06,0.2006149967,0.2001310149,-7.577159085e-05,0.5971403764,-0.000125504553,0.002261963694,-5.193516913e-05,0.2006149984,-0.2001310139,7.577179961e-05,0.5971403729,0.0001255057275,0.00226196584,5.193622024e-05
0.1362461074,0,0.7594907453,0,0,0,1,-0.7112192858,-0.01852745239,-0.05392224159,0.8697908759,-0.1499616923,0.0007778717105,0.009072274054,0.0005433546868,-0.0001335156737,0.4501237316,-0.4630814138,-0.0005676512349,6.519869447e-11,-2.973739339e-09,1.879127703e-05,0.2010024728,0.2001822799,-0.0001250182611,0.5956584418,-0.0001806672499,0.003369653348,-6.471161652e-05,0.2010024747,-0.2001822777,0.0001250186478,0.5956584383,0.0001806697004,0.003369655499,6.471419771e-05
0.1406411431,0,0.7594907453,0,0,0,1,-0.691282823,-0.01718969862,-0.05709618557,0.812481621,-0.1116661285,-0.0005436694095,0.02392832982,0.0005777225289,-0.0001318739036,0.4342196586,-0.4611416952,-0.0006012947731,1.106339088e-10,-2.842260419e-09,1.78963216e-05,0.2010216842,0.200191162,-0.0001272330467,0.5955201443,-0.0001883049419,0.003489674424,-6.941859126e-05,0.2010216868,-0.2001911599,0.0001272334703,0.5955201391,0.0001883073467,0.003489677664,6.942098851e-05
0.1450361788,0,0.7594907453,0,0,0,1,-0.6740126452,-0.0157971318,-0.06029674575,0.7668851923,-0.08229539569,-0.002024916274,0.02908449726,0.0001832086034,-6.102907529e-05,0.4330934671,-0.4695677627,-0.000199204683,-5.703634205e-10,-6.145312375e-09,4.184564498e-05,0.2010267776,0.200081222,-0.000132687873,0.5966333929,-0.0001039974178,0.002369659232,8.172463105e-07,0.201026772,-0.2000812172,0.0001326881184,0.5966334087,0.0001040016431,0.00236964954,-8.109656565e-07
0.1494312146,0,0.7594907453,0,0,0,1,-0.6515080967,-0.01416569132,-0.06328491008,0.7031133631,-0.04201554548,-0.003156079133,0.03992363096,0.0001725179327,-4.966172118e-05,0.4281632682,-0.471979814,-0.0001863803135,-3.839307196e-10,-4.756404794e-09,3.237243085e-05,0.2008406143,0.2000734689,-0.0001083906039,0.5971720791,-9.054383994e-05,0.002013005242,-3.929802753e-06,0.2008406109,-0.2000734653,0.0001083908723,0.5971720888,9.054719398e-05,0.002012999252,3.934577545e-06
0.1538262503,0,0.7594907453,0,0,0,1,-0.6250303256,-0.01205121283,-0.06638934994,0.6285090474,0.00257599208,-0.004438473272,0.05606878533,0.0001636617744,-4.600946035e-05,0.4083489974,-0.4684364745,-0.0001765000719,-4.04439888e-10,-4.817577712e-09,3.277790022e-05,0.2008389598,0.2000716095,-0.0001082134752,0.5971951824,-8.90254691e-05,0.001991175017,-2.794948258e-06,0.2008389561,-0.2000716058,0.0001082137268,0.597195193,8.902884579e-05,0.001991168519,2.799807216e-06
0.158221286,0,0.7594907453,0,0,0,1,-0.6019241249,-0.01010823498,-0.06924761785,0.570862244,0.04138778496,-0.00555755213,0.05938692161,2.705518098e-05,-1.78265983e-05,0.4155763434,-0.4789635109,-3.431740404e-05,-3.114320094e-10,-2.679287915e-09,1.843541741e-05,0.2003936763,0.2000215683,-5.11610634e-05,0.5988072827,-3.24573195e-05,0.0008091789243,6.487991611e-06,0.2003936729,-0.2000215662,5.116111319e-05,0.5988072919,3.245908813e-05,0.0008091733002,-6.485169197e-06
0.1626163217,0,0.7594907453,0,0,0,1,-0.5655798587,-0.006962880375,-0.0723122932,0.4771539278,0.09646652146,-0.0068776512,0.0751278737,2.079092247e-05,-1.610541961e-05,0.3967580625,-0.4757584119,-2.746521338e-05,-3.161989791e-10,-2.645481535e-09,1.816687543e-05,0.2003825505,0.2000201357,-4.973439258e-05,0.5988494697,-3.089893554e-05,0.0007775890347,6.860486772e-06,0.200382547,-0.2000201336,4.973442534e-05,0.5988494792,3.090066785e-05,0.0007775831943,-6.857685666e-06
0.1670113574,0,0.7594907453,0,0,0,1,-0.5180078022,-0.002628898024,-0.07547812701,0.3677518008,0.1635842821,-0.008447305483,0.09193891114,1.932275127e-05,-1.523629387e-05,0.3756106395,-0.471306252,-2.576977718e-05,-3.641923951e-10,-2.831877992e-09,1.923128142e-05,0.2003905907,0.2000184382,-5.081950191e-05,0.5988471583,-2.989111776e-05,0.0007713245701,8.427593962e-06,0.2003905863,-0.200018436,5.081947721e-05,0.59884717,2.989292861e-05,0.0007713172947,-8.424551e-06
0.1714063932,0,0.7594907453,0,0,0,1,-0.4344131469,0.004830678345,-0.07820231818,0.1785693803,0.2707469678,-0.009987124487,0.1042615126,7.546530855e-06,-1.293596687e-05,0.3639410628,-0.4717536361,-1.33636388e-05,-1.967336884e-10,-1.538187887e-09,1.046155976e-05,0.2002129858,0.2000101323,-2.768698598e-05,0.5993704532,-1.634961536e-05,0.0004215370897,4.533825055e-06,0.2002129834,-0.2000101311,2.768697505e-05,0.5993704595,1.635060061e-05,0.000421533188,-4.532173859e-06
0.1758014289,0,0.7594907453,0,0,0,1,-0.3448893981,0.0132631607,-0.08017174975,-0.02408190349,0.3845609998,-0.0116079728,0.1160206717,-7.235045538e-06,-1.191858029e-05,0.3534118532,-0.4727670149,2.011543502e-06,0,0,0,0.2,0.2,0,0.6,0,0,0,0.2,-0.2,0,0.6,0,0,0
0.1780013991,0,0.7535780594,0,0.002376370733,0,0.9999971764,-0.430349057,0.006495657071,-0.08016294934,0.1417512851,0.2990307285,-0.01078879142,0.06148158545,-0.001706091827,-0.001387924645,0.4674098912,-0.5132655222,-0.0002998124894,-4.427518945e-10,-3.991548331e-09,2.739746456e-05,0.2013968528,0.200148569,-0.0001440496126,0.5958035253,-0.0001467642647,0.002818584146,-5.233535847e-05,0.201396848,-0.2001485659,0.0001440497127,0.5958035382,0.0001467669049,0.002818576192,5.233950281e-05
0.1802013693,0,0.7476653735,0,0.004752728047,0,0.9999887057,-0.5209174872,-0.0004428852052,-0.08023973085,0.3217733449,0.2052589883,-0.01053810146,0.01055277837,-0.00402962366,-0.002710982296,0.5748331062,-0.5526925625,-0.0004088625223,-9.610580542e-10,-7.209765528e-09,4.854378709e-05,0.2022619514,0.2001930723,-0.0002279484485,0.5938677367,-0.0001956904879,0.003896460569,-6.155205709e-05,0.2022619392,-0.2001930667,0.0002279483264,0.5938677687,0.0001956950236,0.003896440746,6.1559828e-05
0.1824013395,0,0.7417526876,0,0.007129058521,0,0.9999745879,-0.576960785,-0.004368764419,-0.0801303772,0.4247615685,0.1503212064,-0.01060738884,-0.03015697949,-0.006479664069,-0.003876577843,0.6610958943,-0.581346313,-0.0005326129361,-9.474760992e-10,-6.498730874e-09,4.096964729e-05,0.2025816405,0.2002271663,-0.0002424465992,0.5933356695,-0.000216167007,0.00410357072,-8.995419206e-05,0.2025816257,-0.2002271612,0.0002424460298,0.5933357082,0.0002161708677,0.004103546569,8.996144532e-05
0.1846013097,0,0.7358400017,0,0.009505348737,0,0.9999548232,-0.6259306852,-0.007817871576,-0.07957611201,0.5148556838,0.1039219245,-0.01036258567,-0.06750241559,-0.008910818028,-0.004776861698,0.7398791373,-0.6052991297,-0.0006569162765,-7.742502376e-10,-4.969646514e-09,2.991199615e-05,0.2028918181,0.2002752555,-0.0002546290149,0.5926902699,-0.0002469194353,0.004434222594,-0.000128087626,0.2028918047,-0.2002752516,0.0002546283209,0.592690305,0.0002469222398,0.004434200669,0.0001280933108
0.1868012799,0,0.7299273157,0,0.01188158527,0,0.9999294115,-0.6640860119,-0.01032584076,-0.07904977873,0.5789985031,0.07018076152,-0.01018820377,-0.09999085877,-0.01138717152,-0.005528523679,0.8085235009,-0.6239846766,-0.0007933190303,-8.456245907e-10,-5.434176525e-09,3.284224481e-05,0.2034759391,0.2003383624,-0.000303295918,0.5911893077,-0.0003009526858,0.005353711533,-0.0001604089893,0.2034759245,-0.2003383581,0.0003032951913,0.5911893455,0.0003009557662,0.005353687895,0.0001604151951
0.1890012501,0,0.7240146298,0,0.01425775471,0,0.999898353,-0.6995407621,-0.01259081817,-0.07847581441,0.644398441,0.03895056901,-0.01001191376,-0.1299811067,-0.01392622866,-0.006122060818,0.8723908612,-0.6400999394,-0.0009155816732,-9.238922091e-10,-5.906291305e-09,3.605743344e-05,0.2040407683,0.2004000145,-0.0003506692257,0.5897213398,-0.0003539725248,0.006259300777,-0.0001915140545,0.2040407528,-0.2004000098,0.0003506685,0.58972138,0.0003539758982,0.006259275624,0.0001915207824
0.1912012203,0,0.7181019439,0,0.01663384364,0,0.9998616481,-0.7317594861,-0.01456988629,-0.07788819132,0.6990595149,0.0115521156,-0.009842400707,-0.1577278599,-0.01651249645,-0.006566806856,0.9315963099,-0.6539372189,-0.001022054101,-9.082612514e-10,-5.81858261e-09,3.606704961e-05,0.2045278986,0.2004590121,-0.000389149298,0.5884416381,-0.0004027416582,0.007053562328,-0.000223809279,0.204527884,-0.2004590075,0.0003891486645,0.5884416762,0.0004027450115,0.007053538535,0.0002238158803
0.1934011905,0,0.712189258,0,0.01900983863,0,0.9998192967,-0.7619017487,-0.0163527169,-0.07731228082,0.7489493849,-0.01335094842,-0.00970343106,-0.1835932901,-0.01915198711,-0.006874045757,0.9869938137,-0.665943584,-0.001110924158,-8.268465064e-10,-5.340262498e-09,3.340883735e-05,0.2049455438,0.2005154061,-0.0004199125076,0.5873285509,-0.0004476815166,0.0077499746,-0.0002568257983,0.2049455308,-0.2005154019,0.0004199119767,0.5873285847,0.0004476846156,0.007749953492,0.0002568318367
0.1956011608,0,0.7062765721,0,0.02138572627,0,0.9997712992,-0.7882918216,-0.01780334562,-0.07683849748,0.7854889303,-0.0334876394,-0.009643077912,-0.2069069951,-0.02184755042,-0.007062199869,1.037239832,-0.6752463342,-0.001171583856,-9.23312137e-10,-6.710364927e-09,4.448788213e-05,0.2056588299,0.2005917952,-0.0004895775914,0.585261505,-0.0005204559933,0.009113947951,-0.0002860208391,0.205658818,-0.20059179,0.0004895774126,0.5852615364,0.0005204601694,0.009113928499,0.00028602815
0.197801131,0,0.7003638862,0,0.02376149314,0,0.9997176559,-0.816435682,-0.01939539215,-0.07623143064,0.838600017,-0.05692210642,-0.00950987825,-0.2301500282,-0.02457381045,-0.007079998356,1.087743359,-0.6848392576,-0.001206902422,-9.774106706e-10,-6.936819213e-09,4.516246411e-05,0.2060811072,0.2006455638,-0.0005233475869,0.5841049438,-0.0005652553348,0.009848940936,-0.0003145093008,0.2060810937,-0.2006455584,0.0005233472974,0.5841049791,0.0005652596068,0.009848919016,0.0003145169104
0.2000011012,0,0.6944512003,0,0.02613712583,0,0.999658367,-0.8387531605,-0.02052404269,-0.07578417021,0.8691793501,-0.07248315675,-0.009459249996,-0.2498399971,-0.02738240302,-0.006969139603,1.13068593,-0.6905068839,-0.001124767548,-9.591846733e-10,-8.132418945e-09,5.469596858e-05,0.2068330719,0.2007454821,-0.0005983515911,0.5816656962,-0.0006587800616,0.01155008003,-0.0003547619942,0.2068330611,-0.2007454759,0.0005983517325,0.5816657252,0.000658785408,0.01155006208,0.0003547705549
0.2022010714,0,0.6885385144,0,0.02851261091,0,0.9995934329,-0.8653707447,-0.0219463538,-0.07514472982,0.9134152555,-0.09321911698,-0.009306045406,-0.2711843291,-0.03017785321,-0.006688183353,1.177638184,-0.6984985395,-0.001080210194,-8.266722874e-10,-7.082779725e-09,4.808955394e-05,0.2070655906,0.2007890564,-0.0006103489509,0.5810194842,-0.0006901298884,0.01196148283,-0.0003842392934,0.2070655817,-0.200789051,0.0006103491478,0.581019508,0.0006901345776,0.0119614682,0.0003842467152
0.2044010416,0,0.6826258285,0,0.03088793499,0,0.9995228539,-0.8820300497,-0.02267411847,-0.07468701758,0.9393404423,-0.1024633947,-0.009177262555,-0.2867551501,-0.0332847315,-0.006125808526,1.211591138,-0.6995796079,-0.0005430027417,-3.00985845e-10,-4.980407956e-09,3.457563926e-05,0.2075755811,0.2009347932,-0.0006508160749,0.5787075521,-0.0008092174272,0.01377027213,-0.0004651303203,0.2075755805,-0.2009347894,0.0006508166729,0.578707555,0.000809221133,0.01377027051,0.0004651350751
0.2066010118,0,0.6767131426,0,0.03326308463,0,0.9994466305,-0.9080520109,-0.02406412291,-0.07358293436,0.9826322112,-0.1248310328,-0.00871472753,-0.3074400484,-0.03579690427,-0.005525916389,1.256205303,-0.7064544542,-0.0004779479582,-4.161312667e-11,-2.925544308e-09,1.964233546e-05,0.2075378636,0.2009518282,-0.0006325755125,0.5789094211,-0.0008121038998,0.01359931348,-0.0004888503166,0.207537865,-0.200951826,0.0006325759633,0.5789094185,0.0008121062397,0.01359931525,0.0004888529382
0.208800982,0,0.6708004567,0,0.03563804643,0,0.9993647631,-0.9344550542,-0.02561021548,-0.07244339262,1.023102701,-0.144649812,-0.008105022868,-0.3267837534,-0.03779128595,-0.004767613549,1.300431997,-0.7132896642,-0.0004111795353,-1.694334564e-10,-3.13703323e-09,2.04339054e-05,0.2077520874,0.2009752392,-0.0006477108393,0.5784055452,-0.0008304431916,0.01388567794,-0.0005020280007,0.2077520862,-0.2009752368,0.0006477110901,0.5784055492,0.0008304455101,0.01388567553,0.0005020310212
0.2110009522,0,0.6648877708,0,0.03801280698,0,0.9992772521,-0.9609129117,-0.02771987234,-0.07064493412,1.062820487,-0.1627206878,-0.006460031391,-0.3449274033,-0.03775314969,-0.003833439121,1.343837956,-0.720523702,-0.0004010507939,-4.262217638e-10,-4.266024909e-09,2.816365249e-05,0.2081046578,0.2010080108,-0.0006807036417,0.5774609033,-0.0008616663269,0.01447743422,-0.0005134758293,0.208104653,-0.2010080076,0.0006807037771,0.5774609164,0.0008616692234,0.01447742617,0.0005134802027
0.2132009224,0,0.6589750849,0,0.04038735286,0,0.999184098,-0.9866039313,-0.02836816499,-0.07132701612,1.105376589,-0.1776923977,-0.007748404725,-0.3629675795,-0.04455518384,-0.001184001547,1.395028845,-0.7237671837,0.001764964161,6.063326115e-10,3.29298193e-09,-2.29367481e-05,0.2077556893,0.2011201585,-0.0006168921211,0.5774444642,-0.0009252151231,0.01482154358,-0.0006108979433,0.207755697,-0.2011201611,0.0006168922491,0.5774444443,0.0009252132402,0.01482155588,0.0006108942288
0.2154008926,0,0.653062399,0,0.04276167068,0,0.9990853014,-1.007841374,-0.02911691553,-0.07103955993,1.137416055,-0.1958000594,-0.008147592042,-0.3790083578,-0.0481094183,-0.001062287938,1.426451097,-0.7290514067,0.001408604898,2.641998449e-10,1.536689865e-09,-7.451722628e-06,0.2080570769,0.2011094798,-0.0006486743354,0.5769993716,-0.0009234823977,0.01496767414,-0.0005960088239,0.2080570831,-0.201109481,0.0006486747627,0.5769993555,0.0009234816115,0.01496768428,0.0005960069744
0.2176008628,0,0.6471497131,0,0.045135747,0,0.9989808629,-1.033843456,-0.03031772938,-0.07047664734,1.180967844,-0.2167227476,-0.008240163567,-0.3969658021,-0.0503624573,-0.0003689666965,1.469362504,-0.7354639495,0.0008676288178,1.287424902e-10,7.788596223e-10,-2.858646882e-06,0.2081351376,0.2010949812,-0.0006558088105,0.577044921,-0.0009127461455,0.0148447559,-0.0005865952732,0.2081351415,-0.2010949819,0.0006558091317,0.5770449109,0.000912745776,0.01484476232,0.0005865943069
0.219800833,0,0.6412370272,0,0.04750956845,0,0.9988707829,-1.055004683,-0.03107773828,-0.07021355937,1.207880214,-0.2332955541,-0.008512200447,-0.4111948083,-0.05242309655,-1.460537593e-05,1.499597421,-0.7396466553,1.143122547e-05,3.388782338e-11,2.093060781e-10,-6.233631335e-07,0.2081930002,0.201090053,-0.0006607808399,0.5770190512,-0.0009092440255,0.01481315572,-0.0005831758939,0.2081930014,-0.2010900532,0.000660780941,0.5770190482,0.0009092439301,0.01481315764,0.0005831756304
0.2216017004,0,0.6342493075,0,0.04988312159,0,0.9987550622,-1.079603429,-0.03099079337,-0.06629252239,1.246640925,-0.2526057499,-0.005720204377,-0.427007268,-0.04831438981,0.001250359528,1.539272069,-0.7462276069,0.001115789999,9.105643747e-11,6.431090294e-10,-3.34258388e-06,0.2080897039,0.2010689836,-0.0006480368538,0.577499136,-0.0008887026034,0.01443487677,-0.0005763129142,0.208089706,-0.2010689841,0.000648036979,0.5774991307,0.0008887022378,0.01443488013,0.0005763121787
0.2234025678,0,0.6272615878,0,0.05225639305,0,0.9986337013,-1.104445669,-0.02999544074,-0.06435507812,1.285979379,-0.2725940074,-0.005088331782,-0.4424165504,-0.04887298117,0.002308331935,1.578967863,-0.7534213266,0.002065265811,1.021010006e-10,6.963638823e-10,-3.694434496e-06,0.20789104,0.2010189096,-0.0006281420095,0.5784251967,-0.0008447424097,0.01370689046,-0.0005533607875,0.2078910422,-0.2010189101,0.0006281421426,0.578425191,0.0008447420169,0.0137068941,0.0005533599894
0.2252034352,0,0.6202738681,0,0.0546293694,0,0.998506701,-1.129778021,-0.02892381194,-0.06257995068,1.326445892,-0.2932209499,-0.004576556678,-0.4574566364,-0.04927426169,0.003200628675,1.61924122,-0.7615586674,0.002798012191,5.256967672e-11,3.248803837e-10,-1.147076901e-06,0.2076226279,0.2009448393,-0.0006037300574,0.5796915749,-0.0007819595649,0.01270915228,-0.0005162835114,0.2076226296,-0.2009448396,0.0006037301988,0.5796915706,0.0007819594109,0.01270915505,0.0005162831085
0.2270043026,0,0.6132861484,0,0.05700203725,0,0.998374062,-1.155492354,-0.0277860455,-0.06098816641,1.367981317,-0.3143081586,-0.00418895004,-0.4720023092,-0.04954631073,0.003948229131,1.660033584,-0.7704950642,0.003340517611,-1.78846408e-11,-2.421862083e-10,2.796014721e-06,0.2072670715,0.2008498328,-0.0005725449249,0.5813046668,-0.000702157705,0.01145236502,-0.0004675574797,0.2072670725,-0.2008498326,0.0005725450898,0.5813046643,0.0007021579242,0.01145236665,0.0004675576722
0.22880517,0,0.6062984287,0,0.0593743832,0,0.9982357851,-1.18193449,-0.02661183371,-0.0596424517,1.411252621,-0.3357810432,-0.003960434158,-0.4858323503,-0.04975939776,0.004667910087,1.702342022,-0.7809909746,0.003824701186,2.446888075e-10,1.362087005e-09,-7.243233805e-06,0.2065277132,0.2007222918,-0.0004969840805,0.5840982445,-0.000585139291,0.009393758922,-0.0004150232186,0.2065277183,-0.2007222929,0.0004969844024,0.5840982313,0.0005851385873,0.009393767242,0.000415021593
0.2306060373,0,0.599310709,0,0.06174639386,0,0.9980918709,-1.203649386,-0.02498140806,-0.05886158605,1.446861788,-0.3549743299,-0.004141721594,-0.500492212,-0.04860427636,0.00248007951,1.735453984,-0.7825513216,0.001170190238,4.829494206e-10,4.117261156e-09,-2.553062655e-05,0.2061663133,0.2007329413,-0.0004535787354,0.5847669265,-0.0005820430444,0.009072211174,-0.0004355704949,0.2061663208,-0.2007329445,0.0004535789155,0.5847669067,0.0005820404284,0.009072223568,0.0004355661039
0.2324069047,0,0.5923229893,0,0.06411805582,0,0.9979423204,-1.226746526,-0.02346463449,-0.05764151377,1.481882345,-0.373445282,-0.003907900233,-0.5116352557,-0.0487135865,0.002443808059,1.770587331,-0.7896968194,0.001218386883,1.453280047e-09,9.552302786e-09,-6.460047316e-05,0.2050393168,0.2006352197,-0.0003294773304,0.5881321318,-0.00047467312,0.006825263806,-0.0004182494339,0.2050393356,-0.2006352272,0.000329477586,0.5881320832,0.0004746673464,0.006825293858,0.0004182389843
0.2342077721,0,0.5853352696,0,0.06648935571,0,0.9977871344,-1.25048919,-0.02199999022,-0.05657168127,1.519196539,-0.3926789176,-0.003693953884,-0.5237306274,-0.04880120513,0.002588914158,1.80709507,-0.7972767723,0.001230447421,1.187017626e-09,8.853348982e-09,-5.951021233e-05,0.2046387678,0.2005557145,-0.0002954705316,0.5895857432,-0.0004081184609,0.005765655616,-0.0003757106865,0.2046387826,-0.2005557214,0.0002954706011,0.5895857043,0.0004081129,0.00576567961,0.0003757012105
0.2360086395,0,0.5783475499,0,0.06886028011,0,0.9976263137,-1.273939349,-0.020478534,-0.05562256612,1.55587467,-0.4115695327,-0.003516569597,-0.5351475217,-0.04888405495,0.002681775683,1.842929895,-0.8048618075,0.001209460549,9.12831828e-10,8.122148784e-09,-5.414057184e-05,0.204216448,0.2004755647,-0.000260247908,0.5910606568,-0.0003413956437,0.004706418429,-0.0003322032173,0.2042164588,-0.2004755711,0.0002602477959,0.5910606279,0.0003413903154,0.004706436269,0.0003321947481
0.2378095069,0,0.5713598302,0,0.07123081566,0,0.9974598593,-1.296803729,-0.01888333892,-0.0548079712,1.591369218,-0.429697262,-0.003395992443,-0.5452157704,-0.04897569403,0.002664518753,1.877550179,-0.8122780643,0.001176336386,1.073286735e-09,9.459316737e-09,-6.352115836e-05,0.2035197881,0.2003902481,-0.0001932357885,0.5931808846,-0.0002623031656,0.003276252589,-0.0002964633838,0.2035198006,-0.2003902554,0.0001932356331,0.5931808513,0.000262296968,0.00327627308,0.0002964535192
0.2396103743,0,0.5643721105,0,0.07360094895,0,0.9972877721,-1.319356101,-0.01724112443,-0.05410549464,1.626171019,-0.4474439742,-0.003305230379,-0.5545890074,-0.04907005006,0.002602551677,1.911445838,-0.8196629643,0.001120541484,1.228522703e-09,1.076181569e-08,-7.261257095e-05,0.2028111674,0.2003065059,-0.0001259454267,0.5952806691,-0.0001849623917,0.001878601683,-0.0002607611334,0.2028111815,-0.2003065143,0.0001259452403,0.5952806315,0.0001849553496,0.001878624844,0.0002607499048
0.2414112417,0,0.5573843908,0,0.0759706666,0,0.997110053,-1.341347472,-0.01554798082,-0.05350737211,1.659932647,-0.46453756,-0.003239129459,-0.5630789134,-0.04916865286,0.002460653568,1.944229353,-0.8268412753,0.00103468448,1.333571165e-09,1.158531481e-08,-7.866941355e-05,0.2021571165,0.200229746,-6.682031778e-05,0.597140306,-0.0001161688726,0.0006685335604,-0.0002249665396,0.2021571315,-0.200229755,6.682009435e-05,0.5971402658,0.0001161613016,0.0006685582364,0.0002249544504
0.243212109,0,0.5503966711,0,0.07833995524,0,0.9969267031,-1.363006721,-0.01381629355,-0.05301267331,1.692945067,-0.4812132795,-0.003196347862,-0.5708600523,-0.04927604817,0.002283178756,1.976236454,-0.8339486897,0.0009372672119,1.435680432e-09,1.236683058e-08,-8.436558999e-05,0.201503851,0.2001568224,-8.719965704e-06,0.5989312374,-5.11891919e-05,-0.0004733063155,-0.000190256943,0.201503867,-0.200156832,8.719722458e-06,0.5989311945,5.118112444e-05,-0.0004732800115,0.0001902440279
0.2450129764,0,0.5434089514,0,0.08070880149,0,0.9967377235,-1.384119257,-0.01204524654,-0.05258182714,1.724622805,-0.4971836057,-0.003152919218,-0.5777644794,-0.04938423455,0.002032065698,2.006937083,-0.8403330968,0.0007902088617,1.412690097e-09,1.21122928e-08,-8.319029775e-05,0.2010016349,0.2000979777,2.949461526e-05,0.600186863,-3.634288437e-06,-0.001227164813,-0.0001556583548,0.2010016504,-0.2000979871,-2.949489221e-05,0.6001868216,3.626387205e-06,-0.001227139506,0.0001556457169
0.2468138438,0,0.5364212317,0,0.08307719195,0,0.9965431151,-1.40487943,-0.01024378641,-0.05224136114,1.755497245,-0.5127017613,-0.003123895932,-0.5839810999,-0.0495045674,0.00176104949,2.036799744,-0.8460176054,0.0006370394931,1.388604346e-09,1.180931736e-08,-8.155735205e-05,0.2005142759,0.2000452399,6.523240455e-05,0.6013232746,3.801193987e-05,-0.001876192185,-0.0001232437115,0.200514291,-0.2000452491,-6.523269274e-05,0.6013232345,-3.801963558e-05,-0.001876167666,0.0001232313877
0.2486147112,0,0.529433512,0,0.08544511327,0,0.996342879,-1.425146172,-0.008410725604,-0.05196882311,1.785310333,-0.5276049676,-0.003093784132,-0.5894939128,-0.04963542022,0.001455843976,2.065596724,-0.850876613,0.0004727341138,1.284019602e-09,1.085618897e-08,-7.533955259e-05,0.2001395922,0.200005234,8.644680311e-05,0.602043063,6.508745361e-05,-0.002218889477,-9.26657614e-05,0.2001396059,-0.2000052425,-8.644708558e-05,0.6020430264,-6.50945251e-05,-0.002218867091,9.265443455e-05
0.2504155786,0,0.5224457923,0,0.08781255207,0,0.9961370165,-1.444685408,-0.006541491781,-0.05172343136,1.81364341,-0.5416290673,-0.003036872657,-0.5942502157,-0.04977848712,0.001078443357,2.092983273,-0.8559721326,0.0003000345152,9.598351697e-10,8.211550492e-09,-5.737543915e-05,0.2000430295,0.1999886011,7.260186704e-05,0.6018467185,6.329660941e-05,-0.00191797629,-6.295912922e-05,0.2000430394,-0.1999886075,-7.260213744e-05,0.6018466921,-6.330198248e-05,-0.001917960124,6.295060107e-05
0.252216446,0,0.5154580726,0,0.09017949498,0,0.9959255287,-1.463844421,-0.004648791314,-0.05154123618,1.841101625,-0.5551568769,-0.002975526825,-0.5983852973,-0.04993825441,0.0007036190285,2.119507423,-0.8613077218,0.0001611893823,6.373197928e-10,5.520899851e-09,-3.885410946e-05,0.1999827416,0.1999814266,5.405410762e-05,0.601457151,5.252874764e-05,-0.00145945505,-3.721707291e-05,0.1999827479,-0.1999814309,-5.405432987e-05,0.6014571341,-5.253237801e-05,-0.001459444721,3.721136757e-05
0.2540173134,0,0.5084703529,0,0.09254592863,0,0.9957084167,-1.486592911,-0.01344826347,-0.05160920693,1.875660653,-0.5725161101,-0.003083472821,-0.5990420003,-0.03838602938,-4.505383185e-05,2.151598046,-0.87267,-0.0001956153517,-1.606123311e-10,-1.3799021e-09,9.556996193e-06,0.1997647985,0.1998430528,3.233751545e-05,0.6023825182,0.0001354587561,-0.002143347774,7.873786233e-05,0.1997647967,-0.1998430517,-3.233748486e-05,0.6023825229,-0.0001354578545,-0.002143350673,-7.873642419e-05
0.2558181807,0,0.5014826332,0,0.09491183966,0,0.9954856818,-1.501087652,0.004046148483,-0.05129354524,1.893123154,-0.5803936389,-0.002785405723,-0.6051655341,-0.05543822358,-4.479873015e-06,2.169855769,-0.87267,2.904284504e-05,0,0,0,0.2,0.2,0,0.6,0,0,0,0.2,-0.2,0,0.6,0,0,0
0.2558181807,0,0.5014826332,0,0.09491183966,0,0.9954856818,-1.508422841,-0.00368235561,-0.05143348127,1.904247316,-0.5841832453,-0.003289133727,-0.6020730047,-0.0476254941,-4.098491359e-06,2.180448774,-0.87267,2.959118465e-05,-2.335812323e-17,-5.744443418e-18,-4.825525644e-19,0.1994198244,0.1998824421,5.787696225e-05,0.6023117688,0.0001036225824,-0.001733436029,5.827115796e-05,0.1994198244,-0.1998824421,-5.787696327e-05,0.6023117688,-0.0001036225827,-0.00173343604,-5.827115768e-05
0.2558181807,0,0.5014826332,0,0.09491183966,0,0.9954856818,-1.505734947,-0.001613285401,-0.05155833642,1.900431913,-0.5830663562,-0.003130578409,-0.6033265713,-0.05211826554,0.0001560902882,2.178959448,-0.87267,0.0001204631387,4.79128707e-10,3.87376503e-09,-2.741336713e-05,0.1991319116,0.1999140892,0.0001018783628,0.6028114824,9.47188781e-05,-0.001958314066,1.912998952e-05,0.1991319165,-0.1999140923,-0.0001018784787,0.6028114692,-9.472138636e-05,-0.00195830601,-1.913403877e-05
0.2558181807,0,0.5014826332,0,0.09491183966,0,0.9954856818,-1.508464899,0.001695487256,-0.05206915113,1.906612826,-0.5865587933,-0.00355769216,-0.6019171856,-0.058513341,-0.00027269461,2.186226099,-0.87267,-3.394163781e-05,1.244243157e-09,1.010823505e-08,-7.154805856e-05,0.1977441689,0.1997756168,0.0002638563229,0.6073163189,0.0002469068241,-0.00509933539,4.941048208e-05,0.1977441819,-0.1997756247,-0.0002638565954,0.6073162845,-0.000246913355,-0.005099314373,-4.942106305e-05
0.2558181807,0,0.5014826332,0,0.09491183966,0,0.9954856818,-1.504217173,0.001190355706,-0.05158341822,1.898774787,-0.5829582122,-0.003078200161,-0.6038649833,-0.05954444554,-0.0001304640961,2.181421117,-0.87267,-1.31099641e-06,1.652577109e-09,1.158017627e-08,-8.08555592e-05,0.1982138085,0.1998964199,0.0002210575373,0.6052577776,0.0001451478093,-0.003503027005,-1.73602884e-05,0.1982138284,-0.199896429,-0.0002210574152,0.6052577259,-0.0001451549905,-0.00350299515,1.734776075e-05
0.2558181807,0,0.5014826332,0,0.09491183966,0,0.9954856818,-1.50495044,0.0004800187925,-0.05161861448,1.899898642,-0.583352076,-0.00311469666,-0.6037577682,-0.06057922813,-0.0001173463109,2.184261325,-0.87267,2.10536754e-05,1.819456974e-09,1.274459244e-08,-8.903063135e-05,0.1980344884,0.1998861323,0.0002432135117,0.605784847,0.000159636273,-0.003853857714,-1.917364025e-05,0.1980345103,-0.1998861423,-0.0002432133742,0.6057847899,-0.000159644174,-0.003853822647,1.915985047e-05
0.2558181807,0,0.5014826332,0,0.09491183966,0,0.9954856818,-1.505629672,-0.0002281423998,-0.0516419278,1.900882125,-0.5836572627,-0.003139574225,-0.6037097461,-0.06161779318,-9.282884496e-05,2.1870243,-0.8726129827,5.002670038e-05,1.903995347e-09,1.333412212e-08,-9.317273705e-05,0.1979437188,0.1998809337,0.0002544242528,0.6060515884,0.0001669623404,-0.004031384072,-2.009539163e-05,0.1979437417,-0.1998809441,-0.0002544241072,0.6060515287,-0.0001669706056,-0.004031347379,2.008096267e-05
0.2558181807,0,0.5014826332,0,0.09491183966,0,0.9954856818,-1.506239411,-0.0009338702537,-0.05165472865,1.901712566,-0.5838768664,-0.003154227872,-0.6037035477,-0.06265960391,-5.992684386e-05,2.189680551,-0.8725202081,8.33683325e-05,1.915612985e-09,1.341511988e-08,-9.374200307e-05,0.1979312485,0.1998802201,0.0002559639273,0.6060882314,0.000167968137,-0.004055770129,-2.022208903e-05,0.1979312716,-0.1998802306,-0.0002559637806,0.6060881714,-0.0001679764523,-0.004055733212,2.020757224e-05
0.2558181807,0,0.5014826332,0,0.09491183966,0,0.9954856818,-1.506765095,-0.001636900806,-0.05165826249,1.902380378,-0.5840131061,-0.003159932525,-0.6037207138,-0.0637036673,-2.146911891e-05,2.192200537,-0.8724238166,0.0001191340017,1.86418976e-09,1.305656588e-08,-9.122232806e-05,0.1979864525,0.1998833807,0.0002491461887,0.6059260129,0.00016351344,-0.003947810889,-1.966086666e-05,0.1979864749,-0.1998833909,-0.0002491460469,0.6059259545,-0.0001635215338,-0.003947774961,1.964673864e-05
0.2558181807,0,0.5014826332,0,0.09491183966,0,0.9954856818,-1.507229868,-0.002336843584,-0.05165121829,1.903717835,-0.5840834932,-0.003155757812,-0.6037550503,-0.06474874227,2.042405003e-05,2.194691223,-0.8723335329,0.000155379087,1.759893029e-09,1.232908397e-08,-8.611249875e-05,0.1980984712,0.1998898048,0.00023530135,0.6055968011,0.0001544608604,-0.003728696786,-1.852133695e-05,0.1980984924,-0.1998898144,-0.000235301218,0.605596746,-0.0001544685046,-0.003728662865,1.85079976e-05
0.2558181807,0,0.5014826332,0,0.09491183966,0,0.9954856818,-1.507568394,-0.003033532397,-0.0516380546,1.904505709,-0.5840658613,-0.003145704535,-0.6038482684,-0.06579403535,6.561957485e-05,2.19771056,-0.8722509016,0.0001891642514,1.613027423e-09,1.130408354e-08,-7.89183973e-05,0.1982563336,0.1998988774,0.0002157752806,0.6051327649,0.0001416821504,-0.00341980655,-1.691822311e-05,0.1982563529,-0.1998988862,-0.0002157751621,0.6051327144,-0.0001416891609,-0.003419775456,1.690599466e-05
0.2558181807,0,0.5014826332,0,0.09491183966,0,0.9954856818,-1.507762206,-0.003726231631,-0.05161979468,1.904713273,-0.5839622775,-0.003130696818,-0.6038807926,-0.06683631716,0.0001077007149,2.20014648,-0.8721999891,0.0002213906635,1.433910243e-09,1.005304785e-08,-7.014651941e-05,0.1984490592,0.1999099728,0.0001919342895,0.6045660981,0.0001260693606,-0.003042534705,-1.497654872e-05,0.1984490764,-0.1999099806,-0.0001919341869,0.6045660532,-0.0001260755972,-0.003042507059,1.496567569e-05
0.2558181807,0,0.5014826332,0,0.09491183966,0,0.9954856818,-1.507796189,-0.004414102505,-0.05159720654,1.904311747,-0.5837743658,-0.003111362742,-0.6038283311,-0.06787331847,0.000144211847,2.201932076,-0.872193493,0.0002511640314,1.232773701e-09,8.646975132e-09,-6.029892259e-05,0.1986657379,0.1999224604,0.0001651484662,0.6039288062,0.0001085227297,-0.002618157868,-1.282518705e-05,0.1986657527,-0.1999224672,-0.0001651483807,0.6039287675,-0.0001085280959,-0.002618134096,1.281583682e-05
0.2558181807,0,0.5014826332,0,0.09491183966,0,0.9954856818,-1.507658646,-0.005096200222,-0.05157081349,1.903274118,-0.5835037302,-0.00308803203,-0.6036784818,-0.06890302589,0.0001730652049,2.203003727,-0.8722363746,0.0002772775401,1.019695517e-09,7.155980974e-09,-4.98696392e-05,0.1988955855,0.1999357405,0.0001367220253,0.603252557,8.988325691e-05,-0.002167742095,-1.056249863e-05,0.1988955978,-0.1999357461,-0.0001367219569,0.603252525,-8.988769962e-05,-0.002167722428,1.055476249e-05
0.2558181807,0,0.5014826332,0,0.09491183966,0,0.9954856818,-1.507361321,-0.005771482173,-0.05153955865,1.902159533,-0.5831655429,-0.003059638864,-0.6034347337,-0.06992400487,0.0001925223601,2.203302295,-0.872323046,0.000297883848,8.045565704e-10,5.649054868e-09,-3.934252576e-05,0.199127978,0.1999492028,0.000107967108,0.602568586,7.100956177e-05,-0.001712082209,-8.295032076e-06,0.1991279877,-0.1999492072,-0.0001079670562,0.6025685608,-7.101307048e-05,-0.001712066688,8.288926562e-06
0.2558181807,0,0.5014826332,0,0.09491183966,0,0.9954856818,-1.506897036,-0.006438546,-0.05150333933,1.901310566,-0.5827757886,-0.003025759873,-0.6032012801,-0.07093782196,0.0002036215271,2.203793799,-0.8724300079,0.0003072199301,5.970250717e-10,4.193967913e-09,-2.919047933e-05,0.1993524637,0.1999622384,8.018113449e-05,0.601907664,5.27554824e-05,-0.00127168152,-6.126153137e-06,0.1993524708,-0.1999622416,-8.018109758e-05,0.6019076453,-5.275808856e-05,-0.001271670001,6.121621438e-06
0.2558181807,0,0.5014826332,0,0.09491183966,0,0.9954856818,-1.506227422,-0.007095751975,-0.05146409834,1.900203343,-0.5823341699,-0.00298744019,-0.6029736346,-0.07194488155,0.0002028279568,2.204346531,-0.8725482822,0.0003019520898,4.06565301e-10,2.857321704e-09,-1.987593111e-05,0.1995587549,0.1999742394,5.464826899e-05,0.6013001175,3.59709694e-05,-0.0008667645513,-4.156538192e-06,0.1995587598,-0.1999742417,-5.464824459e-05,0.6013001047,-3.597274547e-05,-0.0008667567056,4.153451371e-06
0.2558181807,0,0.5014826332,0,0.09491183966,0,0.9954856818,-1.505333075,-0.007741334106,-0.05142254174,1.898832121,-0.5818546445,-0.002944519126,-0.6027429066,-0.0729463056,0.0001859285858,2.204593734,-0.8726602185,0.0002783870417,2.424696781e-10,1.7047308e-09,-1.185252708e-05,0.1997367016,0.1999846151,3.261206146e-05,0.6007759019,2.147259956e-05,-0.0005173227268,-2.469333416e-06,0.1997367045,-0.1999846164,-3.26120471e-05,0.6007758943,-2.147365925e-05,-0.0005173180471,2.467491966e-06
0.2558181807,0,0.5014826332,0,0.09491183966,0,0.9954856818,-1.510877423,-0.008691220082,-0.0515747437,1.905606068,-0.5830704135,-0.003145614766,-0.6016560166,-0.07402010379,0.0005533388794,2.213837009,-0.8726532203,0.0007081422564,1.016131942e-10,8.28473974e-10,-5.842144777e-06,0.1998148668,0.1999814086,2.162328702e-05,0.6006018277,2.037448113e-05,-0.0004199211314,4.146787314e-06,0.1998148679,-0.1999814092,-2.162331188e-05,0.6006018249,-2.0375019e-05,-0.0004199194076,-4.147652278e-06
0.2558181807,0,0.5014826332,0,0.09491183966,0,0.9954856818,-1.506291466,-0.01101190251,-0.05147165006,1.899654737,-0.581708746,-0.003000131264,-0.6019264759,-0.07152722916,0.0002503931728,2.207453714,-0.87267,0.0002319791429,5.369819157e-11,4.076522246e-10,-2.855143883e-06,0.1999219451,0.1999933862,9.324044676e-06,0.6002448736,7.759025495e-06,-0.0001681947502,8.217629801e-07,0.1999219457,-0.1999933866,-9.32404972e-06,0.600244872,-7.759284986e-06,-0.0001681937764,-8.221953652e-07
0.2558181807,0,0.5014826332,0,0.09491183966,0,0.9954856818,-1.501087652,-0.009589398392,-0.05129354524,1.893123154,-0.5803936389,-0.002785405723,-0.6023893797,-0.07595903658,-2.162713192e-06,2.203560028,-0.87267,3.182485582e-05,0,0,0,0.2,0.2,0,0.6,0,0,0,0.2,-0.2,0,0.6,0,0,0
0.2569862756,0,0.5144107304,0,0.09491183966,0,0.9954856818,-1.469772626,-0.0132779518,-0.0518646333,1.855370131,-0.5740134372,-0.001882542334,-0.6014113877,-0.06860752865,-0.0008498669637,2.157915785,-0.8504663151,-0.0005790707485,-1.286732507e-20,8.582569111e-20,-9.665780326e-19,0.2,0.2,2.568977385e-17,0.6,-3.407481276e-17,8.457252522e-17,-5.730481585e-17,0.2,-0.2,-4.218838299e-17,0.6,2.65142271e-17,7.026613623e-17,6.339053313e-17
0.2581543704,0,0.5273388276,0,0.09491183966,0,0.9954856818,-1.437705253,-0.01563908909,-0.05259863079,1.815416381,-0.5661833248,-0.0009122081131,-0.5983748704,-0.06374579133,-0.001534684723,2.110803848,-0.82761166,-0.0009748352744,2.609933814e-19,-7.074428717e-18,3.741015809e-18,0.2,0.2,1.142360567e-16,0.6,-2.145851678e-17,-6.485220288e-16,-1.000499491e-16,0.2,-0.2,-7.918878952e-17,0.6,-3.121378757e-18,-4.797856131e-16,6.157192227e-17
0.2593224652,0,0.5402669247,0,0.09491183966,0,0.9954856818,-1.3964771,-0.01387757467,-0.05317761937,1.762418531,-0.55432144,0.0002183739888,-0.5941755482,-0.06673991123,-0.002628961708,2.054063953,-0.7930274018,-0.002099045766,-4.467124175e-19,5.131906594e-18,-8.218465611e-18,0.2,0.2,2.198898005e-17,0.6,-2.243323094e-18,5.511937678e-17,-2.507718534e-17,0.2,-0.2,-2.75462724e-17,0.6,3.149774907e-17,-2.53967422e-16,9.478346202e-18
0.26049056,0,0.5531950219,0,0.09491183966,0,0.9954856818,-1.369013375,-0.01777723754,-0.05405582933,1.724281687,-0.5438440521,0.00122523859,-0.5847673402,-0.05850467033,-0.002960288471,2.005955085,-0.7773303789,-0.001761018232,-6.782828255e-20,-4.848980826e-21,-4.753327535e-18,0.2,0.2,8.55572511e-18,0.6,-1.314350624e-17,2.508217905e-16,-5.763509261e-17,0.2,-0.2,5.870845698e-18,0.6,3.109486826e-17,2.521700838e-16,4.732373716e-17
0.2616586548,0,0.5661231191,0,0.09491183966,0,0.9954856818,-1.33317295,-0.01872876114,-0.05493809637,1.674105852,-0.5295469601,0.002339921345,-0.5740486533,-0.05585928587,-0.00369904961,1.948480867,-0.7509898117,-0.002066833009,2.738264473e-22,1.522624173e-21,-7.400704292e-18,0.2,0.2,-4.815875442e-17,0.6,-3.999809556e-17,9.447270549e-16,-8.766019462e-18,0.2,-0.2,5.271676089e-17,0.6,4.463402401e-17,9.445367234e-16,6.409945913e-18
0.2628267496,0,0.5790512163,0,0.09491183966,0,0.9954856818,-1.296724862,-0.01959898568,-0.05596988638,1.621723828,-0.5136515984,0.003461951381,-0.5612699761,-0.05321217609,-0.004319230896,1.888689194,-0.7243833912,-0.002284523728,-1.890102717e-22,4.202583641e-23,1.193282221e-17,0.2,0.2,1.464163146e-17,0.6,-5.09447231e-17,6.905797823e-16,-9.622867946e-17,0.2,-0.2,-1.582372401e-17,0.6,4.974183957e-17,6.906301524e-16,9.683941111e-17
0.2639948444,0,0.5919793135,0,0.09491183966,0,0.9954856818,-1.259133801,-0.01911560954,-0.05737774723,1.566312116,-0.4958920877,0.004466288552,-0.5467732092,-0.05417375779,-0.004946737117,1.828390297,-0.6976992495,-0.002621350898,4.307407802e-18,2.638906613e-17,1.562152893e-17,0.2,0.2,2.597056602e-17,0.6,-6.895726891e-17,8.879531392e-16,-1.127910806e-16,0.2,-0.2,-4.330716979e-17,0.6,5.258688689e-17,7.124888158e-16,5.459905764e-17
0.2651629393,0,0.6049074107,0,0.09491183966,0,0.9954856818,-1.221056265,-0.02100865033,-0.05844611021,1.508337639,-0.4759986774,0.005738043613,-0.5287778203,-0.04792257469,-0.005378832197,1.760416658,-0.6693477028,-0.002533001227,-2.900431834e-18,-3.728981685e-17,-1.935775918e-17,0.2,0.2,-3.59335379e-18,0.6,-8.423185909e-17,1.046493233e-15,-1.010295938e-16,0.2,-0.2,-5.584551659e-18,0.6,1.135899489e-16,8.473206758e-16,1.443532732e-16
0.2663310341,0,0.6178355079,0,0.09491183966,0,0.9954856818,-1.181845372,-0.02059442433,-0.06035898425,1.447747989,-0.4546780535,0.006737944008,-0.5102511556,-0.04858286773,-0.005715711277,1.695181883,-0.6419405203,-0.002649588004,3.847248944e-18,3.061610003e-17,7.77758042e-18,0.2,0.2,-5.813647913e-17,0.6,-6.396900294e-17,1.111254157e-15,-2.7700644e-17,0.2,-0.2,-4.695564954e-17,0.6,8.022092059e-17,5.459426928e-16,1.208697755e-16
0.2674991289,0,0.6307636051,0,0.09491183966,0,0.9954856818,-1.141883174,-0.02110775699,-0.06209681925,1.384393918,-0.4313149835,0.007870307542,-0.4890099744,-0.04583583308,-0.005915803373,1.624872454,-0.6133353714,-0.002572231007,-1.298635833e-17,-6.566646755e-17,1.057772426e-17,0.2,0.2,4.311817778e-17,0.6,-2.503533759e-17,4.586512062e-16,-3.785991005e-17,0.2,-0.2,3.271212688e-17,0.6,9.775849491e-17,8.732815101e-16,1.133865434e-16
0.2686672237,0,0.6436917022,0,0.09491183966,0,0.9954856818,-1.099924,-0.0211651302,-0.06426716072,1.322509896,-0.411470914,0.008902778828,-0.4763390812,-0.04395794526,-0.005826537622,1.566977033,-0.588333679,-0.002787833458,-3.636493611e-18,-5.142007089e-18,-2.403379999e-17,0.2,0.2,-7.648064766e-18,0.6,-9.996096744e-17,1.095108885e-15,-1.348613114e-16,0.2,-0.2,2.565988983e-17,0.6,5.504873188e-17,1.216599476e-15,9.692949844e-17
0.2698353185,0,0.6566197994,0,0.09491183966,0,0.9954856818,-1.059938764,-0.02145092326,-0.06635856747,1.256921436,-0.3859000205,0.009983581218,-0.4530957672,-0.04127715385,-0.005664088938,1.494511234,-0.5615505528,-0.002562879542,-1.042694954e-18,-5.473102063e-18,-1.133403084e-17,0.2,0.2,-3.189366881e-17,0.6,-1.611552674e-16,1.652666879e-15,-1.528274368e-16,0.2,-0.2,3.085148059e-17,0.6,9.073805614e-17,1.447302985e-15,1.342578813e-16
0.2710034133,0,0.6695478966,0,0.09491183966,0,0.9954856818,-1.018798784,-0.02151392261,-0.06860699505,1.188097507,-0.358252043,0.01105525375,-0.4280273674,-0.03866609168,-0.005374102918,1.417046889,-0.5339472276,-0.00230324472,-1.90069896e-19,-2.546866908e-17,2.177105805e-17,0.2,0.2,9.674438937e-17,0.6,-5.905939868e-17,2.979998794e-17,-1.0128691e-16,0.2,-0.2,-1.661170132e-17,0.6,8.292642391e-17,7.821761691e-16,1.006931219e-16
0.2721715081,0,0.6824759938,0,0.09491183966,0,0.9954856818,-0.9762818308,-0.02131921533,-0.07101127543,1.115631117,-0.3283466082,0.01211600693,-0.4010710167,-0.03613799296,-0.00495294404,1.337385914,-0.50544263,-0.002015986305,-4.256261731e-18,-8.886059773e-18,1.715094818e-17,0.2,0.2,1.58272501e-17,0.6,-9.008635732e-17,5.851913229e-16,-7.952009835e-17,0.2,-0.2,4.663728727e-18,0.6,7.483710646e-17,6.866605709e-16,1.032309469e-16
0.273339603,0,0.695404091,0,0.09491183966,0,0.9954856818,-0.9343677759,-0.02096208582,-0.07365606724,1.045029151,-0.2997554335,0.01311554404,-0.3768167856,-0.03390651812,-0.004250030084,1.272725876,-0.4804584238,-0.001745016365,4.854884242e-18,1.059481826e-17,5.444534567e-18,0.2,0.2,-2.041269985e-17,0.6,-1.203161209e-16,7.166232428e-16,-1.195272079e-16,0.2,-0.2,-2.610950543e-17,0.6,6.043847553e-17,9.972335128e-16,7.930506852e-17
0.2745076978,0,0.7083321882,0,0.09491183966,0,0.9954856818,-0.8884761866,-0.02015158206,-0.07636219939,0.9638326083,-0.2645302808,0.0141497096,-0.3452420864,-0.03156317072,-0.003586752688,1.188157831,-0.4495366558,-0.001404883622,-5.15775685e-18,-4.236763533e-17,8.544650686e-18,0.2,0.2,6.026666143e-17,0.6,-6.232656706e-17,8.077091408e-16,-9.823564694e-17,0.2,-0.2,-9.970748129e-19,0.6,1.482270936e-16,1.285842685e-15,1.430839305e-16
0.2756757926,0,0.7212602854,0,0.09491183966,0,0.9954856818,-0.8396588636,-0.01887932945,-0.07907428247,0.8757904207,-0.2253838722,0.01517582107,-0.3105511712,-0.02914638911,-0.002878541545,1.098607001,-0.4161326279,-0.001080696666,2.060680599e-18,4.614212423e-18,-5.110522482e-18,0.2,0.2,2.994537115e-17,0.6,-1.063790669e-16,1.133458059e-15,-1.498660292e-16,0.2,-0.2,1.696670733e-17,0.6,1.373765468e-16,1.372617725e-15,1.549928416e-16
0.2768438874,0,0.7341883826,0,0.09491183966,0,0.9954856818,-0.7837548207,-0.01674969067,-0.08159142566,0.7714921747,-0.1770818032,0.01619963011,-0.267517395,-0.02650982139,-0.002217211358,0.9912815053,-0.3747317481,-0.000746244511,-9.177350709e-20,1.016451603e-19,3.218073368e-17,0.2,0.2,-1.325165192e-17,0.6,-1.231951821e-16,7.609888449e-16,-8.952180736e-17,0.2,-0.2,-6.641101971e-17,0.6,5.92020262e-17,7.655936681e-16,1.381913625e-16
0.2780119822,0,0.7471164798,0,0.09491183966,0,0.9954856818,-0.7206478592,-0.01374754813,-0.08429822624,0.6513722932,-0.1202438575,0.01717991104,-0.2182376054,-0.02411166028,-0.001242820468,0.8839447086,-0.3277753067,-0.0003202101104,2.967936146e-22,1.859344606e-21,-1.85873217e-17,0.2,0.2,-2.132885746e-17,0.6,-1.075997346e-16,1.028380306e-15,-1.015505828e-16,0.2,-0.2,1.492404037e-17,0.6,1.010832958e-16,1.028655977e-15,1.048568738e-16
0.279180077,0,0.7600445769,0,0.09491183966,0,0.9954856818,-0.6618039614,-0.01073632675,-0.08859247762,0.5417622972,-0.06967487275,0.01804218456,-0.1825006001,-0.02362195918,-1.089428786e-05,0.7949233797,-0.2950096681,2.72840534e-05,0,0,0,0.2,0.2,0,0.6,0,0,0,0.2,-0.2,0,0.6,0,0,0
0.285105335,0,0.761315728,0,0.09491183966,0,0.9954856818,-0.6393424149,-0.009663572364,-0.08815725739,0.5140663669,-0.06399853677,0.01841188162,-0.2078565616,-0.0221457638,0.0001566194302,0.8237479992,-0.298289526,0.0001749923383,1.458402429e-18,4.691590232e-18,-3.391149121e-18,0.2,0.2,-8.579427435e-17,0.6,-2.571001457e-16,1.04140436e-15,-9.928874261e-17,0.2,-0.2,-1.55800137e-18,0.6,1.071864986e-16,1.30961723e-15,1.623500572e-16
0.2910305929,0,0.762586879,0,0.09491183966,0,0.9954856818,-0.636645259,-0.01030695472,-0.09033764673,0.5294626505,-0.08265600923,0.01869738873,-0.2588706547,-0.02254267313,0.00092346059,0.8965770838,-0.3282553391,0.000362664017,9.025367305e-19,5.04796861e-18,6.109394966e-18,0.2,0.2,-2.235020836e-16,0.6,-2.96330183e-16,1.16525787e-15,3.2756798e-17,0.2,-0.2,-4.629605255e-17,0.6,1.911995002e-17,1.096864513e-15,9.585434781e-17
0.2969558508,0,0.76385803,0,0.09491183966,0,0.9954856818,-0.624039765,-0.01011776147,-0.09163997622,0.5221417192,-0.0891211917,0.01903557248,-0.2965283526,-0.02228753038,0.00144501659,0.9459323111,-0.3436195702,0.000567747582,3.095783515e-18,3.053332516e-17,1.336426481e-17,0.2,0.2,-3.664427522e-16,0.6,-4.150012558e-16,2.902945697e-15,-6.365841333e-17,0.2,-0.2,4.721905777e-17,0.6,1.202345074e-16,2.543725741e-15,1.688865058e-16
0.3028811087,0,0.7651291811,0,0.09491183966,0,0.9954856818,-0.613476714,-0.01004942142,-0.09253625473,0.5139114957,-0.0978292621,0.01940821581,-0.3348921527,-0.02174514866,0.001797484938,1.000156123,-0.3584509994,0.0006820138269,3.260751461e-19,6.355612541e-18,-3.355778868e-18,0.2,0.2,4.62638979e-17,0.6,-9.763999425e-18,2.371925555e-15,-1.958411349e-16,0.2,-0.2,3.41954851e-16,0.6,4.800563738e-16,1.437344538e-15,-3.364247039e-18
0.3088063667,0,0.7664003321,0,0.09491183966,0,0.9954856818,-0.6019538329,-0.009933042753,-0.0935332007,0.5080028489,-0.1055022144,0.01980788445,-0.3706084121,-0.02127046933,0.002094456151,1.046595082,-0.3699148715,0.0008070858083,-1.810556162e-18,-8.648791139e-20,-2.423362107e-18,0.2,0.2,-8.61280978e-17,0.6,-9.977051818e-18,2.740817846e-15,-8.058531229e-17,0.2,-0.2,4.353174798e-16,0.6,4.854698137e-16,1.544887227e-15,-2.647282581e-17
0.3147316246,0,0.7676714831,0,0.09491183966,0,0.9954856818,-0.5904611913,-0.009818951285,-0.09452607342,0.503586547,-0.1132729124,0.02023114522,-0.4054530767,-0.02079373016,0.002327987754,1.092777631,-0.3798029518,0.0009142543361,-1.673228681e-18,8.414765864e-18,-7.008555937e-19,0.2,0.2,-6.213512869e-17,0.6,-1.843086061e-17,1.670733853e-15,-4.690572548e-17,0.2,-0.2,4.12412061e-16,0.6,5.482851873e-16,1.074536769e-15,-4.509804164e-17
0.3206568825,0,0.7689426342,0,0.09491183966,0,0.9954856818,-0.5817884819,-0.01001074338,-0.09554286996,0.5097458723,-0.1245826467,0.02068897591,-0.4404581079,-0.0203554576,0.002547640123,1.14577708,-0.3897065888,0.001017696215,-1.367604942e-18,-7.755436973e-18,7.70783508e-18,0.2,0.2,3.400566237e-18,0.6,-8.112040805e-17,1.239727121e-15,-1.049046406e-16,0.2,-0.2,2.850780118e-16,0.6,4.707617729e-16,1.289035966e-15,1.50854333e-17
0.3265821405,0,0.7702137852,0,0.09491183966,0,0.9954856818,-0.5701335105,-0.009877622194,-0.09652735118,0.5069509343,-0.1322028105,0.02115789901,-0.4740551578,-0.01987956293,0.002663013624,1.186575888,-0.3966424608,0.001086860909,-3.057883255e-18,-1.29474975e-17,1.656863219e-17,0.2,0.2,9.076425968e-17,0.6,4.202523875e-18,9.011141838e-16,-1.055337542e-16,0.2,-0.2,2.086291782e-16,0.6,3.357982722e-16,-4.273765937e-16,-4.471068426e-17
0.3325073984,0,0.7714849362,0,0.09491183966,0,0.9954856818,-0.5584812281,-0.009742885284,-0.09750927566,0.5047766434,-0.139823738,0.02164974624,-0.507155632,-0.01940933814,0.0027236307,1.225638747,-0.4021833462,0.001135647575,1.138787171e-18,8.239103962e-18,1.671627353e-17,0.2,0.2,2.25850626e-17,0.6,1.1226183e-17,1.132926036e-15,-8.519423421e-17,0.2,-0.2,1.994353822e-16,0.6,3.073682e-16,3.975073609e-16,-3.464468394e-17
0.3384326563,0,0.7727560872,0,0.09491183966,0,0.9954856818,-0.5413960087,-0.009031782863,-0.09855453413,0.4823350357,-0.1408454893,0.02212730832,-0.5392813823,-0.01894171896,0.002713855924,1.26108739,-0.4058242566,0.001158384642,-1.078947976e-17,-4.380464692e-17,3.130859315e-18,0.2,0.2,8.032207985e-17,0.6,-2.364760069e-17,1.065483915e-15,-1.260011381e-16,0.2,-0.2,1.985948079e-16,0.6,2.921318606e-16,-8.902744106e-17,2.197483966e-18
0.3443579143,0,0.7740272383,0,0.09491183966,0,0.9954856818,-0.5300577905,-0.008921570006,-0.09952816841,0.4836288818,-0.1489275392,0.02266624535,-0.5716849772,-0.01849039461,0.002669806681,1.296882964,-0.4089082875,0.001162761073,8.271543194e-18,5.844100595e-17,3.039725914e-18,0.2,0.2,4.211732669e-18,0.6,-8.346145339e-17,1.116285089e-15,-1.361198574e-16,0.2,-0.2,1.888650748e-16,0.6,2.730483543e-16,5.95318761e-16,-2.342888212e-17
0.3502831722,0,0.7752983893,0,0.09491183966,0,0.9954856818,-0.5111934065,-0.007997094058,-0.100571652,0.4604996445,-0.1479592097,0.02317505676,-0.602814224,-0.01803144982,0.0025326191,1.32904326,-0.4097671166,0.001122717813,7.156590606e-18,4.920511553e-17,-2.482108046e-18,0.2,0.2,-7.471794355e-18,0.6,-6.898667047e-17,1.336514347e-15,-1.340960997e-16,0.2,-0.2,1.167858548e-16,0.6,2.527439276e-16,4.974266507e-16,3.638816694e-17
0.3562084301,0,0.7765695403,0,0.09491183966,0,0.9954856818,-0.5003028106,-0.00792335081,-0.1015395006,0.463189051,-0.156376128,0.02375857069,-0.6349363466,-0.01760987176,0.002389558599,1.362088571,-0.4106686128,0.001077522647,-5.115441491e-18,-2.203962799e-17,1.253785432e-17,0.2,0.2,2.518112379e-17,0.6,-5.978686058e-17,8.002118026e-16,-1.19068872e-16,0.2,-0.2,1.127111598e-16,0.6,2.592840102e-16,-9.87530525e-17,4.666603875e-17
0.362133688,0,0.7778406914,0,0.09491183966,0,0.9954856818,-0.4794253401,-0.006739000324,-0.1025570382,0.4384089415,-0.1524926853,0.02428129284,-0.6653864597,-0.01714329804,0.002089746158,1.390239737,-0.4087353319,0.0009297805249,3.91862058e-18,2.752951047e-17,7.440295918e-18,0.2,0.2,-3.881271973e-17,0.6,-2.717655636e-17,1.522057483e-15,-1.001584273e-16,0.2,-0.2,1.47187819e-16,0.6,1.930348172e-16,8.353171607e-16,-9.319894618e-18
0.368058946,0,0.7791118424,0,0.09491183966,0,0.9954856818,-0.469379508,-0.006743526616,-0.1035259378,0.4416069159,-0.1618570227,0.0249097653,-0.6976886168,-0.0167678836,0.001858655091,1.421632775,-0.407825471,0.0008334969004,1.198258126e-18,2.252932362e-18,-2.34759813e-17,0.2,0.2,-5.520369421e-17,0.6,-8.665985719e-17,1.638086873e-15,-1.337885986e-16,0.2,-0.2,1.114643574e-16,0.6,2.697726249e-16,1.308553147e-15,1.219031978e-16
0.3739842039,0,0.7803829934,0,0.09491183966,0,0.9954856818,-0.447517004,-0.005368251225,-0.1044730665,0.4142017883,-0.1557637178,0.02541019083,-0.7289898224,-0.01625124832,0.001327120111,1.448451073,-0.4037437229,0.0004760327197,9.427550262e-19,5.170537952e-18,2.681815464e-18,0.2,0.2,-5.543141045e-17,0.6,-1.444339017e-16,2.15407174e-15,-2.035750623e-16,0.2,-0.2,1.240273083e-16,0.6,2.291778786e-16,1.606754022e-15,1.074450145e-16
0.3799094618,0,0.7816541445,0,0.09491183966,0,0.9954856818,-0.438757536,-0.005513333423,-0.1054703378,0.4167237174,-0.1669409446,0.02609924916,-0.761761261,-0.0159648037,0.001045888422,1.479485383,-0.4013180361,0.0003593200216,6.102782723e-20,3.395806244e-18,8.416267763e-18,0.2,0.2,4.402168831e-17,0.6,-8.970750349e-17,1.10070583e-15,-1.512625861e-16,0.2,-0.2,7.691740499e-18,0.6,2.093190065e-16,6.523952821e-16,1.70394621e-16
0.3858347198,0,0.7829252955,0,0.09491183966,0,0.9954856818,-0.4215126504,-0.00471696155,-0.1053550034,0.3985577676,-0.1658076901,0.02675615424,-0.7913603634,-0.01494841329,0.0001306024055,1.496276989,-0.3884863025,-0.0002412831075,4.633744512e-18,2.503189636e-17,1.675431916e-17,0.2,0.2,2.693998254e-17,0.6,-5.286821303e-17,3.01224422e-16,-9.718693157e-17,0.2,-0.2,-9.357623846e-18,0.6,8.924301923e-17,-1.776873891e-17,6.200802769e-17
0.3917599777,0,0.7841964465,0,0.09491183966,0,0.9954856818,-0.4147108803,-0.005098218645,-0.106931358,0.4064292166,-0.1804532662,0.02752771012,-0.8238723919,-0.01512787077,5.691628044e-05,1.527453593,-0.3872768509,-0.0001488569849,-6.161308949e-22,1.755920418e-18,1.965688261e-18,0.2,0.2,1.90013737e-17,0.6,-9.748768837e-17,9.208675562e-16,-1.145596539e-16,0.2,-0.2,-3.029385878e-17,0.6,1.546086314e-16,8.529872984e-16,1.58239536e-16
0.3976852356,0,0.7854675975,0,0.09491183966,0,0.9954856818,-0.4067885175,-0.005405707342,-0.1085008605,0.4118221534,-0.1937343464,0.02835518109,-0.8536283513,-0.01534159989,-4.568957288e-06,1.554172023,-0.3843748244,2.159489108e-05,0,0,0,0.2,0.2,0,0.6,0,0,0,0.2,-0.2,0,0.6,0,0,0
0.4049977366,0,0.7841964465,0,0.09491183966,0,0.9954856818,-0.3888207236,-0.005026111619,-0.1042335078,0.3996585962,-0.199439211,0.02897495089,-0.8611335548,-0.01416115186,-3.801860908e-06,1.543897859,-0.3761530289,2.211181543e-05,2.377094658e-19,-3.646673994e-20,-3.881411216e-19,0.2,0.2,-3.947376804e-18,0.6,-1.071199807e-17,9.856806239e-17,-1.571551369e-17,0.2,-0.2,3.963652722e-19,0.6,9.964687206e-18,8.179479592e-17,1.919044588e-17
0.4123102376,0,0.7829252955,0,0.09491183966,0,0.9954856818,-0.3756501519,-0.003131888455,-0.1021940978,0.3942065038,-0.2072685481,0.02882565224,-0.883790293,-0.01364816594,0.0005818407801,1.558075807,-0.3771926399,0.000358854558,-3.70457047e-18,-2.543079289e-17,3.457036085e-18,0.2,0.2,-7.137496577e-18,0.6,-2.438113471e-17,3.017038732e-16,-4.495375331e-17,0.2,-0.2,-2.185279261e-17,0.6,1.014502908e-16,6.456025122e-16,1.9774568e-16
0.4196227386,0,0.7816541445,0,0.09491183966,0,0.9954856818,-0.3759557659,-0.003019273406,-0.09993260824,0.4207116216,-0.2335420324,0.02894058028,-0.8930355354,-0.0133083389,0.00194095532,1.555191935,-0.3746261718,0.001674516812,-1.886083104e-18,1.391989729e-17,-1.784536513e-20,0.2,0.2,-4.514942772e-18,0.6,-1.181460784e-16,1.031948191e-15,-1.174787367e-16,0.2,-0.2,-3.792557307e-17,0.6,9.777726866e-17,6.867721073e-16,1.87384339e-16
0.4269352396,0,0.7803829934,0,0.09491183966,0,0.9954856818,-0.3635749175,-0.002052044588,-0.09708879817,0.4197208618,-0.2449865868,0.02908365926,-0.90512551,-0.01264050252,0.002615258615,1.553777433,-0.3706672719,0.002292484038,-6.745992446e-18,-2.803363102e-17,-1.382261904e-18,0.2,0.2,3.588743112e-17,0.6,-3.112854362e-17,5.944966235e-16,-7.766952167e-17,0.2,-0.2,1.891775755e-17,0.6,7.646301287e-17,6.170929271e-16,8.112594782e-17
0.4342477406,0,0.7791118424,0,0.09491183966,0,0.9954856818,-0.3671261052,-0.002177537435,-0.09491486398,0.4488591471,-0.2741216486,0.02896000423,-0.9169156582,-0.01224069113,0.003834961159,1.553982266,-0.3686746964,0.003458905006,2.716335905e-18,2.907323437e-18,2.652104327e-18,0.2,0.2,-7.825316739e-17,0.6,-1.422557065e-16,2.068690255e-15,-1.18448006e-16,0.2,-0.2,5.509590458e-17,0.6,1.686815524e-16,2.424089488e-15,1.684359679e-16
0.4415602415,0,0.7778406914,0,0.09491183966,0,0.9954856818,-0.3669905892,-0.00222172435,-0.09226715522,0.4732115096,-0.2992215688,0.02892355886,-0.9279016034,-0.01166160791,0.004717278909,1.551665655,-0.3649379553,0.004318900948,-4.526809541e-18,-2.09699355e-17,6.89944312e-18,0.2,0.2,2.334017709e-17,0.6,-5.957162403e-17,8.432763994e-16,-1.234027181e-16,0.2,-0.2,-2.607809132e-17,0.6,7.685306314e-17,9.211471091e-16,1.467617795e-16
0.4488727425,0,0.7765695403,0,0.09491183966,0,0.9954856818,-0.3566294231,-0.001288438365,-0.08962674778,0.4698085461,-0.3128515639,0.02881843204,-0.939561676,-0.01104600137,0.005504569161,1.549815904,-0.360984238,0.005082460426,-3.526911782e-18,-5.656318675e-19,5.556591124e-18,0.2,0.2,-1.079437781e-16,0.6,-8.670692793e-17,1.806363412e-15,-8.27417787e-17,0.2,-0.2,5.057235348e-17,0.6,9.364841667e-17,1.609623723e-15,1.176275421e-16
0.4561852435,0,0.7752983893,0,0.09491183966,0,0.9954856818,-0.3542090066,-0.001068838201,-0.08699933121,0.4911053586,-0.3354503699,0.02866885752,-0.9509022278,-0.01044257971,0.006325187331,1.547608743,-0.3570024562,0.005893848066,8.484344251e-18,4.575529518e-17,-7.712627071e-18,0.2,0.2,6.608636344e-18,0.6,-8.515198243e-17,7.706014416e-16,-1.465654708e-16,0.2,-0.2,-1.953042385e-18,0.6,7.213177582e-17,9.06761542e-16,9.768329727e-17
0.4634977445,0,0.7740272383,0,0.09491183966,0,0.9954856818,-0.3494662998,-0.0006215303896,-0.08438167323,0.5107382521,-0.3555506598,0.02846936527,-0.9622361656,-0.009830943648,0.007122336599,1.545201846,-0.3528226804,0.006690641988,-1.017479122e-17,-5.013309078e-17,5.595222445e-20,0.2,0.2,2.363506855e-17,0.6,-5.538174952e-17,5.635811152e-16,-4.200752951e-17,0.2,-0.2,1.087999269e-17,0.6,1.065715869e-16,1.107688748e-15,1.250935296e-16
0.4708102455,0,0.7727560872,0,0.09491183966,0,0.9954856818,-0.3390611829,0.0003439106656,-0.0817828475,0.5074669233,-0.3692791762,0.02819196114,-0.9734204579,-0.009216612274,0.007907883712,1.542434234,-0.3484298738,0.00748642637,-4.071349232e-18,-2.30586207e-17,-1.027888518e-18,0.2,0.2,1.829337201e-17,0.6,-8.558638149e-17,9.503383645e-16,-9.056866175e-17,0.2,-0.2,-3.004830781e-18,0.6,8.62914806e-17,8.469810549e-16,1.525520732e-16
0.4781227465,0,0.7714849362,0,0.09491183966,0,0.9954856818,-0.3327230973,0.0009610445034,-0.07919017403,0.5265467862,-0.3877638235,0.02788177895,-0.9844308458,-0.008604334278,0.008695663023,1.5393682,-0.3439115402,0.008295481717,-6.61059258e-18,-4.7699039e-17,-9.478108603e-18,0.2,0.2,-3.423002349e-17,0.6,-7.063708408e-18,8.206377153e-16,-1.401431588e-17,0.2,-0.2,5.062160774e-17,0.6,8.24954231e-17,1.230145335e-15,1.250411582e-16
0.4854352475,0,0.7702137852,0,0.09491183966,0,0.9954856818,-0.3220688954,0.001953259883,-0.07660775247,0.5255527773,-0.4013188125,0.02749433459,-0.9952403726,-0.007992943563,0.009479263577,1.535915447,-0.3392079325,0.009111094974,-9.488622239e-18,-4.838437882e-17,4.022540117e-18,0.2,0.2,-9.029825312e-17,0.6,2.952347538e-18,1.232395669e-15,2.881814149e-17,0.2,-0.2,6.698663762e-17,0.6,1.032579459e-16,1.337681331e-15,1.237627203e-16
0.4927477484,0,0.7689426342,0,0.09491183966,0,0.9954856818,-0.3112657115,0.002953887168,-0.07402928337,0.5256142899,-0.4147419458,0.02705176698,-1.005851725,-0.007383832164,0.0102620415,1.532111813,-0.3343517822,0.009936334026,3.80458419e-18,7.486080278e-18,5.674622812e-18,0.2,0.2,-1.201218671e-16,0.6,-6.591853113e-17,1.396396388e-15,-8.500697914e-17,0.2,-0.2,3.04001308e-17,0.6,1.338639449e-16,2.098047946e-15,1.778195037e-16
0.5000602494,0,0.7676714831,0,0.09491183966,0,0.9954856818,-0.3017670406,0.003844932576,-0.07145065639,0.5382344752,-0.4297219564,0.02656785153,-1.016255318,-0.006776731354,0.01104143737,1.5279481,-0.329340919,0.01076821116,2.744601158e-18,-1.184769354e-17,-3.135320953e-18,0.2,0.2,2.769034547e-17,0.6,-1.418952221e-16,1.361551314e-15,-1.452725007e-16,0.2,-0.2,-1.594846861e-17,0.6,1.24443615e-16,1.589901713e-15,1.443237451e-16
0.5073727504,0,0.7664003321,0,0.09491183966,0,0.9954856818,-0.287829753,0.005068801774,-0.06885399035,0.529077531,-0.4396160603,0.02601065801,-1.026421178,-0.006171632262,0.01181438777,1.523371644,-0.3241559619,0.01160333184,-1.155888833e-17,-3.766547111e-17,3.9019795e-20,0.2,0.2,-1.019800997e-16,0.6,-7.95746254e-17,1.750452027e-15,-5.407517024e-17,0.2,-0.2,3.978657273e-17,0.6,1.100879779e-16,1.325127308e-15,1.469064008e-16
0.5146852514,0,0.7651291811,0,0.09491183966,0,0.9954856818,-0.2773347624,0.006030523556,-0.06628473888,0.5379275767,-0.4534814455,0.02540693304,-1.036431261,-0.005572659586,0.01259538565,1.518555833,-0.318890256,0.01245566314,-5.886639744e-18,-8.64869498e-19,6.05346354e-18,0.2,0.2,1.105693681e-17,0.6,-1.744202168e-16,2.031990006e-15,-1.560703096e-16,0.2,-0.2,-2.644151299e-17,0.6,1.398185191e-16,1.523250446e-15,1.305846449e-16
0.5219977524,0,0.76385803,0,0.09491183966,0,0.9954856818,-0.2592989138,0.007484204382,-0.06367202613,0.5219718427,-0.4588954486,0.02475016535,-1.045819652,-0.004988442415,0.01339799044,1.51270276,-0.3131996547,0.01334225155,6.819729934e-18,-4.160120166e-19,-2.530351886e-18,0.2,0.2,2.128402165e-17,0.6,-1.531667072e-17,-1.953462355e-17,-6.206044042e-17,0.2,-0.2,-5.622551513e-17,0.6,1.014590951e-16,6.270612263e-16,1.199556799e-16
0.5293102534,0,0.762586879,0,0.09491183966,0,0.9954856818,-0.2436839722,0.008697828079,-0.06103702509,0.5189640624,-0.4670166228,0.02409557095,-1.05470374,-0.004411081627,0.01419447513,1.506186859,-0.3073238737,0.01423123873,3.050508357e-18,1.935377105e-18,1.851509477e-18,0.2,0.2,-9.632542026e-17,0.6,-2.638848974e-17,1.101643021e-15,-5.950233654e-17,0.2,-0.2,7.391363674e-17,0.6,5.38801562e-17,1.328760473e-15,4.151971734e-17
0.5366227544,0,0.761315728,0,0.09491183966,0,0.9954856818,-0.2174716468,0.009973070969,-0.05809580199,0.4879364397,-0.4603956886,0.02393123656,-1.058170313,-0.003886380827,0.01499814402,1.495172975,-0.3010557852,0.01514742789,-2.071426236e-20,-3.884973185e-21,1.148380154e-18,0.2,0.2,-5.445531589e-18,0.6,-1.18469835e-16,1.195253922e-15,-1.288674324e-16,0.2,-0.2,8.918005251e-18,0.6,1.255008953e-16,1.195239073e-15,1.239966357e-16
0.5439352554,0,0.7600445769,0,0.09491183966,0,0.9954856818,-0.2295997317,0.01026616396,-0.05597629339,0.5432981476,-0.5021818165,0.0223718535,-1.074261501,-0.003229447898,0.0157266513,1.495673232,-0.2964163722,0.01596044942,0,0,0,0.2,0.2,0,0.6,0,0,0,0.2,-0.2,0,0.6,0,0,0
0.5471702124,0,0.7484334138,0,0.09491183966,0,0.9954856818,-0.2866544989,0.008067673928,-0.05414895357,0.6787190314,-0.5448325991,0.02400081001,-1.092780521,-0.003021371428,0.0148919945,1.502372017,-0.2989764433,0.01509007433,-2.703241741e-18,-1.535288562e-17,1.071450351e-17,0.2,0.2,-1.205858227e-18,0.6,-1.086755801e-16,1.422128184e-15,-1.251648054e-16,0.2,-0.2,5.850145661e-18,0.6,1.52823252e-16,1.357324513e-15,1.757539659e-16
0.5504051695,0,0.7368222506,0,0.09491183966,0,0.9954856818,-0.3374173773,0.007651228986,-0.05236735116,0.8018731742,-0.5811775108,0.02477423255,-1.115463434,-0.002920001744,0.01486759904,1.515092164,-0.3041394931,0.01504666689,2.699719971e-18,3.356033731e-17,3.906139924e-18,0.2,0.2,1.174659445e-17,0.6,-4.573088599e-17,1.008286517e-15,-6.343060751e-17,0.2,-0.2,-8.900267249e-17,0.6,2.417418261e-17,-3.795218467e-16,9.913095292e-17
0.5536401265,0,0.7252110875,0,0.09491183966,0,0.9954856818,-0.3933498408,0.007773957262,-0.05099946016,0.9325677808,-0.6219540822,0.0249889309,-1.141878293,-0.002690932225,0.01488687741,1.53426289,-0.3110478053,0.01503790718,-7.391194478e-18,-3.024491787e-17,-1.325974764e-17,0.2,0.2,4.470670992e-17,0.6,-9.03044252e-17,1.016968725e-15,-1.186057025e-16,0.2,-0.2,1.953586224e-17,0.6,1.351418803e-16,7.64821343e-16,1.268107062e-16
0.5568750836,0,0.7135999244,0,0.09491183966,0,0.9954856818,-0.4340086718,0.008328958378,-0.04957404371,1.033926556,-0.647704407,0.02572880257,-1.164880196,-0.0025030248,0.01465753418,1.547154751,-0.3150889747,0.01478621987,-9.680997418e-18,-4.711361374e-17,1.399035432e-17,0.2,0.2,1.989646252e-17,0.6,-2.899179785e-17,1.358452585e-17,1.776358254e-18,0.2,-0.2,-6.048341954e-17,0.6,1.593042969e-17,2.106590848e-16,1.296927431e-16
0.5601100406,0,0.7019887612,0,0.09491183966,0,0.9954856818,-0.4704125737,0.00925551172,-0.04833172345,1.130254356,-0.6696478443,0.02647396023,-1.187698375,-0.002325746702,0.01436452709,1.558955933,-0.3184050179,0.01447135026,-3.972558864e-18,-1.732154996e-17,-4.134031565e-18,0.2,0.2,2.829422106e-17,0.6,-6.222162295e-17,1.446713665e-15,-1.398957439e-16,0.2,-0.2,1.128727316e-16,0.6,1.134253114e-16,1.600646203e-15,8.618223695e-17
0.5633449977,0,0.6903775981,0,0.09491183966,0,0.9954856818,-0.4942046032,0.01067727514,-0.046913047,1.201449563,-0.6829260903,0.02759632904,-1.208975768,-0.002194166186,0.0141932914,1.565057137,-0.3176287173,0.01428554125,3.009360764e-18,3.3366827e-17,-2.053160859e-19,0.2,0.2,-1.810709768e-16,0.6,-7.59188883e-17,2.02573162e-15,-2.228202654e-17,0.2,-0.2,7.904929754e-17,0.6,7.67317796e-18,1.390552842e-15,4.386766277e-17
0.5665799548,0,0.6787664349,0,0.09491183966,0,0.9954856818,-0.5249555269,0.01226571632,-0.04610267842,1.287440416,-0.7014998287,0.02821378164,-1.232522864,-0.002013879374,0.01386416954,1.575722176,-0.3191609066,0.01393585149,-7.594479011e-19,-9.902048474e-18,-2.413687803e-17,0.2,0.2,2.982018098e-17,0.6,-6.277380788e-17,7.423869243e-16,-1.440314441e-16,0.2,-0.2,3.032488394e-17,0.6,2.326219419e-16,1.41927764e-15,2.280346268e-16
0.5698149118,0,0.6671552718,0,0.09491183966,0,0.9954856818,-0.5537698455,0.0141032893,-0.04555417324,1.368124834,-0.7187313767,0.02875629684,-1.256106964,-0.001837415043,0.0135167729,1.585831876,-0.3201052524,0.01356957479,-4.392560679e-18,-7.702042928e-18,4.036565516e-18,0.2,0.2,-1.3590308e-18,0.6,-1.940759934e-16,1.806817894e-15,-1.726235558e-16,0.2,-0.2,1.448619252e-17,0.6,1.40677697e-16,1.87532736e-15,2.123796477e-16
0.5730498689,0,0.6555441086,0,0.09491183966,0,0.9954856818,-0.5794505465,0.01620934684,-0.04527113653,1.446246718,-0.733882351,0.02921643432,-1.279624684,-0.001666577985,0.01315277851,1.595313804,-0.3204908312,0.01318851605,-1.702886481e-18,-1.187225158e-17,-7.84898127e-18,0.2,0.2,-1.409472884e-17,0.6,-9.542337328e-17,8.882218624e-16,-1.58795283e-16,0.2,-0.2,7.895736355e-17,0.6,6.816331592e-17,1.705933882e-15,1.228227388e-16
0.5762848259,0,0.6439329455,0,0.09491183966,0,0.9954856818,-0.6024595799,0.01714457653,-0.0449633636,1.518152544,-0.7459929356,0.0302289385,-1.300411922,-0.001559207446,0.01228339996,1.60063984,-0.3199804485,0.01229618747,8.550189973e-18,3.858250773e-17,-1.167942261e-17,0.2,0.2,-1.180937754e-17,0.6,-1.820417473e-16,8.819588274e-16,-1.700555524e-16,0.2,-0.2,-1.156511571e-16,0.6,3.391240291e-17,1.04687267e-15,1.670270713e-16
0.579519783,0,0.6323217823,0,0.09491183966,0,0.9954856818,-0.6241096005,0.01952984063,-0.04519379716,1.589214804,-0.7593931514,0.03051770364,-1.323884126,-0.001385523012,0.01192591861,1.609624305,-0.3193883528,0.01192411961,1.150840492e-18,8.47184342e-18,-1.48693159e-17,0.2,0.2,-8.808304151e-17,0.6,-1.233525952e-16,9.894197012e-16,-9.790108512e-17,0.2,-0.2,-1.090937929e-17,0.6,5.279047153e-17,1.667160369e-15,2.123264735e-16
0.5827547401,0,0.6207106192,0,0.09491183966,0,0.9954856818,-0.6437480715,0.02205762521,-0.0457093195,1.657397792,-0.7717981189,0.03071034397,-1.347006396,-0.001228020014,0.01155366423,1.617263711,-0.3183243279,0.01153983639,2.375860572e-18,5.894982593e-18,8.336679413e-18,0.2,0.2,-2.87137449e-17,0.6,-1.190169387e-16,4.866265085e-16,-1.177108186e-16,0.2,-0.2,-7.617135176e-17,0.6,5.312066353e-18,9.457029009e-16,1.163826134e-16
0.5859896971,0,0.609099456,0,0.09491183966,0,0.9954856818,-0.6613953071,0.02470444228,-0.04650010066,1.722452976,-0.783248257,0.03080666958,-1.369688051,-0.001081720724,0.01117339354,1.624118221,-0.3169195527,0.01114959885,1.313264575e-19,8.145639482e-18,1.596849061e-17,0.2,0.2,-5.024073602e-17,0.6,-6.633527337e-17,2.998662852e-16,-1.373470871e-17,0.2,-0.2,-8.272384203e-17,0.6,9.901517125e-18,8.920124007e-16,1.041652978e-16
0.5892246542,0,0.5974882929,0,0.09491183966,0,0.9954856818,-0.6770484534,0.02744826187,-0.047563605,1.784471117,-0.7937835671,0.03080166637,-1.391838047,-0.0009475809928,0.01078744499,1.630159079,-0.3152373013,0.01075570365,-5.332444619e-18,-4.88639497e-17,1.895489673e-17,0.2,0.2,6.69003506e-17,0.6,-5.688466726e-17,-1.516819731e-16,-8.216195355e-17,0.2,-0.2,-5.102470413e-17,0.6,6.78432786e-17,1.372057131e-15,1.573696558e-16
0.5924596112,0,0.5858771297,0,0.09491183966,0,0.9954856818,-0.6907171985,0.03026769417,-0.04889895026,1.843613273,-0.8034261943,0.03068894076,-1.413367773,-0.0008263594524,0.01039833562,1.635368561,-0.3133495577,0.01036059876,-6.100366528e-18,-7.734854753e-18,-1.280659584e-17,0.2,0.2,-5.99909699e-19,0.6,-1.099773895e-16,7.55921006e-16,-8.630740167e-17,0.2,-0.2,-1.140019834e-17,0.6,2.073907148e-17,8.760539762e-16,9.121936552e-17
0.5956945683,0,0.5742659666,0,0.09491183966,0,0.9954856818,-0.702404653,0.03314396193,-0.05049599362,1.899877277,-0.812167061,0.03046572519,-1.434192179,-0.0007185576051,0.01000878781,1.639741646,-0.3113375363,0.009966908752,5.251721803e-18,2.428691532e-18,1.587767987e-18,0.2,0.2,-1.40344588e-17,0.6,-1.11594947e-16,5.215475797e-16,-1.381188613e-16,0.2,-0.2,-5.882312888e-17,0.6,8.771637569e-17,1.208930526e-15,1.799351125e-16
0.5989295254,0,0.5626548034,0,0.09491183966,0,0.9954856818,-0.7121316575,0.03605953202,-0.05234034399,1.95324948,-0.8199671833,0.0301322164,-1.454231271,-0.0006243408493,0.009621761916,1.643288153,-0.3092922989,0.009577469031,-1.676034445e-19,4.823185683e-18,8.380273419e-18,0.2,0.2,1.127526687e-17,0.6,-9.250145451e-17,5.409125535e-16,-1.25464407e-16,0.2,-0.2,-5.075206724e-17,0.6,4.146684564e-17,6.507583346e-16,1.240631692e-16
0.6021644824,0,0.5510436403,0,0.09491183966,0,0.9954856818,-0.7189103267,0.03673012563,-0.05376515903,2.002305676,-0.8261585723,0.0304924271,-1.47349228,-0.0005342866139,0.008884218354,1.645747607,-0.3069519891,0.008835980403,2.19543698e-18,1.084561382e-17,1.144242654e-17,0.2,0.2,4.879557307e-17,0.6,-1.152617666e-16,4.237260335e-16,-1.422134583e-16,0.2,-0.2,-1.420932958e-17,0.6,5.296415886e-17,7.006358343e-16,1.256635691e-16
0.6053994395,0,0.5394324771,0,0.09491183966,0,0.9954856818,-0.7248413078,0.04193784568,-0.05615630126,2.047452907,-0.8297024453,0.02968785941,-1.489919392,-0.0005281654366,0.008791664777,1.646186177,-0.3054569075,0.008755633417,5.454818741e-18,5.071433037e-17,-1.190065558e-17,0.2,0.2,2.341806345e-18,0.6,-1.379297501e-16,8.819833035e-16,-1.792053446e-16,0.2,-0.2,-2.457215694e-17,0.6,3.221713319e-17,3.481333969e-16,7.124411686e-17
0.6086343965,0,0.527821314,0,0.09491183966,0,0.9954856818,-0.729280897,0.0471941707,-0.05882893442,2.090328456,-0.8324629912,0.02862347635,-1.505580696,-0.0005045125824,0.008726575029,1.646047744,-0.304156309,0.008701252846,0,0,0,0.2,0.2,0,0.6,0,0,0,0.2,-0.2,0,0.6,0,0,0
0.6086343965,0,0.527821314,0,0.09491183966,0,0.9954856818,-0.7273786406,0.04623120589,-0.05950688878,2.105457655,-0.8493684464,0.02786938555,-1.513639747,-0.0004278942471,0.008456418449,1.646885829,-0.29698934,0.008426712411,-8.082912172e-23,9.257050131e-22,1.064063917e-18,0.2,0.2,3.517466735e-18,0.6,-7.735508354e-17,8.130788711e-16,-8.957235832e-17,0.2,-0.2,-2.772505763e-18,0.6,7.81119819e-17,8.130492931e-16,8.918675952e-17
0.6086343965,0,0.527821314,0,0.09491183966,0,0.9954856818,-0.7284509631,0.04678096118,-0.05849448853,2.099724883,-0.8427614911,0.02891754576,-1.510661535,-0.0004556125425,0.008551832775,1.646945634,-0.2999237534,0.008520431111,-5.656512113e-22,-1.272505799e-21,2.887130022e-17,0.2,0.2,3.17923411e-17,0.6,-1.012578721e-16,8.883454741e-16,-8.424351526e-17,0.2,-0.2,-3.480136798e-17,0.6,9.819692921e-17,8.884707694e-16,8.579952021e-17
0.6086343965,0,0.527821314,0,0.09491183966,0,0.9954856818,-0.7290368518,0.04762049554,-0.05774378804,2.095866339,-0.8367670811,0.02968599629,-1.508534783,-0.0004754116654,0.008655224744,1.646710768,-0.3017838741,0.008625789837,-4.106784103e-20,1.19827174e-19,1.824768205e-18,0.2,0.2,2.638870698e-18,0.6,-8.147378727e-17,9.986711452e-16,-9.813629518e-17,0.2,-0.2,-3.043202363e-18,0.6,1.007565544e-16,1.001033033e-15,1.03573362e-16
0.6086343965,0,0.527821314,0,0.09491183966,0,0.9954856818,-0.729201856,0.04795391032,-0.05741324794,2.097875029,-0.8367050092,0.03000278245,-1.509828179,-0.0004618944194,0.008650357591,1.647207637,-0.3009439221,0.008619691873,3.780433992e-18,1.180596331e-17,-7.33709412e-18,0.2,0.2,-5.8155535e-17,0.6,-4.036323848e-17,7.254332208e-16,-1.83618214e-17,0.2,-0.2,-9.937921581e-18,0.6,3.194574876e-17,1.43824261e-16,5.182935629e-17
0.6086343965,0,0.527821314,0,0.09491183966,0,0.9954856818,-0.7293923773,0.04814285147,-0.05698329193,2.099116265,-0.8366518176,0.03043403738,-1.51081227,-0.0004513334566,0.008636931728,1.647747564,-0.300477081,0.008604763938,-9.782123505e-18,-5.392564663e-17,-2.493789739e-18,0.2,0.2,5.522147559e-17,0.6,-3.769476758e-17,5.041646034e-16,-8.597084747e-17,0.2,-0.2,1.874729767e-17,0.6,6.805660825e-17,4.248279041e-16,1.114582169e-16
0.6086343965,0,0.527821314,0,0.09491183966,0,0.9954856818,-0.7296267995,0.04832586246,-0.05652930195,2.100606867,-0.8366001515,0.03089246787,-1.511720567,-0.000441449551,0.008625417793,1.64832951,-0.3001316573,0.008591787165,3.467403244e-18,3.330517732e-17,1.018991927e-17,0.2,0.2,-6.781609892e-18,0.6,-7.581978228e-17,8.908494827e-16,-9.467508808e-17,0.2,-0.2,-4.154387572e-17,0.6,-1.977280921e-17,1.241087759e-16,5.462576773e-17
0.6086343965,0,0.527821314,0,0.09491183966,0,0.9954856818,-0.7299220843,0.04850066212,-0.05605364465,2.102611677,-0.8365529374,0.031376479,-1.51253174,-0.0004325497592,0.008615634359,1.648923636,-0.2998992591,0.00858064139,4.569834385e-18,1.050010168e-17,-1.529894967e-17,0.2,0.2,7.417645457e-17,0.6,2.57024142e-18,-5.129106848e-16,-9.118325247e-17,0.2,-0.2,-5.748165488e-17,0.6,-7.825908378e-18,-4.691436191e-16,4.487470884e-17
0.6086343965,0,0.527821314,0,0.09491183966,0,0.9954856818,-0.7301530039,0.04866634502,-0.05556203279,2.103919626,-0.8365271817,0.03187582877,-1.513225064,-0.0004249260232,0.008607401748,1.649500025,-0.2997708193,0.008571210861,1.461236971e-17,4.440275514e-17,-4.89923595e-18,0.2,0.2,-1.713616053e-17,0.6,-1.12974578e-16,6.97069037e-16,-1.261612704e-16,0.2,-0.2,5.461513535e-18,0.6,2.873765974e-17,2.735184357e-16,1.086521873e-17
0.6086343965,0,0.527821314,0,0.09491183966,0,0.9954856818,-0.7302980132,0.04882267992,-0.05505626358,2.104547212,-0.8365332202,0.03238785133,-1.513780439,-0.000418849473,0.008600547716,1.650029039,-0.2997369244,0.008563388007,-8.37383986e-20,2.032762864e-17,1.913988619e-18,0.2,0.2,-1.332339841e-18,0.6,-9.934249734e-17,1.057397923e-15,-8.98046378e-17,0.2,-0.2,-6.64857722e-17,0.6,3.494104883e-17,-1.546077722e-16,8.37161161e-17
0.6086343965,0,0.527821314,0,0.09491183966,0,0.9954856818,-0.7303485657,0.04896989622,-0.05453739486,2.104515089,-0.8365744981,0.03291106486,-1.514506836,-0.0004144788818,0.008594919965,1.650519228,-0.2998068354,0.008557067418,-4.449922443e-18,8.354891347e-18,1.453824287e-17,0.2,0.2,-2.483216258e-17,0.6,-4.858549817e-17,1.117347929e-15,-2.859450593e-17,0.2,-0.2,-5.708304071e-17,0.6,7.283195161e-17,-2.402495454e-16,1.496806876e-16
0.6086343965,0,0.527821314,0,0.09491183966,0,0.9954856818,-0.7303075035,0.04910864347,-0.05400582497,2.10384751,-0.8366481151,0.03344503823,-1.515234603,-0.000412060755,0.008590386776,1.650929297,-0.2999661773,0.008552182906,-3.094245902e-18,-9.526695903e-18,-1.247739613e-17,0.2,0.2,5.969380313e-17,0.6,-8.258573361e-17,2.357672244e-16,-1.3279569e-16,0.2,-0.2,3.118432935e-17,0.6,7.565582403e-17,5.454765418e-16,8.704816766e-17
0.6086343965,0,0.527821314,0,0.09491183966,0,0.9954856818,-0.7301874653,0.04923994787,-0.05346139626,2.102571998,-0.8367457362,0.03399023393,-1.515372656,-0.0004119325649,0.00858680181,1.651160925,-0.3001697984,0.008548667767,-2.419416008e-18,1.461805243e-17,-2.642228389e-17,0.2,0.2,-3.084025557e-17,0.6,-4.058305276e-17,4.337536092e-16,-5.928601777e-17,0.2,-0.2,2.106960269e-17,0.6,2.647827044e-17,1.386398982e-16,4.348425951e-17
0.6086343965,0,0.527821314,0,0.09491183966,0,0.9954856818,-0.7300093083,0.04936516699,-0.05290351547,2.100719164,-0.8368547748,0.03454783555,-1.514859896,-0.0004142325794,0.008584083854,1.651183594,-0.3004069714,0.008546478857,3.203885254e-18,-6.487236712e-18,-1.154545705e-17,0.2,0.2,-4.716337265e-17,0.6,-3.591906389e-17,3.283236769e-16,-3.353288614e-17,0.2,-0.2,2.0893788e-17,0.6,8.146242369e-17,8.301979954e-16,9.149913625e-17
0.6086343965,0,0.527821314,0,0.09491183966,0,0.9954856818,-0.7298803162,0.04948645913,-0.05232864287,2.099468736,-0.836961416,0.03512514731,-1.513828988,-0.0004189775601,0.008582234701,1.651003018,-0.3006881682,0.008545625236,1.409888969e-20,-4.580065686e-18,1.009564174e-17,0.2,0.2,-5.597742834e-17,0.6,7.471234213e-19,5.155142281e-16,-1.876220868e-17,0.2,-0.2,1.123913319e-16,0.6,2.104964387e-18,9.958314722e-16,-1.516850104e-17
0.6086343965,0,0.527821314,0,0.09491183966,0,0.9954856818,-0.7297663247,0.04960634951,-0.05173687187,2.098478689,-0.8370648812,0.03572049987,-1.513169093,-0.0004260073398,0.008581252913,1.650700647,-0.3010640868,0.008546058981,-2.114105032e-18,-6.394282708e-18,1.467589474e-17,0.2,0.2,1.893842936e-17,0.6,-1.68338687e-17,-1.636171572e-16,-4.420757443e-17,0.2,-0.2,1.149235503e-17,0.6,5.495358585e-17,2.984774083e-16,7.131702301e-17
0.6086343965,0,0.527821314,0,0.09491183966,0,0.9954856818,-0.7295739726,0.04905566491,-0.05100688744,2.097034349,-0.8371643754,0.03649908311,-1.511893705,-0.0004352144315,0.008508868067,1.649967048,-0.3016445181,0.008472766223,2.799406275e-21,-1.706134483e-19,7.313327252e-18,0.2,0.2,4.967368095e-17,0.6,-4.925894493e-17,-1.244746714e-16,-1.117845414e-16,0.2,-0.2,-4.440191505e-17,0.6,4.445434171e-17,-1.231593468e-16,8.807033555e-17
0.6086343965,0,0.527821314,0,0.09491183966,0,0.9954856818,-0.7294598303,0.04914756777,-0.0503858736,2.095912186,-0.8372357582,0.03710446157,-1.510829389,-0.0004452207069,0.008504875418,1.649331363,-0.3020941537,0.008470042428,-6.502672149e-18,2.82689945e-18,2.007124065e-17,0.2,0.2,1.971966239e-17,0.6,-5.523968986e-17,9.437349661e-16,-5.757081182e-17,0.2,-0.2,-2.622329983e-17,0.6,1.565074048e-17,-3.646537563e-16,4.421587267e-17
0.6086343965,0,0.527821314,0,0.09491183966,0,0.9954856818,-0.7291076756,0.04338168773,-0.04945021054,2.101355744,-0.8436038752,0.03808042399,-1.517120584,-0.0003564540129,0.007833306073,1.65284126,-0.2993103421,0.007782255852,-2.880287488e-22,-3.568587276e-22,1.17796234e-17,0.2,0.2,2.279123616e-17,0.6,-5.584291377e-17,7.708317091e-16,-1.049651543e-16,0.2,-0.2,-1.479666857e-17,0.6,6.397530526e-17,7.704917966e-16,1.008362709e-16
0.6086343965,0,0.527821314,0,0.09491183966,0,0.9954856818,-0.7293394531,0.04681659467,-0.04893890667,2.09635209,-0.8383590888,0.03856654112,-1.511708447,-0.0004343242433,0.008205350864,1.649640868,-0.3015715097,0.008167831288,1.265080076e-22,-1.129165424e-22,3.383917278e-18,0.2,0.2,-1.985519819e-17,0.6,-5.026176609e-17,4.700834695e-16,-7.973747249e-17,0.2,-0.2,2.164604143e-17,0.6,5.208385803e-17,4.700071457e-16,7.881242401e-17
0.6086343965,0,0.527821314,0,0.09491183966,0,0.9954856818,-0.729417119,0.05025835184,-0.04851681521,2.091254287,-0.8331761757,0.03896569986,-1.505581447,-0.0004963224203,0.008594244512,1.646048684,-0.3041564973,0.008569672445,0,0,0,0.2,0.2,0,0.6,0,0,0,0.2,-0.2,0,0.6,0,0,0
0.6181127762,0,0.541198991,0,0.09491183966,0,0.9954856818,-0.727562045,0.04576325499,-0.0470212945,2.060080728,-0.8040548116,0.04047117217,-1.463609049,-0.0008203632627,0.008687536297,1.619655149,-0.3175674506,0.008683871269,2.199896026e-10,2.047840402e-09,-1.376328915e-05,0.1996638021,0.1999729006,4.322412588e-05,0.601105693,3.430042493e-05,-0.0007780883557,2.832725127e-07,0.1996638047,-0.1999729021,-4.322415727e-05,0.601105686,-3.430179515e-05,-0.0007780840432,-2.854092083e-07
0.6275911558,0,0.554576668,0,0.09491183966,0,0.9954856818,-0.7246067997,0.04133304882,-0.04561565886,2.027534112,-0.7746545437,0.04184034799,-1.420187048,-0.001172353403,0.008760352711,1.590582259,-0.3297654812,0.008794094879,4.191155511e-10,4.129770209e-09,-2.764980758e-05,0.1992824666,0.1999342956,9.186362403e-05,0.6024398066,7.922868547e-05,-0.001740763505,5.59518612e-06,0.1992824715,-0.1999342987,-9.186370377e-05,0.6024397934,-7.923147415e-05,-0.001740755319,-5.599465652e-06
0.6370695355,0,0.567954345,0,0.09491183966,0,0.9954856818,-0.7205574896,0.03696664234,-0.04433048867,1.993667336,-0.7450231359,0.04306049334,-1.375443746,-0.001550329274,0.008810403495,1.558613622,-0.340403952,0.008900529995,6.009449673e-10,6.241341389e-09,-4.16391994e-05,0.1988633812,0.1998862045,0.0001450462057,0.6039635512,0.0001329389474,-0.002856413828,1.504820913e-05,0.1988633881,-0.1998862093,-0.0001450463478,0.6039635322,-0.0001329431949,-0.002856402136,-1.505463887e-05
0.6465479152,0,0.581332022,0,0.09491183966,0,0.9954856818,-0.7154382742,0.03266277697,-0.04319094112,1.958536977,-0.7151938823,0.04412441636,-1.329500848,-0.00195209376,0.008835880837,1.523595911,-0.3492058436,0.009003227018,7.690329164e-10,8.378292414e-09,-5.57107821e-05,0.1984140559,0.1998306429,0.0002018783726,0.6056378899,0.0001935810153,-0.004093304418,2.77499995e-05,0.1984140647,-0.1998306494,-0.0002018785873,0.6056378657,-0.0001935867537,-0.004093289515,-2.775858854e-05
0.6560262948,0,0.5947096989,0,0.09491183966,0,0.9954856818,-0.7092874739,0.02842010683,-0.04221831823,1.922202517,-0.6851887034,0.04502836198,-1.282468047,-0.002375153175,0.008835356232,1.485420153,-0.35595054,0.009102305992,9.269596481e-10,1.053633319e-08,-6.984485748e-05,0.1979421098,0.1997696261,0.0002614481625,0.6074235289,0.0002592994582,-0.005419549588,4.280580766e-05,0.1979421203,-0.1997696342,-0.0002614484566,0.6074234997,-0.0002593067115,-0.005419531695,-4.28165668e-05
0.6655046745,0,0.6080873759,0,0.09491183966,0,0.9954856818,-0.7043906458,0.02612246846,-0.04086557456,1.874312248,-0.6422428428,0.04634187711,-1.22801017,-0.003063983974,0.009275170667,1.440254795,-0.3627480898,0.009720801909,1.452731191e-09,1.228481477e-08,-8.213771326e-05,0.198185081,0.1998853369,0.0002337517358,0.6056506736,0.0001606630155,-0.003880346061,-1.968284599e-05,0.1981850995,-0.1998853464,-0.0002337516395,0.6056506244,-0.0001606710152,-0.003880315714,1.966978741e-05
0.6749830541,0,0.6214650529,0,0.09491183966,0,0.9954856818,-0.6967299672,0.02232266752,-0.04029440864,1.835290817,-0.6110392753,0.04689520733,-1.179996798,-0.003546985166,0.009276103955,1.395893976,-0.364223808,0.009881951234,1.712159991e-09,1.463862881e-08,-9.790722994e-05,0.1978223185,0.1998600166,0.0002802422371,0.6068050798,0.0001945809471,-0.004681335075,-2.209118272e-05,0.1978223402,-0.199860028,-0.0002802421411,0.6068050221,-0.0001945905001,-0.004681299462,2.2075643e-05
0.6844614338,0,0.6348427299,0,0.09491183966,0,0.9954856818,-0.6877562295,0.01941150959,-0.03978359782,1.793872929,-0.5787182808,0.04740715441,-1.131746803,-0.004116749896,0.009424405793,1.34920835,-0.3634447343,0.01023810848,2.034748137e-09,1.731630127e-08,-0.000115067761,0.1974421825,0.1998353261,0.000328915296,0.6079961831,0.0002286640685,-0.005501396338,-2.587116829e-05,0.1974422091,-0.1998353396,-0.000328915058,0.6079961125,-0.0002286753133,-0.005501352739,2.585273449e-05
0.6939398135,0,0.6482204069,0,0.09491183966,0,0.9954856818,-0.6780881769,0.01583878884,-0.03959654909,1.752626118,-0.5472864345,0.04766308485,-1.082228537,-0.004633817632,0.009371785451,1.297845203,-0.3594019334,0.01040770882,2.319050747e-09,1.982886728e-08,-0.0001318898603,0.1970615649,0.1998098803,0.0003776278175,0.6091963142,0.0002633425723,-0.006330478543,-2.907520404e-05,0.1970615951,-0.1998098957,-0.0003776275583,0.609196234,-0.0002633554586,-0.00633042907,2.905410507e-05
0.7034181931,0,0.6615980839,0,0.09491183966,0,0.9954856818,-0.6619224063,0.01180375023,-0.03966956349,1.715118858,-0.5262061647,0.04768996242,-1.031550599,-0.005099718403,0.009102839562,1.240759349,-0.3509182452,0.01038627182,1.442591214e-09,1.946114821e-08,-0.0001265430046,0.1958110908,0.1994667819,0.0005293339221,0.6157635791,0.0005767423997,-0.01168679547,0.0001285517101,0.1958111072,-0.199466797,-0.0005293345239,0.6157635327,-0.0005767559795,-0.01168676707,-0.000128571364
0.7128965728,0,0.6749757609,0,0.09491183966,0,0.9954856818,-0.6494774043,0.008553525049,-0.03976893513,1.669573498,-0.4932279887,0.04779419095,-0.9770498045,-0.005687664515,0.008979277654,1.176799321,-0.3391992235,0.01058457623,1.230413354e-09,1.873573918e-08,-0.0001213182289,0.1957622147,0.1994327958,0.0005344881557,0.6162291901,0.0006046905423,-0.01210701403,0.0001478394241,0.1957622279,-0.1994328104,-0.0005344889209,0.6162291517,-0.0006047038043,-0.01210699066,-0.0001478581438
0.7223749524,0,0.6883534379,0,0.09491183966,0,0.9954856818,-0.6363571875,0.005370443451,-0.04010739474,1.623081434,-0.4599772994,0.04774184902,-0.921397962,-0.006283606384,0.008810740564,1.107620967,-0.3239419308,0.01077694041,1.027695976e-09,1.784114833e-08,-0.0001150646969,0.1957790991,0.1994108367,0.0005314055634,0.6164104866,0.0006207629184,-0.01230663355,0.0001627061793,0.1957791093,-0.1994108506,-0.0005314064614,0.6164104558,-0.0006207757199,-0.01230661488,-0.000162723821
0.7318533321,0,0.7017311149,0,0.09491183966,0,0.9954856818,-0.6226397154,0.002259123272,-0.04069036912,1.575723466,-0.4264576307,0.0475317835,-0.8644300606,-0.006883526083,0.008595230767,1.032916587,-0.3048715622,0.01096353591,8.366931665e-10,1.673677259e-08,-0.0001075474203,0.1958766774,0.1994036897,0.0005182528164,0.6162422125,0.0006222523368,-0.01223484123,0.0001721380996,0.1958766849,-0.1994037027,-0.0005182538093,0.6162421886,-0.0006222645012,-0.01223482686,-0.0001721544838
0.7413317118,0,0.7151087919,0,0.09491183966,0,0.9954856818,-0.608402061,-0.000775050212,-0.04152209809,1.527582751,-0.3926757934,0.04716274094,-0.8057729673,-0.007480823462,0.008332130015,0.9510747131,-0.2812114277,0.01114559314,6.596258668e-10,1.538265755e-08,-9.853271191e-05,0.1960696581,0.1994141344,0.0004932294734,0.615659707,0.0006064627657,-0.01184120318,0.000175119488,0.1960696633,-0.1994141464,-0.0004932305154,0.6156596893,-0.0006064740826,-0.01184119265,-0.0001751344003
0.7508100914,0,0.7284864688,0,0.09491183966,0,0.9954856818,-0.6015602274,-0.003447589924,-0.04283524502,1.482396631,-0.3543855741,0.04630887171,-0.7586928464,-0.007970363085,0.008241459946,0.8903340443,-0.2632249007,0.01141931953,2.08720725e-09,1.988051132e-08,-0.0001342264517,0.1968556532,0.1997740739,0.0004032035856,0.6100719283,0.0002989923001,-0.007011926169,-1.639975756e-05,0.1968556771,-0.1997740893,-0.0004032039537,0.6100718637,-0.0002990056625,-0.007011886535,1.637902586e-05
0.7602884711,0,0.7418641458,0,0.09491183966,0,0.9954856818,-0.5862877118,-0.006505253834,-0.04420508202,1.434307532,-0.3217152448,0.04557332968,-0.6959907387,-0.008549199457,0.007809827108,0.7911249411,-0.229987727,0.01153038555,1.430293343e-09,1.477340986e-08,-9.9532725e-05,0.1975714962,0.1998102875,0.0003111899242,0.6079333393,0.0002427444729,-0.005573242464,-2.958939484e-06,0.1975715119,-0.1998102989,-0.0003111903557,0.6079332964,-0.0002427545545,-0.00557321622,2.943703528e-06
0.7697668507,0,0.7552418228,0,0.09491183966,0,0.9954856818,-0.5700509675,-0.009322752181,-0.04576168095,1.384638527,-0.2884231756,0.04474707102,-0.6285205671,-0.009144518367,0.007329139111,0.6861444064,-0.190385133,0.01167084116,1.153398946e-09,1.212257725e-08,-8.174472322e-05,0.1979907091,0.1998408208,0.0002575415597,0.6065860766,0.0002026137623,-0.004633923758,-9.86395437e-07,0.1979907215,-0.1998408302,-0.0002575419538,0.6065860426,-0.0002026220667,-0.004633902885,9.739299516e-07
0.7792452304,0,0.7686194998,0,0.09491183966,0,0.9954856818,-0.5530385195,-0.01201740759,-0.04754597517,1.33378879,-0.2547295745,0.04379911996,-0.5527236199,-0.009765386966,0.00672061336,0.5643145102,-0.1397629024,0.01180817256,8.253190971e-10,8.809789452e-09,-5.94530577e-05,0.1985289384,0.1998819837,0.0001886632381,0.6048364084,0.0001495538007,-0.003407519577,2.592454723e-07,0.1985289471,-0.1998819905,-0.0001886635488,0.6048363843,-0.0001495598555,-0.003407504812,-2.682797063e-07
0.7887236101,0,0.7819971768,0,0.09491183966,0,0.9954856818,-0.5328895707,-0.01483156202,-0.04957595108,1.280039023,-0.2212953867,0.04280738196,-0.4446161338,-0.01051403462,0.005634498551,0.3752790496,-0.05240623681,0.01188122036,-3.614197197e-11,1.962995549e-09,-1.207478319e-05,0.1992755859,0.1998612281,8.948969668e-05,0.603198447,0.0001354418979,-0.002494224236,5.159974048e-05,0.1992755849,-0.1998612296,-8.948993041e-05,0.6031984486,-0.0001354434871,-0.002494225293,-5.160147427e-05
0.7982019897,0,0.7953748538,0,0.09491183966,0,0.9954856818,-0.5166543341,-0.01698436964,-0.05179579425,1.228357515,-0.1859858095,0.04155172472,-0.346450101,-0.01114912984,0.004746149813,0.1994980229,0.02767647659,0.01207269,0,0,0,0.2,0.2,0,0.6,0,0,0,0.2,-0.2,0,0.6,0,0,0
0.7982019897,0,0.7953748538,0,0.09514467746,0,0.9954634551,-0.5158429499,-0.01721084524,-0.05206536286,1.200124058,-0.1933332322,0.03846184942,-0.3136439939,-0.0108157624,0.004266251715,0.142321162,0.0523946583,0.01156647214,-4.596353337e-10,-5.911481333e-09,-0.01083596815,0.200754425,0.1997079231,-3.847473878e-05,0.6028766919,0.000246209805,-0.003597611527,0.0001510263633,0.2007544154,-0.1997080709,3.875388761e-05,0.6028767262,-0.0002459223773,-0.0035976358,-0.0001511639776
0.7982019897,0,0.7953748538,0,0.09537751029,0,0.9954411738,-0.5239848039,-0.0171083901,-0.05345017359,1.174363,-0.1941993453,0.03401689197,-0.2485372465,-0.01156671698,0.00363527921,-1.629699051e-05,0.1292115922,0.0120776377,1.404122933e-09,1.343411401e-08,-0.02182558979,0.2000106619,0.1998411382,0.0001497278544,0.6052691331,0.000232464888,-0.005343167546,-4.423673811e-05,0.2000106694,-0.1998416989,-0.0001487171868,0.6052691394,-0.0002314489138,-0.005343181918,4.370438424e-05
0.7982019897,0,0.7953748538,0,0.0956103381,0,0.9954188381,-0.5276955837,-0.01695895985,-0.05418972602,1.146067356,-0.1969655676,0.03024937412,-0.2472424519,-0.01154823781,0.003612926205,-3.131959461e-05,0.1280484974,0.01204972085,1.86002198e-09,1.654142004e-08,-0.03271440025,0.2005358566,0.1998344733,0.0001489203294,0.6056093306,0.0002644904382,-0.006223727976,-7.690433733e-05,0.2005358716,-0.1998348094,-0.0001483263228,0.6056093049,-0.0002638996674,-0.006223718145,7.658271772e-05
0.7982019897,0,0.7953748538,0,0.09584316086,0,0.9953964479,-0.5402457367,-0.01697029755,-0.05512456812,1.129161358,-0.2022872913,0.02601517906,-0.2505148442,-0.01147029865,0.003630285382,-3.502372953e-05,0.1310005751,0.01198576443,2.604534475e-09,1.688737642e-08,-0.04359008383,0.2021963513,0.2001202678,-5.669024763e-06,0.5998156707,1.502092709e-05,-0.002064788616,-0.0002217958088,0.202196372,-0.2001207423,6.511316551e-06,0.5998156383,-1.417666957e-05,-0.002064777357,0.0002213428668
0.7982019897,0,0.7953748538,0,0.09607597853,0,0.9953740033,-0.5441098736,-0.01655936245,-0.05571534662,1.100352148,-0.2043984936,0.02224771901,-0.2503256352,-0.01143601872,0.003617102466,-4.327543803e-05,0.1308328352,0.0119477461,2.649178267e-09,1.623903687e-08,-0.0544562715,0.2030911106,0.2001768374,-7.279031841e-05,0.5981451468,-3.056741405e-05,-0.001285711605,-0.0002558626439,0.2030911282,-0.200177435,7.385612579e-05,0.5981451288,3.163964905e-05,-0.001285711624,0.0002552937598
0.7982019897,0,0.7953748538,0,0.09630879107,0,0.9953515041,-0.5469593716,-0.01598632838,-0.05620102148,1.069649678,-0.2056359267,0.01852694997,-0.2502268969,-0.01140167753,0.003605102095,-4.655204202e-05,0.1307440775,0.01191024021,2.459277973e-09,1.42891656e-08,-0.06531462625,0.2040226113,0.2002376,-0.0001531615264,0.5961282934,-8.690295362e-05,-0.0001919548043,-0.0002822271084,0.2040226217,-0.2002384371,0.0001546623949,0.5961283065,8.841970266e-05,-0.0001919787874,0.0002814330796
0.7982019897,0,0.7953748538,0,0.09654159845,0,0.9953289505,-0.5486823636,-0.01525150693,-0.05657647682,1.036887525,-0.2059450628,0.01485298562,-0.2502076574,-0.01136702055,0.003594007237,-4.486818116e-05,0.1307240686,0.01187289185,2.062715979e-09,1.139287323e-08,-0.07616735519,0.2049420631,0.2002996888,-0.0002411508539,0.5939146219,-0.0001502008761,0.001114763769,-0.0003011181085,0.204942067,-0.2003006227,0.0002428272336,0.593914657,0.0001518993567,0.001114724154,0.0003002336109
0.7982019897,0,0.7953748538,0,0.09677440062,0,0.9953063425,-0.5491454338,-0.0143543635,-0.05683612107,1.001599156,-0.2052414475,0.01122577026,-0.2502572475,-0.0113317955,0.003583551693,-3.884855608e-05,0.1307635492,0.01183534725,1.491691841e-09,7.845494054e-09,-0.08701646972,0.2058041032,0.2003598353,-0.0003306609954,0.5916458604,-0.0002159703762,0.002536991238,-0.0003131928251,0.2058040963,-0.200361069,0.000332879681,0.5916459392,0.0002182251334,0.002536918453,0.0003120265131
0.7982019897,0,0.7953748538,0,0.09700719754,0,0.99528368,-0.5481970638,-0.01329414521,-0.05697400538,0.9631128813,-0.2034117509,0.007644824884,-0.2503651954,-0.011295747,0.003573479904,-2.950842653e-05,0.1308538871,0.01179724969,7.909700288e-10,3.97622713e-09,-0.09786376336,0.2065673968,0.2004160498,-0.0004181754167,0.5894542212,-0.0002820908874,0.003982705997,-0.0003179484714,0.2065673919,-0.2004167649,0.0004194587782,0.5894542693,0.0002833965131,0.003982662246,0.0003172725753
0.7982019897,0,0.7953748538,0,0.09723998919,0,0.995260963,-0.5457065935,-0.0120734143,-0.05698410721,0.9220427921,-0.2003891793,0.004109179742,-0.2505211378,-0.0112586127,0.00356354677,-1.807166393e-05,0.1309867883,0.0117582366,-2.293285433e-16,-8.856978945e-16,-0.1087108149,0.2071948695,0.2004636402,-0.0004955466803,0.5874613854,-0.0003414656311,0.005366135085,-0.0003174795646,0.2071948511,-0.2004647758,0.0004975886505,0.5874614903,0.0003435491197,0.005366047603,0.0003164081212
0.7982019897,0,0.7953748538,0,0.09747277551,0,0.9952381916,-0.5414733487,-0.01069090151,-0.05685947989,0.87803026,-0.1960131308,0.0006176420836,-0.2507147476,-0.01122012045,0.003553517423,-5.818742045e-06,0.1311540573,0.01171793768,-8.285687009e-10,-3.812718904e-09,-0.1195590091,0.2076534262,0.2005014834,-0.0005612606969,0.5857793951,-0.0003935298859,0.006607165755,-0.0003105664547,0.2076534038,-0.2005024734,0.0005630427513,0.5857795037,0.0003953521588,0.006607078586,0.0003096334269
0.7982019897,0,0.7953748538,0,0.09770555648,0,0.9952153658,-0.5352499069,-0.009144053657,-0.05659230791,0.8306381563,-0.1900670914,-0.0028314727,-0.2509356752,-0.0111799868,0.003543166815,6.03508038e-06,0.1313474046,0.01167597411,-1.64312374e-09,-7.25164719e-09,-0.1304095681,0.2079136184,0.2005268513,-0.0006110436347,0.5845111585,-0.0004347156695,0.007631196969,-0.0002975636808,0.207913591,-0.2005278055,0.0006127634652,0.5845112794,0.0004364779086,0.007631102686,0.0002966655508
0.7982019897,0,0.7953748538,0,0.09793833205,0,0.9951924855,-0.5267200384,-0.007428144931,-0.05617352516,0.7793092567,-0.1822537185,-0.006240396223,-0.2511735024,-0.0111379167,0.003532279004,1.643403072e-05,0.1315582973,0.01163195891,-2.392128499e-09,-1.014692028e-08,-0.1412635878,0.2079490511,0.2005372503,-0.0006411175213,0.5837520457,-0.0004618158214,0.008368149251,-0.0002786742179,0.2079490272,-0.2005376911,0.0006419204921,0.5837521325,0.0004626439283,0.008368086098,0.000278261617
0.7982019897,0,0.7953748538,0,0.09817110218,0,0.9951695507,-0.5108748123,-0.005264985521,-0.05563197093,0.7125312571,-0.1598034536,-0.009630895643,-0.2519611099,-0.0112509755,0.003579329627,0.005933523478,0.1266097223,0.01175076715,-2.553702744e-09,-1.274314572e-08,-0.1521234213,0.2081820639,0.2007330964,-0.0007168900388,0.5799055733,-0.0006597506099,0.01201739886,-0.0003383295256,0.2081820418,-0.2007335706,0.0007177523926,0.5799056596,0.0006606434429,0.01201733491,0.0003378855501
0.7982019897,0,0.7953748538,0,0.09840386684,0,0.9951465616,-0.4957366743,-0.00311554837,-0.05489406067,0.6466323149,-0.1457134173,-0.01301512128,-0.2586826727,-0.01116969526,0.003635657212,0.01856363333,0.1206408177,0.01169073091,-2.951810646e-09,-1.408988507e-08,-0.1629875453,0.2077208538,0.2007273947,-0.0007022756399,0.5800526745,-0.0006688654847,0.01233926061,-0.0003170877212,0.2077208313,-0.2007277708,0.0007029652079,0.5800527577,0.0006695826697,0.01233920045,0.0003167366722
0.7982019897,0,0.7953748538,0,0.098636626,0,0.995123518,-0.4797146995,-0.0009504535655,-0.05392940429,0.5836797537,-0.1319834268,-0.01633750779,-0.2784185958,-0.01102192585,0.003829386695,0.05889071659,0.1000339795,0.01161160985,-3.112418156e-09,-1.425963068e-08,-0.1738580609,0.2069255,0.2006815438,-0.0006512181269,0.5813015357,-0.000637810212,0.01188541312,-0.0002830826376,0.2069254787,-0.2006818226,0.0006517350752,0.5813016111,0.0006383507181,0.0118853597,0.0002828235932
0.7982019897,0,0.7953748538,0,0.0988693796,0,0.9951004199,-0.4558547991,0.001597344312,-0.05274819048,0.5026725282,-0.1110624981,-0.01963148772,-0.3075027,-0.01081450328,0.004112344632,0.1192096016,0.06886835541,0.01151090113,-2.975843013e-09,-1.310992908e-08,-0.1847358644,0.205776264,0.2005905513,-0.0005598361279,0.5837839609,-0.0005609562287,0.01054237521,-0.0002352646648,0.2057762456,-0.2005907338,0.0005601805715,0.5837840238,0.0005613190462,0.01054233157,0.0002350962439
0.7982019897,0,0.7953748538,0,0.09910212762,0,0.9950772675,-0.4260302005,0.004371722132,-0.05129203594,0.4114637554,-0.0850718181,-0.02288382352,-0.3304294557,-0.01061759915,0.004316340281,0.1667195882,0.04437351437,0.01139907043,-2.471140967e-09,-1.047876591e-08,-0.1956217683,0.2042542052,0.2004496645,-0.0004241099844,0.5876315636,-0.0004327912436,0.008195965751,-0.0001726480722,0.2042541913,-0.2004497523,0.0004242819975,0.5876316088,0.0004329754068,0.008195935246,0.0001725683483
0.7982019897,0,0.7953748538,0,0.09933487001,0,0.9950540606,-0.3907509759,0.007423440095,-0.04959239704,0.3028619242,-0.0444204971,-0.02623059611,-0.3412542876,-0.01061775204,0.00444866701,0.189814774,0.03216968457,0.01144518061,-7.131406827e-12,-1.872788726e-11,-0.206550506,0.2018824913,0.2005383213,-0.0002090733306,0.5901419301,-0.0004785808807,0.007981453454,-0.0002496018009,0.2018824912,-0.2005383212,0.0002090733186,0.5901419304,0.0004785808889,0.007981453248,0.0002496018264
0.7982019897,0,0.7953748538,0,0.09956760673,0,0.9950307994,-0.2767335324,0.01394199472,-0.04658524208,0.04389208463,0.0622831581,-0.02947667178,-0.34647951,-0.01033322543,0.004392678969,0.1995619543,0.02764847823,0.0111601124,0,0,-0.2174216298,0.2,0.2,0,0.6,0,0,0,0.2,-0.2,0,0.6,0,0,0
0.7982019897,0,0.7953748538,0,0.09956760673,0,0.9950307994,-0.279046132,0.01370488256,-0.04658005179,0.03837667566,0.07034335882,-0.02933310352,-0.3463014802,-0.009965029313,0.004234748366,0.1995739433,0.02746040934,0.01076232762,1.648117852e-09,6.490446905e-09,-0.2174570014,0.1995001083,0.2002955493,3.061658111e-05,0.5970345064,-0.000241603634,0.003420324504,-0.0001627648487,0.199500116,-0.2002955545,-3.061614506e-05,0.5970344839,0.0002415987927,0.003420338794,0.000162758085
0.7982019897,0,0.7953748538,0,0.09956760673,0,0.9950307994,-0.2597586198,0.0143432998,-0.0462381146,-0.0003578196902,0.08981778196,-0.02907317871,-0.3463434064,-0.009414985126,0.004003540303,0.1995841829,0.0274898723,0.01017290931,-2.887976137e-09,-1.141479499e-08,-0.2173587283,0.2017376414,0.2002985024,-0.0002626873888,0.5916221187,-0.0003304314452,0.00672210474,-5.891205027e-05,0.2017376281,-0.2002984934,0.0002626866313,0.5916221581,0.0003304400031,0.006722079565,5.892388527e-05
0.7982019897,0,0.7953748538,0,0.09956760673,0,0.9950307994,-0.2609712707,0.01404906604,-0.0461908456,-0.0005222315524,0.09129767464,-0.02882595196,-0.3463072016,-0.008936561141,0.003801148902,0.1996129139,0.02742517861,0.009658144986,-3.832667557e-09,-1.516743708e-08,-0.2173377259,0.20230852,0.2003989796,-0.0003492448907,0.5888360074,-0.0004413202443,0.008964217109,-7.915503532e-05,0.2023085022,-0.2003989831,0.0003492718033,0.5888360611,0.0004413601672,0.008964182442,7.915611054e-05
0.7982019897,0,0.7953748538,0,0.09956760673,0,0.9950307994,-0.2618379463,0.0137605621,-0.04613527052,-0.0006364116764,0.0923545066,-0.02856868482,-0.3462892204,-0.008446759896,0.00359407861,0.1996507813,0.02736977304,0.009130880768,-4.500710813e-09,-1.782854478e-08,-0.2173227449,0.2027129277,0.2004709204,-0.0004107001229,0.5868521463,-0.0005206415767,0.01056270132,-9.373403408e-05,0.202712907,-0.2004709063,0.0004106989452,0.5868522077,0.0005206549817,0.01056266196,9.375246513e-05
0.7982019897,0,0.7953748538,0,0.09956760673,0,0.9950307994,-0.2623909476,0.01347708607,-0.0460724419,-0.0007154564686,0.09303917096,-0.02830230232,-0.3462871732,-0.007946696119,0.003382744473,0.1996957614,0.02732335285,0.008592324299,-4.926242244e-09,-1.952600761e-08,-0.2173131401,0.2029709934,0.2005171424,-0.000449944196,0.5855817391,-0.0005715603541,0.01158718097,-0.0001031589396,0.2029709708,-0.2005171271,0.0004499429074,0.5855818064,0.0005715750467,0.01158713786,0.0001031791098
0.7982019897,0,0.7953748538,0,0.09956760673,0,0.9950307994,-0.262670343,0.01319760227,-0.04600344049,-0.0007539081735,0.0933892897,-0.02802768294,-0.346298768,-0.007437481413,0.0031675709,0.199745827,0.02728561711,0.008043683955,-5.139894365e-09,-2.037912076e-08,-0.2173082997,0.2031006895,0.2005404679,-0.0004696803552,0.5849419603,-0.000597244786,0.01210336203,-0.0001079288513,0.203100666,-0.2005404518,0.0004696790109,0.5849420304,0.0005972601265,0.01210331702,0.0001079498944
0.7982019897,0,0.7953748538,0,0.09956760673,0,0.9950307994,-0.2627084944,0.01292148896,-0.04592918314,-0.0007597089468,0.0934478465,-0.02774571066,-0.3463217278,-0.0069202245,0.002948990713,0.199798985,0.02725624705,0.007486168695,-5.169155488e-09,-2.049600506e-08,-0.2173076358,0.203118459,0.2005436686,-0.0004723850827,0.5848542367,-0.0006007687017,0.01217415156,-0.0001085841007,0.2031184353,-0.2005436525,0.0004723837307,0.5848543072,0.000600784131,0.0121741063,0.0001086052634
0.7982019897,0,0.7953748538,0,0.09956760673,0,0.9950307994,-0.2625384306,0.01264812665,-0.04585054164,-0.0007373220072,0.09325477676,-0.02745726436,-0.3463538062,-0.006396031451,0.002727444235,0.1998533094,0.02723488878,0.006920987941,-5.039453904e-09,-1.997799066e-08,-0.2173105767,0.2030397071,0.2005294924,-0.0004603993985,0.5852428902,-0.0005851602319,0.01186054733,-0.000105683297,0.203039684,-0.2005294767,0.0004603980804,0.585242959,0.0005851752677,0.01186050321,0.0001057039298
0.7982019897,0,0.7953748538,0,0.09956760673,0,0.9950307994,-0.2621926285,0.01237695551,-0.04576833425,-0.000691100285,0.09284920752,-0.02716323169,-0.3463928012,-0.005866005927,0.002503378433,0.1999069696,0.0272211384,0.006349351466,-4.774936756e-09,-1.892218838e-08,-0.2173165607,0.2028791957,0.2005006716,-0.0004359805344,0.5860340383,-0.0005534193005,0.01122236228,-9.979627528e-05,0.2028791738,-0.2005006567,0.0004359792852,0.5860341035,0.0005534335348,0.0112223205,9.981582713e-05
0.7982019897,0,0.7953748538,0,0.09956760673,0,0.9950307994,-0.2617053297,0.01210736269,-0.04568335927,-0.0006210175199,0.09226757666,-0.02686451287,-0.3464365664,-0.005331249414,0.002277246122,0.1999582542,0.02721452946,0.005772469311,-4.399120326e-09,-1.742362303e-08,-0.217325031,0.2026513654,0.2004599313,-0.0004013434417,0.5871546933,-0.0005085314633,0.01031882017,-9.149871492e-05,0.2026513452,-0.2004599176,0.0004013422905,0.5871547534,0.0005085445615,0.01031878171,9.151673071e-05
0.7982019897,0,0.7953748538,0,0.09956760673,0,0.9950307994,-0.2630345168,0.01174622994,-0.04561786399,0.003560394059,0.08938127337,-0.02655712729,-0.3464830197,-0.004792861442,0.002049505242,0.2000055904,0.02721452277,0.005191551714,-3.935426598e-09,-1.557699289e-08,-0.2173354317,0.2023705995,0.2004099949,-0.0003586947919,0.5885320213,-0.0004534792136,0.009209045752,-8.13677702e-05,0.2023705814,-0.2004099826,0.0003586937607,0.588532075,0.0004534909131,0.009209011377,8.138389058e-05
0.7982019897,0,0.7953748538,0,0.09956760673,0,0.9950307994,-0.2604223707,0.01157162362,-0.04550789469,-0.0004534381258,0.09074533465,-0.0262568053,-0.3465301513,-0.004251939801,0.001820618224,0.2000475591,0.02722049855,0.004607809067,-3.407621141e-09,-1.347814454e-08,-0.2173472047,0.2020514396,0.2003535897,-0.0003102612152,0.5900927399,-0.0003912516533,0.007952462272,-6.997820589e-05,0.202051424,-0.2003535783,0.0003102589339,0.5900927864,0.0003912603492,0.007952432597,6.999289335e-05
0.7982019897,0,0.7953748538,0,0.09956760673,0,0.9950307994,-0.2596958056,0.01130438202,-0.04541885745,-0.0003557765901,0.08987822333,-0.02594976918,-0.346576028,-0.003709580736,0.001591051436,0.2000829056,0.0272317508,0.00402245188,-2.840108964e-09,-1.122488399e-08,-0.2173597866,0.2017087554,0.2002934498,-0.0002583103681,0.5917626477,-0.0003248507547,0.006609101253,-5.789993786e-05,0.2017087423,-0.200293441,0.0002583096229,0.5917626864,0.0003248591694,0.006609076498,5.791157701e-05
0.7982019897,0,0.7953748538,0,0.09956760673,0,0.9950307994,-0.2800192216,0.01015459545,-0.04557391705,0.03630988705,0.0736235119,-0.02571000743,-0.346400905,-0.00328421846,0.001409211575,0.1999497422,0.02719248945,0.003560203677,2.3009734e-09,9.061454947e-09,-0.2174710129,0.1993020903,0.2004126229,4.274447889e-05,0.5958598094,-0.0003373081206,0.004775189889,-0.0002272395671,0.199302101,-0.2004126301,-4.274387011e-05,0.5958597781,0.0003373013616,0.00477520984,0.0002272301242
0.7982019897,0,0.7953748538,0,0.09956760673,0,0.9950307994,-0.2792029198,0.009861388,-0.04546983151,0.03830158765,0.07074868092,-0.02537209159,-0.3464791143,-0.002712234574,0.001167463981,0.1999768792,0.02724323488,0.002943649508,1.712033784e-09,6.742153992e-09,-0.2174583732,0.199480722,0.2003070111,3.180392774e-05,0.5969195011,-0.0002509733041,0.003552968668,-0.0001690770589,0.1994807299,-0.2003070164,-3.180347478e-05,0.5969194777,0.000250968275,0.003552983512,0.0001690700329
0.7982019897,0,0.7953748538,0,0.09956760673,0,0.9950307994,-0.2768214835,0.009530715983,-0.04531959268,0.04407343556,0.06237852902,-0.02492812812,-0.3466689933,-0.002038360464,0.0008824544265,0.1999725391,0.02743387958,0.002217184046,0,0,-0.2174216298,0.2,0.2,0,0.6,0,0,0,0.2,-0.2,0,0.6,0,0,0
0.7982019897,0,0.7953748538,0,0.09956760673,0,0.9950307994,-0.2768269805,0.009255011062,-0.04524048959,0.04408476999,0.0623844897,-0.02464384415,-0.346680836,-0.001519931404,0.0006630653926,0.1999982006,0.02742046717,0.001658251024,0,0,-0.2174216298,0.2,0.2,0,0.6,0,0,0,0.2,-0.2,0,0.6,0,0,0
0.7982019897,0,0.7953748538,0,0.09956760673,0,0.9950307994,-0.2768324774,0.008979306141,-0.04516138651,0.04409610442,0.06239045038,-0.02435956017,-0.3466926787,-0.001001502344,0.0004436763587,0.2000238622,0.02740705475,0.001099318002,0,0,-0.2174216298,0.2,0.2,0,0.6,0,0,0,0.2,-0.2,0,0.6,0,0,0
0.7982019897,0,0.7953748538,0,0.09956760673,0,0.9950307994,-0.2768379743,0.008703601219,-0.04508228342,0.04410743885,0.06239641106,-0.02407527619,-0.3467045214,-0.0004830732835,0.0002242873248,0.2000495237,0.02739364234,0.00054038498,0,0,-0.2174216298,0.2,0.2,0,0.6,0,0,0,0.2,-0.2,0,0.6,0,0,0
0.7982019897,0,0.7953748538,0,0.09956760673,0,0.9950307994,-0.2768434713,0.008427896298,-0.04500318033,0.04411877329,0.06240237175,-0.02379099221,-0.3467163641,3.535577682e-05,4.898290878e-06,0.2000751853,0.02738022992,-1.854804186e-05,0,0,-0.2174216298,0.2,0.2,0,0.6,0,0,0,0.2,-0.2,0,0.6,0,0,0
0.7982019897,0,0.7953748538,0,0.09956760673,0,0.9950307994,-0.2768434713,0.008427896298,-0.04500318033,0.04411877329,0.06240237175,-0.02379099221,-0.3467163641,3.535577682e-05,4.898290878e-06,0.2000751853,0.02738022992,-1.854804186e-05,0,0,-0.2174216298,0.2,0.2,0,0.6,0,0,0,0.2,-0.2,0,0.6,0,0,0
0.7982019897,0,0.7953748538,0,0.09956760673,0,0.9950307994,-0.2768434713,0.008427896298,-0.04500318033,0.04411877329,0.06240237175,-0.02379099221,-0.3467163641,3.535577682e-05,4.898290878e-06,0.2000751853,0.02738022992,-1.854804186e-05,0,0,-0.2174216298,0.2,0.2,0,0.6,0,0,0,0.2,-0.2,0,0.6,0,0,0
0.7982019897,0,0.7953748538,0,0.09956760673,0,0.9950307994,-0.2768434713,0.008427896298,-0.04500318033,0.04411877329,0.06240237175,-0.02379099221,-0.3467163641,3.535577682e-05,4.898290878e-06,0.2000751853,0.02738022992,-1.854804186e-05,0,0,-0.2174216298,0.2,0.2,0,0.6,0,0,0,0.2,-0.2,0,0.6,0,0,0
0.7982019897,0,0.7953748538,0,0.09956760673,0,0.9950307994,-0.2768434713,0.008427896298,-0.04500318033,0.04411877329,0.06240237175,-0.02379099221,-0.3467163641,3.535577682e-05,4.898290878e-06,0.2000751853,0.02738022992,-1.854804186e-05,0,0,-0.2174216298,0.2,0.2,0,0.6,0,0,0,0.2,-0.2,0,0.6,0,0,0
0.7982019897,0,0.7953748538,0,0.09956760673,0,0.9950307994,-0.2768434713,0.008427896298,-0.04500318033,0.04411877329,0.06240237175,-0.02379099221,-0.3467163641,3.535577682e-05,4.898290878e-06,0.2000751853,0.02738022992,-1.854804186e-05,0,0,-0.2174216298,0.2,0.2,0,0.6,0,0,0,0.2,-0.2,0,0.6,0,0,0
0.7982019897,0,0.7953748538,0,0.09956760673,0,0.9950307994,-0.2768434713,0.008427896298,-0.04500318033,0.04411877329,0.06240237175,-0.02379099221,-0.3467163641,3.535577682e-05,4.898290878e-06,0.2000751853,0.02738022992,-1.854804186e-05,0,0,-0.2174216298,0.2,0.2,0,0.6,0,0,0,0.2,-0.2,0,0.6,0,0,0
0.7982019897,0,0.7953748538,0,0.09956760673,0,0.9950307994,-0.2768434713,0.008427896298,-0.04500318033,0.04411877329,0.06240237175,-0.02379099221,-0.3467163641,3.535577682e-05,4.898290878e-06,0.2000751853,0.02738022992,-1.854804186e-05,0,0,-0.2174216298,0.2,0.2,0,0.6,0,0,0,0.2,-0.2,0,0.6,0,0,0
0.7982019897,0,0.7953748538,0,0.09956760673,0,0.9950307994,-0.2768434713,0.008427896298,-0.04500318033,0.04411877329,0.06240237175,-0.02379099221,-0.3467163641,3.535577682e-05,4.898290878e-06,0.2000751853,0.02738022992,-1.854804186e-05,0,0,-0.2174216298,0.2,0.2,0,0.6,0,0,0,0.2,-0.2,0,0.6,0,0,0
0.7982019897,0,0.7953748538,0,0.09956760673,0,0.9950307994,-0.2768434713,0.008427896298,-0.04500318033,0.04411877329,0.06240237175,-0.02379099221,-0.3467163641,3.535577682e-05,4.898290878e-06,0.2000751853,0.02738022992,-1.854804186e-05,0,0,-0.2174216298,0.2,0.2,0,0.6,0,0,0,0.2,-0.2,0,0.6,0,0,0
0.7982019897,0,0.7953748538,0,0.09956760673,0,0.9950307994,-0.2768434713,0.008427896298,-0.04500318033,0.04411877329,0.06240237175,-0.02379099221,-0.3467163641,3.535577682e-05,4.898290878e-06,0.2000751853,0.02738022992,-1.854804186e-05,0,0,-0.2174216298,0.2,0.2,0,0.6,0,0,0,0.2,-0.2,0,0.6,0,0,0
0.7982019897,0,0.7953748538,0,0.09956760673,0,0.9950307994,-0.2768434713,0.008427896298,-0.04500318033,0.04411877329,0.06240237175,-0.02379099221,-0.3467163641,3.535577682e-05,4.898290878e-06,0.2000751853,0.02738022992,-1.854804186e-05,0,0,-0.2174216298,0.2,0.2,0,0.6,0,0,0,0.2,-0.2,0,0.6,0,0,0
0.7982019897,0,0.7953748538,0,0.09956760673,0,0.9950307994,-0.2768434713,0.008427896298,-0.04500318033,0.04411877329,0.06240237175,-0.02379099221,-0.3467163641,3.535577682e-05,4.898290878e-06,0.2000751853,0.02738022992,-1.854804186e-05,0,0,-0.2174216298,0.2,0.2,0,0.6,0,0,0,0.2,-0.2,0,0.6,0,0,0
0.7982019897,0,0.7953748538,0,0.09956760673,0,0.9950307994,-0.2768434713,0.008427896298,-0.04500318033,0.04411877329,0.06240237175,-0.02379099221,-0.3467163641,3.535577682e-05,4.898290878e-06,0.2000751853,0.02738022992,-1.854804186e-05,0,0,-0.2174216298,0.2,0.2,0,0.6,0,0,0,0.2,-0.2,0,0.6,0,0,0
0.7982019897,0,0.7953748538,0,0.09956760673,0,0.9950307994,-0.2768434713,0.008427896298,-0.04500318033,0.04411877329,0.06240237175,-0.02379099221,-0.3467163641,3.535577682e-05,4.898290878e-06,0.2000751853,0.02738022992,-1.854804186e-05,0,0,-0.2174216298,0.2,0.2,0,0.6,0,0,0,0.2,-0.2,0,0.6,0,0,0
0.7982019897,0,0.7953748538,0,0.09956760673,0,0.9950307994,-0.2768434713,0.008427896298,-0.04500318033,0.04411877329,0.06240237175,-0.02379099221,-0.3467163641,3.535577682e-05,4.898290878e-06,0.2000751853,0.02738022992,-1.854804186e-05,0,0,-0.2174216298,0.2,0.2,0,0.6,0,0,0,0.2,-0.2,0,0.6,0,0,0
0.7982019897,0,0.7953748538,0,0.09956760673,0,0.9950307994,-0.2768434713,0.008427896298,-0.04500318033,0.04411877329,0.06240237175,-0.02379099221,-0.3467163641,3.535577682e-05,4.898290878e-06,0.2000751853,0.02738022992,-1.854804186e-05,0,0,-0.2174216298,0.2,0.2,0,0.6,0,0,0,0.2,-0.2,0,0.6,0,0,0
0.7982019897,0,0.7953748538,0,0.09956760673,0,0.9950307994,-0.2768434713,0.008427896298,-0.04500318033,0.04411877329,0.06240237175,-0.02379099221,-0.3467163641,3.535577682e-05,4.898290878e-06,0.2000751853,0.02738022992,-1.854804186e-05,0,0,-0.2174216298,0.2,0.2,0,0.6,0,0,0,0.2,-0.2,0,0.6,0,0,0
0.7982019897,0,0.7953748538,0,0.09956760673,0,0.9950307994,-0.2768434713,0.008427896298,-0.04500318033,0.04411877329,0.06240237175,-0.02379099221,-0.3467163641,3.535577682e-05,4.898290878e-06,0.2000751853,0.02738022992,-1.854804186e-05,0,0,-0.2174216298,0.2,0.2,0,0.6,0,0,0,0.2,-0.2,0,0.6,0,0,0
0.7982019897,0,0.7953748538,0,0.09956760673,0,0.9950307994,-0.2768434713,0.008427896298,-0.04500318033,0.04411877329,0.06240237175,-0.02379099221,-0.3467163641,3.535577682e-05,4.898290878e-06,0.2000751853,0.02738022992,-1.854804186e-05,0,0,-0.2174216298,0.2,0.2,0,0.6,0,0,0,0.2,-0.2,0,0.6,0,0,0
0.7982019897,0,0.7953748538,0,0.09956760673,0,0.9950307994,-0.2768434713,0.008427896298,-0.04500318033,0.04411877329,0.06240237175,-0.02379099221,-0.3467163641,3.535577682e-05,4.898290878e-06,0.2000751853,0.02738022992,-1.854804186e-05,0,0,-0.2174216298,0.2,0.2,0,0.6,0,0,0,0.2,-0.2,0,0.6,0,0,0
0.7982019897,0,0.7953748538,0,0.09956760673,0,0.9950307994,-0.2768434713,0.008427896298,-0.04500318033,0.04411877329,0.06240237175,-0.02379099221,-0.3467163641,3.535577682e-05,4.898290878e-06,0.2000751853,0.02738022992,-1.854804186e-05,0,0,-0.2174216298,0.2,0.2,0,0.6,0,0,0,0.2,-0.2,0,0.6,0,0,0
0.7982019897,0,0.7953748538,0,0.09956760673,0,0.9950307994,-0.2768434713,0.008427896298,-0.04500318033,0.04411877329,0.06240237175,-0.02379099221,-0.3467163641,3.535577682e-05,4.898290878e-06,0.2000751853,0.02738022992,-1.854804186e-05,0,0,-0.2174216298,0.2,0.2,0,0.6,0,0,0,0.2,-0.2,0,0.6,0,0,0
0.7982019897,0,0.7953748538,0,0.09956760673,0,0.9950307994,-0.2768434713,0.008427896298,-0.04500318033,0.04411877329,0.06240237175,-0.02379099221,-0.3467163641,3.535577682e-05,4.898290878e-06,0.2000751853,0.02738022992,-1.854804186e-05,0,0,-0.2174216298,0.2,0.2,0,0.6,0,0,0,0.2,-0.2,0,0.6,0,0,0
0.7982019897,0,0.7953748538,0,0.09956760673,0,0.9950307994,-0.2768434713,0.008427896298,-0.04500318033,0.04411877329,0.06240237175,-0.02379099221,-0.3467163641,3.535577682e-05,4.898290878e-06,0.2000751853,0.02738022992,-1.854804186e-05,0,0,-0.2174216298,0.2,0.2,0,0.6,0,0,0,0.2,-0.2,0,0.6,0,0,0
0.7982019897,0,0.7953748538,0,0.09956760673,0,0.9950307994,-0.2768434713,0.008427896298,-0.04500318033,0.04411877329,0.06240237175,-0.02379099221,-0.3467163641,3.535577682e-05,4.898290878e-06,0.2000751853,0.02738022992,-1.854804186e-05,0,0,-0.2174216298,0.2,0.2,0,0.6,0,0,0,0.2,-0.2,0,0.6,0,0,0
0.7982019897,0,0.7953748538,0,0.09956760673,0,0.9950307994,-0.2768434713,0.008427896298,-0.04500318033,0.04411877329,0.06240237175,-0.02379099221,-0.3467163641,3.535577682e-05,4.898290878e-06,0.2000751853,0.02738022992,-1.854804186e-05,0,0,-0.2174216298,0.2,0.2,0,0.6,0,0,0,0.2,-0.2,0,0.6,0,0,0
0.7982019897,0,0.7953748538,0,0.09956760673,0,0.9950307994,-0.2768434713,0.008427896298,-0.04500318033,0.04411877329,0.06240237175,-0.02379099221,-0.3467163641,3.535577682e-05,4.898290878e-06,0.2000751853,0.02738022992,-1.854804186e-05,0,0,-0.2174216298,0.2,0.2,0,0.6,0,0,0,0.2,-0.2,0,0.6,0,0,0
0.7982019897,0,0.7953748538,0,0.09956760673,0,0.9950307994,-0.2768434713,0.008427896298,-0.04500318033,0.04411877329,0.06240237175,-0.02379099221,-0.3467163641,3.535577682e-05,4.898290878e-06,0.2000751853,0.02738022992,-1.854804186e-05,0,0,-0.2174216298,0.2,0.2,0,0.6,0,0,0,0.2,-0.2,0,0.6,0,0,0
0.7982019897,0,0.7953748538,0,0.09956760673,0,0.9950307994,-0.2768434713,0.008427896298,-0.04500318033,0.04411877329,0.06240237175,-0.02379099221,-0.3467163641,3.535577682e-05,4.898290878e-06,0.2000751853,0.02738022992,-1.854804186e-05,0,0,-0.2174216298,0.2,0.2,0,0.6,0,0,0,0.2,-0.2,0,0.6,0,0,0
0.7982019897,0,0.7953748538,0,0.09956760673,0,0.9950307994,-0.2768434713,0.008427896298,-0.04500318033,0.04411877329,0.06240237175,-0.02379099221,-0.3467163641,3.535577682e-05,4.898290878e-06,0.2000751853,0.02738022992,-1.854804186e-05,0,0,-0.2174216298,0.2,0.2,0,0.6,0,0,0,0.2,-0.2,0,0.6,0,0,0
