step,sim_time_s,motion_frame,reference_joint_pos,actual_joint_pos,reference_joint_vel,actual_joint_vel,policy_action,anchor_position_error,anchor_rotation_error,body_position_error,body_rotation_error,total_reward,total_reward_rate,terminated,truncated,done,reward/motion_global_root_pos,reward/motion_global_root_ori,reward/motion_body_pos,reward/motion_body_ori,reward/motion_body_lin_vel,reward/motion_body_ang_vel,reward/action_rate_l2,reward/joint_limit,reward/self_collisions,termination/time_out,termination/anchor_pos,termination/anchor_ori,termination/ee_body_pos
0,0.0,0,"[0.004119249992072582,0.39732950925827026,1.1612534523010254,0.4994145333766937,0.16359733045101166,-0.008070753887295723,0.017645500600337982,-0.5856599807739258,-1.1831929683685303,0.5650454163551331,0.2683545649051666,0.0751258134841919,-0.026179999113082886,-0.09481688588857651,0.07016008347272873,-1.951678991317749,1.6121900081634521,-0.3727147579193115,-0.16724035143852234,0.0037552628200501204,0.26569774746894836,0.14497648179531097,-2.0726306438446045,-1.5545943975448608,0.4975047707557678,-0.2595701515674591,-0.13091152906417847,0.41578391194343567,-0.09276355057954788]","[-0.06522805988788605,0.37838461995124817,1.0220131874084473,0.4805547595024109,0.11515796929597855,-0.02031257189810276,-0.06297707557678223,-0.537308931350708,-1.0349674224853516,0.5305230617523193,0.20819821953773499,0.07289600372314453,-0.028166595846414566,-0.0874185785651207,0.003259742632508278,-1.7748653888702393,1.5147819519042969,-0.22114023566246033,-0.08754873275756836,0.01706673763692379,0.1743391454219818,0.12266477197408676,-1.8110389709472656,-1.4496742486953735,0.2784586250782013,-0.18781322240829468,-0.1367252916097641,0.28392213582992554,-0.08757386356592178]","[0.0,0.0,0.0,0.0,0.0,0.0,0.0,0.0,0.0,0.0,0.0,0.0,0.0,0.0,0.0,0.0,0.0,0.0,0.0,0.0,0.0,0.0,0.0,0.0,0.0,0.0,0.0,0.0,0.0]","[-3.8014883995056152,-1.326211929321289,-8.590082168579102,-1.257586121559143,-2.872769355773926,-0.60575270652771,-4.4670729637146,3.1427085399627686,9.054978370666504,-2.140744924545288,-3.501737594604492,-0.11551620066165924,-0.05577888339757919,0.4312918186187744,-3.9965977668762207,10.380136489868164,-6.864137649536133,8.243210792541504,5.552116394042969,0.729290783405304,-5.1172966957092285,-1.1813358068466187,15.519050598144531,7.301631450653076,-11.860376358032227,4.61378812789917,-0.24230635166168213,-6.7195210456848145,0.23324432969093323]","[-0.48850566148757935,0.6098398566246033,0.8925642967224121,0.2362380474805832,0.18993845582008362,-0.183371439576149,-0.6347067356109619,-0.7005519866943359,-1.039994716644287,0.31170254945755005,0.3899295926094055,0.10350873321294785,-0.15083298087120056,0.09727761149406433,0.9366114139556885,-1.080910086631775,0.6307690739631653,-0.3894232213497162,-0.7015967965126038,0.07050702720880508,0.016885187476873398,-0.0899117961525917,-0.7747494578361511,-0.8195115923881531,0.5493343472480774,-0.6484010815620422,-0.22105169296264648,-0.02701486647129059,-0.003797188401222229]",0.004005574155598879,0.040362413972616196,0.02575472928583622,0.13117417693138123,-0.01664329320192337,-0.8321646600961685,0,0,0,0.49996012449264526,0.4977518618106842,0.9909210801124573,0.9323034286499023,0.7159770727157593,0.0031280487310141325,-4.472206115722656,-0.0,-0.0,0.0,0.0,0.0,0.0
1,0.02,1,"[0.004119249992072582,0.39732950925827026,1.1612534523010254,0.4994145333766937,0.16359733045101166,-0.008070753887295723,0.017645500600337982,-0.5856599807739258,-1.1831929683685303,0.5650454163551331,0.2683545649051666,0.0751258134841919,-0.026179999113082886,-0.09481688588857651,0.07016008347272873,-1.951678991317749,1.6121900081634521,-0.3727147579193115,-0.16724035143852234,0.0037552628200501204,0.26569774746894836,0.14497648179531097,-2.0726306438446045,-1.5545943975448608,0.4975047707557678,-0.2595701515674591,-0.13091152906417847,0.41578391194343567,-0.09276355057954788]","[-0.10455350577831268,0.36314353346824646,0.9587300419807434,0.46351855993270874,0.08003834635019302,-0.03119669109582901,-0.1131277084350586,-0.5080569982528687,-0.9722654223442078,0.4952065348625183,0.16492056846618652,0.07280527055263519,-0.024657441303133965,-0.08674141019582748,-0.07240930199623108,-1.641066551208496,1.4193649291992188,-0.13213399052619934,-0.015979062765836716,0.04719378054141998,0.08988667279481888,0.13046883046627045,-1.6247172355651855,-1.3538888692855835,0.14802414178848267,-0.13588449358940125,-0.1822877824306488,0.16887176036834717,-0.1233905777335167]","[0.0,0.0,0.0,0.0,0.0,0.0,0.0,0.0,0.0,0.0,0.0,0.0,0.0,0.0,0.0,0.0,0.0,0.0,0.0,0.0,0.0,0.0,0.0,0.0,0.0,0.0,0.0,0.0,0.0]","[-1.3838982582092285,-0.4338230490684509,-0.9929280877113342,-0.749215841293335,-1.3914090394973755,-0.5423615574836731,-1.921162486076355,0.7803846597671509,0.9957729578018188,-1.6672747135162354,-1.741729736328125,0.021451754495501518,0.08412203937768936,-0.11892655491828918,-3.9240622520446777,4.543314456939697,-2.7613320350646973,2.8433117866516113,1.5356172323226929,1.2710940837860107,-3.282325029373169,0.7110114693641663,6.149699687957764,2.7791903018951416,-3.994896173477173,1.5835176706314087,-2.034895181655884,-4.526372909545898,-1.0322285890579224]","[-0.6668593883514404,0.6936838030815125,1.6116023063659668,0.5065618753433228,0.4351963996887207,-0.1889447718858719,-0.7745450735092163,-1.252874732017517,-1.7671629190444946,0.37115478515625,0.5930469036102295,0.1140570119023323,-0.04386839270591736,0.1407097429037094,1.583484411239624,-1.9324532747268677,1.455603837966919,-0.9889014363288879,-1.3170404434204102,0.38486015796661377,-0.23562899231910706,-0.1968136727809906,-1.7484773397445679,-1.3177179098129272,1.1910202503204346,-1.171550989151001,-0.5870552062988281,-0.21839886903762817,0.48040616512298584]",0.009981322102248669,0.08856072276830673,0.015102283097803593,0.19256407022476196,0.012281447649002075,0.6140723824501038,0,0,0,0.4996062219142914,0.4817925989627838,0.9968580007553101,0.7728018760681152,0.8893778324127197,0.28546127676963806,-3.3118252754211426,-0.0,-0.0,0.0,0.0,0.0,0.0
2,0.04,2,"[0.004119249992072582,0.39732950925827026,1.1612534523010254,0.4994145333766937,0.16359733045101166,-0.008070753887295723,0.017645500600337982,-0.5856599807739258,-1.1831929683685303,0.5650454163551331,0.2683545649051666,0.0751258134841919,-0.026179999113082886,-0.09481688588857651,0.07016008347272873,-1.951678991317749,1.6121900081634521,-0.3727147579193115,-0.16724035143852234,0.0037552628200501204,0.26569774746894836,0.14497648179531097,-2.0726306438446045,-1.5545943975448608,0.4975047707557678,-0.2595701515674591,-0.13091152906417847,0.41578391194343567,-0.09276355057954788]","[-0.1214522048830986,0.3566957116127014,0.9584975242614746,0.4504700303077698,0.0722719132900238,-0.04854476824402809,-0.1374470740556717,-0.5030682682991028,-0.97679603099823,0.4713892936706543,0.14890870451927185,0.07287484407424927,-0.023042507469654083,-0.08833301812410355,-0.1278962790966034,-1.586470603942871,1.3972866535186768,-0.10150432586669922,-0.006273794919252396,0.0705387145280838,0.05180646479129791,0.13775146007537842,-1.5651606321334839,-1.3234564065933228,0.11442180722951889,-0.11858335137367249,-0.2189791202545166,0.1125234067440033,-0.1326455920934677]","[0.0,0.0,0.0,0.0,0.0,0.0,0.0,0.0,0.0,0.0,0.0,0.0,0.0,0.0,0.0,0.0,0.0,0.0,0.0,0.0,0.0,0.0,0.0,0.0,0.0,0.0,0.0,0.0,0.0]","[-0.6311652660369873,-0.3033277094364166,0.22318561375141144,-0.5511708855628967,-0.13933172821998596,-0.8544996976852417,-0.9603936076164246,0.029151901602745056,-0.5417682528495789,-0.8932250142097473,-0.4793906509876251,-0.008854975923895836,0.0963924378156662,-0.0666845515370369,-2.1618921756744385,1.9997409582138062,-0.5410115718841553,1.0320967435836792,0.20682916045188904,1.151647686958313,-1.314272403717041,0.1781076341867447,1.7297275066375732,1.0566799640655518,-0.802134096622467,0.727493166923523,-1.5889272689819336,-2.134714365005493,-0.20780518651008606]","[-0.8091514706611633,0.832158625125885,1.828413724899292,0.3984394669532776,0.6531069278717041,-0.27078619599342346,-0.7876013517379761,-1.5255858898162842,-1.9638924598693848,0.46104466915130615,0.7369577288627625,0.11055170744657516,-0.02445484697818756,0.15618523955345154,1.9923666715621948,-2.3513717651367188,1.8110196590423584,-1.1655499935150146,-1.4900131225585938,0.38402628898620605,-0.18262717127799988,-0.32237014174461365,-2.132622241973877,-1.4242161512374878,1.521484375,-1.468231201171875,-0.6505877375602722,-0.05160197615623474,0.7244367599487305]",0.01376929972320795,0.11938489973545074,0.01689719781279564,0.20759786665439606,0.07764141261577606,3.882070630788803,0,0,0,0.49904119968414307,0.46125170588493347,0.995949923992157,0.7202686071395874,0.9812287092208862,0.86993408203125,-0.6456031203269958,-0.0,-0.0,0.0,0.0,0.0,0.0
3,0.06,3,"[0.004119249992072582,0.39732950925827026,1.1612534523010254,0.4994145333766937,0.16359733045101166,-0.008070753887295723,0.017645500600337982,-0.5856599807739258,-1.1831929683685303,0.5650454163551331,0.2683545649051666,0.0751258134841919,-0.026179999113082886,-0.09481688588857651,0.07016008347272873,-1.951678991317749,1.6121900081634521,-0.3727147579193115,-0.16724035143852234,0.0037552628200501204,0.26569774746894836,0.14497648179531097,-2.0726306438446045,-1.5545943975448608,0.4975047707557678,-0.2595701515674591,-0.13091152906417847,0.41578391194343567,-0.09276355057954788]","[-0.12863923609256744,0.34994083642959595,0.966210663318634,0.4406495690345764,0.08598479628562927,-0.0671982392668724,-0.1516588032245636,-0.5062254667282104,-0.9877151846885681,0.46496105194091797,0.14501294493675232,0.07211915403604507,-0.018772780895233154,-0.09084291756153107,-0.14749829471111298,-1.5689003467559814,1.394693374633789,-0.09199972450733185,-0.004170076921582222,0.09142405539751053,0.03666132688522339,0.13910216093063354,-1.5564327239990234,-1.3146053552627563,0.11249367892742157,-0.10801035910844803,-0.24354781210422516,0.08644106984138489,-0.13425180315971375]","[0.0,0.0,0.0,0.0,0.0,0.0,0.0,0.0,0.0,0.0,0.0,0.0,0.0,0.0,0.0,0.0,0.0,0.0,0.0,0.0,0.0,0.0,0.0,0.0,0.0,0.0,0.0,0.0,0.0]","[-0.2902139723300934,-0.34223803877830505,0.4017272889614105,-0.44092580676078796,0.8269919753074646,-0.8638832569122314,-0.6133667230606079,-0.21797125041484833,-0.5615432262420654,-0.08707381039857864,-0.09007565677165985,-0.048464737832546234,0.21746230125427246,-0.12796324491500854,-0.45960912108421326,0.39755892753601074,0.0454326793551445,0.2560077905654907,0.08345609903335571,0.9783583879470825,-0.522174060344696,0.02588147670030594,-0.10848324745893478,0.19646042585372925,0.1812652200460434,0.4626583158969879,-1.04898202419281,-0.9572062492370605,-0.03363192826509476]","[-0.9113211631774902,0.9666987657546997,1.9224109649658203,0.36068934202194214,0.8244717121124268,-0.31564095616340637,-0.8162622451782227,-1.6660642623901367,-2.023057222366333,0.5609101057052612,0.7827470898628235,0.09062785655260086,-0.05882987380027771,0.10705319046974182,2.272125005722046,-2.6515145301818848,1.9432207345962524,-1.307244062423706,-1.5513474941253662,0.3268233835697174,-0.06925538182258606,-0.40508341789245605,-2.3149356842041016,-1.456200361251831,1.8064377307891846,-1.6677186489105225,-0.6039974689483643,0.05909338593482971,0.8302337527275085]",0.013838923536241055,0.12795719504356384,0.017172157764434814,0.20817217230796814,0.0867612287402153,4.338061437010765,0,0,0,0.498897522687912,0.45173540711402893,0.9957756996154785,0.7127402424812317,0.9917098879814148,0.9491031765937805,-0.26190096139907837,-0.0,-0.0,0.0,0.0,0.0,0.0
4,0.08,4,"[0.004119249992072582,0.39732950925827026,1.1612534523010254,0.4994145333766937,0.16359733045101166,-0.008070753887295723,0.017645500600337982,-0.5856599807739258,-1.1831929683685303,0.5650454163551331,0.2683545649051666,0.0751258134841919,-0.026179999113082886,-0.09481688588857651,0.07016008347272873,-1.951678991317749,1.6121900081634521,-0.3727147579193115,-0.16724035143852234,0.0037552628200501204,0.26569774746894836,0.14497648179531097,-2.0726306438446045,-1.5545943975448608,0.4975047707557678,-0.2595701515674591,-0.13091152906417847,0.41578391194343567,-0.09276355057954788]","[-0.1383156031370163,0.3432208001613617,0.9750135540962219,0.43263012170791626,0.10851147770881653,-0.08256848901510239,-0.16570638120174408,-0.5110846757888794,-1.0003472566604614,0.470650315284729,0.14501814544200897,0.07062124460935593,-0.016702812165021896,-0.09210340678691864,-0.14691150188446045,-1.5725339651107788,1.4028840065002441,-0.09185067564249039,-0.0025200233794748783,0.1057809591293335,0.03137263283133507,0.14094901084899902,-1.5753010511398315,-1.315014123916626,0.1250394582748413,-0.10046658664941788,-0.25579380989074707,0.07735564559698105,-0.13544520735740662]","[0.0,0.0,0.0,0.0,0.0,0.0,0.0,0.0,0.0,0.0,0.0,0.0,0.0,0.0,0.0,0.0,0.0,0.0,0.0,0.0,0.0,0.0,0.0,0.0,0.0,0.0,0.0,0.0,0.0]","[-0.5727062821388245,-0.3246247172355652,0.46209439635276794,-0.375535249710083,1.1213194131851196,-0.6810033917427063,-0.7367333769798279,-0.24088798463344574,-0.6786693930625916,0.43617042899131775,0.042296573519706726,-0.07942622154951096,0.04779086261987686,-0.03486544266343117,0.28784772753715515,-0.48905953764915466,0.5514811873435974,-0.10143221169710159,0.0906575471162796,0.6184136271476746,-0.1641797125339508,0.10196733474731445,-1.312150001525879,-0.1336134821176529,0.7923648357391357,0.35324180126190186,-0.4606497287750244,-0.268196165561676,-0.05669427290558815]","[-0.9902489185333252,1.0639525651931763,1.9758615493774414,0.34490370750427246,0.9113194942474365,-0.33138903975486755,-0.8551316261291504,-1.7431957721710205,-2.0789291858673096,0.6331564784049988,0.7945877313613892,0.07061708718538284,-0.09234090149402618,0.06835436820983887,2.4284138679504395,-2.8555827140808105,1.9889609813690186,-1.4605380296707153,-1.6020781993865967,0.26508525013923645,0.02688678726553917,-0.4512774348258972,-2.4048547744750977,-1.4832617044448853,2.0770485401153564,-1.8098409175872803,-0.5383754968643188,0.09296779334545135,0.9103330969810486]",0.011544877663254738,0.12162387371063232,0.016908662393689156,0.2038121372461319,0.08931151032447815,4.4655755162239075,0,0,0,0.49916183948516846,0.4540054500102997,0.995896577835083,0.7199287414550781,0.9841774702072144,0.9469491243362427,-0.1345435529947281,-0.0,-0.0,0.0,0.0,0.0,0.0
5,0.1,5,"[0.004119249992072582,0.39732950925827026,1.1612534523010254,0.4994145333766937,0.16359733045101166,-0.008070753887295723,0.017645500600337982,-0.5856599807739258,-1.1831929683685303,0.5650454163551331,0.2683545649051666,0.0751258134841919,-0.026179999113082886,-0.09481688588857651,0.07016008347272873,-1.951678991317749,1.6121900081634521,-0.3727147579193115,-0.16724035143852234,0.0037552628200501204,0.26569774746894836,0.14497648179531097,-2.0726306438446045,-1.5545943975448608,0.4975047707557678,-0.2595701515674591,-0.13091152906417847,0.41578391194343567,-0.09276355057954788]","[-0.1525345742702484,0.33732491731643677,0.9859291911125183,0.42575064301490784,0.13012827932834625,-0.09322332590818405,-0.18169128894805908,-0.5152590870857239,-1.0167430639266968,0.48257967829704285,0.14593131840229034,0.06839611381292343,-0.0164064671844244,-0.09279989451169968,-0.13346834480762482,-1.5954318046569824,1.4165682792663574,-0.10017184913158417,0.0006239854847081006,0.1143808588385582,0.03007834032177925,0.14314697682857513,-1.6098015308380127,-1.323508858680725,0.14416921138763428,-0.0940157026052475,-0.2603440582752228,0.07561047375202179,-0.13845333456993103]","[0.0,0.0,0.0,0.0,0.0,0.0,0.0,0.0,0.0,0.0,0.0,0.0,0.0,0.0,0.0,0.0,0.0,0.0,0.0,0.0,0.0,0.0,0.0,0.0,0.0,0.0,0.0,0.0,0.0]","[-0.7722082138061523,-0.2732107639312744,0.5936248898506165,-0.3250070810317993,1.0022915601730347,-0.45728179812431335,-0.8230075836181641,-0.18629015982151031,-0.8991180062294006,0.6454376578330994,0.05229857191443443,-0.1061505451798439,0.0023339714389294386,-0.03002370148897171,0.8669490814208984,-1.469351053237915,0.7222995162010193,-0.5553192496299744,0.19596219062805176,0.3507920205593109,-0.02575204335153103,0.09644707292318344,-1.9293016195297241,-0.548306405544281,1.0002988576889038,0.3120523691177368,-0.14368753135204315,-0.02236006408929825,-0.15693829953670502]","[-1.0126948356628418,1.1191215515136719,2.002406358718872,0.3405236005783081,0.9374668002128601,-0.3311631381511688,-0.8924120664596558,-1.793290376663208,-2.130394458770752,0.6654236912727356,0.7896116971969604,0.06240413337945938,-0.10986149311065674,0.02904703840613365,2.5132391452789307,-3.002615213394165,1.9687250852584839,-1.6181223392486572,-1.6623387336730957,0.20776450634002686,0.10301420092582703,-0.4842109680175781,-2.4200692176818848,-1.5219531059265137,2.3007915019989014,-1.9113831520080566,-0.47688326239585876,0.10802993178367615,0.9842016696929932]",0.007582724094390869,0.10463253408670425,0.016467390581965446,0.19722162187099457,0.09014308452606201,4.507154226303101,0,0,0,0.49958130717277527,0.46379369497299194,0.9960841536521912,0.7341204881668091,0.9653335213661194,0.9251945614814758,-0.07695326954126358,-0.0,-0.0,0.0,0.0,0.0,0.0
6,0.12,6,"[0.004119249992072582,0.39732950925827026,1.1612534523010254,0.4994145333766937,0.16359733045101166,-0.008070753887295723,0.017645500600337982,-0.5856599807739258,-1.1831929683685303,0.5650454163551331,0.2683545649051666,0.0751258134841919,-0.026179999113082886,-0.09481688588857651,0.07016008347272873,-1.951678991317749,1.6121900081634521,-0.3727147579193115,-0.16724035143852234,0.0037552628200501204,0.26569774746894836,0.14497648179531097,-2.0726306438446045,-1.5545943975448608,0.4975047707557678,-0.2595701515674591,-0.13091152906417847,0.41578391194343567,-0.09276355057954788]","[-0.1597878634929657,0.3361727297306061,0.9965969920158386,0.4284331202507019,0.14073970913887024,-0.0985017716884613,-0.19041520357131958,-0.5267549753189087,-1.0350888967514038,0.4995187222957611,0.14141660928726196,0.057189490646123886,-0.01608964055776596,-0.09482698887586594,-0.11591792106628418,-1.6253777742385864,1.4309619665145874,-0.1143239438533783,0.0033974263351410627,0.11835727095603943,0.030661363154649734,0.14518049359321594,-1.6423190832138062,-1.3362476825714111,0.16250036656856537,-0.09148535877466202,-0.25895941257476807,0.0786038413643837,-0.1443004161119461]","[0.0,0.0,0.0,0.0,0.0,0.0,0.0,0.0,0.0,0.0,0.0,0.0,0.0,0.0,0.0,0.0,0.0,0.0,0.0,0.0,0.0,0.0,0.0,0.0,0.0,0.0,0.0,0.0,0.0]","[-0.26765382289886475,0.13428334891796112,0.48169848322868347,0.4614526331424713,0.3527163863182068,-0.19801729917526245,-0.3630031943321228,-0.7973584532737732,-0.8526400923728943,1.1580791473388672,-0.20073911547660828,-0.5467048287391663,0.01542035210877657,-0.09612762182950974,0.8682717084884644,-1.4489903450012207,0.6999216079711914,-0.7349485158920288,0.09860344231128693,0.13682447373867035,0.05163576453924179,0.09437640756368637,-1.4640506505966187,-0.6349501609802246,0.8287609815597534,0.05324256420135498,0.09864630550146103,0.18442554771900177,-0.30948540568351746]","[-1.0035501718521118,1.1426533460617065,2.013580799102783,0.341153621673584,0.9338451027870178,-0.3262140154838562,-0.9262470006942749,-1.824101209640503,-2.1790640354156494,0.6731885075569153,0.7818629741668701,0.06327692419290543,-0.1195811927318573,0.0022885166108608246,2.5430667400360107,-3.0704431533813477,1.9285070896148682,-1.7593019008636475,-1.7167158126831055,0.15238399803638458,0.16468343138694763,-0.5265328288078308,-2.4011528491973877,-1.5432196855545044,2.4806652069091797,-1.9992191791534424,-0.4228922724723816,0.11836354434490204,1.049464225769043]",0.004267136566340923,0.08636278659105301,0.015951236709952354,0.18920259177684784,0.09222917258739471,4.611458629369736,0,0,0,0.49986597895622253,0.4750038981437683,0.9962455630302429,0.7507625222206116,0.9851624369621277,0.9509245157241821,-0.04650653153657913,-0.0,-0.0,0.0,0.0,0.0,0.0
7,0.14,7,"[0.004119249992072582,0.39732950925827026,1.1612534523010254,0.4994145333766937,0.16359733045101166,-0.008070753887295723,0.017645500600337982,-0.5856599807739258,-1.1831929683685303,0.5650454163551331,0.2683545649051666,0.0751258134841919,-0.026179999113082886,-0.09481688588857651,0.07016008347272873,-1.951678991317749,1.6121900081634521,-0.3727147579193115,-0.16724035143852234,0.0037552628200501204,0.26569774746894836,0.14497648179531097,-2.0726306438446045,-1.5545943975448608,0.4975047707557678,-0.2595701515674591,-0.13091152906417847,0.41578391194343567,-0.09276355057954788]","[-0.16544421017169952,0.3429216146469116,1.0025290250778198,0.4447070360183716,0.14594615995883942,-0.10146987438201904,-0.19806760549545288,-0.5461702346801758,-1.0483297109603882,0.5303799510002136,0.140544593334198,0.0492217056453228,-0.015718113631010056,-0.09656685590744019,-0.10047724843025208,-1.6526944637298584,1.444947600364685,-0.1296938806772232,0.004017760045826435,0.11978913098573685,0.03220073878765106,0.146956205368042,-1.666670560836792,-1.3494030237197876,0.17545682191848755,-0.0938391163945198,-0.2558523714542389,0.0844009518623352,-0.1493435949087143]","[0.0,0.0,0.0,0.0,0.0,0.0,0.0,0.0,0.0,0.0,0.0,0.0,0.0,0.0,0.0,0.0,0.0,0.0,0.0,0.0,0.0,0.0,0.0,0.0,0.0,0.0,0.0,0.0,0.0]","[-0.2778346538543701,0.4083975851535797,0.17701789736747742,0.918535590171814,0.2417849749326706,-0.12965674698352814,-0.37792539596557617,-0.9795337915420532,-0.49157005548477173,1.6346689462661743,0.056436315178871155,-0.33210834860801697,0.016109110787510872,-0.07552659511566162,0.7071765661239624,-1.272404670715332,0.6920465230941772,-0.741664469242096,-0.007479456719011068,0.03772542253136635,0.07162085175514221,0.0763385146856308,-1.0446579456329346,-0.6536416411399841,0.49356716871261597,-0.23510821163654327,0.1057366281747818,0.33309996128082275,-0.14917394518852234]","[-1.0259976387023926,1.1290175914764404,2.01404070854187,0.33416932821273804,0.9487323760986328,-0.3237476944923401,-0.9743289947509766,-1.8011776208877563,-2.230989694595337,0.7412351965904236,0.7584229707717896,0.08115354925394058,-0.12501180171966553,-0.03514622524380684,2.6075170040130615,-3.100541353225708,1.9104135036468506,-1.852981686592102,-1.7510230541229248,0.12838929891586304,0.2300032079219818,-0.544671893119812,-2.390819787979126,-1.523604154586792,2.6195175647735596,-2.077563524246216,-0.38200643658638,0.16192243993282318,1.109741449356079]",0.0031436278950423002,0.07175986468791962,0.015336450189352036,0.18046532571315765,0.09306934475898743,4.653467237949371,0,0,0,0.4999416470527649,0.48271045088768005,0.996460497379303,0.768460214138031,0.9886990189552307,0.9507220983505249,-0.03352677822113037,-0.0,-0.0,0.0,0.0,0.0,0.0
8,0.16,8,"[0.004119249992072582,0.39732950925827026,1.1612534523010254,0.4994145333766937,0.16359733045101166,-0.008070753887295723,0.017645500600337982,-0.5856599807739258,-1.1831929683685303,0.5650454163551331,0.2683545649051666,0.0751258134841919,-0.026179999113082886,-0.09481688588857651,0.07016008347272873,-1.951678991317749,1.6121900081634521,-0.3727147579193115,-0.16724035143852234,0.0037552628200501204,0.26569774746894836,0.14497648179531097,-2.0726306438446045,-1.5545943975448608,0.4975047707557678,-0.2595701515674591,-0.13091152906417847,0.41578391194343567,-0.09276355057954788]","[-0.1704510897397995,0.3512747585773468,1.0041563510894775,0.46251440048217773,0.15111982822418213,-0.10374259203672409,-0.20482659339904785,-0.5640439987182617,-1.0563654899597168,0.5616433620452881,0.14361844956874847,0.04380980134010315,-0.01528086792677641,-0.09824226051568985,-0.0894046425819397,-1.6759734153747559,1.4592441320419312,-0.14499250054359436,0.002419437514618039,0.11941894888877869,0.034010689705610275,0.14828303456306458,-1.6822415590286255,-1.362884759902954,0.1829170286655426,-0.10167092084884644,-0.2542184591293335,0.09326648712158203,-0.1508883684873581]","[0.0,0.0,0.0,0.0,0.0,0.0,0.0,0.0,0.0,0.0,0.0,0.0,0.0,0.0,0.0,0.0,0.0,0.0,0.0,0.0,0.0,0.0,0.0,0.0,0.0,0.0,0.0,0.0,0.0]","[-0.2554014027118683,0.39811524748802185,0.04995567351579666,0.8351187705993652,0.2742267847061157,-0.1050243005156517,-0.28838229179382324,-0.6492775082588196,-0.2712448239326477,1.1852034330368042,0.15529440343379974,-0.21421709656715393,0.04382285475730896,-0.09206824004650116,0.42148956656455994,-1.0421110391616821,0.7353668808937073,-0.7363184094429016,-0.14855006337165833,-0.03511248528957367,0.11311782896518707,0.0589887797832489,-0.6027970910072327,-0.6441755890846252,0.29205387830734253,-0.45068174600601196,0.058567821979522705,0.46546852588653564,-0.052648674696683884]","[-1.05977463722229,1.1042230129241943,2.014429807662964,0.33244985342025757,0.9691910743713379,-0.320933997631073,-1.0237749814987183,-1.773511528968811,-2.2954258918762207,0.8033439517021179,0.73637855052948,0.09525188058614731,-0.13358944654464722,-0.057217586785554886,2.7081432342529297,-3.1292877197265625,1.8893280029296875,-1.9252734184265137,-1.7909026145935059,0.113515205681324,0.2781125605106354,-0.5598596334457397,-2.37711238861084,-1.5030254125595093,2.7413837909698486,-2.1199851036071777,-0.35202842950820923,0.2065250277519226,1.1656320095062256]",0.0031753655057400465,0.06129957735538483,0.01488389540463686,0.1725051999092102,0.093630351126194,4.6815175563097,0,0,0,0.49994465708732605,0.4875669777393341,0.9966169595718384,0.7850724458694458,0.9895294904708862,0.9522390365600586,-0.029452083632349968,-0.0,-0.0,0.0,0.0,0.0,0.0
9,0.18,9,"[0.004119249992072582,0.39732950925827026,1.1612534523010254,0.4994145333766937,0.16359733045101166,-0.008070753887295723,0.017645500600337982,-0.5856599807739258,-1.1831929683685303,0.5650454163551331,0.2683545649051666,0.0751258134841919,-0.026179999113082886,-0.09481688588857651,0.07016008347272873,-1.951678991317749,1.6121900081634521,-0.3727147579193115,-0.16724035143852234,0.0037552628200501204,0.26569774746894836,0.14497648179531097,-2.0726306438446045,-1.5545943975448608,0.4975047707557678,-0.2595701515674591,-0.13091152906417847,0.41578391194343567,-0.09276355057954788]","[-0.17528320848941803,0.3534463942050934,1.0048208236694336,0.46943575143814087,0.1561197191476822,-0.10580630600452423,-0.2105855792760849,-0.5716797113418579,-1.0616546869277954,0.5742952227592468,0.14441916346549988,0.041293006390333176,-0.014723548665642738,-0.10006045550107956,-0.0836590901017189,-1.695381760597229,1.475447416305542,-0.15847130119800568,-0.0021971529349684715,0.11811477690935135,0.0374620258808136,0.14934061467647552,-1.6953026056289673,-1.376487374305725,0.18977177143096924,-0.11191584169864655,-0.25277748703956604,0.10391751676797867,-0.1514458954334259]","[0.0,0.0,0.0,0.0,0.0,0.0,0.0,0.0,0.0,0.0,0.0,0.0,0.0,0.0,0.0,0.0,0.0,0.0,0.0,0.0,0.0,0.0,0.0,0.0,0.0,0.0,0.0,0.0,0.0]","[-0.2391151785850525,0.013547893613576889,0.024499986320734024,0.17129293084144592,0.22806134819984436,-0.100041963160038,-0.2922001779079437,-0.30476030707359314,-0.29628899693489075,0.44979965686798096,-0.004091329872608185,-0.09177778661251068,0.014963134191930294,-0.09553682804107666,0.22193363308906555,-0.965377688407898,0.8106760382652283,-0.6806514859199524,-0.2545980215072632,-0.06703547388315201,0.19219698011875153,0.042827244848012924,-0.63636314868927,-0.6577104330062866,0.34951794147491455,-0.45918309688568115,0.0688590481877327,0.4904863238334656,-0.02756534330546856]","[-1.0905280113220215,1.0924427509307861,2.0192482471466064,0.33971482515335083,0.9815362691879272,-0.31700554490089417,-1.057401180267334,-1.7796902656555176,-2.353781223297119,0.854745090007782,0.7229683995246887,0.10835932940244675,-0.14813043177127838,-0.05663730576634407,2.8210294246673584,-3.145866632461548,1.8552837371826172,-1.9706803560256958,-1.8280034065246582,0.10054986923933029,0.3192887604236603,-0.5826341509819031,-2.360276699066162,-1.4762778282165527,2.8436663150787354,-2.147914409637451,-0.32740518450737,0.25093600153923035,1.220221996307373]",0.0033123367466032505,0.052921731024980545,0.014543846249580383,0.16650156676769257,0.09459378570318222,4.729689285159111,0,0,0,0.49994099140167236,0.4906871020793915,0.9967435002326965,0.7985313534736633,0.9968805313110352,0.9703586101531982,-0.02345256879925728,-0.0,-0.0,0.0,0.0,0.0,0.0
10,0.2,10,"[0.004119249992072582,0.39732950925827026,1.1612534523010254,0.4994145333766937,0.16359733045101166,-0.008070753887295723,0.017645500600337982,-0.5856599807739258,-1.1831929683685303,0.5650454163551331,0.2683545649051666,0.0751258134841919,-0.026179999113082886,-0.09481688588857651,0.07016008347272873,-1.951678991317749,1.6121900081634521,-0.3727147579193115,-0.16724035143852234,0.0037552628200501204,0.26569774746894836,0.14497648179531097,-2.0726306438446045,-1.5545943975448608,0.4975047707557678,-0.2595701515674591,-0.13091152906417847,0.41578391194343567,-0.09276355057954788]","[-0.17815127968788147,0.35337162017822266,1.005126714706421,0.4708789885044098,0.15997666120529175,-0.1075708270072937,-0.21394787728786469,-0.5826050639152527,-1.074752926826477,0.5907112956047058,0.14583618938922882,0.03976989537477493,-0.014552552253007889,-0.10154977440834045,-0.07748676836490631,-1.714944839477539,1.4893091917037964,-0.1713275909423828,-0.0061402274295687675,0.1158110499382019,0.04073914885520935,0.14982907474040985,-1.7086539268493652,-1.391514539718628,0.19733719527721405,-0.12233948707580566,-0.25036072731018066,0.1151236817240715,-0.15169906616210938]","[0.0,0.0,0.0,0.0,0.0,0.0,0.0,0.0,0.0,0.0,0.0,0.0,0.0,0.0,0.0,0.0,0.0,0.0,0.0,0.0,0.0,0.0,0.0,0.0,0.0,0.0,0.0,0.0,0.0]","[-0.13859562575817108,0.006283616181463003,0.013878023251891136,0.03891685605049133,0.17690330743789673,-0.08235038071870804,-0.1271176040172577,-0.45580652356147766,-0.5743346810340881,0.7231404781341553,0.08374388515949249,-0.07109040021896362,-0.01902891881763935,-0.05803916975855827,0.2882803678512573,-0.9568325877189636,0.6484183669090271,-0.6346893310546875,-0.20334742963314056,-0.11992733180522919,0.1615780144929886,0.012524865567684174,-0.5934574007987976,-0.7318945527076721,0.34724631905555725,-0.4884530007839203,0.11607767641544342,0.5193184018135071,-0.02042274735867977]","[-1.0995519161224365,1.100492238998413,2.0316972732543945,0.35142016410827637,0.9790327548980713,-0.30925053358078003,-1.0642529726028442,-1.8187062740325928,-2.3974239826202393,0.8777627348899841,0.7228446006774902,0.11705277115106583,-0.16575640439987183,-0.05421948805451393,2.9076335430145264,-3.1389448642730713,1.8092893362045288,-2.000009059906006,-1.8563883304595947,0.0824962928891182,0.367694228887558,-0.6154830455780029,-2.323178291320801,-1.442089557647705,2.9264700412750244,-2.1883087158203125,-0.29750773310661316,0.29360172152519226,1.2837402820587158]",0.0034816719125956297,0.044927313923835754,0.014398094266653061,0.16026322543621063,0.09479934722185135,4.739967361092567,0,0,0,0.4999338984489441,0.49321046471595764,0.9967846870422363,0.8113089799880981,0.994790256023407,0.96281898021698,-0.01888006553053856,-0.0,-0.0,0.0,0.0,0.0,0.0
11,0.22,11,"[0.004119249992072582,0.39732950925827026,1.1612534523010254,0.4994145333766937,0.16359733045101166,-0.008070753887295723,0.017645500600337982,-0.5856599807739258,-1.1831929683685303,0.5650454163551331,0.2683545649051666,0.0751258134841919,-0.026179999113082886,-0.09481688588857651,0.07016008347272873,-1.951678991317749,1.6121900081634521,-0.3727147579193115,-0.16724035143852234,0.0037552628200501204,0.26569774746894836,0.14497648179531097,-2.0726306438446045,-1.5545943975448608,0.4975047707557678,-0.2595701515674591,-0.13091152906417847,0.41578391194343567,-0.09276355057954788]","[-0.18045668303966522,0.35321563482284546,1.0055060386657715,0.47125867009162903,0.16350792348384857,-0.10890202969312668,-0.21500694751739502,-0.5903520584106445,-1.0861350297927856,0.602178156375885,0.14689892530441284,0.03854662552475929,-0.014987187460064888,-0.10243220627307892,-0.07126658409833908,-1.7326852083206177,1.5020051002502441,-0.18227317929267883,-0.009984017349779606,0.11275448650121689,0.043879710137844086,0.14988884329795837,-1.721765398979187,-1.405518651008606,0.2048119753599167,-0.13224831223487854,-0.24661356210708618,0.12592677772045135,-0.1519220471382141]","[0.0,0.0,0.0,0.0,0.0,0.0,0.0,0.0,0.0,0.0,0.0,0.0,0.0,0.0,0.0,0.0,0.0,0.0,0.0,0.0,0.0,0.0,0.0,0.0,0.0,0.0,0.0,0.0,0.0]","[-0.07627573609352112,0.005400329828262329,0.012796226888895035,0.01584380865097046,0.16805239021778107,-0.06058480590581894,-0.03083186410367489,-0.47741153836250305,-0.6040837168693542,0.7226427793502808,0.09782739728689194,-0.06792494654655457,-0.06089406833052635,-0.03545714169740677,0.3064481317996979,-0.8799893260002136,0.5891408920288086,-0.5648830533027649,-0.1672113537788391,-0.15779899060726166,0.1411713808774948,-0.007044854573905468,-0.5977028608322144,-0.6541799306869507,0.3605271279811859,-0.4401342272758484,0.18316584825515747,0.4863475263118744,-0.01930040679872036]","[-1.118455171585083,1.0972273349761963,2.0430495738983154,0.3549145460128784,0.9862686395645142,-0.30136969685554504,-1.075126051902771,-1.8353301286697388,-2.428144693374634,0.8884013295173645,0.725292444229126,0.11823934316635132,-0.17719228565692902,-0.05920929089188576,2.981595993041992,-3.1232686042785645,1.7863855361938477,-2.0294034481048584,-1.8852574825286865,0.06568064540624619,0.4129006564617157,-0.6362855434417725,-2.2883148193359375,-1.4115246534347534,3.005272388458252,-2.2296552658081055,-0.2621701955795288,0.33892732858657837,1.3437342643737793]",0.003602313343435526,0.037675343453884125,0.014243059791624546,0.1548900306224823,0.09543372690677643,4.771686345338821,0,0,0,0.4999292194843292,0.4952070713043213,0.9968137145042419,0.8226631283760071,0.9970536231994629,0.9749729037284851,-0.014953476376831532,-0.0,-0.0,0.0,0.0,0.0,0.0
12,0.24,12,"[0.004119249992072582,0.39732950925827026,1.1612534523010254,0.4994145333766937,0.16359733045101166,-0.008070753887295723,0.017645500600337982,-0.5856599807739258,-1.1831929683685303,0.5650454163551331,0.2683545649051666,0.0751258134841919,-0.026179999113082886,-0.09481688588857651,0.07016008347272873,-1.951678991317749,1.6121900081634521,-0.3727147579193115,-0.16724035143852234,0.0037552628200501204,0.26569774746894836,0.14497648179531097,-2.0726306438446045,-1.5545943975448608,0.4975047707557678,-0.2595701515674591,-0.13091152906417847,0.41578391194343567,-0.09276355057954788]","[-0.18206703662872314,0.35312125086784363,1.0059127807617188,0.47143492102622986,0.16691219806671143,-0.10984577238559723,-0.21503551304340363,-0.5968509316444397,-1.0959886312484741,0.6117465496063232,0.147999107837677,0.03739757463335991,-0.015680823475122452,-0.1030738577246666,-0.06569176912307739,-1.7483453750610352,1.512816309928894,-0.19199754297733307,-0.013240761123597622,0.10925960540771484,0.04662381112575531,0.1496998816728592,-1.7333329916000366,-1.4176527261734009,0.2115689069032669,-0.14055413007736206,-0.2419145107269287,0.1349048614501953,-0.1524123251438141]","[0.0,0.0,0.0,0.0,0.0,0.0,0.0,0.0,0.0,0.0,0.0,0.0,0.0,0.0,0.0,0.0,0.0,0.0,0.0,0.0,0.0,0.0,0.0,0.0,0.0,0.0,0.0,0.0,0.0]","[-0.07979418337345123,-0.006768036168068647,0.0226497370749712,0.006159492302685976,0.1742415577173233,-0.04172847047448158,0.00623599486425519,-0.28362882137298584,-0.4427204132080078,0.4112233817577362,0.041996367275714874,-0.053751617670059204,-0.022872941568493843,-0.02804255485534668,0.26891693472862244,-0.7248485684394836,0.5145672559738159,-0.42912790179252625,-0.14844679832458496,-0.17931526899337769,0.11765024065971375,-0.00986203271895647,-0.5883423089981079,-0.594645619392395,0.3376924395561218,-0.43915417790412903,0.23938220739364624,0.46322140097618103,-0.011859657242894173]","[-1.1371701955795288,1.0916553735733032,2.049628973007202,0.3567478060722351,0.9923858642578125,-0.29428616166114807,-1.0866289138793945,-1.8457627296447754,-2.457005262374878,0.8965575098991394,0.7305891513824463,0.11885681003332138,-0.18394699692726135,-0.06716810166835785,3.0474369525909424,-3.1048104763031006,1.7686183452606201,-2.058194875717163,-1.9121780395507812,0.05036429315805435,0.45633891224861145,-0.655680775642395,-2.247291326522827,-1.3909910917282104,3.0779130458831787,-2.2679758071899414,-0.22982266545295715,0.3815259635448456,1.4026098251342773]",0.003695903578773141,0.031839288771152496,0.014120932668447495,0.15043529868125916,0.09584648907184601,4.7923244535923,0,0,0,0.49992483854293823,0.4965532422065735,0.996813178062439,0.8323200941085815,0.9977098703384399,0.9820095300674438,-0.013006649911403656,-0.0,-0.0,0.0,0.0,0.0,0.0
13,0.26,13,"[0.004119249992072582,0.39732950925827026,1.1612534523010254,0.4994145333766937,0.16359733045101166,-0.008070753887295723,0.017645500600337982,-0.5856599807739258,-1.1831929683685303,0.5650454163551331,0.2683545649051666,0.0751258134841919,-0.026179999113082886,-0.09481688588857651,0.07016008347272873,-1.951678991317749,1.6121900081634521,-0.3727147579193115,-0.16724035143852234,0.0037552628200501204,0.26569774746894836,0.14497648179531097,-2.0726306438446045,-1.5545943975448608,0.4975047707557678,-0.2595701515674591,-0.13091152906417847,0.41578391194343567,-0.09276355057954788]","[-0.18349137902259827,0.3531048893928528,1.0063393115997314,0.47154733538627625,0.17020665109157562,-0.11043591797351837,-0.21487043797969818,-0.6032360792160034,-1.1054189205169678,0.6209966540336609,0.14945672452449799,0.03634082153439522,-0.016473030671477318,-0.10348854213953018,-0.06148403510451317,-1.7616088390350342,1.521659016609192,-0.2004021853208542,-0.016013100743293762,0.10564466565847397,0.048934612423181534,0.14944663643836975,-1.7432209253311157,-1.4283246994018555,0.21788091957569122,-0.14761589467525482,-0.2371176779270172,0.14235734939575195,-0.1529671847820282]","[0.0,0.0,0.0,0.0,0.0,0.0,0.0,0.0,0.0,0.0,0.0,0.0,0.0,0.0,0.0,0.0,0.0,0.0,0.0,0.0,0.0,0.0,0.0,0.0,0.0,0.0,0.0,0.0,0.0]","[-0.06000251695513725,0.004589125048369169,0.020056193694472313,0.004411038011312485,0.15965653955936432,-0.024636583402752876,0.019830934703350067,-0.2889953851699829,-0.4202217757701874,0.43572238087654114,0.08475781232118607,-0.05258040130138397,-0.05254904180765152,-0.02066607028245926,0.18489766120910645,-0.6315906047821045,0.39496830105781555,-0.42133456468582153,-0.1331007331609726,-0.1748238354921341,0.10918290168046951,-0.015167071484029293,-0.4040331244468689,-0.48778802156448364,0.2689293324947357,-0.30409109592437744,0.21951764822006226,0.30580008029937744,-0.0483955554664135]","[-1.1466178894042969,1.0889029502868652,2.0522072315216064,0.35954320430755615,0.9916937351226807,-0.28680458664894104,-1.0959768295288086,-1.8634775876998901,-2.4884469509124756,0.9047529697418213,0.7408106327056885,0.12201514095067978,-0.19501113891601562,-0.07100611925125122,3.105034112930298,-3.085742235183716,1.7451778650283813,-2.0838658809661865,-1.939231514930725,0.03737909346818924,0.4996047914028168,-0.6798238158226013,-2.1960387229919434,-1.3796050548553467,3.146810531616211,-2.299156665802002,-0.20541167259216309,0.420177698135376,1.4664515256881714]",0.003793297801166773,0.027457648888230324,0.014057229273021221,0.14668302237987518,0.09610845148563385,4.8054225742816925,0,0,0,0.49992087483406067,0.49749207496643066,0.9967994689941406,0.8405367732048035,0.9978147149085999,0.9852397441864014,-0.012381153181195259,-0.0,-0.0,0.0,0.0,0.0,0.0
14,0.28,14,"[0.004119249992072582,0.39732950925827026,1.1612534523010254,0.4994145333766937,0.16359733045101166,-0.008070753887295723,0.017645500600337982,-0.5856599807739258,-1.1831929683685303,0.5650454163551331,0.2683545649051666,0.0751258134841919,-0.026179999113082886,-0.09481688588857651,0.07016008347272873,-1.951678991317749,1.6121900081634521,-0.3727147579193115,-0.16724035143852234,0.0037552628200501204,0.26569774746894836,0.14497648179531097,-2.0726306438446045,-1.5545943975448608,0.4975047707557678,-0.2595701515674591,-0.13091152906417847,0.41578391194343567,-0.09276355057954788]","[-0.18520484864711761,0.35283032059669495,1.0068352222442627,0.47158247232437134,0.17355315387248993,-0.11069853603839874,-0.21452796459197998,-0.6070408821105957,-1.1130033731460571,0.6258591413497925,0.1500266045331955,0.035620659589767456,-0.016899127513170242,-0.10386640578508377,-0.05828053504228592,-1.7722989320755005,1.5294804573059082,-0.2068156599998474,-0.01861971616744995,0.10202524065971375,0.0508667454123497,0.14924782514572144,-1.7523843050003052,-1.4375301599502563,0.22359657287597656,-0.15416906774044037,-0.23239067196846008,0.14885812997817993,-0.1534135341644287]","[0.0,0.0,0.0,0.0,0.0,0.0,0.0,0.0,0.0,0.0,0.0,0.0,0.0,0.0,0.0,0.0,0.0,0.0,0.0,0.0,0.0,0.0,0.0,0.0,0.0,0.0,0.0,0.0,0.0]","[-0.08603699505329132,-0.015725858509540558,0.023517591878771782,0.0012040083529427648,0.16605931520462036,-0.008615825325250626,0.014456045813858509,-0.15744848549365997,-0.36146944761276245,0.18083029985427856,0.010498539544641972,-0.03037218190729618,-0.016671577468514442,-0.014689605683088303,0.14408133924007416,-0.4966542720794678,0.3767772316932678,-0.2957552671432495,-0.13057751953601837,-0.17354734241962433,0.09191783517599106,-0.009523561224341393,-0.44760942459106445,-0.4284456968307495,0.29049673676490784,-0.2937237620353699,0.22110049426555634,0.2890203595161438,-0.03049425780773163]","[-1.1614834070205688,1.0846985578536987,2.0513739585876465,0.3627319931983948,0.9918432831764221,-0.28027310967445374,-1.1054232120513916,-1.8764630556106567,-2.513810396194458,0.9117050766944885,0.7497878670692444,0.12517274916172028,-0.19791990518569946,-0.07438884675502777,3.1653048992156982,-3.060657501220703,1.73578941822052,-2.1069157123565674,-1.9576082229614258,0.026612361893057823,0.5388762354850769,-0.7069517970085144,-2.155590772628784,-1.3709111213684082,3.2088277339935303,-2.3324625492095947,-0.18435804545879364,0.45347216725349426,1.5293842554092407]",0.0038693384267389774,0.023886268958449364,0.013990875333547592,0.14374417066574097,0.09642603993415833,4.821301996707916,0,0,0,0.49991780519485474,0.4981030225753784,0.9967895150184631,0.8470768928527832,0.9989840984344482,0.9910032153129578,-0.010572277009487152,-0.0,-0.0,0.0,0.0,0.0,0.0
15,0.3,15,"[0.004119249992072582,0.39732950925827026,1.1612534523010254,0.4994145333766937,0.16359733045101166,-0.008070753887295723,0.017645500600337982,-0.5856599807739258,-1.1831929683685303,0.5650454163551331,0.2683545649051666,0.0751258134841919,-0.026179999113082886,-0.09481688588857651,0.07016008347272873,-1.951678991317749,1.6121900081634521,-0.3727147579193115,-0.16724035143852234,0.0037552628200501204,0.26569774746894836,0.14497648179531097,-2.0726306438446045,-1.5545943975448608,0.4975047707557678,-0.2595701515674591,-0.13091152906417847,0.41578391194343567,-0.09276355057954788]","[-0.18612127006053925,0.3526782989501953,1.0070719718933105,0.4716337323188782,0.17663706839084625,-0.11067185550928116,-0.21349750459194183,-0.6123853921890259,-1.1211864948272705,0.6330519914627075,0.15171267092227936,0.03490447625517845,-0.01771688088774681,-0.10397586971521378,-0.05520107224583626,-1.781431794166565,1.535550832748413,-0.2124912440776825,-0.020751310512423515,0.09833041578531265,0.052484408020973206,0.1490778774023056,-1.7599610090255737,-1.445729374885559,0.228838711977005,-0.15936997532844543,-0.22821034491062164,0.1536574512720108,-0.15427327156066895]","[0.0,0.0,0.0,0.0,0.0,0.0,0.0,0.0,0.0,0.0,0.0,0.0,0.0,0.0,0.0,0.0,0.0,0.0,0.0,0.0,0.0,0.0,0.0,0.0,0.0,0.0,0.0,0.0,0.0]","[-0.05235853046178818,-0.014715342782437801,0.01345077995210886,3.66010522157012e-06,0.15633268654346466,0.005456757266074419,0.05021405220031738,-0.1995144486427307,-0.32856103777885437,0.2610643208026886,0.06401733309030533,-0.03071441687643528,-0.03004351258277893,-0.010789073072373867,0.14524230360984802,-0.41874945163726807,0.28970009088516235,-0.24693496525287628,-0.10507278144359589,-0.18397633731365204,0.07365964353084564,-0.006545423995703459,-0.3654294013977051,-0.3964928686618805,0.23490452766418457,-0.27570539712905884,0.20178832113742828,0.2417844533920288,-0.022259600460529327]","[-1.1678069829940796,1.0828245878219604,2.0500829219818115,0.3645559549331665,0.9859994649887085,-0.27466729283332825,-1.111665964126587,-1.8919551372528076,-2.5360443592071533,0.9173481464385986,0.7614026069641113,0.1294119954109192,-0.20769017934799194,-0.07641352713108063,3.215684652328491,-3.0391921997070312,1.7182868719100952,-2.127378463745117,-1.975738763809204,0.015160730108618736,0.5782055258750916,-0.7380115985870361,-2.1075050830841064,-1.3702458143234253,3.2663557529449463,-2.360475540161133,-0.16712401807308197,0.484590083360672,1.5912517309188843]",0.003954389598220587,0.021233852952718735,0.014027821831405163,0.14113418757915497,0.09659798443317413,4.829899221658707,0,0,0,0.49991375207901,0.4985041916370392,0.9967593550682068,0.8526110053062439,0.9990914463996887,0.9927029609680176,-0.00968338456004858,-0.0,-0.0,0.0,0.0,0.0,0.0
16,0.32,16,"[0.004119249992072582,0.39732950925827026,1.1612534523010254,0.4994145333766937,0.16359733045101166,-0.008070753887295723,0.017645500600337982,-0.5856599807739258,-1.1831929683685303,0.5650454163551331,0.2683545649051666,0.0751258134841919,-0.026179999113082886,-0.09481688588857651,0.07016008347272873,-1.951678991317749,1.6121900081634521,-0.3727147579193115,-0.16724035143852234,0.0037552628200501204,0.26569774746894836,0.14497648179531097,-2.0726306438446045,-1.5545943975448608,0.4975047707557678,-0.2595701515674591,-0.13091152906417847,0.41578391194343567,-0.09276355057954788]","[-0.18700017035007477,0.3522754907608032,1.0073238611221313,0.47161024808883667,0.17975151538848877,-0.11039421707391739,-0.2121044248342514,-0.6153331995010376,-1.1275655031204224,0.636284589767456,0.15240080654621124,0.034507472068071365,-0.018056556582450867,-0.1041610911488533,-0.052208658307790756,-1.7890321016311646,1.5408979654312134,-0.2167411595582962,-0.022964024916291237,0.0947340875864029,0.053952407091856,0.14899490773677826,-1.7671055793762207,-1.4534201622009277,0.23354290425777435,-0.16444167494773865,-0.22429116070270538,0.1579837054014206,-0.15486639738082886]","[0.0,0.0,0.0,0.0,0.0,0.0,0.0,0.0,0.0,0.0,0.0,0.0,0.0,0.0,0.0,0.0,0.0,0.0,0.0,0.0,0.0,0.0,0.0,0.0,0.0,0.0,0.0,0.0,0.0]","[-0.040546711534261703,-0.022533394396305084,0.010838109068572521,-0.0015730478335171938,0.15384326875209808,0.017335966229438782,0.06860204041004181,-0.1316588670015335,-0.3014334738254547,0.129470556974411,0.025908399373292923,-0.016859542578458786,-0.012066937051713467,-0.006455523893237114,0.14619816839694977,-0.3530343770980835,0.25430476665496826,-0.19283398985862732,-0.1085483655333519,-0.17529641091823578,0.07106567919254303,-0.0028857856523245573,-0.35001540184020996,-0.3626041114330292,0.22812779247760773,-0.23271746933460236,0.1872350424528122,0.18977661430835724,-0.02510797791182995]","[-1.1772983074188232,1.07821786403656,2.0485332012176514,0.3661714196205139,0.9832931756973267,-0.2695460021495819,-1.1219291687011719,-1.9015593528747559,-2.5568597316741943,0.9214797616004944,0.7717081308364868,0.13253334164619446,-0.21337732672691345,-0.08101242780685425,3.2662134170532227,-3.01908540725708,1.7102551460266113,-2.147665023803711,-1.9921112060546875,0.006286775693297386,0.6136060357093811,-0.7668540477752686,-2.0660011768341064,-1.3707507848739624,3.31937575340271,-2.385554313659668,-0.15149995684623718,0.5129419565200806,1.6507787704467773]",0.0040016984567046165,0.018882999196648598,0.014053307473659515,0.13902074098587036,0.09678102284669876,4.839051142334938,0,0,0,0.4999116063117981,0.4988241493701935,0.9967451095581055,0.8572813868522644,0.9995125532150269,0.9950700402259827,-0.008293458260595798,-0.0,-0.0,0.0,0.0,0.0,0.0
17,0.34,17,"[0.004119249992072582,0.39732950925827026,1.1612534523010254,0.4994145333766937,0.16359733045101166,-0.008070753887295723,0.017645500600337982,-0.5856599807739258,-1.1831929683685303,0.5650454163551331,0.2683545649051666,0.0751258134841919,-0.026179999113082886,-0.09481688588857651,0.07016008347272873,-1.951678991317749,1.6121900081634521,-0.3727147579193115,-0.16724035143852234,0.0037552628200501204,0.26569774746894836,0.14497648179531097,-2.0726306438446045,-1.5545943975448608,0.4975047707557678,-0.2595701515674591,-0.13091152906417847,0.41578391194343567,-0.09276355057954788]","[-0.18749874830245972,0.3519507348537445,1.0073957443237305,0.4715912342071533,0.18267104029655457,-0.10990691930055618,-0.2104799449443817,-0.6188604235649109,-1.1338626146316528,0.640390157699585,0.15381306409835815,0.03418022394180298,-0.018305178731679916,-0.10415833443403244,-0.0492086261510849,-1.7955063581466675,1.5450890064239502,-0.22022750973701477,-0.02498810738325119,0.09115006029605865,0.05529548600316048,0.14898766577243805,-1.7734698057174683,-1.4608452320098877,0.2378918081521988,-0.1690157800912857,-0.2207331359386444,0.16152900457382202,-0.15541668236255646]","[0.0,0.0,0.0,0.0,0.0,0.0,0.0,0.0,0.0,0.0,0.0,0.0,0.0,0.0,0.0,0.0,0.0,0.0,0.0,0.0,0.0,0.0,0.0,0.0,0.0,0.0,0.0,0.0,0.0]","[-0.026143422350287437,-0.01957814395427704,0.004530113190412521,-0.001842159777879715,0.1457032412290573,0.026907052844762802,0.07775375992059708,-0.13620808720588684,-0.26997965574264526,0.14442771673202515,0.05926580727100372,-0.012095564045011997,-0.011480948887765408,-0.003277098760008812,0.14347723126411438,-0.3079204559326172,0.20391589403152466,-0.16376930475234985,-0.1034669503569603,-0.17435169219970703,0.06577327847480774,-0.00029741262551397085,-0.29351168870925903,-0.34702256321907043,0.19265367090702057,-0.2147461175918579,0.1676398068666458,0.15487584471702576,-0.024505922570824623]","[-1.1848359107971191,1.0754890441894531,2.0470900535583496,0.3681870102882385,0.9775629043579102,-0.26554539799690247,-1.1308389902114868,-1.9119988679885864,-2.5738561153411865,0.9249925017356873,0.7819114923477173,0.1358622908592224,-0.22009429335594177,-0.08387485146522522,3.3102798461914062,-2.999016761779785,1.701889991760254,-2.165536403656006,-2.004432439804077,-0.002857128158211708,0.6478496193885803,-0.797714114189148,-2.0262393951416016,-1.372727394104004,3.367765188217163,-2.409883737564087,-0.13842010498046875,0.5367337465286255,1.7070953845977783]",0.004045406356453896,0.016885939985513687,0.01411986444145441,0.1371115893125534,0.09690671414136887,4.845335707068443,0,0,0,0.4999094307422638,0.49906396865844727,0.9967204928398132,0.8613409399986267,0.9995705485343933,0.9958795309066772,-0.007149372715502977,-0.0,-0.0,0.0,0.0,0.0,0.0
18,0.36,18,"[0.004119249992072582,0.39732950925827026,1.1612534523010254,0.4994145333766937,0.16359733045101166,-0.008070753887295723,0.017645500600337982,-0.5856599807739258,-1.1831929683685303,0.5650454163551331,0.2683545649051666,0.0751258134841919,-0.026179999113082886,-0.09481688588857651,0.07016008347272873,-1.951678991317749,1.6121900081634521,-0.3727147579193115,-0.16724035143852234,0.0037552628200501204,0.26569774746894836,0.14497648179531097,-2.0726306438446045,-1.5545943975448608,0.4975047707557678,-0.2595701515674591,-0.13091152906417847,0.41578391194343567,-0.09276355057954788]","[-0.1878988891839981,0.3516117036342621,1.0074106454849243,0.4715656638145447,0.18555593490600586,-0.10925578325986862,-0.208785742521286,-0.6221523284912109,-1.13947331905365,0.6441211104393005,0.1555352807044983,0.033983007073402405,-0.018504690378904343,-0.10413684695959091,-0.04625100642442703,-1.8010947704315186,1.5487141609191895,-0.22295741736888885,-0.0269450806081295,0.08759866654872894,0.05651351809501648,0.1490287035703659,-1.7793470621109009,-1.4680379629135132,0.24181067943572998,-0.17356956005096436,-0.21752122044563293,0.1647794246673584,-0.15575666725635529]","[0.0,0.0,0.0,0.0,0.0,0.0,0.0,0.0,0.0,0.0,0.0,0.0,0.0,0.0,0.0,0.0,0.0,0.0,0.0,0.0,0.0,0.0,0.0,0.0,0.0,0.0,0.0,0.0,0.0]","[-0.02222868613898754,-0.01630832999944687,0.001514320494607091,-0.0016772157978266478,0.14228563010692596,0.034344326704740524,0.08001045882701874,-0.13976919651031494,-0.25522753596305847,0.15534430742263794,0.08340425044298172,-0.006510627456009388,-0.009556484408676624,-0.002339780330657959,0.13630513846874237,-0.2726578414440155,0.17782004177570343,-0.13553552329540253,-0.09784123301506042,-0.17302744090557098,0.05832948535680771,0.0013542751548811793,-0.2691801190376282,-0.34205737709999084,0.17738451063632965,-0.22031858563423157,0.15214061737060547,0.15149271488189697,-0.015807345509529114]","[-1.1934523582458496,1.0722031593322754,2.0453977584838867,0.3700677752494812,0.9730644822120667,-0.2620254456996918,-1.1407256126403809,-1.9197760820388794,-2.5892369747161865,0.9276125431060791,0.7907546758651733,0.1388496607542038,-0.22488492727279663,-0.08698181807994843,3.352747917175293,-2.9798831939697266,1.6981279850006104,-2.1818106174468994,-2.0146913528442383,-0.01082303561270237,0.6789419054985046,-0.8273410201072693,-1.9920578002929688,-1.3745298385620117,3.411936044692993,-2.4318060874938965,-0.12680624425411224,0.5566365718841553,1.7589424848556519]",0.00406620604917407,0.015212523750960827,0.014201618731021881,0.1353648155927658,0.09701056778430939,4.850528389215469,0,0,0,0.49990829825401306,0.49924445152282715,0.9966945052146912,0.8649481534957886,0.9995461702346802,0.9961515665054321,-0.005964845418930054,-0.0,-0.0,0.0,0.0,0.0,0.0
19,0.38,19,"[0.004119249992072582,0.39732950925827026,1.1612534523010254,0.4994145333766937,0.16359733045101166,-0.008070753887295723,0.017645500600337982,-0.5856599807739258,-1.1831929683685303,0.5650454163551331,0.2683545649051666,0.0751258134841919,-0.026179999113082886,-0.09481688588857651,0.07016008347272873,-1.951678991317749,1.6121900081634521,-0.3727147579193115,-0.16724035143852234,0.0037552628200501204,0.26569774746894836,0.14497648179531097,-2.0726306438446045,-1.5545943975448608,0.4975047707557678,-0.2595701515674591,-0.13091152906417847,0.41578391194343567,-0.09276355057954788]","[-0.18832747638225555,0.35120534896850586,1.0074424743652344,0.47153240442276,0.1884181797504425,-0.10848623514175415,-0.20719341933727264,-0.6244213581085205,-1.1441867351531982,0.6462078094482422,0.1569688767194748,0.03397968411445618,-0.01866699568927288,-0.10417629033327103,-0.04346805065870285,-1.8061054944992065,1.5523127317428589,-0.2252468466758728,-0.028949227184057236,0.08414910733699799,0.0576685331761837,0.14906086027622223,-1.7847840785980225,-1.474500298500061,0.24533583223819733,-0.17777685821056366,-0.21457771956920624,0.16757732629776,-0.1560787409543991]","[0.0,0.0,0.0,0.0,0.0,0.0,0.0,0.0,0.0,0.0,0.0,0.0,0.0,0.0,0.0,0.0,0.0,0.0,0.0,0.0,0.0,0.0,0.0,0.0,0.0,0.0,0.0,0.0,0.0]","[-0.023557094857096672,-0.02139636129140854,0.0016737576806917787,-0.001578051713295281,0.1437949538230896,0.03979828208684921,0.07261306792497635,-0.1047796681523323,-0.2208939790725708,0.08703913539648056,0.06838024407625198,0.0017853057943284512,-0.00717155821621418,-0.000959154509473592,0.13534513115882874,-0.23460787534713745,0.18017412722110748,-0.10149967670440674,-0.09877706319093704,-0.16895288228988647,0.05535836145281792,0.001841884572058916,-0.2728937566280365,-0.30748704075813293,0.17182229459285736,-0.20311522483825684,0.14542452991008759,0.13052041828632355,-0.009850641712546349]","[-1.2015339136123657,1.0686029195785522,2.043928384780884,0.37115854024887085,0.9694623947143555,-0.2592807114124298,-1.1504087448120117,-1.92550528049469,-2.602971315383911,0.9297012686729431,0.7986544370651245,0.14167433977127075,-0.22942984104156494,-0.08998414874076843,3.39266300201416,-2.9630086421966553,1.6956404447555542,-2.1960253715515137,-2.0244436264038086,-0.018531272187829018,0.7071263194084167,-0.8553491830825806,-1.9610915184020996,-1.3764876127243042,3.452052354812622,-2.4502711296081543,-0.11602002382278442,0.5735936164855957,1.8044817447662354]",0.004065462853759527,0.014282381162047386,0.014279929921030998,0.13393713533878326,0.09711761772632599,4.855880886316299,0,0,0,0.4999081492424011,0.4993479251861572,0.9966749548912048,0.8680444955825806,0.999683141708374,0.9970881938934326,-0.004866024479269981,-0.0,-0.0,0.0,0.0,0.0,0.0
20,0.4,20,"[0.004119249992072582,0.39732950925827026,1.1612534523010254,0.4994145333766937,0.16359733045101166,-0.008070753887295723,0.017645500600337982,-0.5856599807739258,-1.1831929683685303,0.5650454163551331,0.2683545649051666,0.0751258134841919,-0.026179999113082886,-0.09481688588857651,0.07016008347272873,-1.951678991317749,1.6121900081634521,-0.3727147579193115,-0.16724035143852234,0.0037552628200501204,0.26569774746894836,0.14497648179531097,-2.0726306438446045,-1.5545943975448608,0.4975047707557678,-0.2595701515674591,-0.13091152906417847,0.41578391194343567,-0.09276355057954788]","[-0.18867778778076172,0.35080572962760925,1.0073857307434082,0.4715214967727661,0.19124376773834229,-0.10762087255716324,-0.20575231313705444,-0.6269031167030334,-1.1485532522201538,0.6484904885292053,0.15875713527202606,0.03404044359922409,-0.018825547769665718,-0.10410502552986145,-0.04068419337272644,-1.8103811740875244,1.5555986166000366,-0.22696000337600708,-0.030877558514475822,0.08076096326112747,0.05874567851424217,0.1491122841835022,-1.790101170539856,-1.4805350303649902,0.24878603219985962,-0.18164590001106262,-0.21177957952022552,0.16994468867778778,-0.1563340723514557]","[0.0,0.0,0.0,0.0,0.0,0.0,0.0,0.0,0.0,0.0,0.0,0.0,0.0,0.0,0.0,0.0,0.0,0.0,0.0,0.0,0.0,0.0,0.0,0.0,0.0,0.0,0.0,0.0,0.0]","[-0.010467449203133583,-0.010077116079628468,-0.00969000719487667,0.0008824775577522814,0.13643760979175568,0.044433847069740295,0.06340911239385605,-0.18089531362056732,-0.21961940824985504,0.21131235361099243,0.13491734862327576,-0.0029136892408132553,-0.010313982143998146,0.013269292190670967,0.13662278652191162,-0.19662359356880188,0.13812345266342163,-0.0789455696940422,-0.08658552169799805,-0.16871389746665955,0.04944370687007904,0.003657738910987973,-0.25313183665275574,-0.3077891170978546,0.16928771138191223,-0.19170598685741425,0.13708269596099854,0.11225826293230057,-0.007271055597811937]","[-1.207079291343689,1.0661369562149048,2.0421650409698486,0.3723393678665161,0.9639689326286316,-0.2573206126689911,-1.158724069595337,-1.9318923950195312,-2.6154255867004395,0.9316768646240234,0.8062453269958496,0.14470891654491425,-0.23449814319610596,-0.09217244386672974,3.427600145339966,-2.9480056762695312,1.6907142400741577,-2.2086639404296875,-2.032935380935669,-0.026131877675652504,0.7338662147521973,-0.8832967281341553,-1.930845856666565,-1.38068687915802,3.4884231090545654,-2.46655535697937,-0.1072375625371933,0.5872824192047119,1.8452701568603516]",0.0040571000427007675,0.013921094126999378,0.014381150715053082,0.1327001452445984,0.09719669073820114,4.859834536910057,0,0,0,0.4999086260795593,0.4993855059146881,0.9966538548469543,0.8707137107849121,0.9997256994247437,0.9975203275680542,-0.004072962794452906,-0.0,-0.0,0.0,0.0,0.0,0.0
21,0.42,21,"[0.004119249992072582,0.39732950925827026,1.1612534523010254,0.4994145333766937,0.16359733045101166,-0.008070753887295723,0.017645500600337982,-0.5856599807739258,-1.1831929683685303,0.5650454163551331,0.2683545649051666,0.0751258134841919,-0.026179999113082886,-0.09481688588857651,0.07016008347272873,-1.951678991317749,1.6121900081634521,-0.3727147579193115,-0.16724035143852234,0.0037552628200501204,0.26569774746894836,0.14497648179531097,-2.0726306438446045,-1.5545943975448608,0.4975047707557678,-0.2595701515674591,-0.13091152906417847,0.41578391194343567,-0.09276355057954788]","[-0.18908187747001648,0.3505457937717438,1.0073113441467285,0.4715345799922943,0.1939966231584549,-0.106700100004673,-0.20445658266544342,-0.6292375326156616,-1.152532696723938,0.6508731842041016,0.16099683940410614,0.034159280359745026,-0.01895354501903057,-0.10408822447061539,-0.03815224766731262,-1.8144662380218506,1.5586390495300293,-0.22860918939113617,-0.032715484499931335,0.07747899740934372,0.05970684438943863,0.14915989339351654,-1.7947208881378174,-1.4862995147705078,0.2516680061817169,-0.18552707135677338,-0.20913556218147278,0.1721518188714981,-0.15651151537895203]","[0.0,0.0,0.0,0.0,0.0,0.0,0.0,0.0,0.0,0.0,0.0,0.0,0.0,0.0,0.0,0.0,0.0,0.0,0.0,0.0,0.0,0.0,0.0,0.0,0.0,0.0,0.0,0.0,0.0]","[-0.02429983764886856,-0.0119240777567029,-0.00207062647677958,0.0009501288877800107,0.1376713067293167,0.04631885513663292,0.058008864521980286,-0.09480369091033936,-0.1841360628604889,0.08696470409631729,0.10207109898328781,0.008329948410391808,-0.00571999978274107,-0.0005201121093705297,0.1184476912021637,-0.20073525607585907,0.15732327103614807,-0.08195362240076065,-0.09105988591909409,-0.15981289744377136,0.045853059738874435,0.0015767501899972558,-0.22196239233016968,-0.27090758085250854,0.13434170186519623,-0.188858762383461,0.12822012603282928,0.10391414165496826,-0.006832916755229235]","[-1.2150402069091797,1.0618482828140259,2.040809154510498,0.3731716275215149,0.9610360860824585,-0.2556040585041046,-1.1682507991790771,-1.9334355592727661,-2.6270782947540283,0.9331942200660706,0.812344491481781,0.1469501554965973,-0.23721295595169067,-0.09720341861248016,3.4623055458068848,-2.9360570907592773,1.6909486055374146,-2.2219433784484863,-2.0407516956329346,-0.03213921934366226,0.7570675015449524,-0.9079911708831787,-1.9057815074920654,-1.3849419355392456,3.521310567855835,-2.4805498123168945,-0.09853474795818329,0.5989888906478882,1.8809072971343994]",0.00403109984472394,0.014027775265276432,0.014488623477518559,0.13158126175403595,0.09726462513208389,4.863231256604195,0,0,0,0.499909371137619,0.49939411878585815,0.9966209530830383,0.8732081651687622,0.9997313618659973,0.9976562857627869,-0.00328872655518353,-0.0,-0.0,0.0,0.0,0.0,0.0
22,0.44,22,"[0.004119249992072582,0.39732950925827026,1.1612534523010254,0.4994145333766937,0.16359733045101166,-0.008070753887295723,0.017645500600337982,-0.5856599807739258,-1.1831929683685303,0.5650454163551331,0.2683545649051666,0.0751258134841919,-0.026179999113082886,-0.09481688588857651,0.07016008347272873,-1.951678991317749,1.6121900081634521,-0.3727147579193115,-0.16724035143852234,0.0037552628200501204,0.26569774746894836,0.14497648179531097,-2.0726306438446045,-1.5545943975448608,0.4975047707557678,-0.2595701515674591,-0.13091152906417847,0.41578391194343567,-0.09276355057954788]","[-0.189505934715271,0.35027948021888733,1.0072523355484009,0.4715712368488312,0.19672374427318573,-0.10574891418218613,-0.203291118144989,-0.6310054063796997,-1.1560620069503784,0.6523035168647766,0.16300518810749054,0.03439417481422424,-0.019060686230659485,-0.10407045483589172,-0.03570631891489029,-1.8181482553482056,1.561740756034851,-0.2299383282661438,-0.034483905881643295,0.07424366474151611,0.060578979551792145,0.14918498694896698,-1.799216389656067,-1.4914482831954956,0.2544167935848236,-0.18914732336997986,-0.2067187875509262,0.17405478656291962,-0.1566665917634964]","[0.0,0.0,0.0,0.0,0.0,0.0,0.0,0.0,0.0,0.0,0.0,0.0,0.0,0.0,0.0,0.0,0.0,0.0,0.0,0.0,0.0,0.0,0.0,0.0,0.0,0.0,0.0,0.0,0.0]","[-0.021013300865888596,-0.012663759291172028,-0.0035908902063965797,0.002231135731562972,0.13473869860172272,0.047714944928884506,0.05269409343600273,-0.08487195521593094,-0.16547060012817383,0.0667184442281723,0.10106473416090012,0.012421776540577412,-0.005372387357056141,0.0017751518171280622,0.11800748109817505,-0.17495384812355042,0.1527465432882309,-0.06190331280231476,-0.08609110862016678,-0.1584588885307312,0.041120495647192,0.0008974499069154263,-0.2176065593957901,-0.24283330142498016,0.1323726326227188,-0.17201173305511475,0.11722040921449661,0.08591115474700928,-0.006960943341255188]","[-1.2192418575286865,1.0599663257598877,2.039224624633789,0.3740655779838562,0.9560095071792603,-0.2550078332424164,-1.1751338243484497,-1.9391874074935913,-2.6370952129364014,0.9351867437362671,0.8184594511985779,0.1501443237066269,-0.24112406373023987,-0.09718948602676392,3.4922306537628174,-2.922996997833252,1.686126470565796,-2.2309627532958984,-2.0474793910980225,-0.039060793817043304,0.7788740992546082,-0.9342946410179138,-1.8820387125015259,-1.3900047540664673,3.550957441329956,-2.4923267364501953,-0.0923832356929779,0.6071019172668457,1.9114160537719727]",0.003989884164184332,0.014761497266590595,0.014594021253287792,0.13069027662277222,0.09732572734355927,4.866286367177963,0,0,0,0.4999111294746399,0.4993402361869812,0.9965959787368774,0.8753063082695007,0.9997790455818176,0.9980387091636658,-0.002685235347598791,-0.0,-0.0,0.0,0.0,0.0,0.0
23,0.46,23,"[0.004119249992072582,0.39732950925827026,1.1612534523010254,0.4994145333766937,0.16359733045101166,-0.008070753887295723,0.017645500600337982,-0.5856599807739258,-1.1831929683685303,0.5650454163551331,0.2683545649051666,0.0751258134841919,-0.026179999113082886,-0.09481688588857651,0.07016008347272873,-1.951678991317749,1.6121900081634521,-0.3727147579193115,-0.16724035143852234,0.0037552628200501204,0.26569774746894836,0.14497648179531097,-2.0726306438446045,-1.5545943975448608,0.4975047707557678,-0.2595701515674591,-0.13091152906417847,0.41578391194343567,-0.09276355057954788]","[-0.18977193534374237,0.3501531779766083,1.0070713758468628,0.4716320037841797,0.19922591745853424,-0.10477298498153687,-0.20224687457084656,-0.6334307193756104,-1.1593589782714844,0.6550184488296509,0.16582058370113373,0.03459953889250755,-0.019193459302186966,-0.10396718978881836,-0.03346520662307739,-1.821372151374817,1.5642266273498535,-0.23111581802368164,-0.036030132323503494,0.07105687260627747,0.06131584569811821,0.14920450747013092,-1.8030146360397339,-1.4964157342910767,0.25689464807510376,-0.19259487092494965,-0.20459160208702087,0.1756906807422638,-0.1568448692560196]","[0.0,0.0,0.0,0.0,0.0,0.0,0.0,0.0,0.0,0.0,0.0,0.0,0.0,0.0,0.0,0.0,0.0,0.0,0.0,0.0,0.0,0.0,0.0,0.0,0.0,0.0,0.0,0.0,0.0]","[-0.014919295907020569,-0.008560827933251858,-0.006414611823856831,0.0023764430079609156,0.12193582206964493,0.04854784160852432,0.051407456398010254,-0.09035573899745941,-0.15212684869766235,0.09056241810321808,0.12447448074817657,0.014055234380066395,-0.004766467493027449,0.00020446631242521107,0.10321678966283798,-0.15900227427482605,0.12842802703380585,-0.0600702166557312,-0.07633756846189499,-0.15560640394687653,0.03448336198925972,-0.0001749862130964175,-0.1732282191514969,-0.2266221046447754,0.10963446646928787,-0.16489000618457794,0.10086820274591446,0.07469426095485687,-0.009606556966900826]","[-1.222838044166565,1.058160662651062,2.0377113819122314,0.3746221661567688,0.9509016871452332,-0.2545698583126068,-1.1817717552185059,-1.9440865516662598,-2.646160840988159,0.9372333884239197,0.8241963386535645,0.15298843383789062,-0.24503031373023987,-0.0975504070520401,3.518521785736084,-2.911750316619873,1.6809797286987305,-2.2395567893981934,-2.0537350177764893,-0.04486577957868576,0.7992985844612122,-0.9597479701042175,-1.860313057899475,-1.396686315536499,3.5777018070220947,-2.5026979446411133,-0.087160125374794,0.61323082447052,1.9382703304290771]",0.00395689532160759,0.015534155070781708,0.014713809825479984,0.12983673810958862,0.09737373143434525,4.868686571717262,0,0,0,0.4999125897884369,0.4992694556713104,0.9965605735778809,0.8772040009498596,0.9997844696044922,0.9981741309165955,-0.0022186448331922293,-0.0,-0.0,0.0,0.0,0.0,0.0
24,0.48,24,"[0.004119249992072582,0.39732950925827026,1.1612534523010254,0.4994145333766937,0.16359733045101166,-0.008070753887295723,0.017645500600337982,-0.5856599807739258,-1.1831929683685303,0.5650454163551331,0.2683545649051666,0.0751258134841919,-0.026179999113082886,-0.09481688588857651,0.07016008347272873,-1.951678991317749,1.6121900081634521,-0.3727147579193115,-0.16724035143852234,0.0037552628200501204,0.26569774746894836,0.14497648179531097,-2.0726306438446045,-1.5545943975448608,0.4975047707557678,-0.2595701515674591,-0.13091152906417847,0.41578391194343567,-0.09276355057954788]","[-0.190045565366745,0.3499717116355896,1.006941795349121,0.4716872274875641,0.20158761739730835,-0.10380574315786362,-0.20124714076519012,-0.6349717974662781,-1.1622262001037598,0.6563546061515808,0.16811013221740723,0.03494064882397652,-0.019269602373242378,-0.10393792390823364,-0.031393058598041534,-1.8243117332458496,1.5667790174484253,-0.23211894929409027,-0.03749644756317139,0.06799714267253876,0.0619487427175045,0.1491900533437729,-1.8064944744110107,-1.500605821609497,0.25909510254859924,-0.19570446014404297,-0.20272530615329742,0.17701973021030426,-0.15705867111682892]","[0.0,0.0,0.0,0.0,0.0,0.0,0.0,0.0,0.0,0.0,0.0,0.0,0.0,0.0,0.0,0.0,0.0,0.0,0.0,0.0,0.0,0.0,0.0,0.0,0.0,0.0,0.0,0.0,0.0]","[-0.014208436943590641,-0.008522900752723217,-0.006760935299098492,0.0029694491531699896,0.11552437394857407,0.047933463007211685,0.04449707269668579,-0.07179326564073563,-0.13333019614219666,0.05920962244272232,0.11099214851856232,0.0175327081233263,-0.003677680157124996,0.002453880850225687,0.0993698462843895,-0.13961558043956757,0.12617696821689606,-0.04680045321583748,-0.0705169290304184,-0.1486636996269226,0.029013948515057564,-0.0009606222156435251,-0.1695321500301361,-0.19573505222797394,0.10655619949102402,-0.14820367097854614,0.0899859145283699,0.060855116695165634,-0.009823739528656006]","[-1.2274165153503418,1.0557994842529297,2.0366201400756836,0.3747968077659607,0.9478756785392761,-0.25427618622779846,-1.1885074377059937,-1.9477356672286987,-2.654409646987915,0.9395118355751038,0.8289364576339722,0.1555597484111786,-0.2479461431503296,-0.09777763485908508,3.54402756690979,-2.9013638496398926,1.6781604290008545,-2.2470107078552246,-2.0596671104431152,-0.049430735409259796,0.8174063563346863,-0.9838129878044128,-1.8432707786560059,-1.4027338027954102,3.6016690731048584,-2.511380195617676,-0.08250142633914948,0.6174570322036743,1.9612221717834473]",0.003912240266799927,0.016675708815455437,0.014810822904109955,0.12922197580337524,0.0974200889468193,4.871004447340965,0,0,0,0.4999144971370697,0.4991629123687744,0.996534526348114,0.8787195086479187,0.9998475313186646,0.998592734336853,-0.001767353736795485,-0.0,-0.0,0.0,0.0,0.0,0.0
25,0.5,25,"[0.004119249992072582,0.39732950925827026,1.1612534523010254,0.4994145333766937,0.16359733045101166,-0.008070753887295723,0.017645500600337982,-0.5856599807739258,-1.1831929683685303,0.5650454163551331,0.2683545649051666,0.0751258134841919,-0.026179999113082886,-0.09481688588857651,0.07016008347272873,-1.951678991317749,1.6121900081634521,-0.3727147579193115,-0.16724035143852234,0.0037552628200501204,0.26569774746894836,0.14497648179531097,-2.0726306438446045,-1.5545943975448608,0.4975047707557678,-0.2595701515674591,-0.13091152906417847,0.41578391194343567,-0.09276355057954788]","[-0.19007669389247894,0.34947970509529114,1.00650155544281,0.47161561250686646,0.20368361473083496,-0.10280553251504898,-0.2007244974374771,-0.6378110647201538,-1.164643406867981,0.6593693494796753,0.171477809548378,0.035497602075338364,-0.019213180989027023,-0.10379315912723541,-0.02909754030406475,-1.826224446296692,1.5691088438034058,-0.23206228017807007,-0.03887493535876274,0.0641314685344696,0.06264916062355042,0.1492149829864502,-1.8102885484695435,-1.504140853881836,0.2612561285495758,-0.19808201491832733,-0.1997932493686676,0.17792204022407532,-0.15723596513271332]","[-0.19031500816345215,-0.1128658652305603,-0.5028784275054932,-0.01492425799369812,-0.037364661693573,-0.06457856297492981,-0.16332900524139404,-0.3092959523200989,0.10549426078796387,0.6651833653450012,-0.34030526876449585,0.007694773375988007,-0.023302016779780388,0.013580173254013062,-0.005278363823890686,0.16518831253051758,-0.03495216369628906,0.03127828240394592,0.1181475818157196,-0.08863154798746109,-0.23787468671798706,0.17331913113594055,0.13840198516845703,0.0470966100692749,-0.018402189016342163,0.0893712043762207,0.10087601840496063,-0.20192265510559082,-0.15820935368537903]","[-0.0008736508316360414,-0.031132075935602188,-0.023210769519209862,-0.005679119378328323,0.10053102672100067,0.04966386407613754,0.019672982394695282,-0.13753846287727356,-0.1093977689743042,0.14313505589962006,0.17710956931114197,0.03404238820075989,0.006517643574625254,0.0022537356708198786,0.11603475362062454,-0.09222021698951721,0.12033463269472122,0.008798936381936073,-0.07333191484212875,-0.19594921171665192,0.03601595386862755,0.0011374014429748058,-0.18242233991622925,-0.15771713852882385,0.09471143782138824,-0.10674586892127991,0.16166117787361145,0.03467142581939697,-0.009591901674866676]","[-1.1860476732254028,1.0408961772918701,2.0140113830566406,0.3467583656311035,0.9293810725212097,-0.254523366689682,-1.2394070625305176,-1.9747792482376099,-2.6760363578796387,0.9576084017753601,0.8414047360420227,0.17815658450126648,-0.24076396226882935,-0.06657008826732635,3.6190454959869385,-2.85728120803833,1.6450990438461304,-2.257479190826416,-2.0831727981567383,-0.07542378455400467,0.8501920104026794,-0.9891871809959412,-1.8155750036239624,-1.414451003074646,3.608438491821289,-2.4848544597625732,-0.06646955013275146,0.6337178945541382,2.026946544647217]",0.003888283856213093,0.0180532056838274,0.014941029250621796,0.12881700694561005,0.09705131500959396,4.852565750479698,0,0,0,0.4999156594276428,0.49902573227882385,0.9964938163757324,0.8799097537994385,0.9980283975601196,0.9926831126213074,-0.013491138815879822,-0.0,-0.0,0.0,0.0,0.0,0.0
26,0.52,26,"[-0.0034933502320200205,0.39281487464904785,1.1411383152008057,0.4988175630569458,0.16210274398326874,-0.010653896257281303,0.011112340725958347,-0.5980318188667297,-1.1789731979370117,0.5916527509689331,0.2547423541545868,0.07543360441923141,-0.0271120797842741,-0.09427367895841599,0.0699489489197731,-1.9450714588165283,1.6107919216156006,-0.3714636266231537,-0.16251444816589355,0.00021000081324018538,0.2561827600002289,0.1519092470407486,-2.067094564437866,-1.5527105331420898,0.49676868319511414,-0.2559953033924103,-0.12687648832798004,0.40770700573921204,-0.09909192472696304]","[-0.189891517162323,0.34786608815193176,1.0043725967407227,0.4713557958602905,0.20541080832481384,-0.10172596573829651,-0.20061352849006653,-0.6424962878227234,-1.1664191484451294,0.664169192314148,0.17577993869781494,0.03650165721774101,-0.018733471632003784,-0.10374266654253006,-0.025490639731287956,-1.8273125886917114,1.571244239807129,-0.23035810887813568,-0.040255699306726456,0.05873151123523712,0.06363696604967117,0.14926815032958984,-1.81611967086792,-1.5070011615753174,0.26426851749420166,-0.1990605741739273,-0.19520166516304016,0.17796757817268372,-0.15735556185245514]","[-0.38062965869903564,-0.2257309854030609,-1.0057568550109863,-0.02984851598739624,-0.07472969591617584,-0.12915700674057007,-0.3266576826572418,-0.6185904145240784,0.21098852157592773,1.3303637504577637,-0.6806113123893738,0.015389546751976013,-0.046603988856077194,0.0271601602435112,-0.010556541383266449,0.3303736448287964,-0.06990432739257812,0.06255656480789185,0.23629479110240936,-0.17726293206214905,-0.47574862837791443,0.3466375172138214,0.27680397033691406,0.09419620037078857,-0.036803632974624634,0.1787416636943817,0.20175185799598694,-0.40384456515312195,-0.31641852855682373]","[0.011340957134962082,-0.0944845974445343,-0.14257106184959412,-0.014504597522318363,0.07923992723226547,0.05443992838263512,0.0025739180855453014,-0.2713126540184021,-0.08010845631361008,0.29075777530670166,0.24859663844108582,0.053910937160253525,0.03558117896318436,0.0010798698058351874,0.20454701781272888,-0.04725377634167671,0.08362074941396713,0.10254406929016113,-0.07315396517515182,-0.2734262943267822,0.05258030816912651,0.0036341329105198383,-0.3091658055782318,-0.15010854601860046,0.15800152719020844,-0.029418598860502243,0.24872960150241852,-0.015412556007504463,-0.0062264492735266685]","[-1.1248306035995483,1.018587589263916,1.9538722038269043,0.3263646960258484,0.8940809369087219,-0.2527172863483429,-1.3217695951461792,-2.0075318813323975,-2.7044143676757812,1.0165071487426758,0.8451051712036133,0.20906388759613037,-0.2390596866607666,-0.01919792965054512,3.714642286300659,-2.7985119819641113,1.5850281715393066,-2.2769031524658203,-2.1091148853302,-0.11057288199663162,0.8831523060798645,-0.9751266837120056,-1.7793949842453003,-1.4411340951919556,3.6154706478118896,-2.4256327152252197,-0.05274049937725067,0.637840747833252,2.097921133041382]",0.004664210602641106,0.019739419221878052,0.015189778059720993,0.12264762073755264,0.09660514444112778,4.830257222056389,0,0,0,0.49987807869911194,0.4988571107387543,0.9964157938957214,0.8908494114875793,0.9932591319084167,0.9787299633026123,-0.027732640504837036,-0.0,-0.0,0.0,0.0,0.0,0.0
27,0.54,27,"[-0.011105936020612717,0.3883002698421478,1.121023178100586,0.4982205927371979,0.16060814261436462,-0.01323703397065401,0.004579193890094757,-0.6104035973548889,-1.1747534275054932,0.6182599663734436,0.24113011360168457,0.07574139535427094,-0.028044158592820168,-0.09373047947883606,0.06973782181739807,-1.9384640455245972,1.609393835067749,-0.37021249532699585,-0.15778855979442596,-0.0033352544996887445,0.2466678023338318,0.15884198248386383,-2.061558485031128,-1.5508265495300293,0.49603262543678284,-0.25242048501968384,-0.12284145504236221,0.3996301293373108,-0.10542029142379761]","[-0.18966756761074066,0.3451908230781555,0.9997641444206238,0.4710118770599365,0.20681151747703552,-0.10062602162361145,-0.20058602094650269,-0.6494362950325012,-1.1679738759994507,0.6716583371162415,0.18134541809558868,0.03762385994195938,-0.017548073083162308,-0.10388907790184021,-0.02048562653362751,-1.8280718326568604,1.5720831155776978,-0.22782789170742035,-0.04152579605579376,0.052926044911146164,0.06478743255138397,0.14955361187458038,-1.823515772819519,-1.5103375911712646,0.26835933327674866,-0.1990262269973755,-0.1898813098669052,0.17721611261367798,-0.1575494110584259]","[-0.3806300163269043,-0.2257309854030609,-1.005759835243225,-0.02984851598739624,-0.07472969591617584,-0.12915712594985962,-0.3266579508781433,-0.6185904145240784,0.21098852157592773,1.3303653001785278,-0.6806124448776245,0.015389546751976013,-0.046604033559560776,0.0271601602435112,-0.010556541383266449,0.3303736448287964,-0.06990432739257812,0.06255581974983215,0.2362951636314392,-0.17726309597492218,-0.47574901580810547,0.34663790464401245,0.2768099308013916,0.09419918060302734,-0.036804378032684326,0.1787424087524414,0.20175203680992126,-0.40384531021118164,-0.3164188861846924]","[0.005659915506839752,-0.1426612138748169,-0.25095197558403015,-0.016852393746376038,0.06550242751836777,0.054059095680713654,0.0023563208524137735,-0.32784974575042725,-0.073487788438797,0.3455429971218109,0.2732265293598175,0.059367842972278595,0.07759875804185867,-0.013245574198663235,0.26272451877593994,-0.044061895459890366,0.023085813969373703,0.1300268918275833,-0.06264110654592514,-0.28191515803337097,0.057302702218294144,0.017843585461378098,-0.37106311321258545,-0.16512872278690338,0.20208901166915894,0.01630738377571106,0.2661360502243042,-0.05143654718995094,-0.013324456289410591]","[-1.0878349542617798,1.0002803802490234,1.908576488494873,0.3157159686088562,0.8739005327224731,-0.25014200806617737,-1.3763689994812012,-2.0247139930725098,-2.7334985733032227,1.0713074207305908,0.842807948589325,0.22148296236991882,-0.26204434037208557,0.005882900208234787,3.7882614135742188,-2.7548446655273438,1.5377020835876465,-2.3053019046783447,-2.125581979751587,-0.13294081389904022,0.9035388231277466,-0.9651859402656555,-1.7396354675292969,-1.4681578874588013,3.6458370685577393,-2.3829755783081055,-0.039938658475875854,0.6405082941055298,2.1637492179870605]",0.005580260884016752,0.02209325321018696,0.015523535199463367,0.1172444224357605,0.09706764668226242,4.853382334113121,0,0,0,0.49982360005378723,0.49857962131500244,0.9962649941444397,0.9002848267555237,0.9937369227409363,0.9816626906394958,-0.016970457509160042,-0.0,-0.0,0.0,0.0,0.0,0.0
28,0.56,28,"[-0.018718549981713295,0.3837856352329254,1.1009079217910767,0.49762362241744995,0.1591135561466217,-0.015820180997252464,-0.0019539776258170605,-0.6227754354476929,-1.1705336570739746,0.6448673605918884,0.22751785814762115,0.07604918628931046,-0.028976241126656532,-0.09318727254867554,0.06952668726444244,-1.9318565130233765,1.6079957485198975,-0.3689613938331604,-0.153062641620636,-0.006880523171275854,0.2371527999639511,0.16577476263046265,-2.0560221672058105,-1.5489425659179688,0.49529650807380676,-0.24884560704231262,-0.11880640685558319,0.39155319333076477,-0.11174868047237396]","[-0.18975947797298431,0.34190207719802856,0.9928644299507141,0.47070151567459106,0.207950159907341,-0.09952256828546524,-0.20068387687206268,-0.6584945917129517,-1.169636845588684,0.6820225119590759,0.1880713850259781,0.03848881274461746,-0.016653774306178093,-0.10402421653270721,-0.015074562281370163,-1.828972578048706,1.5720304250717163,-0.2256554216146469,-0.04262786731123924,0.04751015454530716,0.06598648428916931,0.1501397043466568,-1.8308671712875366,-1.5132982730865479,0.2725803554058075,-0.19767321646213531,-0.1841696798801422,0.1752283275127411,-0.15805865824222565]","[-0.38063037395477295,-0.2257317304611206,-1.005759835243225,-0.02984851598739624,-0.07472969591617584,-0.12915724515914917,-0.3266582787036896,-0.6185904145240784,0.21098852157592773,1.3303667306900024,-0.6806124448776245,0.015389546751976013,-0.046604081988334656,0.027160346508026123,-0.010556727647781372,0.33037662506103516,-0.06990432739257812,0.06255581974983215,0.23629553616046906,-0.1772632896900177,-0.47574976086616516,0.3466382622718811,0.2768099308013916,0.09419918060302734,-0.03680512309074402,0.1787431538105011,0.20175223052501678,-0.40384605526924133,-0.3164190948009491]","[-0.006922475527971983,-0.1605927050113678,-0.3515433967113495,-0.014764772728085518,0.05030330270528793,0.05365423113107681,-0.002977639203891158,-0.44765180349349976,-0.08002731949090958,0.5316802263259888,0.36466309428215027,0.039099857211112976,0.039789292961359024,-0.010296018794178963,0.26772254705429077,-0.06745411455631256,-0.013117942027747631,0.08801764249801636,-0.06041181460022926,-0.26094651222229004,0.06226445734500885,0.028037473559379578,-0.3114323914051056,-0.13933256268501282,0.16658252477645874,0.07600320875644684,0.2774355113506317,-0.11976560950279236,-0.03362312167882919]","[-1.0651015043258667,0.9859934449195862,1.8746793270111084,0.30776864290237427,0.8626348972320557,-0.2458968311548233,-1.4164639711380005,-2.038151264190674,-2.76008677482605,1.1227974891662598,0.837984025478363,0.22519975900650024,-0.29240715503692627,0.023580167442560196,3.849226713180542,-2.716256618499756,1.49912691116333,-2.3344762325286865,-2.136237859725952,-0.14899374544620514,0.9149052500724792,-0.9567047953605652,-1.6997007131576538,-1.489995002746582,3.688654661178589,-2.3496475219726562,-0.027073534205555916,0.6392360329627991,2.223191022872925]",0.006554587744176388,0.024741459637880325,0.015949545428156853,0.1124204471707344,0.09735511243343353,4.867755621671677,0,0,0,0.49975723028182983,0.498202919960022,0.9960644841194153,0.9083946943283081,0.9945629835128784,0.9834387302398682,-0.012665055692195892,-0.0,-0.0,0.0,0.0,0.0,0.0
29,0.58,29,"[-0.02633115090429783,0.379271000623703,1.080792784690857,0.497026652097702,0.1576189547777176,-0.018403323367238045,-0.008487137034535408,-0.635147213935852,-1.166313886642456,0.6714746356010437,0.21390561759471893,0.07635697722434998,-0.029908321797847748,-0.09264406561851501,0.06931555271148682,-1.9252489805221558,1.606597661972046,-0.36771026253700256,-0.1483367383480072,-0.010425785556435585,0.22763781249523163,0.17270751297473907,-2.0504860877990723,-1.5470585823059082,0.4945604205131531,-0.2452707588672638,-0.11477136611938477,0.38347628712654114,-0.11807705461978912]","[-0.1912849098443985,0.3381531536579132,0.9849178194999695,0.470460444688797,0.20885971188545227,-0.09838631004095078,-0.20156662166118622,-0.6668221950531006,-1.1716312170028687,0.6911117434501648,0.19377003610134125,0.03918866068124771,-0.01614684984087944,-0.10429399460554123,-0.011429217644035816,-1.8296594619750977,1.5717716217041016,-0.2241298258304596,-0.04356158524751663,0.04259641841053963,0.06721211224794388,0.15081687271595,-1.8368165493011475,-1.514628291130066,0.27632221579551697,-0.19504991173744202,-0.1788802295923233,0.17194698750972748,-0.15901654958724976]","[-0.38062962889671326,-0.2257317304611206,-1.0057568550109863,-0.02984851598739624,-0.07472969591617584,-0.12915697693824768,-0.32665762305259705,-0.6185904145240784,0.21098852157592773,1.3303637504577637,-0.6806113123893738,0.015389546751976013,-0.046603988856077194,0.0271601602435112,-0.010556727647781372,0.3303736448287964,-0.06990432739257812,0.06255656480789185,0.2362951636314392,-0.17726294696331024,-0.47574901580810547,0.3466375172138214,0.27680397033691406,0.09419918060302734,-0.036804378032684326,0.1787424087524414,0.20175185799598694,-0.40384456515312195,-0.3164183497428894]","[-0.06860263645648956,-0.18931008875370026,-0.4240768849849701,-0.011846103705465794,0.04128867760300636,0.05674709007143974,-0.05798465013504028,-0.48036471009254456,-0.08104205876588821,0.5444251894950867,0.31358984112739563,0.021813422441482544,0.011559036560356617,-0.0036140724550932646,0.1835196167230606,-0.01708001084625721,-0.023763509467244148,0.06575470417737961,-0.039815500378608704,-0.22095201909542084,0.05750464275479317,0.041026029735803604,-0.28729048371315,-0.04631761834025383,0.19353674352169037,0.14824089407920837,0.2496267557144165,-0.1820942610502243,-0.050250597298145294]","[-1.0525954961776733,0.973131000995636,1.8460400104522705,0.3017783761024475,0.8594268560409546,-0.24011541903018951,-1.450661063194275,-2.047825813293457,-2.78356671333313,1.1717164516448975,0.8281894326210022,0.22517508268356323,-0.3138430118560791,0.03632502630352974,3.9102416038513184,-2.68013858795166,1.4737285375595093,-2.3610827922821045,-2.1399829387664795,-0.16010333597660065,0.9164619445800781,-0.947047770023346,-1.6657811403274536,-1.5027399063110352,3.7375919818878174,-2.3243298530578613,-0.014394493773579597,0.632283627986908,2.275918960571289]",0.007624331396073103,0.02710893377661705,0.016406316310167313,0.10840627551078796,0.09756141901016235,4.878070950508118,0,0,0,0.4996744394302368,0.4978066682815552,0.9958451390266418,0.9150586128234863,0.9936773180961609,0.9860581755638123,-0.010049257427453995,-0.0,-0.0,0.0,0.0,0.0,0.0
30,0.6,30,"[-0.03394373506307602,0.3747563660144806,1.0606776475906372,0.4964296817779541,0.15612436830997467,-0.020986460149288177,-0.015020282939076424,-0.647519052028656,-1.1620941162109375,0.698081910610199,0.2002934068441391,0.0766647681593895,-0.030840400606393814,-0.09210086613893509,0.06910441815853119,-1.9186415672302246,1.6051995754241943,-0.3664591312408447,-0.14361083507537842,-0.013971040956676006,0.21812283992767334,0.1796402633190155,-2.044950008392334,-1.5451745986938477,0.4938243329524994,-0.24169591069221497,-0.11073633283376694,0.3753994107246399,-0.12440541386604309]","[-0.19378988444805145,0.3343501389026642,0.9758551716804504,0.4702635407447815,0.20955239236354828,-0.09722954779863358,-0.20372115075588226,-0.6770614385604858,-1.1733230352401733,0.7033067345619202,0.200688898563385,0.03929278999567032,-0.016255222260951996,-0.10437808930873871,-0.009336460381746292,-1.8298934698104858,1.5707099437713623,-0.22315694391727448,-0.04434322938323021,0.03833194077014923,0.06840270757675171,0.1516178846359253,-1.8411797285079956,-1.5155830383300781,0.2797296941280365,-0.19196441769599915,-0.1744425892829895,0.16804103553295135,-0.16031555831432343]","[-0.3806300163269043,-0.2257309854030609,-1.005759835243225,-0.02984851598739624,-0.07472969591617584,-0.12915712594985962,-0.3266579508781433,-0.6185919046401978,0.21098554134368896,1.3303653001785278,-0.6806116700172424,0.015389546751976013,-0.046604033559560776,0.0271601602435112,-0.010556541383266449,0.33037662506103516,-0.06990432739257812,0.06255581974983215,0.2362951636314392,-0.17726309597492218,-0.4757493734359741,0.34663790464401245,0.27680397033691406,0.09419918060302734,-0.03680512309074402,0.17874278128147125,0.20175203680992126,-0.40384605526924133,-0.31641870737075806]","[-0.13587826490402222,-0.18355590105056763,-0.45296987891197205,-0.009659724310040474,0.03126026317477226,0.057414259761571884,-0.13027779757976532,-0.5175671577453613,-0.0666801705956459,0.6276513934135437,0.35841047763824463,-0.0036473646759986877,-0.007663259748369455,0.00014268280938267708,0.08162714540958405,-0.007812345866113901,-0.06572126597166061,0.0402165912091732,-0.039707910269498825,-0.20178720355033875,0.058917086571455,0.0388006865978241,-0.179790660738945,-0.0440511628985405,0.14769552648067474,0.15332719683647156,0.2024497538805008,-0.19965992867946625,-0.06617780029773712]","[-1.0422818660736084,0.9621509909629822,1.8198587894439697,0.2966274619102478,0.8576464653015137,-0.2335137277841568,-1.477259874343872,-2.059130907058716,-2.8038432598114014,1.2203710079193115,0.8183808922767639,0.22431963682174683,-0.3316102921962738,0.04533795639872551,3.970550775527954,-2.6478681564331055,1.4505974054336548,-2.3850626945495605,-2.13995099067688,-0.17012734711170197,0.9100401997566223,-0.9385408759117126,-1.6317121982574463,-1.512987732887268,3.787688970565796,-2.303647041320801,-0.00406852550804615,0.6239372491836548,2.3228578567504883]",0.008857419714331627,0.02867753803730011,0.01694774255156517,0.10465390980243683,0.09771833568811417,4.885916784405708,0,0,0,0.4995650053024292,0.497501939535141,0.9955816268920898,0.9208264946937561,0.9941749572753906,0.987106204032898,-0.008839360438287258,-0.0,-0.0,0.0,0.0,0.0,0.0
31,0.62,31,"[-0.04155635088682175,0.37024176120758057,1.040562391281128,0.4958327114582062,0.15462976694107056,-0.023569608107209206,-0.02155345492064953,-0.65989089012146,-1.1578744649887085,0.724689245223999,0.18668115139007568,0.07697255909442902,-0.03177248314023018,-0.09155765920877457,0.06889329105615616,-1.9120339155197144,1.6038014888763428,-0.3652080297470093,-0.13888493180274963,-0.017516309395432472,0.20860783755779266,0.18657302856445312,-2.0394139289855957,-1.543290615081787,0.4930882155895233,-0.23812104761600494,-0.10670128464698792,0.3673224449157715,-0.13073380291461945]","[-0.19734859466552734,0.33036795258522034,0.9662140607833862,0.470132052898407,0.21012599766254425,-0.09601031988859177,-0.20678554475307465,-0.6871369481086731,-1.1747753620147705,0.7153078317642212,0.20680111646652222,0.039031412452459335,-0.016292881220579147,-0.10446470230817795,-0.008443553932011127,-1.8300572633743286,1.5690840482711792,-0.22252875566482544,-0.04495147615671158,0.034564487636089325,0.0695658028125763,0.15243680775165558,-1.8446751832962036,-1.5158666372299194,0.28247785568237305,-0.1888113021850586,-0.17132124304771423,0.16408589482307434,-0.16141317784786224]","[-0.3806300461292267,-0.2257309854030609,-1.005759835243225,-0.02984851598739624,-0.07472969591617584,-0.12915708124637604,-0.3266579508781433,-0.6185904145240784,0.21098554134368896,1.3303653001785278,-0.6806116700172424,0.01538936048746109,-0.046604033559560776,0.0271601602435112,-0.010556541383266449,0.33037662506103516,-0.06990134716033936,0.06255581974983215,0.23629479110240936,-0.17726312577724457,-0.4757493734359741,0.34663790464401245,0.27680397033691406,0.09419620037078857,-0.03680512309074402,0.1787424087524414,0.20175203680992126,-0.40384605526924133,-0.31641870737075806]","[-0.1704566776752472,-0.1896962821483612,-0.5132099390029907,-0.003629363374784589,0.02480178326368332,0.06092460826039314,-0.15944862365722656,-0.5862084031105042,-0.0477551706135273,0.7340473532676697,0.37462085485458374,-0.0304403118789196,-0.008711852133274078,0.011205817572772503,0.05630111321806908,0.0005113210063427687,-0.1290900558233261,0.028872784227132797,-0.021227451041340828,-0.1686287671327591,0.055938657373189926,0.04490713030099869,-0.1415826678276062,-0.008446290157735348,0.09166740626096725,0.1372048258781433,0.10742269456386566,-0.17986512184143066,-0.027170225977897644]","[-1.0348169803619385,0.9514868855476379,1.7934725284576416,0.2915019392967224,0.8596839904785156,-0.22572346031665802,-1.4995481967926025,-2.070850372314453,-2.8226728439331055,1.2694158554077148,0.8055103421211243,0.22403642535209656,-0.3425205647945404,0.054495301097631454,4.035155296325684,-2.615772247314453,1.434098720550537,-2.406219482421875,-2.1364238262176514,-0.17986389994621277,0.8941065669059753,-0.9293314814567566,-1.603253960609436,-1.514316439628601,3.839672803878784,-2.285370111465454,0.004708392545580864,0.6132781505584717,2.3630876541137695]",0.010191923938691616,0.029944894835352898,0.01753455214202404,0.10129591822624207,0.09783068299293518,4.891534149646759,0,0,0,0.49942657351493835,0.49725937843322754,0.9952889680862427,0.9257147908210754,0.9943451881408691,0.9878720045089722,-0.008373105898499489,-0.0,-0.0,0.0,0.0,0.0,0.0
32,0.64,32,"[-0.04916893690824509,0.36572712659835815,1.0204472541809082,0.49523574113845825,0.15313518047332764,-0.02615274302661419,-0.028086600825190544,-0.6722626686096191,-1.15365469455719,0.7512965202331543,0.17306894063949585,0.07728034257888794,-0.032704561948776245,-0.09101445972919464,0.06868215650320053,-1.9054265022277832,1.6024035215377808,-0.36395689845085144,-0.13415904343128204,-0.021061565726995468,0.19909286499023438,0.19350577890872955,-2.0338778495788574,-1.5414067506790161,0.49235212802886963,-0.2345462143421173,-0.10266625136137009,0.35924556851387024,-0.1370621621608734]","[-0.20149029791355133,0.32616108655929565,0.9562681913375854,0.47004303336143494,0.2106410712003708,-0.09472671896219254,-0.21005891263484955,-0.696566104888916,-1.176216721534729,0.726503849029541,0.21140079200267792,0.03849983215332031,-0.016312167048454285,-0.10468762367963791,-0.008112863637506962,-1.8303277492523193,1.5672434568405151,-0.22196803987026215,-0.045350607484579086,0.031123541295528412,0.07061606645584106,0.15323811769485474,-1.8482786417007446,-1.515853762626648,0.28515028953552246,-0.1855861395597458,-0.1688595712184906,0.16033215820789337,-0.16216732561588287]","[-0.380629301071167,-0.2257309854030609,-1.0057538747787476,-0.02984851598739624,-0.074729323387146,-0.12915679812431335,-0.32665735483169556,-0.618588924407959,0.21098852157592773,1.330362319946289,-0.6806109547615051,0.015389546751976013,-0.046603940427303314,0.0271601602435112,-0.010556727647781372,0.3303736448287964,-0.06989836692810059,0.06255656480789185,0.2362951636314392,-0.17726276814937592,-0.47574901580810547,0.34663715958595276,0.27680397033691406,0.09419620037078857,-0.036804378032684326,0.17874203622341156,0.20175166428089142,-0.40384456515312195,-0.3164183497428894]","[-0.20893914997577667,-0.20475105941295624,-0.5111415386199951,-0.0032013426534831524,0.024193841964006424,0.06482210755348206,-0.17685015499591827,-0.4987947344779968,-0.05737832561135292,0.6044248938560486,0.23110470175743103,-0.035387955605983734,-0.004366095643490553,-0.0007461114437319338,0.013981515541672707,-0.007631716318428516,-0.11079927533864975,0.026589611545205116,-0.01657518744468689,-0.16096381843090057,0.05068228393793106,0.03921348229050636,-0.17020589113235474,0.004347437527030706,0.12280324846506119,0.1517542153596878,0.09372768551111221,-0.17838452756404877,-0.023154595866799355]","[-1.0302873849868774,0.9405481815338135,1.7686898708343506,0.2859702706336975,0.8645728230476379,-0.2181987315416336,-1.5204135179519653,-2.08042049407959,-2.841676950454712,1.3178448677062988,0.7925341129302979,0.2226933240890503,-0.3520897626876831,0.06058713421225548,4.099650859832764,-2.584632635116577,1.4226725101470947,-2.4280083179473877,-2.1325552463531494,-0.18933606147766113,0.8698009848594666,-0.9189321994781494,-1.5757592916488647,-1.5128748416900635,3.895205497741699,-2.266623020172119,0.011899245902895927,0.6020084619522095,2.3984615802764893]",0.011566783301532269,0.031193215399980545,0.018142858520150185,0.0982443168759346,0.09789632260799408,4.894816130399704,0,0,0,0.499261736869812,0.49702683091163635,0.9949600100517273,0.9300288558006287,0.9935359358787537,0.9882827997207642,-0.00827973522245884,-0.0,-0.0,0.0,0.0,0.0,0.0
33,0.66,33,"[-0.056781522929668427,0.36121252179145813,1.000332236289978,0.4946387708187103,0.15164059400558472,-0.028735879808664322,-0.03461974859237671,-0.6846344470977783,-1.1494349241256714,0.7779037356376648,0.15945671498775482,0.07758814096450806,-0.03363664075732231,-0.09047125279903412,0.0684710219502449,-1.8988189697265625,1.6010055541992188,-0.3627057671546936,-0.12943312525749207,-0.024606820195913315,0.1895778775215149,0.2004385143518448,-2.028341770172119,-1.5395227670669556,0.49161604046821594,-0.23097136616706848,-0.09863121807575226,0.3511686623096466,-0.14339053630828857]","[-0.20582787692546844,0.3219108283519745,0.9458500742912292,0.4700024425983429,0.21109189093112946,-0.09338647872209549,-0.21330438554286957,-0.7063296437263489,-1.1776431798934937,0.7384617924690247,0.21520769596099854,0.0375458188354969,-0.0166713185608387,-0.10483942925930023,-0.008098463527858257,-1.8305426836013794,1.5650262832641602,-0.22154174745082855,-0.04551224783062935,0.027864854782819748,0.07153394818305969,0.1539861112833023,-1.851857304573059,-1.515817403793335,0.2880590558052063,-0.18247784674167633,-0.1670430302619934,0.15694281458854675,-0.16271528601646423]","[-0.3806304335594177,-0.2257317304611206,-1.0057584047317505,-0.02984851598739624,-0.07472969591617584,-0.12915726006031036,-0.3266582787036896,-0.6185904145240784,0.21098852157592773,1.3303667306900024,-0.6806128025054932,0.015389733016490936,-0.046604033559560776,0.0271601602435112,-0.010556727647781372,0.33037662506103516,-0.06990432739257812,0.06255581974983215,0.23629572987556458,-0.17726324498653412,-0.4757501184940338,0.3466382622718811,0.27680397033691406,0.09419918060302734,-0.036804378032684326,0.17874278128147125,0.20175223052501678,-0.40384605526924133,-0.3164190948009491]","[-0.21659451723098755,-0.21493075788021088,-0.48751986026763916,-0.0039989519864320755,0.022796381264925003,0.06734108179807663,-0.15428096055984497,-0.4073505103588104,-0.08120555430650711,0.47868624329566956,0.10566377639770508,-0.037202682346105576,-0.00419578468427062,-0.017683714628219604,-0.005062793847173452,-0.018105538561940193,-0.0851711705327034,0.02178233116865158,-0.010401169769465923,-0.16404834389686584,0.042325690388679504,0.03332585096359253,-0.19347625970840454,0.005159265827387571,0.1685691475868225,0.1552923619747162,0.09044921398162842,-0.16507354378700256,-0.039025988429784775]","[-1.0244803428649902,0.9327024221420288,1.744011640548706,0.2806149125099182,0.8656469583511353,-0.21131975948810577,-1.5354797840118408,-2.095860004425049,-2.8590385913848877,1.3673770427703857,0.7808804512023926,0.22105643153190613,-0.3638191223144531,0.06943251192569733,4.160900592803955,-2.5508224964141846,1.4054436683654785,-2.4488492012023926,-2.126851797103882,-0.2006670981645584,0.8408327102661133,-0.910576581954956,-1.5445083379745483,-1.508834719657898,3.950256586074829,-2.250426769256592,0.017895890399813652,0.5884858965873718,2.426694631576538]",0.01299529243260622,0.0322466716170311,0.018798261880874634,0.09522738307714462,0.09796900302171707,4.898450151085854,0,0,0,0.4990662932395935,0.49682095646858215,0.9945892691612244,0.9339850544929504,0.9937541484832764,0.9884113669395447,-0.008176763541996479,-0.0,-0.0,0.0,0.0,0.0,0.0
34,0.68,34,"[-0.06439415365457535,0.35669785737991333,0.980216920375824,0.4940418004989624,0.1501459926366806,-0.0313190333545208,-0.04115293174982071,-0.6970062851905823,-1.1452151536941528,0.8045111894607544,0.14584442973136902,0.07789593189954758,-0.034568723291158676,-0.0899280533194542,0.06825988739728928,-1.8922114372253418,1.5996073484420776,-0.36145466566085815,-0.12470721453428268,-0.028152095153927803,0.18006286025047302,0.2073713093996048,-2.022805690765381,-1.537638783454895,0.49087995290756226,-0.22739650309085846,-0.09459616243839264,0.3430917263031006,-0.14971892535686493]","[-0.21006406843662262,0.31756091117858887,0.9351842999458313,0.46998029947280884,0.21148787438869476,-0.09198841452598572,-0.21642275154590607,-0.716192901134491,-1.179113507270813,0.7506681084632874,0.2175656259059906,0.0361923947930336,-0.017248768359422684,-0.10494595021009445,-0.008157613687217236,-1.8306498527526855,1.5626686811447144,-0.22125034034252167,-0.04544655978679657,0.02468491718173027,0.07230639457702637,0.15466931462287903,-1.8559913635253906,-1.515782356262207,0.29217347502708435,-0.17915472388267517,-0.16541141271591187,0.15373966097831726,-0.16355101764202118]","[-0.3806307911872864,-0.2257324755191803,-1.0057628154754639,-0.02984851598739624,-0.07472969591617584,-0.1291573941707611,-0.32665860652923584,-0.6185919046401978,0.21098852157592773,1.3303682804107666,-0.6806131601333618,0.015389546751976013,-0.04660412669181824,0.0271601602435112,-0.010556541383266449,0.33037662506103516,-0.0699073076248169,0.06255581974983215,0.23629535734653473,-0.17726346850395203,-0.4757501184940338,0.34663864970207214,0.27680397033691406,0.09419918060302734,-0.036804378032684326,0.17874278128147125,0.2017524093389511,-0.40384605526924133,-0.3164190948009491]","[-0.20062905550003052,-0.209844172000885,-0.5151846408843994,-0.0018899287097156048,0.01810118742287159,0.06900088489055634,-0.14435112476348877,-0.47882193326950073,-0.06962531805038452,0.6076623201370239,0.12253561615943909,-0.07455229759216309,-0.0309976227581501,-0.009770741686224937,-0.007427120581269264,-0.006017881445586681,-0.12840144336223602,0.007265239022672176,0.006147901061922312,-0.15610475838184357,0.03430524468421936,0.0321720652282238,-0.16484421491622925,0.000255983613897115,0.18527215719223022,0.15666572749614716,0.0748385339975357,-0.1517193615436554,-0.04929232969880104]","[-1.019258737564087,0.9268622994422913,1.719045877456665,0.27553075551986694,0.8648386001586914,-0.20468468964099884,-1.5481351613998413,-2.1148431301116943,-2.874880313873291,1.4172546863555908,0.7694459557533264,0.21888166666030884,-0.3762050271034241,0.08073310554027557,4.219666957855225,-2.515157699584961,1.3844398260116577,-2.468156576156616,-2.119565963745117,-0.21219193935394287,0.808607816696167,-0.9033442139625549,-1.5123666524887085,-1.5029038190841675,4.003848552703857,-2.236333131790161,0.023332787677645683,0.5726976990699768,2.448456048965454]",0.014436660334467888,0.033189140260219574,0.019481338560581207,0.09230443835258484,0.09803742170333862,4.901871085166931,0,0,0,0.4988488256931305,0.49660584330558777,0.9942007064819336,0.9375264644622803,0.9943054914474487,0.9884532690048218,-0.0080692358314991,-0.0,-0.0,0.0,0.0,0.0,0.0
35,0.7000000000000001,35,"[-0.07200675457715988,0.3521832227706909,0.9601017236709595,0.4934448301792145,0.14865140616893768,-0.03390217572450638,-0.04768609255552292,-0.7093781232833862,-1.1409953832626343,0.8311184644699097,0.1322321891784668,0.0782037228345871,-0.03550080582499504,-0.08938484638929367,0.06804876029491425,-1.885603904724121,1.598209261894226,-0.3602035343647003,-0.1199813112616539,-0.031697358936071396,0.17054787278175354,0.21430405974388123,-2.0172696113586426,-1.5357547998428345,0.49014386534690857,-0.22382165491580963,-0.09056112170219421,0.33501482009887695,-0.1560472995042801]","[-0.21421237289905548,0.31322020292282104,0.9249486327171326,0.46994897723197937,0.21185821294784546,-0.09054748713970184,-0.21931025385856628,-0.7247976064682007,-1.1807078123092651,0.7613935470581055,0.2179926484823227,0.03482073172926903,-0.01764138601720333,-0.1051890030503273,-0.008373972959816456,-1.8308321237564087,1.5603950023651123,-0.2211349755525589,-0.04521199315786362,0.021627994254231453,0.07287880778312683,0.15530818700790405,-1.8603888750076294,-1.5157051086425781,0.297248899936676,-0.1756795346736908,-0.1638808697462082,0.15072551369667053,-0.16492284834384918]","[-0.38062986731529236,-0.2257309854030609,-1.0057584047317505,-0.02984851598739624,-0.07472969591617584,-0.12915712594985962,-0.3266579508781433,-0.6185919046401978,0.21098852157592773,1.3303653001785278,-0.6806120276451111,0.015389546751976013,-0.046604033559560776,0.027160346508026123,-0.010556541383266449,0.33037662506103516,-0.06990432739257812,0.06255656480789185,0.2362951636314392,-0.17726314067840576,-0.4757493734359741,0.34663790464401245,0.2768099308013916,0.09419918060302734,-0.036804378032684326,0.1787424087524414,0.20175203680992126,-0.40384531021118164,-0.31641870737075806]","[-0.19615304470062256,-0.2071252167224884,-0.5233837962150574,-0.00018505357729736716,0.01721157319843769,0.0722789615392685,-0.15194517374038696,-0.4724982976913452,-0.05747837573289871,0.6076106429100037,0.03962603583931923,-0.09124214202165604,-0.033977098762989044,0.0004031657590530813,-0.006369686685502529,-0.00019846872601192445,-0.1290062963962555,0.0010287034092471004,0.016039099544286728,-0.1432529091835022,0.025466548278927803,0.0317336842417717,-0.21424336731433868,0.0003204908571206033,0.26680976152420044,0.17793169617652893,0.07654085010290146,-0.14978265762329102,-0.07459302246570587]","[-1.0189621448516846,0.9189156889915466,1.6944165229797363,0.27204829454421997,0.8675200343132019,-0.19756539165973663,-1.5629271268844604,-2.129152774810791,-2.8910343647003174,1.4656031131744385,0.7562371492385864,0.2161327600479126,-0.38312071561813354,0.0879749208688736,4.2809858322143555,-2.4818267822265625,1.371997594833374,-2.488292932510376,-2.1101014614105225,-0.22032885253429413,0.771414041519165,-0.8936686515808105,-1.4861479997634888,-1.4940873384475708,4.0565505027771,-2.2240710258483887,0.028465939685702324,0.5546466112136841,2.4679558277130127]",0.015832848846912384,0.034076787531375885,0.02015639655292034,0.08963523805141449,0.09807240217924118,4.903620108962059,0,0,0,0.4986145496368408,0.4964190423488617,0.9938035011291504,0.9405627846717834,0.9933021068572998,0.9886847734451294,-0.007766843307763338,-0.0,-0.0,0.0,0.0,0.0,0.0
36,0.72,36,"[-0.07961934804916382,0.3476686179637909,0.9399865865707397,0.49284785985946655,0.14715680480003357,-0.03648531809449196,-0.05421924963593483,-0.7217499613761902,-1.1367756128311157,0.8577257990837097,0.11861994862556458,0.07851151376962662,-0.03643288463354111,-0.08884163945913315,0.06783762574195862,-1.8789963722229004,1.5968111753463745,-0.3589524030685425,-0.11525540798902512,-0.03524262085556984,0.16103288531303406,0.22123682498931885,-2.011733293533325,-1.533870816230774,0.4894077777862549,-0.2202468067407608,-0.08652608096599579,0.3269379138946533,-0.16237567365169525]","[-0.21823269128799438,0.3091239929199219,0.9145124554634094,0.4699751138687134,0.21219031512737274,-0.08907664567232132,-0.22224006056785583,-0.7341011762619019,-1.1820013523101807,0.7737615704536438,0.21840845048427582,0.03233548253774643,-0.018622804433107376,-0.10530949383974075,-0.008973722346127033,-1.8308544158935547,1.5577044486999512,-0.22144564986228943,-0.04469610005617142,0.018796632066369057,0.07323537021875381,0.15592092275619507,-1.8642182350158691,-1.515716791152954,0.3030800521373749,-0.1720666140317917,-0.16229087114334106,0.14787036180496216,-0.16711150109767914]","[-0.38062986731529236,-0.2257309854030609,-1.0057584047317505,-0.02984851598739624,-0.07472969591617584,-0.12915712594985962,-0.3266579508781433,-0.6185904145240784,0.21098852157592773,1.3303653001785278,-0.6806118488311768,0.015389546751976013,-0.046604033559560776,0.0271601602435112,-0.010556727647781372,0.3303736448287964,-0.06990432739257812,0.06255581974983215,0.23629535734653473,-0.17726309597492218,-0.4757493734359741,0.34663790464401245,0.2768099308013916,0.09419918060302734,-0.036804378032684326,0.1787424087524414,0.20175203680992126,-0.40384531021118164,-0.3164190948009491]","[-0.19868609309196472,-0.20017004013061523,-0.47891300916671753,-0.0006831309874542058,0.0170233566313982,0.07317618280649185,-0.14658507704734802,-0.38586515188217163,-0.06955702602863312,0.5083727836608887,-0.03759349510073662,-0.09187862277030945,-0.026648957282304764,-0.01617358811199665,-0.040789853781461716,-0.0075684888288378716,-0.12024247646331787,-0.020263241603970528,0.024968134239315987,-0.14128142595291138,0.013560867868363857,0.027996789664030075,-0.18267041444778442,0.002465023659169674,0.30343931913375854,0.17994675040245056,0.08044704794883728,-0.1384887546300888,-0.13594387471675873]","[-1.0210044384002686,0.9111571907997131,1.6697473526000977,0.2693104147911072,0.8686104416847229,-0.19095541536808014,-1.5753040313720703,-2.1440329551696777,-2.9066498279571533,1.5140163898468018,0.7434560060501099,0.21282124519348145,-0.389862060546875,0.09280699491500854,4.3411030769348145,-2.4486136436462402,1.3595763444900513,-2.5096802711486816,-2.0977327823638916,-0.22823156416416168,0.7312152981758118,-0.8839643597602844,-1.4601882696151733,-1.4845272302627563,4.1072096824646,-2.213921546936035,0.032826587557792664,0.5347199440002441,2.483599901199341]",0.017246311530470848,0.034410830587148666,0.020848805084824562,0.08687356114387512,0.09813574701547623,4.906787350773811,0,0,0,0.49835336208343506,0.4963262975215912,0.9933743476867676,0.9434637427330017,0.9939815998077393,0.9889281392097473,-0.0076403324492275715,-0.0,-0.0,0.0,0.0,0.0,0.0
37,0.74,37,"[-0.08723194897174835,0.3431539833545685,0.9198713898658752,0.49225088953971863,0.14566221833229065,-0.03906846046447754,-0.06075241044163704,-0.7341217398643494,-1.1325558423995972,0.884333074092865,0.10500771552324295,0.07881930470466614,-0.03736496716737747,-0.08829843997955322,0.06762649118900299,-1.8723889589309692,1.595413088798523,-0.35770130157470703,-0.11052949726581573,-0.03878788277506828,0.15151789784431458,0.22816957533359528,-2.006197214126587,-1.5319868326187134,0.4886716902256012,-0.21667195856571198,-0.08249104022979736,0.3188610076904297,-0.1687040627002716]","[-0.22197295725345612,0.30527493357658386,0.9038519859313965,0.4700532853603363,0.21252119541168213,-0.08755912631750107,-0.22486071288585663,-0.7433250546455383,-1.1828899383544922,0.7869499921798706,0.21728633344173431,0.029777590185403824,-0.019991926848888397,-0.10528560727834702,-0.009637865237891674,-1.8307397365570068,1.5545891523361206,-0.22209438681602478,-0.043957535177469254,0.016008425503969193,0.07339759916067123,0.15648804605007172,-1.8673418760299683,-1.515782356262207,0.3095235824584961,-0.1681021749973297,-0.16026294231414795,0.14495736360549927,-0.17042399942874908]","[-0.36206766963005066,-0.24179592728614807,-0.9929507970809937,-0.027376413345336914,-0.0805780291557312,-0.12287693470716476,-0.31870314478874207,-0.5724459886550903,0.21358728408813477,1.2386441230773926,-0.631279706954956,0.015278533101081848,-0.04658633843064308,0.02739597111940384,-0.010546110570430756,0.31419992446899414,-0.08899569511413574,0.06024986505508423,0.25292152166366577,-0.15187403559684753,-0.48943236470222473,0.3215208649635315,0.2620577812194824,0.10894536972045898,-0.029169023036956787,0.19343607127666473,0.1790279597043991,-0.4165738821029663,-0.29671379923820496]","[-0.17296434938907623,-0.1819758117198944,-0.5122336149215698,0.0036585864145308733,0.01587534509599209,0.07480905205011368,-0.1212298721075058,-0.44444596767425537,-0.04828348383307457,0.6442512273788452,-0.031321991235017776,-0.13490542769432068,-0.07073138654232025,-0.005387403070926666,-0.04032321646809578,0.004238037392497063,-0.16845181584358215,-0.045090094208717346,0.04042813926935196,-0.1382760852575302,0.0032696742564439774,0.02600916475057602,-0.09794846922159195,-0.0037886998616158962,0.2987128496170044,0.19141100347042084,0.1040247455239296,-0.14102625846862793,-0.18773187696933746]","[-1.0243459939956665,0.9046800136566162,1.640831470489502,0.266449511051178,0.8676443099975586,-0.18383999168872833,-1.5754683017730713,-2.159700632095337,-2.912705421447754,1.562666654586792,0.7301311492919922,0.20751306414604187,-0.39341601729393005,0.1011577695608139,4.399019718170166,-2.410776376724243,1.3467276096343994,-2.521439552307129,-2.082812786102295,-0.2378196269273758,0.6893758773803711,-0.8826937675476074,-1.4293121099472046,-1.4712222814559937,4.148060321807861,-2.205899477005005,0.04073229432106018,0.518812894821167,2.4954094886779785]",0.018631497398018837,0.03432812541723251,0.021532796323299408,0.08419008553028107,0.09822670370340347,4.911335185170174,0,0,0,0.4980780780315399,0.49630388617515564,0.9929546117782593,0.9459268450737,0.9952911138534546,0.9899613261222839,-0.007180327549576759,-0.0,-0.0,0.0,0.0,0.0,0.0
38,0.76,38,"[-0.09410205483436584,0.33799678087234497,0.9002685546875,0.4917528033256531,0.14393368363380432,-0.04140039533376694,-0.06696737557649612,-0.7446478009223938,-1.1282321214675903,0.9072715640068054,0.093368761241436,0.07912265509366989,-0.03829633817076683,-0.087745800614357,0.06741578131914139,-1.8664283752441406,1.593251347541809,-0.3565424084663391,-0.10513854771852493,-0.04131758213043213,0.14145559072494507,0.2340976595878601,-2.001250982284546,-1.5295130014419556,0.4882410168647766,-0.2125093638896942,-0.07936496287584305,0.31027495861053467,-0.174244225025177]","[-0.22518637776374817,0.301785945892334,0.8936144113540649,0.4701438546180725,0.21287812292575836,-0.08601487427949905,-0.2268017828464508,-0.7508834600448608,-1.183668613433838,0.7989365458488464,0.21347835659980774,0.027768326923251152,-0.020970463752746582,-0.10540962219238281,-0.010188470594584942,-1.8306485414505005,1.5507203340530396,-0.22301124036312103,-0.043004509061574936,0.013126231729984283,0.07332541793584824,0.15696755051612854,-1.8685826063156128,-1.5158168077468872,0.31514278054237366,-0.1638418436050415,-0.15734559297561646,0.14181165397167206,-0.1747761070728302]","[-0.32494255900382996,-0.2739250659942627,-0.9673327207565308,-0.02243220806121826,-0.09227469563484192,-0.11031664907932281,-0.30279356241226196,-0.48015862703323364,0.21878182888031006,1.0552018880844116,-0.5326153635978699,0.015056878328323364,-0.04655085504055023,0.02786777913570404,-0.010525062680244446,0.28185248374938965,-0.12718439102172852,0.055639445781707764,0.28617364168167114,-0.10109599679708481,-0.516798734664917,0.271287202835083,0.23257136344909668,0.13843774795532227,-0.013899058103561401,0.22282376885414124,0.13358016312122345,-0.44203102588653564,-0.257302463054657]","[-0.14390534162521362,-0.16103582084178925,-0.5316221117973328,0.007226577028632164,0.01803124137222767,0.07785189896821976,-0.0934058204293251,-0.4129795730113983,-0.021281082183122635,0.6665941476821899,-0.17585326731204987,-0.10423593968153,-0.07345987856388092,0.00826235767453909,-0.014413902536034584,0.011754214763641357,-0.2120361328125,-0.051486317068338394,0.05130781605839729,-0.14021876454353333,-0.007587379775941372,0.02300257422029972,-0.036801692098379135,-0.00519438786432147,0.2827693819999695,0.21642394363880157,0.15260154008865356,-0.1604911983013153,-0.2344837486743927]","[-1.0313568115234375,0.8965826630592346,1.608407735824585,0.26513856649398804,0.8668382167816162,-0.1760655790567398,-1.5623748302459717,-2.1656477451324463,-2.9057466983795166,1.6071810722351074,0.7157209515571594,0.19899100065231323,-0.3836970329284668,0.10503123700618744,4.455624103546143,-2.3736824989318848,1.347766399383545,-2.5211191177368164,-2.064563512802124,-0.24562685191631317,0.6456981301307678,-0.892970860004425,-1.3917875289916992,-1.450740933418274,4.1744184494018555,-2.20280122756958,0.05432148277759552,0.5087159872055054,2.5077686309814453]",0.019907519221305847,0.03389661759138107,0.022174980491399765,0.08180233836174011,0.09830376505851746,4.915188252925873,0,0,0,0.49780136346817017,0.49638307094573975,0.9925702810287476,0.9479468464851379,0.9952394366264343,0.9921547770500183,-0.006907586008310318,-0.0,-0.0,0.0,0.0,0.0,0.0
39,0.78,39,"[-0.1002296507358551,0.332196980714798,0.881178081035614,0.4913536012172699,0.14197123050689697,-0.04348112642765045,-0.07286415249109268,-0.7533280849456787,-1.1238045692443848,0.9265411496162415,0.08370310068130493,0.07942157983779907,-0.03922700136899948,-0.08718372881412506,0.06720548868179321,-1.8611148595809937,1.5903257131576538,-0.3554757237434387,-0.09908255189657211,-0.042831722646951675,0.13084594905376434,0.23902106285095215,-1.996894359588623,-1.5264493227005005,0.48811572790145874,-0.20775900781154633,-0.07714783400297165,0.30117976665496826,-0.17899616062641144]","[-0.22789601981639862,0.2988037168979645,0.8828368782997131,0.4704413115978241,0.2132043093442917,-0.08447520434856415,-0.22833257913589478,-0.7585787773132324,-1.1841641664505005,0.8121141195297241,0.20940133929252625,0.025344321504235268,-0.022578394040465355,-0.10529942065477371,-0.01038964744657278,-1.8304741382598877,1.5461831092834473,-0.22419175505638123,-0.04161341115832329,0.01007643062621355,0.07289896160364151,0.1573648452758789,-1.8689155578613281,-1.515884518623352,0.3211440443992615,-0.1593516618013382,-0.15375463664531708,0.13867641985416412,-0.18021661043167114]","[-0.3063805401325226,-0.28999000787734985,-0.9545251727104187,-0.019959360361099243,-0.09812340140342712,-0.10403665155172348,-0.29483941197395325,-0.4340142011642456,0.2213805913925171,0.9634807705879211,-0.48328396677970886,0.014946050941944122,-0.04653325304389,0.028103776276111603,-0.010514818131923676,0.2656787633895874,-0.14628469944000244,0.05333349108695984,0.30280035734176636,-0.07570712268352509,-0.5304830074310303,0.2461705356836319,0.21783113479614258,0.15318691730499268,-0.006264448165893555,0.23751817643642426,0.11085644364356995,-0.45476034283638,-0.2375975251197815]","[-0.1246933564543724,-0.14132285118103027,-0.48800548911094666,0.012338448315858841,0.016809988766908646,0.07547058910131454,-0.07825847715139389,-0.30328369140625,-0.04065009951591492,0.5497944355010986,-0.2679157853126526,-0.0898091048002243,-0.044262953102588654,-0.0063793170265853405,-0.010247516445815563,0.0019161809468641877,-0.21323634684085846,-0.060224078595638275,0.06706348806619644,-0.14969800412654877,-0.026210078969597816,0.017218003049492836,-0.013075891882181168,0.001134825055487454,0.3114185333251953,0.22280177474021912,0.18262211978435516,-0.15258431434631348,-0.29667535424232483]","[-1.0414267778396606,0.8897887468338013,1.5782866477966309,0.2663392424583435,0.8615002036094666,-0.17125041782855988,-1.546966552734375,-2.1705188751220703,-2.897087335586548,1.6462681293487549,0.7041773200035095,0.18997949361801147,-0.3708096742630005,0.1070571094751358,4.50832986831665,-2.3386852741241455,1.3545925617218018,-2.521056652069092,-2.0420968532562256,-0.2529760003089905,0.6009184718132019,-0.9102117419242859,-1.3554832935333252,-1.429809808731079,4.19963264465332,-2.20351243019104,0.0650244951248169,0.49608132243156433,2.5183184146881104]",0.021103516221046448,0.0329987034201622,0.02280174382030964,0.07946720719337463,0.09836537390947342,4.918268695473671,0,0,0,0.4975211024284363,0.4965597689151764,0.992198646068573,0.9500551223754883,0.9959074854850769,0.9925491213798523,-0.006522463634610176,-0.0,-0.0,0.0,0.0,0.0,0.0
40,0.8,40,"[-0.10635727643966675,0.326397180557251,0.8620875477790833,0.4909544289112091,0.14000874757766724,-0.045561861246824265,-0.07876095175743103,-0.7620083689689636,-1.1193768978118896,0.9458107948303223,0.07403740286827087,0.07972049713134766,-0.04015766829252243,-0.08662164956331253,0.06699518859386444,-1.8558012247085571,1.587399959564209,-0.3544090688228607,-0.0930265337228775,-0.04434586688876152,0.12023627012968063,0.24394448101520538,-1.9925377368927002,-1.5233855247497559,0.48799043893814087,-0.20300863683223724,-0.07493070513010025,0.29208454489707947,-0.18374812602996826]","[-0.23048105835914612,0.29635486006736755,0.8716990351676941,0.47098129987716675,0.21349182724952698,-0.08297566324472427,-0.2298014611005783,-0.765595555305481,-1.1844489574432373,0.825339674949646,0.2042001485824585,0.023179439827799797,-0.024485306814312935,-0.1048668697476387,-0.010436094366014004,-1.8302165269851685,1.5411829948425293,-0.22553470730781555,-0.03973259776830673,0.006721679586917162,0.0720638781785965,0.1577042192220688,-1.868959665298462,-1.5159571170806885,0.3280865252017975,-0.15462133288383484,-0.15010561048984528,0.13557623326778412,-0.18674440681934357]","[-0.3063799738883972,-0.28998926281929016,-0.9545236825942993,-0.019959360361099243,-0.09812302887439728,-0.1040363684296608,-0.2948388457298279,-0.4340142011642456,0.22137761116027832,0.9634792804718018,-0.48328304290771484,0.0149458646774292,-0.04653315991163254,0.02810359001159668,-0.010514631867408752,0.2656787633895874,-0.14628171920776367,0.053332746028900146,0.302799791097641,-0.07570712268352509,-0.5304819345474243,0.24617016315460205,0.2178281545639038,0.15318989753723145,-0.006263703107833862,0.2375178039073944,0.11085625737905502,-0.4547595977783203,-0.2375975251197815]","[-0.12570780515670776,-0.10737428069114685,-0.5479446053504944,0.032521769404411316,0.011646418832242489,0.07267860323190689,-0.06973285228013992,-0.3276618421077728,-0.020490406081080437,0.6306677460670471,-0.2128858119249344,-0.11446507275104523,-0.09906444698572159,0.02530512586236,-0.002797854831442237,0.009602460078895092,-0.24745112657546997,-0.07436341047286987,0.09974158555269241,-0.16744093596935272,-0.05010000243782997,0.016213465481996536,-0.0008160024881362915,-0.0028574028983712196,0.3696572780609131,0.23276403546333313,0.17789337038993835,-0.14515267312526703,-0.34709158539772034]","[-1.0543421506881714,0.8846607208251953,1.550978422164917,0.2664967179298401,0.8542507290840149,-0.16891904175281525,-1.5366628170013428,-2.1802563667297363,-2.8917722702026367,1.6831955909729004,0.6932392716407776,0.1838233768939972,-0.36205440759658813,0.11200661957263947,4.558714389801025,-2.3019707202911377,1.3580483198165894,-2.5266284942626953,-2.0174875259399414,-0.26108983159065247,0.5558117032051086,-0.9269940257072449,-1.3279529809951782,-1.413814663887024,4.22906494140625,-2.2037062644958496,0.07055708765983582,0.47902750968933105,2.5252726078033447]",0.022214610129594803,0.03183044493198395,0.023410554975271225,0.07756540179252625,0.09839103370904922,4.919551685452461,0,0,0,0.4972519278526306,0.4967735707759857,0.9918390512466431,0.9517004489898682,0.9961793422698975,0.9918151497840881,-0.006007774733006954,-0.0,-0.0,0.0,0.0,0.0,0.0
41,0.8200000000000001,41,"[-0.11248484998941422,0.32059741020202637,0.842997133731842,0.4905552268028259,0.13804630935192108,-0.047642581164836884,-0.0846577063202858,-0.7706886529922485,-1.1149494647979736,0.9650803208351135,0.06437177956104279,0.08001941442489624,-0.04108832776546478,-0.0860595852136612,0.06678490340709686,-1.8504877090454102,1.5844744443893433,-0.3533424139022827,-0.08697056025266647,-0.04586000740528107,0.10962667316198349,0.24886786937713623,-1.988181233406067,-1.5203217267990112,0.4878651797771454,-0.19825829565525055,-0.07271358370780945,0.28298938274383545,-0.1885000616312027]","[-0.23299311101436615,0.29425087571144104,0.8611087799072266,0.471670538187027,0.21374712884426117,-0.08155219256877899,-0.23122312128543854,-0.7711055874824524,-1.1848397254943848,0.8367920517921448,0.19802357256412506,0.021419046446681023,-0.025813966989517212,-0.10452790558338165,-0.01056073047220707,-1.8300119638442993,1.5359760522842407,-0.22702310979366302,-0.03735289350152016,0.0032327240332961082,0.07067299634218216,0.15802276134490967,-1.869014859199524,-1.5159374475479126,0.33596357703208923,-0.14975546300411224,-0.14674276113510132,0.13264113664627075,-0.19416767358779907]","[-0.30637943744659424,-0.28998851776123047,-0.9545236825942993,-0.019960105419158936,-0.09812265634536743,-0.10403627902269363,-0.2948382794857025,-0.4340142011642456,0.22137761116027832,0.9634777903556824,-0.4832821190357208,0.0149458646774292,-0.04653315991163254,0.028103403747081757,-0.010514259338378906,0.2656787633895874,-0.1462787389755249,0.053332746028900146,0.3027990460395813,-0.07570702582597733,-0.5304809808731079,0.2461697906255722,0.2178281545639038,0.15318691730499268,-0.006263703107833862,0.23751743137836456,0.1108560711145401,-0.4547588527202606,-0.23759715259075165]","[-0.12205982953310013,-0.09262409806251526,-0.5521526336669922,0.039238423109054565,0.01246303878724575,0.07087892293930054,-0.07933894544839859,-0.3067586421966553,0.00043092473060823977,0.6232588291168213,-0.26000893115997314,-0.09239257127046585,-0.09417267143726349,0.034090377390384674,1.4070546058064792e-05,0.01700952835381031,-0.2728586792945862,-0.07858974486589432,0.12621550261974335,-0.17122794687747955,-0.07892635464668274,0.016199372708797455,0.0011428726138547063,-0.003774054814130068,0.41340383887290955,0.24694393575191498,0.16059133410453796,-0.14621873199939728,-0.38552233576774597]","[-1.0689903497695923,0.8761817812919617,1.5264091491699219,0.2670137286186218,0.8510843515396118,-0.1664855033159256,-1.5347716808319092,-2.1878416538238525,-2.8887763023376465,1.718228816986084,0.6806901693344116,0.17895722389221191,-0.34811675548553467,0.11102810502052307,4.612620830535889,-2.269566059112549,1.3684908151626587,-2.538013458251953,-1.9916056394577026,-0.26594972610473633,0.5101648569107056,-0.937774121761322,-1.3098496198654175,-1.3975683450698853,4.258946895599365,-2.203681230545044,0.07360824942588806,0.4576558470726013,2.5329513549804688]",0.02322033978998661,0.030536530539393425,0.023971905931830406,0.07628932595252991,0.09840814024209976,4.920407012104988,0,0,0,0.49699538946151733,0.4970206320285797,0.9914944767951965,0.9528459906578064,0.995907723903656,0.9919818639755249,-0.00583885470405221,-0.0,-0.0,0.0,0.0,0.0,0.0
42,0.84,42,"[-0.11861245334148407,0.31479763984680176,0.8239066004753113,0.49015602469444275,0.13608384132385254,-0.0497233122587204,-0.09055448323488235,-0.7793689370155334,-1.1105217933654785,0.9843499064445496,0.05470611900091171,0.08031833171844482,-0.04201899468898773,-0.08549751341342926,0.06657461822032928,-1.8451740741729736,1.581548810005188,-0.3522757589817047,-0.08091457188129425,-0.04737414792180061,0.09901703149080276,0.25379127264022827,-1.983824610710144,-1.5172580480575562,0.4877398908138275,-0.19350793957710266,-0.07049646228551865,0.27389419078826904,-0.19325201213359833]","[-0.23564870655536652,0.2926318645477295,0.8497189283370972,0.4726671278476715,0.21394462883472443,-0.08018814772367477,-0.23255759477615356,-0.7768316864967346,-1.1848349571228027,0.8489918112754822,0.19324755668640137,0.019063308835029602,-0.02781379409134388,-0.10371015220880508,-0.010709347203373909,-1.82942533493042,1.530250072479248,-0.22849422693252563,-0.03427855670452118,-0.00030943629099056125,0.0684313252568245,0.1583550125360489,-1.8690143823623657,-1.5159502029418945,0.34483543038368225,-0.14478273689746857,-0.1438022404909134,0.12985698878765106,-0.2022714614868164]","[-0.3063799738883972,-0.28998926281929016,-0.9545251727104187,-0.019960105419158936,-0.09812302887439728,-0.10403646528720856,-0.2948388457298279,-0.4340142011642456,0.2213805913925171,0.9634807705879211,-0.48328304290771484,0.014946050941944122,-0.04653325304389,0.028103403747081757,-0.01051444560289383,0.2656787633895874,-0.14628171920776367,0.05333349108695984,0.30279961228370667,-0.07570702582597733,-0.5304821133613586,0.24617016315460205,0.2178281545639038,0.15318691730499268,-0.006264448165893555,0.2375178039073944,0.11085625737905502,-0.4547595977783203,-0.2375975251197815]","[-0.1258675754070282,-0.07687006890773773,-0.5182316899299622,0.04685825854539871,0.010107165202498436,0.06604022532701492,-0.07126375287771225,-0.22106873989105225,-0.014642798341810703,0.5123335123062134,-0.2759077548980713,-0.0901050865650177,-0.056840039789676666,0.02690885402262211,-0.01098685897886753,0.022459998726844788,-0.276001513004303,-0.07322396337985992,0.15475605428218842,-0.17235183715820312,-0.12222611904144287,0.015468521043658257,-0.0047301482409238815,0.003719316329807043,0.4520633816719055,0.24737237393856049,0.14079996943473816,-0.13430973887443542,-0.41751933097839355]","[-1.085792064666748,0.8668699264526367,1.502112865447998,0.26836198568344116,0.8470137119293213,-0.16491283476352692,-1.5340869426727295,-2.195951461791992,-2.8871796131134033,1.7533073425292969,0.6700211763381958,0.17367973923683167,-0.33685067296028137,0.10832542181015015,4.665708065032959,-2.2366952896118164,1.3801965713500977,-2.5528721809387207,-1.9624965190887451,-0.2704373598098755,0.46427205204963684,-0.9476131796836853,-1.2967525720596313,-1.38254976272583,4.2893524169921875,-2.2031502723693848,0.07502306997776031,0.43363717198371887,2.5391182899475098]",0.024193553254008293,0.02892761491239071,0.024516869336366653,0.07522568106651306,0.09842626750469208,4.921313375234604,0,0,0,0.4967336654663086,0.49731871485710144,0.9911394715309143,0.9538673758506775,0.996362030506134,0.9918027520179749,-0.005910579580813646,-0.0,-0.0,0.0,0.0,0.0,0.0
43,0.86,43,"[-0.12474004924297333,0.30899783968925476,0.8048161268234253,0.48975682258605957,0.1341213881969452,-0.051804039627313614,-0.09645126014947891,-0.7880492210388184,-1.106094241142273,1.0036195516586304,0.04504045844078064,0.080617256462574,-0.04294965788722038,-0.08493544906377792,0.06636432558298111,-1.8398605585098267,1.5786231756210327,-0.3512090742588043,-0.07485857605934143,-0.04888828843832016,0.08840738981962204,0.2587146759033203,-1.9794681072235107,-1.5141942501068115,0.48761460185050964,-0.18875758349895477,-0.06827933341264725,0.26479899883270264,-0.19800396263599396]","[-0.23850418627262115,0.2912440598011017,0.8379073143005371,0.4738502502441406,0.21413306891918182,-0.07887528091669083,-0.23407110571861267,-0.7823805809020996,-1.1843920946121216,0.861437201499939,0.18820123374462128,0.016802173107862473,-0.03003053367137909,-0.10265762358903885,-0.011021182872354984,-1.8285081386566162,1.52409029006958,-0.22987577319145203,-0.03059385158121586,-0.00391654297709465,0.06536396592855453,0.15865707397460938,-1.869014859199524,-1.5159544944763184,0.3545117676258087,-0.1396079659461975,-0.14121708273887634,0.12709733843803406,-0.21093809604644775]","[-0.3063797950744629,-0.28998926281929016,-0.9545236825942993,-0.019960105419158936,-0.09812302887439728,-0.10403646528720856,-0.2948388457298279,-0.4340142011642456,0.22137761116027832,0.9634807705879211,-0.48328304290771484,0.014946050941944122,-0.04653315991163254,0.028103403747081757,-0.010514631867408752,0.2656787633895874,-0.14628171920776367,0.05333349108695984,0.302799791097641,-0.07570702582597733,-0.5304819345474243,0.24617016315460205,0.2178281545639038,0.15318691730499268,-0.006263703107833862,0.2375178039073944,0.11085625737905502,-0.4547588527202606,-0.2375975251197815]","[-0.1385444849729538,-0.058893825858831406,-0.5838373303413391,0.06217309460043907,0.0075212628580629826,0.06363672763109207,-0.07192633301019669,-0.259626567363739,0.020227497443556786,0.5987292528152466,-0.20569585263729095,-0.11932084709405899,-0.1112278550863266,0.05768246576189995,-0.01463877409696579,0.05786674842238426,-0.3053196370601654,-0.059812627732753754,0.18691368401050568,-0.17672933638095856,-0.16547845304012299,0.014239956624805927,-0.0007818767917342484,0.001516396994702518,0.498232901096344,0.25404125452041626,0.12454628944396973,-0.13032855093479156,-0.4439047574996948]","[-1.1035714149475098,0.8578632473945618,1.477158784866333,0.26823872327804565,0.8423658609390259,-0.1636212021112442,-1.5328794717788696,-2.206667423248291,-2.884204864501953,1.7892889976501465,0.6598713397979736,0.1687414050102234,-0.33002448081970215,0.10808730125427246,4.717700481414795,-2.199629306793213,1.3888550996780396,-2.568847417831421,-1.93137526512146,-0.27493155002593994,0.41901305317878723,-0.9564453959465027,-1.2865263223648071,-1.3705699443817139,4.319302558898926,-2.2002973556518555,0.07618844509124756,0.4093315303325653,2.543527603149414]",0.025141047313809395,0.02711883746087551,0.025040052831172943,0.07458791136741638,0.0984148308634758,4.92074154317379,0,0,0,0.49647605419158936,0.4976230561733246,0.9907982349395752,0.9543901085853577,0.9965923428535461,0.9908242225646973,-0.005962147377431393,-0.0,-0.0,0.0,0.0,0.0,0.0
44,0.88,44,"[-0.13086764514446259,0.30319806933403015,0.7857256531715393,0.4893576204776764,0.13215892016887665,-0.05388477072119713,-0.10234803706407547,-0.7967295050621033,-1.1016666889190674,1.0228891372680664,0.03537479788064957,0.08091617375612259,-0.04388032108545303,-0.08437337726354599,0.06615403294563293,-1.8345469236373901,1.5756975412368774,-0.3501424193382263,-0.06880258023738861,-0.050402428954839706,0.07779775559902191,0.26363807916641235,-1.975111484527588,-1.5111305713653564,0.48748934268951416,-0.18400722742080688,-0.06606221199035645,0.2557038366794586,-0.2027559131383896]","[-0.24174149334430695,0.28994637727737427,0.8264909386634827,0.4750971496105194,0.2143181413412094,-0.07762142270803452,-0.23614279925823212,-0.7871108055114746,-1.1838964223861694,0.8728922009468079,0.18277914822101593,0.014912922866642475,-0.031885623931884766,-0.10173321515321732,-0.012069573625922203,-1.8273457288742065,1.5179089307785034,-0.23128293454647064,-0.026480095461010933,-0.007381902541965246,0.06155717372894287,0.1588982194662094,-1.8690931797027588,-1.5158557891845703,0.3650197982788086,-0.13434681296348572,-0.13883863389492035,0.12449584901332855,-0.2201482653617859]","[-0.30638018250465393,-0.28998926281929016,-0.9545236825942993,-0.019959360361099243,-0.09812302887439728,-0.10403646528720856,-0.2948388457298279,-0.4340127110481262,0.22137761116027832,0.9634792804718018,-0.48328298330307007,0.0149458646774292,-0.04653315991163254,0.02810359001159668,-0.010514631867408752,0.2656787633895874,-0.14628171920776367,0.053332746028900146,0.302799791097641,-0.07570702582597733,-0.5304819345474243,0.24617016315460205,0.2178281545639038,0.15318691730499268,-0.006263703107833862,0.2375178039073944,0.1108560711145401,-0.45475924015045166,-0.2375975251197815]","[-0.15422289073467255,-0.06037916988134384,-0.5553779006004333,0.061373092234134674,0.009372291155159473,0.06157083809375763,-0.11315231770277023,-0.2259325087070465,0.029029684141278267,0.5537970066070557,-0.2491777241230011,-0.08615832775831223,-0.08652133494615555,0.0450393371284008,-0.04863196238875389,0.054438695311546326,-0.30312150716781616,-0.07389868050813675,0.20531387627124786,-0.1668100506067276,-0.19701428711414337,0.010264063253998756,-0.0057266270741820335,0.005268711131066084,0.5336832404136658,0.2611761689186096,0.11605987697839737,-0.1254318207502365,-0.46878764033317566]","[-1.1212656497955322,0.8453627228736877,1.4538092613220215,0.26909714937210083,0.8405446410179138,-0.16132672131061554,-1.5362483263015747,-2.2145180702209473,-2.8818516731262207,1.8241426944732666,0.6486002206802368,0.16407237946987152,-0.31836920976638794,0.10176186263561249,4.773396968841553,-2.1663689613342285,1.4041951894760132,-2.5883264541625977,-1.8982218503952026,-0.27544140815734863,0.37387189269065857,-0.9592778086662292,-1.2812892198562622,-1.3574525117874146,4.347343921661377,-2.196953058242798,0.07688650488853455,0.38231614232063293,2.550255537033081]",0.026078592985868454,0.025054702535271645,0.02553725615143776,0.07457885146141052,0.09841390699148178,4.920695349574089,0,0,0,0.49621033668518066,0.4979579746723175,0.9904578328132629,0.9544739723205566,0.9965932965278625,0.9911936521530151,-0.006191348657011986,-0.0,-0.0,0.0,0.0,0.0,0.0
45,0.9,45,"[-0.13699525594711304,0.29739826917648315,0.7666351795196533,0.4889584481716156,0.1301964670419693,-0.055965498089790344,-0.10824481397867203,-0.8054097294807434,-1.0972391366958618,1.0421587228775024,0.025709139183163643,0.08121509104967117,-0.044810984283685684,-0.08381130546331406,0.06594374030828476,-1.8292334079742432,1.5727719068527222,-0.3490757644176483,-0.06274658441543579,-0.05191656947135925,0.06718811392784119,0.2685614824295044,-1.9707549810409546,-1.5080667734146118,0.4873640537261963,-0.179256871342659,-0.06384509056806564,0.24660862982273102,-0.20750786364078522]","[-0.2453858107328415,0.28869879245758057,0.8148795366287231,0.47643527388572693,0.21449759602546692,-0.07641653716564178,-0.2387976199388504,-0.7919000387191772,-1.182995319366455,0.8845559358596802,0.17767110466957092,0.012818856164813042,-0.0340082161128521,-0.10074799507856369,-0.013744711875915527,-1.826000452041626,1.5116468667984009,-0.23286403715610504,-0.0219123475253582,-0.01076359860599041,0.05710922181606293,0.15904799103736877,-1.8691837787628174,-1.5157314538955688,0.37624770402908325,-0.12905332446098328,-0.13650093972682953,0.12209197878837585,-0.22973862290382385]","[-0.30638018250465393,-0.28998926281929016,-0.9545236825942993,-0.019959360361099243,-0.09812302887439728,-0.1040363684296608,-0.2948388457298279,-0.4340127110481262,0.22137761116027832,0.9634792804718018,-0.48328298330307007,0.014946050941944122,-0.04653315991163254,0.02810359001159668,-0.010514631867408752,0.2656787633895874,-0.14628171920776367,0.05333349108695984,0.30279988050460815,-0.07570702582597733,-0.5304821133613586,0.24617016315460205,0.2178281545639038,0.15318989753723145,-0.006264448165893555,0.2375178039073944,0.11085625737905502,-0.4547595977783203,-0.2375975251197815]","[-0.18522465229034424,-0.06407757103443146,-0.5374760031700134,0.0615868903696537,0.0096648670732975,0.05854468420147896,-0.14550258219242096,-0.1940520852804184,0.01917063444852829,0.508086085319519,-0.2922530770301819,-0.08185409009456635,-0.0727304220199585,0.0360720232129097,-0.10249510407447815,0.06592283397912979,-0.29942020773887634,-0.07976804673671722,0.22394514083862305,-0.16327939927577972,-0.2255048304796219,0.00488318083807826,-0.007535940036177635,0.009815254248678684,0.5698179006576538,0.25984084606170654,0.1196017637848854,-0.11130281537771225,-0.48667728900909424]","[-1.1399060487747192,0.8332242369651794,1.4290642738342285,0.27094000577926636,0.8360164165496826,-0.16025222837924957,-1.535754680633545,-2.223611831665039,-2.87847638130188,1.8601224422454834,0.6386237144470215,0.15884029865264893,-0.31011128425598145,0.09645791351795197,4.828121185302734,-2.129912853240967,1.4176545143127441,-2.6071457862854004,-1.8618669509887695,-0.27665984630584717,0.3285558521747589,-0.9635612368583679,-1.278588891029358,-1.3460848331451416,4.3736796379089355,-2.1929774284362793,0.0776725709438324,0.353843629360199,2.5551459789276123]",0.02704213187098503,0.022696826606988907,0.026034913957118988,0.07495984435081482,0.09839331358671188,4.919665679335594,0,0,0,0.4959302842617035,0.4983067512512207,0.9901046752929688,0.954180121421814,0.9963762760162354,0.9911070466041565,-0.006339778192341328,-0.0,-0.0,0.0,0.0,0.0,0.0
46,0.92,46,"[-0.1431228518486023,0.29159849882125854,0.7475447058677673,0.4885592460632324,0.12823399901390076,-0.05804622545838356,-0.11414159089326859,-0.8140900135040283,-1.0928115844726562,1.0614283084869385,0.01604347862303257,0.08151401579380035,-0.045741647481918335,-0.08324923366308212,0.06573344767093658,-1.8239197731018066,1.569846272468567,-0.3480090796947479,-0.05669058486819267,-0.0534307099878788,0.05657847225666046,0.27348488569259644,-1.9663983583450317,-1.5050029754638672,0.4872387647628784,-0.1745065152645111,-0.061627961695194244,0.2375134527683258,-0.21225981414318085]","[-0.24934129416942596,0.28745779395103455,0.8025243282318115,0.4779057800769806,0.21464459598064423,-0.07525971531867981,-0.24186617136001587,-0.797173798084259,-1.1811267137527466,0.8971720933914185,0.17315253615379333,0.010480598546564579,-0.03692718967795372,-0.0995158851146698,-0.01576664112508297,-1.8243592977523804,1.5052497386932373,-0.23453140258789062,-0.01689668744802475,-0.014097162522375584,0.05197974294424057,0.15909558534622192,-1.8692519664764404,-1.5156162977218628,0.38814112544059753,-0.12383104115724564,-0.1340344101190567,0.11999033391475677,-0.2396581470966339]","[-0.3063797950744629,-0.28998926281929016,-0.9545251727104187,-0.019960105419158936,-0.09812302887439728,-0.10403646528720856,-0.2948388457298279,-0.4340142011642456,0.22137761116027832,0.9634792804718018,-0.48328304290771484,0.014946050941944122,-0.04653325304389,0.02810359001159668,-0.010514631867408752,0.2656787633895874,-0.14628171920776367,0.05333349108695984,0.302799791097641,-0.07570702582597733,-0.5304819941520691,0.24617016315460205,0.21783113479614258,0.15318691730499268,-0.006263703107833862,0.2375178039073944,0.11085625737905502,-0.45475924015045166,-0.2375975251197815]","[-0.19615764915943146,-0.06199513375759125,-0.5684100389480591,0.06837841868400574,0.006613011006265879,0.05534246191382408,-0.1499086171388626,-0.20694075524806976,0.052427027374506,0.537804365158081,-0.25001412630081177,-0.0962112620472908,-0.10734590142965317,0.04587642848491669,-0.1178116649389267,0.08310951292514801,-0.30311110615730286,-0.07953748852014542,0.24630855023860931,-0.16202984750270844,-0.26144522428512573,-0.0007015447481535375,-0.006530906073749065,0.011874536983668804,0.6027102470397949,0.25382453203201294,0.12458565831184387,-0.0944913998246193,-0.5057356953620911]","[-1.1580864191055298,0.8208937048912048,1.403599500656128,0.2733861804008484,0.8297410011291504,-0.15956158936023712,-1.5331231355667114,-2.2332048416137695,-2.8729240894317627,1.896820068359375,0.6290155649185181,0.153840109705925,-0.30357229709625244,0.09091241657733917,4.882753372192383,-2.0914268493652344,1.4303807020187378,-2.625389575958252,-1.8231310844421387,-0.2771459221839905,0.2832573354244232,-0.9681981205940247,-1.2785688638687134,-1.3367594480514526,4.397793769836426,-2.1885831356048584,0.07882022857666016,0.3249962031841278,2.5595786571502686]",0.028045453131198883,0.020065588876605034,0.026544397696852684,0.07551296055316925,0.09836860746145248,4.918430373072624,0,0,0,0.49562743306159973,0.4986596703529358,0.9897382259368896,0.9536359310150146,0.9965938329696655,0.9906354546546936,-0.006459945812821388,-0.0,-0.0,0.0,0.0,0.0,0.0
47,0.9400000000000001,47,"[-0.14925044775009155,0.28579869866371155,0.7284541726112366,0.48816004395484924,0.1262715458869934,-0.060126956552267075,-0.12003836780786514,-0.8227702975273132,-1.0883840322494507,1.0806978940963745,0.00637781759724021,0.08181293308734894,-0.046672314405441284,-0.08268716186285019,0.06552315503358841,-1.8186062574386597,1.5669206380844116,-0.3469424247741699,-0.05063459277153015,-0.054944850504398346,0.045968834310770035,0.2784082889556885,-1.9620417356491089,-1.501939296722412,0.48711350560188293,-0.16975615918636322,-0.05941084027290344,0.2284182608127594,-0.21701176464557648]","[-0.25379878282546997,0.2858905792236328,0.7909380793571472,0.47926065325737,0.21479469537734985,-0.0741676390171051,-0.24561722576618195,-0.8015497922897339,-1.179866075515747,0.908333957195282,0.166682168841362,0.00895665492862463,-0.03925241529941559,-0.09869384765625,-0.018852530047297478,-1.8225862979888916,1.4993363618850708,-0.23634837567806244,-0.011624603532254696,-0.017223084345459938,0.04624773934483528,0.15901438891887665,-1.8694204092025757,-1.5148208141326904,0.4004085958003998,-0.1184580996632576,-0.1315048635005951,0.118064746260643,-0.2497762143611908]","[-0.30638018250465393,-0.28998926281929016,-0.9545251727104187,-0.019960105419158936,-0.09812302887439728,-0.10403646528720856,-0.2948390245437622,-0.4340142011642456,0.2213805913925171,0.9634792804718018,-0.48328304290771484,0.0149458646774292,-0.04653325304389,0.02810359001159668,-0.010514631867408752,0.2656787633895874,-0.14628171920776367,0.053332746028900146,0.30279970169067383,-0.07570712268352509,-0.5304819941520691,0.24617016315460205,0.2178281545639038,0.15318691730499268,-0.006263703107833862,0.2375178039073944,0.11085616797208786,-0.4547595977783203,-0.2375975251197815]","[-0.21292458474636078,-0.07898689806461334,-0.5718736052513123,0.06569137424230576,0.007140001747757196,0.05347888171672821,-0.1966075599193573,-0.21859146654605865,0.07024531811475754,0.549370527267456,-0.29867398738861084,-0.06823353469371796,-0.11582772433757782,0.040367357432842255,-0.14462801814079285,0.08509519696235657,-0.2865711748600006,-0.09369780868291855,0.2612273395061493,-0.1503935307264328,-0.2907102108001709,-0.006443367805331945,-0.00968289002776146,0.04561199992895126,0.6126723885536194,0.2656081020832062,0.12628628313541412,-0.09060991555452347,-0.5080317258834839]","[-1.1757707595825195,0.8066787123680115,1.378657341003418,0.2767203450202942,0.8242021799087524,-0.15842880308628082,-1.5331792831420898,-2.2415127754211426,-2.8676111698150635,1.9334797859191895,0.6180311441421509,0.14903846383094788,-0.2940747141838074,0.0818214863538742,4.939609050750732,-2.054468870162964,1.4462517499923706,-2.6450729370117188,-1.7824485301971436,-0.2746906876564026,0.23797836899757385,-0.9698377251625061,-1.2822800874710083,-1.3279341459274292,4.419469356536865,-2.1833600997924805,0.07984349131584167,0.2939974367618561,2.566044569015503]",0.029076501727104187,0.017328759655356407,0.027045533061027527,0.07670746743679047,0.09833388775587082,4.916694387793541,0,0,0,0.4953058362007141,0.49899089336395264,0.9893654584884644,0.9524426460266113,0.9963719248771667,0.9909583330154419,-0.006741023622453213,-0.0,-0.0,0.0,0.0,0.0,0.0
48,0.96,48,"[-0.155378058552742,0.27999892830848694,0.7093636989593506,0.48776084184646606,0.12430907785892487,-0.06220768392086029,-0.1259351521730423,-0.8314505815505981,-1.0839563608169556,1.0999674797058105,-0.0032878427300602198,0.08211185038089752,-0.047602977603673935,-0.08212509006261826,0.06531286239624023,-1.8132926225662231,1.5639950037002563,-0.3458757698535919,-0.04457859694957733,-0.05645899474620819,0.03535919263958931,0.2833316922187805,-1.9576852321624756,-1.4988754987716675,0.48698821663856506,-0.16500580310821533,-0.05719371512532234,0.219323068857193,-0.2217637151479721]","[-0.2583312392234802,0.28412503004074097,0.7788257002830505,0.4806819260120392,0.21488936245441437,-0.0731392651796341,-0.249576136469841,-0.8063439726829529,-1.1780256032943726,0.9199079871177673,0.16082686185836792,0.0072708893567323685,-0.04202277213335037,-0.09783715754747391,-0.02193387597799301,-1.8208388090133667,1.4935262203216553,-0.2384304702281952,-0.005943481344729662,-0.020203791558742523,0.03981510177254677,0.1588396579027176,-1.8696105480194092,-1.5136418342590332,0.4127559959888458,-0.11297391355037689,-0.12903936207294464,0.1162307858467102,-0.2599070966243744]","[-0.30637943744659424,-0.28998851776123047,-0.9545207023620605,-0.019960105419158936,-0.09812302887439728,-0.10403627902269363,-0.29483866691589355,-0.4340127110481262,0.2213805913925171,0.963476300239563,-0.4832821190357208,0.0149458646774292,-0.046533066779375076,0.02810359001159668,-0.010514631867408752,0.2656787633895874,-0.14628171920776367,0.053332746028900146,0.3027992248535156,-0.07570693641901016,-0.5304809808731079,0.24616941809654236,0.2178281545639038,0.15318691730499268,-0.006263703107833862,0.23751743137836456,0.1108560711145401,-0.45475849509239197,-0.23759715259075165]","[-0.22254006564617157,-0.09180048108100891,-0.5660483837127686,0.0654161348938942,0.004336557816714048,0.04936286062002182,-0.19249227643013,-0.20241713523864746,0.049070946872234344,0.5075010061264038,-0.3214329183101654,-0.06839615851640701,-0.10650067776441574,0.029475662857294083,-0.16147072613239288,0.08254870772361755,-0.273043155670166,-0.10547934472560883,0.2804082930088043,-0.14554737508296967,-0.3255923390388489,-0.011234759353101254,-0.012401039712131023,0.0720008835196495,0.6123611330986023,0.2722490131855011,0.12121742963790894,-0.0865812599658966,-0.5059651136398315]","[-1.1938300132751465,0.7919937372207642,1.3529531955718994,0.2819461226463318,0.8161048889160156,-0.15859057009220123,-1.5311262607574463,-2.2492263317108154,-2.861393690109253,1.969893455505371,0.6082746386528015,0.14330102503299713,-0.28565871715545654,0.07051405310630798,4.995934009552002,-2.0176827907562256,1.4620898962020874,-2.665586471557617,-1.7385423183441162,-0.2720862627029419,0.19182488322257996,-0.9726426005363464,-1.2881263494491577,-1.3223422765731812,4.43948221206665,-2.178420305252075,0.0803435891866684,0.26136016845703125,2.5724809169769287]",0.030116984620690346,0.014663513749837875,0.027552420273423195,0.07806777954101562,0.09829383343458176,4.914691671729088,0,0,0,0.4949668347835541,0.4992735683917999,0.9889657497406006,0.9510002136230469,0.9961479306221008,0.9912962913513184,-0.006958829704672098,-0.0,-0.0,0.0,0.0,0.0,0.0
49,0.98,49,"[-0.16150562465190887,0.27419915795326233,0.6902733445167542,0.4873616397380829,0.12234662473201752,-0.06428840756416321,-0.13183191418647766,-0.8401308059692383,-1.07952880859375,1.119236946105957,-0.012953466735780239,0.0824107676744461,-0.04853363707661629,-0.08156301826238632,0.06510256975889206,-1.8079791069030762,1.561069369316101,-0.3448091149330139,-0.0385226234793663,-0.05797312781214714,0.024749595671892166,0.28825506567955017,-1.9533286094665527,-1.4958118200302124,0.4868629574775696,-0.16025546193122864,-0.05497659742832184,0.21022792160511017,-0.22651565074920654]","[-0.2630113661289215,0.28211483359336853,0.7666136026382446,0.4821240305900574,0.21492350101470947,-0.07219428569078445,-0.2536962628364563,-0.8110789060592651,-1.1761187314987183,0.9312136173248291,0.1545283943414688,0.0057405633851885796,-0.044745102524757385,-0.09708023071289062,-0.025141796097159386,-1.8192213773727417,1.4881445169448853,-0.24093197286128998,0.00024302653037011623,-0.0233820378780365,0.03247818350791931,0.15864050388336182,-1.869856834411621,-1.5119295120239258,0.4248979985713959,-0.10731571912765503,-0.12663252651691437,0.11439935863018036,-0.26982244849205017]","[-0.3063797950744629,-0.28998926281929016,-0.9545236825942993,-0.019960105419158936,-0.09812302887439728,-0.1040363684296608,-0.2948388457298279,-0.4340142011642456,0.22137761116027832,0.9634822607040405,-0.48328304290771484,0.014946050941944122,-0.04653315991163254,0.02810359001159668,-0.01051444560289383,0.2656787633895874,-0.14628171920776367,0.05333349108695984,0.302799791097641,-0.07570702582597733,-0.5304819345474243,0.24617016315460205,0.2178281545639038,0.15318691730499268,-0.006263703107833862,0.2375178039073944,0.11085625737905502,-0.45475924015045166,-0.2375975251197815]","[-0.22820132970809937,-0.10246096551418304,-0.5785719156265259,0.0674770250916481,0.0009471182711422443,0.045162636786699295,-0.20036913454532623,-0.20625722408294678,0.05452907457947731,0.5076073408126831,-0.3345646262168884,-0.0636892020702362,-0.10706344246864319,0.028283964842557907,-0.16121868789196014,0.07647684961557388,-0.2517819106578827,-0.12749822437763214,0.3068615794181824,-0.1613175868988037,-0.3749828040599823,-0.010333221405744553,-0.014544077217578888,0.09539327770471573,0.5978561043739319,0.28009411692619324,0.11859144270420074,-0.0877051055431366,-0.4920543432235718]","[-1.211907982826233,0.7775999903678894,1.3268156051635742,0.2871026396751404,0.8068684339523315,-0.15933091938495636,-1.5287100076675415,-2.2570114135742188,-2.852426290512085,2.0061113834381104,0.5989924073219299,0.13735364377498627,-0.2794944941997528,0.05948149785399437,5.051197052001953,-1.9788522720336914,1.477076530456543,-2.6863157749176025,-1.6923673152923584,-0.2688356041908264,0.14534994959831238,-0.9758593440055847,-1.2954660654067993,-1.3201066255569458,4.457840442657471,-2.1729702949523926,0.08128809928894043,0.22858434915542603,2.5793089866638184]",0.03115909732878208,0.01231449656188488,0.02805548906326294,0.07965639978647232,0.09825190156698227,4.9125950783491135,0,0,0,0.4946155846118927,0.4994911551475525,0.9885547757148743,0.9491796493530273,0.9960616827011108,0.9917651414871216,-0.007072953972965479,-0.0,-0.0,0.0,0.0,0.0,0.0
50,1.0,50,"[-0.16763325035572052,0.26839935779571533,0.6711827516555786,0.4869624376296997,0.12038415670394897,-0.06636913865804672,-0.1377287060022354,-0.848811149597168,-1.0751012563705444,1.1385067701339722,-0.022619163617491722,0.08270969241857529,-0.049464304000139236,-0.08100094646215439,0.06489228457212448,-1.8026654720306396,1.5581437349319458,-0.3437424302101135,-0.03246660530567169,-0.059487275779247284,0.014139914885163307,0.2931784987449646,-1.9489721059799194,-1.4927480220794678,0.4867376685142517,-0.15550509095191956,-0.05275946483016014,0.20113269984722137,-0.23126761615276337]","[-0.2674068212509155,0.27988409996032715,0.7531276345252991,0.4837963879108429,0.21485832333564758,-0.07136419415473938,-0.25717929005622864,-0.8160592913627625,-1.173531413078308,0.9427892565727234,0.14850418269634247,0.00418773153796792,-0.04811253398656845,-0.09615475684404373,-0.02712240256369114,-1.8181449174880981,1.4829200506210327,-0.24378982186317444,0.0069912029430270195,-0.026788299903273582,0.023977572098374367,0.15841859579086304,-1.8701400756835938,-1.5099468231201172,0.43617695569992065,-0.10142833739519119,-0.12391811609268188,0.11237704753875732,-0.27926620841026306]","[-0.26822128891944885,-0.3114566206932068,-0.9317755699157715,-0.01310780644416809,-0.1079486683011055,-0.0914696604013443,-0.2956964075565338,-0.38788318634033203,0.23246407508850098,0.8846014738082886,-0.43743932247161865,0.015340372920036316,-0.04643835127353668,0.027469731867313385,-0.009170547127723694,0.2465277910232544,-0.21180212497711182,0.10353624820709229,0.32626453042030334,-0.0075048767030239105,-0.5319274067878723,0.16800612211227417,0.2114325761795044,0.19291341304779053,-0.034333765506744385,0.2566468119621277,0.05916086956858635,-0.46210065484046936,-0.18495507538318634]","[-0.20343290269374847,-0.10850347578525543,-0.702318012714386,0.08840826898813248,-0.005404642317444086,0.03990506753325462,-0.17162542045116425,-0.25389742851257324,0.18552009761333466,0.5888323187828064,-0.2537999451160431,-0.07790375500917435,-0.19423362612724304,0.05839863047003746,-0.05662086606025696,0.047968894243240356,-0.2649821937084198,-0.13405841588974,0.34047403931617737,-0.17465083301067352,-0.4442322552204132,-0.014367259107530117,-0.013235817663371563,0.09515918791294098,0.5443858504295349,0.289978951215744,0.1371234655380249,-0.10078014433383942,-0.4653458893299103]","[-1.2382354736328125,0.7631134986877441,1.2915878295898438,0.2958067059516907,0.7932776808738708,-0.16239483654499054,-1.506727933883667,-2.2695679664611816,-2.834242820739746,2.033686876296997,0.5887546539306641,0.12779465317726135,-0.2777424156665802,0.040493275970220566,5.101749420166016,-1.9455430507659912,1.4935356378555298,-2.7037243843078613,-1.6450390815734863,-0.261410653591156,0.09435400366783142,-0.9857344031333923,-1.2935248613357544,-1.323485255241394,4.462498664855957,-2.1646816730499268,0.08558708429336548,0.20229648053646088,2.5796396732330322]",0.032145172357559204,0.010646631009876728,0.02856191247701645,0.0811825841665268,0.09821721911430359,4.910860955715179,0,0,0,0.4942670464515686,0.49963071942329407,0.9881261587142944,0.9471924901008606,0.9960716366767883,0.9929493069648743,-0.0073765055276453495,-0.0,-0.0,0.0,0.0,0.0,0.0
51,1.02,51,"[-0.17223447561264038,0.26174089312553406,0.6530023217201233,0.48683732748031616,0.1180286779999733,-0.06794719398021698,-0.143659770488739,-0.8556461334228516,-1.07023024559021,1.1546210050582886,-0.030451040714979172,0.08302438259124756,-0.050391171127557755,-0.08046422898769379,0.06473574787378311,-1.798117995262146,1.5525972843170166,-0.3406676650047302,-0.025472043082118034,-0.0582733228802681,0.003472499316558242,0.29497531056404114,-1.9448713064193726,-1.4880952835083008,0.4854896068572998,-0.14998959004878998,-0.052610162645578384,0.1917438954114914,-0.233913853764534]","[-0.2712850570678711,0.2771947681903839,0.7391998767852783,0.4856016933917999,0.21467261016368866,-0.0707182064652443,-0.25926291942596436,-0.8204566836357117,-1.1720072031021118,0.9527816772460938,0.14161093533039093,0.002948473207652569,-0.05098223313689232,-0.0956561267375946,-0.02782476507127285,-1.8177242279052734,1.4777519702911377,-0.2466394007205963,0.014202136546373367,-0.02997845597565174,0.014229274354875088,0.15796636044979095,-1.8704642057418823,-1.5075758695602417,0.44612976908683777,-0.0953138992190361,-0.12090961635112762,0.11006414145231247,-0.2880385220050812]","[-0.23006126284599304,-0.33292248845100403,-0.9090229868888855,-0.006255507469177246,-0.11777393519878387,-0.07890276610851288,-0.29655322432518005,-0.3417491912841797,0.2435535192489624,0.8057087659835815,-0.3915938138961792,0.01573469489812851,-0.04634326323866844,0.026836059987545013,-0.007826834917068481,0.2273768186569214,-0.27732253074645996,0.15373826026916504,0.3497280776500702,0.06069764494895935,-0.5333707928657532,0.0898413360118866,0.20503699779510498,0.2326369285583496,-0.06240382790565491,0.27577468752861023,0.00746510922908783,-0.46943986415863037,-0.13231150805950165]","[-0.18308988213539124,-0.13948678970336914,-0.6782046556472778,0.08763966709375381,-0.010718305595219135,0.029163336381316185,-0.09246621280908585,-0.20679789781570435,0.03989169001579285,0.45781195163726807,-0.3520508408546448,-0.055796265602111816,-0.11993900686502457,0.016752809286117554,-0.021814623847603798,0.012580061331391335,-0.24993979930877686,-0.14437302947044373,0.3575263023376465,-0.14889994263648987,-0.4885444939136505,-0.026981424540281296,-0.01692274585366249,0.13150866329669952,0.473220556974411,0.30429500341415405,0.14903132617473602,-0.11607209593057632,-0.4231780469417572]","[-1.2659668922424316,0.7463157773017883,1.255061388015747,0.3064207434654236,0.777239203453064,-0.1663983017206192,-1.4795198440551758,-2.283264636993408,-2.8151895999908447,2.0527334213256836,0.5785729289054871,0.11672510206699371,-0.270908921957016,0.011165235191583633,5.148184299468994,-1.919171690940857,1.5161519050598145,-2.7237462997436523,-1.5971641540527344,-0.24800945818424225,0.04150572046637535,-0.9965358376502991,-1.2834712266921997,-1.3285239934921265,4.458507537841797,-2.152872085571289,0.08879397809505463,0.17679685354232788,2.579582452774048]",0.03302610293030739,0.009694522246718407,0.029075462371110916,0.0823863297700882,0.09818294644355774,4.909147322177887,0,0,0,0.49394214153289795,0.4997057020664215,0.9877040982246399,0.945919930934906,0.9957984089851379,0.9938997030258179,-0.00782280508428812,-0.0,-0.0,0.0,0.0,0.0,0.0
52,1.04,52,"[-0.17683570086956024,0.25508245825767517,0.6348218321800232,0.4867122173309326,0.11567319929599762,-0.06952524930238724,-0.14959083497524261,-0.8624811172485352,-1.065359115600586,1.1707351207733154,-0.03828291594982147,0.08333908021450043,-0.051318034529685974,-0.07992750406265259,0.06457921117544174,-1.7935703992843628,1.5470508337020874,-0.3375928997993469,-0.018477482721209526,-0.05705936998128891,-0.0071949162520468235,0.29677215218544006,-1.9407706260681152,-1.4834425449371338,0.4842415153980255,-0.1444741040468216,-0.05246086046099663,0.1823551058769226,-0.23656007647514343]","[-0.27520447969436646,0.27415260672569275,0.7243618369102478,0.48755142092704773,0.21435585618019104,-0.07025375217199326,-0.2612539231777191,-0.8250442743301392,-1.169987440109253,0.9622980356216431,0.13555708527565002,0.001587508013471961,-0.053944092243909836,-0.09502243995666504,-0.0280100516974926,-1.8174140453338623,1.4725844860076904,-0.2498888075351715,0.021830592304468155,-0.03293327987194061,0.00391218438744545,0.15744945406913757,-1.8707060813903809,-1.5047996044158936,0.45506277680397034,-0.08900005370378494,-0.11780749261379242,0.1074570044875145,-0.2959681749343872]","[-0.23006126284599304,-0.33292248845100403,-0.9090229868888855,-0.006255507469177246,-0.11777374893426895,-0.07890257984399796,-0.29655322432518005,-0.3417491912841797,0.2435535192489624,0.8057087659835815,-0.391593873500824,0.015734881162643433,-0.04634326323866844,0.026836246252059937,-0.007826648652553558,0.22737979888916016,-0.2773195505142212,0.15373826026916504,0.3497280180454254,0.06069764494895935,-0.533370852470398,0.0898413360118866,0.20503699779510498,0.2326369285583496,-0.06240382790565491,0.27577468752861023,0.007465016096830368,-0.46943986415863037,-0.13231150805950165]","[-0.1916615217924118,-0.15418598055839539,-0.7263117432594299,0.09580214321613312,-0.018514566123485565,0.019769269973039627,-0.08769922703504562,-0.2156180739402771,0.07678497582674026,0.4328642189502716,-0.2724013030529022,-0.06566961854696274,-0.12408659607172012,0.02526065520942211,-0.011889880523085594,0.011181660927832127,-0.2562042772769928,-0.17585539817810059,0.3816932141780853,-0.1447320282459259,-0.5109167098999023,-0.02371736243367195,-0.010207165963947773,0.13429836928844452,0.4396016597747803,0.3075803220272064,0.1531413048505783,-0.12606807053089142,-0.3897964358329773]","[-1.2889533042907715,0.7328597903251648,1.2248170375823975,0.31254225969314575,0.7591108083724976,-0.1724279671907425,-1.4605189561843872,-2.293325424194336,-2.7918105125427246,2.073910713195801,0.5743740200996399,0.10697993636131287,-0.2711494266986847,-0.00821400061249733,5.18932580947876,-1.8824293613433838,1.5332890748977661,-2.7438974380493164,-1.547341227531433,-0.23913194239139557,-0.008631978183984756,-1.0100407600402832,-1.2744513750076294,-1.3408706188201904,4.460316181182861,-2.1410000324249268,0.09084159135818481,0.15280789136886597,2.580937385559082]",0.03389595076441765,0.009217471815645695,0.029605824500322342,0.08350846916437149,0.09816072881221771,4.908036440610886,0,0,0,0.49362432956695557,0.49973976612091064,0.9872463345527649,0.9445012807846069,0.9957686066627502,0.9941218495368958,-0.006965672131627798,-0.0,-0.0,0.0,0.0,0.0,0.0
53,1.06,53,"[-0.1814369261264801,0.2484239935874939,0.6166414022445679,0.4865871071815491,0.11331772804260254,-0.0711032971739769,-0.15552189946174622,-0.8693161010742188,-1.0604881048202515,1.1868493556976318,-0.04611479490995407,0.0836537778377533,-0.05224490165710449,-0.07939077913761139,0.06442268192768097,-1.7890228033065796,1.5415045022964478,-0.3345181345939636,-0.011482922360301018,-0.05584541708230972,-0.017862332984805107,0.2985689640045166,-1.9366698265075684,-1.4787898063659668,0.4829934537410736,-0.13895860314369202,-0.05231156200170517,0.17296630144119263,-0.23920631408691406]","[-0.27894163131713867,0.27080032229423523,0.7100422382354736,0.48943087458610535,0.2139049768447876,-0.06997688859701157,-0.2626708149909973,-0.8294106125831604,-1.168969750404358,0.9705518484115601,0.1297476589679718,0.00035479062353260815,-0.05588332563638687,-0.09472551196813583,-0.028248025104403496,-1.8171887397766113,1.4674619436264038,-0.2537720501422882,0.02995435707271099,-0.03582408279180527,-0.006774672772735357,0.15716777741909027,-1.8709014654159546,-1.501953125,0.46345624327659607,-0.08271652460098267,-0.11476597189903259,0.1047217920422554,-0.30331578850746155]","[-0.2300608903169632,-0.33292248845100403,-0.9090200066566467,-0.006255507469177246,-0.11777356266975403,-0.07890257984399796,-0.2965521216392517,-0.3417491912841797,0.24355053901672363,0.8057087659835815,-0.3915931284427643,0.015734881162643433,-0.04634317010641098,0.026836246252059937,-0.007826648652553558,0.2273768186569214,-0.2773195505142212,0.15373826026916504,0.3497273623943329,0.06069755181670189,-0.533369779586792,0.0898405909538269,0.20503699779510498,0.2326369285583496,-0.062403082847595215,0.2757743000984192,0.007465016096830368,-0.46943947672843933,-0.13231150805950165]","[-0.17844368517398834,-0.16621768474578857,-0.693651556968689,0.0904083177447319,-0.02421675994992256,0.011461195535957813,-0.0734826922416687,-0.2124996930360794,0.04471025615930557,0.3908398151397705,-0.2692095935344696,-0.05995560809969902,-0.07938603311777115,0.012940899468958378,-0.009482323192059994,0.009938529692590237,-0.25151965022087097,-0.20265214145183563,0.4049767255783081,-0.14262165129184723,-0.5260783433914185,-0.0070624821819365025,-0.009423554874956608,0.14160455763339996,0.4101199507713318,0.3068121075630188,0.14829695224761963,-0.13378548622131348,-0.35733094811439514]","[-1.3038967847824097,0.7184605598449707,1.1988716125488281,0.3181226849555969,0.7429822683334351,-0.17693044245243073,-1.4511017799377441,-2.3009026050567627,-2.7728636264801025,2.096052646636963,0.5698485970497131,0.10007776319980621,-0.2688407301902771,-0.02784259244799614,5.232186317443848,-1.84603750705719,1.551477074623108,-2.7651567459106445,-1.4984679222106934,-0.22930283844470978,-0.057025644928216934,-1.0204585790634155,-1.2683769464492798,-1.3534574508666992,4.462632656097412,-2.1265344619750977,0.09060223400592804,0.12643179297447205,2.5886383056640625]",0.03474906086921692,0.009010891430079937,0.030113983899354935,0.0847633108496666,0.09812789410352707,4.9063947051763535,0,0,0,0.4933016896247864,0.49975645542144775,0.9867812395095825,0.9429123997688293,0.9956320524215698,0.9944676160812378,-0.006457138806581497,-0.0,-0.0,0.0,0.0,0.0,0.0
54,1.08,54,"[-0.18603813648223877,0.241765558719635,0.5984610319137573,0.4864619970321655,0.11096225678920746,-0.07268135249614716,-0.16145291924476624,-0.8761510848999023,-1.055617094039917,1.2029634714126587,-0.053946640342473984,0.08396847546100616,-0.05317176133394241,-0.07885405421257019,0.0642661452293396,-1.784475326538086,1.5359580516815186,-0.3314433693885803,-0.004488387610763311,-0.054631467908620834,-0.028529707342386246,0.30036577582359314,-1.932569146156311,-1.4741370677947998,0.4817453920841217,-0.13344313204288483,-0.05216225981712341,0.16357752680778503,-0.2418525367975235]","[-0.282539039850235,0.2674034833908081,0.6954941749572754,0.49135708808898926,0.21331489086151123,-0.06983032822608948,-0.2648138403892517,-0.8338506817817688,-1.1656816005706787,0.9788881540298462,0.1254388689994812,-0.0012801246484741569,-0.05790072679519653,-0.09421730786561966,-0.02832748182117939,-1.8168977499008179,1.4622529745101929,-0.25825560092926025,0.03848779574036598,-0.038888536393642426,-0.017613183706998825,0.1573769897222519,-1.871010184288025,-1.4994274377822876,0.471561998128891,-0.07653868198394775,-0.11178015917539597,0.10180144757032394,-0.3101824223995209]","[-0.23006126284599304,-0.33292248845100403,-0.9090214967727661,-0.006255507469177246,-0.11777393519878387,-0.07890257984399796,-0.2965528666973114,-0.3417491912841797,0.2435535192489624,0.8057117462158203,-0.3915937840938568,0.01573469489812851,-0.04634317010641098,0.026836059987545013,-0.007826648652553558,0.2273768186569214,-0.27732253074645996,0.15373826026916504,0.3497280776500702,0.06069764494895935,-0.5333707332611084,0.0898405909538269,0.2050340175628662,0.2326369285583496,-0.06240382790565491,0.27577468752861023,0.00746510922908783,-0.469440221786499,-0.1323118805885315]","[-0.16740186512470245,-0.1683468520641327,-0.6818324327468872,0.09008500725030899,-0.03140288218855858,0.004276208113878965,-0.0828777402639389,-0.20216093957424164,0.09918851405382156,0.37023237347602844,-0.22159624099731445,-0.06939583271741867,-0.06211068108677864,0.010522383265197277,-0.010874876752495766,0.008368297480046749,-0.25250017642974854,-0.23379302024841309,0.42510053515434265,-0.15485280752182007,-0.5323915481567383,0.01917710155248642,-0.005476759281009436,0.12048301100730896,0.4020218551158905,0.2977462708950043,0.14766523241996765,-0.14042769372463226,-0.33882588148117065]","[-1.3155481815338135,0.704097330570221,1.1727306842803955,0.3236861824989319,0.7267807722091675,-0.18173350393772125,-1.4448034763336182,-2.306363582611084,-2.75455904006958,2.118213653564453,0.5661908984184265,0.09397213160991669,-0.2700279951095581,-0.04464903846383095,5.274601459503174,-1.8082648515701294,1.5682768821716309,-2.785565137863159,-1.449807047843933,-0.22061587870121002,-0.10472086071968079,-1.0315113067626953,-1.2635033130645752,-1.368754506111145,4.46471643447876,-2.109884023666382,0.09012462198734283,0.10017631947994232,2.5977094173431396]",0.03562081232666969,0.009102612733840942,0.030642356723546982,0.08588370680809021,0.09807727485895157,4.903863742947578,0,0,0,0.49296653270721436,0.49975478649139404,0.9862942695617676,0.9413823485374451,0.9957566857337952,0.9940329790115356,-0.006324093788862228,-0.0,-0.0,0.0,0.0,0.0,0.0
55,1.1,55,"[-0.19063937664031982,0.23510709404945374,0.5802805423736572,0.486336886882782,0.10860677063465118,-0.07425940036773682,-0.16738401353359222,-0.8829860687255859,-1.050745964050293,1.2190778255462646,-0.06177854537963867,0.08428316563367844,-0.05409862846136093,-0.07831733673810959,0.06410961598157883,-1.7799277305603027,1.5304116010665894,-0.328368604183197,0.0025061999913305044,-0.05341751128435135,-0.0391971617937088,0.3021625876426697,-1.9284684658050537,-1.4694843292236328,0.4804973006248474,-0.12792761623859406,-0.052012957632541656,0.15418869256973267,-0.24449878931045532]","[-0.28572148084640503,0.2640078067779541,0.6824055910110474,0.4932153522968292,0.2125895619392395,-0.06986262649297714,-0.2666172385215759,-0.8378463387489319,-1.163684606552124,0.9863472580909729,0.12026726454496384,-0.002501176204532385,-0.058777712285518646,-0.09407180547714233,-0.028489254415035248,-1.8167105913162231,1.4576205015182495,-0.26306548714637756,0.04729848727583885,-0.042099710553884506,-0.02854398638010025,0.15805071592330933,-1.8711681365966797,-1.4965730905532837,0.4790918827056885,-0.07040513306856155,-0.1088283434510231,0.09866835176944733,-0.3164554834365845]","[-0.2300616353750229,-0.3329232335090637,-0.9090229868888855,-0.006255507469177246,-0.1177741214632988,-0.07890257984399796,-0.29655396938323975,-0.3417491912841797,0.2435535192489624,0.8057147264480591,-0.39159461855888367,0.01573469489812851,-0.0463433563709259,0.026836059987545013,-0.007826648652553558,0.22737979888916016,-0.27732253074645996,0.15373826026916504,0.3497287333011627,0.06069773808121681,-0.5333718061447144,0.0898405909538269,0.20503699779510498,0.2326369285583496,-0.06240382790565491,0.2757752239704132,0.00746510922908783,-0.46944060921669006,-0.13231225311756134]","[-0.14928144216537476,-0.16430938243865967,-0.6230372786521912,0.09266044199466705,-0.03769064322113991,-0.004381966777145863,-0.10416845977306366,-0.19218456745147705,0.10449662804603577,0.36024010181427,-0.24832840263843536,-0.0571109764277935,-0.03204607218503952,0.006213924381881952,-0.005200828891247511,0.008176266215741634,-0.21555250883102417,-0.24230565130710602,0.43374818563461304,-0.16069352626800537,-0.5345616936683655,0.04138381406664848,-0.00839877687394619,0.15013864636421204,0.3643954396247864,0.29974842071533203,0.14496372640132904,-0.15494318306446075,-0.30370032787323]","[-1.3230369091033936,0.688919723033905,1.146453857421875,0.32934027910232544,0.7110476493835449,-0.18580134212970734,-1.44166898727417,-2.3112571239471436,-2.7396786212921143,2.141712188720703,0.5615171194076538,0.08936571329832077,-0.2708975672721863,-0.06063832715153694,5.317683696746826,-1.7708555459976196,1.5851376056671143,-2.805460214614868,-1.402439832687378,-0.21100260317325592,-0.15155860781669617,-1.0414161682128906,-1.2609988451004028,-1.383383870124817,4.465487003326416,-2.090285301208496,0.08900173008441925,0.07162371277809143,2.608431339263916]",0.03645390644669533,0.009605900384485722,0.031159482896327972,0.08727462589740753,0.0980287492275238,4.90143746137619,0,0,0,0.49263429641723633,0.49973154067993164,0.985795259475708,0.9395197033882141,0.9958338737487793,0.9941625595092773,-0.006239932496100664,-0.0,-0.0,0.0,0.0,0.0,0.0
56,1.12,56,"[-0.19524060189723969,0.22844862937927246,0.5621001124382019,0.48621177673339844,0.1062512919306755,-0.07583745568990707,-0.17331507802009583,-0.8898210525512695,-1.0458749532699585,1.235192060470581,-0.06961042433977127,0.0845978632569313,-0.05502549558877945,-0.07778061181306839,0.06395307928323746,-1.7753801345825195,1.5248651504516602,-0.3252938389778137,0.009500760585069656,-0.05220355838537216,-0.04986457899212837,0.3039593994617462,-1.9243676662445068,-1.4648315906524658,0.4792492389678955,-0.12241212278604507,-0.0518636554479599,0.14479990303516388,-0.24714502692222595]","[-0.2887996435165405,0.2606806755065918,0.6694092750549316,0.49520015716552734,0.21170943975448608,-0.07002826780080795,-0.26949524879455566,-0.8418313264846802,-1.1594887971878052,0.9942305684089661,0.11562070995569229,-0.0037798606790602207,-0.05986772105097771,-0.0936691090464592,-0.02844736911356449,-1.8164469003677368,1.4532790184020996,-0.2680835723876953,0.05625440180301666,-0.04550732299685478,-0.03943890705704689,0.15916503965854645,-1.8712854385375977,-1.4936267137527466,0.48607999086380005,-0.06425052136182785,-0.10593375563621521,0.09519124031066895,-0.32216814160346985]","[-0.23006126284599304,-0.33292287588119507,-0.9090214967727661,-0.0062562525272369385,-0.11777374893426895,-0.07890276610851288,-0.29655322432518005,-0.3417491912841797,0.24355053901672363,0.8057117462158203,-0.39159396290779114,0.015734881162643433,-0.04634326323866844,0.026836246252059937,-0.007826834917068481,0.22737979888916016,-0.2773195505142212,0.15373826026916504,0.3497280180454254,0.06069764494895935,-0.533370852470398,0.0898413360118866,0.20503699779510498,0.2326369285583496,-0.062403082847595215,0.27577468752861023,0.00746510922908783,-0.46943986415863037,-0.1323118805885315]","[-0.15214858949184418,-0.16380441188812256,-0.6517051458358765,0.09997331351041794,-0.04660048708319664,-0.009624437429010868,-0.15349993109703064,-0.19086854159832,0.24407385289669037,0.38385146856307983,-0.19424161314964294,-0.06705161929130554,-0.05865325778722763,0.02443760819733143,0.0006139327306300402,0.012083965353667736,-0.21794305741786957,-0.2634430229663849,0.43989452719688416,-0.17243289947509766,-0.5299838185310364,0.06698436290025711,-0.0021340486127883196,0.12723590433597565,0.35267898440361023,0.29668447375297546,0.14376972615718842,-0.1714494675397873,-0.28518936038017273]","[-1.32957923412323,0.673531711101532,1.117403507232666,0.335567831993103,0.6933462023735046,-0.19080092012882233,-1.4389451742172241,-2.315044641494751,-2.7255470752716064,2.1653683185577393,0.5569376349449158,0.08441179990768433,-0.27402448654174805,-0.0753735601902008,5.360214710235596,-1.7338106632232666,1.5988576412200928,-2.8259522914886475,-1.3546466827392578,-0.2027733325958252,-0.19865986704826355,-1.0529060363769531,-1.2585067749023438,-1.4018425941467285,4.466531276702881,-2.068877935409546,0.08709123730659485,0.04264824092388153,2.617048740386963]",0.037292979657649994,0.010515185073018074,0.03169594332575798,0.08858839422464371,0.09793297946453094,4.896648973226547,0,0,0,0.4922998547554016,0.49968063831329346,0.9852748513221741,0.9375550746917725,0.9959976077079773,0.9922255873680115,-0.006384872365742922,-0.0,-0.0,0.0,0.0,0.0,0.0
57,1.1400000000000001,57,"[-0.19984182715415955,0.22179017961025238,0.5439196825027466,0.4860866367816925,0.10389582067728043,-0.07741551101207733,-0.17924614250659943,-0.8966560363769531,-1.041003942489624,1.2513062953948975,-0.07744230329990387,0.08491256088018417,-0.05595235899090767,-0.07724388688802719,0.06379654258489609,-1.7708325386047363,1.5193188190460205,-0.3222190737724304,0.016495320945978165,-0.050989605486392975,-0.06053199619054794,0.30575624108314514,-1.9202669858932495,-1.4601788520812988,0.4780011773109436,-0.1168966293334961,-0.05171435326337814,0.1354110985994339,-0.24979126453399658]","[-0.29166582226753235,0.2571846842765808,0.6569491624832153,0.49707791209220886,0.21065910160541534,-0.07031501084566116,-0.2716296911239624,-0.8456138968467712,-1.1565665006637573,1.0014841556549072,0.1106145977973938,-0.0048933266662061214,-0.0604233555495739,-0.09352043271064758,-0.028605865314602852,-1.816281795501709,1.4493298530578613,-0.2736973464488983,0.06527972221374512,-0.04898956045508385,-0.050261419266462326,0.16083624958992004,-1.871366262435913,-1.4908188581466675,0.492917537689209,-0.05813063308596611,-0.10321041196584702,0.0914355143904686,-0.32758378982543945]","[-0.23006126284599304,-0.33292248845100403,-0.9090214967727661,-0.0062562525272369385,-0.11777374893426895,-0.07890257984399796,-0.29655322432518005,-0.3417491912841797,0.24355053901672363,0.8057117462158203,-0.3915937840938568,0.015734881162643433,-0.04634326323866844,0.026836246252059937,-0.007826648652553558,0.2273768186569214,-0.2773195505142212,0.15373826026916504,0.3497280776500702,0.06069764494895935,-0.5333707928657532,0.0898413360118866,0.2050340175628662,0.23263394832611084,-0.062403082847595215,0.27577468752861023,0.00746510922908783,-0.469440221786499,-0.1323118805885315]","[-0.13326990604400635,-0.17209812998771667,-0.5922492742538452,0.08888136595487595,-0.05396745353937149,-0.016233891248703003,-0.10141373425722122,-0.18284116685390472,0.11771033704280853,0.34458020329475403,-0.2534446716308594,-0.050670161843299866,-0.018738817423582077,0.0038887772243469954,-0.0066217659041285515,0.005874438211321831,-0.17338073253631592,-0.28516730666160583,0.44126883149147034,-0.17262929677963257,-0.5284218788146973,0.09148605912923813,-0.0057508694007992744,0.15291471779346466,0.33335307240486145,0.300546258687973,0.13234643638134003,-0.18531540036201477,-0.2634904384613037]","[-1.3318662643432617,0.6565975546836853,1.0893161296844482,0.34318655729293823,0.6757339239120483,-0.19454015791416168,-1.4396467208862305,-2.3191373348236084,-2.7163844108581543,2.1905102729797363,0.5508235692977905,0.0805274173617363,-0.27437713742256165,-0.09335413575172424,5.403714656829834,-1.7001445293426514,1.6135445833206177,-2.8483715057373047,-1.3078539371490479,-0.1924515813589096,-0.24567940831184387,-1.061324119567871,-1.2580872774124146,-1.4178943634033203,4.466960430145264,-2.0448317527770996,0.08288703858852386,0.00944095104932785,2.627410650253296]",0.03814735263586044,0.011776578612625599,0.03223656117916107,0.09003107994794846,0.09789244085550308,4.894622042775154,0,0,0,0.49194538593292236,0.49959877133369446,0.9847334623336792,0.9354313611984253,0.9957998991012573,0.9935919046401978,-0.0064790574833750725,-0.0,-0.0,0.0,0.0,0.0,0.0
58,1.16,58,"[-0.2044430524110794,0.2151317298412323,0.5257392525672913,0.48596152663230896,0.10154034197330475,-0.07899355888366699,-0.18517720699310303,-0.9034910202026367,-1.0361329317092896,1.2674205303192139,-0.08527417480945587,0.08522725850343704,-0.05687922611832619,-0.07670716196298599,0.06364001333713531,-1.7662850618362427,1.5137723684310913,-0.3191443085670471,0.023489883169531822,-0.04977565258741379,-0.07119940966367722,0.3075530529022217,-1.9161663055419922,-1.4555262327194214,0.4767531156539917,-0.11138113588094711,-0.05156505107879639,0.12602229416370392,-0.2524375021457672]","[-0.2943420112133026,0.2536778450012207,0.6451587080955505,0.4988509714603424,0.20943805575370789,-0.07073870301246643,-0.27397680282592773,-0.8493366837501526,-1.1538782119750977,1.0086886882781982,0.10502356290817261,-0.005856057163327932,-0.06076136603951454,-0.09342575073242188,-0.02867259457707405,-1.8161556720733643,1.4461350440979004,-0.2793557941913605,0.07437092065811157,-0.052587080746889114,-0.06105194613337517,0.16275650262832642,-1.8715096712112427,-1.487332820892334,0.4991338849067688,-0.05185152590274811,-0.10053014010190964,0.0873524397611618,-0.33247384428977966]","[-0.2300608903169632,-0.3329221308231354,-0.9090214967727661,-0.006255507469177246,-0.11777374893426895,-0.07890239357948303,-0.29655247926712036,-0.3417462110519409,0.2435535192489624,0.8057117462158203,-0.3915930390357971,0.015734508633613586,-0.04634317010641098,0.026836246252059937,-0.007826648652553558,0.2273768186569214,-0.27732253074645996,0.15373900532722473,0.34972742199897766,0.06069745868444443,-0.5333695411682129,0.0898405909538269,0.2050340175628662,0.23263394832611084,-0.06240382790565491,0.27577412128448486,0.007465016096830368,-0.4694391191005707,-0.1323118805885315]","[-0.12888126075267792,-0.17162828147411346,-0.5716500878334045,0.0870230570435524,-0.06292229890823364,-0.023138342425227165,-0.13010606169700623,-0.1816411018371582,0.14052727818489075,0.3509402275085449,-0.26434141397476196,-0.04637308791279793,-0.016641458496451378,0.004468176048249006,-0.0012713068863376975,0.004569725599139929,-0.14505577087402344,-0.28076618909835815,0.44510549306869507,-0.17932596802711487,-0.5260127186775208,0.09695024788379669,-0.006882994435727596,0.18324746191501617,0.3032502233982086,0.308763712644577,0.13336704671382904,-0.20123615860939026,-0.24090898036956787]","[-1.3353785276412964,0.641206681728363,1.059980869293213,0.3501957058906555,0.656797468662262,-0.20033098757266998,-1.4397950172424316,-2.3209095001220703,-2.7000532150268555,2.214977264404297,0.5452407598495483,0.07496126741170883,-0.28030967712402344,-0.10703511536121368,5.444497108459473,-1.6647670269012451,1.6238864660263062,-2.8676352500915527,-1.2603906393051147,-0.1844191551208496,-0.2933146059513092,-1.0726375579833984,-1.2579737901687622,-1.4380394220352173,4.4660539627075195,-2.0202157497406006,0.0804123729467392,-0.021980226039886475,2.634460687637329]",0.03897634893655777,0.013196798972785473,0.03278065845370293,0.09156443178653717,0.0978269875049591,4.891349375247955,0,0,0,0.49159321188926697,0.49949148297309875,0.9841673970222473,0.9330095052719116,0.9958712458610535,0.993650496006012,-0.006433488335460424,-0.0,-0.0,0.0,0.0,0.0,0.0
59,1.18,59,"[-0.20904426276683807,0.2084732949733734,0.5075588226318359,0.4858364164829254,0.09918487071990967,-0.08057160675525665,-0.19110824167728424,-0.9103258848190308,-1.0312618017196655,1.2835347652435303,-0.09310602396726608,0.08554194122552872,-0.05780608579516411,-0.0761704370379448,0.06348347663879395,-1.7617374658584595,1.508225917816162,-0.31606951355934143,0.03048441745340824,-0.0485617071390152,-0.0818667784333229,0.3093498647212982,-1.9120656251907349,-1.4508734941482544,0.4755050241947174,-0.10586566478013992,-0.05141575261950493,0.11663353443145752,-0.25508373975753784]","[-0.2969915568828583,0.25015807151794434,0.6333475112915039,0.5006788969039917,0.20791909098625183,-0.07129032164812088,-0.2768421173095703,-0.8530387282371521,-1.1505672931671143,1.0160012245178223,0.09953277558088303,-0.0067883944138884544,-0.061080001294612885,-0.09333581477403641,-0.028690313920378685,-1.816055417060852,1.4431334733963013,-0.2849227488040924,0.08358578383922577,-0.05631828308105469,-0.07178542762994766,0.16465918719768524,-1.8716150522232056,-1.4836091995239258,0.5050206184387207,-0.04548797756433487,-0.09788355231285095,0.08301734924316406,-0.337141752243042]","[-0.2300608903169632,-0.33292248845100403,-0.9090222716331482,-0.006255507469177246,-0.11777393519878387,-0.07890257984399796,-0.29655322432518005,-0.3417477011680603,0.2435535192489624,0.8057117462158203,-0.39159396290779114,0.01573469489812851,-0.04634326323866844,0.026836059987545013,-0.007826834917068481,0.22737979888916016,-0.27732253074645996,0.15373900532722473,0.3497280776500702,0.06069764494895935,-0.533370852470398,0.0898405909538269,0.20503699779510498,0.2326369285583496,-0.06240382790565491,0.27577468752861023,0.007465016096830368,-0.46943986415863037,-0.1323118805885315]","[-0.12875090539455414,-0.1734166145324707,-0.5803322196006775,0.09069398790597916,-0.07924996316432953,-0.02957356534898281,-0.15117985010147095,-0.1803150326013565,0.17152605950832367,0.35504987835884094,-0.25463658571243286,-0.04586968198418617,-0.01569814421236515,0.003958407323807478,-3.716502760653384e-05,0.003352868603542447,-0.14340786635875702,-0.2774285674095154,0.4522232413291931,-0.1856994926929474,-0.5230738520622253,0.09411685913801193,-0.0042686620727181435,0.1857071816921234,0.29458433389663696,0.3110477924346924,0.1316528469324112,-0.21192632615566254,-0.23550240695476532]","[-1.3381433486938477,0.62508225440979,1.0300121307373047,0.35769230127334595,0.6367282867431641,-0.205976203083992,-1.4404584169387817,-2.3229012489318848,-2.685744285583496,2.238903045654297,0.53904128074646,0.06938108056783676,-0.2860179543495178,-0.12133267521858215,5.484749794006348,-1.6306400299072266,1.6320862770080566,-2.889187812805176,-1.2130011320114136,-0.1765570491552353,-0.34208372235298157,-1.084489107131958,-1.2581242322921753,-1.4607516527175903,4.465091228485107,-1.9944337606430054,0.07636849582195282,-0.05406920611858368,2.64168119430542]",0.03979158028960228,0.014680977910757065,0.03331172093749046,0.0931558832526207,0.09775333106517792,4.887666553258896,0,0,0,0.4912414252758026,0.4993664026260376,0.98359215259552,0.9303765296936035,0.9959227442741394,0.9937509894371033,-0.00658380938693881,-0.0,-0.0,0.0,0.0,0.0,0.0
60,1.2,60,"[-0.21364548802375793,0.20181483030319214,0.4893783628940582,0.48571130633354187,0.0968293845653534,-0.08214966207742691,-0.19703933596611023,-0.9171609282493591,-1.026390790939331,1.2996490001678467,-0.10093793272972107,0.08585664629936218,-0.058732956647872925,-0.07563371956348419,0.06332693994045258,-1.7571898698806763,1.502679467201233,-0.31299474835395813,0.03747900575399399,-0.047347746789455414,-0.09253424406051636,0.31114667654037476,-1.907964825630188,-1.4462207555770874,0.4742569625377655,-0.10035014897584915,-0.05126645043492317,0.10724470019340515,-0.25772997736930847]","[-0.29963216185569763,0.2464485764503479,0.6204217076301575,0.5026695132255554,0.20602741837501526,-0.07192429155111313,-0.2804095149040222,-0.8567619919776917,-1.144568920135498,1.0236934423446655,0.09511613845825195,-0.008020068518817425,-0.06193043291568756,-0.09307126700878143,-0.028629548847675323,-1.815889596939087,1.439411997795105,-0.2907935678958893,0.09299497306346893,-0.06014379858970642,-0.08245252072811127,0.16669809818267822,-1.8715802431106567,-1.480900764465332,0.511349081993103,-0.039235882461071014,-0.09528243541717529,0.078471340239048,-0.34196892380714417]","[-0.23006126284599304,-0.3329232335090637,-0.9090229868888855,-0.006255507469177246,-0.1177741214632988,-0.07890276610851288,-0.29655396938323975,-0.3417506814002991,0.24355053901672363,0.8057117462158203,-0.3915945291519165,0.015735067427158356,-0.0463433563709259,0.026836059987545013,-0.007826648652553558,0.2273768186569214,-0.2773195505142212,0.15373826026916504,0.3497287333011627,0.060697831213474274,-0.5333719849586487,0.0898405909538269,0.20503997802734375,0.2326369285583496,-0.062403082847595215,0.2757752239704132,0.00746510922908783,-0.4694407880306244,-0.1323111355304718]","[-0.12236148864030838,-0.18417757749557495,-0.6134966611862183,0.0954267755150795,-0.10109825432300568,-0.03435109183192253,-0.12517394125461578,-0.17090995609760284,0.18655408918857574,0.33983683586120605,-0.24482008814811707,-0.051420897245407104,-0.014495141804218292,-0.001771103823557496,-0.007832189090549946,0.0008605350158177316,-0.16859516501426697,-0.3039951026439667,0.4619642198085785,-0.19154401123523712,-0.5219040513038635,0.10551653057336807,0.0014545716112479568,0.1337374746799469,0.32506704330444336,0.3029545843601227,0.12946809828281403,-0.21974050998687744,-0.2476721853017807]","[-1.3400254249572754,0.6082816123962402,1.0008795261383057,0.3656895160675049,0.6167808175086975,-0.21100284159183502,-1.441713571548462,-2.324892997741699,-2.672576904296875,2.2632522583007812,0.5319037437438965,0.06381664425134659,-0.29182350635528564,-0.13579817116260529,5.524228572845459,-1.597308874130249,1.6394786834716797,-2.912226676940918,-1.1659700870513916,-0.1680208146572113,-0.39179185032844543,-1.095754861831665,-1.2597686052322388,-1.4837485551834106,4.463364124298096,-1.9673316478729248,0.07107953727245331,-0.08722780644893646,2.650218963623047]",0.04065471515059471,0.016553889960050583,0.03386978060007095,0.0947084128856659,0.09765877574682236,4.882938787341118,0,0,0,0.49086707830429077,0.4991963505744934,0.9829927086830139,0.9276991486549377,0.9957712292671204,0.9930750131607056,-0.006662656087428331,-0.0,-0.0,0.0,0.0,0.0,0.0
61,1.22,61,"[-0.2182467132806778,0.19515636563301086,0.4711979031562805,0.4855861961841583,0.09447390586137772,-0.08372771739959717,-0.20297040045261383,-0.9239959120750427,-1.0215197801589966,1.315763235092163,-0.10876980423927307,0.08617134392261505,-0.059659820050001144,-0.075096994638443,0.0631704106926918,-1.7526423931121826,1.4971331357955933,-0.30991998314857483,0.044473566114902496,-0.04613379389047623,-0.10320165753364563,0.3129434883594513,-1.9038640260696411,-1.4415680170059204,0.4730089008808136,-0.09483465552330017,-0.051117148250341415,0.09785590320825577,-0.2603761851787567]","[-0.30189377069473267,0.24286426603794098,0.6080662608146667,0.504652202129364,0.20352467894554138,-0.07266740500926971,-0.28288111090660095,-0.860092282295227,-1.1412848234176636,1.030739426612854,0.0889432430267334,-0.008927607908844948,-0.06208200752735138,-0.09313641488552094,-0.028713734820485115,-1.8158537149429321,1.4368222951889038,-0.2968890964984894,0.10233956575393677,-0.06396453082561493,-0.09310271590948105,0.16884391009807587,-1.871639609336853,-1.477426528930664,0.5175493359565735,-0.032877229154109955,-0.09275656938552856,0.07375429570674896,-0.3466953635215759]","[-0.23006126284599304,-0.33292287588119507,-0.9090222716331482,-0.006255507469177246,-0.11777374893426895,-0.07890257984399796,-0.29655322432518005,-0.3417491912841797,0.2435535192489624,0.8057117462158203,-0.3915937840938568,0.015734881162643433,-0.04634317010641098,0.026836246252059937,-0.007826648652553558,0.2273768186569214,-0.2773195505142212,0.15373826026916504,0.3497280180454254,0.06069764494895935,-0.5333706736564636,0.0898405909538269,0.20503699779510498,0.2326369285583496,-0.06240382790565491,0.27577468752861023,0.00746510922908783,-0.4694400429725647,-0.1323111355304718]","[-0.10478906333446503,-0.17147387564182281,-0.6032466292381287,0.09749849140644073,-0.13363300263881683,-0.03845669701695442,-0.13519048690795898,-0.1591300517320633,0.15870679914951324,0.34418854117393494,-0.30733805894851685,-0.04201682284474373,-0.007097501307725906,-0.0032100477255880833,-0.00038870866410434246,0.000742909440305084,-0.09983287006616592,-0.302707314491272,0.4533924460411072,-0.18758347630500793,-0.5212641954421997,0.10705781728029251,-0.0046459692530334,0.19292302429676056,0.3035944998264313,0.3131624758243561,0.12610875070095062,-0.23106488585472107,-0.23527966439723969]","[-1.339646339416504,0.5912850499153137,0.9741548299789429,0.3738080859184265,0.5981338620185852,-0.2153065949678421,-1.4442596435546875,-2.326488971710205,-2.658571720123291,2.289154529571533,0.5238641500473022,0.05859311670064926,-0.2978527545928955,-0.1498207300901413,5.561784267425537,-1.5644298791885376,1.6485986709594727,-2.932912826538086,-1.1197137832641602,-0.15745247900485992,-0.44129952788352966,-1.105041265487671,-1.2647753953933716,-1.5027836561203003,4.459366798400879,-1.9391206502914429,0.06606365740299225,-0.12245377898216248,2.6605043411254883]",0.041483182460069656,0.018317436799407005,0.034416329115629196,0.09648576378822327,0.09758926928043365,4.879463464021683,0,0,0,0.4904904067516327,0.49900174140930176,0.9823756217956543,0.9247121214866638,0.9957311749458313,0.9936519861221313,-0.0064992886036634445,-0.0,-0.0,0.0,0.0,0.0,0.0
62,1.24,62,"[-0.22284793853759766,0.18849791586399078,0.4530174732208252,0.4854610860347748,0.09211843460798264,-0.08530576527118683,-0.20890146493911743,-0.9308308959007263,-1.0166486501693726,1.3318774700164795,-0.11660168319940567,0.08648604154586792,-0.060586683452129364,-0.0745602697134018,0.06301387399435043,-1.7480947971343994,1.491586685180664,-0.30684521794319153,0.051468126475811005,-0.04491984099149704,-0.1138690710067749,0.31474030017852783,-1.8997633457183838,-1.4369152784347534,0.4717608094215393,-0.08931916207075119,-0.05096784606575966,0.08846709877252579,-0.26302242279052734]","[-0.3040321469306946,0.239522784948349,0.5952121615409851,0.5067548155784607,0.20017263293266296,-0.07351452112197876,-0.2861621081829071,-0.8632457852363586,-1.1374293565750122,1.0379836559295654,0.08251917362213135,-0.009779542684555054,-0.062224093824625015,-0.093193419277668,-0.028642214834690094,-1.8158317804336548,1.4349768161773682,-0.3026786744594574,0.11164551228284836,-0.06781136989593506,-0.1037268340587616,0.17077091336250305,-1.8717093467712402,-1.4732389450073242,0.5233475565910339,-0.026441004127264023,-0.09027133882045746,0.06885974854230881,-0.35130399465560913]","[-0.212797150015831,-0.33927634358406067,-0.900210440158844,-0.00040158629417419434,-0.12278556823730469,-0.07305145263671875,-0.30407607555389404,-0.32917261123657227,0.25404393672943115,0.7779121398925781,-0.3795003592967987,0.016300566494464874,-0.04637995734810829,0.02783648669719696,-0.008991174399852753,0.19546151161193848,-0.28402507305145264,0.13281777501106262,0.3846670687198639,0.06452193856239319,-0.5662243962287903,0.07912442088127136,0.1833200454711914,0.2485513687133789,-0.052434951066970825,0.304074227809906,-0.0067273154854774475,-0.4929885268211365,-0.11765286326408386]","[-0.10440267622470856,-0.16053169965744019,-0.6422034502029419,0.09994927793741226,-0.1878950595855713,-0.04547871649265289,-0.1800648719072342,-0.15122096240520477,0.20419982075691223,0.35268455743789673,-0.29812803864479065,-0.04224188253283501,-0.007746098563075066,-0.0028949910774827003,0.005851419176906347,-0.00017754483269527555,-0.07967759668827057,-0.2833920121192932,0.4545784890651703,-0.18986240029335022,-0.521095871925354,0.09084809571504593,-0.0027024047449231148,0.21271675825119019,0.2887558341026306,0.3127528131008148,0.12567368149757385,-0.2378281056880951,-0.23494374752044678]","[-1.343752384185791,0.5741879940032959,0.943336546421051,0.38400304317474365,0.5753931999206543,-0.22189320623874664,-1.4442617893218994,-2.3246829509735107,-2.6401402950286865,2.3140809535980225,0.5180966258049011,0.05100981891155243,-0.30406421422958374,-0.163418248295784,5.5990891456604,-1.5358296632766724,1.653266429901123,-2.950200080871582,-1.072702169418335,-0.14901232719421387,-0.4920515716075897,-1.1167521476745605,-1.265375018119812,-1.5276159048080444,4.449665546417236,-1.9093499183654785,0.05953200161457062,-0.15510347485542297,2.6703155040740967]",0.04227368161082268,0.01983782835304737,0.034955691546201706,0.09826654940843582,0.09751662611961365,4.875831305980682,0,0,0,0.49012574553489685,0.49881845712661743,0.9817438125610352,0.9216865301132202,0.9957616925239563,0.9944597482681274,-0.006764392834156752,-0.0,-0.0,0.0,0.0,0.0,0.0
63,1.26,63,"[-0.22675859928131104,0.18158531188964844,0.43518948554992676,0.48557013273239136,0.08956248313188553,-0.08664977550506592,-0.2151334434747696,-0.9371628165245056,-1.0113580226898193,1.3468797206878662,-0.1239498183131218,0.08682336658239365,-0.061515018343925476,-0.07398353517055511,0.06281076371669769,-1.744823932647705,1.4857721328735352,-0.3046072721481323,0.05986024811863899,-0.04355291649699211,-0.1258506327867508,0.31610846519470215,-1.8965312242507935,-1.4316259622573853,0.47091150283813477,-0.08267168700695038,-0.05138624086976051,0.07813636213541031,-0.26508229970932007]","[-0.3062911033630371,0.2363814115524292,0.5812730193138123,0.5089609622955322,0.19524717330932617,-0.07457248121500015,-0.29016655683517456,-0.8661764860153198,-1.1326192617416382,1.045156478881836,0.07667381316423416,-0.010694743134081364,-0.06234508752822876,-0.09326305985450745,-0.028482655063271523,-1.8158615827560425,1.4330098628997803,-0.3079898953437805,0.12107297033071518,-0.0717085748910904,-0.11433819681406021,0.17225995659828186,-1.8716912269592285,-1.4690293073654175,0.528948962688446,-0.020015601068735123,-0.08797938376665115,0.0637865662574768,-0.3559562563896179]","[-0.1782696694135666,-0.351986289024353,-0.8825927972793579,0.011307001113891602,-0.132809579372406,-0.06134975701570511,-0.3191240131855011,-0.30401647090911865,0.2750188112258911,0.7223188877105713,-0.35531502962112427,0.017431937158107758,-0.046453531831502914,0.029837340116500854,-0.011319667100906372,0.1316279172897339,-0.29743313789367676,0.09097680449485779,0.45454689860343933,0.07217098027467728,-0.6319340467453003,0.057690590620040894,0.1398921012878418,0.2803802490234375,-0.03249645233154297,0.3606746196746826,-0.035112351179122925,-0.5400874018669128,-0.08833333849906921]","[-0.1121249869465828,-0.15210208296775818,-0.7032994031906128,0.11016305536031723,-0.26276853680610657,-0.056025389581918716,-0.2094821035861969,-0.1390611231327057,0.2497578263282776,0.34479671716690063,-0.26567208766937256,-0.046460188925266266,-0.005447058472782373,-0.003839112352579832,0.009244306944310665,-0.0027584382332861423,-0.09595069289207458,-0.2584245800971985,0.4628255069255829,-0.19151203334331512,-0.5216351747512817,0.06740087270736694,0.0022385241463780403,0.20581313967704773,0.2807072401046753,0.3120304048061371,0.11366824805736542,-0.24771913886070251,-0.23634201288223267]","[-1.3514659404754639,0.5561980605125427,0.909925639629364,0.3977023959159851,0.5478147268295288,-0.2293023020029068,-1.442112684249878,-2.318180799484253,-2.61847186088562,2.3361475467681885,0.5152087807655334,0.04135657101869583,-0.30867084860801697,-0.17753610014915466,5.634823322296143,-1.5146783590316772,1.6558330059051514,-2.9649438858032227,-1.0267869234085083,-0.14175385236740112,-0.5445038080215454,-1.1306952238082886,-1.259069561958313,-1.5565813779830933,4.432001113891602,-1.8745806217193604,0.04980231821537018,-0.18391312658786774,2.684461832046509]",0.043040305376052856,0.021156921982765198,0.0355217307806015,0.09990377724170685,0.09744228422641754,4.872114211320877,0,0,0,0.4897668957710266,0.4986498951911926,0.9810924530029297,0.9190157055854797,0.9955901503562927,0.9952028393745422,-0.007203634828329086,-0.0,-0.0,0.0,0.0,0.0,0.0
64,1.28,64,"[-0.22997872531414032,0.17441846430301666,0.4177137613296509,0.48591336607933044,0.0868060514330864,-0.08775975555181503,-0.22166642546653748,-0.9429915547370911,-1.005647897720337,1.3607702255249023,-0.13081428408622742,0.08718331903219223,-0.06244482472538948,-0.07336677610874176,0.06256108731031418,-1.74282968044281,1.479689359664917,-0.3032061457633972,0.06965000182390213,-0.04203300178050995,-0.13914643228054047,0.31704792380332947,-1.8941676616668701,-1.425700068473816,0.4704609513282776,-0.07489217817783356,-0.052372340112924576,0.06686360388994217,-0.2665557563304901]","[-0.3089786469936371,0.23348544538021088,0.5661313533782959,0.5097805261611938,0.18179920315742493,-0.07595866918563843,-0.29450321197509766,-0.8688207864761353,-1.127184510231018,1.0520732402801514,0.07135186344385147,-0.01169041357934475,-0.062442198395729065,-0.09333339333534241,-0.02825329452753067,-1.8159706592559814,1.430580496788025,-0.3129339814186096,0.13072091341018677,-0.07548756152391434,-0.12498714029788971,0.1734185814857483,-1.8716175556182861,-1.4650745391845703,0.5343616604804993,-0.013591088354587555,-0.08609001338481903,0.058467406779527664,-0.36049285531044006]","[-0.16100555658340454,-0.3583412766456604,-0.8737840056419373,0.017160922288894653,-0.13782121241092682,-0.05549900233745575,-0.3266476094722748,-0.29143840074539185,0.285513699054718,0.6945192813873291,-0.3432219922542572,0.0179976224899292,-0.046490319073200226,0.03083758056163788,-0.012483913451433182,0.09971261024475098,-0.30413568019866943,0.07005631923675537,0.48948684334754944,0.0759955495595932,-0.6647884845733643,0.04697293043136597,0.11817812919616699,0.296291708946228,-0.02252832055091858,0.38897469639778137,-0.049304962158203125,-0.5636370182037354,-0.0736728310585022]","[-0.12514568865299225,-0.1515856385231018,-0.7554773688316345,0.08252077549695969,-0.5991897583007812,-0.07486170530319214,-0.22240644693374634,-0.12822861969470978,0.27350783348083496,0.33187609910964966,-0.24549321830272675,-0.050231680274009705,-0.001145600457675755,-0.004013503901660442,0.01087312400341034,-0.0033185610082000494,-0.12087439745664597,-0.24192433059215546,0.4764758050441742,-0.1842537522315979,-0.525958240032196,0.05528080463409424,0.005927128251641989,0.19280804693698883,0.2665916979312897,0.31186336278915405,0.0925193578004837,-0.26151010394096375,-0.22269012033939362]","[-1.3568129539489746,0.5370194315910339,0.878222644329071,0.4115930199623108,0.5213313102722168,-0.23611600697040558,-1.4404933452606201,-2.311108350753784,-2.5978245735168457,2.356233596801758,0.5115545392036438,0.03220134228467941,-0.31274425983428955,-0.19109168648719788,5.665575981140137,-1.496389627456665,1.6579620838165283,-2.9834189414978027,-0.9818519949913025,-0.13380242884159088,-0.5982787013053894,-1.143498182296753,-1.2512508630752563,-1.5860127210617065,4.414265155792236,-1.836395263671875,0.03787253797054291,-0.21176677942276,2.7018165588378906]",0.043771542608737946,0.022363727912306786,0.036177199333906174,0.10115057975053787,0.0972856804728508,4.86428402364254,0,0,0,0.4894172251224518,0.4984884560108185,0.9803695678710938,0.9171111583709717,0.9946816563606262,0.9913188219070435,-0.007102801464498043,-0.0,-0.0,0.0,0.0,0.0,0.0
65,1.3,65,"[-0.23319882154464722,0.16725166141986847,0.40023812651634216,0.48625656962394714,0.08404963463544846,-0.08886973559856415,-0.22819934785366058,-0.9488203525543213,-0.9999374747276306,1.3746604919433594,-0.13767869770526886,0.08754327148199081,-0.06337463110685349,-0.0727500319480896,0.062311407178640366,-1.740835428237915,1.4736067056655884,-0.3018050193786621,0.07943972200155258,-0.04051309451460838,-0.15244217216968536,0.3179873824119568,-1.8918040990829468,-1.4197742938995361,0.470010370016098,-0.06711269915103912,-0.05335843935608864,0.055590882897377014,-0.26802921295166016]","[-0.31128981709480286,0.23021544516086578,0.5504619479179382,0.5129077434539795,0.1739674210548401,-0.07744555920362473,-0.2988789677619934,-0.8714315295219421,-1.1214344501495361,1.0588027238845825,0.0662304237484932,-0.012738222256302834,-0.0623849555850029,-0.09344865381717682,-0.02796630933880806,-1.8159887790679932,1.4282207489013672,-0.3179096579551697,0.14047211408615112,-0.07907487452030182,-0.13570263981819153,0.1745791882276535,-1.8714563846588135,-1.461031198501587,0.5394704937934875,-0.007120390422642231,-0.08473008871078491,0.05289479345083237,-0.36464551091194153]","[-0.1610051840543747,-0.35834088921546936,-0.8737832307815552,0.017160922288894653,-0.1378210335969925,-0.05549918860197067,-0.3266476094722748,-0.2914413809776306,0.28551965951919556,0.6945163011550903,-0.3432218134403229,0.0179976224899292,-0.046490225940942764,0.03083758056163788,-0.012484099715948105,0.09970963001251221,-0.30413269996643066,0.07005631923675537,0.489486962556839,0.07599546015262604,-0.6647884845733643,0.04697293043136597,0.11817812919616699,0.296291708946228,-0.022527575492858887,0.38897478580474854,-0.049304962158203125,-0.5636370778083801,-0.07367357611656189]","[-0.104521244764328,-0.16274580359458923,-0.7741190791130066,0.17288629710674286,-0.3160383701324463,-0.07322949916124344,-0.2128532975912094,-0.12516023218631744,0.2854025959968567,0.32348188757896423,-0.24238570034503937,-0.05214202031493187,0.0034830342046916485,-0.006506780628114939,0.02135302498936653,-0.0020184293389320374,-0.10198304802179337,-0.2533581852912903,0.47663047909736633,-0.175421342253685,-0.527853786945343,0.06144146993756294,0.00813786406069994,0.20267170667648315,0.25278404355049133,0.31430327892303467,0.06606351584196091,-0.27226465940475464,-0.2049923539161682]","[-1.3582704067230225,0.5119561553001404,0.8492733836174011,0.427791953086853,0.5071839094161987,-0.2398989349603653,-1.4401021003723145,-2.3073084354400635,-2.580911159515381,2.375762462615967,0.5044181942939758,0.025825239717960358,-0.3187742829322815,-0.2062627375125885,5.688595771789551,-1.4745632410049438,1.6604355573654175,-3.0093958377838135,-0.9383560419082642,-0.12196628004312515,-0.6528838276863098,-1.147230863571167,-1.2460660934448242,-1.6094141006469727,4.399035930633545,-1.7983391284942627,0.025094879791140556,-0.23538821935653687,2.7147037982940674]",0.04451114311814308,0.023677028715610504,0.036792121827602386,0.10261110216379166,0.09732706099748611,4.866353049874306,0,0,0,0.4890625774860382,0.4983047842979431,0.9796547889709473,0.9149165153503418,0.9954524040222168,0.9953835010528564,-0.00642112223431468,-0.0,-0.0,0.0,0.0,0.0,0.0
66,1.32,66,"[-0.2364189326763153,0.1600848287343979,0.38276243209838867,0.48659980297088623,0.08129321038722992,-0.08997972309589386,-0.23473232984542847,-0.9546492099761963,-0.9942271113395691,1.388550877571106,-0.14454315602779388,0.0879032239317894,-0.06430443376302719,-0.07213327288627625,0.062061723321676254,-1.7388412952423096,1.4675240516662598,-0.300403892993927,0.08922947943210602,-0.03899318352341652,-0.16573797166347504,0.3189268410205841,-1.8894405364990234,-1.4138484001159668,0.46955984830856323,-0.059333186596632004,-0.0543445385992527,0.044318120926618576,-0.2695026993751526]","[-0.31314265727996826,0.22695715725421906,0.5346190929412842,0.5162551403045654,0.16785860061645508,-0.07891406863927841,-0.3028913140296936,-0.8738986849784851,-1.1156258583068848,1.065431833267212,0.0610525943338871,-0.013819847255945206,-0.06226631999015808,-0.09358682483434677,-0.027346299961209297,-1.8160451650619507,1.4263731241226196,-0.32319122552871704,0.15015862882137299,-0.08259984850883484,-0.14644433557987213,0.17594029009342194,-1.8712645769119263,-1.4568727016448975,0.5443985462188721,-0.0005568170454353094,-0.08368030935525894,0.047011785209178925,-0.3686138391494751]","[-0.16100630164146423,-0.35834237933158875,-0.8737847208976746,0.017161667346954346,-0.13782140612602234,-0.05549900233745575,-0.3266487419605255,-0.29143989086151123,0.285513699054718,0.6945222616195679,-0.34322330355644226,0.017997436225414276,-0.046490319073200226,0.03083758056163788,-0.012484192848205566,0.09970963001251221,-0.30413269996643066,0.07005706429481506,0.489487886428833,0.07599546015262604,-0.6647903323173523,0.04697293043136597,0.11817812919616699,0.296291708946228,-0.02252832055091858,0.3889756500720978,-0.049304962158203125,-0.5636380910873413,-0.0736728310585022]","[-0.07562708109617233,-0.15847104787826538,-0.7783597111701965,0.15280577540397644,-0.30551978945732117,-0.07343539595603943,-0.188080295920372,-0.1165025383234024,0.2840850353240967,0.3195214569568634,-0.24727188050746918,-0.05361621826887131,0.006435179151594639,-0.007392453961074352,0.046716172248125076,-0.005338841117918491,-0.07516180723905563,-0.26646873354911804,0.47067829966545105,-0.173256054520607,-0.5283858180046082,0.07257897406816483,0.009104001335799694,0.20594948530197144,0.24320004880428314,0.31805408000946045,0.05452621355652809,-0.2893788516521454,-0.19841443002223969]","[-1.3557358980178833,0.4948914349079132,0.819053053855896,0.4366254210472107,0.4865639805793762,-0.24466486275196075,-1.4408843517303467,-2.302807331085205,-2.5648770332336426,2.3975813388824463,0.49747204780578613,0.01872570812702179,-0.3242419958114624,-0.21607543528079987,5.710011005401611,-1.4567148685455322,1.6614391803741455,-3.033766269683838,-0.8942431807518005,-0.11185041815042496,-0.7084747552871704,-1.1542410850524902,-1.2401188611984253,-1.6375232934951782,4.388240337371826,-1.7547037601470947,0.01284809224307537,-0.2660652697086334,2.7304189205169678]",0.04524509981274605,0.024973174557089806,0.037418119609355927,0.10411810129880905,0.09724140912294388,4.862070456147194,0,0,0,0.4887012243270874,0.4981071352958679,0.9789257049560547,0.9124762415885925,0.9953216910362244,0.9952682256698608,-0.0067298379726707935,-0.0,-0.0,0.0,0.0,0.0,0.0
67,1.34,67,"[-0.2396390736103058,0.15291796624660492,0.3652867376804352,0.4869430363178253,0.07853677868843079,-0.09108969569206238,-0.24126529693603516,-0.9604779481887817,-0.9885169267654419,1.402441382408142,-0.1514076292514801,0.08826316893100739,-0.0652342438697815,-0.07151652872562408,0.06181203946471214,-1.7368470430374146,1.4614413976669312,-0.2990027368068695,0.09901923686265945,-0.037473276257514954,-0.1790337860584259,0.3198662996292114,-1.8870769739151,-1.407922625541687,0.4691092371940613,-0.051553674042224884,-0.05533063784241676,0.03304535895586014,-0.27097612619400024]","[-0.31478428840637207,0.22391417622566223,0.5187313556671143,0.5173547267913818,0.15424282848834991,-0.0805652067065239,-0.30659136176109314,-0.8762127161026001,-1.109878420829773,1.0720512866973877,0.05572417378425598,-0.01492547057569027,-0.06213415786623955,-0.09376821666955948,-0.02630285546183586,-1.8162165880203247,1.42478609085083,-0.3285829722881317,0.1598195880651474,-0.08600320667028427,-0.1572188138961792,0.17744146287441254,-1.8710777759552002,-1.4527711868286133,0.5491601228713989,0.006026672199368477,-0.08276785910129547,0.040837664157152176,-0.37248069047927856]","[-0.16100667417049408,-0.3583435118198395,-0.8737884759902954,0.017160922288894653,-0.13782215118408203,-0.05549918860197067,-0.3266494870185852,-0.29143989086151123,0.285513699054718,0.6945252418518066,-0.3432244062423706,0.017997808754444122,-0.04649050533771515,0.0308377668261528,-0.012484285980463028,0.09970963001251221,-0.30413568019866943,0.07005706429481506,0.48948973417282104,0.07599592208862305,-0.6647922396659851,0.04697293043136597,0.11817514896392822,0.296291708946228,-0.02252906560897827,0.3889770209789276,-0.04930514842271805,-0.5636402368545532,-0.07367357611656189]","[-0.05948665365576744,-0.15776072442531586,-0.773819088935852,0.07796867936849594,-0.5998402237892151,-0.08663433790206909,-0.1782885640859604,-0.11262796819210052,0.2801191210746765,0.3203618824481964,-0.25405770540237427,-0.05477437376976013,0.00990598089993,-0.009789292700588703,0.06484812498092651,-0.00820084847509861,-0.0704006776213646,-0.26648131012916565,0.47249746322631836,-0.1658525913953781,-0.5310866832733154,0.07781651616096497,0.010432730428874493,0.2019447535276413,0.23230135440826416,0.3192824423313141,0.047441814094781876,-0.3049074113368988,-0.19116532802581787]","[-1.352802038192749,0.47741469740867615,0.7897111177444458,0.44727301597595215,0.46568432450294495,-0.24980874359607697,-1.4442428350448608,-2.299473762512207,-2.549476146697998,2.4191014766693115,0.4897199869155884,0.011863060295581818,-0.32957494258880615,-0.22473040223121643,5.729246616363525,-1.4389188289642334,1.6612201929092407,-3.0601892471313477,-0.8496156334877014,-0.10091746598482132,-0.7652563452720642,-1.1597963571548462,-1.236087679862976,-1.6655688285827637,4.378806114196777,-1.7100014686584473,-6.722286343574524e-06,-0.2986024022102356,2.745704412460327]",0.04593253508210182,0.026119980961084366,0.03811269253492355,0.1054939553141594,0.0970759466290474,4.85379733145237,0,0,0,0.48835426568984985,0.49792173504829407,0.978112518787384,0.9102301001548767,0.9945808053016663,0.991489827632904,-0.006891382392495871,-0.0,-0.0,0.0,0.0,0.0,0.0
68,1.36,68,"[-0.24285919964313507,0.14575108885765076,0.34781089425086975,0.487286239862442,0.07578032463788986,-0.09219969063997269,-0.24779830873012543,-0.9663068056106567,-0.9828065633773804,1.4163318872451782,-0.1582721322774887,0.08862313628196716,-0.0661640539765358,-0.07089976221323013,0.06156235188245773,-1.734852910041809,1.455358624458313,-0.2976016104221344,0.10880906879901886,-0.0359533466398716,-0.19232966005802155,0.32080575823783875,-1.8847135305404663,-1.4019967317581177,0.4686586856842041,-0.04377410560846329,-0.05631674453616142,0.021772511303424835,-0.27244964241981506]","[-0.31565985083580017,0.22039692103862762,0.5031464099884033,0.520174503326416,0.14629141986370087,-0.08225565403699875,-0.31026649475097656,-0.8787367939949036,-1.104025959968567,1.078730821609497,0.050345420837402344,-0.016057081520557404,-0.061846695840358734,-0.09415993094444275,-0.02504274994134903,-1.8163459300994873,1.4234802722930908,-0.3341548442840576,0.1694180965423584,-0.08910652995109558,-0.16797572374343872,0.179144948720932,-1.8708124160766602,-1.4484989643096924,0.5537810921669006,0.012723320163786411,-0.08209399878978729,0.03440510854125023,-0.37621811032295227]","[-0.16100630164146423,-0.3583427667617798,-0.8737884759902954,0.017160922288894653,-0.13782215118408203,-0.055499374866485596,-0.32664909958839417,-0.2914413809776306,0.2855166792869568,0.6945222616195679,-0.34322404861450195,0.017997995018959045,-0.04649050533771515,0.030837953090667725,-0.012484192848205566,0.09970963001251221,-0.30413568019866943,0.07005631923675537,0.48948973417282104,0.0759960189461708,-0.6647918224334717,0.04697293043136597,0.11817514896392822,0.2962946891784668,-0.022527575492858887,0.3889770209789276,-0.04930514842271805,-0.5636402368545532,-0.07367432117462158]","[-0.029317030683159828,-0.17541688680648804,-0.7643004655838013,0.15289068222045898,-0.3268125057220459,-0.08259154856204987,-0.1775808483362198,-0.12321995943784714,0.289261132478714,0.3235684931278229,-0.25486984848976135,-0.05625193566083908,0.015093609690666199,-0.021575044840574265,0.07343679666519165,-0.008934679441154003,-0.049859341233968735,-0.28331416845321655,0.4674956202507019,-0.15078876912593842,-0.5279541611671448,0.08963169902563095,0.013364600948989391,0.2140403389930725,0.23158280551433563,0.3274170756340027,0.03299206122756004,-0.3160460591316223,-0.18996784090995789]","[-1.3514024019241333,0.4537425637245178,0.7606898546218872,0.46322447061538696,0.4538668394088745,-0.2526151239871979,-1.4481439590454102,-2.29814076423645,-2.5353310108184814,2.4389359951019287,0.4804738759994507,0.006312541663646698,-0.33632639050483704,-0.23540687561035156,5.743460178375244,-1.4176884889602661,1.6609548330307007,-3.091160774230957,-0.8055080771446228,-0.0866967961192131,-0.8236033320426941,-1.157728910446167,-1.2341681718826294,-1.6881211996078491,4.368577003479004,-1.666293978691101,-0.01350809819996357,-0.3257310092449188,2.7549993991851807]",0.04661264643073082,0.027277540415525436,0.038752567023038864,0.10707695782184601,0.09708540886640549,4.854270443320274,0,0,0,0.4880121946334839,0.4977320432662964,0.9773092269897461,0.9076368808746338,0.9952725172042847,0.9950041770935059,-0.006696611642837524,-0.0,-0.0,0.0,0.0,0.0,0.0
69,1.3800000000000001,69,"[-0.24607932567596436,0.13858425617218018,0.33033519983291626,0.4876294732093811,0.07302389293909073,-0.0933096706867218,-0.2543312609195709,-0.972135603427887,-0.9770962595939636,1.4302222728729248,-0.16513659060001373,0.08898308873176575,-0.0670938640832901,-0.07028301060199738,0.06131267175078392,-1.732858657836914,1.4492759704589844,-0.2962004840373993,0.1185988262295723,-0.03443343564867973,-0.20562545955181122,0.32174521684646606,-1.882349967956543,-1.3960708379745483,0.4682081341743469,-0.03599459305405617,-0.057302843779325485,0.010499749332666397,-0.2739230990409851]","[-0.316201388835907,0.21682973206043243,0.48746591806411743,0.5231110453605652,0.1399107724428177,-0.08386444300413132,-0.3138720393180847,-0.8812782764434814,-1.098036527633667,1.085465908050537,0.044938500970602036,-0.017233651131391525,-0.06150534376502037,-0.0946897491812706,-0.023652883246541023,-1.816615343093872,1.4223922491073608,-0.3400966227054596,0.17903469502925873,-0.09206271171569824,-0.1786992996931076,0.18098397552967072,-1.870500922203064,-1.4441933631896973,0.5585549473762512,0.019617091864347458,-0.08156662434339523,0.02770901285111904,-0.3800857961177826]","[-0.1610059291124344,-0.35834163427352905,-0.8737854957580566,0.017161667346954346,-0.13782158493995667,-0.05549900233745575,-0.3266479969024658,-0.29143989086151123,0.2855151891708374,0.6945192813873291,-0.3432229161262512,0.0179976224899292,-0.046490319073200226,0.03083758056163788,-0.012484099715948105,0.09971261024475098,-0.30413269996643066,0.07005631923675537,0.489487886428833,0.0759955495595932,-0.6647899746894836,0.04697293043136597,0.11817812919616699,0.2962946891784668,-0.02252832055091858,0.388975590467453,-0.049304962158203125,-0.5636380910873413,-0.07367357611656189]","[-0.020401019603013992,-0.17354866862297058,-0.774959146976471,0.13542677462100983,-0.3164713382720947,-0.07939057797193527,-0.1763915717601776,-0.12074325978755951,0.2939731776714325,0.3260239362716675,-0.2564854621887207,-0.058682460337877274,0.017265306785702705,-0.026165664196014404,0.07397785782814026,-0.01507904939353466,-0.047267962247133255,-0.2990313768386841,0.47095027565956116,-0.1449533998966217,-0.5270622968673706,0.09342537075281143,0.01578785851597786,0.2104274481534958,0.2440064400434494,0.3383259177207947,0.027617163956165314,-0.33068594336509705,-0.19964276254177094]","[-1.3495593070983887,0.4374583065509796,0.7298334240913391,0.47349458932876587,0.43411263823509216,-0.25614693760871887,-1.4516050815582275,-2.2948665618896484,-2.5211992263793945,2.461082696914673,0.47194039821624756,-0.0005069151520729065,-0.34256255626678467,-0.24145741760730743,5.757890701293945,-1.399391531944275,1.6593949794769287,-3.1191272735595703,-0.7600389122962952,-0.07415962964296341,-0.8831380009651184,-1.160048246383667,-1.2319129705429077,-1.715335726737976,4.360534191131592,-1.6177663803100586,-0.026873456314206123,-0.3583889901638031,2.766921281814575]",0.04728972166776657,0.028434300795197487,0.03939078748226166,0.10879452526569366,0.09698722511529922,4.849361255764961,0,0,0,0.48766666650772095,0.4975352883338928,0.9764976501464844,0.9047656059265137,0.995119571685791,0.9949220418930054,-0.0071455868892371655,-0.0,-0.0,0.0,0.0,0.0,0.0
70,1.4000000000000001,70,"[-0.24929943680763245,0.1314174234867096,0.3128594756126404,0.4879727065563202,0.0702674612402916,-0.09441965073347092,-0.2608642280101776,-0.9779644012451172,-0.9713859558105469,1.4441126585006714,-0.17200104892253876,0.08934304118156433,-0.0680236667394638,-0.06966625899076462,0.06106298789381981,-1.730864405632019,1.4431933164596558,-0.2947993576526642,0.12838858366012573,-0.03291352465748787,-0.2189212590456009,0.3226846754550934,-1.8799864053726196,-1.390144944190979,0.46775755286216736,-0.028215082362294197,-0.05828894302248955,-0.0007730118813924491,-0.27539658546447754]","[-0.3169125020503998,0.21342360973358154,0.47154590487480164,0.524025559425354,0.12554335594177246,-0.08563131839036942,-0.31753066182136536,-0.8837354779243469,-1.0919591188430786,1.0922728776931763,0.03945446014404297,-0.018458792939782143,-0.06113700568675995,-0.09537393599748611,-0.022108053788542747,-1.8176472187042236,1.4210522174835205,-0.3467167615890503,0.18893100321292877,-0.09482771903276443,-0.18944324553012848,0.18285301327705383,-1.8702071905136108,-1.4402835369110107,0.5634959936141968,0.026656413450837135,-0.08111206442117691,0.02077203430235386,-0.3841306269168854]","[-0.16100555658340454,-0.35834184288978577,-0.8737854957580566,0.017161667346954346,-0.13782158493995667,-0.05549900233745575,-0.3266483545303345,-0.29143989086151123,0.2855151891708374,0.6945222616195679,-0.3432229161262512,0.0179976224899292,-0.046490319073200226,0.0308377668261528,-0.012484192848205566,0.09970963001251221,-0.30413568019866943,0.07005631923675537,0.4894877076148987,0.07599564641714096,-0.6647899746894836,0.04697293043136597,0.11817812919616699,0.296291708946228,-0.02252832055091858,0.3889755308628082,-0.04930505529046059,-0.5636380910873413,-0.07367357611656189]","[-0.014628334902226925,-0.17869825661182404,-0.7743611931800842,0.10984934121370316,-0.4876391291618347,-0.08851711452007294,-0.1817949116230011,-0.12076645344495773,0.2999541461467743,0.33010202646255493,-0.2590666711330414,-0.06127924099564552,0.02486545592546463,-0.03557490557432175,0.08266916126012802,-0.05023640766739845,-0.06976158916950226,-0.3280029892921448,0.48791733384132385,-0.13274699449539185,-0.5290243029594421,0.093804731965065,0.017101652920246124,0.18882276117801666,0.2484729290008545,0.3460449278354645,0.021570438519120216,-0.3438498377799988,-0.20511631667613983]","[-1.3481812477111816,0.4203496277332306,0.7007794380187988,0.4856756925582886,0.4137862026691437,-0.25977852940559387,-1.4556336402893066,-2.291896343231201,-2.5070245265960693,2.4827046394348145,0.46269690990448,-0.007358856499195099,-0.3483709394931793,-0.246258944272995,5.771297454833984,-1.3805856704711914,1.6580512523651123,-3.148376941680908,-0.7144485116004944,-0.060575373470783234,-0.9440093636512756,-1.1614723205566406,-1.2322999238967896,-1.741843342781067,4.352356910705566,-1.5686932802200317,-0.04120640456676483,-0.3913954198360443,2.779381513595581]",0.04792436957359314,0.029474642127752304,0.04008609801530838,0.11059827357530594,0.09686456620693207,4.843228310346603,0,0,0,0.4873334467411041,0.49734610319137573,0.9755959510803223,0.901889979839325,0.9948702454566956,0.9934850931167603,-0.007292604073882103,-0.0,-0.0,0.0,0.0,0.0,0.0
71,1.42,71,"[-0.25251954793930054,0.12425058335065842,0.2953837811946869,0.4883159399032593,0.06751102954149246,-0.09552963078022003,-0.2673971951007843,-0.9837931990623474,-0.9656756520271301,1.4580031633377075,-0.17886550724506378,0.08970299363136292,-0.06895347684621811,-0.06904949992895126,0.0608133040368557,-1.7288702726364136,1.4371105432510376,-0.2933982312679291,0.13817833364009857,-0.03139360994100571,-0.23221705853939056,0.3236241340637207,-1.8776228427886963,-1.3842191696166992,0.4673070013523102,-0.020435571670532227,-0.05927504599094391,-0.012045773677527905,-0.2768700420856476]","[-0.3171446621417999,0.20969711244106293,0.4558219313621521,0.5269913673400879,0.11823796480894089,-0.08731947839260101,-0.32127031683921814,-0.8862731456756592,-1.0856937170028687,1.0991520881652832,0.033975303173065186,-0.019748888909816742,-0.060491785407066345,-0.09625248610973358,-0.020405661314725876,-1.8192495107650757,1.4194419384002686,-0.35400861501693726,0.1990576833486557,-0.09727409482002258,-0.20017395913600922,0.18484455347061157,-1.8698633909225464,-1.4366250038146973,0.5685057640075684,0.03392961993813515,-0.0807858258485794,0.013560856692492962,-0.38822120428085327]","[-0.16100630164146423,-0.3583420217037201,-0.8737847208976746,0.017160922288894653,-0.13782158493995667,-0.05549900233745575,-0.3266483545303345,-0.29143989086151123,0.2855151891708374,0.6945222616195679,-0.3432229161262512,0.0179976224899292,-0.046490319073200226,0.0308377668261528,-0.012484099715948105,0.09970963001251221,-0.30413568019866943,0.07005631923675537,0.489487886428833,0.07599564641714096,-0.6647899746894836,0.04697293043136597,0.11817812919616699,0.296291708946228,-0.02252832055091858,0.3889755308628082,-0.04930505529046059,-0.5636380910873413,-0.07367357611656189]","[-0.010118185542523861,-0.18123973906040192,-0.7747552990913391,0.15059882402420044,-0.32587334513664246,-0.08207686245441437,-0.1866304725408554,-0.120047926902771,0.30835485458374023,0.33278924226760864,-0.25841647386550903,-0.06467457115650177,0.03929935395717621,-0.04243960231542587,0.08683628588914871,-0.08023293316364288,-0.08623318374156952,-0.3642619252204895,0.5007285475730896,-0.1157759428024292,-0.5280239582061768,0.1019141897559166,0.017541760578751564,0.1729581356048584,0.2543375492095947,0.3571665585041046,0.014452171511948109,-0.35595130920410156,-0.2074621319770813]","[-1.348520040512085,0.39948511123657227,0.6720070242881775,0.5010970830917358,0.40084004402160645,-0.2614867389202118,-1.4583041667938232,-2.2899229526519775,-2.4932358264923096,2.5029540061950684,0.45203128457069397,-0.013936884701251984,-0.35443633794784546,-0.2503197193145752,5.779712200164795,-1.3573726415634155,1.659188985824585,-3.1789798736572266,-0.6692697405815125,-0.04456806927919388,-1.0065343379974365,-1.1587486267089844,-1.2355319261550903,-1.7626525163650513,4.343553066253662,-1.5199683904647827,-0.05592374503612518,-0.4201677143573761,2.7879817485809326]",0.048554789274930954,0.030538247898221016,0.040731824934482574,0.11273762583732605,0.09679818898439407,4.839909449219704,0,0,0,0.48700299859046936,0.4971516728401184,0.9747146368026733,0.8984941840171814,0.9950959086418152,0.994584321975708,-0.007134131155908108,-0.0,-0.0,0.0,0.0,0.0,0.0
72,1.44,72,"[-0.255739688873291,0.11708374321460724,0.2779080867767334,0.488659143447876,0.06475459784269333,-0.09663961082696915,-0.273930162191391,-0.9896219968795776,-0.9599653482437134,1.471893548965454,-0.1857299655675888,0.0900629460811615,-0.06988327950239182,-0.0684327483177185,0.060563623905181885,-1.7268760204315186,1.431027889251709,-0.29199710488319397,0.1479680985212326,-0.029873698949813843,-0.24551285803318024,0.324563592672348,-1.875259280204773,-1.3782932758331299,0.4668564200401306,-0.012656060978770256,-0.06026114523410797,-0.023318534716963768,-0.27834352850914]","[-0.31753015518188477,0.20622855424880981,0.43981778621673584,0.5286175012588501,0.10659730434417725,-0.08897405862808228,-0.3248279392719269,-0.8886731266975403,-1.0792710781097412,1.1059449911117554,0.028583524748682976,-0.021110089495778084,-0.05965704470872879,-0.09710635244846344,-0.0184524804353714,-1.8214025497436523,1.4173814058303833,-0.3618620038032532,0.20952698588371277,-0.09945311397314072,-0.21095137298107147,0.18699583411216736,-1.8695564270019531,-1.4333361387252808,0.573560893535614,0.04139228165149689,-0.08054884523153305,0.006107829045504332,-0.39229097962379456]","[-0.16100630164146423,-0.35834184288978577,-0.8737847208976746,0.017160922288894653,-0.13782158493995667,-0.05549900233745575,-0.3266483545303345,-0.29143989086151123,0.2855151891708374,0.6945192813873291,-0.34322255849838257,0.017997808754444122,-0.046490319073200226,0.03083758056163788,-0.012484099715948105,0.09971261024475098,-0.30413269996643066,0.07005631923675537,0.489487886428833,0.0759955495595932,-0.664789617061615,0.04697293043136597,0.11817812919616699,0.2962946891784668,-0.02252832055091858,0.3889755308628082,-0.049304962158203125,-0.5636380314826965,-0.07367357611656189]","[-0.01898491382598877,-0.16595979034900665,-0.7887964844703674,0.03734614700078964,-0.7190043926239014,-0.08629737794399261,-0.17757129669189453,-0.10912864655256271,0.30660709738731384,0.3339715600013733,-0.2606539726257324,-0.06739447265863419,0.048689935356378555,-0.04078131914138794,0.10553161799907684,-0.11300184577703476,-0.11207646131515503,-0.390079140663147,0.5215979814529419,-0.10204493254423141,-0.532529890537262,0.10901518911123276,0.014520427212119102,0.1553119421005249,0.2505219578742981,0.3668396770954132,0.010978514328598976,-0.3685518503189087,-0.20366577804088593]","[-1.348529577255249,0.3828856945037842,0.6430667042732239,0.5136502385139465,0.38235652446746826,-0.2638413608074188,-1.4602129459381104,-2.2861833572387695,-2.478893756866455,2.524012327194214,0.4417933225631714,-0.02160719782114029,-0.36005741357803345,-0.24992534518241882,5.787631988525391,-1.3338435888290405,1.6619658470153809,-3.206937789916992,-0.623052716255188,-0.029362360015511513,-1.0702675580978394,-1.158583641052246,-1.2401864528656006,-1.784744381904602,4.336720943450928,-1.4686410427093506,-0.07077927887439728,-0.45199087262153625,2.7984695434570312]",0.04915914312005043,0.031616225838661194,0.04142971336841583,0.11502443253993988,0.09654530882835388,4.827265441417694,0,0,0,0.48667582869529724,0.4969412386417389,0.9737775921821594,0.8948511481285095,0.9939546585083008,0.9884892106056213,-0.007424591574817896,-0.0,-0.0,0.0,0.0,0.0,0.0
73,1.46,73,"[-0.2589598000049591,0.10991691052913666,0.2604323923587799,0.48900237679481506,0.061998166143894196,-0.09774959087371826,-0.2804631292819977,-0.9954507946968079,-0.9542550444602966,1.4857839345932007,-0.19259440898895264,0.09042290598154068,-0.07081308960914612,-0.06781599670648575,0.06031394004821777,-1.7248817682266235,1.4249452352523804,-0.29059597849845886,0.15775784850120544,-0.02835378795862198,-0.2588086426258087,0.32550305128097534,-1.8728957176208496,-1.3723673820495605,0.46640586853027344,-0.0048765502870082855,-0.061247244477272034,-0.03459129482507706,-0.27981698513031006]","[-0.31770843267440796,0.20243431627750397,0.4241222143173218,0.5312079191207886,0.09767042100429535,-0.09065406024456024,-0.328482061624527,-0.891176700592041,-1.0729091167449951,1.1127631664276123,0.023239998146891594,-0.022529471665620804,-0.05868537724018097,-0.09799221903085709,-0.016449399292469025,-1.8238811492919922,1.415079116821289,-0.3701763451099396,0.22028306126594543,-0.10113782435655594,-0.22177252173423767,0.18942441046237946,-1.8692402839660645,-1.4299448728561401,0.5784090161323547,0.049172479659318924,-0.08040924370288849,-0.0016068535624071956,-0.3961324393749237]","[-0.16100555658340454,-0.35834184288978577,-0.873785138130188,0.017161667346954346,-0.1378214955329895,-0.05549900233745575,-0.3266483545303345,-0.29143989086151123,0.2855151891708374,0.6945222616195679,-0.34322255849838257,0.017997808754444122,-0.04649050533771515,0.03083758056163788,-0.012484192848205566,0.09970963001251221,-0.30413269996643066,0.07005706429481506,0.489487886428833,0.07599559426307678,-0.664789617061615,0.04697367548942566,0.11817812919616699,0.296291708946228,-0.022527575492858887,0.3889755308628082,-0.049304962158203125,-0.5636380910873413,-0.0736728310585022]","[-0.006372136529535055,-0.18806909024715424,-0.7632496356964111,0.1554044634103775,-0.34940001368522644,-0.08170025795698166,-0.1880064457654953,-0.11770905554294586,0.30569443106651306,0.33540818095207214,-0.25647681951522827,-0.07074816524982452,0.05645155906677246,-0.04231388121843338,0.09945352375507355,-0.11863125115633011,-0.1164148822426796,-0.4111745059490204,0.532263994216919,-0.07676098495721817,-0.5333595275878906,0.1262931376695633,0.016337543725967407,0.16819392144680023,0.24123980104923248,0.3832594156265259,0.00553617998957634,-0.3800411522388458,-0.19128316640853882]","[-1.3508975505828857,0.35837361216545105,0.6165676116943359,0.5326135754585266,0.37377041578292847,-0.2647077143192291,-1.4632914066314697,-2.2841670513153076,-2.465224027633667,2.541313648223877,0.43033382296562195,-0.028255082666873932,-0.3672323226928711,-0.25166964530944824,5.791309356689453,-1.3052003383636475,1.6672145128250122,-3.2382211685180664,-0.5779853463172913,-0.010181823745369911,-1.1357287168502808,-1.149978518486023,-1.2484272718429565,-1.7993358373641968,4.328643321990967,-1.4209372997283936,-0.08642475306987762,-0.47592732310295105,2.8016979694366455]",0.049755360931158066,0.03276435285806656,0.042092304676771164,0.1175173744559288,0.0965786799788475,4.828933998942375,0,0,0,0.48635876178741455,0.49672070145606995,0.9728083610534668,0.8909395933151245,0.9950833320617676,0.9942836165428162,-0.007260355167090893,-0.0,-0.0,0.0,0.0,0.0,0.0
74,1.48,74,"[-0.2621799111366272,0.10275007039308548,0.24295668303966522,0.48934561014175415,0.05924173817038536,-0.09885957092046738,-0.28699609637260437,-1.001279592514038,-0.9485447406768799,1.4996744394302368,-0.19945886731147766,0.09078285843133926,-0.07174289971590042,-0.06719924509525299,0.06006425619125366,-1.722887635231018,1.4188625812530518,-0.28919482231140137,0.16754761338233948,-0.026833875104784966,-0.2721044421195984,0.32644253969192505,-1.8705321550369263,-1.3664416074752808,0.46595531702041626,0.0029029601719230413,-0.062233343720436096,-0.045864056795835495,-0.2812904417514801]","[-0.317859411239624,0.19872136414051056,0.40853461623191833,0.5344559550285339,0.09129144251346588,-0.09219960868358612,-0.3320157527923584,-0.893552839756012,-1.0664302110671997,1.1194123029708862,0.01809646561741829,-0.024040622636675835,-0.0575922392308712,-0.09867706149816513,-0.01441892422735691,-1.8262889385223389,1.4125988483428955,-0.37864574790000916,0.2312987595796585,-0.10261400789022446,-0.2326783686876297,0.19211088120937347,-1.8689115047454834,-1.4264522790908813,0.5831949710845947,0.05721705034375191,-0.08035315573215485,-0.009561494924128056,-0.3998345732688904]","[-0.16100555658340454,-0.35834184288978577,-0.8737854957580566,0.017160922288894653,-0.1378214955329895,-0.05549918860197067,-0.3266483545303345,-0.2914413809776306,0.2855151891708374,0.6945222616195679,-0.3432229161262512,0.0179976224899292,-0.046490319073200226,0.0308377668261528,-0.012484099715948105,0.09970963001251221,-0.30413568019866943,0.07005706429481506,0.489487886428833,0.07599559426307678,-0.6647899746894836,0.04697367548942566,0.11817812919616699,0.296291708946228,-0.02252832055091858,0.3889755308628082,-0.049304962158203125,-0.5636380910873413,-0.07367357611656189]","[-0.0087362639605999,-0.17588362097740173,-0.763343095779419,0.15606296062469482,-0.307319313287735,-0.075372114777565,-0.18215574324131012,-0.10352356731891632,0.3076947331428528,0.3290896415710449,-0.25022459030151367,-0.0747341439127922,0.06381479650735855,-0.02958657592535019,0.10100214183330536,-0.11438151448965073,-0.12674066424369812,-0.41596412658691406,0.5453507900238037,-0.07064010202884674,-0.5387431979179382,0.137478306889534,0.01614331640303135,0.16983020305633545,0.2410522848367691,0.39484503865242004,0.001985524781048298,-0.3917014002799988,-0.18675342202186584]","[-1.3505654335021973,0.3443603813648224,0.5866671204566956,0.5437552332878113,0.3543788194656372,-0.2664831578731537,-1.4643923044204712,-2.2787728309631348,-2.44966721534729,2.56095027923584,0.4201112985610962,-0.036542683839797974,-0.37358641624450684,-0.2481348067522049,5.796342372894287,-1.2804445028305054,1.6733331680297852,-3.2631442546844482,-0.5310110449790955,0.005689730867743492,-1.202034831047058,-1.148935079574585,-1.254388689994812,-1.8203402757644653,4.324289798736572,-1.3675422668457031,-0.10139431059360504,-0.5062713623046875,2.8092470169067383]",0.05035603046417236,0.03406941518187523,0.04273102059960365,0.12019083648920059,0.09645717591047287,4.8228587955236435,0,0,0,0.4860329031944275,0.4964587390422821,0.9718653559684753,0.8866932988166809,0.9951624870300293,0.994235634803772,-0.007589611690491438,-0.0,-0.0,0.0,0.0,0.0,0.0
75,1.5,75,"[-0.2654000222682953,0.0955832377076149,0.22548097372055054,0.48968881368637085,0.05648530647158623,-0.09996955841779709,-0.29352906346321106,-1.007108449935913,-0.9428344368934631,1.5135648250579834,-0.20632332563400269,0.09114281088113785,-0.07267270237207413,-0.06658248603343964,0.05981457605957985,-1.720893383026123,1.4127798080444336,-0.28779369592666626,0.17733736336231232,-0.0253139641135931,-0.28540024161338806,0.32738199830055237,-1.868168592453003,-1.3605157136917114,0.4655047357082367,0.010682471096515656,-0.06321944296360016,-0.05713681876659393,-0.28276392817497253]","[-0.31823498010635376,0.19692303240299225,0.39621204137802124,0.5356184244155884,0.0790477991104126,-0.0939561054110527,-0.337672621011734,-0.8937042951583862,-1.0580092668533325,1.1234842538833618,0.01496553048491478,-0.026946041733026505,-0.05482618138194084,-0.09914538264274597,-0.012865865603089333,-1.8298487663269043,1.4104267358779907,-0.3893201947212219,0.24257083237171173,-0.1033034473657608,-0.24394859373569489,0.19578328728675842,-1.868661880493164,-1.42435884475708,0.5890552401542664,0.06403093039989471,-0.08084547519683838,-0.016457686200737953,-0.40428924560546875]","[-0.3491401672363281,-0.11195559054613113,-0.4781153202056885,0.37720054388046265,-0.3799160122871399,-0.03666505217552185,-0.5971037149429321,0.17091333866119385,0.6952822208404541,0.10770857334136963,-0.2186603844165802,0.047685764729976654,0.019317492842674255,0.0002553686499595642,-0.03855805844068527,-0.212743878364563,-0.14844834804534912,-0.5739808082580566,0.5033593773841858,0.15104226768016815,-0.45323073863983154,0.2345636487007141,-0.08106231689453125,0.03390014171600342,0.47807544469833374,0.4466957151889801,-0.14814063906669617,-0.46874985098838806,-0.333993136882782]","[-0.00599707430228591,-0.0704369768500328,-0.5205325484275818,0.107579804956913,-0.40398862957954407,-0.0913146361708641,-0.30053770542144775,0.026725156232714653,0.445075660943985,0.1558828204870224,-0.10954881459474564,-0.15454111993312836,0.15517157316207886,-0.014852195046842098,0.06443669646978378,-0.17355071008205414,-0.10530637949705124,-0.555049479007721,0.5583186149597168,-0.021245021373033524,-0.5625388622283936,0.20479749143123627,0.015236392617225647,0.07947257906198502,0.3152346909046173,0.3163376450538635,-0.026046477258205414,-0.3221123516559601,-0.23426856100559235]","[-1.3748716115951538,0.3388765752315521,0.6117521524429321,0.5514078736305237,0.3545280694961548,-0.27598318457603455,-1.447456955909729,-2.2001075744628906,-2.3907201290130615,2.4994802474975586,0.3998825252056122,-0.05741267651319504,-0.35288697481155396,-0.24832318723201752,5.809062957763672,-1.2528899908065796,1.7089309692382812,-3.3207411766052246,-0.4685090482234955,0.05855446308851242,-1.2817320823669434,-1.1257447004318237,-1.2784219980239868,-1.8536510467529297,4.34025239944458,-1.3275994062423706,-0.13333912193775177,-0.502198338508606,2.848033905029297]",0.050824105739593506,0.03545405715703964,0.04336584731936455,0.1238650381565094,0.09613493084907532,4.806746542453766,0,0,0,0.48575714230537415,0.4961734116077423,0.97084641456604,0.881225049495697,0.9981160163879395,0.9954161047935486,-0.02078789845108986,-0.0,-0.0,0.0,0.0,0.0,0.0
76,1.52,76,"[-0.2761455178260803,0.09827184677124023,0.22383207082748413,0.5044336318969727,0.0440450981259346,-0.10032617300748825,-0.31088024377822876,-0.9944430589675903,-0.9207334518432617,1.5039827823638916,-0.20820528268814087,0.09269028902053833,-0.07097020000219345,-0.06718903034925461,0.05852193385362625,-1.7313973903656006,1.4129246473312378,-0.31215405464172363,0.18768198788166046,-0.02079218439757824,-0.29023367166519165,0.3358250856399536,-1.8737746477127075,-1.3650856018066406,0.4850783348083496,0.020770788192749023,-0.06815896928310394,-0.06461405009031296,-0.2946501672267914]","[-0.31826135516166687,0.19853782653808594,0.39029988646507263,0.5384390950202942,0.0735749900341034,-0.09585736691951752,-0.34852543473243713,-0.8877905011177063,-1.042165756225586,1.1227176189422607,0.013606823049485683,-0.031205125153064728,-0.04917258024215698,-0.09878477454185486,-0.011534065939486027,-1.8351801633834839,1.4093881845474243,-0.40381917357444763,0.25329577922821045,-0.10148158669471741,-0.25546395778656006,0.20182405412197113,-1.8685047626495361,-1.4238845109939575,0.5963768362998962,0.06878422945737839,-0.08363622426986694,-0.02104891464114189,-0.41000252962112427]","[-0.5372732877731323,0.13443008065223694,-0.08244477212429047,0.7372379302978516,-0.6220080256462097,-0.017830543220043182,-0.8675553202629089,0.6332635879516602,1.105046272277832,-0.4790961742401123,-0.09409748017787933,0.07737409323453903,0.08512530475854874,-0.030327029526233673,-0.06463164836168289,-0.525200366973877,0.007241964340209961,-1.2180142402648926,0.5172297358512878,0.22608810663223267,-0.24167075753211975,0.4221521317958832,-0.2803027629852295,-0.2285003662109375,0.9786777496337891,0.5044139623641968,-0.24697519838809967,-0.373859703540802,-0.5943097472190857]","[0.01031249575316906,0.12727215886116028,-0.27275556325912476,0.14798176288604736,-0.20284883677959442,-0.09098168462514877,-0.6389316320419312,0.46259263157844543,1.1610397100448608,-0.13051213324069977,-0.052454330027103424,-0.24540382623672485,0.21629191935062408,0.08151398599147797,0.130115807056427,-0.25451743602752686,-0.055786389857530594,-0.7421469688415527,0.5196563005447388,0.11496714502573013,-0.5698734521865845,0.34336987137794495,0.006546184420585632,-0.01092709694057703,0.37437477707862854,0.21504394710063934,-0.1689530909061432,-0.20494796335697174,-0.2905372083187103]","[-1.4407535791397095,0.33848169445991516,0.6543124318122864,0.5776005387306213,0.36878228187561035,-0.28349927067756653,-1.4185928106307983,-2.06695556640625,-2.2972424030303955,2.3681511878967285,0.3710590600967407,-0.06814347952604294,-0.2992303967475891,-0.26132437586784363,5.778147220611572,-1.237406611442566,1.763045310974121,-3.400355577468872,-0.4009144604206085,0.1390627771615982,-1.3636947870254517,-1.0760984420776367,-1.3437789678573608,-1.894369125366211,4.36421537399292,-1.298649549484253,-0.18126548826694489,-0.48835885524749756,2.8681085109710693]",0.05134683847427368,0.03446301817893982,0.043246831744909286,0.11861006915569305,0.09532923251390457,4.766461625695229,0,0,0,0.4854190945625305,0.49635735154151917,0.9714136719703674,0.8894412517547607,0.9946408867835999,0.977473258972168,-0.04828427731990814,-0.0,-0.0,0.0,0.0,0.0,0.0
77,1.54,77,"[-0.2868909537792206,0.10096044093370438,0.22218318283557892,0.5191783308982849,0.031604986637830734,-0.10068278014659882,-0.3282312750816345,-0.9817779064178467,-0.8986325860023499,1.494400978088379,-0.21008722484111786,0.09423777461051941,-0.06926769018173218,-0.06779556721448898,0.057229310274124146,-1.7419013977050781,1.413069486618042,-0.33651426434516907,0.19802655279636383,-0.016270440071821213,-0.29506707191467285,0.3442680835723877,-1.879380702972412,-1.369655728340149,0.5046518445014954,0.030859028920531273,-0.07309845089912415,-0.07209120690822601,-0.30653631687164307]","[-0.31797242164611816,0.20334233343601227,0.38761410117149353,0.5410471558570862,0.07076758146286011,-0.0976170226931572,-0.358493447303772,-0.8771295547485352,-1.0255838632583618,1.118432641029358,0.013394837267696857,-0.034766122698783875,-0.04167986288666725,-0.09656036645174026,-0.009718000888824463,-1.8413070440292358,1.4089077711105347,-0.4220235347747803,0.2638549506664276,-0.09804502129554749,-0.26731544733047485,0.2108982652425766,-1.868276834487915,-1.4250857830047607,0.6049818396568298,0.07221000641584396,-0.08875049650669098,-0.024049414321780205,-0.41652098298072815]","[-0.5372710824012756,0.13442952930927277,-0.08244402706623077,0.7372349500656128,-0.6220057010650635,-0.01783035695552826,-0.8675515651702881,0.6332606077194214,1.1050418615341187,-0.4790961742401123,-0.09409710764884949,0.07737390697002411,0.08512511849403381,-0.030327215790748596,-0.06463136523962021,-0.525200366973877,0.007241964340209961,-1.218008279800415,0.5172282457351685,0.226087287068367,-0.24167001247406006,0.4221506416797638,-0.28030574321746826,-0.22849738597869873,0.9786739945411682,0.5044119358062744,-0.24697427451610565,-0.3738582134246826,-0.5943067669868469]","[0.020257269963622093,0.27427613735198975,-0.08320904523134232,0.11931975930929184,-0.10996345430612564,-0.08479955047369003,-0.4389389753341675,0.552705705165863,0.71891188621521,-0.24284116923809052,0.008172356523573399,-0.14721161127090454,0.40667960047721863,0.12512150406837463,0.08113591372966766,-0.2971982955932617,-0.01712751016020775,-0.9427933692932129,0.5292896628379822,0.1801401525735855,-0.5940804481506348,0.49587956070899963,0.011451251804828644,-0.061539046466350555,0.44851768016815186,0.16916796565055847,-0.2728935778141022,-0.1346239298582077,-0.33291226625442505]","[-1.4842844009399414,0.3349878489971161,0.6630843877792358,0.5925989747047424,0.37530460953712463,-0.2809250056743622,-1.4005628824234009,-1.9950090646743774,-2.250901222229004,2.2822651863098145,0.3554917275905609,-0.06488578766584396,-0.2400798499584198,-0.2812941074371338,5.777706623077393,-1.2247508764266968,1.813138723373413,-3.4810781478881836,-0.34446534514427185,0.1896941214799881,-1.4378365278244019,-1.0337339639663696,-1.3970253467559814,-1.9224498271942139,4.386566162109375,-1.252928376197815,-0.226494699716568,-0.4916524589061737,2.8850133419036865]",0.0516740046441555,0.03384045884013176,0.04306522384285927,0.11473842710256577,0.09603782743215561,4.8018913716077805,0,0,0,0.4852125942707062,0.49650877714157104,0.9719496369361877,0.8947550058364868,0.9954419732093811,0.9841321110725403,-0.026108821853995323,-0.0,-0.0,0.0,0.0,0.0,0.0
78,1.56,78,"[-0.29763635993003845,0.10364902764558792,0.2205343097448349,0.5339230298995972,0.01916487142443657,-0.10103938728570938,-0.3455823063850403,-0.9691126346588135,-0.8765317797660828,1.484818935394287,-0.21196916699409485,0.0957852452993393,-0.0675651952624321,-0.06840211898088455,0.05593667924404144,-1.7524054050445557,1.4132143259048462,-0.36087438464164734,0.2083711177110672,-0.011748692952096462,-0.29990047216415405,0.35271111130714417,-1.8849868774414062,-1.3742254972457886,0.5242252945899963,0.040947265923023224,-0.07803793996572495,-0.07956837862730026,-0.31842243671417236]","[-0.3176461458206177,0.20982207357883453,0.38555899262428284,0.5436695218086243,0.06881491094827652,-0.09913348406553268,-0.3685283660888672,-0.8628615736961365,-1.0068025588989258,1.1113160848617554,0.013671791180968285,-0.037077777087688446,-0.0331193245947361,-0.09305702149868011,-0.007576828356832266,-1.8474195003509521,1.408312439918518,-0.4423598051071167,0.2749437987804413,-0.09436280280351639,-0.2797578275203705,0.2222941517829895,-1.868194580078125,-1.4268498420715332,0.6144279837608337,0.07556995004415512,-0.09512054175138474,-0.02660282701253891,-0.42332834005355835]","[-0.5372703075408936,0.13442952930927277,-0.08244402706623077,0.7372349500656128,-0.6220057010650635,-0.01783035695552826,-0.8675515651702881,0.6332620978355408,1.1050432920455933,-0.4790991544723511,-0.09409710764884949,0.07737372070550919,0.08512493222951889,-0.030327215790748596,-0.06463155150413513,-0.5251973867416382,0.007241964340209961,-1.2180075645446777,0.5172278881072998,0.2260873168706894,-0.24167001247406006,0.4221513867378235,-0.2803027629852295,-0.22849738597869873,0.9786725044250488,0.5044121146202087,-0.24697445333003998,-0.37385860085487366,-0.5943067669868469]","[0.03145986422896385,0.3126310706138611,-0.13919030129909515,0.131342351436615,-0.07769820839166641,-0.06898132711648941,-0.4457922875881195,0.739177942276001,0.9792112112045288,-0.3799192011356354,0.005088077858090401,-0.10167957097291946,0.3903615176677704,0.19698628783226013,0.13725286722183228,-0.2772861123085022,-0.04961005598306656,-1.0110114812850952,0.5588361024856567,0.1761038452386856,-0.6222891211509705,0.5957869291305542,0.005054037552326918,-0.08620637655258179,0.47815513610839844,0.1805781126022339,-0.3260319232940674,-0.1310896873474121,-0.335707426071167]","[-1.5312373638153076,0.3368823230266571,0.663266122341156,0.6066839098930359,0.37159353494644165,-0.2797617018222809,-1.3848646879196167,-1.9327481985092163,-2.1847903728485107,2.2231667041778564,0.34421825408935547,-0.06264238804578781,-0.19883877038955688,-0.2905450761318207,5.783161640167236,-1.2096242904663086,1.854693055152893,-3.542725086212158,-0.292035311460495,0.222591832280159,-1.5092004537582397,-1.004963994026184,-1.4505819082260132,-1.9494744539260864,4.4057297706604,-1.2047388553619385,-0.256908118724823,-0.49175962805747986,2.895437002182007]",0.05184219405055046,0.03356020525097847,0.04279088228940964,0.11163635551929474,0.09641781449317932,4.820890724658966,0,0,0,0.4850996732711792,0.49658334255218506,0.9725416898727417,0.8985488414764404,0.996826708316803,0.9908833503723145,-0.01959274150431156,-0.0,-0.0,0.0,0.0,0.0,0.0
79,1.58,79,"[-0.3083817660808563,0.10633762180805206,0.2188854217529297,0.5486677289009094,0.006724758073687553,-0.10139599442481995,-0.36293333768844604,-0.956447422504425,-0.8544308543205261,1.4752370119094849,-0.21385110914707184,0.09733272343873978,-0.06586269289255142,-0.06900865584611893,0.05464404821395874,-1.7629092931747437,1.4133591651916504,-0.3852345645427704,0.21871566772460938,-0.007226948160678148,-0.30473387241363525,0.36115413904190063,-1.8905928134918213,-1.3787956237792969,0.5437987446784973,0.05103551223874092,-0.08297742903232574,-0.08704555034637451,-0.33030858635902405]","[-0.3174257278442383,0.21654509007930756,0.3840373754501343,0.5463002324104309,0.06727425754070282,-0.10039731115102768,-0.37750375270843506,-0.8486872315406799,-0.9904442429542542,1.1038947105407715,0.014375809580087662,-0.03865784406661987,-0.023350834846496582,-0.08940534293651581,-0.00622803159058094,-1.8538035154342651,1.407514214515686,-0.46498173475265503,0.28645551204681396,-0.09027895331382751,-0.292253315448761,0.23588819801807404,-1.8682196140289307,-1.4284589290618896,0.6250162124633789,0.07964581251144409,-0.10230274498462677,-0.029152877628803253,-0.43058815598487854]","[-0.5372703075408936,0.13442952930927277,-0.08244402706623077,0.7372334599494934,-0.6220057010650635,-0.017830729484558105,-0.8675515651702881,0.6332606077194214,1.1050448417663574,-0.4790961742401123,-0.09409710764884949,0.07737353444099426,0.08512493222951889,-0.03032684326171875,-0.06463146209716797,-0.5251973867416382,0.007241964340209961,-1.2180089950561523,0.5172275304794312,0.2260872721672058,-0.24167075753211975,0.4221513867378235,-0.2802997827529907,-0.22849738597869873,0.9786725044250488,0.5044121146202087,-0.24697427451610565,-0.3738582134246826,-0.5943074822425842]","[0.0073274848982691765,0.32594215869903564,-0.05864569544792175,0.1261754333972931,-0.06693806499242783,-0.058436088263988495,-0.4404699504375458,0.6823034286499023,0.7714049220085144,-0.3618927597999573,0.04561076685786247,-0.07139638066291809,0.4944128692150116,0.17253603041172028,0.04672202840447426,-0.30440860986709595,-0.046598684042692184,-1.138292908668518,0.5726845860481262,0.21853463351726532,-0.6098282933235168,0.7073488831520081,-0.0034320924896746874,-0.06271275877952576,0.5482045412063599,0.22229869663715363,-0.3636232018470764,-0.1277499943971634,-0.3721061646938324]","[-1.5670080184936523,0.3407154381275177,0.6639412045478821,0.6247168183326721,0.3584645986557007,-0.2767070233821869,-1.3810874223709106,-1.8877947330474854,-2.1353814601898193,2.181574583053589,0.3357820510864258,-0.057417042553424835,-0.16000685095787048,-0.30891671776771545,5.794034481048584,-1.2018054723739624,1.8927440643310547,-3.6101157665252686,-0.25030162930488586,0.2575933337211609,-1.5749369859695435,-0.9758633971214294,-1.4989674091339111,-1.9726370573043823,4.430345058441162,-1.1552637815475464,-0.286657452583313,-0.5004851222038269,2.9157817363739014]",0.05200657248497009,0.033922914415597916,0.04240354150533676,0.10905078798532486,0.09642184525728226,4.821092262864113,0,0,0,0.4850073754787445,0.49653559923171997,0.9731850624084473,0.9017383456230164,0.9956867694854736,0.9847200512886047,-0.01578090526163578,-0.0,-0.0,0.0,0.0,0.0,0.0
80,1.6,80,"[-0.3191271722316742,0.10902620851993561,0.21723654866218567,0.5634123682975769,-0.00571535574272275,-0.1017526164650917,-0.3802843689918518,-0.9437822103500366,-0.8323299884796143,1.4656550884246826,-0.21573305130004883,0.09888018667697906,-0.06416019797325134,-0.0696151927113533,0.053351420909166336,-1.7734133005142212,1.4135040044784546,-0.40959474444389343,0.22906021773815155,-0.0027052026707679033,-0.30956730246543884,0.3695971667766571,-1.8961988687515259,-1.3833653926849365,0.5633721947669983,0.06112375110387802,-0.08791691064834595,-0.09452270716428757,-0.34219473600387573]","[-0.317299485206604,0.22262877225875854,0.3813416361808777,0.549445390701294,0.06566471606492996,-0.10130082070827484,-0.3868025839328766,-0.8331609964370728,-0.969796895980835,1.0954804420471191,0.014378376305103302,-0.03993050381541252,-0.014767241664230824,-0.08545243740081787,-0.004701330792158842,-1.8602797985076904,1.4059674739837646,-0.489104300737381,0.29825010895729065,-0.08524689078330994,-0.3041469156742096,0.2513396441936493,-1.8688234090805054,-1.429933786392212,0.6370317339897156,0.08474160730838776,-0.10999331623315811,-0.03187983110547066,-0.4383090138435364]","[-0.5372681021690369,0.1344289630651474,-0.08244402706623077,0.7372304797172546,-0.6220033168792725,-0.017830543220043182,-0.8675485849380493,0.6332576274871826,1.1050373315811157,-0.4790961742401123,-0.09409673511981964,0.07737316191196442,0.0851246565580368,-0.030327029526233673,-0.06463108956813812,-0.5251973867416382,0.007241964340209961,-1.218003749847412,0.5172260403633118,0.22608640789985657,-0.24166926741600037,0.4221498966217041,-0.2803027629852295,-0.22849440574645996,0.9786680340766907,0.5044100284576416,-0.24697333574295044,-0.37385693192481995,-0.5943052768707275]","[0.004312676377594471,0.29300457239151,-0.1191302090883255,0.15459030866622925,-0.08204007148742676,-0.04207594692707062,-0.3939945697784424,0.6792062520980835,0.8026373386383057,-0.36701640486717224,0.01945405825972557,-0.05254814401268959,0.4616977572441101,0.17635129392147064,0.035180214792490005,-0.30794164538383484,-0.08926524966955185,-1.2055484056472778,0.5881408452987671,0.266968309879303,-0.5719797611236572,0.7732250690460205,-0.017456451430916786,-0.04991140216588974,0.6135629415512085,0.274875670671463,-0.38371986150741577,-0.13643108308315277,-0.3964664936065674]","[-1.6099553108215332,0.3497007191181183,0.6626933813095093,0.6459909081459045,0.33692657947540283,-0.2744327485561371,-1.3721473217010498,-1.8403987884521484,-2.076509714126587,2.147597551345825,0.3264676332473755,-0.051365308463573456,-0.13246393203735352,-0.3241431415081024,5.804751873016357,-1.1909445524215698,1.9260073900222778,-3.66873836517334,-0.2111443728208542,0.2880309522151947,-1.6370654106140137,-0.9594537615776062,-1.5523823499679565,-1.9991503953933716,4.453601837158203,-1.1093837022781372,-0.3098369240760803,-0.5065566301345825,2.9366095066070557]",0.05218293517827988,0.03483700007200241,0.04199857637286186,0.10673744976520538,0.09658052027225494,4.829026013612747,0,0,0,0.4849143922328949,0.4963761270046234,0.9738509654998779,0.9045773148536682,0.9962717294692993,0.9877772927284241,-0.014741811901330948,-0.0,-0.0,0.0,0.0,0.0,0.0
81,1.62,81,"[-0.3298724889755249,0.11171478033065796,0.21558766067028046,0.5781569480895996,-0.018155373632907867,-0.10210921615362167,-0.397635281085968,-0.9311171174049377,-0.8102293610572815,1.4560731649398804,-0.21761497855186462,0.10042764991521835,-0.06245770677924156,-0.07022173702716827,0.05205880478024483,-1.7839171886444092,1.4136488437652588,-0.43395471572875977,0.23940470814704895,0.0018165080109611154,-0.31440064311027527,0.3780401349067688,-1.9018049240112305,-1.3879354000091553,0.5829454660415649,0.07121191173791885,-0.09285636246204376,-0.10199982672929764,-0.35408079624176025]","[-0.31731685996055603,0.2283547818660736,0.3784598708152771,0.5532143712043762,0.0629308745265007,-0.10197301208972931,-0.39614802598953247,-0.8183307647705078,-0.9497051239013672,1.0875036716461182,0.014575558714568615,-0.040877409279346466,-0.005877397488802671,-0.08182086050510406,-0.0034963558427989483,-1.8672584295272827,1.4042165279388428,-0.5141618251800537,0.31011074781417847,-0.07903946936130524,-0.3150081932544708,0.2676565945148468,-1.8712934255599976,-1.4310413599014282,0.6516604423522949,0.09089110046625137,-0.11783026158809662,-0.03447544574737549,-0.4469105303287506]","[-0.5372681021690369,0.1344289630651474,-0.08244439959526062,0.737231969833374,-0.6220033168792725,-0.017830170691013336,-0.8675485849380493,0.6332576274871826,1.1050373315811157,-0.4790961742401123,-0.09409673511981964,0.07737353444099426,0.08512484282255173,-0.030327029526233673,-0.06463117897510529,-0.5251944065093994,0.007241964340209961,-1.218003749847412,0.5172260403633118,0.22608640789985657,-0.24166852235794067,0.4221498966217041,-0.2803027629852295,-0.22849738597869873,0.9786680340766907,0.5044100880622864,-0.24697352945804596,-0.3738571107387543,-0.5943052768707275]","[-0.0006124417996034026,0.24660052359104156,-0.20519040524959564,0.1921621710062027,-0.13871988654136658,-0.02776356041431427,-0.4229605197906494,0.7281785607337952,1.0376060009002686,-0.3959515690803528,-0.010985629633069038,-0.04360035061836243,0.3815365433692932,0.1835772693157196,0.08309140056371689,-0.330925852060318,-0.11200034618377686,-1.2252049446105957,0.5899413228034973,0.32684996724128723,-0.5153037309646606,0.8109254240989685,-0.14058707654476166,-0.04436343535780907,0.7536129355430603,0.327416330575943,-0.3923722803592682,-0.12949223816394806,-0.4309702217578888]","[-1.6489546298980713,0.36018475890159607,0.664264976978302,0.67143315076828,0.3099466562271118,-0.27180179953575134,-1.3703045845031738,-1.7955604791641235,-2.021871328353882,2.1201508045196533,0.3170531094074249,-0.04481283575296402,-0.10522490739822388,-0.3447721600532532,5.815762996673584,-1.1841927766799927,1.958202600479126,-3.727329730987549,-0.178118035197258,0.3210364878177643,-1.6943004131317139,-0.9464470744132996,-1.607672095298767,-2.0242345333099365,4.4780592918396,-1.0665767192840576,-0.33320456743240356,-0.5164052248001099,2.966733694076538]",0.05234833061695099,0.03588197007775307,0.041511788964271545,0.10481265187263489,0.09674721211194992,4.837360605597496,0,0,0,0.4848155975341797,0.4961458444595337,0.9745718836784363,0.9069806933403015,0.9970337152481079,0.99181067943573,-0.01399791520088911,-0.0,-0.0,0.0,0.0,0.0,0.0
82,1.6400000000000001,82,"[-0.3406178951263428,0.1144033670425415,0.21393877267837524,0.5929016470909119,-0.030595486983656883,-0.10246582329273224,-0.4149863123893738,-0.9184519052505493,-0.7881284952163696,1.4464912414550781,-0.2194969207048416,0.10197512805461884,-0.060755204409360886,-0.07082827389240265,0.050766173750162125,-1.7944210767745972,1.413793683052063,-0.4583148956298828,0.24974925816059113,0.006338253151625395,-0.31923404335975647,0.38648316264152527,-1.907410979270935,-1.3925052881240845,0.6025189161300659,0.08130015432834625,-0.09779585152864456,-0.10947699099779129,-0.36596694588661194]","[-0.31752341985702515,0.23364011943340302,0.37611472606658936,0.5575444102287292,0.05878417193889618,-0.10243762284517288,-0.4051547050476074,-0.8052616119384766,-0.932054340839386,1.0807372331619263,0.014929255470633507,-0.041493456810712814,0.003488630522042513,-0.07879191637039185,-0.002810139674693346,-1.87516450881958,1.4022400379180908,-0.5401213765144348,0.32190003991127014,-0.0714348703622818,-0.3244454264640808,0.2845664918422699,-1.8757281303405762,-1.4317392110824585,0.6689208149909973,0.09807737171649933,-0.12590597569942474,-0.03673524409532547,-0.45629486441612244]","[-0.5372703075408936,0.13442952930927277,-0.08244402706623077,0.7372349500656128,-0.6220057010650635,-0.017830543220043182,-0.8675515651702881,0.6332606077194214,1.1050432920455933,-0.4790961742401123,-0.09409710764884949,0.07737372070550919,0.08512502908706665,-0.030327029526233673,-0.06463146209716797,-0.5251973867416382,0.007241964340209961,-1.218008279800415,0.5172275304794312,0.2260872721672058,-0.24167001247406006,0.4221513867378235,-0.2803027629852295,-0.22849738597869873,0.9786725044250488,0.5044121146202087,-0.24697427451610565,-0.37385842204093933,-0.5943067669868469]","[-0.012969085946679115,0.25254517793655396,-0.09562759101390839,0.2151833474636078,-0.2236948013305664,-0.020519737154245377,-0.44636180996894836,0.612693727016449,0.8338057398796082,-0.31145036220550537,0.026755264028906822,-0.027411535382270813,0.4650915265083313,0.1342296004295349,0.02583388425409794,-0.3922620713710785,-0.11133702844381332,-1.2744590044021606,0.5808287262916565,0.40039265155792236,-0.4371991753578186,0.8287129998207092,-0.2332870364189148,-0.017486274242401123,0.8773099184036255,0.37561193108558655,-0.40434157848358154,-0.10675518214702606,-0.4752458930015564]","[-1.6832695007324219,0.3703431189060211,0.6663504242897034,0.6990861296653748,0.28049713373184204,-0.2679136097431183,-1.3737289905548096,-1.7565572261810303,-1.9780768156051636,2.0977015495300293,0.3061724901199341,-0.036988191306591034,-0.07763046026229858,-0.3730892241001129,5.826224327087402,-1.1826728582382202,1.985337734222412,-3.7907967567443848,-0.15204600989818573,0.3560475707054138,-1.7454359531402588,-0.934010922908783,-1.6572781801223755,-2.048184633255005,4.504015922546387,-1.024779200553894,-0.35934022068977356,-0.5342390537261963,3.0043177604675293]",0.05255039408802986,0.036995779722929,0.040975172072649,0.10347690433263779,0.09666524827480316,4.833262413740158,0,0,0,0.48470553755760193,0.49589046835899353,0.9753090143203735,0.9090853929519653,0.9956435561180115,0.9856532216072083,-0.013024973683059216,-0.0,-0.0,0.0,0.0,0.0,0.0
83,1.6600000000000001,83,"[-0.35136330127716064,0.11709196120500565,0.21228989958763123,0.6076463460922241,-0.0430356003344059,-0.1028224378824234,-0.43233734369277954,-0.9057866930961609,-0.7660276293754578,1.4369093179702759,-0.2213788628578186,0.10352259874343872,-0.05905270576477051,-0.07143481820821762,0.04947354644536972,-1.8049250841140747,1.4139385223388672,-0.48267504572868347,0.2600938081741333,0.010859998874366283,-0.32406744360923767,0.39492619037628174,-1.9130170345306396,-1.3970752954483032,0.6220923662185669,0.09138839691877365,-0.10273533314466476,-0.11695416271686554,-0.37785306572914124]","[-0.3190750181674957,0.23830263316631317,0.3722342848777771,0.5629033446311951,0.053230270743370056,-0.10262670367956161,-0.41491058468818665,-0.7911291122436523,-0.9104951024055481,1.0736241340637207,0.014216008596122265,-0.04194563627243042,0.01067094225436449,-0.07535489648580551,-0.002146347425878048,-1.8836169242858887,1.3994241952896118,-0.5658906698226929,0.33369576930999756,-0.06289442628622055,-0.3323793411254883,0.3015376329421997,-1.8825992345809937,-1.4324438571929932,0.6886497139930725,0.1062546968460083,-0.13410216569900513,-0.03871725872159004,-0.46598020195961]","[-0.5372703075408936,0.13442952930927277,-0.08244402706623077,0.7372349500656128,-0.6220057010650635,-0.017830543220043182,-0.8675515651702881,0.6332606077194214,1.1050432920455933,-0.4790961742401123,-0.09409710764884949,0.07737353444099426,0.08512493222951889,-0.030327029526233673,-0.06463136523962021,-0.525200366973877,0.007241964340209961,-1.2180089950561523,0.5172278881072998,0.2260872721672058,-0.24167001247406006,0.4221513867378235,-0.2803027629852295,-0.22849738597869873,0.9786725044250488,0.5044119358062744,-0.24697427451610565,-0.37385842204093933,-0.5943067669868469]","[-0.08168406784534454,0.22833526134490967,-0.1755477637052536,0.26930198073387146,-0.29154711961746216,-0.008238040842115879,-0.422987699508667,0.6009861826896667,0.8409401774406433,-0.29069557785987854,-0.014813829213380814,-0.012620876543223858,0.38663920760154724,0.15163151919841766,0.012970557436347008,-0.4215892255306244,-0.15423309803009033,-1.2594541311264038,0.5797516703605652,0.4393417537212372,-0.3627151846885681,0.8243468403816223,-0.33590859174728394,-0.014970445074141026,0.9759372472763062,0.42207783460617065,-0.40875065326690674,-0.09357431530952454,-0.48147353529930115]","[-1.730125904083252,0.3819642961025238,0.6636174321174622,0.7276953458786011,0.25024983286857605,-0.2644710838794708,-1.367638349533081,-1.7108299732208252,-1.924087405204773,2.0738613605499268,0.29233527183532715,-0.029646508395671844,-0.057847559452056885,-0.39636000990867615,5.834886074066162,-1.1754831075668335,2.007695198059082,-3.8475940227508545,-0.12469570338726044,0.38424432277679443,-1.7927879095077515,-0.9342870116233826,-1.7106410264968872,-2.0740835666656494,4.528582572937012,-0.9867773652076721,-0.3809446692466736,-0.5481489896774292,3.036743402481079]",0.05283796414732933,0.03812694549560547,0.040486812591552734,0.10202763974666595,0.09679534286260605,4.839767143130302,0,0,0,0.4845578074455261,0.4956290125846863,0.9760389924049377,0.9111297130584717,0.9959508776664734,0.9893552660942078,-0.012894191779196262,-0.0,-0.0,0.0,0.0,0.0,0.0
84,1.68,84,"[-0.3621087074279785,0.11978054791688919,0.210641011595726,0.6223910450935364,-0.055475715547800064,-0.10317904502153397,-0.4496883749961853,-0.8931214809417725,-0.7439267635345459,1.4273273944854736,-0.2232608050107956,0.1050700694322586,-0.05735020712018013,-0.072041355073452,0.048180919140577316,-1.8154290914535522,1.4140833616256714,-0.5070352554321289,0.27043837308883667,0.015381744131445885,-0.32890084385871887,0.4033692181110382,-1.9186230897903442,-1.4016451835632324,0.6416658163070679,0.10147663205862045,-0.10767482221126556,-0.12443132698535919,-0.3897392153739929]","[-0.32163482904434204,0.24285602569580078,0.3683983385562897,0.5690635442733765,0.046291716396808624,-0.10263380408287048,-0.42520323395729065,-0.7776789665222168,-0.8897718191146851,1.0672390460968018,0.013427133671939373,-0.042152442038059235,0.01768180914223194,-0.07242174446582794,-0.0015046605840325356,-1.8936015367507935,1.396238088607788,-0.5914835929870605,0.34517425298690796,-0.053596802055835724,-0.3387007415294647,0.3180249333381653,-1.891082763671875,-1.4330179691314697,0.7092161774635315,0.1150054857134819,-0.14230376482009888,-0.04035302251577377,-0.4758172631263733]","[-0.5372703075408936,0.13442952930927277,-0.08244439959526062,0.7372349500656128,-0.6220057010650635,-0.01783035695552826,-0.8675515651702881,0.6332606077194214,1.1050432920455933,-0.4790961742401123,-0.09409710764884949,0.07737372070550919,0.08512493222951889,-0.030327029526233673,-0.06463146209716797,-0.5251973867416382,0.007241964340209961,-1.218008279800415,0.5172282457351685,0.22608724236488342,-0.24167001247406006,0.4221513867378235,-0.2803027629852295,-0.22849738597869873,0.9786725044250488,0.5044119358062744,-0.24697445333003998,-0.3738582134246826,-0.5943074822425842]","[-0.1564614474773407,0.19427458941936493,-0.2582235336303711,0.3151397109031677,-0.3470149636268616,0.004362155683338642,-0.4864184856414795,0.6677893996238708,1.064376950263977,-0.3183406889438629,-0.06869056820869446,-0.00650681322440505,0.27968502044677734,0.15034574270248413,0.040329113602638245,-0.48760661482810974,-0.19036687910556793,-1.2322375774383545,0.5674467086791992,0.4751132130622864,-0.28257066011428833,0.7988786697387695,-0.4229584038257599,-0.020769823342561722,1.0104490518569946,0.4471973478794098,-0.41095009446144104,-0.07778579741716385,-0.47639524936676025]","[-1.769840955734253,0.3913929760456085,0.6633618474006653,0.7583380341529846,0.22014456987380981,-0.26070645451545715,-1.3671162128448486,-1.6666383743286133,-1.8720682859420776,2.051382303237915,0.27739477157592773,-0.021869011223316193,-0.03387480974197388,-0.42367109656333923,5.843629360198975,-1.1723281145095825,2.0284171104431152,-3.9081664085388184,-0.1023806780576706,0.41229647397994995,-1.8372678756713867,-0.9339891076087952,-1.7600420713424683,-2.096991539001465,4.55464506149292,-0.9503805041313171,-0.4037325382232666,-0.5650827288627625,3.071974992752075]",0.05309445783495903,0.038561802357435226,0.03996201232075691,0.10082962363958359,0.09692081063985825,4.846040531992912,0,0,0,0.484408438205719,0.4954827129840851,0.9767972826957703,0.9127116799354553,0.9962173104286194,0.992802619934082,-0.012379631400108337,-0.0,-0.0,0.0,0.0,0.0,0.0
85,1.7,85,"[-0.3728541135787964,0.12246914207935333,0.2089921236038208,0.6371357440948486,-0.06791582703590393,-0.10353565216064453,-0.46703940629959106,-0.880456268787384,-0.721825897693634,1.4177454710006714,-0.22514274716377258,0.10661754757165909,-0.05564770847558975,-0.07264789938926697,0.046888288110494614,-1.8259329795837402,1.4142282009124756,-0.5313953757286072,0.28078293800354004,0.01990348845720291,-0.3337342441082001,0.4118122458457947,-1.9242291450500488,-1.4062151908874512,0.6612392663955688,0.11156487464904785,-0.11261431127786636,-0.13190849125385284,-0.4016253650188446]","[-0.325344443321228,0.24705182015895844,0.36411917209625244,0.575946569442749,0.03835102543234825,-0.10245528072118759,-0.43566998839378357,-0.7648277878761292,-0.8696275949478149,1.0614943504333496,0.012268505990505219,-0.04207837954163551,0.024123577401041985,-0.06985105574131012,-0.0009117879089899361,-1.9050583839416504,1.3924391269683838,-0.617038369178772,0.35632696747779846,-0.04366741329431534,-0.3433486223220825,0.33413228392601013,-1.900649905204773,-1.4336401224136353,0.7299811840057373,0.12424015998840332,-0.1505918651819229,-0.04177047312259674,-0.48548343777656555]","[-0.5372703075408936,0.13442952930927277,-0.08244439959526062,0.7372334599494934,-0.6220057010650635,-0.017830543220043182,-0.8675523400306702,0.6332606077194214,1.1050418615341187,-0.4790961742401123,-0.09409710764884949,0.07737372070550919,0.08512502908706665,-0.030327029526233673,-0.06463146209716797,-0.5251973867416382,0.007241964340209961,-1.2180075645446777,0.5172275304794312,0.2260872721672058,-0.24167001247406006,0.4221506416797638,-0.2803027629852295,-0.22849738597869873,0.9786725044250488,0.5044121146202087,-0.24697427451610565,-0.3738582134246826,-0.5943074822425842]","[-0.21837908029556274,0.17242707312107086,-0.2885200083255768,0.35606035590171814,-0.39475834369659424,0.015203000977635384,-0.5615070462226868,0.757811963558197,1.3196696043014526,-0.3516637682914734,-0.12198718637228012,-0.0027684196829795837,0.19851194322109222,0.13976573944091797,0.06375418603420258,-0.56829833984375,-0.23031333088874817,-1.2326955795288086,0.5530089735984802,0.5062351226806641,-0.19773229956626892,0.7800321578979492,-0.4838589131832123,-0.038568828254938126,1.0152840614318848,0.4667463004589081,-0.41639286279678345,-0.0687606930732727,-0.4657617211341858]","[-1.8023813962936401,0.3989199101924896,0.6623328328132629,0.7903410792350769,0.19116336107254028,-0.25656190514564514,-1.3699324131011963,-1.6290138959884644,-1.830229640007019,2.028856039047241,0.2619202136993408,-0.012144066393375397,-0.005882441997528076,-0.45224741101264954,5.851247787475586,-1.170087456703186,2.0468344688415527,-3.974407196044922,-0.08482341468334198,0.43931084871292114,-1.8787578344345093,-0.9315648674964905,-1.8025339841842651,-2.116623640060425,4.585285186767578,-0.9135177731513977,-0.4301499128341675,-0.5885581970214844,3.109473466873169]",0.05337335541844368,0.03848036006093025,0.03948206827044487,0.09976671636104584,0.09682537615299225,4.841268807649612,0,0,0,0.484249085187912,0.49545931816101074,0.9775211811065674,0.9140607118606567,0.9946276545524597,0.9870075583457947,-0.011656364426016808,-0.0,-0.0,0.0,0.0,0.0,0.0
86,1.72,86,"[-0.38359951972961426,0.12515772879123688,0.2073432356119156,0.6518803834915161,-0.0803559422492981,-0.1038922667503357,-0.4843904674053192,-0.8677910566329956,-0.6997250914573669,1.4081635475158691,-0.22702468931674957,0.10816501826047897,-0.053945206105709076,-0.07325443625450134,0.04559566080570221,-1.8364369869232178,1.4143730401992798,-0.5557555556297302,0.291127473115921,0.024425234645605087,-0.3385676443576813,0.42025524377822876,-1.9298352003097534,-1.4107850790023804,0.6808127164840698,0.12165311723947525,-0.11755379289388657,-0.1393856555223465,-0.4135115146636963]","[-0.32999342679977417,0.25091761350631714,0.35944274067878723,0.5835561752319336,0.02941936068236828,-0.1021157056093216,-0.44573307037353516,-0.7531659603118896,-0.8515601754188538,1.0566580295562744,0.010869212448596954,-0.041663214564323425,0.03032974898815155,-0.06764794141054153,-0.0005683903000317514,-1.9176967144012451,1.3879461288452148,-0.6427164673805237,0.36712050437927246,-0.033295080065727234,-0.3463422358036041,0.35002267360687256,-1.9108095169067383,-1.434449553489685,0.7506158947944641,0.13382497429847717,-0.15905244648456573,-0.043045688420534134,-0.4948600232601166]","[-0.5372710824012756,0.13442933559417725,-0.08244439959526062,0.7372334599494934,-0.6220057606697083,-0.017830543220043182,-0.8675515651702881,0.6332606077194214,1.1050418615341187,-0.4790961742401123,-0.09409710764884949,0.07737372070550919,0.08512502908706665,-0.030327029526233673,-0.06463136523962021,-0.5251973867416382,0.007238984107971191,-1.2180089950561523,0.5172275304794312,0.2260872721672058,-0.24167001247406006,0.4221506416797638,-0.2803027629852295,-0.22849738597869873,0.9786725044250488,0.5044121146202087,-0.24697427451610565,-0.37385860085487366,-0.5943074822425842]","[-0.23361605405807495,0.1958039402961731,-0.2039087563753128,0.375267893075943,-0.45019423961639404,0.017630426213145256,-0.48429185152053833,0.5249019265174866,0.7850297093391418,-0.20391693711280823,-0.04697728157043457,0.026730941608548164,0.32945501804351807,0.09355094283819199,0.010889418423175812,-0.6279420256614685,-0.23553049564361572,-1.2501258850097656,0.5258458256721497,0.521481990814209,-0.11880829930305481,0.7668975591659546,-0.4856705665588379,-0.025877906009554863,0.9902158379554749,0.4833091199398041,-0.42394524812698364,-0.0614568255841732,-0.45689311623573303]","[-1.8314067125320435,0.4057437479496002,0.6577358841896057,0.8239102959632874,0.16403484344482422,-0.2524038255214691,-1.374344825744629,-1.5966205596923828,-1.7953437566757202,2.005941152572632,0.24658143520355225,-0.0005521997809410095,0.023584872484207153,-0.479112446308136,5.8573808670043945,-1.1661086082458496,2.0637848377227783,-4.041866779327393,-0.06993179023265839,0.4638153314590454,-1.9168362617492676,-0.9288656115531921,-1.839828372001648,-2.1330981254577637,4.6200032234191895,-0.8762891888618469,-0.45883649587631226,-0.6181358695030212,3.1452276706695557]",0.05371386185288429,0.03808221220970154,0.039055582135915756,0.09895887225866318,0.09688158333301544,4.844079166650772,0,0,0,0.48406174778938293,0.495529443025589,0.9782002568244934,0.9155811071395874,0.994321346282959,0.9873661398887634,-0.010980835184454918,-0.0,-0.0,0.0,0.0,0.0,0.0
87,1.74,87,"[-0.3943449556827545,0.12784631550312042,0.20569434762001038,0.6666250824928284,-0.09279605746269226,-0.10424887388944626,-0.5017414689064026,-0.8551258444786072,-0.6776242256164551,1.398581624031067,-0.22890663146972656,0.10971249639987946,-0.0522427074611187,-0.07386098057031631,0.044303033500909805,-1.8469408750534058,1.4145177602767944,-0.5801157355308533,0.3014720380306244,0.028946978971362114,-0.3434010446071625,0.42869827151298523,-1.935441255569458,-1.4153550863265991,0.7003861665725708,0.13174135982990265,-0.12249328196048737,-0.14686283469200134,-0.425397664308548]","[-0.3357992172241211,0.25482407212257385,0.3543364405632019,0.5919079184532166,0.01955288089811802,-0.1016395166516304,-0.45644864439964294,-0.7399198412895203,-0.8310551643371582,1.0509365797042847,0.008736507035791874,-0.04114867374300957,0.035398200154304504,-0.06523751467466354,-0.00014417440979741514,-1.9306777715682983,1.3831086158752441,-0.667445182800293,0.37756916880607605,-0.02297607809305191,-0.3482244312763214,0.3652418851852417,-1.9220565557479858,-1.4353724718093872,0.7715877294540405,0.14361615478992462,-0.16717007756233215,-0.04419495165348053,-0.504154622554779]","[-0.5143158435821533,0.1265987753868103,-0.082358717918396,0.6788834929466248,-0.5880923867225647,-0.017711706459522247,-0.7713072299957275,0.642000138759613,1.0354697704315186,-0.4870116710662842,-0.08341558277606964,0.07078070193529129,0.0850653275847435,-0.030155479907989502,-0.06556688249111176,-0.5107313394546509,-0.0627666711807251,-1.1512577533721924,0.5475983023643494,0.2584680914878845,-0.22679641842842102,0.38707852363586426,-0.2869933843612671,-0.17079412937164307,0.9516239166259766,0.5252158641815186,-0.27981308102607727,-0.34681373834609985,-0.5723409652709961]","[-0.3003455698490143,0.18661843240261078,-0.27374687790870667,0.4177394509315491,-0.49036791920661926,0.02515479549765587,-0.47977015376091003,0.599854052066803,0.8791173100471497,-0.2546660304069519,-0.10548706352710724,0.03287120163440704,0.2437497079372406,0.11972945928573608,0.010740257799625397,-0.6206064820289612,-0.25566568970680237,-1.1863700151443481,0.5174151062965393,0.5081300139427185,-0.08088967949151993,0.7312231659889221,-0.5377089381217957,-0.029023170471191406,1.019123911857605,0.49353307485580444,-0.4007412791252136,-0.0550089105963707,-0.45329153537750244]","[-1.8749476671218872,0.411286324262619,0.6544348001480103,0.8558130264282227,0.13520285487174988,-0.24936385452747345,-1.3648180961608887,-1.5389143228530884,-1.7385973930358887,1.9713168144226074,0.23040083050727844,0.004037059843540192,0.03689616918563843,-0.49898383021354675,5.864363193511963,-1.159030556678772,2.0899879932403564,-4.093474864959717,-0.045450612902641296,0.48578402400016785,-1.9559859037399292,-0.9327220320701599,-1.8830846548080444,-2.1493053436279297,4.65818452835083,-0.8530486226081848,-0.4761950969696045,-0.6410565376281738,3.1645667552948]",0.05405604466795921,0.03721483051776886,0.038685496896505356,0.09808982163667679,0.09703152626752853,4.851576313376427,0,0,0,0.48386967182159424,0.49571114778518677,0.9788534641265869,0.9166392683982849,0.9954611659049988,0.9929920434951782,-0.0119505999609828,-0.0,-0.0,0.0,0.0,0.0,0.0
88,1.76,88,"[-0.4041721522808075,0.1302216798067093,0.20404888689517975,0.6790357232093811,-0.10387963801622391,-0.10460073500871658,-0.5152427554130554,-0.8421110510826111,-0.6583063006401062,1.3886830806732178,-0.23036131262779236,0.11099624633789062,-0.050542593002319336,-0.07446065545082092,0.04297298565506935,-1.8568662405014038,1.4118623733520508,-0.6018058657646179,0.313031405210495,0.03476395830512047,-0.3476395010948181,0.43573838472366333,-1.941314935684204,-1.417616844177246,0.7188776731491089,0.14266175031661987,-0.12874631583690643,-0.15325820446014404,-0.43640515208244324]","[-0.3421297073364258,0.25877323746681213,0.349308043718338,0.5991861820220947,0.002287868643179536,-0.10116501897573471,-0.4663257300853729,-0.7261196374893188,-0.8112757802009583,1.0445040464401245,0.006358705926686525,-0.040495604276657104,0.03957869112491608,-0.06287682801485062,0.000754404638428241,-1.943914532661438,1.3785443305969238,-0.6911889314651489,0.3874080777168274,-0.012726920656859875,-0.349569708108902,0.3796822428703308,-1.9334346055984497,-1.4363003969192505,0.7924004793167114,0.15321166813373566,-0.17469589412212372,-0.04515903443098068,-0.5138484835624695]","[-0.4684031009674072,0.11093690991401672,-0.0821877270936966,0.5621790885925293,-0.5202637910842896,-0.017474591732025146,-0.5788162350654602,0.6594732403755188,0.8963212370872498,-0.5028396844863892,-0.0620521605014801,0.057594478130340576,0.08494584262371063,-0.029812194406986237,-0.0674375370144844,-0.48179328441619873,-0.2027750015258789,-1.017749309539795,0.6083362102508545,0.32322829961776733,-0.19704774022102356,0.3169320523738861,-0.3003746271133423,-0.05538463592529297,0.8975237607955933,0.5668208003044128,-0.3454890251159668,-0.29272326827049255,-0.528407096862793]","[-0.30565276741981506,0.17615081369876862,-0.3132290840148926,0.3598182499408722,-0.7346900701522827,0.029518598690629005,-0.4349755048751831,0.703642725944519,1.0064282417297363,-0.3434888422489166,-0.15139111876487732,0.03400375321507454,0.1476527601480484,0.11863525956869125,0.07628819346427917,-0.6430352926254272,-0.24398872256278992,-1.136556625366211,0.4861997365951538,0.5112172961235046,-0.059135016053915024,0.6891043782234192,-0.542047917842865,-0.04252175614237785,1.0083028078079224,0.4742148220539093,-0.3659629225730896,-0.04471609741449356,-0.4814801812171936]","[-1.9007508754730225,0.4106887876987457,0.6556795239448547,0.8860337734222412,0.10590343922376633,-0.24383176863193512,-1.3552978038787842,-1.479040265083313,-1.6945347785949707,1.9290475845336914,0.22101128101348877,0.007018588483333588,0.04694861173629761,-0.5299219489097595,5.878631114959717,-1.1678427457809448,2.129218578338623,-4.140486717224121,-0.023295564576983452,0.5178834199905396,-1.9955250024795532,-0.9227145314216614,-1.910925030708313,-2.163574695587158,4.702751159667969,-0.844576358795166,-0.49488478899002075,-0.6770666837692261,3.1732537746429443]",0.05430779606103897,0.03566655144095421,0.038356587290763855,0.09714727848768234,0.0970894917845726,4.85447458922863,0,0,0,0.4837014675140381,0.4960061013698578,0.9793756604194641,0.9176739454269409,0.9971889853477478,0.99202960729599,-0.011501165106892586,-0.0,-0.0,0.0,0.0,0.0,0.0
89,1.78,89,"[-0.4130810797214508,0.1322837918996811,0.2024068385362625,0.6891122460365295,-0.11360660940408707,-0.10494785755872726,-0.524894118309021,-0.8287469148635864,-0.6417713761329651,1.3784680366516113,-0.23138871788978577,0.11201627552509308,-0.048844873905181885,-0.07505346834659576,0.04160553216934204,-1.8662126064300537,1.4064067602157593,-0.6208257079124451,0.3258054852485657,0.041876111179590225,-0.3512829542160034,0.4413755536079407,-1.9474562406539917,-1.4175704717636108,0.7362871170043945,0.15441419184207916,-0.1363128423690796,-0.1585717648267746,-0.4465339481830597]","[-0.34741416573524475,0.26301950216293335,0.3441070020198822,0.6075647473335266,-0.007971808314323425,-0.10038723796606064,-0.47478803992271423,-0.7120599746704102,-0.7926943302154541,1.0375781059265137,0.004068905021995306,-0.039705537259578705,0.043433841317892075,-0.06081826239824295,0.0024669573176652193,-1.9573386907577515,1.3744505643844604,-0.7141919136047363,0.39658525586128235,-0.002436065347865224,-0.3505306839942932,0.39319348335266113,-1.9442819356918335,-1.436935544013977,0.8128909468650818,0.1625964343547821,-0.18169166147708893,-0.04585620388388634,-0.5242372155189514]","[-0.4454486072063446,0.10310597717761993,-0.08210316300392151,0.5038276314735413,-0.4863506257534027,-0.01735575497150421,-0.4825711250305176,0.6682127714157104,0.8267492055892944,-0.5107581615447998,-0.0513710081577301,0.05100145936012268,0.08488623797893524,-0.02964083105325699,-0.06837295740842819,-0.46732425689697266,-0.2727806568145752,-0.950998067855835,0.6387069821357727,0.35560905933380127,-0.18217340111732483,0.2818576991558075,-0.3070622682571411,0.0023156404495239258,0.870475172996521,0.5876246690750122,-0.3783278167247772,-0.26567840576171875,-0.5064412951469421]","[-0.25186941027641296,0.1647454798221588,-0.32055798172950745,0.4434804320335388,-0.42550548911094666,0.04649123176932335,-0.41711312532424927,0.8496528267860413,1.26467764377594,-0.4499569535255432,-0.19548124074935913,0.030736159533262253,0.08275054395198822,0.09206760674715042,0.1409599781036377,-0.6569170355796814,-0.2461889535188675,-1.1004753112792969,0.46242761611938477,0.5171630382537842,-0.04063241556286812,0.6398974061012268,-0.5179092884063721,-0.05343311280012131,0.9957922101020813,0.45774921774864197,-0.3376527726650238,-0.031493786722421646,-0.5211960077285767]","[-1.9210861921310425,0.404164582490921,0.6573534607887268,0.9173454642295837,0.0850452408194542,-0.23758693039417267,-1.3470509052276611,-1.428671956062317,-1.658807396888733,1.8896512985229492,0.21434754133224487,0.0118098184466362,0.06294715404510498,-0.5617292523384094,5.89414644241333,-1.1769483089447021,2.1709957122802734,-4.187413692474365,-0.0035831164568662643,0.5499651432037354,-2.0317561626434326,-0.9046392440795898,-1.9323080778121948,-2.1675333976745605,4.746750831604004,-0.840546190738678,-0.5154589414596558,-0.71724534034729,3.1762564182281494]",0.05448010563850403,0.03368627279996872,0.03802419453859329,0.09665224701166153,0.09713034331798553,4.856517165899277,0,0,0,0.48358678817749023,0.4963991641998291,0.9797782897949219,0.9180020689964294,0.9967078566551208,0.9922841787338257,-0.010240990668535233,-0.0,-0.0,0.0,0.0,0.0,0.0
90,1.8,90,"[-0.4219900965690613,0.1343459188938141,0.2007647603750229,0.6991888284683228,-0.12333366274833679,-0.10529496520757675,-0.5345456004142761,-0.8153825402259827,-0.6252363324165344,1.3682527542114258,-0.23241615295410156,0.11303630471229553,-0.04714714363217354,-0.0756462886929512,0.040238067507743835,-1.8755592107772827,1.4009511470794678,-0.6398457884788513,0.3385796844959259,0.04898831993341446,-0.3549264371395111,0.44701269268989563,-1.9535974264144897,-1.4175242185592651,0.7536966800689697,0.1661667376756668,-0.14387942850589752,-0.16388534009456635,-0.4566628038883209]","[-0.35180026292800903,0.2662692368030548,0.3386487364768982,0.6170619130134583,-0.017230462282896042,-0.099434494972229,-0.4814471900463104,-0.6976779103279114,-0.7736433148384094,1.0295847654342651,0.0007970280712470412,-0.03874750807881355,0.046226613223552704,-0.059495557099580765,0.004930952098220587,-1.9703096151351929,1.3700031042099,-0.736155092716217,0.40538448095321655,0.007689627818763256,-0.35118597745895386,0.4058101773262024,-1.9542241096496582,-1.437844157218933,0.8330801725387573,0.17157652974128723,-0.1882069706916809,-0.04632261022925377,-0.5352745652198792]","[-0.4454493522644043,0.10310672223567963,-0.08210316300392151,0.5038261413574219,-0.48635250329971313,-0.01735575497150421,-0.48257410526275635,0.6682142615318298,0.8267506957054138,-0.5107641220092773,-0.051371753215789795,0.051001645624637604,0.08488661050796509,-0.02964101731777191,-0.06837323307991028,-0.46733319759368896,-0.27278363704681396,-0.9510040283203125,0.6387092471122742,0.3556104600429535,-0.18217340111732483,0.2818576991558075,-0.30705928802490234,0.0023156404495239258,0.8704766631126404,0.5876269340515137,-0.3783293068408966,-0.2656795084476471,-0.5064435601234436]","[-0.21409942209720612,0.10756857693195343,-0.3146229386329651,0.4724612236022949,-0.4764600694179535,0.051248613744974136,-0.31999361515045166,0.8338115215301514,1.2327815294265747,-0.48691391944885254,-0.24091067910194397,0.04131906479597092,0.04944790154695511,0.050628770142793655,0.15932290256023407,-0.6198687553405762,-0.2738926112651825,-1.048302173614502,0.4465942680835724,0.5056700110435486,-0.02697918936610222,0.6045162677764893,-0.46377819776535034,-0.07608925551176071,0.9804678559303284,0.4326949715614319,-0.31332290172576904,-0.021007228642702103,-0.5499356389045715]","[-1.9445313215255737,0.4077817499637604,0.6555444598197937,0.941885232925415,0.05907731503248215,-0.23371239006519318,-1.3401113748550415,-1.3924095630645752,-1.6272934675216675,1.8599932193756104,0.2093779444694519,0.019058801233768463,0.09102866053581238,-0.5805683135986328,5.913420677185059,-1.1819758415222168,2.2058262825012207,-4.229861259460449,0.014254407957196236,0.5722540616989136,-2.058377265930176,-0.8918712735176086,-1.9495700597763062,-2.1730828285217285,4.7904815673828125,-0.8266602158546448,-0.5390059947967529,-0.7641974091529846,3.1884987354278564]",0.054601773619651794,0.03155936673283577,0.03773944452404976,0.09644489735364914,0.09716863185167313,4.858431592583656,0,0,0,0.4835125505924225,0.49682483077049255,0.9801720976829529,0.9180651903152466,0.9965517520904541,0.9916832447052002,-0.008377684280276299,-0.0,-0.0,0.0,0.0,0.0,0.0
91,1.82,91,"[-0.430899053812027,0.13640806078910828,0.19912271201610565,0.7092652916908264,-0.13306070864200592,-0.10564208775758743,-0.5441970825195312,-0.8020183444023132,-0.6087013483047485,1.3580374717712402,-0.23344358801841736,0.11405634135007858,-0.04544940963387489,-0.07623910903930664,0.03887060284614563,-1.8849059343338013,1.3954954147338867,-0.6588658690452576,0.35135385394096375,0.05610052868723869,-0.3585698902606964,0.452649861574173,-1.9597386121749878,-1.4174778461456299,0.7711061835289001,0.17791926860809326,-0.15144601464271545,-0.16919894516468048,-0.46679168939590454]","[-0.35663163661956787,0.26855990290641785,0.3338063955307007,0.6248239278793335,-0.0342714786529541,-0.09858866035938263,-0.4871084988117218,-0.683834969997406,-0.7556326389312744,1.021069884300232,-0.0030362666584551334,-0.03756890445947647,0.048377059400081635,-0.05880134552717209,0.006795610301196575,-1.9821864366531372,1.3650848865509033,-0.7571019530296326,0.4139055907726288,0.017435016110539436,-0.35163092613220215,0.4179905652999878,-1.9631662368774414,-1.4390770196914673,0.8530673384666443,0.18005600571632385,-0.19416144490242004,-0.04660510644316673,-0.5467166900634766]","[-0.4454515874385834,0.10310709476470947,-0.08210316300392151,0.5038291215896606,-0.48635417222976685,-0.017355941236019135,-0.48257559537887573,0.6682157516479492,0.8267536759376526,-0.5107611417770386,-0.051371753215789795,0.05100201815366745,0.08488698303699493,-0.02964101731777191,-0.06837351620197296,-0.4673302173614502,-0.27278661727905273,-0.9510070085525513,0.6387114524841309,0.35561174154281616,-0.18217414617538452,0.28186067938804626,-0.3070652484893799,0.0023186206817626953,0.8704796433448792,0.5876291394233704,-0.378330796957016,-0.2656806409358978,-0.5064457654953003]","[-0.24661867320537567,0.08348158746957779,-0.29218432307243347,0.3580833077430725,-0.734671950340271,0.048017509281635284,-0.28924718499183655,0.8193514943122864,1.1883817911148071,-0.5074695944786072,-0.2564341127872467,0.05119510367512703,0.029683997854590416,0.030442865565419197,0.11362596601247787,-0.5646805167198181,-0.29627978801727295,-1.005920648574829,0.43764862418174744,0.48694607615470886,-0.017386551946401596,0.5920291543006897,-0.4205460846424103,-0.08664537966251373,0.9754835963249207,0.4115542769432068,-0.28620097041130066,-0.012190569192171097,-0.563856840133667]","[-1.9745863676071167,0.41230449080467224,0.6533867716789246,0.9686605334281921,0.033797018229961395,-0.23144538700580597,-1.33596932888031,-1.3556650876998901,-1.588525652885437,1.8351094722747803,0.2034614086151123,0.026216574013233185,0.11948031187057495,-0.5930152535438538,5.929121971130371,-1.1817172765731812,2.2381751537323,-4.2697978019714355,0.034563496708869934,0.5911518931388855,-2.079880952835083,-0.8821991086006165,-1.971171259880066,-2.1743052005767822,4.831845283508301,-0.8107332587242126,-0.5605015754699707,-0.8049978017807007,3.2028722763061523]",0.05470655858516693,0.029758630320429802,0.037568289786577225,0.09612221270799637,0.0971604734659195,4.858023673295975,0,0,0,0.4834515452384949,0.4971754848957062,0.9804838299751282,0.9183418154716492,0.9964444637298584,0.990031361579895,-0.00790463387966156,-0.0,-0.0,0.0,0.0,0.0,0.0
92,1.84,92,"[-0.4398081600666046,0.13847020268440247,0.19748063385486603,0.7193419933319092,-0.14278782904148102,-0.10598920285701752,-0.5538486242294312,-0.7886539101600647,-0.5921661853790283,1.3478223085403442,-0.23447102308273315,0.11507638543844223,-0.04375166445970535,-0.07683192938566208,0.03750312700867653,-1.8942524194717407,1.3900396823883057,-0.6778860688209534,0.36412814259529114,0.0632127895951271,-0.3622134029865265,0.4582871198654175,-1.965880036354065,-1.4174314737319946,0.7885158658027649,0.18967190384864807,-0.15901266038417816,-0.1745125651359558,-0.47692063450813293]","[-0.36150407791137695,0.27080127596855164,0.32874828577041626,0.6332048177719116,-0.045375220477581024,-0.09757553786039352,-0.49261751770973206,-0.6700964570045471,-0.7378875613212585,1.0124459266662598,-0.00718506146222353,-0.03618902713060379,0.050638262182474136,-0.058370038866996765,0.007699931971728802,-1.9931641817092896,1.3597898483276367,-0.777642011642456,0.4225468337535858,0.02684592455625534,-0.351892352104187,0.43009117245674133,-1.9715656042099,-1.4399831295013428,0.8730800747871399,0.18853417038917542,-0.1997653990983963,-0.0467122346162796,-0.5581424236297607]","[-0.44545233249664307,0.10310672223567963,-0.08210353553295135,0.5038321018218994,-0.48635417222976685,-0.01735575497150421,-0.48257410526275635,0.6682172417640686,0.8267536759376526,-0.5107611417770386,-0.05137138068675995,0.05100201815366745,0.08488698303699493,-0.02964101731777191,-0.06837351620197296,-0.4673272371292114,-0.27278363704681396,-0.9510070085525513,0.6387114524841309,0.3556118309497833,-0.1821748912334442,0.28186067938804626,-0.30706822872161865,0.0023156404495239258,0.8704811334609985,0.5876291394233704,-0.378330796957016,-0.2656802535057068,-0.5064457654953003]","[-0.25137361884117126,0.07023632526397705,-0.297578364610672,0.43937060236930847,-0.48717784881591797,0.05451506748795509,-0.28881773352622986,0.8042690753936768,1.1830335855484009,-0.5022026300430298,-0.270967572927475,0.061451543122529984,0.03786236047744751,0.017239876091480255,0.061011217534542084,-0.5159142017364502,-0.31267109513282776,-0.9897950291633606,0.4483018219470978,0.4721415936946869,-0.008759619668126106,0.5951988101005554,-0.4014361500740051,-0.06141669303178787,0.9788945317268372,0.4180551767349243,-0.27486416697502136,-0.004128674510866404,-0.5550325512886047]","[-2.0084474086761475,0.41166749596595764,0.6504557728767395,1.0004854202270508,0.01725267618894577,-0.228798046708107,-1.3314933776855469,-1.320846438407898,-1.5462298393249512,1.8109421730041504,0.1955098807811737,0.03462081402540207,0.14691901206970215,-0.6041015386581421,5.942321300506592,-1.1766364574432373,2.2673919200897217,-4.312887668609619,0.05505533516407013,0.6083247065544128,-2.099795341491699,-0.8719744086265564,-1.9962471723556519,-2.167787790298462,4.868722438812256,-0.7951821684837341,-0.57949298620224,-0.8369057774543762,3.212764024734497]",0.05487823113799095,0.028776755556464195,0.03744994103908539,0.09659723192453384,0.09718203544616699,4.85910177230835,0,0,0,0.4833647608757019,0.49737197160720825,0.9807429313659668,0.9178866744041443,0.9962987899780273,0.990906834602356,-0.007470072712749243,-0.0,-0.0,0.0,0.0,0.0,0.0
93,1.86,93,"[-0.4487171471118927,0.14053232967853546,0.1958385705947876,0.7294185757637024,-0.15251487493515015,-0.1063363179564476,-0.5635000467300415,-0.7752896547317505,-0.5756312012672424,1.3376070261001587,-0.23549844324588776,0.11609642207622528,-0.04205393046140671,-0.07742474973201752,0.03613566234707832,-1.9035990238189697,1.3845840692520142,-0.6969061493873596,0.376902312040329,0.07032500207424164,-0.3658568859100342,0.4639242887496948,-1.9720213413238525,-1.417385220527649,0.8059254288673401,0.20142443478107452,-0.1665792465209961,-0.17982615530490875,-0.48704952001571655]","[-0.36693981289863586,0.2722247838973999,0.32383257150650024,0.6414785385131836,-0.06038999557495117,-0.09666889905929565,-0.49786052107810974,-0.6561046242713928,-0.7186358571052551,1.0034887790679932,-0.012145371176302433,-0.034512754529714584,0.0524020679295063,-0.05797799676656723,0.008170278742909431,-2.0031185150146484,1.353748083114624,-0.7975889444351196,0.4315398931503296,0.03592359647154808,-0.3519933223724365,0.44244593381881714,-1.979956865310669,-1.4409281015396118,0.8930565118789673,0.19695842266082764,-0.20513245463371277,-0.046739354729652405,-0.5690388083457947]","[-0.445450097322464,0.10310634970664978,-0.08210316300392151,0.5038291215896606,-0.48635268211364746,-0.01735575497150421,-0.48257261514663696,0.6682142615318298,0.8267506957054138,-0.5107611417770386,-0.0513710081577301,0.051001645624637604,0.08488661050796509,-0.02964083105325699,-0.06837323307991028,-0.4673302173614502,-0.27278363704681396,-0.9510040283203125,0.6387084722518921,0.3556104600429535,-0.18217414617538452,0.2818591892719269,-0.3070622682571411,0.0023156404495239258,0.8704766631126404,0.5876269340515137,-0.3783293068408966,-0.2656795084476471,-0.5064435601234436]","[-0.2892155349254608,0.04846206679940224,-0.2530518174171448,0.3536812365055084,-0.853180468082428,0.04241030290722847,-0.23705996572971344,0.6589322686195374,0.912655234336853,-0.4299697279930115,-0.25937023758888245,0.08591306209564209,0.0730859562754631,0.015716638416051865,0.01212486531585455,-0.46723008155822754,-0.3238326609134674,-0.9694470167160034,0.4559115171432495,0.4485885500907898,-0.001483979052864015,0.615739107131958,-0.3887428045272827,-0.04638734459877014,0.9606973528862,0.41446539759635925,-0.26691773533821106,-0.0006641456857323647,-0.5212598443031311]","[-2.043670654296875,0.41825732588768005,0.6470206379890442,1.0261229276657104,-0.0055211856961250305,-0.2280232459306717,-1.3240725994110107,-1.2848565578460693,-1.5006228685379028,1.7886760234832764,0.18802154064178467,0.04221919924020767,0.17276251316070557,-0.6086844801902771,5.958539962768555,-1.1735143661499023,2.292308807373047,-4.350654602050781,0.07431001961231232,0.6214684844017029,-2.1152048110961914,-0.8676300048828125,-2.0202908515930176,-2.167158603668213,4.905062198638916,-0.775617241859436,-0.5962045788764954,-0.8671668767929077,3.2242772579193115]",0.055111613124608994,0.028105834499001503,0.037419162690639496,0.09660258889198303,0.09719677269458771,4.859838634729385,0,0,0,0.48323673009872437,0.4974996745586395,0.9809720516204834,0.9184204339981079,0.9967607259750366,0.9899144172668457,-0.006965244188904762,-0.0,-0.0,0.0,0.0,0.0,0.0
94,1.8800000000000001,94,"[-0.4576261639595032,0.14259445667266846,0.19419650733470917,0.7394951581954956,-0.16224193572998047,-0.10668343305587769,-0.5731515288352966,-0.7619253396987915,-0.5590961575508118,1.3273918628692627,-0.23652586340904236,0.11711645126342773,-0.04035620018839836,-0.07801756262779236,0.03476819768548012,-1.9129456281661987,1.379128336906433,-0.7159262299537659,0.3896764814853668,0.07743720710277557,-0.36950036883354187,0.46956148743629456,-1.9781625270843506,-1.4173388481140137,0.8233349323272705,0.21317698061466217,-0.17414583265781403,-0.1851397454738617,-0.4971783757209778]","[-0.3722453713417053,0.27454236149787903,0.31993603706359863,0.649675190448761,-0.07197488844394684,-0.09575928747653961,-0.5032752156257629,-0.6433430314064026,-0.7021363973617554,0.9956414699554443,-0.015971757471561432,-0.032076045870780945,0.055512603372335434,-0.0575084313750267,0.008295995183289051,-2.0128989219665527,1.348105549812317,-0.8174116611480713,0.44055336713790894,0.044457778334617615,-0.3519574701786041,0.45490238070487976,-1.9887410402297974,-1.4412097930908203,0.9127519726753235,0.20549410581588745,-0.21018995344638824,-0.046682655811309814,-0.5793474316596985]","[-0.445450097322464,0.10310634970664978,-0.08210316300392151,0.5038291215896606,-0.48635268211364746,-0.01735575497150421,-0.48257410526275635,0.6682142615318298,0.8267521858215332,-0.5107581615447998,-0.05137138068675995,0.051001645624637604,0.08488661050796509,-0.02964083105325699,-0.06837323307991028,-0.4673272371292114,-0.27278363704681396,-0.9510025382041931,0.6387092471122742,0.3556104600429535,-0.18217414617538452,0.2818591892719269,-0.3070622682571411,0.0023186206817626953,0.8704766631126404,0.5876269340515137,-0.3783293068408966,-0.2656795084476471,-0.5064427852630615]","[-0.2864309847354889,0.0792105570435524,-0.251320481300354,0.43245255947113037,-0.469999760389328,0.0499841682612896,-0.3042190670967102,0.7871087193489075,1.186820387840271,-0.4709271192550659,-0.25118470191955566,0.1037091314792633,0.06517159938812256,0.02467329055070877,0.02099231444299221,-0.4633801579475403,-0.3233625590801239,-0.9550119638442993,0.4673891067504883,0.4240684509277344,0.0064627681858837605,0.6082536578178406,-0.42856037616729736,-0.02297360636293888,0.9577297568321228,0.42449599504470825,-0.2495151311159134,0.0029556697700172663,-0.4925173223018646]","[-2.0827364921569824,0.41888388991355896,0.6438218951225281,1.0577458143234253,-0.021308816969394684,-0.2274901419878006,-1.3179872035980225,-1.2425042390823364,-1.4475467205047607,1.7647969722747803,0.17831310629844666,0.04925266653299332,0.19214874505996704,-0.6162180304527283,5.970329284667969,-1.167856216430664,2.3153767585754395,-4.390930652618408,0.09512968361377716,0.6340416669845581,-2.1323225498199463,-0.8647415041923523,-2.0503594875335693,-2.1603753566741943,4.938271999359131,-0.7597620487213135,-0.607378363609314,-0.8837127685546875,3.2248942852020264]",0.05535486713051796,0.027642391622066498,0.037385668605566025,0.09735889732837677,0.09720754623413086,4.860377311706543,0,0,0,0.48309141397476196,0.49757081270217896,0.9811527729034424,0.9177746176719666,0.9962098002433777,0.9918290376663208,-0.007251128554344177,-0.0,-0.0,0.0,0.0,0.0,0.0
95,1.9000000000000001,95,"[-0.46653515100479126,0.14465658366680145,0.19255444407463074,0.7495717406272888,-0.1719689816236496,-0.10703054815530777,-0.5828030109405518,-0.7485610842704773,-0.5425611138343811,1.3171766996383667,-0.23755329847335815,0.11813648790121078,-0.038658466190099716,-0.0786103829741478,0.03340073302388191,-1.9222921133041382,1.3736727237701416,-0.7349462509155273,0.40245068073272705,0.0845494195818901,-0.37314385175704956,0.4751986563205719,-1.9843038320541382,-1.4172924757003784,0.8407444953918457,0.22492951154708862,-0.18171241879463196,-0.19045333564281464,-0.507307231426239]","[-0.37851059436798096,0.2755623757839203,0.3142453134059906,0.6587924957275391,-0.08417133241891861,-0.09487979114055634,-0.5081836581230164,-0.6291547417640686,-0.68117356300354,0.9869900941848755,-0.02171858586370945,-0.029161056503653526,0.05717935040593147,-0.05660102888941765,0.00829258281737566,-2.021799087524414,1.3410429954528809,-0.8368996381759644,0.4503387212753296,0.052358683198690414,-0.3516708016395569,0.4679093360900879,-1.9979950189590454,-1.4420549869537354,0.9323582053184509,0.21391938626766205,-0.21515989303588867,-0.04664207622408867,-0.5883588790893555]","[-0.445450097322464,0.10310634970664978,-0.08210316300392151,0.5038291215896606,-0.4863522946834564,-0.017355941236019135,-0.48257261514663696,0.6682142615318298,0.8267506957054138,-0.5107611417770386,-0.05137138068675995,0.05100183188915253,0.08488661050796509,-0.02964083105325699,-0.06837323307991028,-0.4673272371292114,-0.27278363704681396,-0.9510025382041931,0.6387092471122742,0.3556104600429535,-0.18217414617538452,0.2818591892719269,-0.3070652484893799,0.0023156404495239258,0.8704781532287598,0.587626576423645,-0.3783293068408966,-0.2656795084476471,-0.5064442753791809]","[-0.31601884961128235,0.05770585313439369,-0.189264714717865,0.3581184148788452,-1.0233858823776245,0.027768436819314957,-0.1851533204317093,0.4980561435222626,0.6129994988441467,-0.320986270904541,-0.20775574445724487,0.1796780675649643,0.14446939527988434,0.035257935523986816,-0.0075798844918608665,-0.43170276284217834,-0.31505224108695984,-0.9548565745353699,0.4652162492275238,0.37671950459480286,0.017125101760029793,0.6442989110946655,-0.43322980403900146,-0.012541919946670532,0.9215136766433716,0.41526153683662415,-0.25201669335365295,0.0027533313259482384,-0.4316175878047943]","[-2.1166114807128906,0.42841240763664246,0.6385427713394165,1.0816943645477295,-0.044235534965991974,-0.22838307917118073,-1.3110013008117676,-1.2121379375457764,-1.405876874923706,1.7423348426818848,0.17080435156822205,0.05724293738603592,0.2146052122116089,-0.6187947392463684,5.988137722015381,-1.165568232536316,2.330693244934082,-4.430522441864014,0.10936100780963898,0.6430265307426453,-2.143488883972168,-0.8680470585823059,-2.0686047077178955,-2.1629395484924316,4.975371360778809,-0.7366061806678772,-0.6219569444656372,-0.9087694883346558,3.2295734882354736]",0.05573437735438347,0.027207965031266212,0.037449419498443604,0.09728378802537918,0.09732877463102341,4.86643873155117,0,0,0,0.48287686705589294,0.49764564633369446,0.9813451170921326,0.919222354888916,0.9963863492012024,0.9948955774307251,-0.005933389998972416,-0.0,-0.0,0.0,0.0,0.0,0.0
96,1.92,96,"[-0.47544416785240173,0.14671871066093445,0.1909123808145523,0.759648323059082,-0.18169602751731873,-0.10737767070531845,-0.5924544334411621,-0.7351967692375183,-0.5260261297225952,1.3069614171981812,-0.23858071863651276,0.11915652453899384,-0.03696073591709137,-0.07920319586992264,0.03203326836228371,-1.9316387176513672,1.3682169914245605,-0.7539663314819336,0.4152248501777649,0.09166162461042404,-0.37678733468055725,0.48083585500717163,-1.9904451370239258,-1.4172462224960327,0.8581540584564209,0.23668204247951508,-0.1892790049314499,-0.19576692581176758,-0.517436146736145]","[-0.38479122519493103,0.2784157991409302,0.31118306517601013,0.6667252779006958,-0.09656528383493423,-0.09421809017658234,-0.5137903690338135,-0.6172405481338501,-0.666321337223053,0.9801717400550842,-0.024721240624785423,-0.025585204362869263,0.061155784875154495,-0.05571701005101204,0.00832735002040863,-2.0314481258392334,1.3354049921035767,-0.8562920093536377,0.4595696032047272,0.059536162763834,-0.3512711524963379,0.48066380620002747,-2.0080411434173584,-1.4420973062515259,0.9512760639190674,0.22231262922286987,-0.2196335643529892,-0.04655396565794945,-0.5969537496566772]","[-0.445450097322464,0.10310634970664978,-0.08210316300392151,0.5038276314735413,-0.4863522946834564,-0.017355941236019135,-0.48257261514663696,0.6682142615318298,0.8267506957054138,-0.5107611417770386,-0.05137138068675995,0.051001645624637604,0.08488661050796509,-0.02964083105325699,-0.06837323307991028,-0.4673302173614502,-0.27278363704681396,-0.9510040283203125,0.6387084722518921,0.3556104600429535,-0.18217414617538452,0.2818591892719269,-0.3070652484893799,0.0023156404495239258,0.8704781532287598,0.5876269340515137,-0.3783293068408966,-0.2656795084476471,-0.5064442753791809]","[-0.34633395075798035,0.10376342386007309,-0.2262694537639618,0.42089003324508667,-0.457023561000824,0.039442338049411774,-0.33062654733657837,0.7837346196174622,1.186599612236023,-0.4361233711242676,-0.21734264492988586,0.14118482172489166,0.08854600042104721,0.04121629148721695,0.018699582666158676,-0.4655608832836151,-0.32148799300193787,-0.9286773800849915,0.47517263889312744,0.3541237711906433,0.02454531192779541,0.612278401851654,-0.49412715435028076,-0.016497410833835602,0.9192065596580505,0.41574981808662415,-0.21607759594917297,0.004200475290417671,-0.4113064110279083]","[-2.1574957370758057,0.42915961146354675,0.634885847568512,1.1145349740982056,-0.0606689527630806,-0.22982437908649445,-1.3087220191955566,-1.1647570133209229,-1.3468574285507202,1.7176072597503662,0.16030514240264893,0.061681561172008514,0.2262313961982727,-0.6265118718147278,5.997523784637451,-1.1606030464172363,2.3454644680023193,-4.4697184562683105,0.12926216423511505,0.6515700221061707,-2.1596953868865967,-0.873876690864563,-2.0979220867156982,-2.156270980834961,5.008838176727295,-0.7207135558128357,-0.626774787902832,-0.9149594306945801,3.21825909614563]",0.05598434433341026,0.026477325707674026,0.037445928901433945,0.09823394566774368,0.09719277173280716,4.859638586640358,0,0,0,0.4827107787132263,0.49773702025413513,0.9814963936805725,0.9182918667793274,0.9954558610916138,0.9913487434387207,-0.00740235997363925,-0.0,-0.0,0.0,0.0,0.0,0.0
97,1.94,97,"[-0.4843531548976898,0.14878083765506744,0.18927031755447388,0.7697248458862305,-0.19142307341098785,-0.10772478580474854,-0.6021059155464172,-0.7218325138092041,-0.5094910860061646,1.2967462539672852,-0.23960815370082855,0.12017655372619629,-0.035263001918792725,-0.07979601621627808,0.0306658037006855,-1.9409853219985962,1.362761378288269,-0.7729864120483398,0.42799901962280273,0.09877383708953857,-0.38043081760406494,0.486473023891449,-1.9965864419937134,-1.4171998500823975,0.8755636215209961,0.24843458831310272,-0.19684559106826782,-0.20108051598072052,-0.5275650024414062]","[-0.3921121656894684,0.2797839939594269,0.3052864670753479,0.6764480471611023,-0.105052150785923,-0.09344908595085144,-0.5191363096237183,-0.6029266119003296,-0.6449310779571533,0.9719921946525574,-0.030234118923544884,-0.021990399807691574,0.06304281204938889,-0.054659560322761536,0.008219157345592976,-2.040344715118408,1.3282654285430908,-0.8752754330635071,0.469520628452301,0.06589962542057037,-0.35057589411735535,0.49358609318733215,-2.0182571411132812,-1.4426419734954834,0.9699782729148865,0.2307295799255371,-0.22402608394622803,-0.046492137014865875,-0.6044607162475586]","[-0.4454478621482849,0.10310634970664978,-0.08210279047489166,0.5038246512413025,-0.48635080456733704,-0.01735575497150421,-0.4825711250305176,0.6682112812995911,0.826747715473175,-0.5107611417770386,-0.05137138068675995,0.05100145936012268,0.08488623797893524,-0.02964083105325699,-0.06837295740842819,-0.46732425689697266,-0.27278363704681396,-0.950998067855835,0.6387062668800354,0.35560914874076843,-0.18217340111732483,0.2818584442138672,-0.3070652484893799,0.0023186206817626953,0.8704721927642822,0.5876246690750122,-0.3783278167247772,-0.2656787633895874,-0.5064398050308228]","[-0.3385094702243805,0.09251876920461655,-0.23540878295898438,0.48113107681274414,-0.41304463148117065,0.03361279517412186,-0.21059736609458923,0.5208223462104797,0.6506931185722351,-0.30641621351242065,-0.21746911108493805,0.21369463205337524,0.1724425107240677,0.035956189036369324,-0.016417991369962692,-0.4343322515487671,-0.32897108793258667,-0.9370965361595154,0.47796207666397095,0.3008880913257599,0.03868917003273964,0.6352120637893677,-0.4708980917930603,-0.0006769773317500949,0.8827688097953796,0.4190238118171692,-0.22300688922405243,0.004380776546895504,-0.36294734477996826]","[-2.185945510864258,0.4404434859752655,0.6295176148414612,1.1366257667541504,-0.08492738753557205,-0.23148007690906525,-1.3045315742492676,-1.1428486108779907,-1.3123985528945923,1.6958403587341309,0.1538679003715515,0.07068727165460587,0.24743250012397766,-0.6279045939445496,6.01515531539917,-1.1573894023895264,2.3523995876312256,-4.512919902801514,0.1369081288576126,0.6578270792961121,-2.167764902114868,-0.8828839063644409,-2.107637405395508,-2.160271644592285,5.0495829582214355,-0.6940290331840515,-0.6408789157867432,-0.9391524791717529,3.21734881401062]",0.056352950632572174,0.025581281632184982,0.03752610832452774,0.0982416421175003,0.09736372530460358,4.868186265230179,0,0,0,0.48250657320022583,0.4978889226913452,0.9816765785217285,0.9200801849365234,0.9958919882774353,0.9954043626785278,-0.005262318998575211,-0.0,-0.0,0.0,0.0,0.0,0.0
98,1.96,98,"[-0.49326208233833313,0.15084296464920044,0.18762826919555664,0.7798013091087341,-0.2011500597000122,-0.10807190090417862,-0.6117572784423828,-0.7084683179855347,-0.4929562211036682,1.2865309715270996,-0.24063557386398315,0.12119658291339874,-0.03356528654694557,-0.08038882911205292,0.02929835021495819,-1.950331687927246,1.357305645942688,-0.792006254196167,0.4407730996608734,0.10588598996400833,-0.38407427072525024,0.4921101927757263,-2.002727746963501,-1.4171534776687622,0.8929729461669922,0.260187029838562,-0.20441211760044098,-0.20639407634735107,-0.5376937389373779]","[-0.39981555938720703,0.28219902515411377,0.3013729751110077,0.6844031810760498,-0.1197134256362915,-0.09302132576704025,-0.5246030688285828,-0.5905323028564453,-0.6284206509590149,0.965167760848999,-0.03424694761633873,-0.017995666712522507,0.06606315076351166,-0.053782857954502106,0.00803705956786871,-2.0495214462280273,1.322037696838379,-0.8940219879150391,0.4789756238460541,0.07148588448762894,-0.3497011363506317,0.506170928478241,-2.028801679611206,-1.4426343441009521,0.9881866574287415,0.23916518688201904,-0.2279098927974701,-0.04642489179968834,-0.6118299961090088]","[-0.4454471170902252,0.10310634970664978,-0.08210279047489166,0.5038276314735413,-0.48635080456733704,-0.01735575497150421,-0.4825711250305176,0.6682112812995911,0.826747715473175,-0.5107581615447998,-0.05137138068675995,0.051001645624637604,0.08488623797893524,-0.029640644788742065,-0.06837300211191177,-0.46732425689697266,-0.27278363704681396,-0.950998067855835,0.6387069821357727,0.35560914874076843,-0.18217340111732483,0.2818576991558075,-0.3070563077926636,0.0023156404495239258,0.8704736828804016,0.5876246690750122,-0.37832745909690857,-0.26567840576171875,-0.5064412951469421]","[-0.3843570053577423,0.11180971562862396,-0.23924793303012848,0.4161088764667511,-0.4914535880088806,0.027011429890990257,-0.26220113039016724,0.6507706642150879,0.9027219414710999,-0.3532245457172394,-0.231404647231102,0.1807510256767273,0.11465749144554138,0.040085747838020325,-0.006850151345133781,-0.4349994957447052,-0.3319343626499176,-0.9023500680923462,0.4774150550365448,0.2729734480381012,0.04836377501487732,0.6087782979011536,-0.5050104856491089,0.002455671550706029,0.8872515559196472,0.4225032329559326,-0.188482865691185,0.003700010944157839,-0.3560263216495514]","[-2.220975160598755,0.45138099789619446,0.6288026571273804,1.160814881324768,-0.11376083642244339,-0.23534013330936432,-1.3019206523895264,-1.1022599935531616,-1.256168246269226,1.674983024597168,0.14582198858261108,0.0730092003941536,0.25819289684295654,-0.6255939602851868,6.026482582092285,-1.1560642719268799,2.3606173992156982,-4.5470709800720215,0.14985401928424835,0.6617979407310486,-2.1766140460968018,-0.8982092142105103,-2.1269643306732178,-2.1636838912963867,5.08898401260376,-0.6700158715248108,-0.6457930207252502,-0.953037440776825,3.2132532596588135]",0.05661226436495781,0.024120310321450233,0.03759972006082535,0.09834255278110504,0.09730879217386246,4.865439608693123,0,0,0,0.4823354482650757,0.49810367822647095,0.9818161725997925,0.9205752015113831,0.9951800107955933,0.9938439130783081,-0.006414684932678938,-0.0,-0.0,0.0,0.0,0.0,0.0
99,1.98,99,"[-0.5021710395812988,0.15290509164333344,0.1859862059354782,0.7898779511451721,-0.21087710559368134,-0.1084190160036087,-0.6214087605476379,-0.6951040625572205,-0.47642117738723755,1.2763159275054932,-0.24166300892829895,0.1222166195511818,-0.03186755254864693,-0.08098164200782776,0.027930883690714836,-1.959678292274475,1.3518500328063965,-0.8110263347625732,0.45354729890823364,0.11299820244312286,-0.38771775364875793,0.4977473318576813,-2.00886869430542,-1.4171072244644165,0.9103825688362122,0.27193957567214966,-0.21197868883609772,-0.21170765161514282,-0.5478226542472839]","[-0.40732160210609436,0.284695029258728,0.29726386070251465,0.6939122676849365,-0.12783268094062805,-0.09252753108739853,-0.5302292108535767,-0.5773950815200806,-0.6098164319992065,0.9583304524421692,-0.03890823945403099,-0.014093192294239998,0.06876929849386215,-0.05324484035372734,0.007865840569138527,-2.0586113929748535,1.3154571056365967,-0.9125217199325562,0.48864325881004333,0.0765041783452034,-0.3485775887966156,0.5183736681938171,-2.0394208431243896,-1.4423704147338867,1.006367564201355,0.24788154661655426,-0.23140782117843628,-0.04633839800953865,-0.6190127730369568]","[-0.4454515874385834,0.10310672223567963,-0.08210353553295135,0.5038321018218994,-0.48635417222976685,-0.01735575497150421,-0.48257559537887573,0.6682172417640686,0.8267544507980347,-0.5107581615447998,-0.05137138068675995,0.05100183188915253,0.08488698303699493,-0.02964101731777191,-0.06837351620197296,-0.46733319759368896,-0.27278363704681396,-0.9510084986686707,0.6387114524841309,0.35561174154281616,-0.18217414617538452,0.2818599343299866,-0.30705928802490234,0.0023156404495239258,0.8704826235771179,0.5876295566558838,-0.37833043932914734,-0.2656802535057068,-0.5064472556114197]","[-0.3800148665904999,0.09078697115182877,-0.23640425503253937,0.4886024594306946,-0.3733311891555786,0.02481713332235813,-0.251586377620697,0.6409913897514343,0.9426612854003906,-0.3366101384162903,-0.26777344942092896,0.18829497694969177,0.0947665423154831,0.016791697591543198,-0.010507824830710888,-0.4233922064304352,-0.3493480980396271,-0.8956362009048462,0.48782211542129517,0.24298730492591858,0.06145678833127022,0.5963993668556213,-0.4963691830635071,0.019852301105856895,0.8753167986869812,0.438435822725296,-0.17776678502559662,0.004602461121976376,-0.34467723965644836]","[-2.247767210006714,0.4586854875087738,0.6258817911148071,1.1884785890579224,-0.13472768664360046,-0.23750288784503937,-1.3037848472595215,-1.0773937702178955,-1.2165530920028687,1.6555202007293701,0.13808652758598328,0.0798710361123085,0.27456992864608765,-0.6256017088890076,6.037942886352539,-1.1524701118469238,2.364670753479004,-4.590138912200928,0.1568281203508377,0.6675428748130798,-2.183258056640625,-0.9118772149085999,-2.1385464668273926,-2.1642227172851562,5.128945827484131,-0.6448944211006165,-0.656109094619751,-0.9710748791694641,3.2085630893707275]",0.05688862130045891,0.023045172914862633,0.03770073130726814,0.09898688644170761,0.09729470312595367,4.864735156297684,0,0,0,0.48217087984085083,0.49825942516326904,0.9819396734237671,0.9208670854568481,0.9939433336257935,0.9925938248634338,-0.005039367359131575,-0.0,-0.0,0.0,0.0,0.0,0.0
100,2.0,100,"[-0.5110801458358765,0.15496723353862762,0.1843441277742386,0.7999545931816101,-0.22060422599315643,-0.10876613110303879,-0.6310603022575378,-0.6817396283149719,-0.4598860442638397,1.2661006450653076,-0.24269042909145355,0.12323665618896484,-0.030169807374477386,-0.0815744698047638,0.026563409715890884,-1.9690250158309937,1.3463943004608154,-0.8300465941429138,0.46632155776023865,0.12011045962572098,-0.3913612365722656,0.5033845901489258,-2.015010118484497,-1.4170608520507812,0.9277922511100769,0.28369221091270447,-0.21954533457756042,-0.21702128648757935,-0.5579516291618347]","[-0.41522470116615295,0.2864395081996918,0.2931337058544159,0.7028852701187134,-0.1404184252023697,-0.09220965951681137,-0.5346439480781555,-0.5643426775932312,-0.5908622741699219,0.951417088508606,-0.04450113698840141,-0.009983754716813564,0.07045094668865204,-0.052457310259342194,0.0076607526279985905,-2.0652527809143066,1.3079538345336914,-0.9339751601219177,0.49861353635787964,0.0821591466665268,-0.3469240963459015,0.5428761839866638,-2.049933910369873,-1.4420089721679688,1.0244158506393433,0.2566193640232086,-0.23491239547729492,-0.04622432962059975,-0.6257473230361938]","[-0.424271821975708,0.09113959968090057,-0.0789158046245575,0.4402831196784973,-0.446464866399765,-0.01720171421766281,-0.3523200750350952,0.6569251418113708,0.7723286747932434,-0.5442529916763306,-0.025929510593414307,0.04749540239572525,0.08471864461898804,-0.03193337470293045,-0.06674439460039139,-0.46136677265167236,-0.33692121505737305,-0.9547039866447449,0.6848618388175964,0.3113076090812683,-0.14408603310585022,0.29621943831443787,-0.3138720989227295,0.053051114082336426,0.8712396025657654,0.6284803152084351,-0.3626219928264618,-0.2232879400253296,-0.5164861679077148]","[-0.39282867312431335,0.09468313306570053,-0.17582003772258759,0.3812578022480011,-0.7311838865280151,0.011349224485456944,-0.18052992224693298,0.5487918853759766,0.7209686636924744,-0.2980561852455139,-0.2610286474227905,0.21558889746665955,0.09440339356660843,0.030476149171590805,-0.01802738755941391,-0.34088265895843506,-0.35965457558631897,-0.9084551334381104,0.45680609345436096,0.27146536111831665,0.11620838195085526,0.7596743702888489,-0.4779120981693268,0.036871202290058136,0.8510645031929016,0.43538397550582886,-0.18082518875598907,0.007760168518871069,-0.32814884185791016]","[-2.2677323818206787,0.4685019552707672,0.6189787983894348,1.2081964015960693,-0.15914592146873474,-0.23789049685001373,-1.3007334470748901,-1.0459741353988647,-1.1799746751785278,1.6313211917877197,0.13858380913734436,0.08527543395757675,0.2866672873497009,-0.62787926197052,6.04031229019165,-1.1547404527664185,2.371696710586548,-4.633028984069824,0.16143174469470978,0.6768437027931213,-2.191678524017334,-0.9195986390113831,-2.145791530609131,-2.1706314086914062,5.174275875091553,-0.6271418333053589,-0.6695367097854614,-0.9875931739807129,3.2009494304656982]",0.057213909924030304,0.02249128744006157,0.03796358406543732,0.0997302383184433,0.09726507216691971,4.863253608345985,0,0,0,0.48197200894355774,0.49833714962005615,0.9819579124450684,0.9214537143707275,0.9940717220306396,0.9903318285942078,-0.004870723932981491,-0.0,-0.0,0.0,0.0,0.0,0.0
101,2.02,101,"[-0.5191419124603271,0.15655067563056946,0.1828295737504959,0.807489275932312,-0.22873570024967194,-0.10910708457231522,-0.6355015635490417,-0.6688270568847656,-0.4455280303955078,1.25454580783844,-0.24270018935203552,0.1241164356470108,-0.02847880683839321,-0.08225897699594498,0.025261107832193375,-1.978132963180542,1.3383731842041016,-0.849214494228363,0.4809417724609375,0.1254505068063736,-0.39348119497299194,0.5095961093902588,-2.021423578262329,-1.414985179901123,0.9452321529388428,0.29707878828048706,-0.2264835685491562,-0.220639169216156,-0.5684821009635925]","[-0.422637939453125,0.2893104553222656,0.2896442711353302,0.7114378809928894,-0.1495615541934967,-0.09182047098875046,-0.5388283729553223,-0.5517594218254089,-0.574049711227417,0.9449304938316345,-0.049368780106306076,-0.005536441691219807,0.07241497933864594,-0.05209524184465408,0.007376016583293676,-2.0744197368621826,1.3015024662017822,-0.9514453411102295,0.5071101784706116,0.08609780669212341,-0.3438967168331146,0.5503645539283752,-2.059476613998413,-1.4410927295684814,1.041614055633545,0.2654290795326233,-0.23829366266727448,-0.0459270142018795,-0.632849931716919]","[-0.4030883312225342,0.07917247712612152,-0.07572770118713379,0.3767341375350952,-0.4065741002559662,-0.017047487199306488,-0.22206157445907593,0.6456270813941956,0.7179006934165955,-0.5777418613433838,-0.0004883855581283569,0.043988972902297974,0.08455007523298264,-0.03422517329454422,-0.06511513888835907,-0.455397367477417,-0.40105879306793213,-0.9583950042724609,0.7310107350349426,0.2670021653175354,-0.10599717497825623,0.3105759620666504,-0.320667028427124,0.10378062725067139,0.8719965815544128,0.6693288683891296,-0.3469116985797882,-0.180894136428833,-0.5265235900878906]","[-0.36858150362968445,0.1216476783156395,-0.21936677396297455,0.44640055298805237,-0.3513847589492798,0.023570220917463303,-0.19140051305294037,0.6422826051712036,0.8963285088539124,-0.33098745346069336,-0.26672476530075073,0.20967501401901245,0.06253454089164734,0.008532240055501461,-0.014583555050194263,-0.4539381265640259,-0.3356607258319855,-0.8506912589073181,0.4193510115146637,0.1811874657869339,0.16670626401901245,0.31942692399024963,-0.4433566629886627,0.04562745243310928,0.8356724381446838,0.4393164813518524,-0.16858239471912384,0.017608659341931343,-0.3507072925567627]","[-2.2860233783721924,0.4718906581401825,0.6112686991691589,1.2347915172576904,-0.17730575799942017,-0.23562093079090118,-1.2991794347763062,-1.006912350654602,-1.1378145217895508,1.6026434898376465,0.14376232028007507,0.08935625106096268,0.28933829069137573,-0.6395660638809204,6.034336566925049,-1.1654325723648071,2.378983497619629,-4.675354480743408,0.16699297726154327,0.6873718500137329,-2.2049360275268555,-0.9189807772636414,-2.153671979904175,-2.176642417907715,5.2144951820373535,-0.6168891787528992,-0.6839970946311951,-0.9954937696456909,3.1821110248565674]",0.05747969076037407,0.021765749901533127,0.03804723918437958,0.10000745207071304,0.09738718718290329,4.8693593591451645,0,0,0,0.48180195689201355,0.49843624234199524,0.981966495513916,0.921986997127533,0.9961466193199158,0.994282603263855,-0.005261436104774475,-0.0,-0.0,0.0,0.0,0.0,0.0
102,2.04,102,"[-0.5272036790847778,0.15813413262367249,0.18131501972675323,0.8150239586830139,-0.23686718940734863,-0.10944803059101105,-0.6399427652359009,-0.6559145450592041,-0.4311700165271759,1.2429909706115723,-0.2427099645137787,0.12499621510505676,-0.026787804439663887,-0.08294347673654556,0.023958804085850716,-1.9872409105300903,1.3303519487380981,-0.8683823943138123,0.49556198716163635,0.13079054653644562,-0.3956011235713959,0.5158076286315918,-2.027836799621582,-1.4129096269607544,0.9626721143722534,0.31046536564826965,-0.23342180252075195,-0.22425705194473267,-0.5790125727653503]","[-0.4296954572200775,0.29197782278060913,0.2857196033000946,0.7208153009414673,-0.1564462035894394,-0.09140557795763016,-0.5422872304916382,-0.538863480091095,-0.556510865688324,0.9382283687591553,-0.054513365030288696,-0.0011941530974581838,0.07399417459964752,-0.051876939833164215,0.007005414925515652,-2.083339214324951,1.2949333190917969,-0.969728410243988,0.5155401825904846,0.089961938560009,-0.34041735529899597,0.559299111366272,-2.068783760070801,-1.440159797668457,1.0593087673187256,0.2742534577846527,-0.24130143225193024,-0.045470185577869415,-0.6402347683906555]","[-0.4030883312225342,0.07917247712612152,-0.07572770118713379,0.3767356276512146,-0.4065741002559662,-0.017047300934791565,-0.22206157445907593,0.6456270813941956,0.7179014682769775,-0.577738881111145,-0.0004883855581283569,0.043988972902297974,0.08455011993646622,-0.03422517329454422,-0.06511519104242325,-0.4553943872451782,-0.4010617733001709,-0.9583964943885803,0.7310107350349426,0.2670019865036011,-0.10599642992019653,0.3105759620666504,-0.3206610679626465,0.10378062725067139,0.8719980716705322,0.6693288683891296,-0.3469116985797882,-0.180894136428833,-0.5265235900878906]","[-0.3581681549549103,0.103251613676548,-0.2211483120918274,0.4645504653453827,-0.33566513657569885,0.02074119634926319,-0.15561795234680176,0.6343874931335449,0.8950064182281494,-0.33087393641471863,-0.27457284927368164,0.2024965137243271,0.05430764704942703,0.009083911776542664,-0.029861772432923317,-0.39671561121940613,-0.3471162021160126,-0.9085943102836609,0.4262532591819763,0.20903049409389496,0.17797039449214935,0.5118091702461243,-0.43665704131126404,0.046743523329496384,0.8689290881156921,0.43798601627349854,-0.15078215301036835,0.024557430297136307,-0.3583248257637024]","[-2.304530382156372,0.48055145144462585,0.6064749360084534,1.2529382705688477,-0.19926798343658447,-0.23702092468738556,-1.2928273677825928,-0.9800492525100708,-1.104099154472351,1.5823643207550049,0.1437770128250122,0.09358807653188705,0.30986931920051575,-0.6373139023780823,6.03993558883667,-1.1616942882537842,2.387411594390869,-4.715654373168945,0.17281492054462433,0.69380122423172,-2.2077643871307373,-0.923639714717865,-2.164020538330078,-2.1771230697631836,5.258030891418457,-0.6064739227294922,-0.6938064098358154,-1.009793758392334,3.171797752380371]",0.05775412917137146,0.02118183858692646,0.03814329206943512,0.10047553479671478,0.09738177061080933,4.869088530540466,0,0,0,0.48163560032844543,0.4985152781009674,0.9819937944412231,0.9224389791488647,0.995745062828064,0.9929458498954773,-0.004186081234365702,-0.0,-0.0,0.0,0.0,0.0,0.0
103,2.06,103,"[-0.5352654457092285,0.15971757471561432,0.17980046570301056,0.8225587010383606,-0.24499866366386414,-0.10978897660970688,-0.6443840265274048,-0.6430019736289978,-0.4168119728565216,1.2314362525939941,-0.24271972477436066,0.12587599456310272,-0.025096802040934563,-0.08362798392772675,0.022656500339508057,-1.9963487386703491,1.3223307132720947,-0.8875503540039062,0.5101822018623352,0.13613058626651764,-0.3977210521697998,0.5220191478729248,-2.034250020980835,-1.4108339548110962,0.9801120758056641,0.32385194301605225,-0.24036003649234772,-0.22787493467330933,-0.5895430445671082]","[-0.4370744526386261,0.29393813014030457,0.2820069193840027,0.728693425655365,-0.1694457232952118,-0.09119219332933426,-0.5450596809387207,-0.5261273384094238,-0.5383644104003906,0.9317282438278198,-0.05985970422625542,0.0028857842553406954,0.07514380663633347,-0.05132312700152397,0.00623151334002614,-2.0891342163085938,1.2871605157852173,-0.9913026094436646,0.52495276927948,0.09515714645385742,-0.3369169235229492,0.582169234752655,-2.0777132511138916,-1.4393045902252197,1.0771054029464722,0.28295400738716125,-0.2442631870508194,-0.04495065286755562,-0.6472368836402893]","[-0.4030883312225342,0.07917247712612152,-0.07572770118713379,0.3767356276512146,-0.40657371282577515,-0.017047487199306488,-0.2220630645751953,0.6456285715103149,0.7179014682769775,-0.577738881111145,-0.00048801302909851074,0.043988972902297974,0.08455007523298264,-0.03422517329454422,-0.06511519104242325,-0.4553943872451782,-0.4010617733001709,-0.9583964943885803,0.7310100197792053,0.2670019865036011,-0.10599642992019653,0.3105759620666504,-0.3206610679626465,0.10378062725067139,0.8719980716705322,0.6693296432495117,-0.3469116985797882,-0.180894136428833,-0.5265235900878906]","[-0.3543871343135834,0.11389587819576263,-0.18278862535953522,0.3663741946220398,-0.5465114116668701,0.012366889044642448,-0.11770820617675781,0.5374769568443298,0.6942118406295776,-0.2720230221748352,-0.2376687228679657,0.20829445123672485,0.08601395040750504,0.025127219036221504,-0.05605342239141464,-0.21622461080551147,-0.3925086259841919,-1.0762988328933716,0.467509001493454,0.3075622022151947,0.18333525955677032,1.2735116481781006,-0.40215396881103516,0.0649893581867218,0.8491230607032776,0.43314191699028015,-0.1544891595840454,0.02815377525985241,-0.33806172013282776]","[-2.32375168800354,0.48996827006340027,0.6039000153541565,1.275405764579773,-0.22319576144218445,-0.23916669189929962,-1.2916810512542725,-0.9548550844192505,-1.0682353973388672,1.5672988891601562,0.14221948385238647,0.09791602939367294,0.3262938857078552,-0.6357707977294922,6.046769618988037,-1.1610392332077026,2.3892300128936768,-4.747926235198975,0.17816586792469025,0.697878360748291,-2.2060964107513428,-0.9328550696372986,-2.174860954284668,-2.178534984588623,5.29378604888916,-0.5921369194984436,-0.7034348249435425,-1.0239529609680176,3.16213321685791]",0.058077432215213776,0.020514188334345818,0.0383765809237957,0.10056918114423752,0.09716528654098511,4.858264327049255,0,0,0,0.48143747448921204,0.498607337474823,0.9819433093070984,0.9237408638000488,0.9934988617897034,0.9826383590698242,-0.0036020963452756405,-0.0,-0.0,0.0,0.0,0.0,0.0
104,2.08,104,"[-0.5433272123336792,0.16130103170871735,0.17828591167926788,0.8300933837890625,-0.25313013792037964,-0.1101299300789833,-0.6488252878189087,-0.6300894021987915,-0.4024539589881897,1.2198814153671265,-0.24272948503494263,0.12675577402114868,-0.023405801504850388,-0.08431248366832733,0.021354196593165398,-2.0054566860198975,1.3143094778060913,-0.9067182540893555,0.5248023867607117,0.14147062599658966,-0.39984098076820374,0.5282306671142578,-2.040663242340088,-1.4087584018707275,0.9975520372390747,0.3372385501861572,-0.24729827046394348,-0.231492817401886,-0.600073516368866]","[-0.4439011812210083,0.2973001301288605,0.2792634069919586,0.7373669743537903,-0.17745579779148102,-0.09093635529279709,-0.548317015171051,-0.5149000287055969,-0.5240148305892944,0.9266976714134216,-0.06359472125768661,0.007037004921585321,0.0771203339099884,-0.05112471058964729,0.004916832782328129,-2.09535813331604,1.2803219556808472,-1.00827157497406,0.5329789519309998,0.0995267778635025,-0.3325929343700409,0.5916036367416382,-2.0851643085479736,-1.4372714757919312,1.0934436321258545,0.2919870615005493,-0.24728640913963318,-0.04432077333331108,-0.6544082164764404]","[-0.4030883312225342,0.07917247712612152,-0.07572770118713379,0.3767341375350952,-0.40657371282577515,-0.017047487199306488,-0.2220630645751953,0.6456285715103149,0.7179006934165955,-0.5777418613433838,-0.0004883855581283569,0.04398860037326813,0.08455007523298264,-0.03422517329454422,-0.06511519104242325,-0.4553943872451782,-0.4010617733001709,-0.9583950042724609,0.7310092449188232,0.2670019865036011,-0.10599642992019653,0.310574471950531,-0.320667028427124,0.10378062725067139,0.8719980716705322,0.6693296432495117,-0.34691208600997925,-0.180894136428833,-0.52652508020401]","[-0.3497893512248993,0.12505240738391876,-0.1924571394920349,0.4577784240245819,-0.34681206941604614,0.016284022480249405,-0.16592182219028473,0.7199455499649048,1.1299124956130981,-0.3011125326156616,-0.223732590675354,0.16123013198375702,0.008205619640648365,0.015400121919810772,-0.0374978706240654,-0.2992522418498993,-0.38780078291893005,-0.7603253722190857,0.4089861512184143,0.1896146982908249,0.2230631560087204,0.31527361273765564,-0.36644095182418823,0.07256116718053818,0.805006206035614,0.44582831859588623,-0.14897574484348297,0.029900310561060905,-0.3461151719093323]","[-2.346477746963501,0.4971607029438019,0.6035889983177185,1.3092819452285767,-0.24627405405044556,-0.24023671448230743,-1.2999999523162842,-0.9272176623344421,-1.0247608423233032,1.5526328086853027,0.14147183299064636,0.10186796635389328,0.3261493146419525,-0.6392279267311096,6.048605442047119,-1.1757891178131104,2.3785781860351562,-4.767125606536865,0.1797221451997757,0.6994578242301941,-2.206071376800537,-0.9465613961219788,-2.1858794689178467,-2.1873538494110107,5.314075946807861,-0.5688133835792542,-0.7152547240257263,-1.0348031520843506,3.1498172283172607]",0.05838640034198761,0.02048727497458458,0.03852449730038643,0.10118849575519562,0.09741482883691788,4.870741441845894,0,0,0,0.4812409579753876,0.4986083209514618,0.9818704128265381,0.9232481718063354,0.9951066374778748,0.9945045113563538,-0.0038378580939024687,-0.0,-0.0,0.0,0.0,0.0,0.0
105,2.1,105,"[-0.5513889789581299,0.16288447380065918,0.1767713576555252,0.8376280665397644,-0.26126161217689514,-0.11047087609767914,-0.6532665491104126,-0.6171768307685852,-0.3880959451198578,1.2083265781402588,-0.2427392601966858,0.12763553857803345,-0.021714799106121063,-0.08499699085950851,0.02005189284682274,-2.0145645141601562,1.306288242340088,-0.9258861541748047,0.5394225716590881,0.14681066572666168,-0.40196090936660767,0.534442126750946,-2.04707670211792,-1.4066827297210693,1.0149919986724854,0.3506251275539398,-0.25423651933670044,-0.23511070013046265,-0.6106040477752686]","[-0.45097705721855164,0.29976537823677063,0.2760384678840637,0.746294379234314,-0.18755532801151276,-0.09078684449195862,-0.5509012937545776,-0.5034587383270264,-0.5078866481781006,0.9218729734420776,-0.06754624098539352,0.010999519377946854,0.07793699204921722,-0.05094780772924423,0.003723954549059272,-2.1015095710754395,1.272921085357666,-1.0247169733047485,0.5409247279167175,0.10330024361610413,-0.32774120569229126,0.6001190543174744,-2.092550277709961,-1.4355181455612183,1.1100246906280518,0.30105510354042053,-0.2501068115234375,-0.0436667874455452,-0.6615933775901794]","[-0.40308982133865356,0.07917210459709167,-0.07572770118713379,0.3767341375350952,-0.40657371282577515,-0.017047300934791565,-0.22206157445907593,0.6456285715103149,0.7179014682769775,-0.577738881111145,-0.0004883855581283569,0.04398860037326813,0.08455007523298264,-0.03422517329454422,-0.06511513888835907,-0.455397367477417,-0.4010617733001709,-0.9583964943885803,0.7310107350349426,0.2670019865036011,-0.10599642992019653,0.310574471950531,-0.320667028427124,0.10378062725067139,0.8719980716705322,0.6693288683891296,-0.3469116985797882,-0.180894136428833,-0.52652508020401]","[-0.3899478316307068,0.057824552059173584,-0.16653674840927124,0.3541226089000702,-0.9181808233261108,-0.003214083379134536,-0.1115778312087059,0.6757825016975403,1.1095212697982788,-0.27659937739372253,-0.23198971152305603,0.1583520919084549,-0.0444546677172184,0.02627246081829071,-0.035561904311180115,-0.2544781267642975,-0.42233291268348694,-0.8016021251678467,0.4213979244232178,0.20081675052642822,0.2443305104970932,0.49660539627075195,-0.3729134202003479,0.05772761255502701,0.8223430514335632,0.4444645047187805,-0.14392390847206116,0.03036397695541382,-0.3371378183364868]","[-2.3603360652923584,0.5041384100914001,0.5978224873542786,1.3280404806137085,-0.2637765109539032,-0.2418808490037918,-1.3031249046325684,-0.9127326607704163,-1.0025063753128052,1.5414953231811523,0.1364675760269165,0.10836061090230942,0.3487609922885895,-0.6348341107368469,6.0633063316345215,-1.1675736904144287,2.376763343811035,-4.805261135101318,0.1825013905763626,0.7049677968025208,-2.1977269649505615,-0.9581665396690369,-2.1964101791381836,-2.185506582260132,5.3511176109313965,-0.5530735850334167,-0.7255009412765503,-1.0512444972991943,3.146709442138672]",0.05872740224003792,0.020300358533859253,0.038688719272613525,0.10132253915071487,0.09743675589561462,4.871837794780731,0,0,0,0.4810276925563812,0.4986204206943512,0.9818484783172607,0.923706591129303,0.9948533177375793,0.9950184226036072,-0.0032371506094932556,-0.0,-0.0,0.0,0.0,0.0,0.0
106,2.12,106,"[-0.5594508051872253,0.164467915892601,0.17525680363178253,0.8451627492904663,-0.26939308643341064,-0.11081182211637497,-0.6577077507972717,-0.6042642593383789,-0.3737379014492035,1.1967718601226807,-0.24274902045726776,0.1285153180360794,-0.020023798570036888,-0.0856814906001091,0.01874959096312523,-2.023672580718994,1.2982670068740845,-0.9450541138648987,0.5540428161621094,0.1521507054567337,-0.4040808379650116,0.540653645992279,-2.053489923477173,-1.4046071767807007,1.032431960105896,0.3640117049217224,-0.261174738407135,-0.2387285828590393,-0.6211345195770264]","[-0.4582828879356384,0.3021754026412964,0.2727540135383606,0.7541238069534302,-0.19787955284118652,-0.09068604558706284,-0.5532547235488892,-0.4940120577812195,-0.49556341767311096,0.9181613922119141,-0.07096908241510391,0.014978906139731407,0.07920686900615692,-0.05065099149942398,0.0018247750122100115,-2.1052374839782715,1.264757513999939,-1.0453346967697144,0.5499163866043091,0.10865959525108337,-0.32258954644203186,0.6231927275657654,-2.0994455814361572,-1.4333902597427368,1.1263604164123535,0.3101850152015686,-0.2530026137828827,-0.04295845329761505,-0.6684662103652954]","[-0.40308982133865356,0.07917247712612152,-0.07572770118713379,0.3767356276512146,-0.40657445788383484,-0.017047487199306488,-0.22206157445907593,0.6456285715103149,0.7179014682769775,-0.577738881111145,-0.00048801302909851074,0.043988972902297974,0.08455007523298264,-0.03422517329454422,-0.06511513888835907,-0.455397367477417,-0.4010617733001709,-0.9583964943885803,0.7310107350349426,0.2670019865036011,-0.10599642992019653,0.3105759620666504,-0.3206610679626465,0.10378062725067139,0.8719950914382935,0.6693288683891296,-0.3469109535217285,-0.18089376389980316,-0.5265235900878906]","[-0.34708625078201294,0.14103876054286957,-0.15519145131111145,0.40562620759010315,-0.36785945296287537,0.0073084537871181965,-0.12057685852050781,0.4102993607521057,0.47934600710868835,-0.14980584383010864,-0.14633196592330933,0.1853509545326233,0.07760076224803925,0.0027202628552913666,-0.10304776579141617,-0.18787728250026703,-0.36860883235931396,-0.8830524682998657,0.40782880783081055,0.2648932933807373,0.27099013328552246,0.7234660387039185,-0.3061319589614868,0.14708523452281952,0.7748655676841736,0.46753260493278503,-0.14834703505039215,0.03896442800760269,-0.3434070944786072]","[-2.371973991394043,0.5038519501686096,0.59112548828125,1.3586846590042114,-0.27259618043899536,-0.24226351082324982,-1.3145179748535156,-0.8936980366706848,-0.977818489074707,1.533517837524414,0.128846675157547,0.11527905613183975,0.36333632469177246,-0.6402707695960999,6.071775913238525,-1.1596379280090332,2.3705732822418213,-4.84402322769165,0.18461616337299347,0.7114022970199585,-2.1920928955078125,-0.9688130021095276,-2.210341215133667,-2.176205635070801,5.378376483917236,-0.5399635434150696,-0.7341976761817932,-1.0620002746582031,3.1309854984283447]",0.059113189578056335,0.020227761939167976,0.03896170109510422,0.10213281959295273,0.09735020995140076,4.867510497570038,0,0,0,0.48078736662864685,0.4986686110496521,0.9817148447036743,0.9244331121444702,0.9937508702278137,0.9912610054016113,-0.0031055586878210306,-0.0,-0.0,0.0,0.0,0.0,0.0
107,2.14,107,"[-0.567512571811676,0.16605137288570404,0.17374224960803986,0.852697491645813,-0.27752459049224854,-0.1111527755856514,-0.6621490120887756,-0.5913516879081726,-0.3593798875808716,1.185217022895813,-0.24275878071784973,0.12939509749412537,-0.018332796171307564,-0.08636599779129028,0.01744728721678257,-2.032780408859253,1.290245771408081,-0.9642220139503479,0.5686630010604858,0.15749074518680573,-0.4062007665634155,0.5468651652336121,-2.059903144836426,-1.4025315046310425,1.049871802330017,0.377398282289505,-0.2681129574775696,-0.24234645068645477,-0.6316649913787842]","[-0.46573179960250854,0.30476874113082886,0.2692442536354065,0.7630885243415833,-0.20440909266471863,-0.09056835621595383,-0.556694507598877,-0.48320072889328003,-0.47970888018608093,0.9146478772163391,-0.07426854223012924,0.01800229400396347,0.08014195412397385,-0.05055033043026924,-0.00046874681720510125,-2.1095240116119385,1.2571138143539429,-1.0605671405792236,0.5579094290733337,0.11240100115537643,-0.3171565532684326,0.630791962146759,-2.106172561645508,-1.4306933879852295,1.1426280736923218,0.31966862082481384,-0.25552400946617126,-0.042204249650239944,-0.6753599643707275]","[-0.4030868411064148,0.07917210459709167,-0.0757269561290741,0.3767341375350952,-0.40657296776771545,-0.017047487199306488,-0.22206157445907593,0.6456255912780762,0.7178984880447388,-0.577738881111145,-0.0004883855581283569,0.043988972902297974,0.08454974740743637,-0.03422517329454422,-0.06511490792036057,-0.45539140701293945,-0.40105879306793213,-0.9583905339241028,0.7310062646865845,0.2670012414455414,-0.10599642992019653,0.310574471950531,-0.3206610679626465,0.10378062725067139,0.8719891309738159,0.6693273782730103,-0.3469102084636688,-0.18089301884174347,-0.5265220999717712]","[-0.36935362219810486,0.12522952258586884,-0.17551890015602112,0.44932928681373596,-0.3091689944267273,0.00439380994066596,-0.15751832723617554,0.4841337203979492,0.669774055480957,-0.15365533530712128,-0.1626129001379013,0.14998511970043182,0.05374151095747948,0.0006446400075219572,-0.12094149738550186,-0.20745810866355896,-0.37151601910591125,-0.7380058765411377,0.38776057958602905,0.17029191553592682,0.27409088611602783,0.36172807216644287,-0.30600255727767944,0.15142762660980225,0.7824190855026245,0.47702091932296753,-0.12743744254112244,0.0385589599609375,-0.3386417031288147]","[-2.4035253524780273,0.5129970908164978,0.5910115242004395,1.3773009777069092,-0.2957271933555603,-0.2457977682352066,-1.312436819076538,-0.8592228293418884,-0.9243301153182983,1.5223219394683838,0.11963924765586853,0.11391986161470413,0.3659895062446594,-0.630816638469696,6.0838541984558105,-1.159732460975647,2.3567633628845215,-4.859387397766113,0.19093401730060577,0.7072585821151733,-2.1825664043426514,-0.9861723780632019,-2.2321114540100098,-2.181598663330078,5.398766994476318,-0.5226153135299683,-0.7363057732582092,-1.072485327720642,3.123189687728882]",0.05954509600996971,0.020497463643550873,0.03915505111217499,0.10237260162830353,0.09741870313882828,4.870935156941414,0,0,0,0.4805201590061188,0.49863705039024353,0.9816256165504456,0.9246886968612671,0.9944332838058472,0.9954065084457397,-0.004376138560473919,-0.0,-0.0,0.0,0.0,0.0,0.0
108,2.16,108,"[-0.5755742788314819,0.16763480007648468,0.17222772538661957,0.8602321147918701,-0.28565600514411926,-0.11149372160434723,-0.6665902137756348,-0.5784392356872559,-0.34502196311950684,1.1736623048782349,-0.2427685558795929,0.13027487695217133,-0.016641808673739433,-0.08705049753189087,0.016144994646310806,-2.0418882369995117,1.2822246551513672,-0.9833897352218628,0.5832830667495728,0.16283075511455536,-0.40832069516181946,0.5530766248703003,-2.0663163661956787,-1.4004559516906738,1.0673115253448486,0.3907848000526428,-0.27505114674568176,-0.24596430361270905,-0.6421954035758972]","[-0.4737321734428406,0.30753201246261597,0.26669275760650635,0.7705130577087402,-0.21632373332977295,-0.09070093929767609,-0.5602964162826538,-0.4731522500514984,-0.4659501910209656,0.9114702343940735,-0.0771552324295044,0.020819107070565224,0.08136150985956192,-0.05037336051464081,-0.0031310131307691336,-2.112841844558716,1.2493011951446533,-1.0780467987060547,0.566674530506134,0.11624085158109665,-0.3119049668312073,0.6474097967147827,-2.113182544708252,-1.4275814294815063,1.159164309501648,0.3292757570743561,-0.2575455605983734,-0.04144302010536194,-0.6822841763496399]","[-0.4030868411064148,0.07917173206806183,-0.0757269561290741,0.37673264741897583,-0.40657222270965576,-0.017047300934791565,-0.22206008434295654,0.6456255912780762,0.7178984880447388,-0.577738881111145,-0.0004883855581283569,0.043988972902297974,0.08454974740743637,-0.0342249870300293,-0.06511493027210236,-0.455397367477417,-0.40105879306793213,-0.9583935141563416,0.7310062646865845,0.2670012414455414,-0.10599642992019653,0.310574471950531,-0.3206610679626465,0.10378062725067139,0.8719950914382935,0.6693273782730103,-0.3469109535217285,-0.18089339137077332,-0.5265220999717712]","[-0.38614127039909363,0.09012716263532639,-0.19607865810394287,0.35520392656326294,-0.4935321509838104,-8.497793896822259e-05,-0.15666340291500092,0.6608813405036926,1.109752893447876,-0.20333735644817352,-0.1807193011045456,0.10399708151817322,-0.007577342912554741,0.026032932102680206,-0.08194344490766525,-0.020887814462184906,-0.5064584612846375,-1.1679986715316772,0.5631415247917175,0.2636745572090149,0.2530044615268707,1.9780299663543701,-0.3767109215259552,0.11555091291666031,0.8378338813781738,0.46455472707748413,-0.09609705954790115,0.03456798568367958,-0.3204633593559265]","[-2.424443006515503,0.5216178297996521,0.5907593369483948,1.392154335975647,-0.31465548276901245,-0.24888671934604645,-1.3096364736557007,-0.8361086845397949,-0.8862866163253784,1.5132462978363037,0.1100698709487915,0.1168818548321724,0.3780590891838074,-0.6219216585159302,6.099767208099365,-1.151452660560608,2.346369981765747,-4.887138366699219,0.19581003487110138,0.7067223787307739,-2.1714375019073486,-1.0046193599700928,-2.252256155014038,-2.1811115741729736,5.42548131942749,-0.5082237720489502,-0.7390112280845642,-1.0859955549240112,3.1189990043640137]",0.05994950979948044,0.02024146541953087,0.03939881548285484,0.10263064503669739,0.09738589078187943,4.869294539093971,0,0,0,0.48025381565093994,0.49864891171455383,0.9815376400947571,0.9246349334716797,0.9940721988677979,0.9935071468353271,-0.003359822556376457,-0.0,-0.0,0.0,0.0,0.0,0.0
109,2.18,109,"[-0.5836360454559326,0.1692182421684265,0.1707131713628769,0.867766797542572,-0.29378747940063477,-0.11183466762304306,-0.6710314154624939,-0.5655266642570496,-0.3306639492511749,1.1621074676513672,-0.24277831614017487,0.13115465641021729,-0.014950806275010109,-0.08773499727249146,0.014842689968645573,-2.0509963035583496,1.2742034196853638,-1.0025577545166016,0.5979032516479492,0.16817079484462738,-0.4104406237602234,0.5592881441116333,-2.0727295875549316,-1.3983802795410156,1.0847516059875488,0.4041713774204254,-0.2819893956184387,-0.2495821863412857,-0.652725875377655]","[-0.481335312128067,0.310347318649292,0.2634306252002716,0.7791616916656494,-0.22334639728069305,-0.0907071903347969,-0.5637093186378479,-0.46364131569862366,-0.4527299702167511,0.9089412093162537,-0.08006032556295395,0.02404605783522129,0.08230257779359818,-0.05044375732541084,-0.005610842257738113,-2.115447998046875,1.2414568662643433,-1.0933729410171509,0.5749133229255676,0.12079896777868271,-0.30590885877609253,0.6601395606994629,-2.1185719966888428,-1.4237475395202637,1.1734505891799927,0.33919036388397217,-0.26021018624305725,-0.04070467874407768,-0.6886433959007263]","[-0.4030883312225342,0.07917247712612152,-0.07572770118713379,0.3767356276512146,-0.40657371282577515,-0.017047300934791565,-0.22206157445907593,0.6456270813941956,0.7179006934165955,-0.577738881111145,-0.0004883855581283569,0.043988972902297974,0.08455009758472443,-0.0342249870300293,-0.06511521339416504,-0.45540332794189453,-0.40105879306793213,-0.9583979845046997,0.7310107350349426,0.2670019865036011,-0.10599642992019653,0.3105759620666504,-0.320667028427124,0.10378062725067139,0.872001051902771,0.6693281531333923,-0.3469116985797882,-0.18089450895786285,-0.5265220999717712]","[-0.3723601698875427,0.1585998237133026,-0.1447696089744568,0.45172613859176636,-0.3054410517215729,-0.0010941055370494723,-0.15994662046432495,0.4162607789039612,0.5175808072090149,-0.09738379716873169,-0.134008526802063,0.15754269063472748,0.04823721945285797,-0.0076362392865121365,-0.1236494928598404,-0.15982575714588165,-0.3435697853565216,-0.6545234322547913,0.3600735068321228,0.1869291514158249,0.30797526240348816,0.2989262640476227,-0.231205552816391,0.2262273132801056,0.6562241911888123,0.5081658959388733,-0.14602963626384735,0.03805907815694809,-0.31371110677719116]","[-2.4355568885803223,0.5335658192634583,0.5891515612602234,1.4270378351211548,-0.33964794874191284,-0.249869242310524,-1.32489812374115,-0.8284947872161865,-0.8625161647796631,1.5079424381256104,0.10802528262138367,0.1254483461380005,0.370161235332489,-0.6264869570732117,6.101901531219482,-1.1743245124816895,2.3113322257995605,-4.896242141723633,0.17839665710926056,0.7058405876159668,-2.163149118423462,-1.0320658683776855,-2.252607822418213,-2.2006168365478516,5.430024147033691,-0.4722154140472412,-0.7574769258499146,-1.1039834022521973,3.112705707550049]",0.06040703505277634,0.020886994898319244,0.039683979004621506,0.10327079147100449,0.09733758866786957,4.866879433393478,0,0,0,0.47996625304222107,0.4986102283000946,0.9813306927680969,0.9246550798416138,0.9932076334953308,0.9933701753616333,-0.004261160735040903,-0.0,-0.0,0.0,0.0,0.0,0.0
110,2.2,110,"[-0.5916978120803833,0.17080169916152954,0.16919861733913422,0.8753015398979187,-0.30191895365715027,-0.11217561364173889,-0.6754726767539978,-0.552614152431488,-0.316305935382843,1.150552749633789,-0.24278809130191803,0.13203443586826324,-0.01325980480760336,-0.08841949701309204,0.013540386222302914,-2.0601043701171875,1.26618230342865,-1.0217256546020508,0.6125234961509705,0.1735108345746994,-0.4125605523586273,0.5654996633529663,-2.0791430473327637,-1.396304726600647,1.1021915674209595,0.4175579249858856,-0.2889276146888733,-0.25320008397102356,-0.6632562875747681]","[-0.48899123072624207,0.3133614957332611,0.2605665922164917,0.7882682085037231,-0.22933252155780792,-0.09079603850841522,-0.5673022866249084,-0.4532870054244995,-0.4375784993171692,0.9066029191017151,-0.0830659344792366,0.02664933167397976,0.0832240954041481,-0.05039098858833313,-0.007846217602491379,-2.1187617778778076,1.2339242696762085,-1.1065707206726074,0.5827115178108215,0.12394572049379349,-0.2999696731567383,0.6670470833778381,-2.12497615814209,-1.419987678527832,1.1884080171585083,0.3492225706577301,-0.2624794840812683,-0.03998686373233795,-0.6949138045310974]","[-0.40308982133865356,0.07917284965515137,-0.07572807371616364,0.376737117767334,-0.40657520294189453,-0.017047487199306488,-0.2220645546913147,0.6456300616264343,0.7179036736488342,-0.5777418613433838,-0.0004883855581283569,0.043988972902297974,0.0845504030585289,-0.03422535955905914,-0.06511542201042175,-0.455397367477417,-0.4010617733001709,-0.9583979845046997,0.7310137152671814,0.2670031189918518,-0.10599642992019653,0.3105774521827698,-0.320667028427124,0.10378062725067139,0.872001051902771,0.6693311333656311,-0.3469124436378479,-0.18089525401592255,-0.5265265703201294]","[-0.3791969418525696,0.11426673084497452,-0.17453862726688385,0.44248539209365845,-0.2819586396217346,-0.00393819622695446,-0.15967293083667755,0.5420358777046204,0.8517045378684998,-0.1232362762093544,-0.17103715240955353,0.12020383775234222,0.03116018697619438,0.005958023015409708,-0.0904102474451065,-0.14439578354358673,-0.40576276183128357,-0.6550026535987854,0.39941301941871643,0.15454916656017303,0.30000635981559753,0.4061214327812195,-0.32532215118408203,0.15986362099647522,0.7469330430030823,0.48732879757881165,-0.11293360590934753,0.03416312858462334,-0.2948564887046814]","[-2.4582982063293457,0.5389601588249207,0.5865151882171631,1.437361717224121,-0.3534110188484192,-0.25398191809654236,-1.3211711645126343,-0.8014922142028809,-0.817163348197937,1.4985466003417969,0.09402808547019958,0.12529635429382324,0.38407057523727417,-0.6112814545631409,6.1169753074646,-1.1583683490753174,2.2965784072875977,-4.924572467803955,0.1876099854707718,0.7031903266906738,-2.149260997772217,-1.05289888381958,-2.278754949569702,-2.197173833847046,5.459652900695801,-0.46248310804367065,-0.7583684921264648,-1.115187644958496,3.1140568256378174]",0.060903776437044144,0.021399978548288345,0.03994452953338623,0.1037495881319046,0.09723788499832153,4.861894249916077,0,0,0,0.4796488583087921,0.4985107481479645,0.9811651706695557,0.9240810871124268,0.9917559027671814,0.9909288883209229,-0.004196056164801121,-0.0,-0.0,0.0,0.0,0.0,0.0
111,2.22,111,"[-0.5997596383094788,0.17238515615463257,0.16768404841423035,0.8828362822532654,-0.31005048751831055,-0.11251656711101532,-0.6799139976501465,-0.5397014617919922,-0.30194780230522156,1.1389977931976318,-0.2427978515625,0.1329142153263092,-0.011568790301680565,-0.08910401165485382,0.012238073162734509,-2.0692121982574463,1.258160948753357,-1.0408936738967896,0.6271438002586365,0.178850919008255,-0.41468048095703125,0.5717112421989441,-2.0855562686920166,-1.3942290544509888,1.1196316480636597,0.43094462156295776,-0.29586589336395264,-0.2568179965019226,-0.6737869381904602]","[-0.49676305055618286,0.3160686194896698,0.2583748400211334,0.795007050037384,-0.2411544770002365,-0.09109970182180405,-0.570257306098938,-0.4447161555290222,-0.4261350631713867,0.9045619368553162,-0.08611664921045303,0.029466452077031136,0.08470728248357773,-0.050342682749032974,-0.00981107261031866,-2.120347499847412,1.225509762763977,-1.123403549194336,0.5917059183120728,0.12797784805297852,-0.2937178611755371,0.6873332262039185,-2.131929636001587,-1.4165064096450806,1.2036136388778687,0.35890811681747437,-0.26448559761047363,-0.03927112743258476,-0.700814962387085]","[-0.40308982133865356,0.07917284965515137,-0.07572807371616364,0.3767356276512146,-0.40657520294189453,-0.01704767346382141,-0.2220630645751953,0.6456315517425537,0.7179036736488342,-0.5777448415756226,-0.00048801302909851074,0.04398860037326813,0.0845504030585289,-0.034225545823574066,-0.06511542201042175,-0.45539140701293945,-0.40106475353240967,-0.9583979845046997,0.731012225151062,0.2670031189918518,-0.10599642992019653,0.3105774521827698,-0.3206610679626465,0.10378062725067139,0.872001051902771,0.6693326234817505,-0.3469131886959076,-0.180894136428833,-0.5265280604362488]","[-0.3517693281173706,0.16644823551177979,-0.11240185797214508,0.3560556173324585,-0.35935086011886597,-0.008693195879459381,-0.13451041281223297,0.4066331684589386,0.5038231015205383,-0.09018567949533463,-0.15168926119804382,0.12616802752017975,0.08420025557279587,-0.00814014207571745,-0.08259332925081253,-0.13630786538124084,-0.3630083203315735,-0.6499245762825012,0.38890203833580017,0.1677466332912445,0.31163308024406433,0.3716913163661957,-0.3236391246318817,0.2043372243642807,0.7268268465995789,0.4955101013183594,-0.10022063553333282,0.03920099884271622,-0.29433688521385193]","[-2.472792625427246,0.5466716289520264,0.5850349068641663,1.452243447303772,-0.36849457025527954,-0.2563225328922272,-1.322183609008789,-0.7855653762817383,-0.7879974842071533,1.4927778244018555,0.08343490958213806,0.13032060861587524,0.3953521251678467,-0.6045799255371094,6.1323933601379395,-1.1471166610717773,2.277317762374878,-4.956124782562256,0.18822963535785675,0.7028452754020691,-2.134492874145508,-1.0755109786987305,-2.2926812171936035,-2.1952333450317383,5.486180305480957,-0.448678195476532,-0.7632872462272644,-1.1312698125839233,3.1150097846984863]",0.06137130782008171,0.022188812494277954,0.040374256670475006,0.10501475632190704,0.09723624587059021,4.8618122935295105,0,0,0,0.4793340861797333,0.4984137713909149,0.9808376431465149,0.9227443337440491,0.991641640663147,0.9918464422225952,-0.003005465492606163,-0.0,-0.0,0.0,0.0,0.0,0.0
112,2.24,112,"[-0.6078214049339294,0.1739686131477356,0.16616949439048767,0.8903709650039673,-0.31818196177482605,-0.11285752058029175,-0.6843551993370056,-0.5267888903617859,-0.28758978843688965,1.1274429559707642,-0.24280761182308197,0.13379397988319397,-0.009877788834273815,-0.089788518846035,0.01093576941639185,-2.078320026397705,1.2501397132873535,-1.0600615739822388,0.6417639851570129,0.18419095873832703,-0.4168004095554352,0.5779227614402771,-2.0919694900512695,-1.3921535015106201,1.1370716094970703,0.44433122873306274,-0.3028041422367096,-0.2604358494281769,-0.684317409992218]","[-0.5039535760879517,0.31855300068855286,0.25443753600120544,0.8028712272644043,-0.24530507624149323,-0.09119085967540741,-0.572826623916626,-0.43392783403396606,-0.40931403636932373,0.9020336866378784,-0.09003915637731552,0.03184235095977783,0.08569005876779556,-0.050330378115177155,-0.011256200261414051,-2.123467445373535,1.2174735069274902,-1.1365796327590942,0.5995685458183289,0.1303100734949112,-0.2872779667377472,0.6938740611076355,-2.138939380645752,-1.413334608078003,1.2189106941223145,0.3685395121574402,-0.2662694752216339,-0.03851880133152008,-0.706444263458252]","[-0.3957971930503845,0.07503628730773926,-0.07393918931484222,0.3538191318511963,-0.39168521761894226,-0.01682974398136139,-0.1712590456008911,0.6293594837188721,0.7106438279151917,-0.6019026041030884,0.010781735181808472,0.04279129207134247,0.08423056453466415,-0.03485288470983505,-0.06332113593816757,-0.43473243713378906,-0.4372060298919678,-0.9508341550827026,0.7654502987861633,0.23180954158306122,-0.10186657309532166,0.31013190746307373,-0.3110349178314209,0.1303166151046753,0.8682072162628174,0.6951086521148682,-0.32714009284973145,-0.16585886478424072,-0.531303882598877]","[-0.34545743465423584,0.14355024695396423,-0.1786014586687088,0.3915342390537262,-0.1512542963027954,-0.006070828530937433,-0.11727926135063171,0.4445692002773285,0.5950697660446167,-0.1159021183848381,-0.18154823780059814,0.12776875495910645,0.0905924066901207,-0.004389144945889711,-0.08126943558454514,-0.15648633241653442,-0.36726441979408264,-0.6775006651878357,0.37513497471809387,0.10882260650396347,0.3231206238269806,0.37075573205947876,-0.31575724482536316,0.18850699067115784,0.7251647114753723,0.484666109085083,-0.09442844986915588,0.04034898802638054,-0.280916303396225]","[-2.496983289718628,0.553461492061615,0.5792577862739563,1.466760516166687,-0.3799850344657898,-0.25834283232688904,-1.313415288925171,-0.7643347978591919,-0.7446702718734741,1.480536699295044,0.07398000359535217,0.13216304779052734,0.3963613510131836,-0.599255383014679,6.139585971832275,-1.1395808458328247,2.2554194927215576,-4.984210968017578,0.1890244036912918,0.7009038329124451,-2.124641180038452,-1.0944784879684448,-2.309701442718506,-2.1967132091522217,5.507616996765137,-0.43895286321640015,-0.7671523690223694,-1.1375564336776733,3.106403112411499]",0.06191626936197281,0.02214139886200428,0.04070832207798958,0.1053064838051796,0.09728770703077316,4.864385351538658,0,0,0,0.4789825975894928,0.49841660261154175,0.9805846810340881,0.9226409792900085,0.993162214756012,0.9938488602638245,-0.003250518348067999,-0.0,-0.0,0.0,0.0,0.0,0.0
113,2.2600000000000002,113,"[-0.6155915260314941,0.17538660764694214,0.16472648084163666,0.8969890475273132,-0.32571789622306824,-0.11318975687026978,-0.6867643594741821,-0.5145270824432373,-0.2735220491886139,1.1149216890335083,-0.24236658215522766,0.1346258670091629,-0.008199567906558514,-0.09049812704324722,0.009705227799713612,-2.086601495742798,1.2406727075576782,-1.0789270401000977,0.657761812210083,0.18812330067157745,-0.4187551438808441,0.584116518497467,-2.0979976654052734,-1.3890163898468018,1.1543599367141724,0.4587489664554596,-0.3089514970779419,-0.26345235109329224,-0.6950390934944153]","[-0.5103100538253784,0.32103362679481506,0.250718891620636,0.8105972409248352,-0.24816656112670898,-0.09135749936103821,-0.574034571647644,-0.4236637353897095,-0.3942756950855255,0.8987995982170105,-0.0941661149263382,0.034562934190034866,0.08705747872591019,-0.05024908110499382,-0.012146063148975372,-2.1252784729003906,1.2088550329208374,-1.1543821096420288,0.6087793707847595,0.13363437354564667,-0.28069621324539185,0.7144553661346436,-2.1458797454833984,-1.4100900888442993,1.2340772151947021,0.377911776304245,-0.26790651679039,-0.037686947733163834,-0.7119894027709961]","[-0.3812164068222046,0.06676428020000458,-0.0703614205121994,0.30798614025115967,-0.3619074821472168,-0.016393885016441345,-0.06965398788452148,0.5968213081359863,0.6961293816566467,-0.6502300500869751,0.033321231603622437,0.04039667546749115,0.08359154313802719,-0.03610793501138687,-0.05973302945494652,-0.3934144973754883,-0.5094975233078003,-0.935712456703186,0.8343324065208435,0.16142502427101135,-0.0936068594455719,0.309242308139801,-0.2917766571044922,0.18339455127716064,0.8606284856796265,0.746665894985199,-0.28759539127349854,-0.13579055666923523,-0.5408644676208496]","[-0.32850635051727295,0.09012942761182785,-0.21494093537330627,0.37433862686157227,-0.13361625373363495,-0.00782677810639143,-0.056938543915748596,0.5364667177200317,0.836728036403656,-0.1724361777305603,-0.22351479530334473,0.12899355590343475,0.04116528481245041,0.0028761469293385744,-0.049970317631959915,-0.08662296086549759,-0.4281708896160126,-0.7646165490150452,0.4353348910808563,0.17074771225452423,0.33336806297302246,0.6568869948387146,-0.32247045636177063,0.14910292625427246,0.7354825735092163,0.45483505725860596,-0.08593668788671494,0.0418148897588253,-0.26294848322868347]","[-2.5131189823150635,0.5694636702537537,0.5707041621208191,1.4707783460617065,-0.4009418785572052,-0.26097628474235535,-1.291922688484192,-0.7528420090675354,-0.7044596672058105,1.4611797332763672,0.07210448384284973,0.13515746593475342,0.39819392561912537,-0.5968507528305054,6.1355509757995605,-1.1373932361602783,2.2359237670898438,-5.01328706741333,0.18556399643421173,0.7036840915679932,-2.121919870376587,-1.1128959655761719,-2.3238589763641357,-2.2030506134033203,5.5307841300964355,-0.4301430583000183,-0.7743052840232849,-1.1358544826507568,3.09384822845459]",0.062444720417261124,0.022120261564850807,0.04106079787015915,0.10635877400636673,0.09709464758634567,4.854732379317284,0,0,0,0.4786384403705597,0.4984075129032135,0.9802880883216858,0.9209038019180298,0.9922918677330017,0.9873721599578857,-0.0031692914199084044,-0.0,-0.0,0.0,0.0,0.0,0.0
114,2.2800000000000002,114,"[-0.6230700612068176,0.17663918435573578,0.1633550375699997,0.9026904106140137,-0.3326582610607147,-0.1135132759809494,-0.6871413588523865,-0.5029160380363464,-0.2597446143627167,1.1014337539672852,-0.24147476255893707,0.13540984690189362,-0.006534127052873373,-0.09123283624649048,0.008546448312699795,-2.0940566062927246,1.2297598123550415,-1.0974900722503662,0.6751372814178467,0.19064795970916748,-0.42054468393325806,0.5902924537658691,-2.103640556335449,-1.3848177194595337,1.1714967489242554,0.4741978645324707,-0.31430795788764954,-0.2658674716949463,-0.705951988697052]","[-0.5165591835975647,0.32314473390579224,0.2470012605190277,0.8180673122406006,-0.2516549825668335,-0.09159037470817566,-0.5745928883552551,-0.4137994647026062,-0.3800370395183563,0.8951537013053894,-0.0984431654214859,0.03769195079803467,0.08800491690635681,-0.05027629807591438,-0.01314970850944519,-2.127854824066162,1.2012083530426025,-1.167934775352478,0.616097092628479,0.13613209128379822,-0.2737599015235901,0.7215301990509033,-2.1517624855041504,-1.406813383102417,1.2482692003250122,0.38701555132865906,-0.2697475254535675,-0.0367521308362484,-0.7174665331840515]","[-0.3739267587661743,0.06262846291065216,-0.06857253611087799,0.28506964445114136,-0.3470189869403839,-0.016176141798496246,-0.01885145902633667,0.5805529952049255,0.6888717412948608,-0.674399733543396,0.044591352343559265,0.039198994636535645,0.08327203243970871,-0.03673546016216278,-0.05793898552656174,-0.3727555274963379,-0.5456447601318359,-0.928148627281189,0.8687719702720642,0.1262325793504715,-0.08947774767875671,0.30879825353622437,-0.2821385860443115,0.20993053913116455,0.8568406105041504,0.7724456787109375,-0.2678237855434418,-0.12075603008270264,-0.5456447601318359]","[-0.3139372169971466,0.05471477285027504,-0.23572391271591187,0.36964958906173706,-0.1816103756427765,-0.009472637437283993,0.012501196004450321,0.6245307922363281,1.0661201477050781,-0.20470349490642548,-0.2497643679380417,0.12177042663097382,-0.03115777298808098,0.012002651579678059,-0.030023345723748207,-0.09759984165430069,-0.44659632444381714,-0.6428638100624084,0.39093726873397827,0.11653046309947968,0.3460589349269867,0.34929996728897095,-0.2905881106853485,0.11793730407953262,0.7140925526618958,0.43913066387176514,-0.09371919929981232,0.04504011198878288,-0.2565899193286896]","[-2.522402048110962,0.5873354077339172,0.5624238848686218,1.4825206995010376,-0.4290705919265747,-0.26365527510643005,-1.2787635326385498,-0.7496137619018555,-0.6715562343597412,1.4442024230957031,0.0746859610080719,0.1402483582496643,0.39490795135498047,-0.601067066192627,6.128273010253906,-1.1455562114715576,2.2104756832122803,-5.033412456512451,0.1727876216173172,0.7083582878112793,-2.120678186416626,-1.1305978298187256,-2.3319931030273438,-2.217069387435913,5.548303127288818,-0.4140443205833435,-0.7874802947044373,-1.1306648254394531,3.080425262451172]",0.06302550435066223,0.022401493042707443,0.041323959827423096,0.10682173073291779,0.09722466766834259,4.8612333834171295,0,0,0,0.4782644510269165,0.49836620688438416,0.9800402522087097,0.9199066162109375,0.9942647814750671,0.9933449029922485,-0.0029538562521338463,-0.0,-0.0,0.0,0.0,0.0,0.0
115,2.3000000000000003,115,"[-0.6305485963821411,0.17789174616336823,0.16198357939720154,0.9083918333053589,-0.3395986557006836,-0.11383680254220963,-0.6875184178352356,-0.4913049638271332,-0.24596717953681946,1.0879456996917725,-0.2405829280614853,0.13619382679462433,-0.00486868666484952,-0.09196754544973373,0.007387668360024691,-2.1015117168426514,1.2188469171524048,-1.1160529851913452,0.6925126910209656,0.1931726038455963,-0.4223342537879944,0.596468448638916,-2.109283208847046,-1.3806191682815552,1.1886335611343384,0.4896467924118042,-0.31966444849967957,-0.26828259229660034,-0.7168648838996887]","[-0.5236127972602844,0.3245585858821869,0.24026329815387726,0.828861653804779,-0.2540881037712097,-0.09171487390995026,-0.5741772055625916,-0.4044252038002014,-0.36675170063972473,0.8916086554527283,-0.10241848230361938,0.041063204407691956,0.09005358070135117,-0.050463296473026276,-0.013506755232810974,-2.1290857791900635,1.193355917930603,-1.1853660345077515,0.6240140795707703,0.13936394453048706,-0.26643964648246765,0.740859866142273,-2.1566755771636963,-1.4034274816513062,1.2619032859802246,0.3956359028816223,-0.2716294229030609,-0.035711780190467834,-0.7230211496353149]","[-0.3739267587661743,0.06262846291065216,-0.06857253611087799,0.28507113456726074,-0.3470189869403839,-0.01617632806301117,-0.01885145902633667,0.5805529952049255,0.6888717412948608,-0.674399733543396,0.044591352343559265,0.039198994636535645,0.08327201753854752,-0.036735646426677704,-0.05793900042772293,-0.3727555274963379,-0.5456417798995972,-0.928148627281189,0.8687704801559448,0.12623220682144165,-0.08947774767875671,0.30879825353622437,-0.2821385860443115,0.20992755889892578,0.8568406105041504,0.7724463939666748,-0.2678237855434418,-0.12075528502464294,-0.5456462502479553]","[-0.23838180303573608,0.10508695989847183,-0.1813216209411621,0.3268125057220459,-0.1496124416589737,-0.016058700159192085,0.03181850537657738,0.3912064731121063,0.491635262966156,-0.1655808687210083,-0.17570029199123383,0.16494210064411163,0.06752040982246399,0.011486993171274662,-0.037179265171289444,-0.02929834835231304,-0.363597571849823,-0.930508017539978,0.4121995270252228,0.20763267576694489,0.35893818736076355,1.1305280923843384,-0.23456372320652008,0.19794918596744537,0.6571677327156067,0.42690742015838623,-0.09398685395717621,0.05325696989893913,-0.2739465534687042]","[-2.525566816329956,0.5997774600982666,0.5563352108001709,1.4975939989089966,-0.4523599147796631,-0.2671254575252533,-1.275712013244629,-0.7474938631057739,-0.6457407474517822,1.4331767559051514,0.0737282931804657,0.1471077799797058,0.4026694595813751,-0.6048422455787659,6.128243923187256,-1.1431446075439453,2.1877880096435547,-5.058896541595459,0.16427667438983917,0.7132787108421326,-2.1145293712615967,-1.1474332809448242,-2.3420119285583496,-2.221730947494507,5.569102764129639,-0.40087175369262695,-0.7989296317100525,-1.127027988433838,3.070361852645874]",0.06362894922494888,0.023021841421723366,0.04173989221453667,0.10805496573448181,0.09692733734846115,4.846366867423058,0,0,0,0.47784754633903503,0.49832141399383545,0.9796652793884277,0.9189433455467224,0.9923610687255859,0.9814633131027222,-0.0022347555495798588,-0.0,-0.0,0.0,0.0,0.0,0.0
116,2.32,116,"[-0.6380271315574646,0.17914432287216187,0.16061213612556458,0.9140932559967041,-0.3465390205383301,-0.11416032910346985,-0.6878954172134399,-0.4796939194202423,-0.23218974471092224,1.0744577646255493,-0.2396911084651947,0.13697780668735504,-0.00320324650965631,-0.09270226210355759,0.0062288884073495865,-2.108966827392578,1.2079341411590576,-1.1346160173416138,0.7098881006240845,0.19569724798202515,-0.4241237938404083,0.6026443839073181,-2.1149260997772217,-1.3764206171035767,1.2057703733444214,0.5050957202911377,-0.3250209093093872,-0.270697683095932,-0.7277778387069702]","[-0.5286648273468018,0.3260052800178528,0.2376895397901535,0.8342063426971436,-0.26320117712020874,-0.09226728230714798,-0.5741403102874756,-0.3946247696876526,-0.35129180550575256,0.888178825378418,-0.10621960461139679,0.04415605217218399,0.0902605801820755,-0.0502181276679039,-0.01504171546548605,-2.1301422119140625,1.1849188804626465,-1.1985321044921875,0.6316276788711548,0.14232425391674042,-0.25957587361335754,0.7493288516998291,-2.1610584259033203,-1.4010124206542969,1.275011658668518,0.40366804599761963,-0.2736506760120392,-0.03472068905830383,-0.7281902432441711]","[-0.37392526865005493,0.06262809038162231,-0.06857216358184814,0.28506964445114136,-0.34701675176620483,-0.01617632806301117,-0.01885145902633667,0.5805500149726868,0.6888691782951355,-0.6743937730789185,0.044591352343559265,0.039198994636535645,0.08327169716358185,-0.036735646426677704,-0.05793877691030502,-0.37274956703186035,-0.5456387996673584,-0.9281426668167114,0.8687689900398254,0.12623220682144165,-0.08947700262069702,0.308796763420105,-0.28214454650878906,0.20992755889892578,0.8568346500396729,0.7724419236183167,-0.2678222954273224,-0.12075453996658325,-0.5456447601318359]","[-0.3061639368534088,0.07649420201778412,-0.0637373998761177,0.16392642259597778,-1.0260589122772217,-0.045348212122917175,-0.017295408993959427,0.379189133644104,0.5000038743019104,-0.1604505032300949,-0.1612415462732315,0.16870704293251038,0.027794305235147476,0.007470307406038046,-0.10652034729719162,-0.05896256864070892,-0.4131419062614441,-0.5679900050163269,0.34877076745033264,0.1258271038532257,0.3330899477005005,0.2938492000102997,-0.19487406313419342,0.10380122065544128,0.615516185760498,0.38690367341041565,-0.10849270969629288,0.049482256174087524,-0.2568959593772888]","[-2.5525779724121094,0.6170716881752014,0.5549474358558655,1.5210360288619995,-0.48457765579223633,-0.27418211102485657,-1.2730824947357178,-0.7278306484222412,-0.5929261445999146,1.4231843948364258,0.07002401351928711,0.14835485816001892,0.3925608992576599,-0.6023607850074768,6.12063455581665,-1.1516258716583252,2.149284839630127,-5.055416584014893,0.15947432816028595,0.7082644104957581,-2.104443311691284,-1.1716151237487793,-2.361342430114746,-2.2389707565307617,5.572151184082031,-0.38297349214553833,-0.8075664043426514,-1.1228500604629517,3.05875563621521]",0.06440537422895432,0.023514501750469208,0.04217026010155678,0.10812564194202423,0.09711506962776184,4.855753481388092,0,0,0,0.477333128452301,0.49823373556137085,0.9792319536209106,0.9179354906082153,0.9937992095947266,0.9940506815910339,-0.004830368794500828,-0.0,-0.0,0.0,0.0,0.0,0.0
117,2.34,117,"[-0.6455056071281433,0.18039686977863312,0.1592406928539276,0.9197946190834045,-0.3534793257713318,-0.11448385566473007,-0.6882724761962891,-0.4680829644203186,-0.21841241419315338,1.0609699487686157,-0.23879927396774292,0.13776178658008575,-0.001537818810902536,-0.09343697130680084,0.005070117302238941,-2.116421699523926,1.1970213651657104,-1.1531786918640137,0.7272634506225586,0.19822189211845398,-0.42591333389282227,0.6088203191757202,-2.1205689907073975,-1.3722220659255981,1.2229069471359253,0.5205444693565369,-0.33037734031677246,-0.27311277389526367,-0.7386906743049622]","[-0.5343642830848694,0.3279015123844147,0.23527225852012634,0.8388159871101379,-0.2737102508544922,-0.09289436042308807,-0.5742101669311523,-0.3854105472564697,-0.33758658170700073,0.8847622871398926,-0.10969793796539307,0.04753119871020317,0.09040036797523499,-0.05022604763507843,-0.016680754721164703,-2.1318299770355225,1.1762093305587769,-1.2102876901626587,0.6392688751220703,0.1446598917245865,-0.25314563512802124,0.7563870549201965,-2.165391683578491,-1.3988572359085083,1.2878557443618774,0.41165563464164734,-0.2755487859249115,-0.03362869843840599,-0.7335144877433777]","[-0.37392526865005493,0.06262771785259247,-0.06857253611087799,0.285068154335022,-0.34701675176620483,-0.016176141798496246,-0.01885145902633667,0.5805500149726868,0.6888695359230042,-0.6743937730789185,0.04459172487258911,0.0391986221075058,0.08327170461416245,-0.03673527389764786,-0.05793877691030502,-0.37274956703186035,-0.5456417798995972,-0.9281456470489502,0.868767499923706,0.1262318342924118,-0.08947700262069702,0.30879825353622437,-0.28214454650878906,0.20993053913116455,0.8568346500396729,0.7724419236183167,-0.2678230404853821,-0.12075528502464294,-0.5456432700157166]","[-0.2911113202571869,0.08029349893331528,-0.17400357127189636,0.2764228582382202,-0.3301902115345001,-0.02432234399020672,-0.008869975805282593,0.49492159485816956,0.7886229753494263,-0.1654399037361145,-0.18539100885391235,0.15723054111003876,0.0013065888779237866,-0.0020091626793146133,-0.08262484520673752,-0.06404964625835419,-0.45775362849235535,-0.5795025825500488,0.39254462718963623,0.11665844917297363,0.323177695274353,0.3894778788089752,-0.20639532804489136,0.09905469417572021,0.6353925466537476,0.3968485891819,-0.09765491634607315,0.05553307756781578,-0.2559637427330017]","[-2.564201593399048,0.6154176592826843,0.5499081611633301,1.5432524681091309,-0.4855450987815857,-0.27526184916496277,-1.271999716758728,-0.7115498781204224,-0.5559134483337402,1.410167932510376,0.06227347254753113,0.15448421239852905,0.3980586528778076,-0.6063835024833679,6.118664264678955,-1.1314764022827148,2.12713885307312,-5.08366060256958,0.16329951584339142,0.7086142897605896,-2.098761796951294,-1.1890034675598145,-2.391956329345703,-2.2220635414123535,5.5839619636535645,-0.38179850578308105,-0.8101352453231812,-1.1114634275436401,3.036376714706421]",0.06518817692995071,0.023452984169125557,0.04262700304389,0.10820106416940689,0.09700462967157364,4.850231483578682,0,0,0,0.4768109917640686,0.49825626611709595,0.9788001179695129,0.9175673127174377,0.9925805926322937,0.9895449280738831,-0.003328506601974368,-0.0,-0.0,0.0,0.0,0.0,0.0
118,2.36,118,"[-0.6529841423034668,0.18164943158626556,0.15786923468112946,0.925495982170105,-0.36041969060897827,-0.1148073747754097,-0.6886494755744934,-0.45647192001342773,-0.20463496446609497,1.0474820137023926,-0.23790743947029114,0.13854575157165527,0.00012762148980982602,-0.0941716730594635,0.003911337349563837,-2.1238768100738525,1.1861084699630737,-1.1717418432235718,0.7446388006210327,0.20074652135372162,-0.4277028739452362,0.6149963140487671,-2.1262118816375732,-1.36802339553833,1.2400437593460083,0.5359933972358704,-0.3357338309288025,-0.2755278944969177,-0.7496035695075989]","[-0.5398057103157043,0.32988113164901733,0.2321617603302002,0.8454728722572327,-0.2784494459629059,-0.09338802844285965,-0.5742987394332886,-0.37637442350387573,-0.32377490401268005,0.8816808462142944,-0.11317767947912216,0.05092083662748337,0.09084929525852203,-0.05030326545238495,-0.01786254718899727,-2.1321098804473877,1.1672680377960205,-1.225637674331665,0.6481727957725525,0.1481369286775589,-0.24664731323719025,0.7754964232444763,-2.170137643814087,-1.3961591720581055,1.3007996082305908,0.4198239743709564,-0.2773171067237854,-0.03245317563414574,-0.7387414574623108]","[-0.3739282488822937,0.062628835439682,-0.06857290863990784,0.28507113456726074,-0.3470204770565033,-0.016176141798496246,-0.01885145902633667,0.5805552005767822,0.6888747215270996,-0.674399733543396,0.044591352343559265,0.03919936716556549,0.08327233791351318,-0.036735646426677704,-0.05793921276926994,-0.3727555274963379,-0.5456447601318359,-0.9281575679779053,0.8687734603881836,0.1262325793504715,-0.08947700262069702,0.30879974365234375,-0.28214454650878906,0.20993053913116455,0.8568435907363892,0.7724493741989136,-0.26782453060150146,-0.12075677514076233,-0.5456462502479553]","[-0.2763994634151459,0.04643545672297478,-0.2090652585029602,0.35489606857299805,-0.20453515648841858,-0.021784044802188873,0.028752468526363373,0.5757827758789062,1.0472428798675537,-0.1503148078918457,-0.20725280046463013,0.12796717882156372,-0.06637049466371536,0.00424599926918745,-0.029157787561416626,-0.04066288471221924,-0.45437344908714294,-0.560538113117218,0.4127376675605774,0.14503991603851318,0.3102608323097229,0.33167052268981934,-0.2490098625421524,0.10942883044481277,0.657600462436676,0.40662074089050293,-0.08630596846342087,0.0574294775724411,-0.24600043892860413]","[-2.5747640132904053,0.6267051696777344,0.5491412878036499,1.5527669191360474,-0.5033634901046753,-0.278401643037796,-1.267069697380066,-0.70363450050354,-0.5273218154907227,1.4049527645111084,0.05683109164237976,0.15965217351913452,0.4078860878944397,-0.6007037162780762,6.122277736663818,-1.117281198501587,2.1006109714508057,-5.104416370391846,0.15970177948474884,0.7086558938026428,-2.0856995582580566,-1.2106764316558838,-2.412630081176758,-2.2172152996063232,5.598169803619385,-0.37148135900497437,-0.8142787218093872,-1.1128430366516113,3.0263772010803223]",0.06603129953145981,0.024138465523719788,0.04320502653717995,0.10965088754892349,0.09697968512773514,4.848984256386757,0,0,0,0.4762405455112457,0.4981559216976166,0.9782049655914307,0.9144249558448792,0.9927393794059753,0.9915459752082825,-0.002327448222786188,-0.0,-0.0,0.0,0.0,0.0,0.0
119,2.38,119,"[-0.6604627370834351,0.1829020231962204,0.1564977765083313,0.931197464466095,-0.3673601448535919,-0.11513090133666992,-0.6890265345573425,-0.4448607563972473,-0.1908574253320694,1.0339939594268799,-0.23701561987400055,0.13932976126670837,0.001793074537999928,-0.09490639716386795,0.0027525487821549177,-2.1313319206237793,1.175195574760437,-1.1903049945831299,0.7620143890380859,0.20327119529247284,-0.42949241399765015,0.621172308921814,-2.131854772567749,-1.3638248443603516,1.2571806907653809,0.5514424443244934,-0.3410903215408325,-0.27794304490089417,-0.7605165243148804]","[-0.5452449321746826,0.33177825808525085,0.22933036088943481,0.8526641726493835,-0.28303447365760803,-0.09393395483493805,-0.5745724439620972,-0.3682897090911865,-0.3115474283695221,0.879236102104187,-0.11646918207406998,0.054305803030729294,0.09149013459682465,-0.0504138246178627,-0.019075626507401466,-2.1333394050598145,1.1597177982330322,-1.2360543012619019,0.6547605991363525,0.15041646361351013,-0.24005714058876038,0.7805092334747314,-2.1746768951416016,-1.3931102752685547,1.3134472370147705,0.4281783998012543,-0.27916616201400757,-0.031240684911608696,-0.7439253926277161]","[-0.3739282488822937,0.062628835439682,-0.06857290863990784,0.2850726246833801,-0.3470204770565033,-0.01617632806301117,-0.018852949142456055,0.5805552005767822,0.688874363899231,-0.674399733543396,0.044591352343559265,0.03919973969459534,0.08327233791351318,-0.03673583269119263,-0.05793921276926994,-0.37274956703186035,-0.5456447601318359,-0.9281516075134277,0.8687764406204224,0.1262333244085312,-0.08947700262069702,0.30879825353622437,-0.28214454650878906,0.20992755889892578,0.8568435907363892,0.7724478840827942,-0.26782453060150146,-0.12075603008270264,-0.5456462502479553]","[-0.2618309557437897,0.10933561623096466,-0.11077453196048737,0.34746816754341125,-0.23552198708057404,-0.029087431728839874,-0.014249260537326336,0.34610798954963684,0.47257593274116516,-0.10912489891052246,-0.14752750098705292,0.15674011409282684,0.043310992419719696,-0.005598109681159258,-0.05601350963115692,-0.06393128633499146,-0.3447447717189789,-0.5187084674835205,0.31301990151405334,0.10818804055452347,0.32700276374816895,0.2812711000442505,-0.2122591733932495,0.18195587396621704,0.6043407320976257,0.42704981565475464,-0.09751807898283005,0.06263957917690277,-0.26093801856040955]","[-2.583402395248413,0.6386924386024475,0.5456453561782837,1.5666592121124268,-0.5246587991714478,-0.28183916211128235,-1.2701234817504883,-0.6982779502868652,-0.5038704872131348,1.404984474182129,0.05029281973838806,0.16605344414710999,0.4164278507232666,-0.5985453128814697,6.128576755523682,-1.1092902421951294,2.0691235065460205,-5.121683597564697,0.15198631584644318,0.7115399241447449,-2.0670228004455566,-1.230143666267395,-2.428284168243408,-2.219106674194336,5.6126580238342285,-0.3576805591583252,-0.8220078349113464,-1.1180613040924072,3.0189850330352783]",0.0669342651963234,0.025559747591614723,0.04376685991883278,0.1113380566239357,0.0969114750623703,4.845573753118515,0,0,0,0.4755907654762268,0.4979558289051056,0.9775903224945068,0.9123709201812744,0.9929357171058655,0.9914391040802002,-0.002308786381036043,-0.0,-0.0,0.0,0.0,0.0,0.0
120,2.4,120,"[-0.6679412722587585,0.18415458500385284,0.15512631833553314,0.9368988871574402,-0.3743005096912384,-0.11545442789793015,-0.6894035935401917,-0.43324971199035645,-0.17707999050617218,1.0205060243606567,-0.23612378537654877,0.1401137411594391,0.0034585148096084595,-0.0956411063671112,0.0015937688294798136,-2.138786792755127,1.1642826795578003,-1.2088679075241089,0.7793898582458496,0.20579585433006287,-0.4312819540500641,0.6273482441902161,-2.137497663497925,-1.359626293182373,1.2743175029754639,0.5668913125991821,-0.34644681215286255,-0.28035813570022583,-0.7714294195175171]","[-0.5506028532981873,0.33341145515441895,0.2266581505537033,0.8594896197319031,-0.28807714581489563,-0.0945400521159172,-0.574622631072998,-0.35928356647491455,-0.29664531350135803,0.8769369125366211,-0.11982136219739914,0.0571422204375267,0.09186770766973495,-0.05031983181834221,-0.019947955384850502,-2.13354229927063,1.1506805419921875,-1.2500789165496826,0.6635198593139648,0.15304924547672272,-0.23356565833091736,0.7979757189750671,-2.1798126697540283,-1.3904260396957397,1.3265355825424194,0.4363853931427002,-0.2808033525943756,-0.03005172684788704,-0.7488993406295776]","[-0.3739267587661743,0.06262809038162231,-0.06857253611087799,0.28506964445114136,-0.3470182418823242,-0.01617632806301117,-0.01885145902633667,0.5805522203445435,0.6888717412948608,-0.6743967533111572,0.044591352343559265,0.039198994636535645,0.08327201753854752,-0.03673546016216278,-0.05793900042772293,-0.37274956703186035,-0.5456417798995972,-0.928148627281189,0.8687719702720642,0.1262325793504715,-0.08947700262069702,0.30879825353622437,-0.2821385860443115,0.20993053913116455,0.8568406105041504,0.7724449038505554,-0.2678237855434418,-0.12075528502464294,-0.5456462502479553]","[-0.2706013023853302,0.08713398873806,-0.12323598563671112,0.3253844380378723,-0.24302442371845245,-0.03106793947517872,-0.017249543219804764,0.4080831706523895,0.6442788243293762,-0.10703682154417038,-0.15923263132572174,0.14335237443447113,0.03742183372378349,-1.9994824469904415e-05,-0.04645862430334091,-0.009993243031203747,-0.45120567083358765,-0.7751426696777344,0.4652516543865204,0.16712279617786407,0.33147361874580383,1.0232492685317993,-0.2392895370721817,0.13613633811473846,0.6222421526908875,0.40056687593460083,-0.08634447306394577,0.05955268070101738,-0.24078279733657837]","[-2.6106834411621094,0.6511407494544983,0.543536901473999,1.5781536102294922,-0.5397967100143433,-0.2859848439693451,-1.2623403072357178,-0.6763651371002197,-0.45438671112060547,1.3981397151947021,0.03897291421890259,0.1678362488746643,0.41990968585014343,-0.591448962688446,6.127970218658447,-1.093982219696045,2.036168336868286,-5.137510776519775,0.15913636982440948,0.706786036491394,-2.04520320892334,-1.2543139457702637,-2.454455852508545,-2.2171378135681152,5.623415470123291,-0.3535612225532532,-0.8220361471176147,-1.12186861038208,3.0076284408569336]",0.06788995862007141,0.02612554281949997,0.044432785362005234,0.11284701526165009,0.09655142575502396,4.827571287751198,0,0,0,0.47491902112960815,0.4978484511375427,0.976895272731781,0.9092448949813843,0.9898368120193481,0.982917845249176,-0.0040912143886089325,-0.0,-0.0,0.0,0.0,0.0,0.0
121,2.42,121,"[-0.675419807434082,0.1854071468114853,0.15375487506389618,0.9426002502441406,-0.3812408745288849,-0.11577795445919037,-0.689780592918396,-0.4216386675834656,-0.16330255568027496,1.0070180892944336,-0.23523196578025818,0.1408977210521698,0.005123955197632313,-0.09637581557035446,0.0004349889059085399,-2.1462419033050537,1.1533699035644531,-1.2274309396743774,0.7967652678489685,0.2083204984664917,-0.433071494102478,0.6335242390632629,-2.1431403160095215,-1.355427622795105,1.2914543151855469,0.5823402404785156,-0.3518032729625702,-0.2827732563018799,-0.7823423743247986]","[-0.5561144948005676,0.3355441391468048,0.2245718091726303,0.8663310408592224,-0.29360973834991455,-0.09521472454071045,-0.5748369097709656,-0.35085681080818176,-0.283650666475296,0.8747028112411499,-0.12305910885334015,0.06004345789551735,0.0923020988702774,-0.05048555135726929,-0.020715832710266113,-2.134749412536621,1.142543911933899,-1.2600796222686768,0.6711559891700745,0.15585170686244965,-0.22734715044498444,0.8037000298500061,-2.184218645095825,-1.3875895738601685,1.338242530822754,0.4446021616458893,-0.2825882136821747,-0.02885545790195465,-0.7537098526954651]","[-0.3739267587661743,0.06262846291065216,-0.06857253611087799,0.28506964445114136,-0.3470182418823242,-0.01617632806301117,-0.01885145902633667,0.5805529952049255,0.6888717412948608,-0.6743967533111572,0.044591352343559265,0.039198994636535645,0.08327201753854752,-0.036735646426677704,-0.05793900042772293,-0.3727555274963379,-0.5456417798995972,-0.928148627281189,0.8687704801559448,0.12623220682144165,-0.08947700262069702,0.30879825353622437,-0.2821385860443115,0.20993053913116455,0.8568406105041504,0.7724463939666748,-0.2678230404853821,-0.12075603008270264,-0.5456462502479553]","[-0.29081058502197266,0.049879610538482666,-0.1599949151277542,0.34731391072273254,-0.27732881903648376,-0.030858824029564857,0.0151614248752594,0.5598897933959961,1.041614294052124,-0.1012503132224083,-0.19481471180915833,0.10832509398460388,-0.06514482945203781,-3.488877337076701e-05,-0.020888792350888252,-0.042120229452848434,-0.4635418653488159,-0.41249531507492065,0.39075183868408203,0.11528407782316208,0.30199360847473145,0.1510237157344818,-0.22802014648914337,0.09764501452445984,0.5926744341850281,0.40221458673477173,-0.09023397415876389,0.05611685663461685,-0.22002652287483215]","[-2.6321656703948975,0.6675708889961243,0.5422318577766418,1.6010366678237915,-0.562468409538269,-0.2893059551715851,-1.263817548751831,-0.6644891500473022,-0.4158841371536255,1.395660161972046,0.03120860457420349,0.17161625623703003,0.413734495639801,-0.5890170931816101,6.121605396270752,-1.0916887521743774,1.992807388305664,-5.140291690826416,0.14993126690387726,0.7010390758514404,-2.022650957107544,-1.2845268249511719,-2.4735326766967773,-2.225146770477295,5.622321605682373,-0.337613046169281,-0.8288676738739014,-1.1288554668426514,2.9977614879608154]",0.06885189563035965,0.02684248983860016,0.04509902745485306,0.11435703933238983,0.0966472402215004,4.83236201107502,0,0,0,0.4742452800273895,0.4977196455001831,0.9761308431625366,0.9052944183349609,0.9923327565193176,0.9905795454978943,-0.003940779250115156,-0.0,-0.0,0.0,0.0,0.0,0.0
122,2.44,122,"[-0.6828983426094055,0.18665972352027893,0.15238341689109802,0.9483016729354858,-0.38818123936653137,-0.11610148102045059,-0.6901576519012451,-0.4100275933742523,-0.14952512085437775,0.9935301542282104,-0.2343401312828064,0.1416817009449005,0.006789395585656166,-0.09711053222417831,-0.0007237909594550729,-2.1536970138549805,1.1424570083618164,-1.2459938526153564,0.8141406774520874,0.21084514260292053,-0.43486103415489197,0.639700174331665,-2.1487832069396973,-1.3512290716171265,1.3085911273956299,0.5977891683578491,-0.35715973377227783,-0.28518837690353394,-0.7932552695274353]","[-0.562583863735199,0.33727172017097473,0.2224559634923935,0.8719795942306519,-0.30525562167167664,-0.09604692459106445,-0.5752423405647278,-0.3430280387401581,-0.271670401096344,0.8727808594703674,-0.1263212114572525,0.06318206340074539,0.09281134605407715,-0.05055383965373039,-0.021811721846461296,-2.1361429691314697,1.133835792541504,-1.2693923711776733,0.6781627535820007,0.15765154361724854,-0.22057807445526123,0.8087546229362488,-2.1887199878692627,-1.3855292797088623,1.3499544858932495,0.4525727927684784,-0.28449323773384094,-0.02770591713488102,-0.7582928538322449]","[-0.3739267587661743,0.06262846291065216,-0.06857253611087799,0.28507113456726074,-0.3470189869403839,-0.016176141798496246,-0.01885145902633667,0.5805529952049255,0.6888717412948608,-0.6743967533111572,0.044591352343559265,0.039198994636535645,0.08327201753854752,-0.036735646426677704,-0.057938992977142334,-0.3727555274963379,-0.5456447601318359,-0.928148627281189,0.8687719702720642,0.1262325793504715,-0.08947700262069702,0.30879825353622437,-0.28214454650878906,0.20992755889892578,0.8568406105041504,0.7724449038505554,-0.2678237855434418,-0.12075528502464294,-0.5456447601318359]","[-0.3295746147632599,0.09744248539209366,-0.08874867856502533,0.23022916913032532,-0.7423660159111023,-0.04502711817622185,-0.02069510705769062,0.3351249098777771,0.4532218873500824,-0.09279532730579376,-0.14990946650505066,0.1486848145723343,0.03720463812351227,-0.004392916336655617,-0.05020930990576744,-0.0801127701997757,-0.425545871257782,-0.48732295632362366,0.34719446301460266,0.08197516947984695,0.3457080125808716,0.3002318739891052,-0.21567532420158386,0.11051671952009201,0.5611698031425476,0.3995679020881653,-0.10178963094949722,0.05867471918463707,-0.22729367017745972]","[-2.638526439666748,0.6748363375663757,0.5401203036308289,1.6160624027252197,-0.5748576521873474,-0.2912794053554535,-1.269078016281128,-0.6620301604270935,-0.3951457738876343,1.3945436477661133,0.021202296018600464,0.1788451075553894,0.42640459537506104,-0.5861418843269348,6.126038551330566,-1.0722137689590454,1.9598829746246338,-5.168902397155762,0.14656086266040802,0.7030112743377686,-1.9981950521469116,-1.3083139657974243,-2.4921140670776367,-2.218010425567627,5.63967752456665,-0.32948964834213257,-0.8367937803268433,-1.1396594047546387,2.993910551071167]",0.06984283030033112,0.027198195457458496,0.04579184949398041,0.11565455049276352,0.09651978313922882,4.825989156961441,0,0,0,0.4734936058521271,0.49766021966934204,0.9753543734550476,0.9032042622566223,0.9915953278541565,0.9875344038009644,-0.002852784236893058,-0.0,-0.0,0.0,0.0,0.0,0.0
123,2.46,123,"[-0.690376877784729,0.18791228532791138,0.15101197361946106,0.954003095626831,-0.39512163400650024,-0.11642500013113022,-0.6905346512794495,-0.39841654896736145,-0.13574768602848053,0.9800422191619873,-0.2334483116865158,0.14246568083763123,0.00845483597368002,-0.09784524142742157,-0.0018825707957148552,-2.1611521244049072,1.1315441131591797,-1.264556884765625,0.8315161466598511,0.21336980164051056,-0.4366505742073059,0.6458761692047119,-2.154426097869873,-1.347030520439148,1.325727939605713,0.6132380366325378,-0.36251622438430786,-0.2876034677028656,-0.804168164730072]","[-0.5687661170959473,0.3389081656932831,0.21900886297225952,0.8780297636985779,-0.3125362694263458,-0.09665127098560333,-0.5756696462631226,-0.3340960443019867,-0.256574422121048,0.8710956573486328,-0.12985381484031677,0.06585001945495605,0.0931258425116539,-0.05075642094016075,-0.022555435076355934,-2.1364200115203857,1.1237493753433228,-1.2832591533660889,0.6873863339424133,0.15979687869548798,-0.21339915692806244,0.8262379169464111,-2.1935765743255615,-1.3834625482559204,1.3618333339691162,0.4606245458126068,-0.28629598021507263,-0.026510896161198616,-0.7626552581787109]","[-0.3739267587661743,0.06262809038162231,-0.06857253611087799,0.28506964445114136,-0.3470189869403839,-0.016176141798496246,-0.01885145902633667,0.5805522203445435,0.6888717412948608,-0.6743967533111572,0.044591352343559265,0.039198994636535645,0.08327201753854752,-0.03673546016216278,-0.05793900042772293,-0.37274956703186035,-0.5456417798995972,-0.9281516075134277,0.8687719702720642,0.1262325793504715,-0.08947700262069702,0.30879825353622437,-0.28214454650878906,0.20993053913116455,0.8568406105041504,0.7724449038505554,-0.2678237855434418,-0.12075528502464294,-0.5456447601318359]","[-0.30618393421173096,0.09472014755010605,-0.18837636709213257,0.327910840511322,-0.2195952832698822,-0.026495838537812233,-0.0358092375099659,0.4131508767604828,0.6654739379882812,-0.07890129834413528,-0.17614266276359558,0.1344301998615265,0.035051628947257996,-0.017628375440835953,-0.0471329391002655,-0.06564625352621078,-0.43834781646728516,-0.5145202279090881,0.3880886137485504,0.1018030196428299,0.3477313220500946,0.26472219824790955,-0.21267494559288025,0.12784844636917114,0.5622034668922424,0.4118926227092743,-0.09522262960672379,0.06268151104450226,-0.217899352312088]","[-2.660870313644409,0.6799017786979675,0.5376959443092346,1.636124849319458,-0.5726697444915771,-0.29188528656959534,-1.2646957635879517,-0.6416764259338379,-0.3500838279724121,1.3887648582458496,0.006746262311935425,0.18172013759613037,0.4281427562236786,-0.5830202698707581,6.116811275482178,-1.0475355386734009,1.926360011100769,-5.1931867599487305,0.15068180859088898,0.6968366503715515,-1.9747618436813354,-1.334600806236267,-2.5220861434936523,-2.201408624649048,5.645529270172119,-0.33141571283340454,-0.8373157978057861,-1.1460039615631104,2.9753711223602295]",0.07088097929954529,0.027469484135508537,0.046579230576753616,0.11750123649835587,0.09644096344709396,4.822048172354698,0,0,0,0.4727413058280945,0.4976264238357544,0.9744253158569336,0.899389922618866,0.9906148314476013,0.9917328953742981,-0.004482466261833906,-0.0,-0.0,0.0,0.0,0.0,0.0
124,2.48,124,"[-0.6978554129600525,0.18916484713554382,0.1496405154466629,0.9597044587135315,-0.40206199884414673,-0.11674852669239044,-0.6909117102622986,-0.3868055045604706,-0.12197025120258331,0.9665542840957642,-0.23255647718906403,0.14324966073036194,0.010120276361703873,-0.09857995063066483,-0.0030413507483899593,-2.168606996536255,1.1206313371658325,-1.2831199169158936,0.84889155626297,0.2158944457769394,-0.43844011425971985,0.652052104473114,-2.160068988800049,-1.3428318500518799,1.342864751815796,0.6286869645118713,-0.3678726851940155,-0.29001858830451965,-0.8150810599327087]","[-0.5746535062789917,0.3411276340484619,0.2155054360628128,0.8849219679832458,-0.315078467130661,-0.09720439463853836,-0.5760344862937927,-0.3255893290042877,-0.24300840497016907,0.8693627119064331,-0.13360850512981415,0.0685093104839325,0.09376739710569382,-0.05109822377562523,-0.023100193589925766,-2.1384871006011963,1.115468978881836,-1.293115496635437,0.6948156356811523,0.16110850870609283,-0.20662902295589447,0.8297666311264038,-2.1984047889709473,-1.3803811073303223,1.3735206127166748,0.4693097770214081,-0.2879122495651245,-0.025211762636899948,-0.767176628112793]","[-0.3739267587661743,0.06262846291065216,-0.06857253611087799,0.28506964445114136,-0.3470182418823242,-0.01617632806301117,-0.01885145902633667,0.5805522203445435,0.6888717412948608,-0.6743967533111572,0.044591352343559265,0.039198994636535645,0.08327201753854752,-0.036735646426677704,-0.05793900042772293,-0.37274956703186035,-0.5456417798995972,-0.928148627281189,0.8687719702720642,0.1262325793504715,-0.08947774767875671,0.30879825353622437,-0.28214454650878906,0.20993053913116455,0.8568376302719116,0.7724463939666748,-0.2678237855434418,-0.12075603008270264,-0.5456447601318359]","[-0.30100351572036743,0.046140167862176895,-0.2223139852285385,0.3513002395629883,-0.09017951041460037,-0.02463589794933796,0.007841294631361961,0.5523093342781067,1.0635470151901245,-0.0684155598282814,-0.22416192293167114,0.09918241202831268,-0.04737228900194168,-0.01745675876736641,-0.013323272578418255,-0.07892642170190811,-0.485027551651001,-0.4875224828720093,0.41565239429473877,0.05259976536035538,0.3374656140804291,0.21810117363929749,-0.2568611800670624,0.1186019778251648,0.6090986728668213,0.42983272671699524,-0.07596717774868011,0.062225498259067535,-0.20796112716197968]","[-2.682079553604126,0.6939159035682678,0.5387486219406128,1.648330569267273,-0.5863447785377502,-0.2943127453327179,-1.2577744722366333,-0.6303764581680298,-0.3132427930831909,1.3901987075805664,-0.004763543605804443,0.18530994653701782,0.43070030212402344,-0.5742486715316772,6.1136651039123535,-1.0296391248703003,1.8889367580413818,-5.207753658294678,0.14558906853199005,0.6935129165649414,-1.9461554288864136,-1.361154317855835,-2.5479681491851807,-2.1964757442474365,5.652624607086182,-0.3261578679084778,-0.8403713703155518,-1.162829875946045,2.966623306274414]",0.07192131876945496,0.02807832695543766,0.04727638140320778,0.1198127418756485,0.09630995988845825,4.815497994422913,0,0,0,0.4719833731651306,0.497510701417923,0.973578155040741,0.8948296308517456,0.9916185140609741,0.9896762371063232,-0.0036987080238759518,-0.0,-0.0,0.0,0.0,0.0,0.0
125,2.5,125,"[-0.705333948135376,0.19041742384433746,0.14826907217502594,0.9654058814048767,-0.4090023636817932,-0.11707205325365067,-0.6912887096405029,-0.3751944601535797,-0.1081928163766861,0.953066349029541,-0.23166465759277344,0.14403364062309265,0.011785716749727726,-0.09931466728448868,-0.0042001307010650635,-2.1760621070861816,1.1097184419631958,-1.3016828298568726,0.8662670254707336,0.21841910481452942,-0.4402296841144562,0.6582280993461609,-2.1657118797302246,-1.3386332988739014,1.3600014448165894,0.6441358923912048,-0.37322917580604553,-0.2924337089061737,-0.8259939551353455]","[-0.5801655650138855,0.3422088623046875,0.21176142990589142,0.8914775848388672,-0.3162304162979126,-0.09769361466169357,-0.5763741731643677,-0.3191617727279663,-0.2317744642496109,0.8689005970954895,-0.13700100779533386,0.07131993025541306,0.09429530054330826,-0.05118940398097038,-0.02346535585820675,-2.1387791633605957,1.1073907613754272,-1.3075881004333496,0.7009788751602173,0.1618346869945526,-0.19731388986110687,0.8463014364242554,-2.202263355255127,-1.3770273923873901,1.3835368156433105,0.4777614176273346,-0.2901145815849304,-0.023958314210176468,-0.7708434462547302]","[-0.595584511756897,0.1403752714395523,-0.03830231726169586,0.7078647613525391,-0.33092200756073,0.025312229990959167,-0.008644163608551025,0.2910718321800232,0.34325963258743286,-0.33434927463531494,0.01863613724708557,0.018459558486938477,0.051051728427410126,-0.01957472413778305,-0.041118964552879333,0.1377403736114502,-0.33524930477142334,-0.349271297454834,-0.056783854961395264,-0.12882277369499207,0.7220514416694641,0.3747880458831787,-0.13193488121032715,0.058591365814208984,0.423961877822876,0.26705414056777954,-0.1211993396282196,0.012151151895523071,-0.24711042642593384]","[-0.25814738869667053,0.052727822214365005,-0.16551421582698822,0.30862367153167725,-0.044371459633111954,-0.024153010919690132,-0.015862271189689636,0.24015508592128754,0.3947330713272095,-0.007496812846511602,-0.14461328089237213,0.1306634098291397,0.031345076858997345,-0.0030539711005985737,-0.010124700143933296,-0.005534730385988951,-0.3661348521709442,-0.8222970366477966,0.3053177297115326,0.038534149527549744,0.48189777135849,0.984097421169281,-0.16379933059215546,0.19154641032218933,0.4467661678791046,0.41867396235466003,-0.1227138563990593,0.06333468109369278,-0.17572900652885437]","[-2.6797702312469482,0.7184012532234192,0.5415140390396118,1.657772421836853,-0.567243218421936,-0.2940479815006256,-1.2336959838867188,-0.7029056549072266,-0.331742525100708,1.4175879955291748,0.0008410513401031494,0.19439414143562317,0.4244048297405243,-0.5745124220848083,6.132959842681885,-0.9799972772598267,1.8646554946899414,-5.230329990386963,0.09937532246112823,0.6679505109786987,-1.8911107778549194,-1.4081203937530518,-2.5310237407684326,-2.1625609397888184,5.652657508850098,-0.3455861806869507,-0.8354859352111816,-1.1979572772979736,3.001072883605957]",0.07299632579088211,0.028383415192365646,0.048076774924993515,0.12332626432180405,0.09601377695798874,4.800688847899437,0,0,0,0.47114062309265137,0.49746161699295044,0.9726090431213379,0.889782726764679,0.9929555654525757,0.9889258146286011,-0.012186506763100624,-0.0,-0.0,0.0,0.0,0.0,0.0
126,2.52,126,"[-0.7216787934303284,0.19477985799312592,0.14810842275619507,0.9880190491676331,-0.4152988791465759,-0.11573603749275208,-0.6912574768066406,-0.37516263127326965,-0.10823986679315567,0.9531803131103516,-0.2318110316991806,0.14398804306983948,0.012162345461547375,-0.09936293959617615,-0.004686109255999327,-2.163097381591797,1.1072213649749756,-1.297090768814087,0.8466202020645142,0.2107415348291397,-0.4095580577850342,0.6670436263084412,-2.165346384048462,-1.3404881954193115,1.359823226928711,0.6393691301345825,-0.3727206587791443,-0.28953254222869873,-0.8249654769897461]","[-0.5853443741798401,0.3425001800060272,0.2091749906539917,0.8976989388465881,-0.31685882806777954,-0.09819837659597397,-0.5766192078590393,-0.31699448823928833,-0.22732166945934296,0.8700157999992371,-0.13910675048828125,0.07354792952537537,0.09440746158361435,-0.05153341591358185,-0.023326128721237183,-2.139456272125244,1.1013292074203491,-1.319230318069458,0.7037929892539978,0.16141533851623535,-0.18717597424983978,0.8521801233291626,-2.203833818435669,-1.3740153312683105,1.3895777463912964,0.48528873920440674,-0.29309552907943726,-0.022821318358182907,-0.7734150290489197]","[-0.8172556757926941,0.21812506020069122,-0.008032470941543579,1.1306778192520142,-0.3148309886455536,0.06680171936750412,0.0015616416931152344,0.0015906989574432373,-0.0023525208234786987,0.0056996941566467285,-0.007318705320358276,-0.0022798776626586914,0.018831739202141762,-0.002413801848888397,-0.024299312382936478,0.6482541561126709,-0.12485980987548828,0.229606032371521,-0.982356071472168,-0.383884459733963,1.5336045026779175,0.4407823085784912,0.018274784088134766,-0.09274780750274658,-0.008913874626159668,-0.23833811283111572,0.025425106287002563,0.14506056904792786,0.05142390727996826]","[-0.2596582770347595,-0.0015846715541556478,-0.11156518012285233,0.3050130009651184,-0.025816695764660835,-0.02510167472064495,-0.0071158697828650475,0.05875026434659958,0.15882384777069092,0.07277332246303558,-0.08796733617782593,0.10197783261537552,-0.0032508596777915955,-0.02185378409922123,0.009600364603102207,-0.024334875866770744,-0.28515493869781494,-0.5060226321220398,0.08847106248140335,-0.05493522435426712,0.505536675453186,0.17830537259578705,-0.04863235354423523,0.12930624186992645,0.25050878524780273,0.3505411446094513,-0.15605993568897247,0.053920358419418335,-0.11264020949602127]","[-2.705490827560425,0.7598651051521301,0.5466427206993103,1.6987011432647705,-0.533489465713501,-0.29443803429603577,-1.198294758796692,-0.8116129636764526,-0.33274030685424805,1.457829236984253,0.01587584614753723,0.19538694620132446,0.38799071311950684,-0.5855404138565063,6.1253509521484375,-0.9147301912307739,1.831892490386963,-5.200089931488037,0.027912931516766548,0.6178103685379028,-1.7992390394210815,-1.4472863674163818,-2.5128355026245117,-2.1209795475006104,5.606156349182129,-0.39093899726867676,-0.8167374134063721,-1.257558822631836,3.0452611446380615]",0.07298193871974945,0.02842792309820652,0.04778633266687393,0.11934876441955566,0.09553011506795883,4.776505753397942,0,0,0,0.4711441695690155,0.49743935465812683,0.9730112552642822,0.8966209292411804,0.9904928207397461,0.9766086935997009,-0.028811808675527573,-0.0,-0.0,0.0,0.0,0.0,0.0
127,2.54,127,"[-0.7380241751670837,0.1991424262523651,0.1479477733373642,1.0106329917907715,-0.42159560322761536,-0.1143999844789505,-0.6912262439727783,-0.375130832195282,-0.10828691720962524,0.9532943367958069,-0.23195740580558777,0.1439424455165863,0.012538986280560493,-0.09941121935844421,-0.005172103177756071,-2.150131940841675,1.1047240495681763,-1.2924985885620117,0.8269727826118469,0.2030637264251709,-0.37888550758361816,0.6758593916893005,-2.164980888366699,-1.3423432111740112,1.359644889831543,0.6346023678779602,-0.37221217155456543,-0.2866312861442566,-0.8239369988441467]","[-0.592538595199585,0.34217309951782227,0.20625273883342743,0.9073963761329651,-0.31550395488739014,-0.09860264509916306,-0.57622230052948,-0.31681111454963684,-0.2249397188425064,0.8716074228286743,-0.14060470461845398,0.07535895705223083,0.09406370669603348,-0.05231844261288643,-0.02206234820187092,-2.1388297080993652,1.0956664085388184,-1.3312153816223145,0.704969584941864,0.15868811309337616,-0.17661762237548828,0.8653085827827454,-2.2044484615325928,-1.372030258178711,1.3931585550308228,0.49128851294517517,-0.29601579904556274,-0.021747654303908348,-0.7752531170845032]","[-0.8172512054443359,0.21812394261360168,-0.008032098412513733,1.1306688785552979,-0.3148287534713745,0.06680134683847427,0.0015631318092346191,0.0015906989574432373,-0.0023525208234786987,0.005701184272766113,-0.007318705320358276,-0.0022798776626586914,0.01883162185549736,-0.0024139881134033203,-0.024299126118421555,0.6482541561126709,-0.12485682964324951,0.229606032371521,-0.982348620891571,-0.3838811218738556,1.5335925817489624,0.4407808184623718,0.018274784088134766,-0.09275078773498535,-0.008913874626159668,-0.23833364248275757,0.025425106287002563,0.14505907893180847,0.05142390727996826]","[-0.36605992913246155,-0.03174693509936333,-0.16244865953922272,0.5490524172782898,0.14330926537513733,-0.016124404966831207,0.039882954210042953,-0.01345545332878828,0.12273290008306503,0.07963458448648453,-0.06914729624986649,0.08496113866567612,-0.019525937736034393,-0.06413570046424866,0.11177732795476913,0.046110592782497406,-0.2626782953739166,-0.6252177953720093,0.05081982538104057,-0.15131375193595886,0.524906575679779,0.7857998013496399,-0.026334771886467934,0.08238781243562698,0.14456383883953094,0.2661028504371643,-0.13301941752433777,0.053454358130693436,-0.08709241449832916]","[-2.7382261753082275,0.7866677641868591,0.54411381483078,1.7253663539886475,-0.5166191458702087,-0.2942403256893158,-1.1714057922363281,-0.8708820939064026,-0.3172941207885742,1.4756677150726318,0.015462398529052734,0.19177046418190002,0.37599432468414307,-0.5918364524841309,6.118488788604736,-0.8267996311187744,1.8003497123718262,-5.174252033233643,-0.0199690293520689,0.577315092086792,-1.7002506256103516,-1.4793516397476196,-2.5140931606292725,-2.070955276489258,5.5833845138549805,-0.4447120428085327,-0.7982721328735352,-1.3039259910583496,3.0911314487457275]",0.07286394387483597,0.030044768005609512,0.04769193008542061,0.11812995374202728,0.09591616690158844,4.795808345079422,0,0,0,0.4712059199810028,0.4971200227737427,0.9731628894805908,0.8998857736587524,0.9953571557998657,0.980322539806366,-0.021245712414383888,-0.0,-0.0,0.0,0.0,0.0,0.0
128,2.56,128,"[-0.7543688416481018,0.20350481569766998,0.14778713881969452,1.0332458019256592,-0.4278920292854309,-0.1130639836192131,-0.6911949515342712,-0.3750990033149719,-0.10833396762609482,0.9534083604812622,-0.23210377991199493,0.14389684796333313,0.01291561033576727,-0.09945949912071228,-0.005658074282109737,-2.13716721534729,1.1022270917892456,-1.287906527519226,0.8073262572288513,0.19538629055023193,-0.34821435809135437,0.684674859046936,-2.1646153926849365,-1.344198226928711,1.3594666719436646,0.6298357844352722,-0.3717036545276642,-0.2837301790714264,-0.8229085206985474]","[-0.5988798141479492,0.34142157435417175,0.20452812314033508,0.9146537184715271,-0.31441038846969604,-0.09910404682159424,-0.5760458111763,-0.31749293208122253,-0.22361044585704803,0.8730300068855286,-0.14187313616275787,0.07692508399486542,0.09234993159770966,-0.05346749350428581,-0.020736245438456535,-2.1386935710906982,1.0908764600753784,-1.338388442993164,0.7054945826530457,0.15654656291007996,-0.16749787330627441,0.8694621324539185,-2.2049310207366943,-1.3713160753250122,1.3955376148223877,0.49564069509506226,-0.29814648628234863,-0.020686158910393715,-0.776746392250061]","[-0.817243754863739,0.21812207996845245,-0.008032098412513733,1.1306583881378174,-0.31482651829719543,0.0668007880449295,0.0015631318092346191,0.0015906989574432373,-0.002352707087993622,0.0056996941566467285,-0.007318705320358276,-0.0022798776626586914,0.018831459805369377,-0.0024139881134033203,-0.024298928678035736,0.6482422351837158,-0.12485384941101074,0.22960305213928223,-0.9823396801948547,-0.3838781416416168,1.5335806608200073,0.44077783823013306,0.018274784088134766,-0.09275078773498535,-0.008910894393920898,-0.23833513259887695,0.025425106287002563,0.14505833387374878,0.05142390727996826]","[-0.3204091489315033,-0.03382391110062599,-0.05874762311577797,0.31603991985321045,0.017929499968886375,-0.029097987338900566,0.002545471303164959,-0.03916984423995018,0.04152597859501839,0.06504039466381073,-0.05892094597220421,0.07560136914253235,-0.11623655259609222,-0.05304248258471489,0.060667771846055984,-0.007924358360469341,-0.23029102385044098,-0.27339017391204834,0.020089132711291313,-0.09600237756967545,0.4180656373500824,0.09125974029302597,-0.022811811417341232,0.017091605812311172,0.09969191253185272,0.1965307593345642,-0.0968792736530304,0.05367022752761841,-0.07010297477245331]","[-2.7755722999572754,0.8162136077880859,0.538857638835907,1.7634514570236206,-0.5272555351257324,-0.29667481780052185,-1.1642844676971436,-0.9055870771408081,-0.29854917526245117,1.486926794052124,0.011063098907470703,0.18622297048568726,0.35981646180152893,-0.5921651721000671,6.0991997718811035,-0.7605557441711426,1.7502708435058594,-5.135672092437744,-0.06775574386119843,0.5378792881965637,-1.60231614112854,-1.5208781957626343,-2.5167665481567383,-2.0387001037597656,5.563924312591553,-0.4805002808570862,-0.7910311222076416,-1.3423302173614502,3.1326777935028076]",0.07271596044301987,0.029534971341490746,0.047559406608343124,0.11594323813915253,0.09603269398212433,4.801634699106216,0,0,0,0.4713231325149536,0.49721434712409973,0.973401665687561,0.9036209583282471,0.9911674857139587,0.9827979803085327,-0.017890775576233864,-0.0,-0.0,0.0,0.0,0.0,0.0
129,2.58,129,"[-0.7707139253616333,0.2078673094511032,0.14762648940086365,1.0558593273162842,-0.4341886639595032,-0.11172795295715332,-0.6911637187004089,-0.37506720423698425,-0.10838102549314499,0.9535223245620728,-0.2322501540184021,0.14385125041007996,0.013292244635522366,-0.09950777888298035,-0.0061440602876245975,-2.124202251434326,1.0997298955917358,-1.2833144664764404,0.7876791954040527,0.18770860135555267,-0.31754228472709656,0.6934905052185059,-2.164249897003174,-1.3460532426834106,1.3592884540557861,0.6250689625740051,-0.3711951673030853,-0.28082895278930664,-0.821880042552948]","[-0.6079859733581543,0.34098485112190247,0.2027575969696045,0.9253034591674805,-0.31337857246398926,-0.09963355958461761,-0.5758050084114075,-0.31847307085990906,-0.22275978326797485,0.8743128776550293,-0.14302818477153778,0.0782543420791626,0.08969759196043015,-0.054706744849681854,-0.018784189596772194,-2.1377925872802734,1.0858196020126343,-1.3434722423553467,0.705812394618988,0.15368810296058655,-0.15918226540088654,0.8767508864402771,-2.2052998542785645,-1.3711576461791992,1.3967065811157227,0.4991842210292816,-0.2999396026134491,-0.019491417333483696,-0.7779725790023804]","[-0.8172467350959778,0.2181224524974823,-0.008032470941543579,1.1306613683700562,-0.3148280084133148,0.0668007880449295,0.0015616416931152344,0.0015906989574432373,-0.002352707087993622,0.0056996941566467285,-0.007318705320358276,-0.0022798776626586914,0.0188315287232399,-0.002413801848888397,-0.024299032986164093,0.6482422351837158,-0.12485682964324951,0.22960007190704346,-0.9823426604270935,-0.3838796317577362,1.5335873365402222,0.44077634811401367,0.018274784088134766,-0.09274780750274658,-0.008913874626159668,-0.23833662271499634,0.025425106287002563,0.14505907893180847,0.05142241716384888]","[-0.4904352128505707,-0.021931542083621025,-0.112441785633564,0.6078017950057983,0.1056143119931221,-0.021375807002186775,0.026635318994522095,-0.05434002727270126,0.046264953911304474,0.05870154872536659,-0.055438313633203506,0.062026768922805786,-0.13228778541088104,-0.06213810294866562,0.12271945923566818,0.20032982528209686,-0.30391132831573486,-0.41937771439552307,0.028262730687856674,-0.2553887367248535,0.4549492299556732,1.2137885093688965,-0.02402489073574543,0.01258725207298994,0.044864535331726074,0.16080117225646973,-0.08205265551805496,0.061514146625995636,-0.0552891306579113]","[-2.8093698024749756,0.8323851227760315,0.5363814830780029,1.7965420484542847,-0.5303086042404175,-0.2975784242153168,-1.1511414051055908,-0.936363697052002,-0.28301548957824707,1.4930286407470703,0.004473656415939331,0.17747971415519714,0.36296507716178894,-0.5893194079399109,6.095071792602539,-0.675183892250061,1.700425386428833,-5.110918045043945,-0.10157112777233124,0.5036660432815552,-1.5027046203613281,-1.5521018505096436,-2.5223803520202637,-1.9909487962722778,5.556772708892822,-0.5238379240036011,-0.781391978263855,-1.3746590614318848,3.180983781814575]",0.07248516380786896,0.031008997932076454,0.04755328595638275,0.11514844745397568,0.09620949625968933,4.8104748129844666,0,0,0,0.47147977352142334,0.49692121148109436,0.9734764695167542,0.9059021472930908,0.9948332905769348,0.9855514168739319,-0.017689023166894913,-0.0,-0.0,0.0,0.0,0.0,0.0
130,2.6,130,"[-0.7870587110519409,0.21222971379756927,0.14746583998203278,1.0784722566604614,-0.4404851496219635,-0.11039195209741592,-0.6911324858665466,-0.3750353753566742,-0.10842807590961456,0.9536363482475281,-0.23239652812480927,0.14380565285682678,0.013668871484696865,-0.09955605119466782,-0.00663003558292985,-2.1112375259399414,1.0972328186035156,-1.2787225246429443,0.7680325508117676,0.18003110587596893,-0.2868708670139313,0.7023059129714966,-2.163884401321411,-1.3479081392288208,1.3591101169586182,0.6203023195266724,-0.3706866502761841,-0.27792781591415405,-0.8208516240119934]","[-0.6174190044403076,0.3404570519924164,0.2017754316329956,0.9335789680480957,-0.31925520300865173,-0.10037865489721298,-0.5758131742477417,-0.3196238875389099,-0.22251027822494507,0.8753998279571533,-0.14410614967346191,0.07935824990272522,0.08559884876012802,-0.05553228408098221,-0.017288239672780037,-2.1357388496398926,1.0808199644088745,-1.3453282117843628,0.7060645222663879,0.15141861140727997,-0.15108992159366608,0.8820377588272095,-2.2057673931121826,-1.3711408376693726,1.3973994255065918,0.5022764801979065,-0.30147361755371094,-0.018186526373028755,-0.7789444327354431]","[-0.817243754863739,0.2181217074394226,-0.008032098412513733,1.1306583881378174,-0.31482577323913574,0.0668007880449295,0.0015616416931152344,0.0015906989574432373,-0.0023525208234786987,0.005701184272766113,-0.007318705320358276,-0.0022798776626586914,0.018831459805369377,-0.002413801848888397,-0.02429893985390663,0.6482481956481934,-0.12485384941101074,0.22960007190704346,-0.9823396801948547,-0.3838781416416168,1.5335806608200073,0.44077783823013306,0.018274784088134766,-0.09274482727050781,-0.008913874626159668,-0.23833364248275757,0.025425106287002563,0.14505833387374878,0.051425397396087646]","[-0.48682281374931335,-0.021471448242664337,-0.027520136907696724,0.3460606336593628,-0.5052958130836487,-0.04287193715572357,-0.005463431589305401,-0.05759028345346451,-0.0004595695936586708,0.05170578882098198,-0.05174602195620537,0.052996676415205,-0.2371310144662857,-0.0330251008272171,0.06674788147211075,0.049285318702459335,-0.23417934775352478,-0.03560388833284378,0.009149172343313694,-0.07617390155792236,0.3811008930206299,0.039711806923151016,-0.0241392869502306,-0.0032054029870778322,0.028733018785715103,0.15588584542274475,-0.07571104913949966,0.06821968406438828,-0.04850781708955765]","[-2.8418991565704346,0.8555571436882019,0.5305653810501099,1.849754810333252,-0.5521058440208435,-0.29921963810920715,-1.160783052444458,-0.9577487707138062,-0.26833105087280273,1.5009117126464844,-0.0011962056159973145,0.16913408041000366,0.3518480658531189,-0.5857769846916199,6.073748588562012,-0.6279633045196533,1.6314059495925903,-5.0800347328186035,-0.1412091702222824,0.4682597517967224,-1.408273458480835,-1.5963257551193237,-2.5211338996887207,-1.9672883749008179,5.543009281158447,-0.5452311635017395,-0.7841635942459106,-1.400004506111145,3.221571207046509]",0.07223797589540482,0.030481906607747078,0.04751317948102951,0.11266905069351196,0.09611662477254868,4.805831238627434,0,0,0,0.4716673791408539,0.4970324635505676,0.9735805988311768,0.9085075855255127,0.9908538460731506,0.9799943566322327,-0.01580495946109295,-0.0,-0.0,0.0,0.0,0.0,0.0
131,2.62,131,"[-0.8034036755561829,0.21659217774868011,0.1473052054643631,1.1010856628417969,-0.4467816948890686,-0.10905592143535614,-0.6911012530326843,-0.3750035762786865,-0.10847512632608414,0.9537503719329834,-0.23254290223121643,0.1437600553035736,0.014045502990484238,-0.09960433095693588,-0.007116017863154411,-2.0982723236083984,1.0947357416152954,-1.2741304636001587,0.7483856081962585,0.17235347628593445,-0.25619906187057495,0.7111216187477112,-2.1635189056396484,-1.349763035774231,1.3589318990707397,0.6155356168746948,-0.3701781630516052,-0.2750266194343567,-0.8198230266571045]","[-0.6295848488807678,0.34063562750816345,0.19985762238502502,0.9470874667167664,-0.3204578757286072,-0.10086597502231598,-0.5758497714996338,-0.3208346664905548,-0.22193017601966858,0.8765764236450195,-0.1452818512916565,0.08015666902065277,0.0816771611571312,-0.05687322840094566,-0.015182580798864365,-2.134923219680786,1.07589590549469,-1.3456368446350098,0.7061299681663513,0.14981700479984283,-0.1432967633008957,0.8821883201599121,-2.206151247024536,-1.371212124824524,1.3978321552276611,0.5052635073661804,-0.3030897378921509,-0.016345832496881485,-0.7798471450805664]","[-0.8172497153282166,0.21812357008457184,-0.008031725883483887,1.1306673288345337,-0.3148287534713745,0.06680116057395935,0.0015631318092346191,0.001589953899383545,-0.0023523345589637756,0.0056996941566467285,-0.007318705320358276,-0.0022798776626586914,0.01883157528936863,-0.0024139881134033203,-0.02429911494255066,0.6482481956481934,-0.12485980987548828,0.22960305213928223,-0.9823471307754517,-0.38388147950172424,1.5335921049118042,0.4407808184623718,0.018274784088134766,-0.09275078773498535,-0.008913874626159668,-0.23833662271499634,0.025425106287002563,0.14505907893180847,0.05142688751220703]","[-0.50652676820755,-0.0003457428829278797,-0.06299018859863281,0.5310184359550476,-0.02386164478957653,-0.024515807628631592,-0.010719985701143742,-0.05765393748879433,0.01740606687963009,0.05439356714487076,-0.05866357684135437,0.035645369440317154,-0.21272416412830353,-0.05826440081000328,0.0856083407998085,0.056305401027202606,-0.24753066897392273,-0.006429946981370449,0.0058015272952616215,-0.09094229340553284,0.38111597299575806,0.01635703258216381,-0.021334972232580185,-0.000984175130724907,0.028296859934926033,0.14417962729930878,-0.07640443742275238,0.10182202607393265,-0.04272974655032158]","[-2.865229368209839,0.8610822558403015,0.5268710255622864,1.8970245122909546,-0.5459827780723572,-0.29776397347450256,-1.1613450050354004,-0.9819386005401611,-0.2626839876174927,1.5045065879821777,-0.010722428560256958,0.15964511036872864,0.360169917345047,-0.5806743502616882,6.0670647621154785,-0.5476795434951782,1.5709422826766968,-5.069071292877197,-0.16688768565654755,0.4422622323036194,-1.3143051862716675,-1.6227344274520874,-2.5275025367736816,-1.916719913482666,5.538320064544678,-0.5833743810653687,-0.7788975834846497,-1.4173349142074585,3.2592544555664062]",0.07192370295524597,0.031239526346325874,0.04741228371858597,0.11095522344112396,0.0963401347398758,4.81700673699379,0,0,0,0.47189825773239136,0.4968925416469574,0.9737306237220764,0.9112879633903503,0.9920944571495056,0.986463189125061,-0.015360253863036633,-0.0,-0.0,0.0,0.0,0.0,0.0
132,2.64,132,"[-0.8197486996650696,0.22095465660095215,0.14714457094669342,1.1236989498138428,-0.4530782997608185,-0.10771990567445755,-0.6910699605941772,-0.37497177720069885,-0.10852216929197311,0.953864336013794,-0.2326892763376236,0.14371445775032043,0.01442213449627161,-0.09965261071920395,-0.007602000143378973,-2.0853075981140137,1.092238426208496,-1.269538402557373,0.7287386655807495,0.16467584669589996,-0.22552718222141266,0.7199371457099915,-2.1631534099578857,-1.3516181707382202,1.3587535619735718,0.6107688546180725,-0.369669646024704,-0.2721254527568817,-0.8187945485115051]","[-0.641915500164032,0.34091562032699585,0.19813412427902222,0.9620181322097778,-0.3194395899772644,-0.10132980346679688,-0.5758923888206482,-0.322003036737442,-0.22133412957191467,0.8777148127555847,-0.14651994407176971,0.08063770085573196,0.07794021815061569,-0.05795493721961975,-0.013231378979980946,-2.1303534507751465,1.06919527053833,-1.3455185890197754,0.7063310146331787,0.14559504389762878,-0.1340741366147995,0.8913632035255432,-2.2065372467041016,-1.3711936473846436,1.3982832431793213,0.5078539252281189,-0.30485621094703674,-0.01387958787381649,-0.7804059982299805]","[-0.8172497153282166,0.21812394261360168,-0.008032470941543579,1.1306703090667725,-0.3148294985294342,0.06680116057395935,0.0015631318092346191,0.0015906989574432373,-0.0023525208234786987,0.0056996941566467285,-0.0073190778493881226,-0.0022798776626586914,0.01883159950375557,-0.0024139881134033203,-0.02429911494255066,0.6482422351837158,-0.12485980987548828,0.22960901260375977,-0.9823471307754517,-0.38388147950172424,1.5335932970046997,0.44077932834625244,0.018274784088134766,-0.09275078773498535,-0.008913874626159668,-0.23833662271499634,0.025425106287002563,0.14505907893180847,0.05142390727996826]","[-0.5693995952606201,0.008459676057100296,-0.06673749536275864,0.6431006193161011,0.04662586748600006,-0.02533620409667492,-0.007309426553547382,-0.056721653789281845,0.02253749780356884,0.05463896691799164,-0.06323868781328201,0.019594257697463036,-0.19458594918251038,-0.049481768161058426,0.08370976150035858,0.1711193174123764,-0.2892967164516449,0.10350080579519272,0.006652751471847296,-0.11547158658504486,0.43412578105926514,0.07962176948785782,-0.022483978420495987,-0.0008490191539749503,0.029200410470366478,0.12293629348278046,-0.08426827192306519,0.13012243807315826,-0.024264540523290634]","[-2.8905420303344727,0.8760674595832825,0.5235006809234619,1.9409679174423218,-0.556401252746582,-0.2995721399784088,-1.16018807888031,-1.0015772581100464,-0.25502490997314453,1.5108718872070312,-0.018929898738861084,0.1490994691848755,0.363869309425354,-0.5642494559288025,6.061347961425781,-0.4775688946247101,1.5046350955963135,-5.048331260681152,-0.19249825179576874,0.416498064994812,-1.2198255062103271,-1.6545910835266113,-2.5285723209381104,-1.8782904148101807,5.536535739898682,-0.6151373386383057,-0.772998034954071,-1.433843970298767,3.301654577255249]",0.07160066813230515,0.031910743564367294,0.047361843287944794,0.10994789004325867,0.09645740687847137,4.822870343923569,0,0,0,0.4721425473690033,0.49675050377845764,0.973829984664917,0.9120885133743286,0.993333101272583,0.9894750118255615,-0.014749402180314064,-0.0,-0.0,0.0,0.0,0.0,0.0
133,2.66,133,"[-0.8360936641693115,0.22531713545322418,0.14698390662670135,1.1463124752044678,-0.45937487483024597,-0.10638387501239777,-0.6910387277603149,-0.3749399483203888,-0.10856922715902328,0.9539783596992493,-0.23283566534519196,0.14366886019706726,0.014798766933381557,-0.09970089048147202,-0.008087982423603535,-2.07234263420105,1.0897413492202759,-1.2649461030960083,0.7090917229652405,0.15699821710586548,-0.19485533237457275,0.7287527918815613,-2.162787914276123,-1.3534730672836304,1.3585753440856934,0.606002151966095,-0.3691611588001251,-0.26922425627708435,-0.8177660703659058]","[-0.6556633114814758,0.34142929315567017,0.19695906341075897,0.9756799936294556,-0.3268136978149414,-0.10204817354679108,-0.5760921239852905,-0.323101669549942,-0.22100496292114258,0.8788737654685974,-0.14782851934432983,0.08085625618696213,0.0738590657711029,-0.0585709810256958,-0.011774399317800999,-2.1260530948638916,1.0624393224716187,-1.3438522815704346,0.706450879573822,0.14245939254760742,-0.12492139637470245,0.896349310874939,-2.2069668769836426,-1.371275782585144,1.3987983465194702,0.5103435516357422,-0.3068774342536926,-0.010929263196885586,-0.7806713581085205]","[-0.8172497153282166,0.21812394261360168,-0.008032470941543579,1.1306673288345337,-0.3148287534713745,0.06680116057395935,0.0015616416931152344,0.0015906989574432373,-0.002352893352508545,0.0056996941566467285,-0.0073190778493881226,-0.0022798776626586914,0.01883162185549736,-0.002413615584373474,-0.024299126118421555,0.6482541561126709,-0.12485384941101074,0.22960901260375977,-0.9823471307754517,-0.3838811218738556,1.5335921049118042,0.44077932834625244,0.018274784088134766,-0.09274780750274658,-0.008913874626159668,-0.23833513259887695,0.025425106287002563,0.14505982398986816,0.05142390727996826]","[-0.6987314820289612,0.04289904236793518,-0.07826831191778183,0.7601036429405212,-0.08064663410186768,-0.026041844859719276,-0.004829850513488054,-0.04875161498785019,0.027639297768473625,0.056173861026763916,-0.06585581600666046,0.006085504312068224,-0.1785978376865387,-0.030405009165406227,0.07944225519895554,0.3906502425670624,-0.42133358120918274,-0.05989169329404831,0.0141743840649724,-0.3599695861339569,0.48715120553970337,1.0133863687515259,-0.022358853369951248,0.0039597186259925365,0.029966501519083977,0.11992277204990387,-0.10403116792440414,0.15454263985157013,-0.007676176726818085]","[-2.9153099060058594,0.8926518559455872,0.5185394287109375,1.9953415393829346,-0.5717067122459412,-0.30095306038856506,-1.1667999029159546,-1.0180433988571167,-0.24723003804683685,1.5177266597747803,-0.027005255222320557,0.13903534412384033,0.3591500520706177,-0.5485051274299622,6.054113864898682,-0.42259278893470764,1.432013988494873,-5.025646686553955,-0.21936897933483124,0.3914433717727661,-1.1277313232421875,-1.6877672672271729,-2.5259671211242676,-1.8506556749343872,5.533198833465576,-0.638886034488678,-0.7706584930419922,-1.4453704357147217,3.3408749103546143]",0.07126478850841522,0.03241559863090515,0.04727477952837944,0.10802441835403442,0.0965157151222229,4.825785756111145,0,0,0,0.4723914861679077,0.4966350197792053,0.9739952087402344,0.9143613576889038,0.9939597845077515,0.9883335828781128,-0.013891033828258514,-0.0,-0.0,0.0,0.0,0.0,0.0
134,2.68,134,"[-0.8524386882781982,0.22967961430549622,0.14682327210903168,1.1689256429672241,-0.46567144989967346,-0.10504785925149918,-0.6910074949264526,-0.3749081492424011,-0.10861628502607346,0.9540923237800598,-0.23298203945159912,0.1436232626438141,0.015175399370491505,-0.09974915534257889,-0.008573965169489384,-2.059377431869507,1.0872442722320557,-1.2603540420532227,0.6894447803497314,0.1493206024169922,-0.16418349742889404,0.7375683188438416,-2.1624224185943604,-1.35532808303833,1.3583970069885254,0.6012354493141174,-0.3686526417732239,-0.266323059797287,-0.8167375922203064]","[-0.6707520484924316,0.3424491882324219,0.19541022181510925,0.9926877617835999,-0.32968103885650635,-0.10260315984487534,-0.5765647292137146,-0.32401013374328613,-0.22027313709259033,0.8801573514938354,-0.14928847551345825,0.08081234246492386,0.0704047754406929,-0.05935932323336601,-0.010487405583262444,-2.1202621459960938,1.0550895929336548,-1.3397876024246216,0.7064973711967468,0.13948634266853333,-0.11523361504077911,0.8994621634483337,-2.207252264022827,-1.3713855743408203,1.3993310928344727,0.5128207206726074,-0.3091540038585663,-0.007693377323448658,-0.7806957960128784]","[-0.8172556757926941,0.21812543272972107,-0.008032098412513733,1.1306732892990112,-0.3148309886455536,0.06680171936750412,0.0015631318092346191,0.0015906989574432373,-0.002352707087993622,0.0056996941566467285,-0.007318705320358276,-0.0022798776626586914,0.018831739202141762,-0.002413801848888397,-0.024299323558807373,0.6482541561126709,-0.12485682964324951,0.22960305213928223,-0.9823545813560486,-0.3838837146759033,1.5336040258407593,0.4407837986946106,0.018274784088134766,-0.09275078773498535,-0.008913874626159668,-0.23833811283111572,0.025425106287002563,0.14505982398986816,0.05142390727996826]","[-0.7239035964012146,0.03269655257463455,-0.03218735009431839,0.6211320757865906,-0.7029812932014465,-0.04365476220846176,-0.027142399922013283,-0.049782682210206985,0.012543436139822006,0.05959434062242508,-0.07282036542892456,-0.0034873648546636105,-0.21641863882541656,-0.018905673176050186,0.04340491071343422,0.25251996517181396,-0.3416168689727783,0.24008409678936005,0.0036482871510088444,-0.1010894775390625,0.45689457654953003,-0.028580596670508385,-0.02625308185815811,-0.008036923594772816,0.03467750921845436,0.123904287815094,-0.11045203357934952,0.16083471477031708,0.0019724108278751373]","[-2.9392154216766357,0.9103575348854065,0.5113348960876465,2.066622734069824,-0.5874279141426086,-0.300650030374527,-1.1888731718063354,-1.0345213413238525,-0.2391803115606308,1.526498794555664,-0.034320712089538574,0.131913959980011,0.3431403934955597,-0.5383748412132263,6.031120777130127,-0.3975101411342621,1.3510000705718994,-5.000356197357178,-0.2523609697818756,0.3646659851074219,-1.0398423671722412,-1.7281712293624878,-2.5197811126708984,-1.835591435432434,5.517570972442627,-0.6476867198944092,-0.7741362452507019,-1.4493088722229004,3.365954637527466]",0.07094813138246536,0.03293576091527939,0.047131601721048355,0.10635914653539658,0.09652258455753326,4.826129227876663,0,0,0,0.47262948751449585,0.49653249979019165,0.9741454124450684,0.9149806499481201,0.9926812648773193,0.9893578290939331,-0.014197701588273048,-0.0,-0.0,0.0,0.0,0.0,0.0
135,2.7,135,"[-0.8687838912010193,0.23404215276241302,0.1466626226902008,1.1915394067764282,-0.4719681143760681,-0.1037118062376976,-0.6909762024879456,-0.37487632036209106,-0.10866333544254303,0.9542063474655151,-0.2331284135580063,0.1435776650905609,0.015552036464214325,-0.09979744255542755,-0.00905995536595583,-2.046412467956543,1.084747076034546,-1.255761981010437,0.6697975397109985,0.14164286851882935,-0.13351117074489594,0.7463841438293457,-2.1620569229125977,-1.3571830987930298,1.358218789100647,0.5964686274528503,-0.368144154548645,-0.2634218633174896,-0.815709114074707]","[-0.6873646974563599,0.3437156081199646,0.19392473995685577,1.0114741325378418,-0.33316826820373535,-0.10314949601888657,-0.5771676898002625,-0.3249606490135193,-0.21934476494789124,0.881607711315155,-0.15087467432022095,0.08058255165815353,0.06689207255840302,-0.060272686183452606,-0.009012470953166485,-2.11348295211792,1.0466175079345703,-1.3361868858337402,0.7065460085868835,0.13482879102230072,-0.10505516827106476,0.906792163848877,-2.2074718475341797,-1.3714617490768433,1.3997383117675781,0.5152928233146667,-0.31180745363235474,-0.003881416516378522,-0.7805805802345276]","[-0.8172556757926941,0.21812506020069122,-0.008032098412513733,1.13067626953125,-0.3148309886455536,0.06680190563201904,0.0015631318092346191,0.0015906989574432373,-0.0023525208234786987,0.005701184272766113,-0.007318705320358276,-0.0022798776626586914,0.018831739202141762,-0.0024141743779182434,-0.024299301207065582,0.6482481956481934,-0.12485980987548828,0.22960305213928223,-0.9823545813560486,-0.38388410210609436,1.5336045026779175,0.44078528881073,0.018274784088134766,-0.09275078773498535,-0.008913874626159668,-0.23833811283111572,0.02542436122894287,0.14505982398986816,0.05142390727996826]","[-1.0533013343811035,0.11765515059232712,-0.15349803864955902,1.4512486457824707,0.2740297019481659,-0.00866891723126173,0.0013362782774493098,-0.03922772780060768,0.12754924595355988,0.08787258714437485,-0.0872846394777298,-0.01707754097878933,-0.08192333579063416,-0.11369505524635315,0.17065593600273132,0.28643861413002014,-0.3993951678276062,0.2363440990447998,-0.005701052490621805,-0.1829248070716858,0.5139539241790771,0.12811481952667236,0.008217818103730679,-0.003961686044931412,0.004681394435465336,0.12001776695251465,-0.14243507385253906,0.2117534726858139,-0.0017334019066765904]","[-2.954376459121704,0.9167881011962891,0.5063390135765076,2.1284019947052,-0.5829142332077026,-0.29874613881111145,-1.2035644054412842,-1.0525429248809814,-0.23905085027217865,1.5296025276184082,-0.04490581154823303,0.12490131705999374,0.3398205637931824,-0.5236886143684387,6.016674041748047,-0.3398738205432892,1.2758352756500244,-4.9861979484558105,-0.2753283679485321,0.34533917903900146,-0.9523975253105164,-1.7537081241607666,-2.5204851627349854,-1.7975035905838013,5.509042263031006,-0.6723610758781433,-0.7709557414054871,-1.445593237876892,3.387493371963501]",0.0705975666642189,0.03454512357711792,0.0469796322286129,0.10534637421369553,0.09659752994775772,4.829876497387886,0,0,0,0.47288551926612854,0.49622198939323425,0.974254310131073,0.9158497452735901,0.9929096102714539,0.9908932447433472,-0.013138113543391228,-0.0,-0.0,0.0,0.0,0.0,0.0
136,2.72,136,"[-0.885128915309906,0.23840461671352386,0.14650198817253113,1.2141526937484741,-0.4782646894454956,-0.10237578302621841,-0.6909449696540833,-0.3748445212841034,-0.1087103858590126,0.9543203711509705,-0.23327478766441345,0.14353206753730774,0.015928668901324272,-0.09984572231769562,-0.009545937180519104,-2.033447504043579,1.0822498798370361,-1.2511699199676514,0.6501505970954895,0.13396523892879486,-0.10283932089805603,0.7551997303962708,-2.161691427230835,-1.3590381145477295,1.358040452003479,0.5917019248008728,-0.36763566732406616,-0.26052066683769226,-0.8146806359291077]","[-0.7029332518577576,0.3447898030281067,0.1929425150156021,1.0265090465545654,-0.34091848134994507,-0.1038002222776413,-0.5780946612358093,-0.32584142684936523,-0.21884320676326752,0.8829962015151978,-0.15257792174816132,0.08018115907907486,0.06280343979597092,-0.06075362116098404,-0.00840107724070549,-2.1054317951202393,1.0380139350891113,-1.3310339450836182,0.7065904140472412,0.1302918642759323,-0.0951797366142273,0.9133304953575134,-2.2078959941864014,-1.371450424194336,1.400657057762146,0.5175901651382446,-0.31441882252693176,0.00034934619907289743,-0.7803497910499573]","[-0.8172512054443359,0.21812357008457184,-0.008032098412513733,1.1306673288345337,-0.3148287534713745,0.06680116057395935,0.0015616416931152344,0.0015906989574432373,-0.0023525208234786987,0.0056996941566467285,-0.007318705320358276,-0.0022798776626586914,0.01883162185549736,-0.0024139881134033203,-0.02429911494255066,0.6482481956481934,-0.12485682964324951,0.22960305213928223,-0.9823471307754517,-0.38388147950172424,1.5335925817489624,0.44077932834625244,0.018274784088134766,-0.09274780750274658,-0.008913874626159668,-0.23833513259887695,0.025425106287002563,0.14505907893180847,0.05142390727996826]","[-0.7631958723068237,0.03155236318707466,0.008667509071528912,0.46737292408943176,-1.1101065874099731,-0.055926792323589325,-0.04863994941115379,-0.05288258194923401,-0.01526158768683672,0.06485024094581604,-0.08106043934822083,-0.019291013479232788,-0.2763848602771759,0.007645067758858204,0.012231274507939816,0.4377053380012512,-0.4540599584579468,0.2835737466812134,0.006643619854003191,-0.24608251452445984,0.5021058917045593,0.41222140192985535,-0.03317466378211975,-0.003096085274592042,0.042230259627103806,0.11577288061380386,-0.13282017409801483,0.21135744452476501,0.015348918735980988]","[-2.969637155532837,0.9362244606018066,0.49408721923828125,2.181626081466675,-0.6084510087966919,-0.2990324795246124,-1.2320399284362793,-1.0627518892288208,-0.2383011430501938,1.533081293106079,-0.05724191665649414,0.1180868074297905,0.3248246908187866,-0.48393985629081726,5.989645957946777,-0.30658283829689026,1.196545958518982,-4.960480690002441,-0.3077727258205414,0.3208546042442322,-0.8681854605674744,-1.7984752655029297,-2.513463020324707,-1.7818007469177246,5.511763095855713,-0.6762840151786804,-0.774309515953064,-1.4336528778076172,3.4084079265594482]",0.07027468085289001,0.03510879725217819,0.046807724982500076,0.10376878827810287,0.09640225768089294,4.820112884044647,0,0,0,0.47312965989112854,0.4960792064666748,0.9745261669158936,0.9164735674858093,0.9901043772697449,0.9836107492446899,-0.013810889795422554,-0.0,-0.0,0.0,0.0,0.0,0.0
137,2.74,137,"[-0.9014739394187927,0.2427670955657959,0.14634133875370026,1.2367660999298096,-0.4845612645149231,-0.10103975981473923,-0.690913736820221,-0.37481269240379333,-0.10875743627548218,0.954434335231781,-0.23342116177082062,0.14348646998405457,0.01630530133843422,-0.09989400207996368,-0.010031919926404953,-2.0204825401306152,1.079752802848816,-1.2465778589248657,0.6305036544799805,0.12628760933876038,-0.07216747105121613,0.7640153169631958,-2.1613259315490723,-1.3608930110931396,1.3578622341156006,0.5869352221488953,-0.3671271502971649,-0.2576195001602173,-0.8136521577835083]","[-0.7219294905662537,0.34655967354774475,0.19116277992725372,1.0462177991867065,-0.34495410323143005,-0.10431390255689621,-0.5795997977256775,-0.32665470242500305,-0.2180538922548294,0.8847810626029968,-0.15448890626430511,0.07961797714233398,0.05908343940973282,-0.0617230087518692,-0.007675869390368462,-2.098146915435791,1.0289589166641235,-1.325414776802063,0.7065303325653076,0.126468226313591,-0.08493935316801071,0.9177793860435486,-2.208042860031128,-1.3715174198150635,1.401106595993042,0.5202718377113342,-0.31744515895843506,0.004835877101868391,-0.780015230178833]","[-0.8158192038536072,0.21780692040920258,-0.012763962149620056,1.0845363140106201,-0.2715781331062317,0.08111558854579926,0.0012814998626708984,0.0013463199138641357,-0.0019807368516921997,0.004710257053375244,-0.006041675806045532,-0.0019356608390808105,0.01833103597164154,-0.0031074509024620056,-0.02798817679286003,0.6257236003875732,-0.23557841777801514,0.2716153860092163,-0.7881984114646912,-0.34896284341812134,1.4117399454116821,0.4683941602706909,0.008851289749145508,-0.05688667297363281,-0.004184246063232422,-0.1421704888343811,0.016189366579055786,0.08467882871627808,0.03199130296707153]","[-1.0181708335876465,0.10990544408559799,-0.13870085775852203,1.2358582019805908,0.13017770648002625,-0.012784677557647228,-0.060265496373176575,-0.030845671892166138,0.06936028599739075,0.09524280577898026,-0.09954285621643066,-0.031388625502586365,-0.13141316175460815,-0.061401065438985825,0.07132624834775925,0.49611109495162964,-0.521973729133606,0.12019234895706177,-0.0038809627294540405,-0.3643036186695099,0.5073918104171753,0.9401391744613647,0.00017760829359758645,0.00583250354975462,0.014228753745555878,0.13749536871910095,-0.16177622973918915,0.23001620173454285,0.02070813812315464]","[-2.9918525218963623,0.9430363774299622,0.4880291223526001,2.259333848953247,-0.603360116481781,-0.29793086647987366,-1.2547032833099365,-1.0878326892852783,-0.23352693021297455,1.5408320426940918,-0.06871595978736877,0.11273885518312454,0.3199514150619507,-0.477213054895401,5.966718673706055,-0.27566441893577576,1.1144180297851562,-4.946958065032959,-0.3257250487804413,0.3145827651023865,-0.7921047210693359,-1.8188178539276123,-2.515716791152954,-1.7476903200149536,5.491593837738037,-0.6893048286437988,-0.7733662724494934,-1.4237074851989746,3.4067227840423584]",0.06999752670526505,0.03606730327010155,0.046541728079319,0.10252685844898224,0.09655068814754486,4.827534407377243,0,0,0,0.4733543395996094,0.49589940905570984,0.9747952222824097,0.9180866479873657,0.990024745464325,0.98783278465271,-0.012458909302949905,-0.0,-0.0,0.0,0.0,0.0,0.0
138,2.7600000000000002,138,"[-0.9177616834640503,0.24711689352989197,0.14599142968654633,1.257534146308899,-0.4891278147697449,-0.09913115948438644,-0.6908937096595764,-0.37479066848754883,-0.10878961533308029,0.9545087814331055,-0.23351645469665527,0.1434546411037445,0.016661910340189934,-0.0999700203537941,-0.010665464214980602,-2.008418560028076,1.0728267431259155,-1.2403053045272827,0.6186226606369019,0.12000672519207001,-0.04636972397565842,0.7739354968070984,-2.161337375640869,-1.3613135814666748,1.3578730821609497,0.5860151052474976,-0.36698809266090393,-0.25713351368904114,-0.8134009838104248]","[-0.7415525317192078,0.3483622670173645,0.1889767348766327,1.0676038265228271,-0.34906336665153503,-0.10479850322008133,-0.5817819237709045,-0.3272942900657654,-0.21686464548110962,0.8869127631187439,-0.15668855607509613,0.0789075642824173,0.05593099072575569,-0.06266409158706665,-0.007409216836094856,-2.0887346267700195,1.0192621946334839,-1.3182796239852905,0.7065853476524353,0.1233033686876297,-0.07468970119953156,0.924635112285614,-2.2082884311676025,-1.3711436986923218,1.4015265703201294,0.5234021544456482,-0.3209487199783325,0.009316066280007362,-0.7794277667999268]","[-0.8129596710205078,0.2171739935874939,-0.022226572036743164,0.9922683238983154,-0.18507689237594604,0.10974463075399399,0.0007197260856628418,0.0008575618267059326,-0.0012371689081192017,0.0027313828468322754,-0.00348798930644989,-0.0012472271919250488,0.0173298642039299,-0.004494562745094299,-0.035366278141736984,0.5806893110275269,-0.4570215940475464,0.35563409328460693,-0.3998994827270508,-0.2791263163089752,1.1680350303649902,0.5236208438873291,-0.009995698928833008,0.014835596084594727,0.00527501106262207,0.05016028881072998,-0.002282857894897461,-0.03608018159866333,-0.006876885890960693]","[-0.8934233784675598,0.06845564395189285,-0.06632807850837708,0.8072855472564697,-0.4690347909927368,-0.033658210188150406,-0.11938144266605377,-0.03949602693319321,0.031077858060598373,0.10278379917144775,-0.10983456671237946,-0.03529297560453415,-0.19864903390407562,-0.020580343902111053,-0.01596219837665558,0.6049575209617615,-0.5376426577568054,0.23315107822418213,0.008478737436234951,-0.29334384202957153,0.48581740260124207,0.9954423308372498,-0.028545226901769638,0.021037908270955086,0.030103487893939018,0.15141242742538452,-0.17619206011295319,0.2215837687253952,0.035562749952077866]","[-3.0235559940338135,0.9700004458427429,0.46952342987060547,2.3069686889648438,-0.6516096591949463,-0.3037404716014862,-1.293105125427246,-1.1101024150848389,-0.22046838700771332,1.5474932193756104,-0.08703634142875671,0.10780992358922958,0.3110731840133667,-0.44134852290153503,5.926902770996094,-0.2847072184085846,1.0200681686401367,-4.916494846343994,-0.3399569094181061,0.3187894821166992,-0.7372206449508667,-1.8556809425354004,-2.512418508529663,-1.7422211170196533,5.488969802856445,-0.667855978012085,-0.7889775633811951,-1.4114723205566406,3.393094539642334]",0.06981001049280167,0.03700190410017967,0.04614267498254776,0.10135336220264435,0.09658388048410416,4.829194024205208,0,0,0,0.4735070765018463,0.49568793177604675,0.9752858281135559,0.9187546372413635,0.9920560717582703,0.9877981543540955,-0.013895640149712563,-0.0,-0.0,0.0,0.0,0.0,0.0
139,2.7800000000000002,139,"[-0.933992326259613,0.25145405530929565,0.14545227587223053,1.2764568328857422,-0.49196434020996094,-0.09664997458457947,-0.6908849477767944,-0.3747783899307251,-0.10880692303180695,0.9545435905456543,-0.2335606813430786,0.14343658089637756,0.016998495906591415,-0.10007378458976746,-0.011446570977568626,-1.9972549676895142,1.061471939086914,-1.2323524951934814,0.6145076751708984,0.11512255668640137,-0.025446072220802307,0.784960150718689,-2.1617257595062256,-1.3602995872497559,1.3580732345581055,0.5889416337013245,-0.3672184646129608,-0.2590627074241638,-0.8139272332191467]","[-0.764399528503418,0.35009458661079407,0.1867062747478485,1.0901732444763184,-0.35593339800834656,-0.10547691583633423,-0.5849198698997498,-0.32791098952293396,-0.2152075320482254,0.8895257711410522,-0.15912091732025146,0.07812178134918213,0.053072232753038406,-0.0638464093208313,-0.007532901596277952,-2.078888177871704,1.0091044902801514,-1.3098920583724976,0.7067863345146179,0.12158907204866409,-0.06439591944217682,0.9310029745101929,-2.2086751461029053,-1.3705027103424072,1.4018422365188599,0.5272129774093628,-0.3249780833721161,0.013617000542581081,-0.7786763906478882]","[-0.8115306496620178,0.21685734391212463,-0.02695806324481964,0.9461343288421631,-0.14182627201080322,0.12405924499034882,0.0004380941390991211,0.0006131827831268311,-0.0008655712008476257,0.001741945743560791,-0.002210959792137146,-0.000903010368347168,0.01682927832007408,-0.005188398063182831,-0.03905531391501427,0.5581766366958618,-0.5677402019500732,0.39764344692230225,-0.2057477831840515,-0.244208425283432,1.046182632446289,0.5512326955795288,-0.019419193267822266,0.050699710845947266,0.010007619857788086,0.14632642269134521,-0.011518597602844238,-0.09646043181419373,-0.02631247043609619]","[-1.089582920074463,0.09748464822769165,-0.13013491034507751,1.0991102457046509,0.01970553584396839,-0.02351958490908146,-0.1644829660654068,-0.02662029303610325,0.10202094167470932,0.1317577064037323,-0.12549294531345367,-0.04002854973077774,-0.12854769825935364,-0.06435612589120865,-0.017216496169567108,0.6192944645881653,-0.546214759349823,0.26598820090293884,0.01313801109790802,-0.21326887607574463,0.4817734360694885,0.9735273122787476,-0.021176930516958237,0.04843303561210632,0.027863865718245506,0.19208300113677979,-0.19965949654579163,0.21668075025081635,0.0375228188931942]","[-3.051058053970337,0.9880889058113098,0.4558490514755249,2.3673746585845947,-0.6781637668609619,-0.3071887195110321,-1.3249781131744385,-1.138616919517517,-0.20547638833522797,1.5490713119506836,-0.10039938986301422,0.10386533290147781,0.3019249439239502,-0.4202297627925873,5.890198230743408,-0.28900083899497986,0.9255922436714172,-4.897282600402832,-0.34351077675819397,0.32733362913131714,-0.6898988485336304,-1.8830325603485107,-2.506476879119873,-1.727425456047058,5.481569766998291,-0.6482251286506653,-0.8012061715126038,-1.396644115447998,3.3760769367218018]",0.06972219049930573,0.03819502517580986,0.0455983504652977,0.09947828948497772,0.09670035541057587,4.835017770528793,0,0,0,0.47359898686408997,0.4954455494880676,0.9758820533752441,0.9208553433418274,0.9916993975639343,0.9892879128456116,-0.011751698330044746,-0.0,-0.0,0.0,0.0,0.0,0.0
140,2.8000000000000003,140,"[-0.950222909450531,0.25579118728637695,0.14491310715675354,1.2953795194625854,-0.494800865650177,-0.09416878968477249,-0.6908761858940125,-0.37476614117622375,-0.1088242381811142,0.9545784592628479,-0.23360489308834076,0.14341852068901062,0.017335081472992897,-0.10017755627632141,-0.012227676808834076,-1.9860914945602417,1.0501171350479126,-1.2243995666503906,0.6103927493095398,0.11023838818073273,-0.004522421397268772,0.7959848046302795,-2.162114143371582,-1.359285593032837,1.3582733869552612,0.5918681621551514,-0.3674488365650177,-0.2609919309616089,-0.8144534826278687]","[-0.783708393573761,0.35192379355430603,0.18466714024543762,1.1111260652542114,-0.3545685410499573,-0.10595179349184036,-0.5889481902122498,-0.32826539874076843,-0.21334028244018555,0.8923056125640869,-0.16169698536396027,0.07730232179164886,0.05049385130405426,-0.06496623158454895,-0.008750995621085167,-2.0685245990753174,0.9987399578094482,-1.3011093139648438,0.7071413993835449,0.12064614146947861,-0.054612401872873306,0.9369899034500122,-2.2089459896087646,-1.3696672916412354,1.4023438692092896,0.5314467549324036,-0.32917582988739014,0.017712874338030815,-0.7778581976890564]","[-0.8115291595458984,0.21685659885406494,-0.026958435773849487,0.9461373090744019,-0.14182701706886292,0.12405924499034882,0.00043660402297973633,0.0006124377250671387,-0.0008655712008476257,0.001741945743560791,-0.002210959792137146,-0.000903010368347168,0.01682927832007408,-0.005188398063182831,-0.03905531391501427,0.5581706762313843,-0.5677402019500732,0.39764344692230225,-0.2057477831840515,-0.24420824646949768,1.046182632446289,0.5512326955795288,-0.019419193267822266,0.050699710845947266,0.010004639625549316,0.14632642269134521,-0.011518597602844238,-0.09646117687225342,-0.02631247043609619]","[-0.932063639163971,0.0931641012430191,-0.10226421058177948,1.0579605102539062,0.09186451882123947,-0.023533787578344345,-0.18473848700523376,-0.011708122678101063,0.0974644348025322,0.1381918042898178,-0.1288290023803711,-0.04074477776885033,-0.11605142056941986,-0.046082790940999985,-0.043629445135593414,0.6216848492622375,-0.5629335641860962,0.26814475655555725,0.01821618713438511,-0.18697291612625122,0.45556265115737915,0.964597225189209,-0.01739804446697235,0.051256585866212845,0.02476157248020172,0.21497203409671783,-0.21794477105140686,0.20749883353710175,0.042689792811870575]","[-3.0678346157073975,1.0084326267242432,0.4440206289291382,2.422023057937622,-0.7068332433700562,-0.3082973062992096,-1.3549100160598755,-1.1642216444015503,-0.19132743775844574,1.5470678806304932,-0.11004592478275299,0.1003168448805809,0.28524062037467957,-0.3868442475795746,5.8511223793029785,-0.28906121850013733,0.8340345025062561,-4.878105163574219,-0.35243555903434753,0.32220178842544556,-0.6413426995277405,-1.9185149669647217,-2.4929237365722656,-1.7174570560455322,5.482295513153076,-0.6261955499649048,-0.809477686882019,-1.3762078285217285,3.3686060905456543]",0.06977660953998566,0.03953487426042557,0.04506784304976463,0.09866781532764435,0.0966961607336998,4.83480803668499,0,0,0,0.47358226776123047,0.49514123797416687,0.9764841794967651,0.9213401675224304,0.9912393093109131,0.9886256456375122,-0.011605074629187584,-0.0,-0.0,0.0,0.0,0.0,0.0
141,2.82,141,"[-0.966453492641449,0.26012831926345825,0.14437393844127655,1.3143023252487183,-0.49763742089271545,-0.09168760478496552,-0.6908674836158752,-0.3747538924217224,-0.10884154587984085,0.9546132683753967,-0.2336491197347641,0.14340046048164368,0.01767166703939438,-0.10028132051229477,-0.0130087835714221,-1.9749281406402588,1.0387623310089111,-1.2164467573165894,0.6062777638435364,0.10535422712564468,0.016401229426264763,0.8070094585418701,-2.1625025272369385,-1.358271598815918,1.3584734201431274,0.5947946906089783,-0.3676792085170746,-0.26292115449905396,-0.8149797320365906]","[-0.8048815727233887,0.3537362515926361,0.18290875852108002,1.1332261562347412,-0.3631017506122589,-0.10667899250984192,-0.5923982262611389,-0.32854384183883667,-0.2108776867389679,0.895262598991394,-0.1642955243587494,0.07646588981151581,0.04854578897356987,-0.06630566716194153,-0.00894402526319027,-2.05819034576416,0.9883430004119873,-1.2921932935714722,0.7076021432876587,0.11993139237165451,-0.04543982073664665,0.9427449703216553,-2.2091784477233887,-1.3684207201004028,1.4027425050735474,0.5362778306007385,-0.3335764706134796,0.021784868091344833,-0.7771077752113342]","[-0.8115291595458984,0.21685734391212463,-0.02695806324481964,0.9461373090744019,-0.1418277621269226,0.12405924499034882,0.00043660402297973633,0.0006131827831268311,-0.0008653849363327026,0.0017404556274414062,-0.002210959792137146,-0.000903010368347168,0.01682927832007408,-0.005188211798667908,-0.03905531391501427,0.5581706762313843,-0.567743182182312,0.39764344692230225,-0.2057492733001709,-0.24420824646949768,1.0461825132369995,0.5512326955795288,-0.019419193267822266,0.050699710845947266,0.010004639625549316,0.14632642269134521,-0.011518597602844238,-0.09646117687225342,-0.02631247043609619]","[-1.0638507604599,0.12486694753170013,-0.13160373270511627,1.2313544750213623,-0.03428396210074425,-0.02351572923362255,-0.15576116740703583,0.0001860499760368839,0.1456557661294937,0.14811912178993225,-0.12869767844676971,-0.04211702197790146,-0.06796500831842422,-0.06645799428224564,0.005842689890414476,0.6214095950126648,-0.5466016530990601,0.2627403438091278,0.021114544942975044,-0.17347587645053864,0.418161541223526,0.9544099569320679,-0.001881383708678186,0.09964385628700256,0.021585436537861824,0.2626818120479584,-0.21744778752326965,0.19991113245487213,0.034117430448532104]","[-3.082233190536499,1.0311529636383057,0.4365176558494568,2.4739739894866943,-0.7334811091423035,-0.3122285306453705,-1.3731456995010376,-1.1905969381332397,-0.17168830335140228,1.5456609725952148,-0.11441977322101593,0.09558219462633133,0.2710214853286743,-0.3555130064487457,5.820735454559326,-0.2769089639186859,0.7515165209770203,-4.854036808013916,-0.3559552729129791,0.31464827060699463,-0.5865302681922913,-1.956885576248169,-2.482362747192383,-1.701283574104309,5.480528831481934,-0.6153736710548401,-0.8081069588661194,-1.354360580444336,3.3751323223114014]",0.06985237449407578,0.04114481806755066,0.04451587051153183,0.09708154946565628,0.09672965109348297,4.836482554674149,0,0,0,0.4735398590564728,0.49477213621139526,0.9770764708518982,0.9224969744682312,0.989720344543457,0.9893096685409546,-0.010433179326355457,-0.0,-0.0,0.0,0.0,0.0,0.0
142,2.84,142,"[-0.9826840758323669,0.26446548104286194,0.14383478462696075,1.3332250118255615,-0.5004739761352539,-0.08920641988515854,-0.6908587217330933,-0.3747416138648987,-0.1088588535785675,0.9546480774879456,-0.23369333148002625,0.14338240027427673,0.01800825260579586,-0.10038508474826813,-0.01378988940268755,-1.9637646675109863,1.0274074077606201,-1.2084938287734985,0.602162778377533,0.10047005861997604,0.03732487931847572,0.8180341124534607,-2.162890911102295,-1.357257604598999,1.3586735725402832,0.5977212190628052,-0.36790958046913147,-0.264850378036499,-0.8155059814453125]","[-0.825149416923523,0.3556024730205536,0.18158359825611115,1.1533317565917969,-0.3715275526046753,-0.1074446514248848,-0.5958398580551147,-0.328837126493454,-0.20828770101070404,0.898158848285675,-0.16680338978767395,0.07565879076719284,0.04672503471374512,-0.06756598502397537,-0.009453261271119118,-2.0469279289245605,0.9776023626327515,-1.2833223342895508,0.7079553604125977,0.11954176425933838,-0.038074593991041183,0.922218382358551,-2.2093334197998047,-1.3667731285095215,1.4035074710845947,0.5414512753486633,-0.3377857208251953,0.02581256814301014,-0.7763910889625549]","[-0.8115306496620178,0.21685734391212463,-0.02695806324481964,0.9461343288421631,-0.14182701706886292,0.12405924499034882,0.0004380941390991211,0.0006131827831268311,-0.0008653849363327026,0.001741945743560791,-0.0022105872631073,-0.000903010368347168,0.01682927832007408,-0.005188211798667908,-0.03905531391501427,0.558173656463623,-0.567743182182312,0.39764344692230225,-0.2057492733001709,-0.244208425283432,1.046182632446289,0.5512326955795288,-0.019419193267822266,0.050699710845947266,0.010007619857788086,0.14632642269134521,-0.011518597602844238,-0.09646117687225342,-0.02631247043609619]","[-0.8868475556373596,0.0848395973443985,-0.036921676248311996,0.8096926212310791,-0.2968117296695709,-0.03735979646444321,-0.17336638271808624,-0.017714332789182663,0.10296845436096191,0.13640569150447845,-0.12069492787122726,-0.038922905921936035,-0.14276902377605438,-0.05564920976758003,-0.03701256960630417,0.5660486817359924,-0.5536789298057556,0.5995361804962158,0.030196957290172577,0.002622251631692052,0.39218804240226746,0.38727644085884094,-0.011572050862014294,0.07999838143587112,0.04292462766170502,0.24582286179065704,-0.19670943915843964,0.20695681869983673,0.02909686230123043]","[-3.0940840244293213,1.0499030351638794,0.42881643772125244,2.531430959701538,-0.7498354315757751,-0.3135633170604706,-1.3993144035339355,-1.2132411003112793,-0.1565486043691635,1.5409975051879883,-0.12002812325954437,0.09321699291467667,0.2527960538864136,-0.3216284215450287,5.784866809844971,-0.2624960243701935,0.6734505295753479,-4.8347249031066895,-0.3605048358440399,0.30346089601516724,-0.5302661657333374,-1.997215747833252,-2.4737653732299805,-1.6847774982452393,5.4778265953063965,-0.6078544855117798,-0.8073552846908569,-1.3232715129852295,3.3776915073394775]",0.06998560577630997,0.04274476319551468,0.04399377480149269,0.09406790137290955,0.09685257077217102,4.842628538608551,0,0,0,0.4734470844268799,0.49438998103141785,0.9776560664176941,0.9259561896324158,0.99142986536026,0.9904349446296692,-0.010685591027140617,-0.0,-0.0,0.0,0.0,0.0,0.0
143,2.86,143,"[-0.9989147186279297,0.26880261301994324,0.14329561591148376,1.3521476984024048,-0.50331050157547,-0.08672523498535156,-0.6908499598503113,-0.37472936511039734,-0.10887616127729416,0.9546829462051392,-0.2337375432252884,0.1433643400669098,0.018344838172197342,-0.10048884898424149,-0.014570996165275574,-1.9526011943817139,1.0160526037216187,-1.2005410194396973,0.5980477929115295,0.0955858901143074,0.05824853107333183,0.8290587663650513,-2.1632792949676514,-1.35624361038208,1.358873724937439,0.6006477475166321,-0.36813995242118835,-0.2667796015739441,-0.8160322308540344]","[-0.8443813920021057,0.35859936475753784,0.1789764165878296,1.1769795417785645,-0.3667929172515869,-0.10771400481462479,-0.5989012122154236,-0.32882794737815857,-0.20430494844913483,0.9009989500045776,-0.16927099227905273,0.07481822371482849,0.04534822702407837,-0.069420725107193,-0.009430456906557083,-2.0355618000030518,0.9680087566375732,-1.2735004425048828,0.7085941433906555,0.11951904743909836,-0.030468324199318886,0.9406539797782898,-2.209167718887329,-1.3629282712936401,1.4048963785171509,0.5470407009124756,-0.34124642610549927,0.03067825175821781,-0.776242733001709]","[-0.8115306496620178,0.21685734391212463,-0.026958435773849487,0.9461343288421631,-0.14182627201080322,0.12405924499034882,0.0004380941390991211,0.0006131827831268311,-0.0008653849363327026,0.001741945743560791,-0.002210959792137146,-0.0009026378393173218,0.01682927832007408,-0.005188211798667908,-0.03905531391501427,0.558173656463623,-0.5677402019500732,0.39764344692230225,-0.2057492733001709,-0.24420824646949768,1.0461825132369995,0.5512326955795288,-0.019419193267822266,0.050696730613708496,0.010004639625549316,0.14632493257522583,-0.011518597602844238,-0.09646117687225342,-0.02631247043609619]","[-0.7610850930213928,0.1113651916384697,-0.099372997879982,0.8887609243392944,0.17736384272575378,-0.013486689887940884,-0.17068740725517273,-0.021476011723279953,0.19081531465053558,0.13119082152843475,-0.1202419251203537,-0.041448742151260376,-0.09820126742124557,-0.11175892502069473,-0.029860762879252434,0.5052975416183472,-0.43191027641296387,0.5222101807594299,0.031802285462617874,0.08426675200462341,0.360506534576416,0.6242772936820984,-0.002551762154325843,0.15961824357509613,0.10755813866853714,0.2318134903907776,-0.13929489254951477,0.26395493745803833,-0.002709370106458664]","[-3.1017515659332275,1.063170313835144,0.42824220657348633,2.5823001861572266,-0.7489128112792969,-0.3136480152606964,-1.4042913913726807,-1.2396893501281738,-0.1432090848684311,1.5319933891296387,-0.12285424768924713,0.08772725611925125,0.2514023184776306,-0.28854280710220337,5.760067939758301,-0.2147866189479828,0.6090214252471924,-4.826429843902588,-0.3556384742259979,0.2932266592979431,-0.4690886437892914,-2.0320022106170654,-2.4640066623687744,-1.646060585975647,5.4764580726623535,-0.6197499632835388,-0.7951692938804626,-1.2925992012023926,3.395423173904419]",0.07022175937891006,0.044391900300979614,0.04350627586245537,0.09475117176771164,0.09687721729278564,4.843860864639282,0,0,0,0.47328925132751465,0.4939442574977875,0.9781774282455444,0.9244654178619385,0.993495523929596,0.9906265735626221,-0.010137652978301048,-0.0,-0.0,0.0,0.0,0.0,0.0
144,2.88,144,"[-1.0151453018188477,0.2731397747993469,0.14275644719600677,1.371070384979248,-0.506147027015686,-0.08424405008554459,-0.6908411979675293,-0.3747170865535736,-0.10889346897602081,0.954717755317688,-0.23378176987171173,0.14334629476070404,0.018681423738598824,-0.10059261322021484,-0.015352101996541023,-1.9414377212524414,1.0046977996826172,-1.1925880908966064,0.5939328074455261,0.09070172905921936,0.07917217910289764,0.8400834202766418,-2.163667678833008,-1.3552297353744507,1.3590737581253052,0.6035742163658142,-0.36837032437324524,-0.26870882511138916,-0.8165584802627563]","[-0.8636858463287354,0.3610988259315491,0.17763902246952057,1.196610450744629,-0.38072681427001953,-0.10859508067369461,-0.6009571552276611,-0.32948338985443115,-0.2013937085866928,0.9036102294921875,-0.1714707463979721,0.07403309643268585,0.043275415897369385,-0.07118333131074905,-0.008857949636876583,-2.0248911380767822,0.9590342044830322,-1.2648694515228271,0.7092148661613464,0.12019288539886475,-0.023814933374524117,0.9566509127616882,-2.209167957305908,-1.3595147132873535,1.4066028594970703,0.5515846610069275,-0.34373894333839417,0.035763949155807495,-0.776159405708313]","[-0.8115291595458984,0.21685734391212463,-0.02695806324481964,0.9461373090744019,-0.14182627201080322,0.12405924499034882,0.0004380941390991211,0.0006131827831268311,-0.0008653849363327026,0.0017404556274414062,-0.002210959792137146,-0.0009026378393173218,0.01682927832007408,-0.005188398063182831,-0.039055339992046356,0.558173656463623,-0.5677416920661926,0.39764344692230225,-0.2057477831840515,-0.24420824646949768,1.0461825132369995,0.5512341856956482,-0.019419193267822266,0.050696730613708496,0.010004639625549316,0.14632493257522583,-0.011517852544784546,-0.09646043181419373,-0.02631247043609619]","[-0.8932095170021057,0.1250879168510437,-0.06111814081668854,0.9763458371162415,-0.17914293706417084,-0.037259798496961594,-0.09288876503705978,-0.03826095163822174,0.1380251944065094,0.12078990787267685,-0.10561715066432953,-0.03898157924413681,-0.09809356182813644,-0.09381704777479172,0.012824331410229206,0.5152029991149902,-0.4102640151977539,0.48438358306884766,0.031216513365507126,0.10650021582841873,0.3229491114616394,0.4280661642551422,0.007921936921775341,0.1695406436920166,0.11074021458625793,0.20143786072731018,-0.10612329095602036,0.2675628662109375,-0.002295530866831541]","[-3.121086359024048,1.0836430788040161,0.42907238006591797,2.632465362548828,-0.7685503959655762,-0.3204599916934967,-1.40999174118042,-1.2605394124984741,-0.1273631900548935,1.5308566093444824,-0.12354394793510437,0.08220363408327103,0.23672810196876526,-0.2536846101284027,5.743100643157959,-0.18021264672279358,0.526641309261322,-4.797882556915283,-0.3556891977787018,0.284418523311615,-0.4023456275463104,-2.069591760635376,-2.4546022415161133,-1.630519986152649,5.467235088348389,-0.6310279965400696,-0.7838865518569946,-1.2665772438049316,3.4161949157714844]",0.0703808143734932,0.04587831720709801,0.04306461289525032,0.09436456114053726,0.09687115252017975,4.843557626008987,0,0,0,0.47316354513168335,0.4935094714164734,0.9786304831504822,0.923662006855011,0.9937253594398499,0.9922326803207397,-0.011365623213350773,-0.0,-0.0,0.0,0.0,0.0,0.0
145,2.9,145,"[-1.0313758850097656,0.2774769067764282,0.14221729338169098,1.3899931907653809,-0.5089835524559021,-0.08176286518573761,-0.6908324360847473,-0.37470483779907227,-0.10891077667474747,0.9547525644302368,-0.23382598161697388,0.1433282345533371,0.019018009305000305,-0.1006963849067688,-0.016133209690451622,-1.930274248123169,0.993342936038971,-1.1846352815628052,0.5898178815841675,0.08581756055355072,0.10009583085775375,0.8511081337928772,-2.1640560626983643,-1.3542157411575317,1.359273910522461,0.6065007448196411,-0.36860066652297974,-0.27063801884651184,-0.8170847296714783]","[-0.8797504901885986,0.36382198333740234,0.1755940318107605,1.2165932655334473,-0.3786018192768097,-0.10903611779212952,-0.6026983261108398,-0.33021894097328186,-0.19861191511154175,0.9058321118354797,-0.17340750992298126,0.07327315211296082,0.04192456230521202,-0.07280851155519485,-0.008955681696534157,-2.0134592056274414,0.9506017565727234,-1.2584894895553589,0.7098670601844788,0.12042562663555145,-0.017352815717458725,0.948318362236023,-2.2089426517486572,-1.3559519052505493,1.4090561866760254,0.5552656054496765,-0.3453158438205719,0.04091578722000122,-0.7759808897972107]","[-0.8115291595458984,0.21685659885406494,-0.02695806324481964,0.9461373090744019,-0.14182627201080322,0.12405924499034882,0.0004380941390991211,0.0006124377250671387,-0.0008655712008476257,0.001741945743560791,-0.002210959792137146,-0.000903010368347168,0.01682927832007408,-0.005188398063182831,-0.039055339992046356,0.5581706762313843,-0.5677416920661926,0.39764344692230225,-0.2057477831840515,-0.244208425283432,1.046182632446289,0.5512341856956482,-0.019419193267822266,0.050699710845947266,0.010007619857788086,0.14632642269134521,-0.011517852544784546,-0.09646043181419373,-0.02631247043609619]","[-0.9486321210861206,0.19045791029930115,-0.1677640676498413,1.3292896747589111,0.4097106456756592,-0.010573793202638626,-0.046967580914497375,-0.01837249845266342,0.1897272765636444,0.11424466222524643,-0.09850205481052399,-0.03831568360328674,0.013446502387523651,-0.07512256503105164,0.02110498771071434,0.5347890853881836,-0.3156934678554535,0.18647943437099457,0.01603352092206478,0.08571155369281769,0.2631010413169861,-3.639329671859741,0.028927871957421303,0.2668857276439667,0.13735687732696533,0.23211990296840668,-0.07833165675401688,0.2567053735256195,0.009431177750229836]","[-3.1369307041168213,1.0964072942733765,0.42235636711120605,2.694737195968628,-0.7718583345413208,-0.3209116756916046,-1.432185411453247,-1.2785286903381348,-0.11414287984371185,1.5272979736328125,-0.12856680154800415,0.08187910914421082,0.21639132499694824,-0.22536785900592804,5.7183098793029785,-0.1531170904636383,0.4471501111984253,-4.774425983428955,-0.3582824766635895,0.2761879563331604,-0.3378954827785492,-2.09853196144104,-2.4470722675323486,-1.6141878366470337,5.45456075668335,-0.639779269695282,-0.7756586074829102,-1.226463794708252,3.4227354526519775]",0.07059380412101746,0.046736106276512146,0.04267416149377823,0.09415790438652039,0.09687969833612442,4.843984916806221,0,0,0,0.4730280041694641,0.4931860566139221,0.979020893573761,0.9218277335166931,0.9942859411239624,0.9937148690223694,-0.011078118346631527,-0.0,-0.0,0.0,0.0,0.0,0.0
146,2.92,146,"[-1.0476064682006836,0.2818140387535095,0.141678124666214,1.4089158773422241,-0.5118200778961182,-0.07928168028593063,-0.6908236742019653,-0.3746925890445709,-0.10892809182405472,0.9547874331474304,-0.23387020826339722,0.14331017434597015,0.019354594871401787,-0.10080014914274216,-0.01691431552171707,-1.919110894203186,0.9819881319999695,-1.1766823530197144,0.5857028961181641,0.08093339204788208,0.12101948261260986,0.8621327877044678,-2.1644444465637207,-1.3532017469406128,1.3594740629196167,0.609427273273468,-0.3688310384750366,-0.2725672423839569,-0.8176109790802002]","[-0.8966520428657532,0.365832656621933,0.17382526397705078,1.235802173614502,-0.3848857283592224,-0.10973820090293884,-0.6032755374908447,-0.3313579559326172,-0.19609440863132477,0.9074239730834961,-0.17513152956962585,0.07264655083417892,0.040278490632772446,-0.07363453507423401,-0.009272890165448189,-1.998193621635437,0.9428223371505737,-1.2450889348983765,0.7105221748352051,0.12279418855905533,-0.01195417158305645,0.9452258348464966,-2.2087602615356445,-1.3506070375442505,1.412860631942749,0.5583589673042297,-0.3463599979877472,0.04725954681634903,-0.7759019136428833]","[-0.8115291595458984,0.21685734391212463,-0.02695806324481964,0.9461343288421631,-0.1418277621269226,0.12405905872583389,0.0004380941390991211,0.0006131827831268311,-0.0008655712008476257,0.001741945743560791,-0.002210959792137146,-0.000903010368347168,0.01682927832007408,-0.005188211798667908,-0.039055291563272476,0.5581706762313843,-0.5677416920661926,0.39764344692230225,-0.2057492733001709,-0.24420824646949768,1.04618239402771,0.5512326955795288,-0.019419193267822266,0.050699710845947266,0.010004639625549316,0.14632642269134521,-0.011518597602844238,-0.09646117687225342,-0.02631247043609619]","[-0.5903208255767822,0.0584244504570961,-0.06516725569963455,0.6608336567878723,-0.13209015130996704,-0.029832730069756508,-0.03419174626469612,-0.07598783075809479,0.07830935716629028,0.05944765731692314,-0.0760553628206253,-0.02855493314564228,-0.1268259733915329,-0.030915722250938416,-0.048741769045591354,0.7545340657234192,-0.3821699023246765,0.7922963500022888,0.03739677742123604,0.1773160696029663,0.2758575975894928,0.4558229446411133,-0.0014167440822347999,0.21796607971191406,0.20703712105751038,0.09382513165473938,-0.031185807660222054,0.3271861672401428,0.008479905314743519]","[-3.1589457988739014,1.0987355709075928,0.4139472246170044,2.7301952838897705,-0.7891900539398193,-0.32402274012565613,-1.4165830612182617,-1.2972618341445923,-0.10604129731655121,1.5222771167755127,-0.1408229023218155,0.08715908229351044,0.22128932178020477,-0.17698557674884796,5.728722095489502,-0.1032399833202362,0.4334704875946045,-4.710147380828857,-0.3346257507801056,0.28815972805023193,-0.2646172344684601,-2.095242500305176,-2.4542436599731445,-1.5723406076431274,5.468821048736572,-0.6775734424591064,-0.7479046583175659,-1.1420081853866577,3.4476544857025146]",0.07076087594032288,0.046424396336078644,0.04233328253030777,0.09363044798374176,0.09684235602617264,4.842117801308632,0,0,0,0.4728795886039734,0.49324682354927063,0.979434609413147,0.9237648248672485,0.9940180778503418,0.9939306378364563,-0.015156568959355354,-0.0,-0.0,0.0,0.0,0.0,0.0
147,2.94,147,"[-1.0638370513916016,0.2861512005329132,0.1411389708518982,1.4278385639190674,-0.514656662940979,-0.07680050283670425,-0.6908149123191833,-0.3746803104877472,-0.10894539952278137,0.9548222422599792,-0.23391442000865936,0.1432921141386032,0.01969118043780327,-0.10090391337871552,-0.01769542135298252,-1.9079474210739136,0.9706332683563232,-1.168729543685913,0.5815879106521606,0.07604923099279404,0.14194312691688538,0.8731574416160583,-2.164832830429077,-1.3521877527236938,1.359674096107483,0.6123538017272949,-0.3690614104270935,-0.274496465921402,-0.8181372284889221]","[-0.9116125702857971,0.36835184693336487,0.1721782237291336,1.2547770738601685,-0.38934436440467834,-0.11038576066493988,-0.6034033894538879,-0.3328234553337097,-0.19332121312618256,0.9086869955062866,-0.17665144801139832,0.07203125953674316,0.0384318046271801,-0.0745638757944107,-0.009411954320967197,-1.9822664260864258,0.9355224370956421,-1.2319653034210205,0.7113204598426819,0.1253448724746704,-0.005987883545458317,0.964960515499115,-2.208649158477783,-1.344665765762329,1.4168215990066528,0.5608078837394714,-0.3464086651802063,0.053531281650066376,-0.7757672071456909]","[-0.8115291595458984,0.21685734391212463,-0.02695806324481964,0.9461343288421631,-0.1418277621269226,0.12405905872583389,0.0004380941390991211,0.0006131827831268311,-0.0008653849363327026,0.0017404556274414062,-0.0022105872631073,-0.000903010368347168,0.016829324886202812,-0.005188211798667908,-0.039055291563272476,0.558173656463623,-0.5677416920661926,0.39764344692230225,-0.2057492733001709,-0.24420824646949768,1.046182632446289,0.5512326955795288,-0.019419193267822266,0.050699710845947266,0.010004639625549316,0.14632642269134521,-0.011518597602844238,-0.09646117687225342,-0.02631247043609619]","[-0.6391077041625977,0.07604194432497025,-0.042870476841926575,0.6657124757766724,-0.5675130486488342,-0.044699713587760925,-0.017671283334493637,-0.09601294249296188,0.09309796988964081,0.05043026804924011,-0.0691320076584816,-0.029786033555865288,-0.14739908277988434,-0.03765137866139412,-0.029375605285167694,0.6693637371063232,-0.3117433786392212,0.6889311075210571,0.04273730888962746,0.20539319515228271,0.30182021856307983,0.4760010838508606,-0.009852234274148941,0.24089159071445465,0.1903112232685089,0.08670441806316376,0.017989907413721085,0.28762558102607727,0.013412238098680973]","[-3.180304765701294,1.1194838285446167,0.4193616509437561,2.797449827194214,-0.7937663793563843,-0.3287830054759979,-1.430884599685669,-1.3138047456741333,-0.08915899693965912,1.5261163711547852,-0.13744011521339417,0.08009947091341019,0.19537492096424103,-0.17200879752635956,5.719749927520752,-0.09068909287452698,0.3402331471443176,-4.697874546051025,-0.3411482870578766,0.2824932336807251,-0.19447579979896545,-2.1175413131713867,-2.436476230621338,-1.5722426176071167,5.442430019378662,-0.6835982799530029,-0.7384990453720093,-1.1036310195922852,3.458158493041992]",0.07095101475715637,0.04576939716935158,0.04206734150648117,0.09457358717918396,0.09678996354341507,4.8394981771707535,0,0,0,0.4727397561073303,0.4934190809726715,0.9796923995018005,0.9217113256454468,0.9949392676353455,0.9891523122787476,-0.012155994772911072,-0.0,-0.0,0.0,0.0,0.0,0.0
148,2.96,148,"[-1.0800676345825195,0.2904883325099945,0.1405998021364212,1.4467612504959106,-0.5174931883811951,-0.07431931793689728,-0.6908061504364014,-0.37466806173324585,-0.10896270722150803,0.9548570513725281,-0.2339586317539215,0.14327405393123627,0.0200277678668499,-0.10100767761468887,-0.01847652718424797,-1.8967839479446411,0.9592784643173218,-1.1607766151428223,0.5774729251861572,0.0711650624871254,0.16286678612232208,0.8841820955276489,-2.1652212142944336,-1.351173758506775,1.3598742485046387,0.6152803301811218,-0.3692917823791504,-0.27642568945884705,-0.818663477897644]","[-0.9288731813430786,0.3707759976387024,0.17119726538658142,1.2747390270233154,-0.39607641100883484,-0.11132661998271942,-0.603512704372406,-0.33464908599853516,-0.19045160710811615,0.9097986817359924,-0.17799027264118195,0.07144368439912796,0.03678159415721893,-0.07569428533315659,-0.009388153441250324,-1.9682058095932007,0.9285244345664978,-1.2215317487716675,0.7120532393455505,0.1274757832288742,0.00047738628927618265,0.9810475707054138,-2.2085072994232178,-1.3395527601242065,1.4199092388153076,0.5626293420791626,-0.34578827023506165,0.0584842748939991,-0.7752174735069275]","[-0.8115321397781372,0.21685659885406494,-0.026958435773849487,0.9461373090744019,-0.14182627201080322,0.12405924499034882,0.0004380941390991211,0.0006131827831268311,-0.0008653849363327026,0.001741945743560791,-0.002210959792137146,-0.000903010368347168,0.016829324886202812,-0.005188398063182831,-0.039055339992046356,0.558173656463623,-0.5677416920661926,0.39764344692230225,-0.2057492733001709,-0.244208425283432,1.046182632446289,0.5512326955795288,-0.019419193267822266,0.050699710845947266,0.010007619857788086,0.14632642269134521,-0.011518597602844238,-0.09646117687225342,-0.02631247043609619]","[-0.6547033786773682,0.0772465392947197,-0.047599222511053085,0.7886219024658203,-0.00431279931217432,-0.03741784021258354,-0.0323222279548645,-0.10837850719690323,0.11683829128742218,0.04460371285676956,-0.060753077268600464,-0.028168749064207077,-0.11397062242031097,-0.061470724642276764,-0.039463531225919724,0.6643978953361511,-0.3456154465675354,0.5626090168952942,0.037076570093631744,0.1760973185300827,0.3396112322807312,0.4868026375770569,0.0023334461729973555,0.19900187849998474,0.14748989045619965,0.06120253726840019,0.05910446122288704,0.19976848363876343,0.0333598367869854]","[-3.1981942653656006,1.1343994140625,0.4151711165904999,2.869206428527832,-0.7935694456100464,-0.3313687741756439,-1.4545633792877197,-1.3274290561676025,-0.07824812829494476,1.5272178649902344,-0.13655711710453033,0.08012311905622482,0.16534243524074554,-0.16933377087116241,5.702131748199463,-0.08159294724464417,0.23810607194900513,-4.681381702423096,-0.3536182940006256,0.27794480323791504,-0.1271483600139618,-2.1355197429656982,-2.4182333946228027,-1.5771448612213135,5.411130428314209,-0.689680278301239,-0.7304826974868774,-1.062017560005188,3.458167314529419]",0.07115177065134048,0.04501956328749657,0.04178828373551369,0.09522049129009247,0.09684353321790695,4.842176660895348,0,0,0,0.4726003408432007,0.4936235845088959,0.979954183101654,0.9204808473587036,0.994985818862915,0.9939263463020325,-0.01339458953589201,-0.0,-0.0,0.0,0.0,0.0,0.0
149,2.98,149,"[-1.096298336982727,0.2948254644870758,0.1400606334209442,1.4656840562820435,-0.5203297138214111,-0.0718381330370903,-0.6907973885536194,-0.3746557831764221,-0.10898001492023468,0.9548919200897217,-0.23400285840034485,0.14325599372386932,0.02036435343325138,-0.10111144930124283,-0.01925763487815857,-1.8856204748153687,0.9479236006736755,-1.152823805809021,0.5733579397201538,0.06628089398145676,0.1837904304265976,0.8952067494392395,-2.16560959815979,-1.350159764289856,1.3600744009017944,0.6182068586349487,-0.3695221543312073,-0.2783549129962921,-0.819189727306366]","[-0.9455071687698364,0.373708575963974,0.1694115698337555,1.2947100400924683,-0.40264496207237244,-0.11216223239898682,-0.6038302779197693,-0.33661484718322754,-0.18733318150043488,0.9107832312583923,-0.17919111251831055,0.07095054537057877,0.03500578925013542,-0.07691826671361923,-0.00980429444462061,-1.9544153213500977,0.9217119812965393,-1.2118639945983887,0.7127954959869385,0.12931649386882782,0.00750342570245266,0.9925296902656555,-2.2076895236968994,-1.3346301317214966,1.4217112064361572,0.5640761852264404,-0.3446592390537262,0.062091704457998276,-0.7742968797683716]","[-0.8115321397781372,0.21685734391212463,-0.02695806324481964,0.9461373090744019,-0.14182627201080322,0.12405924499034882,0.0004380941390991211,0.0006131827831268311,-0.0008653849363327026,0.001741945743560791,-0.002210959792137146,-0.000903010368347168,0.01682927832007408,-0.005188398063182831,-0.039055339992046356,0.558173656463623,-0.5677416920661926,0.3976404666900635,-0.2057477831840515,-0.24420824646949768,1.046182632446289,0.5512326955795288,-0.019419193267822266,0.050699710845947266,0.010004639625549316,0.14632642269134521,-0.011518597602844238,-0.09646043181419373,-0.02631247043609619]","[-0.7839087247848511,0.07157779484987259,-0.03400985524058342,0.556850254535675,-1.3185386657714844,-0.0702926516532898,-0.033945437520742416,-0.1334645301103592,0.08145865052938461,0.035544198006391525,-0.05007077381014824,-0.01994500495493412,-0.18711774051189423,-0.03887064382433891,-0.056545503437519073,0.7091289758682251,-0.3972703218460083,0.4756973683834076,0.03955269232392311,0.07187279313802719,0.3699859082698822,0.6070401072502136,0.018826846033334732,0.17501094937324524,0.0706343874335289,0.04455292224884033,0.07587882876396179,0.13149932026863098,0.05520934239029884]","[-3.2163045406341553,1.155918836593628,0.40656226873397827,2.9319586753845215,-0.8111897110939026,-0.3350624144077301,-1.4770987033843994,-1.3444263935089111,-0.06454502046108246,1.5296120643615723,-0.13672198355197906,0.08135618269443512,0.13323809206485748,-0.15647776424884796,5.682156085968018,-0.0816514790058136,0.13506412506103516,-4.653269290924072,-0.3721032440662384,0.27084726095199585,-0.05995706096291542,-2.1557228565216064,-2.396348714828491,-1.5895119905471802,5.383378982543945,-0.6881137490272522,-0.7201536297798157,-1.0182994604110718,3.462928533554077]",0.07140588015317917,0.044103313237428665,0.041556552052497864,0.09579214453697205,0.09669023007154465,4.834511503577232,0,0,0,0.4724087119102478,0.493875652551651,0.9801914691925049,0.9186595678329468,0.9946373105049133,0.9886794686317444,-0.013940954580903053,-0.0,-0.0,0.0,0.0,0.0,0.0
150,3.0,150,"[-1.112528920173645,0.2991626262664795,0.13952147960662842,1.4846067428588867,-0.5231662392616272,-0.06935694813728333,-0.6907886266708374,-0.3746435344219208,-0.10899732261896133,0.9549267292022705,-0.234047070145607,0.14323793351650238,0.020700938999652863,-0.10121521353721619,-0.02003874070942402,-1.8744570016860962,0.9365687966346741,-1.1448709964752197,0.5692430138587952,0.06139673292636871,0.2047140896320343,0.9062314033508301,-2.1659979820251465,-1.349145770072937,1.3602744340896606,0.6211333870887756,-0.36975252628326416,-0.2802841067314148,-0.8197159767150879]","[-0.9675077199935913,0.3775680661201477,0.16593147814273834,1.3222460746765137,-0.40123251080513,-0.11295299977064133,-0.6050493717193604,-0.3388140797615051,-0.1833685040473938,0.9120414853096008,-0.18041075766086578,0.07071573287248611,0.03416626155376434,-0.07898523658514023,-0.01080661453306675,-1.9420456886291504,0.9151594042778015,-1.2015312910079956,0.7134998440742493,0.13440975546836853,0.01649252139031887,0.9937773942947388,-2.2059428691864014,-1.3301740884780884,1.4223695993423462,0.5652610659599304,-0.343464732170105,0.06509646773338318,-0.7730258703231812]","[-1.005631685256958,0.292784720659256,-0.05879327654838562,1.2133687734603882,-0.5201175808906555,-0.05389079451560974,0.0001475214958190918,0.00030100345611572266,-0.0004081055521965027,0.0006332993507385254,-0.0007987022399902344,-0.00045262277126312256,0.01695742830634117,-0.00909212976694107,-0.04316084086894989,0.710684061050415,-0.6007984280586243,0.717926025390625,-0.03215670585632324,0.5114546418190002,0.7559642195701599,0.32201558351516724,0.05734562873840332,0.0225752592086792,-0.04509091377258301,-0.07129907608032227,0.11382102966308594,0.3411024808883667,0.08196830749511719]","[-0.9835829734802246,0.13532572984695435,-0.16796225309371948,1.280271291732788,0.3206225037574768,-0.03301716968417168,-0.12627805769443512,-0.14629969000816345,0.2032136619091034,0.058858081698417664,-0.06220707669854164,-0.007396611850708723,-0.06467518210411072,-0.14728385210037231,-0.12499178946018219,0.5922465324401855,-0.3174382150173187,0.48379167914390564,0.03406910598278046,0.26995185017585754,0.43737316131591797,-0.030878780409693718,0.10592935979366302,0.17360110580921173,0.03507117182016373,0.026513580232858658,0.08454252034425735,0.13469798862934113,0.05485304072499275]","[-3.279686689376831,1.1661615371704102,0.392353355884552,3.0712499618530273,-0.8539836406707764,-0.34450599551200867,-1.504438877105713,-1.3756285905838013,-0.05200599133968353,1.5339596271514893,-0.13059964776039124,0.09348849207162857,0.08391152322292328,-0.15989650785923004,5.6471476554870605,-0.09889665246009827,0.022631173953413963,-4.645813941955566,-0.37605294585227966,0.32271808385849,-0.001464400440454483,-2.16996693611145,-2.3894243240356445,-1.6071242094039917,5.336335182189941,-0.6952018737792969,-0.6983833312988281,-0.9766864776611328,3.467790126800537]",0.07180183380842209,0.0432874821126461,0.0411892794072628,0.09628807008266449,0.09629254043102264,4.814627021551132,0,0,0,0.4721537232398987,0.49410247802734375,0.980488121509552,0.9182424545288086,0.9933874011039734,0.9840402603149414,-0.02778712660074234,-0.0,-0.0,0.0,0.0,0.0,0.0
151,3.02,151,"[-1.1365236043930054,0.30653685331344604,0.1377089023590088,1.514218807220459,-0.5411344170570374,-0.07399376481771469,-0.6907914876937866,-0.3746437430381775,-0.10899633914232254,0.9549172520637512,-0.23403480648994446,0.1432378888130188,0.021042650565505028,-0.10147513449192047,-0.020984068512916565,-1.857193112373352,0.9238916635513306,-1.124106764793396,0.5720716714859009,0.08673907816410065,0.214028999209404,0.9080873727798462,-2.163315773010254,-1.3492567539215088,1.3582707643508911,0.6153548955917358,-0.36496931314468384,-0.26471081376075745,-0.8159109950065613]","[-0.9958150386810303,0.3799748122692108,0.1639513373374939,1.3479617834091187,-0.43398284912109375,-0.11704051494598389,-0.6098717451095581,-0.3420650064945221,-0.18097242712974548,0.9133133888244629,-0.1814069002866745,0.0708809494972229,0.031079573556780815,-0.08106276392936707,-0.016621239483356476,-1.9268112182617188,0.9043020009994507,-1.1893787384033203,0.7156896591186523,0.14350534975528717,0.02689545229077339,1.001842737197876,-2.2036187648773193,-1.3284919261932373,1.422606348991394,0.5649878978729248,-0.34124433994293213,0.0668950080871582,-0.7713097929954529]","[-1.2006372213363647,0.36720260977745056,-0.09299404919147491,1.4691293239593506,-0.8861303329467773,-0.23004040122032166,-0.00017434358596801758,-4.172325134277344e-05,9.573996067047119e-05,-0.0005692243576049805,0.0007398426532745361,4.209578037261963e-05,0.016909604892134666,-0.012864172458648682,-0.04700180143117905,0.8589088916778564,-0.638386607170105,1.0357856750488281,0.1458585262298584,1.2705656290054321,0.46082401275634766,0.09080469608306885,0.1329958438873291,-0.0038355588912963867,-0.10010600090026855,-0.28774887323379517,0.23728534579277039,0.779472291469574,0.18824338912963867]","[-1.4377363920211792,0.09760406613349915,-0.0695013478398323,1.196740984916687,-1.3209939002990723,-0.18256083130836487,-0.27119091153144836,-0.17516137659549713,0.08361704647541046,0.06127288565039635,-0.04585208743810654,0.014255157671868801,-0.21459797024726868,-0.10125948488712311,-0.32755905389785767,0.6941452622413635,-0.509540855884552,0.7323195934295654,0.08936116099357605,0.5919387936592102,0.5530668497085571,-0.016065392643213272,0.1057620570063591,0.04773283377289772,0.011838177219033241,-0.030032968148589134,0.12916353344917297,0.07300996035337448,0.08352011442184448]","[-3.3783769607543945,1.1993131637573242,0.3705507516860962,3.195147752761841,-0.9855998754501343,-0.37211236357688904,-1.5159497261047363,-1.40720796585083,-0.02464829385280609,1.5428414344787598,-0.12279261648654938,0.10246563702821732,0.02749060094356537,-0.12471391260623932,5.617641925811768,-0.13790056109428406,-0.10140305012464523,-4.593090057373047,-0.35735979676246643,0.4147360324859619,0.05536332353949547,-2.1916911602020264,-2.391974925994873,-1.6458712816238403,5.287553310394287,-0.6976866126060486,-0.6730115413665771,-0.9381732940673828,3.4870874881744385]",0.07237543165683746,0.04273711144924164,0.04112262651324272,0.09378951042890549,0.09580741077661514,4.790370538830757,0,0,0,0.47175660729408264,0.4942990243434906,0.9805089831352234,0.9219843745231628,0.9908022284507751,0.9763873219490051,-0.04536842554807663,-0.0,-0.0,0.0,0.0,0.0,0.0
152,3.04,152,"[-1.1605544090270996,0.3138507306575775,0.13580171763896942,1.5433719158172607,-0.5586114525794983,-0.07855856418609619,-0.6907956004142761,-0.3746452033519745,-0.10899349302053452,0.9549039602279663,-0.234017476439476,0.14323961734771729,0.02137732319533825,-0.10172978043556213,-0.02191881276667118,-1.840100646018982,0.9110333323478699,-1.1034395694732666,0.5750773549079895,0.11221935600042343,0.22314704954624176,0.9098635911941528,-2.1606781482696533,-1.3492991924285889,1.35627019405365,0.6096234321594238,-0.36026111245155334,-0.24910521507263184,-0.8121862411499023]","[-1.0282059907913208,0.38445883989334106,0.15717794001102448,1.3837913274765015,-0.4427299499511719,-0.11923692375421524,-0.6156145930290222,-0.3444894254207611,-0.17760783433914185,0.9147729873657227,-0.18233805894851685,0.07149222493171692,0.02869192324578762,-0.08344472199678421,-0.023231709375977516,-1.9118796586990356,0.8927016854286194,-1.1755973100662231,0.7189980149269104,0.15722818672657013,0.03848448395729065,1.0090405941009521,-2.2006494998931885,-1.3266243934631348,1.4224430322647095,0.5646676421165466,-0.3387746810913086,0.0685451403260231,-0.7695763111114502]","[-1.4084339141845703,0.4413798451423645,-0.1431431621313095,1.7786771059036255,-1.262030005455017,-0.4185078740119934,-0.00022202730178833008,-6.407499313354492e-05,0.00013262033462524414,-0.0005811452865600586,0.0007916241884231567,6.593763828277588e-05,0.01325639896094799,-0.009519606828689575,-0.041908957064151764,0.874587893486023,-0.5663424730300903,0.9970933198928833,0.0708356499671936,1.3231374025344849,0.47668740153312683,0.07779747247695923,0.16347169876098633,-0.07783174514770508,-0.1345813274383545,-0.5807802081108093,0.2903103828430176,1.138651728630066,0.30440986156463623]","[-1.6891103982925415,0.22721445560455322,-0.34962424635887146,1.8012582063674927,-1.2198560237884521,-0.13304971158504486,-0.27601224184036255,-0.11799544841051102,0.17751933634281158,0.07248494029045105,-0.042955607175827026,0.03718926012516022,-0.11828624457120895,-0.11872151494026184,-0.3005736172199249,0.7707220315933228,-0.6032055020332336,0.6908938884735107,0.17054514586925507,0.7296391725540161,0.5973836183547974,0.49073517322540283,0.131235733628273,0.08424489200115204,-0.014388768002390862,-0.025390075519680977,0.13057471811771393,0.0749463364481926,0.0911107137799263]","[-3.420543909072876,1.2164353132247925,0.34033867716789246,3.3423683643341064,-1.0391993522644043,-0.3751648962497711,-1.5532054901123047,-1.4207805395126343,0.001653685700148344,1.5376665592193604,-0.11664077639579773,0.12119128555059433,-0.018076226115226746,-0.10026420652866364,5.543516159057617,-0.19257494807243347,-0.2304610013961792,-4.575130939483643,-0.35075828433036804,0.48417913913726807,0.11106303334236145,-2.1934256553649902,-2.4113898277282715,-1.6537247896194458,5.2323317527771,-0.6975455284118652,-0.6677367091178894,-0.8999416828155518,3.5125160217285156]",0.07314830273389816,0.042484745383262634,0.040946945548057556,0.09276426583528519,0.09592705965042114,4.796352982521057,0,0,0,0.471200555562973,0.4943751394748688,0.9806618094444275,0.924610435962677,0.9891386032104492,0.9723421931266785,-0.035975731909275055,-0.0,-0.0,0.0,0.0,0.0,0.0
153,3.06,153,"[-1.1928609609603882,0.3241920471191406,0.1319831758737564,1.585365891456604,-0.591615617275238,-0.0907340794801712,-0.6908003687858582,-0.37464630603790283,-0.10899103432893753,0.9548940062522888,-0.23400314152240753,0.1432405263185501,0.021572906523942947,-0.10185591876506805,-0.022660426795482635,-1.8222095966339111,0.901237964630127,-1.0842230319976807,0.5749050974845886,0.13966457545757294,0.23309649527072906,0.9111992716789246,-2.1567769050598145,-1.352370023727417,1.352887511253357,0.5921236872673035,-0.35335689783096313,-0.21916474401950836,-0.8037346005439758]","[-1.0682820081710815,0.3893107771873474,0.1518348902463913,1.4187841415405273,-0.48099198937416077,-0.12335605919361115,-0.6216970682144165,-0.34690219163894653,-0.1744808852672577,0.9163552522659302,-0.18310749530792236,0.07271916419267654,0.02545381337404251,-0.08555515110492706,-0.029458560049533844,-1.899291753768921,0.8807157278060913,-1.1591321229934692,0.7231272459030151,0.17578791081905365,0.05144048109650612,1.0074918270111084,-2.198312997817993,-1.3257321119308472,1.421561598777771,0.5639241337776184,-0.3369303047657013,0.0700765997171402,-0.7673934102058411]","[-1.4786750078201294,0.4675671458244324,-0.1614011824131012,1.8470346927642822,-1.2622610330581665,-0.47515445947647095,-0.0002995133399963379,-0.00014081597328186035,0.00024531036615371704,-0.0008046627044677734,0.0010941177606582642,0.0001735985279083252,0.013190554454922676,-0.00518113374710083,-0.03094528801739216,0.873720645904541,-0.5200222134590149,0.9749889373779297,0.008542835712432861,1.3566741943359375,0.489642471075058,0.064048171043396,0.183945894241333,-0.1734316349029541,-0.158005952835083,-0.8936673402786255,0.3212936222553253,1.4362760782241821,0.3931790590286255]","[-2.0569393634796143,0.31159794330596924,-0.29431888461112976,2.0088253021240234,-0.8427973985671997,-0.1654137223958969,-0.23211324214935303,-0.09193520992994308,0.20031321048736572,0.08541040867567062,-0.038898877799510956,0.06747546792030334,-0.0905519351363182,-0.11195436120033264,-0.19157198071479797,0.5409461259841919,-0.5363925099372864,0.7646559476852417,0.18212415277957916,0.9027974605560303,0.6509023904800415,-0.1594795435667038,0.09549936652183533,0.05960419401526451,-0.05144096538424492,-0.03402675315737724,0.06727498024702072,0.08844854682683945,0.11497461795806885]","[-3.4566242694854736,1.2492197751998901,0.3165264129638672,3.456055164337158,-1.098288655281067,-0.3802318274974823,-1.6045701503753662,-1.4256536960601807,0.023478403687477112,1.5249288082122803,-0.12418252229690552,0.14145797491073608,-0.06775586307048798,-0.057490307837724686,5.466611385345459,-0.2660074532032013,-0.3645011782646179,-4.541887283325195,-0.35078057646751404,0.5416539311408997,0.16246411204338074,-2.2040417194366455,-2.435626983642578,-1.6731477975845337,5.175252437591553,-0.6877462863922119,-0.6930232048034668,-0.8584651350975037,3.540041446685791]",0.07395818829536438,0.042820874601602554,0.04107928276062012,0.09014351665973663,0.09581703692674637,4.790851846337318,0,0,0,0.4705843925476074,0.4943313002586365,0.9804268479347229,0.9299183487892151,0.9886770248413086,0.962576150894165,-0.03566215932369232,-0.0,-0.0,0.0,0.0,0.0,0.0
154,3.08,154,"[-1.2197014093399048,0.3325534164905548,0.12934567034244537,1.617253303527832,-0.6091018915176392,-0.09756474196910858,-0.690807580947876,-0.37465083599090576,-0.10898368060588837,0.9548717737197876,-0.23397371172904968,0.14324656128883362,0.021904945373535156,-0.10193702578544617,-0.023156624287366867,-1.8051518201828003,0.8902324438095093,-1.0644400119781494,0.5754190683364868,0.16648632287979126,0.24273274838924408,0.9124255180358887,-2.1533203125,-1.356236457824707,1.3499499559402466,0.5738767385482788,-0.34740936756134033,-0.19165417551994324,-0.7964590787887573]","[-1.1034750938415527,0.394005686044693,0.14361688494682312,1.455533742904663,-0.485495388507843,-0.1249968558549881,-0.6287295818328857,-0.3492502272129059,-0.170518696308136,0.9177120923995972,-0.18385742604732513,0.07464304566383362,0.02210112102329731,-0.08857162296772003,-0.03673792630434036,-1.8860540390014648,0.8682982921600342,-1.1453633308410645,0.7281370759010315,0.19266127049922943,0.0636465921998024,1.0141334533691406,-2.1940815448760986,-1.3242769241333008,1.4189456701278687,0.5625821352005005,-0.3364456295967102,0.07224489748477936,-0.7652390003204346]","[-1.3440757989883423,0.4182085394859314,-0.13287849724292755,1.486968994140625,-0.817592442035675,-0.3373779356479645,-0.0003978610038757324,-0.0002682209014892578,0.0004287809133529663,-0.0012412667274475098,0.001638755202293396,0.00036247074604034424,0.016510672867298126,-0.0040473416447639465,-0.02435864880681038,0.8469223976135254,-0.5570963025093079,0.9858369827270508,0.03299415111541748,1.345592737197876,0.47437289357185364,0.058753788471221924,0.1696467399597168,-0.18625259399414062,-0.1465916633605957,-0.9018316864967346,0.290052592754364,1.3735171556472778,0.3575950860977173]","[-1.723942518234253,0.22756628692150116,-0.38317641615867615,1.6612415313720703,-1.1393672227859497,-0.08106865733861923,-0.3559298813343048,-0.12243978679180145,0.17402605712413788,0.0672532171010971,-0.03415253013372421,0.09539744257926941,-0.18878227472305298,-0.13990283012390137,-0.37480008602142334,0.7061620950698853,-0.6701126098632812,0.684823215007782,0.2524954378604889,0.830754280090332,0.62547367811203,0.4759974479675293,0.198303684592247,0.05636981502175331,-0.13517722487449646,-0.07360247522592545,0.025998856872320175,0.08836515992879868,0.11701838672161102]","[-3.483506441116333,1.284063458442688,0.2955401539802551,3.507511854171753,-1.1164522171020508,-0.3712082803249359,-1.6549596786499023,-1.452554702758789,0.03406764566898346,1.4953255653381348,-0.15831229090690613,0.15774723887443542,-0.10879494249820709,0.011200230568647385,5.428514003753662,-0.28032270073890686,-0.4720180034637451,-4.509006500244141,-0.3386317789554596,0.5688148140907288,0.20425447821617126,-2.232957124710083,-2.431828022003174,-1.6842952966690063,5.141310214996338,-0.6754617691040039,-0.7199797034263611,-0.7590829133987427,3.548840284347534]",0.07485512644052505,0.043272823095321655,0.040986593812704086,0.0896536186337471,0.0962209701538086,4.81104850769043,0,0,0,0.4699167013168335,0.49422845244407654,0.9805828332901001,0.9324653744697571,0.9853864908218384,0.9721727967262268,-0.02370404452085495,-0.0,-0.0,0.0,0.0,0.0,0.0
155,3.1,155,"[-1.2466239929199219,0.3409203886985779,0.1266680359840393,1.644844651222229,-0.624319314956665,-0.10422919690608978,-0.6908162832260132,-0.3746570348739624,-0.10897388309240341,0.9548443555831909,-0.2339375913143158,0.14325502514839172,0.022233333438634872,-0.10201781243085861,-0.02363477274775505,-1.7883327007293701,0.8789541125297546,-1.0447895526885986,0.5762248635292053,0.19348828494548798,0.25207141041755676,0.9135494232177734,-2.149991035461426,-1.3598201274871826,1.347023844718933,0.5560504198074341,-0.3417547941207886,-0.1642240583896637,-0.7894307971000671]","[-1.1473437547683716,0.4020749032497406,0.13753993809223175,1.4955804347991943,-0.5158873796463013,-0.12696096301078796,-0.6326585412025452,-0.35061079263687134,-0.16544775664806366,0.9194630980491638,-0.18480080366134644,0.07736553996801376,0.021294202655553818,-0.09052176028490067,-0.03988564386963844,-1.8726348876953125,0.8570746779441833,-1.1268104314804077,0.7321636080741882,0.21363502740859985,0.07714233547449112,1.012068510055542,-2.1898257732391357,-1.3213341236114502,1.4138580560684204,0.5617980360984802,-0.3383694589138031,0.07453487813472748,-0.7615339159965515]","[-1.4783740043640137,0.47246813774108887,-0.16716308891773224,1.6765952110290527,-1.1891067028045654,-0.44897741079330444,-0.00047087669372558594,-0.00033974647521972656,0.000533275306224823,-0.0014320015907287598,0.0019017606973648071,0.00046156346797943115,0.016703642904758453,-0.0018492341041564941,-0.016657263040542603,0.8446604013442993,-0.538228452205658,0.9809911251068115,-0.009924173355102539,1.3577380180358887,0.4881482720375061,0.04725903272628784,0.173872709274292,-0.2250969409942627,-0.15765726566314697,-1.0268882513046265,0.28960704803466797,1.4830687046051025,0.3838583827018738]","[-2.242164134979248,0.45701339840888977,-0.3151509165763855,2.314521551132202,-0.2832917869091034,-0.07417846471071243,-0.12993857264518738,-0.056717634201049805,0.34344416856765747,0.08940424025058746,-0.05639147758483887,0.13427802920341492,0.056106459349393845,-0.1321447491645813,-0.05866779759526253,0.6591543555259705,-0.4446982145309448,0.9066193699836731,0.1389688104391098,1.0315742492675781,0.6647511124610901,-0.17237238585948944,0.252546489238739,0.2196882963180542,-0.30333617329597473,-0.02876393310725689,-0.14896008372306824,0.14300082623958588,0.18689800798892975]","[-3.516770839691162,1.316576361656189,0.28268080949783325,3.6200926303863525,-1.1528249979019165,-0.37863096594810486,-1.6833308935165405,-1.4686580896377563,0.05071081221103668,1.513967514038086,-0.17151564359664917,0.16777265071868896,-0.1599767655134201,0.05934254452586174,5.390739917755127,-0.3325749337673187,-0.5806084871292114,-4.442203044891357,-0.3379453718662262,0.6223772168159485,0.2525804936885834,-2.2361652851104736,-2.451456069946289,-1.6979129314422607,5.077087879180908,-0.6679343581199646,-0.7383021116256714,-0.6879218816757202,3.563372850418091]",0.07571607083082199,0.042869094759225845,0.04079817607998848,0.08639203011989594,0.09594771265983582,4.797385632991791,0,0,0,0.46921396255493164,0.49424633383750916,0.9807375073432922,0.9376211762428284,0.9790932536125183,0.966109037399292,-0.02963593788444996,-0.0,-0.0,0.0,0.0,0.0,0.0
156,3.12,156,"[-1.2788363695144653,0.35145214200019836,0.12265914678573608,1.6843171119689941,-0.6566661596298218,-0.11552383750677109,-0.690826416015625,-0.37466442584991455,-0.10896234959363937,0.9548144936561584,-0.2338976413011551,0.1432650238275528,0.022573091089725494,-0.10201099514961243,-0.02382291480898857,-1.7713654041290283,0.868703305721283,-1.025200366973877,0.5750221014022827,0.22079584002494812,0.2622586786746979,0.9143158793449402,-2.1463654041290283,-1.3652403354644775,1.3436436653137207,0.5328012108802795,-0.3358250856399536,-0.13233143091201782,-0.7811047434806824]","[-1.1819480657577515,0.40757060050964355,0.12798847258090973,1.5352485179901123,-0.5127463340759277,-0.12741397321224213,-0.6385424733161926,-0.35298019647598267,-0.15941503643989563,0.9208846092224121,-0.18584734201431274,0.07986251264810562,0.019674325361847878,-0.09432490915060043,-0.04528062418103218,-1.8595991134643555,0.8474699854850769,-1.1091339588165283,0.7360514402389526,0.23478320240974426,0.08983827382326126,1.009867787361145,-2.1818106174468994,-1.3181631565093994,1.4045929908752441,0.5597192645072937,-0.3420991599559784,0.07708820700645447,-0.7577011585235596]","[-1.4927804470062256,0.48218369483947754,-0.1766938716173172,1.7224252223968506,-1.1575177907943726,-0.45484453439712524,-0.0005483627319335938,-0.00043064355850219727,0.0006644055247306824,-0.0017121434211730957,0.002263486385345459,0.0005930662155151367,0.016726646572351456,-0.002206675708293915,-0.016065547242760658,0.8299767971038818,-0.557023286819458,0.9752601385116577,0.010639429092407227,1.3638492822647095,0.4707649350166321,0.04351884126663208,0.16540884971618652,-0.20476579666137695,-0.1550614833831787,-0.9836047887802124,0.27140527963638306,1.4557894468307495,0.3639638423919678]","[-1.6354501247406006,0.24542558193206787,-0.4589964747428894,1.6907496452331543,-1.01364004611969,-0.04325848072767258,-0.30114609003067017,-0.12868347764015198,0.23798532783985138,0.06931979209184647,-0.04657796770334244,0.11224382370710373,-0.14239192008972168,-0.15999215841293335,-0.2850874364376068,0.5949608087539673,-0.486115038394928,0.8242806792259216,0.20002804696559906,1.0023267269134521,0.6280155777931213,-0.07011319696903229,0.34891465306282043,0.1102030873298645,-0.4452430009841919,-0.13122105598449707,-0.1581972986459732,0.09664826095104218,0.19863753020763397]","[-3.533781051635742,1.3448938131332397,0.254656046628952,3.7083961963653564,-1.1964467763900757,-0.3781110346317291,-1.7411634922027588,-1.460837960243225,0.048638954758644104,1.5129282474517822,-0.19390708208084106,0.17510998249053955,-0.21364173293113708,0.13444571197032928,5.344141483306885,-0.3909468352794647,-0.7046030163764954,-4.3824334144592285,-0.3343503773212433,0.6586698889732361,0.28990110754966736,-2.273395538330078,-2.450263261795044,-1.7388936281204224,5.027984142303467,-0.6438401937484741,-0.765709400177002,-0.5946937799453735,3.56219744682312]",0.07660402357578278,0.0425158366560936,0.04093831405043602,0.08681748062372208,0.0958249419927597,4.791247099637985,0,0,0,0.4685385525226593,0.49439477920532227,0.9806437492370605,0.938313364982605,0.9854200482368469,0.9573441743850708,-0.03340766951441765,-0.0,-0.0,0.0,0.0,0.0,0.0
157,3.14,157,"[-1.306335210800171,0.360207736492157,0.11960028111934662,1.713741660118103,-0.6706200242042542,-0.12242297828197479,-0.6908382177352905,-0.3746742606163025,-0.10894730687141418,0.954775869846344,-0.23384705185890198,0.14327874779701233,0.02290239930152893,-0.10210607945919037,-0.024277394637465477,-1.7551336288452148,0.8566731810569763,-1.0057791471481323,0.5766504406929016,0.2480422556400299,0.27090200781822205,0.9152901768684387,-2.1433746814727783,-1.3680107593536377,1.340821385383606,0.5167062282562256,-0.33089858293533325,-0.10599248111248016,-0.7748722434043884]","[-1.22331702709198,0.4166986048221588,0.12158660590648651,1.571690559387207,-0.5424842238426208,-0.12915119528770447,-0.6410332322120667,-0.35439333319664,-0.1539822369813919,0.9223522543907166,-0.18701371550559998,0.08247841894626617,0.019107719883322716,-0.09587749093770981,-0.04695284739136696,-1.845023274421692,0.8353480696678162,-1.0904723405838013,0.7420296669006348,0.2544921636581421,0.10208769142627716,1.017629623413086,-2.174269199371338,-1.3138054609298706,1.392604112625122,0.5581997632980347,-0.34782764315605164,0.07880692929029465,-0.7522045969963074]","[-1.3708651065826416,0.43670833110809326,-0.15527121722698212,1.4083713293075562,-0.6795629858970642,-0.3267413079738617,-0.0006273388862609863,-0.0005386769771575928,0.0008184462785720825,-0.002072751522064209,0.0027097761631011963,0.0007539987564086914,0.01635737717151642,-0.004774145781993866,-0.022416608408093452,0.8038550615310669,-0.6087169051170349,0.9667351841926575,0.09121149778366089,1.3660751581192017,0.4228457808494568,0.04807561635971069,0.14649033546447754,-0.13082027435302734,-0.1408308744430542,-0.7930129766464233,0.23945197463035583,1.3140602111816406,0.30609220266342163]","[-2.108119010925293,0.5125316381454468,-0.3057993948459625,2.1023480892181396,-0.25937792658805847,-0.06785695254802704,-0.07282555103302002,-0.05715184286236763,0.3423800468444824,0.07025177776813507,-0.06677989661693573,0.12519940733909607,0.06555048376321793,-0.09776637703180313,-0.011381096206605434,0.7318241000175476,-0.5231794714927673,1.0086966753005981,0.23689420521259308,1.112626552581787,0.6793323159217834,0.10161948949098587,0.39718887209892273,0.27552127838134766,-0.6296148896217346,-0.057758960872888565,-0.32688796520233154,0.0882592722773552,0.27915436029434204]","[-3.5815927982330322,1.3819729089736938,0.25463423132896423,3.7699062824249268,-1.2173758745193481,-0.38667532801628113,-1.7579243183135986,-1.4872795343399048,0.07185496389865875,1.5043246746063232,-0.22562986612319946,0.18037721514701843,-0.2533220052719116,0.19255129992961884,5.35877799987793,-0.39441385865211487,-0.8248725533485413,-4.31271505355835,-0.30997076630592346,0.7048189043998718,0.3145274817943573,-2.3149471282958984,-2.4413177967071533,-1.7455607652664185,4.965013027191162,-0.6276565790176392,-0.7856458425521851,-0.4823791980743408,3.563427209854126]",0.07742440700531006,0.041131991893053055,0.04108462855219841,0.083628810942173,0.09574280679225922,4.787140339612961,0,0,0,0.4678495228290558,0.49464133381843567,0.9805151224136353,0.942696750164032,0.9760003685951233,0.9541909098625183,-0.02875383384525776,-0.0,-0.0,0.0,0.0,0.0,0.0
158,3.16,158,"[-1.333670973777771,0.3689204752445221,0.1164482980966568,1.7406519651412964,-0.6838486790657043,-0.12859348952770233,-0.6908515095710754,-0.37468597292900085,-0.10892961174249649,0.9547315835952759,-0.23378925025463104,0.14329518377780914,0.02322738617658615,-0.10220196098089218,-0.02471957914531231,-1.7392112016677856,0.8443546295166016,-0.9865309596061707,0.5786705613136292,0.2754388451576233,0.27917250990867615,0.9162389039993286,-2.140505790710449,-1.3704731464385986,1.3380104303359985,0.5010806918144226,-0.3262470066547394,-0.07976902276277542,-0.7688610553741455]","[-1.2567840814590454,0.4280718266963959,0.11389758437871933,1.613726019859314,-0.536903440952301,-0.12962186336517334,-0.6442760229110718,-0.3559485375881195,-0.14719802141189575,0.9232429265975952,-0.18842686712741852,0.08471526950597763,0.020900147035717964,-0.09819554537534714,-0.05071653425693512,-1.8310643434524536,0.8253984451293945,-1.0708039999008179,0.7473202347755432,0.2781583070755005,0.1143646240234375,1.0149861574172974,-2.1636130809783936,-1.3096235990524292,1.3780319690704346,0.5554574131965637,-0.3556089401245117,0.0805043876171112,-0.7461072206497192]","[-1.376187801361084,0.4330962896347046,-0.1622125506401062,1.28556489944458,-0.5105331540107727,-0.3054436445236206,-0.0007003545761108398,-0.0006385147571563721,0.0009601935744285583,-0.0023946166038513184,0.003110244870185852,0.0009015202522277832,0.015493249520659447,-0.008809752762317657,-0.03874465078115463,0.7666140794754028,-0.6979390978813171,0.9605810046195984,0.24547427892684937,1.3539485931396484,0.3422863781452179,0.07219314575195312,0.11628270149230957,-0.0049591064453125,-0.11056065559387207,-0.46406760811805725,0.20578652620315552,1.0859121084213257,0.22648721933364868]","[-1.6894910335540771,0.5687798261642456,-0.3833111822605133,1.884852647781372,-0.7614741325378418,-0.04066304862499237,-0.1424320936203003,-0.09022710472345352,0.29701995849609375,0.030207950621843338,-0.06851246953010559,0.10363348573446274,0.0817001461982727,-0.07836345583200455,-0.2004111111164093,0.6517313122749329,-0.4387388527393341,0.88261878490448,0.22929027676582336,1.1083353757858276,0.588341236114502,-0.12034190446138382,0.49848824739456177,0.18249504268169403,-0.6943712830543518,-0.1716584712266922,-0.38266298174858093,0.0771598070859909,0.31112247705459595]","[-3.6034746170043945,1.4020379781723022,0.24396954476833344,3.8256821632385254,-1.239944577217102,-0.38525155186653137,-1.8172695636749268,-1.481197714805603,0.077339306473732,1.4973652362823486,-0.2544673979282379,0.1850910186767578,-0.3012389540672302,0.2633630037307739,5.357677936553955,-0.43710580468177795,-0.9602139592170715,-4.262481212615967,-0.2976474463939667,0.7254480123519897,0.3198377788066864,-2.3848960399627686,-2.4050512313842773,-1.7971712350845337,4.923212051391602,-0.587288498878479,-0.8127518892288208,-0.35576850175857544,3.538149118423462]",0.07825285941362381,0.0390625,0.041182972490787506,0.08339054882526398,0.09590864926576614,4.795432463288307,0,0,0,0.46718263626098633,0.4951355457305908,0.9804861545562744,0.9433120489120483,0.9880321025848389,0.955954909324646,-0.03467090427875519,-0.0,-0.0,0.0,0.0,0.0,0.0
159,3.18,159,"[-1.3613827228546143,0.37753158807754517,0.11311177909374237,1.7651642560958862,-0.6910413503646851,-0.13464072346687317,-0.690866231918335,-0.37469980120658875,-0.10890889912843704,0.9546800851821899,-0.23372264206409454,0.14331480860710144,0.02352212928235531,-0.10245846956968307,-0.025827180594205856,-1.7244690656661987,0.8287556171417236,-0.9673559069633484,0.5864694118499756,0.30220019817352295,0.28459346294403076,0.9181779026985168,-2.138723373413086,-1.3682091236114502,1.336398959159851,0.4981435239315033,-0.32266712188720703,-0.06255599856376648,-0.7658127546310425]","[-1.291482925415039,0.439816951751709,0.10709282755851746,1.6494060754776,-0.5554284453392029,-0.13184572756290436,-0.6464180946350098,-0.3576439321041107,-0.14225880801677704,0.9236394166946411,-0.18968015909194946,0.08681882917881012,0.02280181646347046,-0.09866280108690262,-0.05457610636949539,-1.8177276849746704,0.8149574995040894,-1.0513807535171509,0.7530208230018616,0.3014780879020691,0.12533977627754211,1.0130959749221802,-2.152405023574829,-1.3067337274551392,1.361591100692749,0.5515184998512268,-0.3647879362106323,0.08173572272062302,-0.7388318777084351]","[-1.5061676502227783,0.47341734170913696,-0.17639268934726715,1.563340425491333,-1.0273114442825317,-0.392816960811615,-0.0007733702659606934,-0.0007361173629760742,0.0011000782251358032,-0.0027045607566833496,0.003499537706375122,0.0010464340448379517,0.014529097825288773,-0.010439008474349976,-0.04337649047374725,0.7428467273712158,-0.7230088114738464,0.9393483400344849,0.3061562776565552,1.3674155473709106,0.2986446022987366,0.08114278316497803,0.10481476783752441,0.036340951919555664,-0.09816288948059082,-0.3744199872016907,0.19870027899742126,1.0304468870162964,0.2011820673942566]","[-1.6677812337875366,0.5845450758934021,-0.2670971155166626,1.575987696647644,-1.3201816082000732,-0.1358060985803604,-0.10071177035570145,-0.10530658066272736,0.19074438512325287,0.010956883430480957,-0.05945852771401405,0.10290693491697311,0.05964979901909828,0.0044378237798810005,-0.20116358995437622,0.6317960023880005,-0.5280190706253052,0.9321584701538086,0.257609486579895,1.1204601526260376,0.5539839863777161,-0.060232046991586685,0.528779923915863,0.08794083446264267,-0.8129748702049255,-0.23423169553279877,-0.45805221796035767,0.05231080576777458,0.37206172943115234]","[-3.6280300617218018,1.410014033317566,0.23594409227371216,3.926085948944092,-1.2735403776168823,-0.4022262990474701,-1.839786410331726,-1.451972484588623,0.08245743811130524,1.5236949920654297,-0.24505461752414703,0.1879490315914154,-0.3513747751712799,0.3100026547908783,5.366835117340088,-0.49095091223716736,-1.0991711616516113,-4.173680782318115,-0.2960365116596222,0.7817173004150391,0.32272276282310486,-2.4279587268829346,-2.380431890487671,-1.82111656665802,4.853381156921387,-0.5544392466545105,-0.8166137337684631,-0.264746755361557,3.517683267593384]",0.07894774526357651,0.03642537444829941,0.04138265550136566,0.08178101480007172,0.09650351107120514,4.825175553560257,0,0,0,0.4665895700454712,0.4957640469074249,0.9803288578987122,0.9454959034919739,0.9924110770225525,0.9796647429466248,-0.03507894650101662,-0.0,-0.0,0.0,0.0,0.0,0.0
160,3.2,160,"[-1.3939176797866821,0.3878571689128876,0.10939259082078934,1.8031855821609497,-0.7249411344528198,-0.14430616796016693,-0.6908824443817139,-0.3747154176235199,-0.10888560861349106,0.9546234011650085,-0.23364926874637604,0.14333704113960266,0.023808550089597702,-0.10261952131986618,-0.026454638689756393,-1.709497332572937,0.8154342770576477,-0.9489570260047913,0.5909168124198914,0.3301354646682739,0.2911182940006256,0.9194846153259277,-2.1363131999969482,-1.3690195083618164,1.334083914756775,0.486103892326355,-0.31829899549484253,-0.038551148027181625,-0.7608137726783752]","[-1.3306243419647217,0.45063745975494385,0.10013985633850098,1.6839137077331543,-0.5712271928787231,-0.13481324911117554,-0.6473020315170288,-0.3592173159122467,-0.13705657422542572,0.9241677522659302,-0.19086405634880066,0.08900026232004166,0.026313841342926025,-0.09922883659601212,-0.055968571454286575,-1.805178165435791,0.80313640832901,-1.0298742055892944,0.7589224576950073,0.32616156339645386,0.13598844408988953,1.011411190032959,-2.14025616645813,-1.3048474788665771,1.342158317565918,0.5473302006721497,-0.37579336762428284,0.08269625902175903,-0.7307705879211426]","[-1.5297263860702515,0.4819519817829132,-0.17832127213478088,1.6115754842758179,-1.1139750480651855,-0.3956381380558014,-0.0008463859558105469,-0.0008314847946166992,0.0012354925274848938,-0.0029861927032470703,0.003859773278236389,0.001185387372970581,0.013148132711648941,-0.014010816812515259,-0.04208139330148697,0.7247775793075562,-0.7174983620643616,0.9141623973846436,0.3062903881072998,1.3809800148010254,0.288284569978714,0.08231848478317261,0.09874105453491211,0.0342637300491333,-0.0985860824584961,-0.3438897430896759,0.20706728100776672,0.8699288964271545,0.19301027059555054]","[-1.8338584899902344,0.47677233815193176,-0.49408403038978577,2.0899393558502197,0.763190507888794,-0.08294422179460526,-0.05438118055462837,-0.0745929554104805,0.34154611825942993,0.026448551565408707,-0.059317298233509064,0.10077164322137833,0.26191043853759766,-0.08336831629276276,-0.05209764838218689,0.6446325778961182,-0.5436567664146423,1.055971384048462,0.2291829138994217,1.2197656631469727,0.5450530648231506,-0.06994792073965073,0.628430187702179,0.10796519368886948,-0.9695852994918823,-0.21025386452674866,-0.5532044172286987,0.04760828986763954,0.3851981461048126]","[-3.652557134628296,1.41739821434021,0.22551682591438293,4.027223587036133,-1.2867767810821533,-0.4088567793369293,-1.8631689548492432,-1.4280809164047241,0.08566798269748688,1.554039478302002,-0.2336355596780777,0.19235065579414368,-0.39183109998703003,0.34398558735847473,5.377156734466553,-0.5435041189193726,-1.227785348892212,-4.079130172729492,-0.2865014970302582,0.8419160842895508,0.32195034623146057,-2.4632105827331543,-2.355304002761841,-1.8334870338439941,4.779214382171631,-0.5186339020729065,-0.824345588684082,-0.17442229390144348,3.48492693901062]",0.07952781021595001,0.034119464457035065,0.04202419891953468,0.0811271071434021,0.09655585885047913,4.827792942523956,0,0,0,0.4660954177379608,0.4962879717350006,0.9796323180198669,0.9471554160118103,0.9873623847961426,0.984443724155426,-0.03318456560373306,-0.0,-0.0,0.0,0.0,0.0,0.0
161,3.22,161,"[-1.4225717782974243,0.3968096673488617,0.10597892850637436,1.829627275466919,-0.7356003522872925,-0.15046624839305878,-0.6909000873565674,-0.3747330605983734,-0.10885947942733765,0.9545606374740601,-0.2335682511329651,0.14336222410202026,0.024048054590821266,-0.10301890224218369,-0.02751043625175953,-1.6954779624938965,0.8000556826591492,-0.9307894110679626,0.5987210273742676,0.35743939876556396,0.2961248457431793,0.9214706420898438,-2.1347737312316895,-1.3668385744094849,1.3324555158615112,0.48438793420791626,-0.31438443064689636,-0.027758842334151268,-0.7580923438072205]","[-1.358917236328125,0.46049001812934875,0.08861048519611359,1.722364902496338,-0.5645682215690613,-0.13593702018260956,-0.6491284370422363,-0.36115431785583496,-0.13092994689941406,0.9244913458824158,-0.19201520085334778,0.09080278873443604,0.03058244287967682,-0.10098181664943695,-0.05866830050945282,-1.791132926940918,0.7911827564239502,-1.0056114196777344,0.7637819051742554,0.35245639085769653,0.14514078199863434,1.0089014768600464,-2.126340866088867,-1.3038403987884521,1.321547031402588,0.5420936942100525,-0.3868933320045471,0.08347827196121216,-0.7229721546173096]","[-1.4888942241668701,0.46816468238830566,-0.16959048807621002,1.4463335275650024,-0.958038866519928,-0.3389008343219757,-0.0009194016456604004,-0.0009305775165557861,0.0013755634427070618,-0.0032827258110046387,0.004233792424201965,0.0013306736946105957,0.013179518282413483,-0.015157833695411682,-0.03727013245224953,0.707891583442688,-0.7161155343055725,0.9100869297981262,0.2962753176689148,1.3879039287567139,0.2858176827430725,0.08105486631393433,0.0873863697052002,0.013297796249389648,-0.09059906005859375,-0.37263408303260803,0.20783990621566772,0.7925451993942261,0.18760263919830322]","[-1.4321718215942383,0.48009824752807617,-0.5250108242034912,1.6271661520004272,-0.951592206954956,-0.11686845123767853,-0.04745514690876007,-0.10945668071508408,0.25345614552497864,0.014352650381624699,-0.058428358286619186,0.08595817536115646,0.17728056013584137,-0.04479218274354935,-0.09019666910171509,0.6637443900108337,-0.5563936233520508,1.1880697011947632,0.18378250300884247,1.282543420791626,0.45649611949920654,-0.12258955091238022,0.6137895584106445,0.023322001099586487,-0.9691281914710999,-0.27992528676986694,-0.5217350721359253,0.03422387316823006,0.3861251771450043]","[-3.6816446781158447,1.4488731622695923,0.22447922825813293,4.070072650909424,-1.3378376960754395,-0.4165995419025421,-1.879352331161499,-1.4256137609481812,0.08295728266239166,1.5678915977478027,-0.23765802383422852,0.19277983903884888,-0.4310654401779175,0.40860041975975037,5.381209373474121,-0.5938383340835571,-1.3417900800704956,-3.976868152618408,-0.260102242231369,0.8861498236656189,0.3159432113170624,-2.53147292137146,-2.3142261505126953,-1.855023980140686,4.734243392944336,-0.46905237436294556,-0.8384068012237549,-0.07606950402259827,3.4585888385772705]",0.08010789006948471,0.0318695493042469,0.0424298420548439,0.08264751732349396,0.09582050144672394,4.791025072336197,0,0,0,0.465602844953537,0.49677225947380066,0.9792975187301636,0.9444405436515808,0.9900425672531128,0.9464141130447388,-0.031544800847768784,-0.0,-0.0,0.0,0.0,0.0,0.0
162,3.24,162,"[-1.453473448753357,0.4065837562084198,0.10260897129774094,1.8610389232635498,-0.7632626891136169,-0.15786220133304596,-0.6909192204475403,-0.37475264072418213,-0.10883058607578278,0.9544920921325684,-0.23347991704940796,0.14339026808738708,0.02433573082089424,-0.10322583466768265,-0.027945443987846375,-1.6811816692352295,0.7867896556854248,-0.9125535488128662,0.602767825126648,0.3856516182422638,0.3025510013103485,0.9227268099784851,-2.1328177452087402,-1.3684875965118408,1.3304599523544312,0.47119852900505066,-0.3099853992462158,-0.006849341094493866,-0.7533096671104431]","[-1.3977980613708496,0.47035470604896545,0.0812646895647049,1.750967025756836,-0.5958099961280823,-0.14008164405822754,-0.6490063667297363,-0.36348122358322144,-0.12564991414546967,0.9250392913818359,-0.19397571682929993,0.09253226220607758,0.034683819860219955,-0.10132017731666565,-0.058906376361846924,-1.7768800258636475,0.7781444787979126,-0.9759852886199951,0.7683745622634888,0.3822496235370636,0.15227510035037994,1.0042756795883179,-2.111661434173584,-1.3026195764541626,1.2974001169204712,0.5376101136207581,-0.40072670578956604,0.08424798399209976,-0.7139204740524292]","[-1.5371054410934448,0.47934576869010925,-0.16734172403812408,1.510179042816162,-1.219724178314209,-0.3395591080188751,-0.0009894371032714844,-0.001029670238494873,0.0015154480934143066,-0.003579258918762207,0.0046059489250183105,0.001477077603340149,0.016931630671024323,-0.0036681070923805237,-0.014239130541682243,0.8980810642242432,-0.8052229881286621,1.4325664043426514,0.21493732929229736,1.8975504636764526,0.21434202790260315,-0.1446649432182312,0.5499005317687988,-0.04805922508239746,-0.8564531803131104,-0.8029982447624207,-0.15050768852233887,1.3593239784240723,0.4830285906791687]","[-1.9986697435379028,0.4614815413951874,-0.39854365587234497,1.7000212669372559,-0.3711673319339752,-0.16009198129177094,-0.011805552989244461,-0.13064807653427124,0.3179607391357422,0.030127398669719696,-0.11517589539289474,0.08532267063856125,0.24867895245552063,-0.051587603986263275,-0.004143483471125364,0.7110394239425659,-0.6203511953353882,1.4796700477600098,0.16746960580348969,1.4960752725601196,0.3616339862346649,-0.23998871445655823,0.7449468970298767,0.07857798039913177,-1.2178064584732056,-0.20322372019290924,-0.725692093372345,0.04180652275681496,0.4390682280063629]","[-3.766613006591797,1.483024001121521,0.22389405965805054,4.180838108062744,-1.3577954769134521,-0.4278634488582611,-1.8817049264907837,-1.4479879140853882,0.08767403662204742,1.5805354118347168,-0.2678585648536682,0.202740877866745,-0.49192047119140625,0.44665172696113586,5.410833358764648,-0.6291441917419434,-1.4375842809677124,-3.8511574268341064,-0.1990959495306015,0.9963051676750183,0.31136354804039,-2.5454628467559814,-2.2997336387634277,-1.8417109251022339,4.623806476593018,-0.46096116304397583,-0.8752192258834839,0.024536192417144775,3.4132306575775146]",0.08051561564207077,0.02957797423005104,0.04329698532819748,0.08152957260608673,0.09532412886619568,4.766206443309784,0,0,0,0.46523645520210266,0.497214674949646,0.9784213304519653,0.9471772313117981,0.9743366241455078,0.9525155425071716,-0.048695363104343414,-0.0,-0.0,0.0,0.0,0.0,0.0
163,3.2600000000000002,163,"[-1.484055995941162,0.41598349809646606,0.09928525984287262,1.8900344371795654,-0.784389317035675,-0.16404861211776733,-0.6909396648406982,-0.3747742474079132,-0.10879886150360107,0.9544174671173096,-0.23338401317596436,0.14342130720615387,0.02472531981766224,-0.1031656265258789,-0.02808000147342682,-1.6595547199249268,0.7678467631340027,-0.8734867572784424,0.6073185205459595,0.4333414137363434,0.30469852685928345,0.9156840443611145,-2.1127777099609375,-1.3687609434127808,1.2981973886489868,0.45226800441741943,-0.3204047381877899,0.0266141165047884,-0.7387712001800537]","[-1.4293330907821655,0.47874677181243896,0.07231999188661575,1.787677526473999,-0.5821353197097778,-0.14134244620800018,-0.651786744594574,-0.36809733510017395,-0.11995696276426315,0.926417887210846,-0.19872942566871643,0.09414756298065186,0.0373661145567894,-0.10267449915409088,-0.06363195925951004,-1.759722352027893,0.7618149518966675,-0.9391286969184875,0.7734610438346863,0.41843172907829285,0.1570630818605423,0.9974855184555054,-2.0908877849578857,-1.302278995513916,1.265917181968689,0.5320416688919067,-0.419016569852829,0.08508472889661789,-0.7034627199172974]","[-1.5131741762161255,0.4595942795276642,-0.16786083579063416,1.3280630111694336,-0.7674530148506165,-0.2784624695777893,-0.0010579824447631836,-0.0011302530765533447,0.0016579404473304749,-0.0038832426071166992,0.004984065890312195,0.001627206802368164,0.018008286133408546,-0.003767944872379303,-0.025240657851099968,1.211017370223999,-1.185868740081787,2.4642035961151123,0.4090547561645508,2.8764359951019287,-0.11326298117637634,-0.5089327692985535,1.412034034729004,0.1773923635482788,-2.3362905979156494,-0.5690299272537231,-0.9009554982185364,1.0668658018112183,0.8713483810424805]","[-1.4335966110229492,0.39004993438720703,-0.5111598372459412,1.8156335353851318,0.7388244271278381,-0.02896088734269142,-0.17582286894321442,-0.2785628139972687,0.2715260684490204,0.08317658305168152,-0.29704347252845764,0.0782686248421669,0.07662323862314224,-0.06248164176940918,-0.2987869381904602,0.8487235903739929,-0.7942784428596497,1.835937261581421,0.20995835959911346,1.8205965757369995,0.22275763750076294,-0.3343554437160492,1.0377006530761719,-0.004128588363528252,-1.580397605895996,-0.30659669637680054,-0.9256976842880249,0.04143420606851578,0.5220196843147278]","[-3.864715099334717,1.5165730714797974,0.22591876983642578,4.223609924316406,-1.373859167098999,-0.4306136667728424,-1.903167724609375,-1.5071827173233032,0.10734595358371735,1.5859942436218262,-0.33895018696784973,0.20114478468894958,-0.5690268874168396,0.5191203951835632,5.477991104125977,-0.6819429397583008,-1.5415410995483398,-3.7054247856140137,-0.09367816150188446,1.155078649520874,0.2558425962924957,-2.5668487548828125,-2.274845600128174,-1.857197880744934,4.476281642913818,-0.4665229320526123,-0.9247229099273682,0.1442987024784088,3.364410638809204]",0.08094876259565353,0.02829969860613346,0.04380054026842117,0.08435291796922684,0.0948903039097786,4.74451519548893,0,0,0,0.4648877680301666,0.4974956512451172,0.9778878688812256,0.9436607360839844,0.992244303226471,0.9455981850624084,-0.07725971192121506,-0.0,-0.0,0.0,0.0,0.0,0.0
164,3.2800000000000002,164,"[-1.514000415802002,0.42496752738952637,0.09589453786611557,1.9141614437103271,-0.7939608097076416,-0.16900070011615753,-0.6909615397453308,-0.37479785084724426,-0.10876426845788956,0.9543367624282837,-0.23328055441379547,0.1434553563594818,0.025056062266230583,-0.10337655246257782,-0.028955070301890373,-1.6327409744262695,0.7393549084663391,-0.8139854073524475,0.61913001537323,0.500709056854248,0.29802048206329346,0.902369499206543,-2.07633638381958,-1.3613919019699097,1.2370083332061768,0.44843733310699463,-0.3460236191749573,0.03582528978586197,-0.7184557318687439]","[-1.4665924310684204,0.48537060618400574,0.06670238822698593,1.8169845342636108,-0.5972259640693665,-0.14525923132896423,-0.6554381251335144,-0.37551525235176086,-0.11305414140224457,0.9271856546401978,-0.21670882403850555,0.09585878998041153,0.03842157870531082,-0.10290709137916565,-0.0697328969836235,-1.741020679473877,0.740665853023529,-0.8933172821998596,0.7806452512741089,0.4629257321357727,0.15974161028862,0.988660991191864,-2.0667927265167236,-1.3023302555084229,1.227624773979187,0.5259813070297241,-0.4417093098163605,0.08581562340259552,-0.6905778646469116]","[-1.5132933855056763,0.4557512700557709,-0.16857311129570007,1.2359082698822021,-0.5970120429992676,-0.2496182918548584,-0.0011280179023742676,-0.0012315809726715088,0.00180024653673172,-0.004179775714874268,0.005354732275009155,0.001776963472366333,0.01765163615345955,-0.00437665730714798,-0.030104536563158035,1.3156652450561523,-1.4097795486450195,2.982020378112793,0.5142897367477417,3.3993446826934814,-0.34643784165382385,-0.6619885563850403,1.8254578113555908,0.3403604030609131,-3.057605028152466,-0.427023321390152,-1.302135705947876,0.8445214629173279,1.070508360862732]","[-1.8043131828308105,0.3001804053783417,-0.292618989944458,1.6102584600448608,0.2423839271068573,-0.1372659057378769,-0.1671416163444519,-0.39747384190559387,0.324189692735672,0.11232201009988785,-0.8835657238960266,0.11149149388074875,0.05042760446667671,-0.03710341826081276,-0.2661704421043396,0.8895676136016846,-1.025208592414856,2.2884018421173096,0.3307168483734131,2.242652177810669,0.09835715591907501,-0.4317982494831085,1.1927984952926636,-0.00571051612496376,-1.9381446838378906,-0.311930388212204,-1.147219181060791,0.03801650181412697,0.6429170966148376]","[-3.976217031478882,1.542513132095337,0.22226420044898987,4.259267330169678,-1.4414312839508057,-0.4491923749446869,-1.896746277809143,-1.5947149991989136,0.15632297098636627,1.6010055541992188,-0.3873893916606903,0.19350212812423706,-0.6409521102905273,0.575870156288147,5.573554039001465,-0.7503196001052856,-1.6505417823791504,-3.5119857788085938,0.04465539753437042,1.3404288291931152,0.1673426330089569,-2.5693185329437256,-2.233707904815674,-1.8561204671859741,4.315273284912109,-0.4605798125267029,-0.9609569907188416,0.25681087374687195,3.354064702987671]",0.08126017451286316,0.026886029168963432,0.044322382658720016,0.08357806503772736,0.09479951858520508,4.739975929260254,0,0,0,0.4645836651325226,0.4977589547634125,0.9774596691131592,0.9430435299873352,0.99125075340271,0.9691776037216187,-0.10329768061637878,-0.0,-0.0,0.0,0.0,0.0,0.0
165,3.3000000000000003,165,"[-1.5445877313613892,0.4342135488986969,0.09254233539104462,1.9394707679748535,-0.8082697987556458,-0.17403334379196167,-0.6909847855567932,-0.37482351064682007,-0.1087268516421318,0.9542502760887146,-0.233169823884964,0.14349238574504852,0.02543138526380062,-0.10334069281816483,-0.02928418293595314,-1.6069281101226807,0.7114555835723877,-0.7542059421539307,0.6278901100158691,0.5693151950836182,0.2908410131931305,0.8892045021057129,-2.039759397506714,-1.3551465272903442,1.1758931875228882,0.43518707156181335,-0.37249016761779785,0.06039497256278992,-0.6959508657455444]","[-1.5071865320205688,0.4910142123699188,0.06265221536159515,1.845311164855957,-0.6099774241447449,-0.14793933928012848,-0.6584765315055847,-0.3846655488014221,-0.10865780711174011,0.9307607412338257,-0.22966530919075012,0.09821099787950516,0.03905436024069786,-0.10366399586200714,-0.07511385530233383,-1.723414421081543,0.7162101864814758,-0.8432505130767822,0.7895936965942383,0.5129589438438416,0.16079014539718628,0.978929340839386,-2.040210008621216,-1.3025234937667847,1.1848502159118652,0.5198860764503479,-0.46691352128982544,0.08668714761734009,-0.6768407821655273]","[-1.519465446472168,0.4520989954471588,-0.16601011157035828,1.184016466140747,-0.5484819412231445,-0.2201378345489502,-0.0011935830116271973,-0.0013358891010284424,0.0019459053874015808,-0.004486739635467529,0.005736202001571655,0.0019323080778121948,0.017948634922504425,-0.0028969720005989075,-0.031141890212893486,1.2146741151809692,-1.4741122722625732,2.9831857681274414,0.5677387118339539,3.428816795349121,-0.45993030071258545,-0.5860656499862671,1.7719745635986328,0.42675137519836426,-3.015381097793579,-0.3834761679172516,-1.3608574867248535,0.8394718170166016,1.0715097188949585]","[-2.0456621646881104,0.25533556938171387,-0.1393129825592041,1.453669548034668,-0.2113965004682541,-0.11461491882801056,-0.11559771746397018,-0.49612224102020264,0.2205764204263687,0.17272762954235077,-0.5483520030975342,0.10235565155744553,0.023937512189149857,-0.053278956562280655,-0.1802409291267395,0.7877439856529236,-1.1778234243392944,2.4221689701080322,0.42509475350379944,2.462707281112671,0.037853553891181946,-0.4616774916648865,1.2545945644378662,-0.011163652874529362,-2.0876047611236572,-0.296120285987854,-1.2292109727859497,0.04791625961661339,0.6673346757888794]","[-4.0518622398376465,1.557773470878601,0.23186269402503967,4.333728313446045,-1.4662007093429565,-0.442170113325119,-1.9103996753692627,-1.642969012260437,0.1700909286737442,1.583512544631958,-0.3854508697986603,0.20149415731430054,-0.7060036659240723,0.6218129992485046,5.641398906707764,-0.8075554370880127,-1.744521975517273,-3.354811668395996,0.1909817010164261,1.484196424484253,0.07319465279579163,-2.5782129764556885,-2.1684231758117676,-1.8366198539733887,4.206592559814453,-0.4299595355987549,-1.0093351602554321,0.382082462310791,3.330960988998413]",0.08144667744636536,0.02659601904451847,0.044872768223285675,0.08421110361814499,0.09476346522569656,4.738173261284828,0,0,0,0.4643906354904175,0.4978484809398651,0.9769843220710754,0.9419685006141663,0.9836202263832092,0.9483969807624817,-0.07503598183393478,-0.0,-0.0,0.0,0.0,0.0,0.0
166,3.3200000000000003,166,"[-1.5747790336608887,0.4430514872074127,0.08925413340330124,1.961522102355957,-0.8159000873565674,-0.17780621349811554,-0.6910092830657959,-0.3748512864112854,-0.1086864322423935,0.954157292842865,-0.2330511063337326,0.1435326486825943,0.02577400766313076,-0.10349243134260178,-0.030200745910406113,-1.5841540098190308,0.6803904175758362,-0.6946579813957214,0.6418395638465881,0.6378617286682129,0.27962327003479004,0.8789268732070923,-2.0054574012756348,-1.344321846961975,1.1163930892944336,0.43309828639030457,-0.4004579186439514,0.06940416246652603,-0.6755953431129456]","[-1.5440200567245483,0.49565383791923523,0.0572732537984848,1.8793892860412598,-0.599868655204773,-0.14824903011322021,-0.6633244156837463,-0.39654541015625,-0.1021374836564064,0.9302312731742859,-0.24402470886707306,0.10177773982286453,0.03932853415608406,-0.10701722651720047,-0.08106581121683121,-1.707802176475525,0.6899704933166504,-0.7932355999946594,0.7997163534164429,0.5651798248291016,0.16095705330371857,0.9691769480705261,-2.012296199798584,-1.3025051355361938,1.1413847208023071,0.5142194032669067,-0.4921826124191284,0.08792898058891296,-0.6638659834861755]","[-1.5479445457458496,0.45509934425354004,-0.16667266190052032,1.1595278978347778,-0.49952566623687744,-0.2040315419435501,-0.0012621283531188965,-0.0014372169971466064,0.0020895153284072876,-0.004777312278747559,0.006102025508880615,0.002084299921989441,0.017638178542256355,-0.003341957926750183,-0.029488326981663704,1.1234551668167114,-1.516817569732666,2.9799954891204834,0.581495463848114,3.45456600189209,-0.5512326955795288,-0.5183130502700806,1.7210781574249268,0.49504339694976807,-2.9686124324798584,-0.361788272857666,-1.4067500829696655,0.7723223567008972,1.0770022869110107]","[-1.9100128412246704,0.2731095254421234,-0.21958445012569427,1.470296859741211,-0.7223408222198486,-0.022212624549865723,-0.21096713840961456,-0.5834221243858337,0.215351864695549,0.018140075728297234,-0.5988709330558777,0.266981303691864,0.0060364739038050175,-0.15449434518814087,-0.2613174021244049,0.6857552528381348,-1.269717812538147,2.376535415649414,0.49563440680503845,2.53244948387146,0.002873109420761466,-0.45408689975738525,1.2932727336883545,-0.007839574478566647,-2.055009365081787,-0.27198663353919983,-1.1932573318481445,0.0714692771434784,0.6161304116249084]","[-4.101931095123291,1.5691989660263062,0.24529922008514404,4.427434921264648,-1.4553697109222412,-0.4242035448551178,-1.9435582160949707,-1.67408287525177,0.17812396585941315,1.552039623260498,-0.3763500452041626,0.2133384346961975,-0.7636005878448486,0.6761724352836609,5.681292533874512,-0.8515121936798096,-1.838287115097046,-3.213390350341797,0.3311236798763275,1.6010128259658813,-0.019408080726861954,-2.587028980255127,-2.0894551277160645,-1.8160661458969116,4.123668193817139,-0.36747634410858154,-1.0595604181289673,0.5156495571136475,3.311838388442993]",0.08161268383264542,0.026942305266857147,0.04531741514801979,0.08672098070383072,0.09462155401706696,4.731077700853348,0,0,0,0.4642638862133026,0.4978490471839905,0.9767012000083923,0.9365373253822327,0.9889603853225708,0.9338052868843079,-0.06703947484493256,-0.0,-0.0,0.0,0.0,0.0,0.0
167,3.34,167,"[-1.6065055131912231,0.4524175226688385,0.08587542921304703,1.9858518838882446,-0.8282508254051208,-0.18219460546970367,-0.691035270690918,-0.37488099932670593,-0.10864327102899551,0.9540591835975647,-0.23292574286460876,0.1435757577419281,0.026136912405490875,-0.10347437113523483,-0.03046371601521969,-1.5619899034500122,0.6507828831672668,-0.6350061297416687,0.6511499285697937,0.7074978351593018,0.26879170536994934,0.8684719800949097,-1.9709162712097168,-1.3353447914123535,1.0571486949920654,0.4207155406475067,-0.4287601709365845,0.09128786623477936,-0.652870774269104]","[-1.5840703248977661,0.5018095970153809,0.05380897596478462,1.9106910228729248,-0.602781355381012,-0.14811274409294128,-0.6678537726402283,-0.40861940383911133,-0.10095138847827911,0.9321043491363525,-0.2507472038269043,0.10794402658939362,0.039385754615068436,-0.11080338805913925,-0.08677241951227188,-1.694566011428833,0.6621590256690979,-0.7434289455413818,0.8111758828163147,0.6190126538276672,0.16053098440170288,0.9594231843948364,-1.9842413663864136,-1.3016530275344849,1.0984699726104736,0.5094940066337585,-0.5175043344497681,0.0901118814945221,-0.6516948938369751]","[-1.555529236793518,0.4484221339225769,-0.1609906554222107,1.0957002639770508,-0.4493921995162964,-0.16545318067073822,-0.001329183578491211,-0.0015489757061004639,0.0022444874048233032,-0.005103647708892822,0.006502494215965271,0.0022511929273605347,0.01799766905605793,-0.0006910413503646851,-0.027400534600019455,1.0192036628723145,-1.558336615562439,2.990417242050171,0.5968853831291199,3.4511821269989014,-0.6313629746437073,-0.4237547516822815,1.637512445449829,0.5704373121261597,-2.8978497982025146,-0.34036189317703247,-1.4700942039489746,0.7710022926330566,1.0782257318496704]","[-1.7857455015182495,0.30452072620391846,-0.25210949778556824,1.7719120979309082,0.7796007990837097,0.05097799003124237,-0.26944124698638916,-0.6543095111846924,0.038779012858867645,0.11057398468255997,-0.23174668848514557,0.252658486366272,-0.005005350336432457,-0.2773761749267578,-0.28865307569503784,0.600303590297699,-1.3248209953308105,2.3612592220306396,0.5312491655349731,2.6130800247192383,-0.02312825620174408,-0.4602377116680145,1.373497724533081,0.030291449278593063,-2.051759958267212,-0.25980162620544434,-1.2094643115997314,0.15510745346546173,0.5584484338760376]","[-4.160274028778076,1.5810195207595825,0.2644485831260681,4.546004295349121,-1.4545259475708008,-0.41433247923851013,-1.9704968929290771,-1.706548810005188,0.17765583097934723,1.526550054550171,-0.3540228307247162,0.22561123967170715,-0.8277999758720398,0.7345029711723328,5.721664905548096,-0.8935725688934326,-1.9359098672866821,-3.056668281555176,0.46427056193351746,1.7212913036346436,-0.10333690047264099,-2.5796332359313965,-2.0044877529144287,-1.7883020639419556,4.034670829772949,-0.29844987392425537,-1.1146668195724487,0.6421064138412476,3.273777723312378]",0.08177456259727478,0.028161102905869484,0.04578258469700813,0.08957050740718842,0.09514689445495605,4.757344722747803,0,0,0,0.46413490176200867,0.49768340587615967,0.976243793964386,0.9340806007385254,0.9922603964805603,0.9662451148033142,-0.07330344617366791,-0.0,-0.0,0.0,0.0,0.0,0.0
168,3.36,168,"[-1.6370002031326294,0.4609883725643158,0.08281450718641281,2.005350112915039,-0.8338757753372192,-0.18442434072494507,-0.6910624504089355,-0.3749132454395294,-0.10859665274620056,0.9539531469345093,-0.232791006565094,0.14362269639968872,0.026493914425373077,-0.10352007299661636,-0.03129676729440689,-1.5433858633041382,0.6180569529533386,-0.5750412940979004,0.6657149791717529,0.7759090065956116,0.25436875224113464,0.861976683139801,-1.9399569034576416,-1.3215043544769287,1.0004791021347046,0.41948381066322327,-0.4592616856098175,0.10024425387382507,-0.6324663162231445]","[-1.6264311075210571,0.5081307888031006,0.051654327660799026,1.940432071685791,-0.6151386499404907,-0.14787273108959198,-0.6719352602958679,-0.42168834805488586,-0.10209929198026657,0.9342817068099976,-0.2535233795642853,0.11207201331853867,0.0393238328397274,-0.11499904841184616,-0.09167338907718658,-1.6835230588912964,0.6328891515731812,-0.6934374570846558,0.8236746191978455,0.674018919467926,0.15925182402133942,0.9498878121376038,-1.956455945968628,-1.3003820180892944,1.0562714338302612,0.505736768245697,-0.543021023273468,0.0928899496793747,-0.6404440402984619]","[-1.4878004789352417,0.40781646966934204,-0.14443156123161316,0.9298473596572876,-0.10972172021865845,-0.052324309945106506,-0.0014036893844604492,-0.0016868114471435547,0.002434663474559784,-0.005517899990081787,0.00700242817401886,0.002460181713104248,0.01849215477705002,-0.0011399388313293457,-0.03802203759551048,0.8632928133010864,-1.672828197479248,3.0287952423095703,0.7201164960861206,3.3847734928131104,-0.7459238171577454,-0.26248693466186523,1.4774829149246216,0.7307171821594238,-2.768527030944824,-0.02566501498222351,-1.5705809593200684,0.3291230797767639,1.003526210784912]","[-1.9405215978622437,0.29515331983566284,-0.16214177012443542,1.6905840635299683,0.4980001151561737,0.048967111855745316,-0.22335244715213776,-0.7015382647514343,-0.02826148271560669,0.10445887595415115,-0.1042746901512146,0.16889943182468414,-0.010597429238259792,-0.2851102352142334,-0.21642139554023743,0.48768526315689087,-1.3854795694351196,2.3637657165527344,0.5665884017944336,2.652909755706787,-0.05366499722003937,-0.44777658581733704,1.3450778722763062,0.050026699900627136,-2.0214741230010986,-0.2026100903749466,-1.223908543586731,0.1685684472322464,0.5171971321105957]","[-4.234107494354248,1.5921486616134644,0.2725198268890381,4.6286845207214355,-1.4855064153671265,-0.41056743264198303,-1.9814319610595703,-1.7625718116760254,0.19193853437900543,1.511972188949585,-0.3317177891731262,0.22359570860862732,-0.8868173360824585,0.8141295909881592,5.764003276824951,-0.9450098276138306,-2.044989824295044,-2.8852627277374268,0.581321656703949,1.8181747198104858,-0.19069865345954895,-2.5607144832611084,-1.888448715209961,-1.7936254739761353,3.9534952640533447,-0.19268226623535156,-1.1635315418243408,0.7764933705329895,3.2173545360565186]",0.0818832665681839,0.0293875765055418,0.04608112946152687,0.09077940881252289,0.09510620683431625,4.755310341715813,0,0,0,0.464019775390625,0.4974776804447174,0.9760063886642456,0.9325292110443115,0.9882012605667114,0.9766488075256348,-0.07957243919372559,-0.0,-0.0,0.0,0.0,0.0,0.0
169,3.38,169,"[-1.6660175323486328,0.4687301814556122,0.08009816706180573,2.023045778274536,-0.8326396942138672,-0.18428757786750793,-0.6910914182662964,-0.3749484717845917,-0.10854588449001312,0.9538384675979614,-0.232645645737648,0.14367416501045227,0.026876598596572876,-0.103519968688488,-0.0319845974445343,-1.5274581909179688,0.5838697552680969,-0.5138543248176575,0.6799545884132385,0.8428887724876404,0.23895475268363953,0.8579725027084351,-1.911816954612732,-1.3061161041259766,0.9464076161384583,0.4196889400482178,-0.4915834069252014,0.10445278882980347,-0.6127297282218933]","[-1.6683591604232788,0.5150075554847717,0.04919271543622017,1.9714481830596924,-0.6257916688919067,-0.1463261991739273,-0.6759610176086426,-0.4357886016368866,-0.10339045524597168,0.9360812902450562,-0.2547140121459961,0.11585698276758194,0.03892155736684799,-0.12007968872785568,-0.09631799906492233,-1.6737838983535767,0.6038120985031128,-0.644240140914917,0.8354546427726746,0.728908360004425,0.157692551612854,0.9406070709228516,-1.929176688194275,-1.298057198524475,1.0156359672546387,0.503391444683075,-0.568223237991333,0.09584613144397736,-0.6306207776069641]","[-1.5731960535049438,0.44793784618377686,-0.15489999949932098,1.0230481624603271,-0.35003721714019775,-0.09231828153133392,-0.001469254493713379,-0.0017702579498291016,0.002553872764110565,-0.005717575550079346,0.007268041372299194,0.0025819987058639526,0.01732488162815571,-0.0019803643226623535,-0.016979407519102097,0.8349567651748657,-1.5921980142593384,2.985780715942383,0.5367890000343323,3.4519240856170654,-0.7298272252082825,-0.2630949020385742,1.4795929193496704,0.666925311088562,-2.740666389465332,-0.3675483167171478,-1.5529953241348267,0.688497006893158,1.0833114385604858]","[-2.1076955795288086,0.3561214506626129,-0.07747761905193329,1.5491023063659668,-0.25682345032691956,0.0675058662891388,-0.1582198292016983,-0.7085536122322083,-0.06280253082513809,0.08175282925367355,-0.041568152606487274,0.1848374307155609,-0.02043689228594303,-0.2523103952407837,-0.15673324465751648,0.4261033833026886,-1.3606538772583008,2.3283796310424805,0.5153802037239075,2.6267871856689453,-0.061255719512701035,-0.43641528487205505,1.2564104795455933,0.11599984019994736,-1.8985023498535156,-0.1101788878440857,-1.2043700218200684,0.174245685338974,0.45514151453971863]","[-4.264414310455322,1.614854335784912,0.28294774889945984,4.7505035400390625,-1.4871809482574463,-0.3959104120731354,-2.0249569416046143,-1.796451210975647,0.1865950971841812,1.4853041172027588,-0.3121730089187622,0.23584863543510437,-0.9464126825332642,0.8964648842811584,5.764516353607178,-0.987983226776123,-2.132946252822876,-2.728518486022949,0.6883670687675476,1.9185519218444824,-0.2515576183795929,-2.5256905555725098,-1.7799376249313354,-1.7858973741531372,3.883659601211548,-0.08461122959852219,-1.2093396186828613,0.9082707762718201,3.170976161956787]",0.08196992427110672,0.03062664531171322,0.04631142318248749,0.09243553131818771,0.09454654902219772,4.727327451109886,0,0,0,0.46392861008644104,0.4972337782382965,0.9758530259132385,0.9301831126213074,0.9829458594322205,0.9481171369552612,-0.07093366235494614,-0.0,-0.0,0.0,0.0,0.0,0.0
170,3.4,170,"[-1.6999280452728271,0.47890588641166687,0.0766185075044632,2.046272039413452,-0.8478772640228271,-0.18811707198619843,-0.6911212205886841,-0.3749840557575226,-0.10849449783563614,0.9537244439125061,-0.23250028491020203,0.14372597634792328,0.027186909690499306,-0.10359928756952286,-0.031975943595170975,-1.5099875926971436,0.5543690323829651,-0.455610066652298,0.6871865391731262,0.9139859676361084,0.2251756638288498,0.8514528870582581,-1.8807731866836548,-1.2948273420333862,0.8908524513244629,0.40478187799453735,-0.5213814973831177,0.1277841329574585,-0.5891338586807251]","[-1.7116485834121704,0.5227888822555542,0.04763202741742134,2.0038444995880127,-0.6332482099533081,-0.1427822858095169,-0.679802417755127,-0.450516015291214,-0.10477882623672485,0.937545895576477,-0.2551349103450775,0.11984974890947342,0.038066305220127106,-0.1255456954240799,-0.10096731036901474,-1.6644843816757202,0.5757566094398499,-0.5959727764129639,0.8452794551849365,0.7831207513809204,0.1562759429216385,0.9313259720802307,-1.9022321701049805,-1.2939831018447876,0.9766668677330017,0.5022867918014526,-0.5937556624412537,0.09985121339559555,-0.6219741106033325]","[-1.583319902420044,0.45457929372787476,-0.15613418817520142,0.9319067001342773,-0.30143260955810547,-0.05834139883518219,-0.0015541911125183105,-0.00189170241355896,0.0027237460017204285,-0.006015598773956299,0.007656589150428772,0.0027589499950408936,0.016433652490377426,-0.005240552127361298,-0.002854876220226288,0.7565110921859741,-1.581728458404541,2.9811785221099854,0.4252612590789795,3.4510345458984375,-0.7373843789100647,-0.20695924758911133,1.4233201742172241,0.6616055965423584,-2.658273220062256,-0.5149253010749817,-1.5714198350906372,0.7569220066070557,1.1045739650726318]","[-2.2863619327545166,0.4132469594478607,0.007715560961514711,1.4392242431640625,-1.0827988386154175,0.1405642330646515,-0.1294255405664444,-0.7219727039337158,-0.0948517844080925,0.07174667716026306,-0.011414793320000172,0.19085368514060974,-0.047314394265413284,-0.2319687157869339,-0.15941670536994934,0.42143237590789795,-1.3049334287643433,2.291499137878418,0.4108263850212097,2.590087652206421,-0.054624076932668686,-0.4439171254634857,1.224450707435608,0.21230961382389069,-1.8034952878952026,-0.03633003681898117,-1.2185722589492798,0.22681160271167755,0.39635953307151794]","[-4.283907413482666,1.6395286321640015,0.29142850637435913,4.889437198638916,-1.4580405950546265,-0.3752804100513458,-2.0874760150909424,-1.8279489278793335,0.16367293894290924,1.4657258987426758,-0.30010730028152466,0.2475976049900055,-1.012736201286316,0.9813923239707947,5.767693042755127,-1.026479959487915,-2.2135629653930664,-2.5806148052215576,0.7914949059486389,2.0285840034484863,-0.2966283857822418,-2.469230890274048,-1.6670873165130615,-1.7831112146377563,3.8081610202789307,0.02300519496202469,-1.2641069889068604,1.0457597970962524,3.0855767726898193]",0.08204177767038345,0.031953565776348114,0.04685546085238457,0.0971193015575409,0.0946497693657875,4.732488468289375,0,0,0,0.4638655483722687,0.4969621002674103,0.9753556847572327,0.922631025314331,0.9864796996116638,0.9653900861740112,-0.07819539308547974,-0.0,-0.0,0.0,0.0,0.0,0.0
171,3.42,171,"[-1.7293503284454346,0.4869133532047272,0.07385279983282089,2.0603220462799072,-0.8446969985961914,-0.18662123382091522,-0.6911535859107971,-0.37502413988113403,-0.1084369346499443,0.9535978436470032,-0.23233938217163086,0.1437845230102539,0.027533944696187973,-0.10372959077358246,-0.03209879249334335,-1.4971977472305298,0.5206006169319153,-0.39460718631744385,0.6969650387763977,0.9809301495552063,0.20945937931537628,0.8496941328048706,-1.854884147644043,-1.2796518802642822,0.8400766849517822,0.3990919291973114,-0.5544402003288269,0.13472966849803925,-0.5685467720031738]","[-1.7539931535720825,0.5304907560348511,0.046744588762521744,2.038335084915161,-0.6291581988334656,-0.1368863433599472,-0.6848520040512085,-0.4673023819923401,-0.1061614528298378,0.9386958479881287,-0.25520089268684387,0.12368375062942505,0.03609570488333702,-0.13299281895160675,-0.10752502828836441,-1.6551719903945923,0.5485327839851379,-0.5500004887580872,0.8532366752624512,0.8358591794967651,0.1553381234407425,0.9222864508628845,-1.8742668628692627,-1.2888267040252686,0.9395776987075806,0.5018219947814941,-0.6196272373199463,0.1054653599858284,-0.6151246428489685]","[-1.5212148427963257,0.4488810896873474,-0.16759467124938965,0.8045494556427002,0.13859570026397705,-0.014130771160125732,-0.0016376376152038574,-0.0020071864128112793,0.0028852373361587524,-0.006286799907684326,0.008014589548110962,0.002925470471382141,0.015310710296034813,-0.011124648153781891,0.002481602132320404,0.6719410419464111,-1.5987828969955444,2.9738636016845703,0.38053542375564575,3.4325153827667236,-0.7648535370826721,-0.13250857591629028,1.3640731573104858,0.6860822439193726,-2.5705575942993164,-0.5437769293785095,-1.5884250402450562,0.6384953856468201,1.101557970046997]","[-2.0518810749053955,0.37158018350601196,-0.04216431453824043,1.732776403427124,0.32468265295028687,0.2880331873893738,-0.26112791895866394,-0.8809618949890137,-0.07057046890258789,0.05460378900170326,0.0012489783111959696,0.17628520727157593,-0.12226957082748413,-0.4106898605823517,-0.33393940329551697,0.4420280456542969,-1.2804396152496338,2.1544806957244873,0.3346235156059265,2.507079601287842,-0.038257043808698654,-0.4285977780818939,1.3402228355407715,0.23882721364498138,-1.7153129577636719,-0.02836783602833748,-1.2281465530395508,0.3185884356498718,0.28703323006629944]","[-4.282949447631836,1.6540106534957886,0.30347973108291626,5.011626243591309,-1.3876187801361084,-0.3524908125400543,-2.164834499359131,-1.880265474319458,0.1385756880044937,1.4094667434692383,-0.30351144075393677,0.25501054525375366,-1.0758748054504395,1.0671499967575073,5.777707099914551,-1.0628279447555542,-2.3068318367004395,-2.463571548461914,0.8956758379936218,2.132371664047241,-0.3391772210597992,-2.4098501205444336,-1.555870532989502,-1.795157551765442,3.736241102218628,0.13429313898086548,-1.324375867843628,1.194595217704773,2.9724009037017822]",0.08217843621969223,0.033824458718299866,0.047118231654167175,0.10221966356039047,0.09419430792331696,4.709715396165848,0,0,0,0.463777095079422,0.4966474175453186,0.9750591516494751,0.9167560338973999,0.9805685877799988,0.9589744806289673,-0.08206745982170105,-0.0,-0.0,0.0,0.0,0.0,0.0
172,3.44,172,"[-1.7607766389846802,0.49686112999916077,0.06991472095251083,2.07845401763916,-0.8423334360122681,-0.18868230283260345,-0.6911867260932922,-0.37506434321403503,-0.10837908834218979,0.9534729719161987,-0.2321797013282776,0.14384299516677856,0.027799338102340698,-0.10404427349567413,-0.03187667950987816,-1.483109951019287,0.4904177188873291,-0.33665552735328674,0.702407956123352,1.0512865781784058,0.1945815235376358,0.8461525440216064,-1.8262102603912354,-1.2673840522766113,0.7880301475524902,0.38303080201148987,-0.5849184989929199,0.1533239483833313,-0.545071542263031]","[-1.7973082065582275,0.5390167236328125,0.0481899157166481,2.0699243545532227,-0.6364027261734009,-0.132353737950325,-0.6892580389976501,-0.48419415950775146,-0.10824259370565414,0.9394730925559998,-0.2546407878398895,0.1275007277727127,0.033906690776348114,-0.14029546082019806,-0.1144205629825592,-1.6451948881149292,0.5224675536155701,-0.5053715109825134,0.8582625389099121,0.8870093822479248,0.15466050803661346,0.9128719568252563,-1.8468354940414429,-1.2832753658294678,0.9056538343429565,0.5016308426856995,-0.6435239315032959,0.11210647225379944,-0.6098443269729614]","[-1.565772294998169,0.4763506352901459,-0.11477712541818619,0.9660065174102783,-0.2845495939254761,-0.0527113676071167,-0.0016137957572937012,-0.0019818544387817383,0.002849102020263672,-0.006224215030670166,0.007927045226097107,0.0028897076845169067,0.014021201059222221,-0.011057965457439423,-0.0038413330912590027,0.7175445556640625,-1.4394067525863647,2.8161816596984863,0.35297125577926636,3.6015288829803467,-0.7774375677108765,-0.14880895614624023,1.397097110748291,0.6612658500671387,-2.6093945503234863,-0.7020689845085144,-1.496528148651123,1.0161783695220947,1.18002450466156]","[-2.0314950942993164,0.4206882417201996,0.020160090178251266,1.6510846614837646,0.22564099729061127,0.2506137192249298,-0.2212214320898056,-0.8553233742713928,-0.08025413006544113,0.032989270985126495,0.0369659848511219,0.17961861193180084,-0.10983037203550339,-0.4035783112049103,-0.33097317814826965,0.4899597764015198,-1.2174679040908813,2.1069693565368652,0.16523437201976776,2.4327962398529053,-0.030102191492915154,-0.46133342385292053,1.3200715780258179,0.25785425305366516,-1.571504831314087,-0.00939982756972313,-1.1043407917022705,0.35186758637428284,0.20437707006931305]","[-4.252845764160156,1.6758016347885132,0.31762462854385376,5.092759609222412,-1.4186501502990723,-0.3509075939655304,-2.247450113296509,-1.875219464302063,0.11226321756839752,1.37945556640625,-0.25567328929901123,0.2654646337032318,-1.106806755065918,1.168274164199829,5.768459796905518,-1.1041131019592285,-2.3683924674987793,-2.3154215812683105,0.9480652809143066,2.2202513217926025,-0.3765634596347809,-2.3370048999786377,-1.4361635446548462,-1.7982699871063232,3.6745946407318115,0.25064775347709656,-1.3570657968521118,1.3289930820465088,2.8937764167785645]",0.08234283328056335,0.036504436284303665,0.04785661771893501,0.10769039392471313,0.09391094744205475,4.695547372102737,0,0,0,0.4636422395706177,0.4960961639881134,0.9743392467498779,0.9092143774032593,0.9760485887527466,0.9426292181015015,-0.06642240285873413,-0.0,-0.0,0.0,0.0,0.0,0.0
173,3.46,173,"[-1.7919812202453613,0.505967378616333,0.06926171481609344,2.0989623069763184,-0.8560789823532104,-0.1887296885251999,-0.6912181377410889,-0.3751034140586853,-0.10832297056913376,0.9533488750457764,-0.23202230036258698,0.14390011131763458,0.028094792738556862,-0.10417190939188004,-0.03225244581699371,-1.4684959650039673,0.4630243480205536,-0.2819599211215973,0.7110838890075684,1.1249912977218628,0.17836187779903412,0.843741774559021,-1.7990002632141113,-1.2532012462615967,0.7357009053230286,0.3710091710090637,-0.614301323890686,0.1753768026828766,-0.5213457942008972]","[-1.8377506732940674,0.5476911664009094,0.04930540919303894,2.1006481647491455,-0.6448113322257996,-0.12822555005550385,-0.6948327422142029,-0.5003312826156616,-0.10940419882535934,0.9397213459014893,-0.2529677748680115,0.13024473190307617,0.03275688737630844,-0.1479855179786682,-0.12254384905099869,-1.6345261335372925,0.4972810745239258,-0.4627763330936432,0.8600665330886841,0.9357852339744568,0.1542075127363205,0.9032725691795349,-1.821151852607727,-1.278798222541809,0.8770067095756531,0.5017779469490051,-0.6641282439231873,0.11917251348495483,-0.6068800091743469]","[-1.7317652702331543,0.5160175561904907,-0.1683402806520462,1.0659575462341309,-0.41852742433547974,-0.13303756713867188,-0.0016510486602783203,-0.002084672451019287,0.0029886141419410706,-0.006553530693054199,0.008307024836540222,0.0030517578125,0.015271920710802078,-0.007279776036739349,-0.021491199731826782,0.5903750658035278,-1.4830336570739746,2.8329577445983887,0.5098313093185425,3.5737545490264893,-0.8506037592887878,0.025475025177001953,1.2292534112930298,0.8139312267303467,-2.5059194564819336,-0.3993093967437744,-1.583901047706604,0.7655922770500183,1.114395260810852]","[-1.9549204111099243,0.4092940092086792,0.06640315055847168,1.5092244148254395,-0.12745635211467743,0.194130077958107,-0.2709980607032776,-0.7886808514595032,-0.039503443986177444,0.00448596989735961,0.10530900210142136,0.11890222877264023,-0.029783552512526512,-0.3842856287956238,-0.38324475288391113,0.5000536441802979,-1.2113593816757202,2.0007803440093994,0.05552739277482033,2.3072004318237305,-0.019561389461159706,-0.44936272501945496,1.2083743810653687,0.17863328754901886,-1.2891125679016113,0.00900820642709732,-0.9421847462654114,0.3635409474372864,0.1100258156657219]","[-4.200729846954346,1.6758569478988647,0.3361913561820984,5.191363334655762,-1.4429028034210205,-0.3490026891231537,-2.3550164699554443,-1.8633599281311035,0.07717670500278473,1.3336985111236572,-0.20997685194015503,0.2680836319923401,-1.1042516231536865,1.2609394788742065,5.767845630645752,-1.17362642288208,-2.4269158840179443,-2.201728105545044,0.9731664061546326,2.3091964721679688,-0.389668732881546,-2.232635974884033,-1.3406890630722046,-1.8019436597824097,3.6424403190612793,0.37925729155540466,-1.38314688205719,1.4135680198669434,2.806720495223999]",0.08256806433200836,0.03990081697702408,0.04883847385644913,0.11613225936889648,0.09342219680547714,4.671109840273857,0,0,0,0.463454931974411,0.49535664916038513,0.973322868347168,0.8961202502250671,0.9757323265075684,0.9281247854232788,-0.06100216507911682,-0.0,-0.0,0.0,0.0,0.0,0.0
174,3.48,174,"[-1.8300472497940063,0.5175018310546875,0.06318110972642899,2.1210923194885254,-0.8590745329856873,-0.19400380551815033,-0.6912527680397034,-0.3751477301120758,-0.10825954377651215,0.9532108306884766,-0.23184742033481598,0.14396506547927856,0.02841021493077278,-0.10433546453714371,-0.03273632749915123,-1.459494948387146,0.4310963749885559,-0.22333721816539764,0.7228012084960938,1.1942367553710938,0.16055737435817719,0.8471715450286865,-1.7770401239395142,-1.2348268032073975,0.6877933740615845,0.3670584261417389,-0.6482745409011841,0.1839476376771927,-0.5004957318305969]","[-1.8727911710739136,0.5541867017745972,0.049439363181591034,2.1315040588378906,-0.6523033380508423,-0.12497763335704803,-0.7018083930015564,-0.516024112701416,-0.10834840685129166,0.9404780268669128,-0.249475359916687,0.1320168673992157,0.03227696195244789,-0.15568047761917114,-0.13169683516025543,-1.6238781213760376,0.47135159373283386,-0.42228221893310547,0.8606201410293579,0.9824155569076538,0.1540103256702423,0.8941984176635742,-1.797191858291626,-1.2762848138809204,0.8531079888343811,0.5023035407066345,-0.6821631193161011,0.12597458064556122,-0.605454683303833]","[-2.0202250480651855,0.5392715334892273,-0.20055818557739258,1.0859668254852295,-0.38797706365585327,-0.12575536966323853,-0.0017642974853515625,-0.0022761523723602295,0.003253854811191559,-0.007063150405883789,0.00894106924533844,0.003338232636451721,0.01577869988977909,-0.008229725062847137,-0.023528747260570526,0.40484368801116943,-1.5915840864181519,2.936800956726074,0.5787566304206848,3.4563422203063965,-0.8896540999412537,0.2252146601676941,1.0458767414093018,0.942307710647583,-2.3502230644226074,-0.1846812665462494,-1.7187923192977905,0.3958743214607239,1.0338038206100464]","[-1.8382610082626343,0.26047617197036743,0.2466711848974228,1.267454743385315,-1.4259564876556396,0.06949827820062637,-0.2856001555919647,-0.6474422812461853,0.24822410941123962,0.16534116864204407,0.2653294503688812,0.0646275132894516,-0.03474368527531624,-0.23922483623027802,-0.3436180353164673,0.4976404011249542,-1.2783489227294922,1.9279570579528809,0.017520438879728317,2.2097017765045166,-0.0009010718786157668,-0.41242700815200806,1.0570411682128906,0.07614963501691818,-1.0342813730239868,0.03452649712562561,-0.8347489833831787,0.3348945081233978,0.06778363138437271]","[-4.164923667907715,1.6793482303619385,0.3429068326950073,5.3134074211120605,-1.4423041343688965,-0.34889116883277893,-2.432934522628784,-1.883300542831421,0.032567158341407776,1.309579610824585,-0.18387800455093384,0.26507487893104553,-1.1130784749984741,1.3478766679763794,5.780370235443115,-1.2533236742019653,-2.471351385116577,-2.095493793487549,1.0042799711227417,2.411653518676758,-0.3850537836551666,-2.112283229827881,-1.252266764640808,-1.8075566291809082,3.610431432723999,0.5091379284858704,-1.4078935384750366,1.4779698848724365,2.6799230575561523]",0.08283699303865433,0.04437218979001045,0.049790091812610626,0.1256856918334961,0.09294586628675461,4.64729331433773,0,0,0,0.4632183015346527,0.49425098299980164,0.9723058938980103,0.8785027861595154,0.9780150651931763,0.9239619374275208,-0.0629613846540451,-0.0,-0.0,0.0,0.0,0.0,0.0
175,3.5,175,"[-1.8727902173995972,0.5275382399559021,0.06123938784003258,2.1424009799957275,-0.8715980648994446,-0.19375990331172943,-0.6912887096405029,-0.3751944601535797,-0.1081928163766861,0.953066349029541,-0.23166465759277344,0.14403364062309265,0.028725940734148026,-0.10450109839439392,-0.033193595707416534,-1.4523022174835205,0.3993609845638275,-0.16448788344860077,0.7342341542243958,1.2632449865341187,0.14277571439743042,0.8527503609657288,-1.7571651935577393,-1.2155089378356934,0.6416919827461243,0.36362192034721375,-0.6830530166625977,0.1912117749452591,-0.47999364137649536]","[-1.9056187868118286,0.558148980140686,0.05368165299296379,2.1562745571136475,-0.6532033681869507,-0.12327619642019272,-0.709194004535675,-0.5313924551010132,-0.10775314271450043,0.9411121606826782,-0.24381855130195618,0.1334780752658844,0.03260817006230354,-0.16136179864406586,-0.14188608527183533,-1.6136709451675415,0.4483352601528168,-0.38998350501060486,0.8604594469070435,1.019575595855713,0.1543467938899994,0.8875206112861633,-1.777517318725586,-1.2731595039367676,0.8356648683547974,0.5056360960006714,-0.6990209221839905,0.13224975764751434,-0.6054413914680481]","[-0.9859144687652588,0.23457109928131104,-0.06995713710784912,0.6568014621734619,-0.280173122882843,-0.007164105772972107,-1.309569239616394,-0.23930147290229797,0.4847150444984436,1.8047988414764404,-1.2616921663284302,0.22887885570526123,0.009261304512619972,-0.004692934453487396,-0.013228878378868103,0.29820501804351807,-0.7646217942237854,1.4745079278945923,-0.004184246063232422,1.7336010932922363,-0.3927607238292694,-0.023822486400604248,0.5454808473587036,0.47779083251953125,-1.1609077453613281,-0.30832961201667786,-0.8924528956413269,0.35537034273147583,0.615351676940918]","[-1.3210790157318115,0.12002965062856674,0.046047311276197433,1.3585268259048462,0.7814651727676392,0.11203092336654663,-0.4845217764377594,-0.839122474193573,0.024773521348834038,-0.02006283961236477,0.3053688406944275,0.06885932385921478,0.015116152353584766,-0.36263278126716614,-0.6199225783348083,0.5107742547988892,-1.0803513526916504,1.4151452779769897,-0.027269771322607994,1.642547845840454,0.025628330186009407,-0.2941284477710724,0.9631330966949463,0.13766776025295258,-0.750227153301239,0.16375692188739777,-0.7892599105834961,0.34641990065574646,-0.03414243832230568]","[-4.016371726989746,1.6575359106063843,0.3531785011291504,5.305967807769775,-1.3386402130126953,-0.3390417993068695,-2.597336769104004,-1.8697385787963867,-0.07214461266994476,1.3055689334869385,-0.12332499027252197,0.2794119119644165,-1.0498566627502441,1.457564115524292,5.804630756378174,-1.2203006744384766,-2.488640546798706,-2.099372148513794,0.9648069739341736,2.413072109222412,-0.3236604630947113,-1.9321656227111816,-1.1413607597351074,-1.7751491069793701,3.6432950496673584,0.7030289769172668,-1.4252541065216064,1.626023292541504,2.6205086708068848]",0.08310412615537643,0.04954828321933746,0.05089123174548149,0.13946779072284698,0.09205826371908188,4.602913185954094,0,0,0,0.46302029490470886,0.4928964078426361,0.9709101915359497,0.8580087423324585,0.9628657102584839,0.9598020315170288,-0.10459041595458984,-0.0,-0.0,0.0,0.0,0.0,0.0
176,3.52,176,"[-1.8694838285446167,0.5268846750259399,0.06038282439112663,2.147364377975464,-0.870281457901001,-0.1942903697490692,-0.7436355352401733,-0.3847197890281677,-0.08887094259262085,1.0254027843475342,-0.28231510519981384,0.153120219707489,0.02878066711127758,-0.1045231819152832,-0.033265482634305954,-1.4475667476654053,0.4005115032196045,-0.16435690224170685,0.7226338386535645,1.2635807991027832,0.14484694600105286,0.8462186455726624,-1.755220890045166,-1.2157151699066162,0.6413570642471313,0.3547252416610718,-0.6839726567268372,0.19816245138645172,-0.4758816659450531]","[-1.924604892730713,0.5579534769058228,0.058951616287231445,2.17329478263855,-0.6414557695388794,-0.12186331301927567,-0.7246243953704834,-0.5451595187187195,-0.10280255228281021,0.9449900388717651,-0.23093830049037933,0.1340862363576889,0.033293940126895905,-0.16471585631370544,-0.15497852861881256,-1.6011052131652832,0.43155360221862793,-0.3720974028110504,0.8532085418701172,1.042464017868042,0.1613018810749054,0.881796658039093,-1.7643203735351562,-1.2695260047912598,0.8267725706100464,0.5120968818664551,-0.7134082317352295,0.13689857721328735,-0.6087220907211304]","[0.1137852668762207,-0.03272742033004761,-0.041366368532180786,0.23576021194458008,0.09868741035461426,0.00363960862159729,-2.169950246810913,-0.6075650453567505,0.8334417343139648,3.01821231842041,-2.185866355895996,0.4065997898578644,0.002327375113964081,-0.0009570270776748657,-0.0025920569896698,0.24278461933135986,0.051862746477127075,0.0028736889362335205,-0.6092697381973267,0.022608041763305664,0.11849813163280487,-0.34714043140411377,0.07787346839904785,-0.007352232933044434,-0.014869868755340576,-0.4172511398792267,-0.04521757364273071,0.32564887404441833,0.2048887312412262]","[-0.7519346475601196,-0.056244347244501114,0.3702196776866913,0.6089580059051514,0.3669820725917816,0.048680685460567474,-0.761600136756897,-0.6071100831031799,0.2660483717918396,0.19438421726226807,0.7895257472991943,0.019007951021194458,0.04743777588009834,-0.07288549840450287,-0.6405807733535767,0.6945532560348511,-0.7460203766822815,0.7383982539176941,-0.5130842924118042,0.940146267414093,0.4410812258720398,-0.2827393412590027,0.5486277937889099,0.18329013884067535,-0.30122190713882446,0.35940635204315186,-0.6642552614212036,0.19817811250686646,-0.19831696152687073]","[-3.788823366165161,1.6300219297409058,0.36612391471862793,5.136485576629639,-1.2030396461486816,-0.3289300501346588,-2.7832999229431152,-1.7963460683822632,-0.18455980718135834,1.324925422668457,-0.022501051425933838,0.27297353744506836,-0.9476966857910156,1.6031852960586548,5.77932071685791,-1.1807857751846313,-2.5033905506134033,-2.1820363998413086,0.8434781432151794,2.3648877143859863,-0.22937968373298645,-1.7553480863571167,-1.0423283576965332,-1.7547142505645752,3.699903964996338,0.9379008412361145,-1.4218791723251343,1.7360615730285645,2.563141107559204]",0.08574523776769638,0.05662738159298897,0.05293624848127365,0.13791516423225403,0.08819791674613953,4.409895837306976,0,0,0,0.4605894088745117,0.49049896001815796,0.9684528112411499,0.8614763617515564,0.9160218834877014,0.8854568004608154,-0.17260022461414337,-0.0,-0.0,0.0,0.0,0.0,0.0
177,3.54,177,"[-1.8682388067245483,0.5262291431427002,0.059584733098745346,2.1518313884735107,-0.86765056848526,-0.19361431896686554,-0.7780867218971252,-0.39949706196784973,-0.07485514879226685,1.0737948417663574,-0.3190993070602417,0.16029763221740723,0.02881903573870659,-0.10453937947750092,-0.033297277987003326,-1.4425908327102661,0.4014354944229126,-0.16437293589115143,0.7098633646965027,1.2641493082046509,0.14751563966274261,0.8388647437095642,-1.7540502548217773,-1.2158030271530151,0.6410971879959106,0.3469318747520447,-0.6848617196083069,0.20423772931098938,-0.4717980921268463]","[-1.932116985321045,0.5572386384010315,0.06561456620693207,2.1834537982940674,-0.6345341801643372,-0.12121323496103287,-0.744515061378479,-0.5564267635345459,-0.098240427672863,0.949908435344696,-0.21065670251846313,0.13381342589855194,0.03573133423924446,-0.1648891568183899,-0.1681351214647293,-1.5844166278839111,0.4203285574913025,-0.35898467898368835,0.8372509479522705,1.0570614337921143,0.1714254468679428,0.8749139308929443,-1.7568461894989014,-1.263055443763733,0.8232293725013733,0.5219404697418213,-0.7249938249588013,0.13941186666488647,-0.6137572526931763]","[0.06280243396759033,-0.030718743801116943,-0.03702603280544281,0.2149641513824463,0.14200061559677124,0.033023953437805176,-1.7466306686401367,-0.71150141954422,0.6929723024368286,2.3558170795440674,-1.7453656196594238,0.3634355962276459,0.0008541624993085861,-0.00041890889406204224,-0.0002059154212474823,0.24332702159881592,0.04510805010795593,-0.000867992639541626,-0.6261974573135376,0.02910792827606201,0.13260133564472198,-0.36062151193618774,0.050574541091918945,-0.004029273986816406,-0.012117624282836914,-0.3675878047943115,-0.04290193319320679,0.28536731004714966,0.19568055868148804]","[-0.14538417756557465,-0.058669790625572205,0.3346792459487915,0.4318869709968567,0.20009545981884003,0.020001159980893135,-1.264891266822815,-0.5197513699531555,0.37888169288635254,0.5966870784759521,1.3297474384307861,-0.038716357201337814,0.14411719143390656,0.05618051439523697,-0.5732213854789734,0.8701760768890381,-0.5091520547866821,0.6456140279769897,-0.9085014462471008,0.6466931700706482,0.507249116897583,-0.3593970537185669,0.29293093085289,0.3349357843399048,-0.11136876791715622,0.5217462182044983,-0.5124446153640747,0.09859953820705414,-0.26746800541877747]","[-3.642482280731201,1.6502958536148071,0.3448149561882019,5.085810661315918,-1.0655386447906494,-0.31693652272224426,-2.8992233276367188,-1.7655229568481445,-0.252646803855896,1.433319330215454,0.003389298915863037,0.25246110558509827,-0.8716530799865723,1.7193751335144043,5.824554920196533,-1.1213405132293701,-2.510852336883545,-2.1667580604553223,0.7692181468009949,2.337050437927246,-0.14381107687950134,-1.6425836086273193,-0.9127619862556458,-1.7319766283035278,3.722364664077759,1.1115303039550781,-1.3986672163009644,1.879191279411316,2.462893009185791]",0.08792691677808762,0.06512215733528137,0.05503039062023163,0.13816528022289276,0.09040717035531998,4.520358517765999,0,0,0,0.4585345387458801,0.487117737531662,0.965569257736206,0.8621318936347961,0.9365695714950562,0.9135720133781433,-0.10313662886619568,-0.0,-0.0,0.0,0.0,0.0,0.0
178,3.56,178,"[-1.866971731185913,0.5256559252738953,0.05890178307890892,2.1559629440307617,-0.8646014332771301,-0.192969411611557,-0.8135007619857788,-0.41317984461784363,-0.061152052134275436,1.1196354627609253,-0.352129727602005,0.16765764355659485,0.028814833611249924,-0.10453993827104568,-0.03327371925115585,-1.4378336668014526,0.40231582522392273,-0.1643916219472885,0.697585940361023,1.2647451162338257,0.15015099942684174,0.8317937850952148,-1.7531979084014893,-1.2158763408660889,0.6408723592758179,0.3400217294692993,-0.6856887340545654,0.20957714319229126,-0.4680544435977936]","[-1.9325777292251587,0.5590617060661316,0.07066739350557327,2.1904892921447754,-0.6368533372879028,-0.12153784185647964,-0.7706632614135742,-0.5663477778434753,-0.09486202150583267,0.9595339298248291,-0.1826765388250351,0.13178285956382751,0.04184091463685036,-0.1647496223449707,-0.17934249341487885,-1.5672385692596436,0.4117458164691925,-0.34613728523254395,0.8171728849411011,1.0691235065460205,0.18124352395534515,0.8665028214454651,-1.752732753753662,-1.254571795463562,0.8217781782150269,0.5345785617828369,-0.7339447140693665,0.14101874828338623,-0.6199724078178406]","[0.06863176822662354,-0.026576220989227295,-0.03152666613459587,0.19932985305786133,0.15904754400253296,0.028470903635025024,-1.772281527519226,-0.6505578756332397,0.6966691613197327,2.2364675998687744,-1.6102008819580078,0.375896692276001,-0.0006799120455980301,0.00016335397958755493,0.0015178695321083069,0.22566616535186768,0.04171505570411682,-0.0009100884199142456,-0.5832359194755554,0.029075145721435547,0.12601763010025024,-0.33611953258514404,0.038877129554748535,-0.0040590763092041016,-0.01067817211151123,-0.3267556428909302,-0.039327144622802734,0.2514153718948364,0.17792880535125732]","[0.023006046190857887,0.15653300285339355,0.1942872405052185,0.3122769594192505,-0.30500689148902893,-0.03291779011487961,-1.2570706605911255,-0.46793559193611145,0.03156482055783272,0.30743804574012756,1.3670077323913574,-0.10434830188751221,0.3910878896713257,-0.02534453012049198,-0.553851306438446,0.8361747860908508,-0.3885957896709442,0.6388456225395203,-1.0356539487838745,0.5822643041610718,0.46404165029525757,-0.4467988610267639,0.16883715987205505,0.4531947672367096,-0.05320555344223976,0.6737878918647766,-0.3917950391769409,0.07670222967863083,-0.327051043510437]","[-3.591383218765259,1.6815041303634644,0.3037172257900238,5.026445388793945,-0.964228093624115,-0.31132492423057556,-2.976222276687622,-1.7679523229599,-0.2702457904815674,1.605652093887329,-0.06674981117248535,0.23754680156707764,-0.8015531301498413,1.8107706308364868,5.862980842590332,-1.0749702453613281,-2.5226964950561523,-2.155874729156494,0.7307130694389343,2.3389668464660645,-0.0779542624950409,-1.5324227809906006,-0.821355402469635,-1.718738317489624,3.7273757457733154,1.2426724433898926,-1.386700987815857,1.9958622455596924,2.336301565170288]",0.08987770229578018,0.07320816069841385,0.05722896009683609,0.14071296155452728,0.09093611687421799,4.546805843710899,0,0,0,0.45675769448280334,0.48344507813453674,0.9624093770980835,0.858287513256073,0.9425245523452759,0.9187935590744019,-0.07541228830814362,-0.0,-0.0,0.0,0.0,0.0,0.0
179,3.58,179,"[-1.8654935359954834,0.5251660943031311,0.05832366645336151,2.159804582595825,-0.8612886667251587,-0.19247548282146454,-0.8489779829978943,-0.4255193769931793,-0.04698838293552399,1.1632535457611084,-0.3835073411464691,0.17533349990844727,0.028791839256882668,-0.10453284531831741,-0.033236563205718994,-1.4335641860961914,0.40310409665107727,-0.164409339427948,0.6865339279174805,1.2653123140335083,0.15255634486675262,0.8254199624061584,-1.7524951696395874,-1.2159653902053833,0.6406700611114502,0.33386164903640747,-0.686434805393219,0.21429434418678284,-0.464680939912796]","[-1.9305979013442993,0.5615501403808594,0.07243276387453079,2.1966841220855713,-0.6464533805847168,-0.12260375916957855,-0.8019437193870544,-0.5745605826377869,-0.08999376744031906,0.9770719408988953,-0.1512906700372696,0.12513816356658936,0.04961080849170685,-0.16454525291919708,-0.18669231235980988,-1.5527081489562988,0.40445584058761597,-0.3330983519554138,0.7971476316452026,1.0815162658691406,0.1904601752758026,0.8566857576370239,-1.7517321109771729,-1.2433212995529175,0.8208436965942383,0.5508734583854675,-0.7406659722328186,0.14255684614181519,-0.627022385597229]","[0.07681846618652344,-0.022524595260620117,-0.026689283549785614,0.18495917320251465,0.1726776361465454,0.022025778889656067,-1.7826662063598633,-0.5935013294219971,0.7191745638847351,2.126103639602661,-1.5205800533294678,0.38816481828689575,-0.0011940952390432358,0.00040009617805480957,0.001680757850408554,0.19877851009368896,0.03603547811508179,-0.0011809170246124268,-0.5160808563232422,0.02728402614593506,0.11334903538227081,-0.2982288599014282,0.032961368560791016,-0.0053375959396362305,-0.009806454181671143,-0.29103606939315796,-0.034959614276885986,0.2217475324869156,0.15974417328834534]","[0.12022486329078674,0.16397355496883392,0.06363523751497269,0.29373911023139954,-0.5750749707221985,-0.06347565352916718,-1.3524208068847656,-0.3712543845176697,0.14981091022491455,0.5828000903129578,1.3912094831466675,-0.284718781709671,0.41512659192085266,-0.041185084730386734,-0.34407180547714233,0.6733220219612122,-0.338959276676178,0.6449575424194336,-0.9878196120262146,0.6346117258071899,0.44660505652427673,-0.5115572810173035,0.019082695245742798,0.5943215489387512,-0.03658542037010193,0.8639176487922668,-0.2798463702201843,0.08301287889480591,-0.37765321135520935]","[-3.587135076522827,1.7026962041854858,0.2667224407196045,4.970160961151123,-0.8545346856117249,-0.30229881405830383,-3.0285449028015137,-1.7703001499176025,-0.2535862922668457,1.7925519943237305,-0.18261629343032837,0.22409960627555847,-0.7802572846412659,1.9318737983703613,5.8901801109313965,-1.0179238319396973,-2.582975149154663,-2.170257806777954,0.7271584272384644,2.358034372329712,-0.036644015461206436,-1.4314217567443848,-0.7616802453994751,-1.7088571786880493,3.721989154815674,1.3499045372009277,-1.3786084651947021,2.0935580730438232,2.1924049854278564]",0.09179183095693588,0.07973066717386246,0.05953801050782204,0.14415541291236877,0.0907265841960907,4.536329209804535,0,0,0,0.4549807906150818,0.48005539178848267,0.9589566588401794,0.8518301844596863,0.9482489824295044,0.9169661402702332,-0.07470828294754028,-0.0,-0.0,0.0,0.0,0.0,0.0
180,3.6,180,"[-1.8638989925384521,0.5247549414634705,0.057834211736917496,2.1633613109588623,-0.8576943278312683,-0.19208838045597076,-0.8848074078559875,-0.4369198977947235,-0.032385069876909256,1.2046796083450317,-0.4129529297351837,0.18318423628807068,0.028767069801688194,-0.10452393442392349,-0.03320648893713951,-1.429882526397705,0.403757244348526,-0.164438858628273,0.6769427061080933,1.265836477279663,0.15468496084213257,0.8198646306991577,-1.7518794536590576,-1.2160898447036743,0.640480101108551,0.328380286693573,-0.6870871186256409,0.21844704449176788,-0.46166467666625977]","[-1.928533911705017,0.5641547441482544,0.07243820279836655,2.2026150226593018,-0.658355176448822,-0.123989537358284,-0.8333737850189209,-0.5808435082435608,-0.08470228314399719,0.9990666508674622,-0.15559552609920502,0.11959993094205856,0.057078395038843155,-0.16478365659713745,-0.19106970727443695,-1.5415881872177124,0.39809632301330566,-0.32045823335647583,0.778903603553772,1.0948683023452759,0.19976811110973358,0.8460298776626587,-1.7527250051498413,-1.2295327186584473,0.8198280930519104,0.5696675777435303,-0.7443128228187561,0.14544884860515594,-0.6352669596672058]","[0.08054673671722412,-0.01863539218902588,-0.02262517809867859,0.17060041427612305,0.18766075372695923,0.017577409744262695,-1.8123791217803955,-0.5524277687072754,0.7374073266983032,2.01672625541687,-1.4233052730560303,0.3940977156162262,-0.001109577715396881,0.0004211440682411194,0.001214444637298584,0.1692354679107666,0.02895444631576538,-0.0019457191228866577,-0.44290870428085327,0.02505481243133545,0.09957142174243927,-0.2572968602180481,0.029161572456359863,-0.007361173629760742,-0.009390711784362793,-0.2579137682914734,-0.030063092708587646,0.19412413239479065,0.14212355017662048]","[0.12356503307819366,0.11073693633079529,-0.03264164552092552,0.28443917632102966,-0.6001552939414978,-0.06988024711608887,-1.8021098375320435,-0.2936834990978241,0.31840261816978455,1.1159553527832031,-1.7990062236785889,-0.1790495663881302,0.3784390389919281,0.022770261391997337,-0.09356831014156342,0.48657849431037903,-0.2977805733680725,0.640740156173706,-0.8914059996604919,0.6767210364341736,0.4673018455505371,-0.5362710356712341,-0.11320271342992783,0.7183470129966736,-0.0460721030831337,0.9446955323219299,-0.12237776070833206,0.20267519354820251,-0.4201117157936096]","[-3.590470552444458,1.7204078435897827,0.22918814420700073,4.921588897705078,-0.7534226775169373,-0.28844526410102844,-3.067720651626587,-1.7724655866622925,-0.22347091138362885,1.987703561782837,-0.3453769087791443,0.2261449098587036,-0.7789453268051147,2.0408077239990234,5.888063430786133,-0.9475493431091309,-2.6613407135009766,-2.2010040283203125,0.7388833165168762,2.37190842628479,-0.01556498184800148,-1.3247144222259521,-0.7162710428237915,-1.7040691375732422,3.7192180156707764,1.4335240125656128,-1.3721693754196167,2.1757187843322754,2.053393840789795]",0.09363706409931183,0.08441664278507233,0.06186443939805031,0.1459178626537323,0.09118852019309998,4.559426009654999,0,0,0,0.45316702127456665,0.4773108661174774,0.9552697539329529,0.8459298014640808,0.9447507858276367,0.9594018459320068,-0.07640375941991806,-0.0,-0.0,0.0,0.0,0.0,0.0
181,3.62,181,"[-1.8622716665267944,0.5244206786155701,0.05741865932941437,2.16662859916687,-0.8537822365760803,-0.19177238643169403,-0.9214731454849243,-0.44761648774147034,-0.017492089420557022,1.2439225912094116,-0.4404395520687103,0.1910974085330963,0.028747456148266792,-0.10451599955558777,-0.03318798542022705,-1.4267947673797607,0.4042622745037079,-0.16448716819286346,0.6688175797462463,1.2663145065307617,0.1565392017364502,0.8151280879974365,-1.751328706741333,-1.2162598371505737,0.6402944326400757,0.32354509830474854,-0.6876373291015625,0.22205930948257446,-0.4589959979057312]","[-1.9265722036361694,0.5657931566238403,0.0714641734957695,2.2091727256774902,-0.6677116751670837,-0.12551257014274597,-0.8639347553253174,-0.5872552990913391,-0.07764964550733566,1.0255876779556274,-0.16534492373466492,0.11539222300052643,0.06320200860500336,-0.16492898762226105,-0.19117110967636108,-1.5346072912216187,0.39215943217277527,-0.3095073103904724,0.764077365398407,1.108013391494751,0.20939816534519196,0.8359519839286804,-1.7533087730407715,-1.2121745347976685,0.8201426863670349,0.5922502875328064,-0.7412592172622681,0.1528778374195099,-0.6545199155807495]","[0.08101761341094971,-0.014790892601013184,-0.01927074044942856,0.15601515769958496,0.20416975021362305,0.014363229274749756,-1.8381015062332153,-0.5199306011199951,0.7485506534576416,1.9122332334518433,-1.3190404176712036,0.39433056116104126,-0.0008214730769395828,0.00034905970096588135,0.0006853602826595306,0.1403510570526123,0.02169013023376465,-0.002904236316680908,-0.37154555320739746,0.022733211517333984,0.08621029555797577,-0.21737068891525269,0.026020407676696777,-0.009682774543762207,-0.009289383888244629,-0.22586733102798462,-0.0248640775680542,0.16732029616832733,0.1247994601726532]","[0.040607571601867676,0.08530424535274506,-0.04509154334664345,0.3272773325443268,-0.39544761180877686,-0.07781968265771866,-1.2057288885116577,-0.325596421957016,0.21359089016914368,1.0831565856933594,-0.37456852197647095,-0.1514194905757904,0.30924585461616516,-0.04231507331132889,-0.023422610014677048,0.28759264945983887,-0.30081403255462646,0.5158960819244385,-0.676491916179657,0.638280987739563,0.46893179416656494,-0.48765334486961365,-0.015508751384913921,0.9344918727874756,0.05341503396630287,1.187734603881836,0.1876261830329895,0.5246345400810242,-1.0776561498641968]","[-3.593339443206787,1.7191962003707886,0.20564699172973633,4.943870544433594,-0.672156572341919,-0.2870539128780365,-3.077758312225342,-1.776140570640564,-0.18436966836452484,2.1158764362335205,-0.46256089210510254,0.23735657334327698,-0.7829887270927429,2.0864570140838623,5.859467029571533,-0.8876144886016846,-2.6937010288238525,-2.2344794273376465,0.7799286246299744,2.3771543502807617,0.008415963500738144,-1.230873465538025,-0.656665027141571,-1.6854875087738037,3.713529348373413,1.4457098245620728,-1.3709895610809326,2.241816997528076,1.8997554779052734]",0.09522403031587601,0.08776051551103592,0.06423112750053406,0.14766649901866913,0.0909494012594223,4.547470062971115,0,0,0,0.4516553282737732,0.4754154086112976,0.9514159560203552,0.8446340560913086,0.9364489316940308,0.9336115717887878,-0.04571061581373215,-0.0,-0.0,0.0,0.0,0.0,0.0
182,3.64,182,"[-1.8606582880020142,0.5241633057594299,0.05706338211894035,2.1696019172668457,-0.8495275378227234,-0.19151385128498077,-0.9583314657211304,-0.4577171206474304,-0.0024430446792393923,1.2811689376831055,-0.46571454405784607,0.19895745813846588,0.02873421087861061,-0.10450997203588486,-0.03317907452583313,-1.4242684841156006,0.4046248495578766,-0.16455502808094025,0.6620808839797974,1.2667458057403564,0.1581333726644516,0.8111698031425476,-1.7508386373519897,-1.2164771556854248,0.6401085257530212,0.3193455934524536,-0.688081681728363,0.22513985633850098,-0.45667269825935364]","[-1.9251656532287598,0.5661930441856384,0.06990373879671097,2.216682195663452,-0.672191858291626,-0.12691634893417358,-0.8941728472709656,-0.5927141308784485,-0.06747835129499435,1.059476375579834,-0.2072773575782776,0.1134902611374855,0.0683249980211258,-0.16449536383152008,-0.18701757490634918,-1.5319364070892334,0.3856777250766754,-0.29965177178382874,0.7537429928779602,1.1204403638839722,0.21859650313854218,0.8272526860237122,-1.7575757503509521,-1.1968756914138794,0.8204795718193054,0.6120357513427734,-0.742385983467102,0.16338568925857544,-0.660429835319519]","[0.0797271728515625,-0.01093745231628418,-0.01658378168940544,0.14128684997558594,0.22163689136505127,0.011503323912620544,-1.8540993928909302,-0.4906758666038513,0.7555075287818909,1.8506169319152832,-1.2117527723312378,0.3899257779121399,-0.0005301088094711304,0.00025369226932525635,0.0002892687916755676,0.11329352855682373,0.014892220497131348,-0.003807246685028076,-0.3044113516807556,0.020363926887512207,0.07353909313678741,-0.17959624528884888,0.02295970916748047,-0.011914968490600586,-0.00934302806854248,-0.19405335187911987,-0.019553303718566895,0.14079809188842773,0.10746493935585022]","[0.04437458887696266,0.049407027661800385,-0.07584917545318604,0.3652724027633667,-0.1453770101070404,-0.06772001832723618,-1.2929465770721436,-0.3021204471588135,0.35911551117897034,1.177235722541809,-2.4159252643585205,-0.06139877811074257,0.29099345207214355,-0.02312834933400154,0.21279798448085785,0.07653336226940155,-0.3325011432170868,0.4685768187046051,-0.4606584906578064,0.6130397319793701,0.460740864276886,-0.4089597463607788,-0.2270115613937378,0.6846765279769897,0.0051804278045892715,0.9083236455917358,-0.06279739737510681,0.4985126554965973,-0.13637669384479523]","[-3.5714569091796875,1.7167376279830933,0.17828765511512756,4.941834926605225,-0.6115280985832214,-0.2752613127231598,-3.1125073432922363,-1.7693992853164673,-0.14387284219264984,2.268596649169922,-0.62074875831604,0.24225276708602905,-0.8115223050117493,2.1615827083587646,5.814663410186768,-0.808178186416626,-2.7729098796844482,-2.263925075531006,0.8306554555892944,2.377018928527832,0.004314836114645004,-1.1342960596084595,-0.6521381735801697,-1.6976386308670044,3.704254627227783,1.4734376668930054,-1.3645429611206055,2.2978079319000244,1.8092161417007446]",0.09655977040529251,0.0907345563173294,0.06639968603849411,0.14799445867538452,0.09119846671819687,4.5599233359098434,0,0,0,0.4502640962600708,0.47360146045684814,0.9475232362747192,0.8432489633560181,0.9557744264602661,0.9407845139503479,-0.051273491233587265,-0.0,-0.0,0.0,0.0,0.0,0.0
183,3.66,183,"[-1.859082579612732,0.5239831805229187,0.05675530806183815,2.1722800731658936,-0.8449167609214783,-0.1913122534751892,-0.9956371188163757,-0.4672435224056244,0.012728211469948292,1.317947268486023,-0.48890966176986694,0.20669443905353546,0.028726251795887947,-0.10450585186481476,-0.03317641466856003,-1.4222630262374878,0.40485796332359314,-0.1646394580602646,0.6566411256790161,1.2671290636062622,0.1594807654619217,0.8079442381858826,-1.7504103183746338,-1.2167364358901978,0.639920711517334,0.31578296422958374,-0.6884194612503052,0.22769123315811157,-0.4546974003314972]","[-1.9230859279632568,0.5656523108482361,0.06776058673858643,2.2248687744140625,-0.6725000143051147,-0.1281341016292572,-0.9224814176559448,-0.598092257976532,-0.05532914772629738,1.0932111740112305,-0.248160719871521,0.11247574537992477,0.0724930614233017,-0.1633397936820984,-0.17886602878570557,-1.5313751697540283,0.3800857663154602,-0.2907734513282776,0.745438814163208,1.1313823461532593,0.22750316560268402,0.8195624351501465,-1.760864019393921,-1.1799591779708862,0.8213576078414917,0.633246898651123,-0.7376245856285095,0.17440137267112732,-0.6746914386749268]","[0.07751584053039551,-0.007069110870361328,-0.01454213634133339,0.12652277946472168,0.23960024118423462,0.008514150977134705,-1.879599690437317,-0.46115145087242126,0.7589647769927979,1.803421974182129,-1.107474446296692,0.38271471858024597,-0.0003055669367313385,0.00016763806343078613,4.721805453300476e-05,0.08817911148071289,0.008776038885116577,-0.004519149661064148,-0.24151355028152466,0.017914175987243652,0.06141141057014465,-0.14390349388122559,0.019794702529907227,-0.013789534568786621,-0.009419023990631104,-0.1620367169380188,-0.014269351959228516,0.11435151100158691,0.08993968367576599]","[0.13595934212207794,-0.04451710358262062,-0.12139938026666641,0.43062466382980347,0.05871214717626572,-0.05768083035945892,-1.2587023973464966,-0.26987138390541077,0.5874197483062744,1.6509370803833008,-1.365134835243225,-0.05210305377840996,0.19385816156864166,0.0962434858083725,0.5015370845794678,0.0009386648889631033,-0.2910062372684479,0.43110549449920654,-0.39826229214668274,0.5204489827156067,0.4374902546405792,-0.3649107813835144,-0.09696977585554123,0.8778327703475952,0.06285001337528229,1.0820027589797974,0.3265121579170227,0.6639819741249084,-0.9154472947120667]","[-3.5564706325531006,1.7061101198196411,0.16159310936927795,4.993589401245117,-0.5658202171325684,-0.27959826588630676,-3.1553797721862793,-1.7535922527313232,-0.1143559068441391,2.3593661785125732,-0.714817225933075,0.25156113505363464,-0.8508423566818237,2.184906005859375,5.7672834396362305,-0.7403942346572876,-2.82197904586792,-2.2891173362731934,0.8823110461235046,2.3632354736328125,0.006081130355596542,-1.0453495979309082,-0.6295142769813538,-1.6861873865127563,3.691124677658081,1.474845290184021,-1.3601624965667725,2.3488311767578125,1.7001184225082397]",0.09748417884111404,0.09288354963064194,0.06854292750358582,0.14837798476219177,0.09153498709201813,4.576749354600906,0,0,0,0.44927728176116943,0.47223055362701416,0.9436306357383728,0.8434963226318359,0.9510651230812073,0.9488614201545715,-0.031811829656362534,-0.0,-0.0,0.0,0.0,0.0,0.0
184,3.68,184,"[-1.8575576543807983,0.5238805413246155,0.05648169666528702,2.1746628284454346,-0.839943528175354,-0.19117328524589539,-1.033515453338623,-0.47616317868232727,0.02791554480791092,1.3533058166503906,-0.5100135207176208,0.21426604688167572,0.028721988201141357,-0.10450326651334763,-0.03317718580365181,-1.420741319656372,0.40497589111328125,-0.1647357940673828,0.6524203419685364,1.2674623727798462,0.16058982908725739,0.8054136633872986,-1.7500468492507935,-1.2170287370681763,0.639731764793396,0.31286412477493286,-0.6886524558067322,0.22971391677856445,-0.453075110912323]","[-1.920926809310913,0.5646820664405823,0.06506995856761932,2.234032392501831,-0.669093132019043,-0.12909172475337982,-0.9503448009490967,-0.6028000116348267,-0.040461499243974686,1.1273776292800903,-0.30597296357154846,0.11214012652635574,0.0765315443277359,-0.16181674599647522,-0.1684577316045761,-1.5322140455245972,0.3744172751903534,-0.28283441066741943,0.7390546798706055,1.1399319171905518,0.2353033572435379,0.8133572340011597,-1.7632017135620117,-1.163627028465271,0.822813868522644,0.6527339220046997,-0.7326621413230896,0.18849724531173706,-0.6873347163200378]","[0.07489323616027832,-0.003199279308319092,-0.013123732060194016,0.11181235313415527,0.2576589584350586,0.00511854887008667,-1.8780932426452637,-0.4319004714488983,0.7460322380065918,1.6048848628997803,-0.9939029812812805,0.37318506836891174,4.1909515857696533e-07,-7.264316082000732e-06,1.210719347000122e-06,0.06401538848876953,0.003156810998916626,-0.005273148417472839,-0.18088817596435547,0.015184283256530762,0.04947297275066376,-0.10926574468612671,0.01767873764038086,-0.016644597053527832,-0.00938326120376587,-0.13242587447166443,-0.008228421211242676,0.08966512978076935,0.07252097129821777]","[0.18977519869804382,-0.08224551379680634,-0.1424158811569214,0.466359406709671,0.2292395830154419,-0.04129667207598686,-1.6373220682144165,-0.19200392067432404,0.8955606818199158,1.7418279647827148,-3.6481757164001465,0.006717007607221603,0.19658775627613068,0.11113817989826202,0.6856279373168945,-0.08764220029115677,-0.283070832490921,0.38422396779060364,-0.3031136989593506,0.3827591836452484,0.374846875667572,-0.2868267893791199,-0.011480097658932209,0.8892459869384766,0.18639205396175385,1.1931546926498413,0.5505945682525635,0.6941667199134827,-1.5835676193237305]","[-3.5455944538116455,1.6959062814712524,0.14050287008285522,5.032379627227783,-0.5451313257217407,-0.27165135741233826,-3.1990065574645996,-1.7289506196975708,-0.06974194943904877,2.489556074142456,-0.8472068905830383,0.2620593011379242,-0.8906912803649902,2.179697036743164,5.68359899520874,-0.6734685897827148,-2.861086130142212,-2.305088996887207,0.9528542757034302,2.3414134979248047,0.004926558583974838,-0.9511750340461731,-0.6715338230133057,-1.6954660415649414,3.682910203933716,1.4552373886108398,-1.3619818687438965,2.3835268020629883,1.6488412618637085]",0.09817538410425186,0.0954037457704544,0.07063572853803635,0.1483088731765747,0.09102136641740799,4.5510683208703995,0,0,0,0.4485122263431549,0.4706938862800598,0.9396188855171204,0.8416740894317627,0.9589841365814209,0.9301329255104065,-0.0385475680232048,-0.0,-0.0,0.0,0.0,0.0,0.0
185,3.7,185,"[-1.8560868501663208,0.5238552093505859,0.05623035877943039,2.1767525672912598,-0.8346104025840759,-0.19110751152038574,-1.0707608461380005,-0.4845195412635803,0.04256949946284294,1.3821426630020142,-0.5286657810211182,0.22162184119224548,0.02872626855969429,-0.10450614243745804,-0.03317636623978615,-1.419702410697937,0.4049842357635498,-0.1648503839969635,0.6494055986404419,1.2677364349365234,0.16145968437194824,0.8035736083984375,-1.7497031688690186,-1.2174022197723389,0.6395453810691833,0.31048592925071716,-0.6887485980987549,0.23127783834934235,-0.4517965614795685]","[-1.9172471761703491,0.5631322860717773,0.061973705887794495,2.2443203926086426,-0.6622827649116516,-0.12974976003170013,-0.9746488332748413,-0.6075881123542786,-0.024044418707489967,1.1590354442596436,-0.3465529680252075,0.11206694692373276,0.08074815571308136,-0.16056261956691742,-0.15439026057720184,-1.535582423210144,0.3688759207725525,-0.27677932381629944,0.7359388470649719,1.1461563110351562,0.24196340143680573,0.8096264600753784,-1.7639292478561401,-1.1487857103347778,0.8255613446235657,0.6701874732971191,-0.7266089916229248,0.20535334944725037,-0.702329158782959]","[0.07464289665222168,0.0004917383193969727,-0.012118183076381683,0.09760856628417969,0.2716526389122009,-0.00027567148208618164,-1.8490791320800781,-0.3944501280784607,0.7277554273605347,1.2830734252929688,-0.8827149868011475,0.3638480007648468,0.0016260426491498947,-0.0007372349500656128,-0.0017296522855758667,0.02734065055847168,-0.005892664194107056,-0.006655603647232056,-0.08876919746398926,0.010347366333007812,0.03036893904209137,-0.05734860897064209,0.021502375602722168,-0.021541118621826172,-0.009341537952423096,-0.10694712400436401,-0.0009387731552124023,0.06862469017505646,0.05377680063247681]","[0.17298315465450287,-0.04588499665260315,-0.16876940429210663,0.5266483426094055,0.3944980204105377,-0.02902379259467125,-1.0133875608444214,-0.27815958857536316,0.6971687078475952,1.2634711265563965,-2.582468032836914,0.012949530966579914,0.2553214728832245,0.03868956118822098,0.7052920460700989,-0.19068823754787445,-0.27108997106552124,0.2700258791446686,-0.11468933522701263,0.281176894903183,0.3158160448074341,-0.14794719219207764,0.0567573681473732,0.780789315700531,0.28807684779167175,1.0500913858413696,0.503646194934845,0.8261165618896484,-1.5054136514663696]","[-3.5421149730682373,1.6705729961395264,0.1376800537109375,5.103301048278809,-0.5453678965568542,-0.27145275473594666,-3.2074270248413086,-1.7030056715011597,-0.026612982153892517,2.581266403198242,-0.9129632115364075,0.27419036626815796,-0.9335730075836182,2.1233062744140625,5.570863723754883,-0.6140693426132202,-2.8467936515808105,-2.313528060913086,1.054566502571106,2.3271379470825195,0.026166435331106186,-0.8723731637001038,-0.7300898432731628,-1.667540431022644,3.6649484634399414,1.3653626441955566,-1.3681612014770508,2.404188632965088,1.6050763130187988]",0.09856301546096802,0.09820963442325592,0.07265958189964294,0.1499275267124176,0.09143778681755066,4.571889340877533,0,0,0,0.44811367988586426,0.4690421223640442,0.9355815052986145,0.8387247920036316,0.9573441743850708,0.960537314414978,-0.03745439648628235,-0.0,-0.0,0.0,0.0,0.0,0.0
186,3.72,186,"[-1.8545719385147095,0.5239002108573914,0.05599696934223175,2.1785671710968018,-0.829077422618866,-0.19118431210517883,-1.1074786186218262,-0.4919411838054657,0.057025760412216187,1.4046287536621094,-0.5453221201896667,0.22881996631622314,0.028787029907107353,-0.10453275591135025,-0.033246371895074844,-1.4196476936340332,0.40474018454551697,-0.1650020182132721,0.6488695740699768,1.2678762674331665,0.16180458664894104,0.8031197190284729,-1.7491867542266846,-1.2178903818130493,0.6393581032752991,0.3085862398147583,-0.6886900067329407,0.2324589043855667,-0.4509240388870239]","[-1.9123245477676392,0.5601576566696167,0.0586424246430397,2.2552976608276367,-0.6529940962791443,-0.12998609244823456,-1.0028752088546753,-0.6108844876289368,-0.0031585372053086758,1.1921237707138062,-0.39956551790237427,0.11252740025520325,0.08465084433555603,-0.15866519510746002,-0.1375386267900467,-1.5403200387954712,0.3637327551841736,-0.27190953493118286,0.7346013784408569,1.1507478952407837,0.24772898852825165,0.8073077201843262,-1.7636364698410034,-1.1348687410354614,0.8289727568626404,0.6877425312995911,-0.7182073593139648,0.2233300656080246,-0.6930042505264282]","[0.08656978607177734,0.0032916665077209473,-0.010019727051258087,0.0793159008026123,0.25054365396499634,-0.01611970365047455,-1.7785429954528809,-0.21737590432167053,0.6746548414230347,1.0511547327041626,-0.7993578910827637,0.34058430790901184,0.0055903103202581406,-0.0023251399397850037,-0.011608656495809555,-0.053504109382629395,-0.02492368221282959,-0.008140131831169128,0.12620985507965088,-0.0032514333724975586,-0.018060579895973206,0.06370246410369873,0.024843215942382812,-0.013107061386108398,-0.001646578311920166,-0.03997310996055603,0.004257261753082275,0.02653449773788452,0.013253837823867798]","[0.20396023988723755,-0.09484825283288956,-0.17600862681865692,0.5430554747581482,0.48997989296913147,-0.007323126774281263,-1.0772128105163574,-0.2336219996213913,0.8063018321990967,1.2800242900848389,-1.6185263395309448,0.01635565608739853,0.28547748923301697,0.05969677492976189,0.7876664400100708,-0.25055816769599915,-0.2670883536338806,0.226365327835083,-0.04193926230072975,0.221250519156456,0.27681490778923035,-0.0788159966468811,0.11096246540546417,0.7427055239677429,0.21412056684494019,1.023393154144287,0.563980758190155,0.9519898891448975,-1.247370958328247]","[-3.529262065887451,1.6443815231323242,0.14227157831192017,5.130729675292969,-0.5401692390441895,-0.26226183772087097,-3.2749712467193604,-1.6356332302093506,0.015518798492848873,2.6867833137512207,-1.006665825843811,0.27781441807746887,-0.9910808801651001,2.106764793395996,5.460860252380371,-0.5341376066207886,-2.877549648284912,-2.314580202102661,1.1597959995269775,2.3092756271362305,0.05173471197485924,-0.7844085693359375,-0.8189754486083984,-1.639668345451355,3.6441268920898438,1.290614366531372,-1.3512766361236572,2.4249496459960938,1.5746465921401978]",0.0987040176987648,0.10141143202781677,0.07456402480602264,0.1517227739095688,0.09064594656229019,4.53229732811451,0,0,0,0.4479423761367798,0.46720224618911743,0.931487500667572,0.8345381617546082,0.9608168005943298,0.9361512660980225,-0.04584074020385742,-0.0,-0.0,0.0,0.0,0.0,0.0
187,3.74,187,"[-1.8526240587234497,0.5239868760108948,0.055829569697380066,2.1799252033233643,-0.8245886564254761,-0.19175229966640472,-1.1419025659561157,-0.49321457743644714,0.06955569237470627,1.4241888523101807,-0.5606400966644287,0.2352452129125595,0.028949880972504616,-0.10459914803504944,-0.03364071249961853,-1.4218425750732422,0.4039872884750366,-0.16517598927021027,0.6544539928436279,1.2676063776016235,0.16073726117610931,0.8061217069625854,-1.7487094402313232,-1.2179265022277832,0.6394795179367065,0.3088870048522949,-0.6885783076286316,0.23233921825885773,-0.45126640796661377]","[-1.9081225395202637,0.5562000870704651,0.055776529014110565,2.2665200233459473,-0.6425061225891113,-0.12980255484580994,-1.0297099351882935,-0.613373875617981,0.020037533715367317,1.2306010723114014,-0.43334659934043884,0.11265384405851364,0.08857542276382446,-0.15664337575435638,-0.12195362150669098,-1.5451213121414185,0.35834476351737976,-0.267759770154953,0.7339920401573181,1.1538704633712769,0.2523806691169739,0.8057172298431396,-1.763159990310669,-1.1233562231063843,0.8327831029891968,0.7021035552024841,-0.7102758288383484,0.24370846152305603,-0.7180085778236389]","[0.06566941738128662,0.0083237886428833,-0.01151449978351593,0.06486773490905762,0.3014758229255676,-0.009047985076904297,-1.6412824392318726,-0.31505152583122253,0.6215829253196716,0.946924090385437,-0.6249353289604187,0.3208942711353302,0.003590574488043785,-0.0014202669262886047,-0.011020712554454803,-0.05721449851989746,-0.027117878198623657,-0.008832663297653198,0.1363709568977356,-0.0022023916244506836,-0.01635737717151642,0.06950199604034424,-0.0029981136322021484,0.00016987323760986328,0.005574524402618408,0.028474628925323486,0.004804134368896484,-0.02118609845638275,-0.008629262447357178]","[0.11583390831947327,-0.09857126325368881,-0.16235646605491638,0.5420903563499451,0.5240582823753357,0.014355223625898361,-1.2521607875823975,-0.1882678121328354,0.8979971408843994,1.3195233345031738,-3.0338165760040283,0.03741111978888512,0.32513144612312317,0.06351934373378754,0.64604252576828,-0.22326937317848206,-0.28006380796432495,0.20972701907157898,-0.024073855951428413,0.15139029920101166,0.22186942398548126,-0.0509868785738945,0.004547875374555588,0.5078190565109253,0.22118502855300903,0.7110732793807983,0.3328695595264435,0.9650426506996155,-1.3009394407272339]","[-3.5061609745025635,1.6285260915756226,0.13867342472076416,5.162554740905762,-0.529159426689148,-0.25091174244880676,-3.348280429840088,-1.57052743434906,0.03949786722660065,2.8023018836975098,-1.0909498929977417,0.28276678919792175,-1.0707919597625732,2.0853466987609863,5.358546733856201,-0.4424342215061188,-2.9155256748199463,-2.3123438358306885,1.2557789087295532,2.286301612854004,0.06092255935072899,-0.7008196115493774,-0.9231124520301819,-1.6359814405441284,3.6279783248901367,1.2232246398925781,-1.3370237350463867,2.463473320007324,1.5774943828582764]",0.09905027598142624,0.10621528327465057,0.07633989304304123,0.1553347110748291,0.09040271490812302,4.520135745406151,0,0,0,0.44766706228256226,0.4644017815589905,0.9273525476455688,0.8242319226264954,0.9551058411598206,0.9483901858329773,-0.04701336473226547,-0.0,-0.0,0.0,0.0,0.0,0.0
188,3.7600000000000002,188,"[-1.851945161819458,0.5242331624031067,0.05553638935089111,2.181161880493164,-0.8170183897018433,-0.191546231508255,-1.173129916191101,-0.5045432448387146,0.0818890780210495,1.4425057172775269,-0.5703195333480835,0.24165573716163635,0.028930652886629105,-0.1045895665884018,-0.033687200397253036,-1.421936273574829,0.403655469417572,-0.16535532474517822,0.6543244123458862,1.2677881717681885,0.16115029156208038,0.8058997988700867,-1.7493066787719727,-1.217883586883545,0.6395810842514038,0.30972522497177124,-0.6884978413581848,0.2316114604473114,-0.4512692093849182]","[-1.9024624824523926,0.5516345500946045,0.052956100553274155,2.2774670124053955,-0.6315701007843018,-0.1293978989124298,-1.0608034133911133,-0.6159785389900208,0.040967684239149094,1.2591851949691772,-0.4919724464416504,0.11377046257257462,0.09265535324811935,-0.15386220812797546,-0.10455986857414246,-1.550026297569275,0.3537600338459015,-0.2633114755153656,0.7332606911659241,1.1570682525634766,0.2566951513290405,0.8047571778297424,-1.7619612216949463,-1.1138421297073364,0.8402460813522339,0.7196801900863647,-0.7027046084403992,0.260635644197464,-0.7374534010887146]","[0.043079257011413574,0.013275444507598877,-0.015702378004789352,0.05645751953125,0.3743007779121399,0.0003557652235031128,-1.7549961805343628,-0.4775412380695343,0.684382438659668,0.9843200445175171,-0.5053490400314331,0.31988248229026794,-0.0038788653910160065,0.0017918646335601807,0.007020961493253708,0.031879544258117676,-0.0007241964340209961,-0.004062056541442871,-0.09720027446746826,0.01201927661895752,0.0345524400472641,-0.05697309970855713,-0.017839670181274414,-0.013840198516845703,-0.005444884300231934,9.611248970031738e-05,0.008308887481689453,-0.016035139560699463,0.010669231414794922]","[0.24649199843406677,-0.15485692024230957,-0.15574601292610168,0.5340670943260193,0.547011137008667,0.020153820514678955,-1.253774642944336,-0.21679647266864777,0.7069565057754517,0.9374666810035706,-2.1003401279449463,0.06119145080447197,0.2599851191043854,0.10487702488899231,0.7898437976837158,-0.21948324143886566,-0.20562316477298737,0.2217610776424408,-0.03634350001811981,0.17624962329864502,0.2217349261045456,-0.03778493404388428,0.06669673323631287,0.3653535544872284,0.45227158069610596,0.8536801934242249,0.20094618201255798,0.6606405377388,1.9429014921188354]","[-3.478036880493164,1.608057975769043,0.12606704235076904,5.227375507354736,-0.5269458293914795,-0.2552942931652069,-3.372232437133789,-1.5556318759918213,0.04015900194644928,2.864023447036743,-1.1258790493011475,0.2907309830188751,-1.1749566793441772,2.0582475662231445,5.258159160614014,-0.3567470610141754,-2.9265518188476562,-2.311119318008423,1.3504222631454468,2.2928080558776855,0.0772206038236618,-0.6433902382850647,-1.0108119249343872,-1.6196479797363281,3.5797998905181885,1.167458415031433,-1.3310139179229736,2.5113253593444824,1.581005573272705]",0.09904422610998154,0.11102811247110367,0.0781472846865654,0.1561400592327118,0.08950246125459671,4.4751230627298355,0,0,0,0.4475759267807007,0.46104592084884644,0.9230440258979797,0.8212140798568726,0.9480341076850891,0.9086596965789795,-0.03445105999708176,-0.0,-0.0,0.0,0.0,0.0,0.0
189,3.7800000000000002,189,"[-1.8509008884429932,0.5245178937911987,0.05520147457718849,2.1821835041046143,-0.8096166253089905,-0.1917380690574646,-1.2121024131774902,-0.5123162269592285,0.09693098813295364,1.4635616540908813,-0.580854058265686,0.24804051220417023,0.028794726356863976,-0.10452747344970703,-0.03335987403988838,-1.4205673933029175,0.4039583206176758,-0.16533847153186798,0.6505659818649292,1.2680871486663818,0.16211935877799988,0.8038427829742432,-1.7494230270385742,-1.218480110168457,0.6392617225646973,0.30889084935188293,-0.688245952129364,0.23169781267642975,-0.450839638710022]","[-1.8954200744628906,0.5455176830291748,0.05098172649741173,2.2894411087036133,-0.6196637153625488,-0.12914787232875824,-1.0917322635650635,-0.6178626418113708,0.0656016394495964,1.3021767139434814,-0.49112844467163086,0.1138131245970726,0.09423743933439255,-0.15038011968135834,-0.08600443601608276,-1.5545841455459595,0.34986746311187744,-0.2588634192943573,0.7325849533081055,1.1593645811080933,0.2597196102142334,0.8035435080528259,-1.7565630674362183,-1.1059762239456177,0.847226083278656,0.738060712814331,-0.6938247084617615,0.2754223644733429,-0.7703189253807068]","[0.05379021167755127,0.01586824655532837,-0.016536004841327667,0.0415802001953125,0.3646045923233032,-0.015576183795928955,-1.9411653280258179,-0.3253862261772156,0.6985594034194946,1.0055840015411377,-0.4717826843261719,0.2921007573604584,-0.004633935168385506,0.0020112842321395874,0.01110117882490158,0.026470422744750977,0.004722923040390015,-0.0003252178430557251,-0.07757246494293213,0.008305907249450684,0.02408251166343689,-0.04124194383621216,-0.0056296586990356445,-0.0244826078414917,-0.011675059795379639,-0.003009289503097534,0.015179812908172607,-0.019998103380203247,-0.0004544854164123535]","[0.30281004309654236,-0.26249417662620544,-0.08925487101078033,0.6119768619537354,0.6091343760490417,0.008159276098012924,-1.3097178936004639,-0.1639396846294403,1.0679311752319336,2.027649164199829,0.3956092596054077,-0.009397471323609352,0.10103500634431839,0.17332284152507782,0.8278248906135559,-0.1919296532869339,-0.22668294608592987,0.22707541286945343,-0.030515605583786964,0.10872529447078705,0.12711653113365173,-0.04718413203954697,0.48459506034851074,0.38025856018066406,0.4107412099838257,1.0425313711166382,0.528867781162262,0.7467494606971741,-3.080726385116577]","[-3.47741436958313,1.6100802421569824,0.11638224124908447,5.258739471435547,-0.5197823643684387,-0.2672289311885834,-3.485865354537964,-1.5171202421188354,0.053738608956336975,2.968702554702759,-1.1830430030822754,0.3003197908401489,-1.2282379865646362,1.9975800514221191,5.183184623718262,-0.30095723271369934,-2.952040672302246,-2.282651901245117,1.4078561067581177,2.2623512744903564,0.09845523536205292,-0.5874953269958496,-1.132767915725708,-1.5810904502868652,3.5204994678497314,1.0910147428512573,-1.3214409351348877,2.5324888229370117,1.5530767440795898]",0.09929348528385162,0.11608720570802689,0.0800682008266449,0.1613403558731079,0.08854474872350693,4.427237436175346,0,0,0,0.4474904537200928,0.4578826427459717,0.9185870885848999,0.8086042404174805,0.9394760131835938,0.8960609436035156,-0.04086369276046753,-0.0,-0.0,0.0,0.0,0.0,0.0
190,3.8000000000000003,190,"[-1.849793553352356,0.5248678922653198,0.05487494915723801,2.1828250885009766,-0.8024342060089111,-0.19216927886009216,-1.2507765293121338,-0.5175586938858032,0.10983145236968994,1.4827290773391724,-0.5891908407211304,0.2533397674560547,0.028745295479893684,-0.10450911521911621,-0.03324315324425697,-1.420877456665039,0.4038443863391876,-0.16536833345890045,0.651221513748169,1.2681204080581665,0.16211359202861786,0.8042501211166382,-1.749531865119934,-1.2188628911972046,0.6391140818595886,0.30960485339164734,-0.6878906488418579,0.23081153631210327,-0.4512873888015747]","[-1.8876988887786865,0.5393998622894287,0.049698907881975174,2.3016202449798584,-0.608262300491333,-0.1286822110414505,-1.1284650564193726,-0.6182264089584351,0.09132704883813858,1.3429888486862183,-0.5520632863044739,0.1162952333688736,0.09542079269886017,-0.1468941569328308,-0.06749361753463745,-1.5592401027679443,0.3473929166793823,-0.25482454895973206,0.7320654988288879,1.1607670783996582,0.26251232624053955,0.8025115728378296,-1.7504634857177734,-1.1021219491958618,0.8654941320419312,0.754386842250824,-0.6882205605506897,0.2878292500972748,-0.7711700797080994]","[0.053492188453674316,0.019253790378570557,-0.01748194918036461,0.024890899658203125,0.36754310131073,-0.024874135851860046,-1.9464433193206787,-0.24980902671813965,0.6211212277412415,0.9309858083724976,-0.365564227104187,0.24000518023967743,-0.0015549827367067337,0.0005707144737243652,0.003636907786130905,-0.03758370876312256,-0.010821223258972168,-0.0019300729036331177,0.09085088968276978,-0.0018954277038574219,-0.013018772006034851,0.05309581756591797,-0.007900595664978027,-0.015160441398620605,-0.0049814581871032715,0.062415748834609985,0.018846988677978516,-0.0617489218711853,-0.03596097230911255]","[0.5660954713821411,-0.44430258870124817,-0.05627491697669029,0.6351298689842224,0.561102032661438,0.032288409769535065,-2.2150702476501465,0.12356439977884293,1.4975513219833374,2.2632229328155518,-3.439387559890747,0.12073688209056854,-0.0352570042014122,0.3149697184562683,1.206356406211853,-0.28666257858276367,-0.09455569833517075,0.20612573623657227,-0.01953013613820076,0.0501997247338295,0.1478433609008789,-0.05155571177601814,0.04752986878156662,0.07360859960317612,0.6854719519615173,0.4875637888908386,-0.036964211612939835,0.7018441557884216,-0.10795566439628601]","[-3.450598955154419,1.576950192451477,0.08572781085968018,5.2844109535217285,-0.5553473234176636,-0.24581123888492584,-3.5321478843688965,-1.4645999670028687,0.11210323870182037,3.114173412322998,-1.386154055595398,0.31639671325683594,-1.3542346954345703,1.9352209568023682,4.965671539306641,-0.18599429726600647,-2.940311908721924,-2.287771224975586,1.564797043800354,2.249631881713867,0.14730939269065857,-0.5081263780593872,-1.401389241218567,-1.5946964025497437,3.474689245223999,0.9442264437675476,-1.313672661781311,2.4932684898376465,1.570116639137268]",0.09964466840028763,0.12066497653722763,0.08191706985235214,0.1648164987564087,0.08587609976530075,4.2938049882650375,0,0,0,0.4471249282360077,0.45470985770225525,0.9135941863059998,0.7948133945465088,0.9398609399795532,0.8876672983169556,-0.1439657360315323,-0.0,-0.0,0.0,0.0,0.0,0.0
191,3.8200000000000003,191,"[-1.8487612009048462,0.5252880454063416,0.05450219660997391,2.1831791400909424,-0.7949149012565613,-0.192733034491539,-1.2899601459503174,-0.5223085880279541,0.12177583575248718,1.5008010864257812,-0.5954766273498535,0.2576407194137573,0.028732527047395706,-0.10450464487075806,-0.033214397728443146,-1.4220707416534424,0.4035254716873169,-0.1654156744480133,0.65420001745224,1.2680113315582275,0.16159860789775848,0.8059666156768799,-1.7497390508651733,-1.2190865278244019,0.6390624642372131,0.31138747930526733,-0.6874920725822449,0.22922785580158234,-0.4522780776023865]","[-1.8797924518585205,0.5329938530921936,0.049790382385253906,2.31255841255188,-0.5988070964813232,-0.1284942477941513,-1.1631447076797485,-0.61986243724823,0.11550010740756989,1.3790900707244873,-0.5714114904403687,0.1175381988286972,0.0964929461479187,-0.14383523166179657,-0.050249725580215454,-1.5643528699874878,0.34667322039604187,-0.2507425844669342,0.7319605946540833,1.1613408327102661,0.2651272118091583,0.801628828048706,-1.747826099395752,-1.0992897748947144,0.8719131946563721,0.7612964510917664,-0.6820635199546814,0.29940691590309143,-0.7935109734535217]","[0.049626827239990234,0.022698938846588135,-0.020138081163167953,0.010633468627929688,0.3848150372505188,-0.03169998526573181,-1.8415838479995728,-0.22075921297073364,0.5999225974082947,0.8696883916854858,-0.2957284450531006,0.2016715705394745,-0.00032223761081695557,0.00011455267667770386,0.0007348135113716125,-0.07345080375671387,-0.01821964979171753,-0.0020470470190048218,0.1858919858932495,-0.007915496826171875,-0.03456100821495056,0.10722577571868896,-0.01265108585357666,-0.008511543273925781,-0.0013530254364013672,0.11008903384208679,0.020894408226013184,-0.09350068867206573,-0.060474127531051636]","[0.35830259323120117,-0.5037029385566711,0.06462490558624268,0.44462522864341736,0.40454280376434326,0.0026751095429062843,-1.7274329662322998,-0.03883577138185501,1.4174010753631592,2.238839626312256,0.11389775574207306,0.015963954851031303,-0.20424498617649078,0.27757546305656433,0.8905124068260193,-0.33612027764320374,-0.032689500600099564,0.191376194357872,0.008107642643153667,0.019342796877026558,0.11598122119903564,-0.0762980729341507,0.2093617022037506,0.11062833666801453,0.2302141636610031,0.36294710636138916,0.49268975853919983,0.4896102845668793,-1.6906825304031372]","[-3.4186718463897705,1.5526102781295776,0.09347802400588989,5.315546989440918,-0.5815905332565308,-0.2693563997745514,-3.6154298782348633,-1.410715103149414,0.10668505728244781,3.1590332984924316,-1.381184458732605,0.34212157130241394,-1.391814947128296,1.7606053352355957,4.803640365600586,-0.12800171971321106,-2.863701820373535,-2.252509355545044,1.6711562871932983,2.216597080230713,0.22958935797214508,-0.442501425743103,-1.5755559206008911,-1.529712200164795,3.4033772945404053,0.7748391032218933,-1.3202133178710938,2.444408893585205,1.527701497077942]",0.10000340640544891,0.1251274198293686,0.08339997380971909,0.16843561828136444,0.08843670040369034,4.421835020184517,0,0,0,0.44683656096458435,0.4514677822589874,0.9097828269004822,0.7870547771453857,0.9552162885665894,0.9620410203933716,-0.09056421369314194,-0.0,-0.0,0.0,0.0,0.0,0.0
192,3.84,192,"[-1.8478084802627563,0.5257758498191833,0.05406942591071129,2.1832504272460938,-0.7870416045188904,-0.19343727827072144,-1.3244398832321167,-0.5263890624046326,0.13382835686206818,1.5175166130065918,-0.6010199785232544,0.26140663027763367,0.028732405975461006,-0.1045045331120491,-0.03321376070380211,-1.4238154888153076,0.4031156003475189,-0.16545021533966064,0.6586571931838989,1.2678037881851196,0.16073115170001984,0.8085391521453857,-1.7500379085540771,-1.2192033529281616,0.6390599608421326,0.3140084147453308,-0.6870548725128174,0.22707150876522064,-0.4537063539028168]","[-1.8728066682815552,0.5183612704277039,0.05199066549539566,2.3173820972442627,-0.5932747721672058,-0.12837561964988708,-1.1986287832260132,-0.6175214648246765,0.1450042873620987,1.42893385887146,-0.5821133852005005,0.12004584074020386,0.0845283791422844,-0.13567666709423065,-0.029375871643424034,-1.5748182535171509,0.3469800353050232,-0.24667535722255707,0.7327955365180969,1.1627322435379028,0.2667292058467865,0.7992765307426453,-1.7401403188705444,-1.0983635187149048,0.884884238243103,0.7680221796035767,-0.6705765724182129,0.30555951595306396,-0.8026245832443237]","[0.04562735557556152,0.026006996631622314,-0.023411959409713745,-0.003445148468017578,0.4024490714073181,-0.03897435963153839,-1.8556594848632812,-0.1945987343788147,0.5564149618148804,0.7927477359771729,-0.19855201244354248,0.10398179292678833,-9.131617844104767e-05,3.5390257835388184e-05,0.0002171844244003296,-0.0958859920501709,-0.020857155323028564,-0.0010084360837936401,0.2469196915626526,-0.012296438217163086,-0.04984363913536072,0.14313608407974243,-0.017631053924560547,-0.0038176774978637695,0.0010669231414794922,0.1492917537689209,0.023005902767181396,-0.12047514319419861,-0.08125454187393188]","[0.23573938012123108,-0.6775357127189636,0.07405807822942734,0.1559067666530609,0.23237647116184235,0.008500915952026844,-1.3615154027938843,-0.008671089075505733,1.1797579526901245,2.1638622283935547,-0.018617944791913033,0.06914230436086655,-0.584255039691925,0.4078535735607147,0.9847301244735718,-0.5763207077980042,0.04289465397596359,0.1911977231502533,0.05171171575784683,0.0880574956536293,0.06473791599273682,-0.10812979936599731,0.4814584255218506,0.05360900238156319,0.8215274214744568,0.36783111095428467,0.49604594707489014,0.44745269417762756,-0.20764055848121643]","[-3.3603808879852295,1.5189909934997559,0.07484042644500732,5.353156089782715,-0.6092918515205383,-0.26194867491722107,-3.6876742839813232,-1.330641269683838,0.10370244085788727,3.225313663482666,-1.5134096145629883,0.36262047290802,-1.5358096361160278,1.6481562852859497,4.6304402351379395,0.002985745668411255,-2.842618465423584,-2.2194983959198,1.8245930671691895,2.2056658267974854,0.28425008058547974,-0.3749430775642395,-1.8240350484848022,-1.5453749895095825,3.349271535873413,0.6052154898643494,-1.3307061195373535,2.393080711364746,1.526437759399414]",0.10016463696956635,0.12922298908233643,0.08422540128231049,0.17174966633319855,0.08294811844825745,4.147405922412872,0,0,0,0.44661563634872437,0.4483772814273834,0.9063969254493713,0.7787671089172363,0.9187776446342468,0.7738541960716248,-0.12538287043571472,-0.0,-0.0,0.0,0.0,0.0,0.0
193,3.86,193,"[-1.8469361066818237,0.5263283252716064,0.05356571823358536,2.1830413341522217,-0.7788169384002686,-0.19429200887680054,-1.3641865253448486,-0.5300925374031067,0.14403243362903595,1.5325109958648682,-0.6034187078475952,0.26179999113082886,0.028728874400258064,-0.10450322926044464,-0.03320571035146713,-1.4259061813354492,0.40269118547439575,-0.16545601189136505,0.6640768051147461,1.267519474029541,0.15960486233234406,0.8116920590400696,-1.7504442930221558,-1.2192392349243164,0.6391051411628723,0.31735914945602417,-0.6865718364715576,0.2244088500738144,-0.45552825927734375]","[-1.8658305406570435,0.5089725255966187,0.05498035252094269,2.3191046714782715,-0.5899560451507568,-0.12839365005493164,-1.2386435270309448,-0.6136507391929626,0.16932180523872375,1.4636492729187012,-0.6361707448959351,0.12703542411327362,0.07565342634916306,-0.13154959678649902,-0.005473857745528221,-1.5899536609649658,0.34932741522789,-0.2406853437423706,0.7339304089546204,1.1669412851333618,0.2675897777080536,0.7954767942428589,-1.7372785806655884,-1.0966413021087646,0.8916012048721313,0.7701391577720642,-0.664137601852417,0.31457993388175964,-0.8322330117225647]","[0.04160106182098389,0.029158592224121094,-0.027219299226999283,-0.01741647720336914,0.41990578174591064,-0.04674829542636871,-1.9673913717269897,-0.17235428094863892,0.48347899317741394,0.6816506385803223,-0.07416456937789917,0.00983402132987976,-0.000139651820063591,5.327165126800537e-05,0.00032261013984680176,-0.11481940746307373,-0.02191588282585144,0.00040046870708465576,0.2992495894432068,-0.016364455223083496,-0.06379522383213043,0.1744106411933899,-0.02321004867553711,0.0008881092071533203,0.0038623809814453125,0.1870669424533844,0.024966895580291748,-0.14619044959545135,-0.1014314591884613]","[0.5565598607063293,-0.5364649295806885,0.16945518553256989,0.10402705520391464,0.14272882044315338,-0.0008430409943684936,-2.1271138191223145,0.3153891861438751,1.425613522529602,2.1525299549102783,-1.4725464582443237,0.2734352648258209,-0.5402856469154358,0.23088893294334412,1.475428819656372,-0.8343383073806763,0.15140298008918762,0.3250484764575958,0.06765758246183395,0.2573322355747223,0.035504382103681564,-0.22712422907352448,0.04489186033606529,0.08750864863395691,0.1813531219959259,0.014846565201878548,0.28161701560020447,0.3224467635154724,-1.6544291973114014]","[-3.2488083839416504,1.4747954607009888,0.07247418165206909,5.383289337158203,-0.6239126324653625,-0.26364776492118835,-3.8467319011688232,-1.2410428524017334,0.0831298977136612,3.295192241668701,-1.628152847290039,0.3806256651878357,-1.625723123550415,1.5121500492095947,4.485498905181885,0.13579466938972473,-2.816077947616577,-2.140097141265869,1.966005563735962,2.201976776123047,0.3154328763484955,-0.3193867802619934,-2.1054067611694336,-1.5318790674209595,3.2492129802703857,0.39811140298843384,-1.3514965772628784,2.331434726715088,1.4860327243804932]",0.10001496225595474,0.13396510481834412,0.08514311164617538,0.17155712842941284,0.08473864942789078,4.236932471394539,0,0,0,0.4467513859272003,0.4450949728488922,0.9027805924415588,0.7733924388885498,0.942284882068634,0.8776701092720032,-0.1510419398546219,-0.0,-0.0,0.0,0.0,0.0,0.0
194,3.88,194,"[-1.846144437789917,0.5269421935081482,0.05298065394163132,2.182553768157959,-0.770245373249054,-0.19530721008777618,-1.4031355381011963,-0.5332832336425781,0.1531675159931183,1.5447826385498047,-0.6039865612983704,0.26179999113082886,0.028726819902658463,-0.10450240224599838,-0.03320085629820824,-1.4284082651138306,0.40223896503448486,-0.16543419659137726,0.6706271767616272,1.2671492099761963,0.15817934274673462,0.8155155777931213,-1.7509663105010986,-1.2191678285598755,0.6392144560813904,0.3214910924434662,-0.6860561966896057,0.2212238907814026,-0.4577636122703552]","[-1.8500458002090454,0.4959844648838043,0.0578010231256485,2.32234787940979,-0.5876722931861877,-0.1285203993320465,-1.2691394090652466,-0.6087611317634583,0.20039649307727814,1.5159165859222412,-0.6183441877365112,0.12830917537212372,0.061401233077049255,-0.12705767154693604,0.0292101688683033,-1.6084449291229248,0.3529199957847595,-0.2344040721654892,0.7372441291809082,1.173689365386963,0.2680269479751587,0.7908667922019958,-1.733376383781433,-1.0953413248062134,0.9010612368583679,0.764015257358551,-0.6597728729248047,0.3178855776786804,-0.820487380027771]","[0.03757774829864502,0.032138824462890625,-0.031540729105472565,-0.03129839897155762,0.4371330142021179,-0.0550195574760437,-1.8133997917175293,-0.1423761248588562,0.46399906277656555,0.611579418182373,-0.023937225341796875,0.0,-4.949979484081268e-05,2.291053533554077e-05,0.00013457611203193665,-0.13572871685028076,-0.02320706844329834,0.001868605613708496,0.35665780305862427,-0.020676851272583008,-0.07912814617156982,0.20838230848312378,-0.029209256172180176,0.006696581840515137,0.007298588752746582,0.22662580013275146,0.026278197765350342,-0.1723218709230423,-0.12223124504089355]","[0.707388162612915,-0.5869495868682861,0.09255317598581314,0.17589494585990906,0.09887784719467163,-0.007763497531414032,-1.0404201745986938,0.09486865997314453,1.338742971420288,2.2864811420440674,0.9104046821594238,-0.0013344507897272706,-0.624492883682251,0.2124994695186615,1.6483737230300903,-0.9214358925819397,0.19073334336280823,0.30710285902023315,0.17980915307998657,0.3514362871646881,0.020063722506165504,-0.2225320041179657,0.09037542343139648,0.054347943514585495,0.294123113155365,-0.5394700169563293,0.12015026807785034,0.38264021277427673,0.20516254007816315]","[-3.1679134368896484,1.4298971891403198,0.07324618101119995,5.437468528747559,-0.6587322950363159,-0.27718332409858704,-3.9000473022460938,-1.1721328496932983,0.041790977120399475,3.3377437591552734,-1.6228749752044678,0.3956185579299927,-1.7319532632827759,1.3794256448745728,4.208219528198242,0.24849805235862732,-2.73960018157959,-2.084510564804077,2.1188910007476807,2.207402229309082,0.38482943177223206,-0.2823024392127991,-2.3446173667907715,-1.5305986404418945,3.1822311878204346,0.1860406994819641,-1.3868646621704102,2.2499184608459473,1.460618257522583]",0.0999574288725853,0.13892628252506256,0.08611946552991867,0.17700272798538208,0.08316180855035782,4.158090427517891,0,0,0,0.44689321517944336,0.44147586822509766,0.8991713523864746,0.7639452815055847,0.9328814148902893,0.8219737410545349,-0.1482500284910202,-0.0,-0.0,0.0,0.0,0.0,0.0
195,3.9,195,"[-1.845432996749878,0.5276138782501221,0.052304089069366455,2.1817893981933594,-0.7613316178321838,-0.19649279117584229,-1.4367225170135498,-0.5357875823974609,0.16259239614009857,1.556974172592163,-0.6043761968612671,0.26179999113082886,0.028726894408464432,-0.10450231283903122,-0.033200327306985855,-1.4313353300094604,0.4017629027366638,-0.1653812676668167,0.6783431172370911,1.2666923999786377,0.15643973648548126,0.8200273513793945,-1.751612663269043,-1.2189713716506958,0.6393970847129822,0.32642418146133423,-0.6855207085609436,0.2175159752368927,-0.4604175090789795]","[-1.8400734663009644,0.48646080493927,0.059796299785375595,2.3260223865509033,-0.5860610604286194,-0.1288781464099884,-1.3040097951889038,-0.6021868586540222,0.2261163741350174,1.554599642753601,-0.6478745341300964,0.13250406086444855,0.04980495944619179,-0.12574402987957,0.05627947300672531,-1.627604365348816,0.35587283968925476,-0.2280314862728119,0.7440176010131836,1.1822190284729004,0.26827913522720337,0.7861329317092896,-1.734367847442627,-1.0941342115402222,0.9027666449546814,0.7522417902946472,-0.6601541638374329,0.32334697246551514,-0.8200759887695312]","[0.03359019756317139,0.03492534160614014,-0.036360789090394974,-0.04507303237915039,0.45410990715026855,-0.06378553807735443,-2.1361172199249268,-0.13583600521087646,0.4000447690486908,0.5333364009857178,0.05602538585662842,0.0,-7.641501724720001e-05,3.091990947723389e-05,0.00020442530512809753,-0.15537738800048828,-0.023918598890304565,0.00421181321144104,0.4110276699066162,-0.024208426475524902,-0.09455420076847076,0.2406001091003418,-0.035133957862854004,0.013658404350280762,0.009547173976898193,0.26632174849510193,0.025960803031921387,-0.19851922988891602,-0.1423269510269165]","[0.34894129633903503,-0.3400905728340149,0.09305468201637268,0.17527510225772858,0.07089259475469589,-0.023760216310620308,-1.7803856134414673,0.2692428231239319,0.9192301630973816,1.4359421730041504,-1.807210087776184,0.25879839062690735,-0.4799482226371765,-0.042623262852430344,1.1435763835906982,-0.9624887704849243,0.1571969836950302,0.30400583148002625,0.3980732560157776,0.4462493062019348,0.01106458529829979,-0.23497675359249115,-0.039412643760442734,0.10030683875083923,0.02990161068737507,-0.5593839883804321,-0.03594214469194412,0.17697888612747192,0.049541499465703964]","[-3.1077325344085693,1.399653434753418,0.06336119771003723,5.405984401702881,-0.6595544815063477,-0.2778640687465668,-4.061245441436768,-1.0809879302978516,-0.006279692519456148,3.4196317195892334,-1.714373230934143,0.4111670255661011,-1.772553563117981,1.2719318866729736,3.9854276180267334,0.370159775018692,-2.7246007919311523,-2.009413480758667,2.176872968673706,2.2211012840270996,0.43875908851623535,-0.23588937520980835,-2.576601505279541,-1.5485103130340576,3.103416681289673,0.0792279914021492,-1.433652639389038,2.1597089767456055,1.3894391059875488]",0.10067659616470337,0.1441994607448578,0.08722104877233505,0.17769338190555573,0.0854533314704895,4.272666573524475,0,0,0,0.4464275538921356,0.4372454285621643,0.8959584832191467,0.7597045302391052,0.9481968283653259,0.9035429954528809,-0.11840907484292984,-0.0,-0.0,0.0,0.0,0.0,0.0
196,3.92,196,"[-1.8448008298873901,0.5283392071723938,0.05152622237801552,2.180750846862793,-0.7520809769630432,-0.19785863161087036,-1.4885802268981934,-0.5387166738510132,0.16916930675506592,1.5661160945892334,-0.6017455458641052,0.26179999113082886,0.028723763301968575,-0.1045011654496193,-0.03319267928600311,-1.43462336063385,0.4012822210788727,-0.16526572406291962,0.6870682835578918,1.2661808729171753,0.1543971747159958,0.825139582157135,-1.7523716688156128,-1.2186214923858643,0.6395963430404663,0.33214396238327026,-0.6850177645683289,0.21328312158584595,-0.4634566903114319]","[-1.8376407623291016,0.47805914282798767,0.06161440908908844,2.3300349712371826,-0.5851421356201172,-0.12943227589130402,-1.344128966331482,-0.5958887934684753,0.24876636266708374,1.5941940546035767,-0.6321026682853699,0.1325203776359558,0.03618351370096207,-0.12595361471176147,0.07072363048791885,-1.6434170007705688,0.3583391010761261,-0.2209368646144867,0.7542701363563538,1.1929190158843994,0.2684166431427002,0.7816605567932129,-1.7308763265609741,-1.0876652002334595,0.9059656858444214,0.7415039539337158,-0.663828432559967,0.32174986600875854,-0.7776844501495361]","[0.029647350311279297,0.037504732608795166,-0.04166504368185997,-0.05874037742614746,0.47082453966140747,-0.07304251194000244,-1.8980056047439575,-0.11143684387207031,0.29411688446998596,0.33766627311706543,0.18689334392547607,0.0,-3.641471266746521e-05,2.0489096641540527e-05,0.00011418014764785767,-0.17653107643127441,-0.024164468050003052,0.0055555254220962524,0.4689246416091919,-0.02886950969696045,-0.1105334609746933,0.2747833728790283,-0.04289746284484863,0.020697712898254395,0.015257298946380615,0.3074251115322113,0.026898086071014404,-0.22404231131076813,-0.16384795308113098]","[0.03549224138259888,-0.4791087508201599,0.07467697560787201,0.22353307902812958,0.03508375957608223,-0.027871159836649895,-1.979788899421692,0.2950265109539032,1.1872810125350952,2.1325793266296387,1.5872212648391724,-0.12451526522636414,-0.7449458837509155,0.04793623462319374,0.5791332721710205,-0.7301939129829407,0.11601679772138596,0.34686723351478577,0.5702736973762512,0.5299928784370422,0.008679610677063465,-0.19465292990207672,0.04480874538421631,0.37816593050956726,-0.09895206242799759,-0.5628247857093811,-0.2081661969423294,0.11735064536333084,1.0898979902267456]","[-3.024404287338257,1.3536252975463867,0.07106563448905945,5.424788475036621,-0.6523897051811218,-0.2820068299770355,-4.162796497344971,-0.991740345954895,-0.07814584672451019,3.5023624897003174,-1.6515299081802368,0.41301026940345764,-1.8198729753494263,1.212511658668518,3.7537195682525635,0.48045113682746887,-2.6841039657592773,-1.918258547782898,2.251150369644165,2.2384209632873535,0.4926013946533203,-0.2161993384361267,-2.7201032638549805,-1.53141188621521,3.013437032699585,-0.03091626614332199,-1.4692497253417969,2.103149890899658,1.312636375427246]",0.10242771357297897,0.1461140215396881,0.08877931535243988,0.18674789369106293,0.08544879406690598,4.272439703345299,0,0,0,0.44498586654663086,0.4351387619972229,0.8920252323150635,0.7449619770050049,0.9545021057128906,0.8937943577766418,-0.0929684117436409,-0.0,-0.0,0.0,0.0,0.0,0.0
197,3.94,197,"[-1.8442471027374268,0.5291140675544739,0.050637487322092056,2.1794397830963135,-0.7424986362457275,-0.19941449165344238,-1.512642741203308,-0.5402450561523438,0.174357071518898,1.5704808235168457,-0.596900463104248,0.26179999113082886,0.028725437819957733,-0.10450149327516556,-0.03319576010107994,-1.4383965730667114,0.4007963240146637,-0.16515904664993286,0.6971001029014587,1.2655376195907593,0.15201839804649353,0.8310186862945557,-1.753328561782837,-1.2181434631347656,0.6400073766708374,0.3387211859226227,-0.684444785118103,0.20855428278446198,-0.46697142720222473]","[-1.8408443927764893,0.4684430658817291,0.06291809678077698,2.334292411804199,-0.5849805474281311,-0.1298263520002365,-1.3896379470825195,-0.5880261659622192,0.2723459005355835,1.6365313529968262,-0.6262657642364502,0.13110941648483276,0.02014061063528061,-0.12500803172588348,0.07538200914859772,-1.6554741859436035,0.3597123622894287,-0.21303582191467285,0.7667928338050842,1.2044552564620972,0.2683609426021576,0.7780779004096985,-1.731194019317627,-1.0793280601501465,0.9032091498374939,0.7312828898429871,-0.6694856882095337,0.3233582079410553,-0.7515242695808411]","[0.025787949562072754,0.03985464572906494,-0.04743421450257301,-0.07231831550598145,0.4872530698776245,-0.0827886164188385,-1.4196395874023438,-0.07529854774475098,0.2683218717575073,0.27736127376556396,0.2302229404449463,0.0,4.759058356285095e-05,-5.9604644775390625e-06,-6.435438990592957e-05,-0.1988619565963745,-0.024318695068359375,0.007040053606033325,0.5296289920806885,-0.03345310688018799,-0.12746453285217285,0.310342013835907,-0.0512927770614624,0.028765201568603516,0.021509826183319092,0.3498688340187073,0.027073919773101807,-0.24972781538963318,-0.1856781542301178]","[-0.19623525440692902,-0.48348671197891235,0.05932879075407982,0.20324379205703735,-0.007958796806633472,-0.0164794959127903,-2.4226386547088623,0.44425272941589355,1.02223539352417,1.985618233680725,-0.2485005408525467,0.020819805562496185,-0.8314383625984192,0.05573689192533493,0.1442461758852005,-0.5650608539581299,0.0735991895198822,0.37098875641822815,0.6540115475654602,0.5604695677757263,-0.005690851714462042,-0.15604031085968018,-0.016511747613549232,0.41554373502731323,-0.14112675189971924,-0.5267822742462158,-0.3004473149776459,0.05774394050240517,1.6323364973068237]","[-2.9507853984832764,1.3355575799942017,0.05376100540161133,5.368044853210449,-0.630648136138916,-0.26291629672050476,-4.24737548828125,-0.9267491698265076,-0.10837553441524506,3.6161251068115234,-1.7273328304290771,0.42127254605293274,-1.8054609298706055,1.1805810928344727,3.587122678756714,0.5882680416107178,-2.673814058303833,-1.8214763402938843,2.237879514694214,2.2432658672332764,0.5220118761062622,-0.17498129606246948,-2.873927593231201,-1.556618094444275,2.9513766765594482,-0.07028084248304367,-1.498431921005249,2.0641279220581055,1.2272627353668213]",0.10503377765417099,0.14593082666397095,0.0899452418088913,0.1896984726190567,0.08653688430786133,4.326844215393066,0,0,0,0.442495197057724,0.43493136763572693,0.8891936540603638,0.7386099696159363,0.9507659077644348,0.9375250935554504,-0.06667697429656982,-0.0,-0.0,0.0,0.0,0.0,0.0
198,3.96,198,"[-1.8437693119049072,0.5299333930015564,0.0496288537979126,2.1778581142425537,-0.7325908541679382,-0.2011701762676239,-1.545365810394287,-0.5417286157608032,0.17990218102931976,1.577210545539856,-0.5925366282463074,0.26179999113082886,0.02872566692531109,-0.1045014038681984,-0.03319525346159935,-1.442577838897705,0.4003094732761383,-0.16498412191867828,0.7082534432411194,1.2648427486419678,0.14929859340190887,0.8375532627105713,-1.7544233798980713,-1.2174708843231201,0.6404567360877991,0.34613871574401855,-0.6839348077774048,0.20329400897026062,-0.4708838164806366]","[-1.844754934310913,0.45821309089660645,0.06395713984966278,2.3380093574523926,-0.5869839191436768,-0.13018454611301422,-1.435055136680603,-0.5807005167007446,0.2937653064727783,1.68018639087677,-0.6029931306838989,0.12696121633052826,0.0028646839782595634,-0.12288917601108551,0.07542683929204941,-1.6638106107711792,0.36065587401390076,-0.20469613373279572,0.7786262035369873,1.2160286903381348,0.2680433690547943,0.7750078439712524,-1.7299268245697021,-1.0693066120147705,0.8992175459861755,0.7203853130340576,-0.6796940565109253,0.3197936415672302,-0.672371506690979]","[0.022026896476745605,0.04195272922515869,-0.05365246906876564,-0.08577704429626465,0.5033686757087708,-0.093020498752594,-1.7046034336090088,-0.07898211479187012,0.18802061676979065,0.19986331462860107,0.2953857183456421,0.0,6.146728992462158e-06,6.891787052154541e-06,3.7997961044311523e-05,-0.22018253803253174,-0.024150311946868896,0.009942427277565002,0.5877792835235596,-0.036525726318359375,-0.144851952791214,0.34422874450683594,-0.05920529365539551,0.03858804702758789,0.025181472301483154,0.39270445704460144,0.024491548538208008,-0.2760011851787567,-0.20628273487091064]","[-0.257468044757843,-0.5334768295288086,0.03725401312112808,0.1794126331806183,-0.07550764828920364,-0.015483219176530838,-2.131019115447998,0.3000488579273224,1.0674889087677002,2.1786746978759766,1.3612819910049438,-0.2320428043603897,-0.8611029386520386,0.15086345374584198,-0.037738312035799026,-0.3831104338169098,0.03608813136816025,0.3938714861869812,0.5718170404434204,0.5375859141349792,-0.017869913950562477,-0.12774817645549774,-0.044505566358566284,0.46891096234321594,-0.5841764807701111,-0.6511461138725281,-0.5902267098426819,0.030684223398566246,3.068347692489624]","[-2.861501455307007,1.3142637014389038,0.05164957046508789,5.340474605560303,-0.5995229482650757,-0.26194027066230774,-4.334542751312256,-0.9006741046905518,-0.1425311416387558,3.719813585281372,-1.7413864135742188,0.4292398989200592,-1.7448335886001587,1.1413359642028809,3.442817449569702,0.6537243127822876,-2.635686159133911,-1.723889708518982,2.212573766708374,2.251802921295166,0.5618665814399719,-0.13029325008392334,-2.9818005561828613,-1.541549801826477,2.890275239944458,-0.09797387570142746,-1.5344772338867188,2.0247550010681152,1.1130468845367432]",0.10791096836328506,0.14454887807369232,0.09156669676303864,0.19915083050727844,0.08466820418834686,4.233410209417343,0,0,0,0.43955832719802856,0.43612319231033325,0.8856188654899597,0.72194904088974,0.9592174291610718,0.8451811075210571,-0.054237451404333115,-0.0,-0.0,0.0,0.0,0.0,0.0
199,3.98,199,"[-1.843366026878357,0.5307921767234802,0.04849138855934143,2.176008701324463,-0.7223638892173767,-0.20313531160354614,-1.5808268785476685,-0.5434043407440186,0.18187789618968964,1.5784753561019897,-0.5850850343704224,0.26179999113082886,0.02872568368911743,-0.10450121760368347,-0.03319424018263817,-1.4472038745880127,0.39983031153678894,-0.16476134955883026,0.7206112742424011,1.264076590538025,0.14622431993484497,0.8447878360748291,-1.7556967735290527,-1.216599941253662,0.6410146355628967,0.35442936420440674,-0.6834651231765747,0.19751423597335815,-0.47522273659706116]","[-1.8499454259872437,0.44979235529899597,0.06536897271871567,2.3410325050354004,-0.5893257856369019,-0.130409836769104,-1.486457347869873,-0.5719666481018066,0.31103459000587463,1.7211374044418335,-0.6069080233573914,0.12518174946308136,-0.012110810726881027,-0.12131654471158981,0.07241570204496384,-1.6697179079055786,0.3609747290611267,-0.19624057412147522,0.7880415916442871,1.2265819311141968,0.2672875225543976,0.7719972729682922,-1.733940839767456,-1.0606648921966553,0.8868206739425659,0.7096918225288391,-0.6946597099304199,0.32057902216911316,-0.6122797727584839]","[0.0183790922164917,0.04378557205200195,-0.06030229851603508,-0.09912848472595215,0.519147515296936,-0.10373294353485107,-1.8132120370864868,-0.08512884378433228,0.03186650574207306,-0.03807544708251953,0.4261478781700134,0.0,6.845220923423767e-06,7.636845111846924e-06,4.1443854570388794e-05,-0.24310946464538574,-0.023712217807769775,0.012405961751937866,0.6495177745819092,-0.03994405269622803,-0.16307197511196136,0.37992745637893677,-0.06854534149169922,0.049048662185668945,0.030881166458129883,0.43708011507987976,0.022044777870178223,-0.30205586552619934,-0.22774562239646912]","[-0.24830204248428345,-0.40989798307418823,0.0642913281917572,0.14878100156784058,-0.15380851924419403,-0.006876509636640549,-2.407607078552246,0.3767285645008087,0.9490094184875488,2.1481375694274902,1.0671441555023193,-0.29614999890327454,-0.7199446558952332,0.10233230888843536,-0.18026669323444366,-0.21922989189624786,0.00399729935452342,0.41342562437057495,0.38695722818374634,0.4953545033931732,-0.04004405066370964,-0.1480901539325714,-0.2638988792896271,0.37646275758743286,-0.5525597929954529,-0.5062422752380371,-0.7501358985900879,0.036004263907670975,3.0697286128997803]","[-2.7867462635040283,1.310854196548462,0.035181522369384766,5.27786111831665,-0.5453446507453918,-0.2469182163476944,-4.457948684692383,-0.8596179485321045,-0.16123650968074799,3.863003730773926,-1.8123984336853027,0.4371269941329956,-1.6481856107711792,1.1236119270324707,3.3621506690979004,0.708336591720581,-2.609123468399048,-1.6200613975524902,2.1434454917907715,2.266042947769165,0.5943838357925415,-0.06476790457963943,-3.049105405807495,-1.5476306676864624,2.857137441635132,-0.06262605637311935,-1.5763466358184814,1.9900645017623901,0.9691289663314819]",0.11082364618778229,0.14426198601722717,0.0933985635638237,0.20566660165786743,0.08501593768596649,4.250796884298325,0,0,0,0.43646687269210815,0.4365551173686981,0.8820866942405701,0.7091093063354492,0.9592264890670776,0.8910381197929382,-0.06368584930896759,-0.0,-0.0,0.0,0.0,0.0,0.0
200,4.0,200,"[-1.8430341482162476,0.5316848158836365,0.047216761857271194,2.1738929748535156,-0.7118249535560608,-0.20531949400901794,-1.6178942918777466,-0.5451337695121765,0.18117684125900269,1.5756875276565552,-0.5754907131195068,0.26179999113082886,0.028725940734148026,-0.10450109839439392,-0.033193595707416534,-1.4523022174835205,0.3993609845638275,-0.16448788344860077,0.7342341542243958,1.2632449865341187,0.14277571439743042,0.8527503609657288,-1.7571651935577393,-1.2155089378356934,0.6416919827461243,0.36362192034721375,-0.6830530166625977,0.1912117749452591,-0.47999364137649536]","[-1.8564809560775757,0.44326290488243103,0.06686390936374664,2.3431150913238525,-0.5910194516181946,-0.1303754299879074,-1.5399351119995117,-0.5625280737876892,0.32796064019203186,1.7600820064544678,-0.6287115216255188,0.12621177732944489,-0.02487242966890335,-0.12089116126298904,0.06709624826908112,-1.6731464862823486,0.3610142767429352,-0.18843647837638855,0.7943408489227295,1.2360376119613647,0.26631054282188416,0.7691070437431335,-1.7414155006408691,-1.0528067350387573,0.8778692483901978,0.7016196846961975,-0.7081860899925232,0.3207986652851105,-0.549426257610321]","[0.14172494411468506,0.01328885555267334,-0.022286828607320786,-0.006073713302612305,0.10281652212142944,-0.11232905089855194,-1.8683433532714844,0.27904510498046875,0.3178488612174988,1.2241870164871216,-0.2969518303871155,0.0,7.404014468193054e-06,2.60770320892334e-06,1.471489667892456e-05,-0.09994804859161377,-0.01077204942703247,0.006295368075370789,0.2950623631477356,-0.01844167709350586,-0.0756777822971344,0.1829281449317932,-0.009146332740783691,0.012087821960449219,0.008541345596313477,0.19057542085647583,0.017167627811431885,-0.13671256601810455,-0.11783391237258911]","[-0.23709601163864136,-0.26022279262542725,0.0968812108039856,0.07083491235971451,-0.054799191653728485,0.003921377006918192,-3.104987382888794,0.6204370260238647,0.36012396216392517,1.4052677154541016,-3.9248533248901367,0.5400538444519043,-0.5526253581047058,-0.039892666041851044,-0.13734236359596252,-0.22649110853672028,0.0126973707228899,0.3790258467197418,0.2959597706794739,0.4569268524646759,-0.050414979457855225,-0.13881801068782806,-0.5067073106765747,0.3747656047344208,-0.37882474064826965,-0.36373886466026306,-0.6332548260688782,0.00046057297731749713,3.2031328678131104]","[-2.758288860321045,1.311498999595642,0.033705055713653564,5.225925445556641,-0.51288241147995,-0.23809315264225006,-4.530952453613281,-0.8303248286247253,-0.1399676650762558,3.9791154861450195,-1.8671406507492065,0.4499114155769348,-1.571351170539856,1.1115906238555908,3.2875356674194336,0.7276995182037354,-2.55894136428833,-1.5576967000961304,2.151801586151123,2.2928411960601807,0.6512498259544373,0.02159886807203293,-3.0914785861968994,-1.5150948762893677,2.8201913833618164,-0.01017337292432785,-1.5632176399230957,1.9463727474212646,0.8656982183456421]",0.11353537440299988,0.14495503902435303,0.09547339379787445,0.2128119319677353,0.08593382686376572,4.296691343188286,0,0,0,0.4334051012992859,0.4364378750324249,0.8780883550643921,0.6880769729614258,0.982475996017456,0.9169830083847046,-0.038776006549596786,-0.0,-0.0,0.0,0.0,0.0,0.0
201,4.0200000000000005,201,"[-1.8376970291137695,0.5313237309455872,0.0475999154150486,2.1757657527923584,-0.7182512283325195,-0.20762847363948822,-1.6555606126785278,-0.5322425365447998,0.19459185004234314,1.6274428367614746,-0.596963107585907,0.26179999113082886,0.02872597984969616,-0.10450111329555511,-0.03319365158677101,-1.4512017965316772,0.39939942955970764,-0.16450953483581543,0.7324137687683105,1.2633389234542847,0.1431972086429596,0.8521049618721008,-1.756062626838684,-1.2161164283752441,0.6413562893867493,0.36205238103866577,-0.6827784180641174,0.19204573333263397,-0.4799360930919647]","[-1.860896110534668,0.437703400850296,0.06899133324623108,2.343815326690674,-0.5915299654006958,-0.13042671978473663,-1.5951061248779297,-0.5519371628761292,0.3448505401611328,1.8002337217330933,-0.6210293769836426,0.1229214295744896,-0.03531968221068382,-0.1203296035528183,0.06254252046346664,-1.675050139427185,0.3607613444328308,-0.18203382194042206,0.8000831007957458,1.2438513040542603,0.2655082046985626,0.7681258916854858,-1.7486443519592285,-1.0424418449401855,0.8659820556640625,0.6943525075912476,-0.7175198197364807,0.3208027184009552,-0.4839459955692291]","[0.26722848415374756,-0.017847120761871338,0.019415654242038727,0.09333491325378418,-0.3213465213775635,-0.11532343924045563,-2.099332332611084,0.617314875125885,0.5072888135910034,2.3232579231262207,-0.9245976805686951,0.0,1.0710209608078003e-06,-1.862645149230957e-07,-1.1175870895385742e-06,0.052741169929504395,0.0018574297428131104,-0.0010360032320022583,-0.08735358715057373,0.004521012306213379,0.020222365856170654,-0.031034648418426514,0.05282461643218994,-0.02917349338531494,-0.016117095947265625,-0.0752665102481842,0.013184547424316406,0.03996267914772034,0.0028051435947418213]","[-0.1931721717119217,-0.2677895724773407,0.09356378018856049,0.012275850400328636,-0.00870085135102272,-0.004202259238809347,-2.4748694896698,0.4741396903991699,0.9504073262214661,2.057234287261963,1.6996643543243408,-0.33745241165161133,-0.4838530719280243,0.040458276867866516,-0.24277985095977783,-0.03571726754307747,-0.018526125699281693,0.26910749077796936,0.26098495721817017,0.3391721546649933,-0.03493811935186386,-0.012727877125144005,-0.2886980175971985,0.5591244101524353,-0.6584554314613342,-0.3435836434364319,-0.4154553711414337,0.005111414007842541,3.23156476020813]","[-2.74611496925354,1.2965034246444702,0.08763867616653442,5.246568202972412,-0.5199376344680786,-0.26255080103874207,-4.570500373840332,-0.8121645450592041,-0.129761204123497,4.038048267364502,-1.7151859998703003,0.4488232135772705,-1.4567517042160034,1.0468394756317139,3.1712610721588135,0.6413910388946533,-2.4442052841186523,-1.5204330682754517,2.204564332962036,2.315316677093506,0.7256534695625305,0.13838869333267212,-3.0668673515319824,-1.4085665941238403,2.76029372215271,-0.007548920810222626,-1.5345757007598877,1.8869373798370361,0.7466104030609131]",0.11394845694303513,0.13891057670116425,0.09398944675922394,0.21090255677700043,0.08483808487653732,4.241904243826866,0,0,0,0.4328622817993164,0.4415290951728821,0.8815717697143555,0.6947774887084961,0.9693506360054016,0.8929698467254639,-0.07115717232227325,-0.0,-0.0,0.0,0.0,0.0,0.0
202,4.04,202,"[-1.8323450088500977,0.5309709310531616,0.047993388026952744,2.177626371383667,-0.7246788144111633,-0.20993243157863617,-1.7018675804138184,-0.5204411745071411,0.20146839320659637,1.668617844581604,-0.6124746203422546,0.26179999113082886,0.028725983574986458,-0.10450110584497452,-0.033193640410900116,-1.4501925706863403,0.39943528175354004,-0.16452932357788086,0.7307400107383728,1.2634258270263672,0.14358460903167725,0.8515089750289917,-1.7550522089004517,-1.216675877571106,0.6410472989082336,0.3606112599372864,-0.682525634765625,0.1928102821111679,-0.4798814356327057]","[-1.8660430908203125,0.4346677362918854,0.07130540162324905,2.343186855316162,-0.5913392901420593,-0.13023048639297485,-1.6503552198410034,-0.5401447415351868,0.3630514442920685,1.8383516073226929,-0.6334161758422852,0.12417054176330566,-0.041840165853500366,-0.12102635204792023,0.054641395807266235,-1.6758043766021729,0.35922491550445557,-0.17784172296524048,0.8068718314170837,1.250242829322815,0.26506173610687256,0.7688350677490234,-1.754831075668335,-1.0313730239868164,0.8549363017082214,0.6909835338592529,-0.7254834771156311,0.3207505941390991,-0.4246669411659241]","[0.2679765224456787,-0.017432868480682373,0.019930023699998856,0.09272098541259766,-0.3214120864868164,-0.11507570743560791,-2.2390336990356445,0.5952969193458557,0.3326393663883209,2.0625085830688477,-0.7432952523231506,0.0,-3.259629011154175e-07,3.725290298461914e-07,1.3969838619232178e-06,0.04817843437194824,0.0017240643501281738,-0.0009387731552124023,-0.08000582456588745,0.004169344902038574,0.018513202667236328,-0.028552114963531494,0.048220157623291016,-0.02676248550415039,-0.014775991439819336,-0.0688403844833374,0.012090802192687988,0.036492571234703064,0.002656877040863037]","[-0.14444459974765778,-0.08709514886140823,0.17549550533294678,-0.06712944060564041,0.018936850130558014,0.012390349060297012,-3.2275915145874023,0.7025757431983948,0.40920811891555786,1.3797491788864136,-3.440746784210205,0.6157229542732239,-0.26115134358406067,-0.13039545714855194,-0.29379481077194214,-0.0950303003191948,-0.05250173807144165,0.16456466913223267,0.35676509141921997,0.28840041160583496,-0.020139500498771667,0.047714486718177795,-0.3850766718387604,0.5441613793373108,-0.49683812260627747,-0.0870836153626442,-0.38233742117881775,-0.0008035519858822227,2.818066358566284]","[-2.76021146774292,1.3116110563278198,0.06781667470932007,5.177126407623291,-0.5048279762268066,-0.236432746052742,-4.684453010559082,-0.7683275938034058,-0.07402263581752777,4.214803218841553,-1.8076151609420776,0.4597596824169159,-1.368398904800415,1.0186991691589355,3.1365625858306885,0.6221581697463989,-2.385556221008301,-1.4895423650741577,2.2196156978607178,2.3698174953460693,0.8000447154045105,0.29190564155578613,-3.1044206619262695,-1.4196841716766357,2.7409517765045166,0.061723776161670685,-1.5327556133270264,1.868913173675537,0.6984872817993164]",0.1142076924443245,0.13471060991287231,0.09256475418806076,0.212045818567276,0.08545207977294922,4.272603988647461,0,0,0,0.4325336217880249,0.445221871137619,0.8844491839408875,0.6777783036231995,0.9748685956001282,0.9180954694747925,-0.06034311279654503,-0.0,-0.0,0.0,0.0,0.0,0.0
203,4.0600000000000005,203,"[-1.8269779682159424,0.5306264162063599,0.04839711636304855,2.1794745922088623,-0.7311077117919922,-0.21223150193691254,-1.745121955871582,-0.5084306597709656,0.20789742469787598,1.709943175315857,-0.626694917678833,0.26179999113082886,0.028725966811180115,-0.10450109839439392,-0.033193595707416534,-1.4492746591567993,0.39946839213371277,-0.16454708576202393,0.729213535785675,1.2635056972503662,0.14393773674964905,0.8509628772735596,-1.7541338205337524,-1.2171869277954102,0.6407652497291565,0.3592987656593323,-0.6822947859764099,0.1935054361820221,-0.4798298180103302]","[-1.8690447807312012,0.4324866235256195,0.07472223788499832,2.3414220809936523,-0.5907964110374451,-0.129907488822937,-1.7098896503448486,-0.5279778242111206,0.3789439797401428,1.877647042274475,-0.6208570599555969,0.12297651916742325,-0.04658455029129982,-0.12205266207456589,0.04730716347694397,-1.6760118007659912,0.35692596435546875,-0.17465271055698395,0.8144939541816711,1.2557138204574585,0.2648743689060211,0.7714213728904724,-1.7599434852600098,-1.0201029777526855,0.8432525992393494,0.6899930238723755,-0.7329853177070618,0.3208107352256775,-0.372900128364563]","[0.26872456073760986,-0.017020106315612793,0.020440947264432907,0.09210705757141113,-0.3214731812477112,-0.11483430862426758,-2.116924524307251,0.6067663431167603,0.2938252091407776,2.037245035171509,-0.6722569465637207,0.0,-2.3283064365386963e-07,1.862645149230957e-07,1.210719347000122e-06,0.04360675811767578,0.001586228609085083,-0.0008512288331985474,-0.07260441780090332,0.003802776336669922,0.016796961426734924,-0.02603083848953247,0.04361569881439209,-0.024333596229553223,-0.013424456119537354,-0.06240159273147583,0.010989606380462646,0.03301985561847687,0.0024996697902679443]","[-0.130165234208107,-0.11191004514694214,0.14550061523914337,-0.10720723867416382,0.030471812933683395,0.018028629943728447,-2.7090468406677246,0.5444483757019043,0.940716564655304,2.101145029067993,1.7267602682113647,-0.2796117067337036,-0.20021145045757294,-0.013864671811461449,-0.35488948225975037,0.012810830026865005,-0.14295531809329987,0.1364831030368805,0.3824022114276886,0.24638882279396057,-0.003480216721072793,0.17483466863632202,-0.1952446848154068,0.5259658098220825,-0.5885520577430725,-0.036967724561691284,-0.3688586950302124,0.006739760283380747,2.400312900543213]","[-2.7589333057403564,1.2903399467468262,0.08549761772155762,5.205258846282959,-0.5086458921432495,-0.2430911809206009,-4.741323471069336,-0.7429702281951904,-0.0693436712026596,4.315209865570068,-1.684761881828308,0.45033764839172363,-1.3138833045959473,0.9683263897895813,3.0504064559936523,0.5482702255249023,-2.299966335296631,-1.447300672531128,2.250070810317993,2.3870129585266113,0.8640790581703186,0.4385066628456116,-3.0576276779174805,-1.3906141519546509,2.7020561695098877,0.07649625092744827,-1.5312519073486328,1.8641225099563599,0.6291056275367737]",0.11419831961393356,0.13253968954086304,0.09141365438699722,0.21358701586723328,0.08566087484359741,4.283043742179871,0,0,0,0.43247565627098083,0.4470624029636383,0.8866007328033447,0.6733516454696655,0.9787847995758057,0.9121189713478088,-0.04735064134001732,-0.0,-0.0,0.0,0.0,0.0,0.0
204,4.08,204,"[-1.8215960264205933,0.5302901268005371,0.04881102591753006,2.1813106536865234,-0.7375377416610718,-0.21452580392360687,-1.7865445613861084,-0.4961705207824707,0.21322140097618103,1.7501076459884644,-0.6393648982048035,0.26179999113082886,0.02872597426176071,-0.10450109839439392,-0.033193591982126236,-1.4484483003616333,0.39949873089790344,-0.1645633727312088,0.7278358340263367,1.263577938079834,0.14425648748874664,0.8504677414894104,-1.753307580947876,-1.217649221420288,0.6405103206634521,0.35811519622802734,-0.6820860505104065,0.19413107633590698,-0.47978144884109497]","[-1.8706920146942139,0.4311133325099945,0.07849058508872986,2.338508129119873,-0.5901185870170593,-0.1291840374469757,-1.7725623846054077,-0.5146279335021973,0.39126574993133545,1.9162514209747314,-0.6445180177688599,0.12712682783603668,-0.04937296360731125,-0.12402833253145218,0.04015476256608963,-1.6765518188476562,0.35308837890625,-0.17239734530448914,0.8234415650367737,1.2610881328582764,0.26496434211730957,0.7754966020584106,-1.7638936042785645,-1.012401819229126,0.8353230953216553,0.6899354457855225,-0.7397117614746094,0.32082802057266235,-0.3311786651611328]","[0.2694666385650635,-0.016613304615020752,0.02094842493534088,0.09149909019470215,-0.32152682542800903,-0.11459812521934509,-2.062347650527954,0.6095394492149353,0.2216726541519165,1.9519925117492676,-0.5782216787338257,0.0,3.725290298461914e-07,0.0,9.313225746154785e-08,0.03903806209564209,0.001449882984161377,-0.0007748603820800781,-0.0651821494102478,0.003415346145629883,0.015081092715263367,-0.023484230041503906,0.039014220237731934,-0.021889805793762207,-0.012068450450897217,-0.05595311522483826,0.009879469871520996,0.02954714000225067,0.00233575701713562]","[-0.0016709758201614022,-0.07979657500982285,0.19846734404563904,-0.1574029177427292,0.03771166130900383,0.0435919463634491,-3.260043144226074,0.6989993453025818,0.43636518716812134,1.8766223192214966,-1.0295603275299072,0.19414553046226501,-0.13522423803806305,-0.08984754979610443,-0.2651918828487396,-0.027995474636554718,-0.18685302138328552,0.09839220345020294,0.43300577998161316,0.2587161660194397,0.00957157090306282,0.21488860249519348,-0.22402022778987885,0.3174406886100769,-0.2856920063495636,0.0007557509234175086,-0.32185816764831543,-0.0021056931000202894,1.934367299079895]","[-2.7679784297943115,1.2908461093902588,0.05013585090637207,5.147696495056152,-0.5016064643859863,-0.20916374027729034,-4.830010414123535,-0.6968735456466675,-0.019114479422569275,4.495042324066162,-1.7823824882507324,0.45377370715141296,-1.2905441522598267,0.9614536166191101,3.025006055831909,0.5398677587509155,-2.262516498565674,-1.4282381534576416,2.262542963027954,2.4354188442230225,0.9302604794502258,0.6050141453742981,-3.088963031768799,-1.4410332441329956,2.6979916095733643,0.14809054136276245,-1.5291662216186523,1.8851673603057861,0.6182856559753418]",0.11395450681447983,0.13178575038909912,0.0904330313205719,0.21274055540561676,0.08404938876628876,4.202469438314438,0,0,0,0.43269163370132446,0.447902649641037,0.8883325457572937,0.6653053760528564,0.9762086868286133,0.8456029891967773,-0.0535743422806263,-0.0,-0.0,0.0,0.0,0.0,0.0
205,4.1,205,"[-1.8161993026733398,0.529961884021759,0.04923505336046219,2.1831345558166504,-0.7439687848091125,-0.21681542694568634,-1.8276158571243286,-0.48404908180236816,0.21676433086395264,1.7880228757858276,-0.649823784828186,0.26179999113082886,0.02872598171234131,-0.10450109839439392,-0.033193591982126236,-1.4477131366729736,0.3995263874530792,-0.16457808017730713,0.7266062498092651,1.2636423110961914,0.14454098045825958,0.8500235080718994,-1.7525732517242432,-1.2180625200271606,0.6402825117111206,0.35706064105033875,-0.6818996071815491,0.19468732178211212,-0.4797363877296448]","[-1.8703912496566772,0.4288484454154968,0.08182575553655624,2.3353347778320312,-0.589333176612854,-0.12810105085372925,-1.8350602388381958,-0.5002814531326294,0.40514490008354187,1.9601013660430908,-0.645358145236969,0.12657295167446136,-0.0522867776453495,-0.12507174909114838,0.03466000035405159,-1.676450252532959,0.3488536775112152,-0.17114056646823883,0.8325155973434448,1.265816330909729,0.26537641882896423,0.7805969715118408,-1.766589641571045,-1.007533311843872,0.831489086151123,0.6899980306625366,-0.7457839250564575,0.3206605017185211,-0.2975325882434845]","[0.27020275592803955,-0.01620948314666748,0.0214526429772377,0.09089112281799316,-0.3215789794921875,-0.1143675297498703,-2.0463080406188965,0.6001293659210205,0.1325424760580063,1.8395304679870605,-0.46740174293518066,0.0,3.259629011154175e-07,0.0,0.0,0.03448128700256348,0.001309812068939209,-0.0006880611181259155,-0.05776733160018921,0.003033876419067383,0.013361871242523193,-0.020931661128997803,0.03441572189331055,-0.019431114196777344,-0.010704994201660156,-0.049498677253723145,0.008764863014221191,0.02607777714729309,0.0021651387214660645]","[0.08057833462953568,-0.1283685863018036,0.1487070471048355,-0.16293290257453918,0.04096130654215813,0.057607151567935944,-3.0643370151519775,0.728768527507782,0.6437824964523315,2.1858513355255127,0.010918504558503628,-0.012496431358158588,-0.15168096125125885,-0.0418868251144886,-0.19971701502799988,0.0117024602368474,-0.2046923041343689,0.03520930930972099,0.43886882066726685,0.21440060436725616,0.024063769727945328,0.2651527225971222,-0.10001171380281448,0.20087018609046936,-0.14468809962272644,0.00033891687053255737,-0.29335448145866394,-0.008631598204374313,1.5553264617919922]","[-2.771364688873291,1.269382119178772,0.045864641666412354,5.158430099487305,-0.5102987289428711,-0.20359916985034943,-4.8733649253845215,-0.6541597843170166,0.018656983971595764,4.630187034606934,-1.7431955337524414,0.4445433020591736,-1.2857848405838013,0.9261118769645691,2.9514052867889404,0.4977540671825409,-2.204097270965576,-1.4028371572494507,2.274568557739258,2.4510586261749268,0.9909652471542358,0.778456449508667,-3.0950069427490234,-1.4599525928497314,2.6786181926727295,0.17807763814926147,-1.5280095338821411,1.900868535041809,0.5936844944953918]",0.11353971064090729,0.13180218636989594,0.08961738646030426,0.21451181173324585,0.08629404008388519,4.31470200419426,0,0,0,0.43309372663497925,0.44792792201042175,0.8895168304443359,0.6575816869735718,0.9828329086303711,0.941211998462677,-0.037463389337062836,-0.0,-0.0,0.0,0.0,0.0,0.0
206,4.12,206,"[-1.8107879161834717,0.5296417474746704,0.04966913163661957,2.184946298599243,-0.7504009008407593,-0.21910050511360168,-1.8683968782424927,-0.4721653461456299,0.21852310001850128,1.8236888647079468,-0.6580609679222107,0.26179999113082886,0.028725987300276756,-0.10450109839439392,-0.033193591982126236,-1.4470690488815308,0.399551123380661,-0.16459089517593384,0.7255251407623291,1.2636992931365967,0.14479096233844757,0.8496304750442505,-1.7519309520721436,-1.2184264659881592,0.6400821208953857,0.3561352491378784,-0.6817354559898376,0.1951741874217987,-0.47969484329223633]","[-1.8674284219741821,0.4256107807159424,0.08458535373210907,2.332019567489624,-0.5885486006736755,-0.1267721801996231,-1.895626187324524,-0.4842761754989624,0.4201495945453644,2.0072083473205566,-0.6486147046089172,0.1259009838104248,-0.056102193892002106,-0.12597224116325378,0.03151858597993851,-1.6760425567626953,0.3445935845375061,-0.1709796041250229,0.8417768478393555,1.270172357559204,0.266031414270401,0.7862430810928345,-1.7670942544937134,-1.004602313041687,0.830022931098938,0.6900185942649841,-0.7506027817726135,0.3204071819782257,-0.2705618739128113]","[0.2709388732910156,-0.01580864191055298,0.021953321993350983,0.09027719497680664,-0.3216266632080078,-0.1141432672739029,-2.032914876937866,0.5855977535247803,0.04315972328186035,1.7267227172851562,-0.3561079502105713,0.0,2.3283064365386963e-07,0.0,0.0,0.029927492141723633,0.001163780689239502,-0.0005938112735748291,-0.050334632396698,0.0026553869247436523,0.011635199189186096,-0.018359720706939697,0.02982020378112793,-0.016960501670837402,-0.009329617023468018,-0.04303455352783203,0.007645785808563232,0.022609159350395203,0.0019855797290802]","[0.18527813255786896,-0.18159951269626617,0.10464328527450562,-0.16636912524700165,0.03822548687458038,0.07031157612800598,-2.845989227294922,0.8004201650619507,0.878067672252655,2.4903931617736816,0.6082989573478699,-0.16780270636081696,-0.2016746699810028,-0.012785244733095169,-0.11146354675292969,0.035555869340896606,-0.21316565573215485,-0.006993008777499199,0.4579595625400543,0.21157851815223694,0.03914414346218109,0.29729536175727844,0.012908258475363255,0.12167967855930328,-0.04639358073472977,-0.00032890410511754453,-0.20711228251457214,-0.016166871413588524,1.221582293510437]","[-2.7658534049987793,1.2472528219223022,0.034742534160614014,5.150249481201172,-0.5240071415901184,-0.19216080009937286,-4.925381660461426,-0.6024631261825562,0.06208266317844391,4.778836727142334,-1.7479166984558105,0.4384783208370209,-1.2837448120117188,0.8966314792633057,2.8997886180877686,0.4701996147632599,-2.146078109741211,-1.3772739171981812,2.2847537994384766,2.477370262145996,1.0579099655151367,0.9563373923301697,-3.1278562545776367,-1.4872642755508423,2.6679015159606934,0.20914959907531738,-1.528086543083191,1.9158048629760742,0.5883951187133789]",0.11290020495653152,0.13201221823692322,0.0889357253909111,0.2178071141242981,0.08669611811637878,4.334805905818939,0,0,0,0.43373993039131165,0.44774696230888367,0.8902347683906555,0.6476321220397949,0.9837735295295715,0.9710994362831116,-0.03942074626684189,-0.0,-0.0,0.0,0.0,0.0,0.0
207,4.14,207,"[-1.8053617477416992,0.5293295383453369,0.05011318624019623,2.1867456436157227,-0.7568338513374329,-0.22138115763664246,-1.9089324474334717,-0.46062517166137695,0.21849071979522705,1.8570917844772339,-0.6640681028366089,0.26179999113082886,0.028725991025567055,-0.10450109839439392,-0.033193591982126236,-1.4465160369873047,0.3995729386806488,-0.16460183262825012,0.7245928645133972,1.2637485265731812,0.14500638842582703,0.8492891192436218,-1.751380443572998,-1.2187409400939941,0.6399093270301819,0.35533925890922546,-0.6815937757492065,0.19559168815612793,-0.47965696454048157]","[-1.8597304821014404,0.42071786522865295,0.08809946477413177,2.3286943435668945,-0.5877988338470459,-0.12526631355285645,-1.9589711427688599,-0.4650192856788635,0.4316357672214508,2.053001642227173,-0.6702296137809753,0.12593427300453186,-0.06268449872732162,-0.12778666615486145,0.032452285289764404,-1.6754649877548218,0.3413422107696533,-0.17142000794410706,0.8509736657142639,1.2749300003051758,0.26683926582336426,0.791705310344696,-1.766869068145752,-1.001876711845398,0.829704225063324,0.6904058456420898,-0.7536218762397766,0.31989002227783203,-0.24907316267490387]","[0.27167201042175293,-0.01541227102279663,0.022450648248195648,0.08966326713562012,-0.3216668963432312,-0.11392459273338318,-2.0212860107421875,0.5655929446220398,-0.04662536084651947,1.6129255294799805,-0.24453997611999512,0.0,2.3283064365386963e-07,0.0,0.0,0.02537369728088379,0.0010155141353607178,-0.0004999339580535889,-0.0428810715675354,0.0022679567337036133,0.009904801845550537,-0.015763938426971436,0.025224685668945312,-0.014472007751464844,-0.00794827938079834,-0.036557018756866455,0.00651925802230835,0.01914091408252716,0.001796334981918335]","[0.38278111815452576,-0.2883218824863434,0.10563893616199493,-0.15519161522388458,0.03436190262436867,0.08124136179685593,-2.810476064682007,0.9659718871116638,0.9965206384658813,2.6706666946411133,0.8700820803642273,-0.47680965065956116,-0.3443376123905182,0.02004805952310562,0.07318606972694397,0.08415708690881729,-0.1641135811805725,-0.011553856544196606,0.43222811818122864,0.24173828959465027,0.050939079374074936,0.2932904362678528,0.0377388633787632,0.13715258240699768,-0.003687467658892274,0.013409582898020744,-0.12093394249677658,-0.03582937270402908,0.9914084672927856]","[-2.7495553493499756,1.2206673622131348,0.02136939764022827,5.138998508453369,-0.5451654195785522,-0.18174614012241364,-4.977357864379883,-0.5444088578224182,0.1055835634469986,4.927961826324463,-1.761549472808838,0.43417495489120483,-1.2813087701797485,0.8706796169281006,2.8624274730682373,0.447885125875473,-2.0796761512756348,-1.3479975461959839,2.2949063777923584,2.5088462829589844,1.1286693811416626,1.137233853340149,-3.177105665206909,-1.5188430547714233,2.6642158031463623,0.2336016297340393,-1.5288249254226685,1.9243907928466797,0.5968795418739319]",0.11207590997219086,0.13226225972175598,0.08864597231149673,0.22015173733234406,0.0863831639289856,4.31915819644928,0,0,0,0.4345966875553131,0.44754886627197266,0.8904865980148315,0.6416985988616943,0.976952075958252,0.9694182276725769,-0.041542522609233856,-0.0,-0.0,0.0,0.0,0.0,0.0
208,4.16,208,"[-1.7999210357666016,0.5290252566337585,0.050567157566547394,2.188532829284668,-0.7632675766944885,-0.223657488822937,-1.9492483139038086,-0.4495416283607483,0.2166580855846405,1.888205885887146,-0.6678425669670105,0.26179999113082886,0.028725996613502502,-0.10450109839439392,-0.033193591982126236,-1.4460541009902954,0.39959174394607544,-0.16461089253425598,0.7238098978996277,1.2637900114059448,0.1451871544122696,0.8489999175071716,-1.7509219646453857,-1.2190053462982178,0.6397641897201538,0.35467296838760376,-0.6814746856689453,0.1959398239850998,-0.4796229898929596]","[-1.8495930433273315,0.4142628312110901,0.09000667929649353,2.325713872909546,-0.5872061252593994,-0.12364324927330017,-2.015982151031494,-0.44383949041366577,0.4482761323451996,2.1027283668518066,-0.6861903071403503,0.1258469820022583,-0.0708666443824768,-0.12797124683856964,0.03631436079740524,-1.6736384630203247,0.338949054479599,-0.17214292287826538,0.8592696785926819,1.2797775268554688,0.2678869068622589,0.797222375869751,-1.7659902572631836,-0.9990577697753906,0.8300129771232605,0.6908639073371887,-0.7556091547012329,0.3188796937465668,-0.23111458122730255]","[0.2723991870880127,-0.015018880367279053,0.02294471487402916,0.0890493392944336,-0.3217056393623352,-0.11371113359928131,-2.0104587078094482,0.5397632718086243,-0.13687238097190857,1.4976143836975098,-0.13306140899658203,0.0,2.3283064365386963e-07,0.0,0.0,0.020822882652282715,0.0008650124073028564,-0.0004071742296218872,-0.03540217876434326,0.0018745660781860352,0.008169189095497131,-0.013144314289093018,0.020629167556762695,-0.011965632438659668,-0.006559491157531738,-0.030065327882766724,0.005385279655456543,0.015672296285629272,0.0015944242477416992]","[0.6095232963562012,-0.3625295162200928,0.08222734928131104,-0.1390904188156128,0.029061444103717804,0.08131570369005203,-2.818871259689331,1.0736583471298218,0.6999331116676331,2.396632432937622,-0.38653460144996643,0.0262287724763155,-0.4523107707500458,0.004443022888153791,0.3173984885215759,0.08611201494932175,-0.09465712308883667,-0.052748385816812515,0.41118067502975464,0.23280614614486694,0.05311098322272301,0.2783734202384949,0.047348108142614365,0.14014114439487457,0.019791262224316597,0.023846924304962158,-0.08176662772893906,-0.05637440085411072,0.8342140913009644]","[-2.7347285747528076,1.1934510469436646,0.012887299060821533,5.136310577392578,-0.5797879695892334,-0.18086422979831696,-4.999497413635254,-0.4918137788772583,0.15986551344394684,5.0688796043396,-1.7532418966293335,0.4350946545600891,-1.2676260471343994,0.822865903377533,2.8148210048675537,0.4209049642086029,-1.9929560422897339,-1.31674325466156,2.2963616847991943,2.5331711769104004,1.2076114416122437,1.3285305500030518,-3.23909854888916,-1.5513728857040405,2.666477918624878,0.24227654933929443,-1.5349156856536865,1.923424243927002,0.610467791557312]",0.11105815321207047,0.13257361948490143,0.08849263936281204,0.22486266493797302,0.08438839763402939,4.219419881701469,0,0,0,0.4356358051300049,0.44735944271087646,0.8903751373291016,0.6281232237815857,0.9669692516326904,0.8964361548423767,-0.045479584485292435,-0.0,-0.0,0.0,0.0,0.0,0.0
209,4.18,209,"[-1.7944657802581787,0.5287287831306458,0.051030974835157394,2.1903076171875,-0.7697020769119263,-0.2259296029806137,-1.9893507957458496,-0.439034640789032,0.2130158245563507,1.9169963598251343,-0.6693905591964722,0.26179999113082886,0.0287260003387928,-0.10450109839439392,-0.033193591982126236,-1.4456831216812134,0.3996075391769409,-0.164618119597435,0.7231767773628235,1.2638235092163086,0.1453331559896469,0.8487633466720581,-1.7505552768707275,-1.2192195653915405,0.6396469473838806,0.3541366457939148,-0.6813783645629883,0.1962185800075531,-0.4795931875705719]","[-1.8354054689407349,0.40584492683410645,0.09129863232374191,2.323259115219116,-0.5867229104042053,-0.12226784974336624,-2.0705156326293945,-0.42096859216690063,0.4631149172782898,2.1514034271240234,-0.6946350932121277,0.12720368802547455,-0.08164148777723312,-0.1277238428592682,0.04432429000735283,-1.6710638999938965,0.3376946747303009,-0.17315837740898132,0.8671863675117493,1.284542202949524,0.26885026693344116,0.8027143478393555,-1.7649052143096924,-0.9961913824081421,0.832209587097168,0.691542387008667,-0.7579748630523682,0.3175588548183441,-0.2161543071269989]","[0.27312636375427246,-0.014628469944000244,0.023435428738594055,0.08842945098876953,-0.32173842191696167,-0.11350326240062714,-1.9993782043457031,0.5077846646308899,-0.22754929959774017,1.3803869485855103,-0.022204220294952393,0.0,1.3969838619232178e-07,0.0,0.0,0.01627206802368164,0.0007107853889465332,-0.00031515955924987793,-0.027893483638763428,0.001475214958190918,0.00642724335193634,-0.010496377944946289,0.016036629676818848,-0.009447336196899414,-0.005160272121429443,-0.023557990789413452,0.0042438507080078125,0.012203305959701538,0.0013791024684906006]","[0.8242872953414917,-0.46493491530418396,0.07736964523792267,-0.11450017988681793,0.024263432249426842,0.06368984282016754,-2.8307480812072754,1.174315094947815,0.42223259806632996,2.091726064682007,-1.4162747859954834,0.2628629505634308,-0.6026239991188049,-0.014543392695486546,0.5102096796035767,0.11981688439846039,-0.039476651698350906,-0.06586068868637085,0.40700000524520874,0.23045416176319122,0.04299883544445038,0.2744198143482208,0.05670098587870598,0.13527169823646545,0.1476861834526062,0.03797156736254692,-0.11109323054552078,-0.06707700341939926,0.6895168423652649]","[-2.7177326679229736,1.1613097190856934,0.019898295402526855,5.162249565124512,-0.6320915818214417,-0.19856776297092438,-5.000893592834473,-0.4403444528579712,0.21206404268741608,5.201322078704834,-1.6868683099746704,0.42603862285614014,-1.2468568086624146,0.7596047520637512,2.7391750812530518,0.3650102913379669,-1.88661527633667,-1.2684236764907837,2.3032538890838623,2.547964572906494,1.2813743352890015,1.5158390998840332,-3.2943501472473145,-1.5648492574691772,2.6642215251922607,0.224978506565094,-1.5504565238952637,1.9200921058654785,0.6135756969451904]",0.10987509787082672,0.1328352987766266,0.08872116357088089,0.23028770089149475,0.08543573319911957,4.271786659955978,0,0,0,0.43687474727630615,0.4470897316932678,0.889865517616272,0.6143679618835449,0.9721658229827881,0.9634291529655457,-0.052006471902132034,-0.0,-0.0,0.0,0.0,0.0,0.0
210,4.2,210,"[-1.7889959812164307,0.5284401178359985,0.051504574716091156,2.1920700073242188,-0.776137113571167,-0.2281976193189621,-2.0292234420776367,-0.4292302429676056,0.2075561136007309,1.9434213638305664,-0.6687307357788086,0.26179999113082886,0.02872600220143795,-0.10450109839439392,-0.033193591982126236,-1.4454032182693481,0.3996201753616333,-0.16462349891662598,0.7226941585540771,1.2638490200042725,0.14544424414634705,0.8485800623893738,-1.750280499458313,-1.2193832397460938,0.6395577788352966,0.3537306487560272,-0.681304931640625,0.19642795622348785,-0.47956782579421997]","[-1.8197427988052368,0.3963686525821686,0.09131745994091034,2.3210439682006836,-0.5864471197128296,-0.12135939300060272,-2.116854667663574,-0.3966042697429657,0.48478811979293823,2.2050797939300537,-0.6787872910499573,0.12477972358465195,-0.09411535412073135,-0.12647679448127747,0.05307018384337425,-1.6662262678146362,0.3371029794216156,-0.17383314669132233,0.8742547631263733,1.289352297782898,0.26957207918167114,0.8084807991981506,-1.7624136209487915,-0.9930988550186157,0.8363699913024902,0.6919535994529724,-0.7614867687225342,0.3161337673664093,-0.20377640426158905]","[0.2738535404205322,-0.01423954963684082,0.023922976106405258,0.08781552314758301,-0.3217652440071106,-0.1133013516664505,-1.9868791103363037,0.46939775347709656,-0.31853243708610535,1.26095712184906,0.08733868598937988,0.0,9.313225746154785e-08,0.0,0.0,0.011712312698364258,0.0005520880222320557,-0.00022351741790771484,-0.02034902572631836,0.0010758638381958008,0.004678219556808472,-0.007818639278411865,0.011444091796875,-0.0069081783294677734,-0.0037550926208496094,-0.01703202724456787,0.003096461296081543,0.008733570575714111,0.001150369644165039]","[0.8354543447494507,-0.4733608663082123,0.0124681880697608,-0.12186988443136215,0.011147373355925083,0.038456324487924576,-2.33860445022583,1.2300478219985962,0.8215374946594238,2.357714891433716,-0.5562872290611267,0.13538424670696259,-0.6530977487564087,0.01706094853579998,0.44868203997612,0.2659718096256256,-0.017621450126171112,-0.03989413008093834,0.34722933173179626,0.23836658895015717,0.028238091617822647,0.28804096579551697,0.17182132601737976,0.1544320285320282,0.2222595512866974,0.017951343208551407,-0.17404590547084808,-0.06845182180404663,0.5568565726280212]","[-2.7014000415802,1.1210039854049683,0.036203086376190186,5.199172496795654,-0.7018858194351196,-0.22816307842731476,-4.974987506866455,-0.388852059841156,0.26842522621154785,5.3305583000183105,-1.5894471406936646,0.4155927896499634,-1.213881015777588,0.6725154519081116,2.6423938274383545,0.28759872913360596,-1.7579818964004517,-1.2057009935379028,2.310185194015503,2.5558810234069824,1.3535956144332886,1.7018647193908691,-3.3482666015625,-1.5601314306259155,2.656587839126587,0.18562251329421997,-1.5723042488098145,1.9155093431472778,0.6011157035827637]",0.1085544005036354,0.13230305910110474,0.08908902853727341,0.23938047885894775,0.08317311108112335,4.158655554056168,0,0,0,0.43823984265327454,0.44725868105888367,0.8889468312263489,0.5951166152954102,0.9640662670135498,0.8908785581588745,-0.06585134565830231,-0.0,-0.0,0.0,0.0,0.0,0.0
211,4.22,211,"[-1.7835116386413574,0.5281592011451721,0.051987893879413605,2.1938202381134033,-0.7825726866722107,-0.23046165704727173,-2.0688259601593018,-0.4202587306499481,0.2002745270729065,1.9674346446990967,-0.665897011756897,0.26179999113082886,0.0287260040640831,-0.10450109839439392,-0.033193591982126236,-1.4452146291732788,0.3996296226978302,-0.1646270602941513,0.7223628163337708,1.2638665437698364,0.14552028477191925,0.8484506011009216,-1.7500975131988525,-1.2194958925247192,0.6394967436790466,0.3534553647041321,-0.681254506111145,0.19656792283058167,-0.4795471727848053]","[-1.799312949180603,0.3844505548477173,0.09172742813825607,2.3192410469055176,-0.586303174495697,-0.12099836766719818,-2.1653144359588623,-0.3692653179168701,0.4969443082809448,2.2491025924682617,-0.6846242547035217,0.12574315071105957,-0.11013653874397278,-0.1263188272714615,0.06548773497343063,-1.6613214015960693,0.3368186950683594,-0.17398861050605774,0.8833869099617004,1.2950348854064941,0.2698018550872803,0.814868688583374,-1.7591508626937866,-0.9898821711540222,0.8419737219810486,0.6921793818473816,-0.7657499313354492,0.3146662414073944,-0.19295236468315125]","[0.2745717763900757,-0.013856589794158936,0.024407263845205307,0.08720159530639648,-0.32178908586502075,-0.11310502886772156,-1.9717037677764893,0.42445287108421326,-0.4096064865589142,1.1391520500183105,0.19472241401672363,0.0,9.313225746154785e-08,0.0,9.313225746154785e-08,0.007146596908569336,0.0003904104232788086,-0.00013224780559539795,-0.012767314910888672,0.0006705522537231445,0.002921745181083679,-0.005111098289489746,0.006854534149169922,-0.004348158836364746,-0.0023439526557922363,-0.010486692190170288,0.0019401311874389648,0.0052623450756073,0.0009059906005859375]","[0.9403849840164185,-0.5936415791511536,-0.09739747643470764,-0.07402533292770386,0.0006143049104139209,0.017392652109265327,-1.9760712385177612,1.4000219106674194,1.1628739833831787,2.759816884994507,1.6339398622512817,-0.3954026401042938,-0.7678073048591614,0.14876651763916016,0.5790108442306519,0.32080525159835815,-0.01275600679218769,0.021943602710962296,0.44261765480041504,0.2854328155517578,0.014682047069072723,0.3578120470046997,0.17478041350841522,0.17627374827861786,0.312439888715744,0.004023524932563305,-0.20097984373569489,-0.08397067338228226,0.5101703405380249]","[-2.6799771785736084,1.0693740844726562,0.040062546730041504,5.2142815589904785,-0.7749303579330444,-0.2465166598558426,-4.970246315002441,-0.31228193640708923,0.3204207420349121,5.480646133422852,-1.5451472997665405,0.4127001166343689,-1.1823148727416992,0.6026127934455872,2.5935401916503906,0.22719243168830872,-1.6225632429122925,-1.1322063207626343,2.3379452228546143,2.5855042934417725,1.4379611015319824,1.884161114692688,-3.4075121879577637,-1.5663307905197144,2.6443088054656982,0.15719038248062134,-1.5928258895874023,1.9109017848968506,0.5956767797470093]",0.10720927268266678,0.13090181350708008,0.09004669636487961,0.24648019671440125,0.08387896418571472,4.193948209285736,0,0,0,0.43966788053512573,0.44816410541534424,0.8875328898429871,0.5836719870567322,0.9585014581680298,0.938790500164032,-0.062380824238061905,-0.0,-0.0,0.0,0.0,0.0,0.0
212,4.24,212,"[-1.7780131101608276,0.5278858542442322,0.05248086526989937,2.1955580711364746,-0.7890086770057678,-0.23272182047367096,-2.1080915927886963,-0.41225212812423706,0.19117185473442078,1.9889874458312988,-0.6609418392181396,0.26179999113082886,0.02872600592672825,-0.10450109839439392,-0.03319358825683594,-1.4451173543930054,0.39963579177856445,-0.1646287888288498,0.7221834659576416,1.2638758420944214,0.1455611139535904,0.8483756184577942,-1.7500063180923462,-1.2195571660995483,0.6394640207290649,0.3533111810684204,-0.6812273263931274,0.19663845002651215,-0.47953158617019653]","[-1.7794846296310425,0.3730781674385071,0.08923982083797455,2.3173961639404297,-0.5865598917007446,-0.12086240947246552,-2.199817419052124,-0.33959630131721497,0.5209972262382507,2.304425001144409,-0.6794623136520386,0.1253437101840973,-0.12568627297878265,-0.12414419651031494,0.07736136019229889,-1.6540993452072144,0.3366389274597168,-0.17230111360549927,0.8921775221824646,1.3022205829620361,0.2698971629142761,0.8219992518424988,-1.7553938627243042,-0.9865282773971558,0.8495601415634155,0.6921854615211487,-0.7705390453338623,0.3124438524246216,-0.1837492436170578]","[0.27528703212738037,-0.01347661018371582,0.0248882919549942,0.08658170700073242,-0.32180845737457275,-0.11291392147541046,-1.9524812698364258,0.37295371294021606,-0.5004733800888062,1.0149240493774414,0.2989664673805237,0.0,4.6566128730773926e-08,0.0,9.313225746154785e-08,0.002574920654296875,0.00022426247596740723,-4.1350722312927246e-05,-0.005142390727996826,0.0002592802047729492,0.0011563301086425781,-0.0023692846298217773,0.0022679567337036133,-0.001773238182067871,-0.0009223818778991699,-0.003920495510101318,0.0007763504981994629,0.0017900019884109497,0.0006437301635742188]","[1.1390432119369507,-0.6139361262321472,-0.0655292198061943,-0.098160021007061,-0.014171004295349121,0.0015223320806398988,-1.9661110639572144,1.4905343055725098,0.5417393445968628,2.085177421569824,-1.5246068239212036,0.3621893525123596,-0.85947185754776,0.010604139417409897,0.6891390681266785,0.3372366428375244,-0.004819582216441631,0.08091309666633606,0.491489052772522,0.37704184651374817,-0.005684117786586285,0.3602782189846039,0.20967422425746918,0.1529233604669571,0.3929293155670166,0.0018465277971699834,-0.22343075275421143,-0.12264728546142578,0.42566341161727905]","[-2.672417402267456,1.0244309902191162,0.03498107194900513,5.20977258682251,-0.8527634143829346,-0.25963351130485535,-4.930208206176758,-0.23769700527191162,0.4046456813812256,5.643665790557861,-1.5490397214889526,0.41759198904037476,-1.139447808265686,0.5257673859596252,2.553356170654297,0.18151617050170898,-1.4778751134872437,-1.063683271408081,2.349141836166382,2.628007411956787,1.5387146472930908,2.077399253845215,-3.4994401931762695,-1.59368097782135,2.63407826423645,0.13734787702560425,-1.6129339933395386,1.8998901844024658,0.5817720890045166]",0.105707086622715,0.12900671362876892,0.09101036936044693,0.2581581771373749,0.08275347948074341,4.13767397403717,0,0,0,0.4412026107311249,0.4494346082210541,0.8857449293136597,0.553358793258667,0.9602929353713989,0.9207109212875366,-0.07307085394859314,-0.0,-0.0,0.0,0.0,0.0,0.0
213,4.26,213,"[-1.7725001573562622,0.5276201367378235,0.05298342555761337,2.1972835063934326,-0.7954450249671936,-0.23497821390628815,-2.146925210952759,-0.4053405821323395,0.18025559186935425,2.0080316066741943,-0.653938353061676,0.26179999113082886,0.02872600592672825,-0.10450109839439392,-0.03319358825683594,-1.445111632347107,0.3996385931968689,-0.16462871432304382,0.7221571207046509,1.2638769149780273,0.14556653797626495,0.8483558297157288,-1.7500067949295044,-1.219566822052002,0.6394598484039307,0.353298544883728,-0.681223452091217,0.1966395229101181,-0.47952142357826233]","[-1.7522341012954712,0.3573436439037323,0.08736972510814667,2.3164219856262207,-0.5869948267936707,-0.12142430245876312,-2.2370810508728027,-0.30680277943611145,0.5316585302352905,2.3461720943450928,-0.6832942962646484,0.12799961864948273,-0.14645099639892578,-0.12353965640068054,0.09593921899795532,-1.6481603384017944,0.3365274667739868,-0.16954359412193298,0.905252993106842,1.3108373880386353,0.2693580985069275,0.8305209875106812,-1.751562237739563,-0.9829603433609009,0.8578693866729736,0.6920669674873352,-0.7752111554145813,0.30971962213516235,-0.17494529485702515]","[0.27600228786468506,-0.01309812068939209,0.025366246700286865,0.08596181869506836,-0.3218218684196472,-0.11272840201854706,-1.927804946899414,0.31510964035987854,-0.590766966342926,0.8883535861968994,0.39899200201034546,0.0,0.0,0.0,0.0,-0.0020056962966918945,5.21540641784668e-05,4.842877388000488e-05,0.002530217170715332,-0.0001519918441772461,-0.0006187707185745239,0.0004112720489501953,-0.0023186206817626953,0.0008165836334228516,0.0005081295967102051,0.0026702880859375,-0.0003933906555175781,-0.0016842037439346313,0.00036284327507019043]","[1.2406251430511475,-0.7631241679191589,-0.2582632303237915,-0.023678045719861984,-0.03094230778515339,-0.032937560230493546,-1.3491383790969849,1.6923531293869019,1.2006064653396606,2.7698569297790527,1.7718712091445923,-0.28872546553611755,-0.9760382771492004,0.2050260305404663,0.8721024990081787,0.3637121021747589,-0.001196230878122151,0.17212778329849243,0.6658682227134705,0.42252683639526367,-0.023672383278608322,0.4836057722568512,0.19547626376152039,0.20168834924697876,0.42347630858421326,-0.012882333248853683,-0.21212166547775269,-0.16225488483905792,0.4283534586429596]","[-2.655102014541626,0.9502131938934326,0.04765748977661133,5.242752552032471,-0.9494715332984924,-0.2987585961818695,-4.85537052154541,-0.15026356279850006,0.47376108169555664,5.78187370300293,-1.442973256111145,0.40707623958587646,-1.1123830080032349,0.4329139292240143,2.4806878566741943,0.09545904397964478,-1.3105437755584717,-0.9675251841545105,2.3819096088409424,2.652174711227417,1.6097697019577026,2.252244472503662,-3.5576062202453613,-1.5864120721817017,2.6205670833587646,0.08585912734270096,-1.6327108144760132,1.8874099254608154,0.5387647151947021]",0.10431777685880661,0.12629789113998413,0.09254702925682068,0.2682858407497406,0.0811951532959938,4.05975766479969,0,0,0,0.44267556071281433,0.45128506422042847,0.8832055926322937,0.538024365901947,0.9395563006401062,0.8908382654190063,-0.08582735806703568,-0.0,-0.0,0.0,0.0,0.0,0.0
214,4.28,214,"[-1.7669730186462402,0.5273619294166565,0.05349551513791084,2.1989965438842773,-0.8018815517425537,-0.23723095655441284,-2.185203790664673,-0.3996477425098419,0.16754117608070374,2.024521589279175,-0.6449821591377258,0.26179999113082886,0.02872600592672825,-0.10450109839439392,-0.03319358825683594,-1.445197582244873,0.3996378779411316,-0.1646268516778946,0.7222846746444702,1.2638697624206543,0.1455363631248474,0.8483920693397522,-1.7500990629196167,-1.2195245027542114,0.6394843459129333,0.3534179925918579,-0.6812430620193481,0.19657108187675476,-0.4795170724391937]","[-1.7266262769699097,0.34305161237716675,0.080381840467453,2.3158562183380127,-0.5880571007728577,-0.12239522486925125,-2.2551350593566895,-0.2709983289241791,0.5566439628601074,2.402656316757202,-0.6706537008285522,0.127935990691185,-0.16538110375404358,-0.1197090893983841,0.11457490175962448,-1.64117431640625,0.3365475833415985,-0.16475246846675873,0.9197766780853271,1.3207436800003052,0.2686707079410553,0.8407774567604065,-1.747646689414978,-0.9791563153266907,0.8668749928474426,0.691724956035614,-0.7798873782157898,0.3055155873298645,-0.16714724898338318]","[0.27670860290527344,-0.012722611427307129,0.02584075555205345,0.0853419303894043,-0.32182633876800537,-0.11254772543907166,-1.8962383270263672,0.2513766288757324,-0.6800651550292969,0.7596373558044434,0.4936501383781433,0.0,-4.6566128730773926e-08,0.0,-9.313225746154785e-08,-0.006598234176635742,-0.0001251697540283203,0.0001385807991027832,0.010254979133605957,-0.0005662441253662109,-0.0024043023586273193,0.003230571746826172,-0.0069081783294677734,0.0034302473068237305,0.001946091651916504,0.009285658597946167,-0.0015720725059509277,-0.0051606446504592896,6.183981895446777e-05]","[1.4073891639709473,-0.7633222937583923,-0.30895987153053284,-0.03091844916343689,-0.05910961329936981,-0.05447186157107353,-1.0560588836669922,1.7916855812072754,0.6265431642532349,2.1365861892700195,-0.9484649300575256,0.2957174479961395,-1.029191493988037,0.09236020594835281,1.0006173849105835,0.3247591257095337,-0.0004504015378188342,0.22458691895008087,0.8018835783004761,0.4998705983161926,-0.044685542583465576,0.5287161469459534,0.24368298053741455,0.17575448751449585,0.4436551034450531,-0.01729521155357361,-0.21525368094444275,-0.22906851768493652,0.3555079996585846]","[-2.667701244354248,0.8915281891822815,0.04754000902175903,5.241809368133545,-1.04697585105896,-0.31923285126686096,-4.74138879776001,-0.06261810660362244,0.583082914352417,5.935509204864502,-1.4295843839645386,0.40535685420036316,-1.0618501901626587,0.334465891122818,2.425046682357788,0.03745165467262268,-1.1357200145721436,-0.8785303235054016,2.401348114013672,2.7065486907958984,1.7214494943618774,2.4421823024749756,-3.6594905853271484,-1.6100777387619019,2.6068623065948486,0.047880180180072784,-1.6532124280929565,1.8621957302093506,0.48833632469177246]",0.10283651947975159,0.12348033487796783,0.09419310837984085,0.2842561900615692,0.07929225265979767,3.9646126329898834,0,0,0,0.4441864788532257,0.4532003402709961,0.8800321221351624,0.49917325377464294,0.937116801738739,0.8484953045845032,-0.09759175777435303,-0.0,-0.0,0.0,0.0,0.0,0.0
215,4.3,215,"[-1.7614318132400513,0.5271112322807312,0.05401705577969551,2.200697183609009,-0.8083180785179138,-0.239480122923851,-2.2227747440338135,-0.3952855169773102,0.15305298566818237,2.038417100906372,-0.6341923475265503,0.26179999113082886,0.0287260040640831,-0.10450109839439392,-0.033193591982126236,-1.4453755617141724,0.39963358640670776,-0.1646231710910797,0.7225673198699951,1.2638542652130127,0.14547036588191986,0.8484850525856018,-1.750283122062683,-1.219429612159729,0.6395376920700073,0.3536699712276459,-0.6812863349914551,0.19643309712409973,-0.47951894998550415]","[-1.696436882019043,0.32624921202659607,0.0729065090417862,2.3156917095184326,-0.5897484421730042,-0.12394418567419052,-2.2672464847564697,-0.23208940029144287,0.5765919089317322,2.4507298469543457,-0.6550227403640747,0.13022778928279877,-0.18780484795570374,-0.11746585369110107,0.1364867091178894,-1.6349469423294067,0.3366028666496277,-0.15824471414089203,0.9389383792877197,1.3320040702819824,0.2665237784385681,0.8529298305511475,-1.7427958250045776,-0.9749804139137268,0.8762205839157104,0.6911249160766602,-0.7835366725921631,0.3006040155887604,-0.16013482213020325]","[0.27742087841033936,-0.012350082397460938,0.026312749832868576,0.0847160816192627,-0.32183676958084106,-0.11237412691116333,-1.8564403057098389,0.18249675631523132,-0.7679529786109924,0.629115104675293,0.5818113684654236,0.0,-9.313225746154785e-08,0.0,-9.313225746154785e-08,-0.011205673217773438,-0.0003077089786529541,0.00022836029529571533,0.018037855625152588,-0.0009804964065551758,-0.004201754927635193,0.006088614463806152,-0.011491775512695312,0.0060617923736572266,0.0033929944038391113,0.015926361083984375,-0.002758204936981201,-0.008639693260192871,-0.0002600252628326416]","[1.3535938262939453,-0.7760679721832275,-0.5025195479393005,0.000442606135038659,-0.0996183454990387,-0.08386602252721786,-0.1944228708744049,1.9658080339431763,1.4218591451644897,2.8328027725219727,1.8038365840911865,-0.015764957293868065,-1.0498837232589722,0.23463508486747742,0.9515166282653809,0.38123172521591187,0.007178864907473326,0.33547326922416687,0.9776226878166199,0.5490806698799133,-0.09054319560527802,0.6539676189422607,0.26488134264945984,0.23132511973381042,0.47547999024391174,-0.04324440285563469,-0.1515360027551651,-0.2704819440841675,0.34216031432151794]","[-2.6705329418182373,0.8053856492042542,0.06033271551132202,5.2636332511901855,-1.1563307046890259,-0.3577423393726349,-4.597263336181641,0.0461762510240078,0.6827040910720825,6.077513694763184,-1.3280898332595825,0.3924492299556732,-1.0344749689102173,0.23018167912960052,2.330603837966919,-0.04597894847393036,-0.9492812156677246,-0.7645753026008606,2.4420344829559326,2.751711130142212,1.806803584098816,2.6092255115509033,-3.7352776527404785,-1.6063966751098633,2.5924575328826904,-0.014555446803569794,-1.6648575067520142,1.8340171575546265,0.414919376373291]",0.10160014778375626,0.11938069015741348,0.09619085490703583,0.30149754881858826,0.07489773631095886,3.744886815547943,0,0,0,0.445510596036911,0.45585814118385315,0.8759311437606812,0.4659164547920227,0.9181103706359863,0.7667708396911621,-0.11249600350856781,-0.07071495056152344,-0.0,0.0,0.0,0.0,0.0
216,4.32,216,"[-1.7558761835098267,0.5268679261207581,0.054548025131225586,2.202385187149048,-0.8147550225257874,-0.24172592163085938,-2.2594614028930664,-0.39234787225723267,0.13682305812835693,2.0496861934661865,-0.6217097043991089,0.26179999113082886,0.02872600220143795,-0.10450109839439392,-0.033193591982126236,-1.445645809173584,0.3996255695819855,-0.16461771726608276,0.7230061888694763,1.263830542564392,0.145368292927742,0.8486356139183044,-1.7505587339401245,-1.2192820310592651,0.6396200656890869,0.3540550470352173,-0.6813533902168274,0.19622549414634705,-0.47952747344970703]","[-1.6656705141067505,0.30888664722442627,0.06295399367809296,2.315725803375244,-0.5922588109970093,-0.12584485113620758,-2.2673420906066895,-0.18971289694309235,0.5980708599090576,2.498516798019409,-0.646028995513916,0.1326494812965393,-0.21167871356010437,-0.11494719237089157,0.15815716981887817,-1.627966046333313,0.3366740942001343,-0.14936509728431702,0.9611458778381348,1.345287799835205,0.2635369896888733,0.8666687607765198,-1.7368292808532715,-0.9706679582595825,0.8857039213180542,0.6893999576568604,-0.7855794429779053,0.29449865221977234,-0.15330475568771362]","[0.27812421321868896,-0.0119820237159729,0.026781391352415085,0.08409619331359863,-0.32183676958084106,-0.11220462620258331,-1.8070340156555176,0.10950863361358643,-0.8539636135101318,0.4971742630004883,0.6623581051826477,0.0,-9.313225746154785e-08,0.0,0.0,-0.01582801342010498,-0.0004976987838745117,0.0003173947334289551,0.025881826877593994,-0.0013977289199829102,-0.006012246012687683,0.00899285078048706,-0.01607537269592285,0.00871121883392334,0.004844367504119873,0.02259761095046997,-0.003950297832489014,-0.012122094631195068,-0.0006057322025299072]","[1.415751576423645,-0.8278594613075256,-0.5916250348091125,0.00864597037434578,-0.14003731310367584,-0.09640700370073318,0.31235459446907043,2.1524038314819336,1.3697532415390015,2.677567958831787,1.3794875144958496,0.03298689052462578,-1.1565533876419067,0.21398352086544037,0.949847400188446,0.4178714454174042,0.005725491791963577,0.4458066523075104,1.1239560842514038,0.6590125560760498,-0.1268119066953659,0.7195257544517517,0.32833734154701233,0.21252278983592987,0.48865020275115967,-0.12043169140815735,-0.07375216484069824,-0.33935973048210144,0.34254273772239685]","[-2.6909844875335693,0.7225643992424011,0.059890568256378174,5.250948905944824,-1.2567379474639893,-0.37447163462638855,-4.435896873474121,0.1778346598148346,0.7852703332901001,6.228682041168213,-1.321488380432129,0.386258065700531,-1.0032970905303955,0.1447775810956955,2.2655858993530273,-0.10180316865444183,-0.7797659039497375,-0.6492269039154053,2.47652530670166,2.829155206680298,1.9303847551345825,2.783159017562866,-3.827047348022461,-1.6453659534454346,2.5682952404022217,-0.05660473555326462,-1.67247474193573,1.7947927713394165,0.33147215843200684]",0.10074016451835632,0.11393921077251434,0.09859354048967361,0.32137832045555115,0.07305866479873657,3.6529332399368286,0,0,0,0.4464944303035736,0.4593183696269989,0.8706520199775696,0.422264963388443,0.8986634016036987,0.7401317954063416,-0.11292089521884918,-0.0716710090637207,-0.0,0.0,0.0,0.0,0.0
217,4.34,217,"[-1.7503068447113037,0.5266319513320923,0.055088311433792114,2.2040610313415527,-0.8211915493011475,-0.24396830797195435,-2.295056104660034,-0.3909051716327667,0.11889444291591644,2.0583040714263916,-0.6076980233192444,0.26179999113082886,0.0287260003387928,-0.10450109839439392,-0.033193591982126236,-1.4460086822509766,0.3996136784553528,-0.16461047530174255,0.7236025929450989,1.2637983560562134,0.14522987604141235,0.8488447666168213,-1.75092613697052,-1.219081163406372,0.6397314667701721,0.3545738756656647,-0.6814443469047546,0.19594821333885193,-0.47954317927360535]","[-1.634576439857483,0.2912820875644684,0.05119927600026131,2.315448045730591,-0.5958515405654907,-0.12799414992332458,-2.253584146499634,-0.14388787746429443,0.6221265196800232,2.546189308166504,-0.6401829123497009,0.13451437652111053,-0.23703895509243011,-0.1130361258983612,0.17860984802246094,-1.6196788549423218,0.33675846457481384,-0.13781903684139252,0.9850099682807922,1.361240029335022,0.2600559592247009,0.8813437819480896,-1.7293050289154053,-0.9668877720832825,0.8955140709877014,0.6860625147819519,-0.7863876819610596,0.28664737939834595,-0.14700178802013397]","[0.27881860733032227,-0.011616945266723633,0.027246400713920593,0.08348226547241211,-0.321824848651886,-0.11203885078430176,-1.7469167709350586,0.0337652862071991,-0.9376972913742065,0.3643155097961426,0.7343128323554993,0.0,-1.862645149230957e-07,0.0,0.0,-0.02046823501586914,-0.0006936490535736084,0.000406801700592041,0.0337943434715271,-0.0018149614334106445,-0.007836148142814636,0.011943280696868896,-0.02066195011138916,0.01138150691986084,0.006304681301116943,0.029299408197402954,-0.005151331424713135,-0.015607476234436035,-0.0009767711162567139]","[1.5259225368499756,-0.9033414721488953,-0.6355865001678467,-0.010623952373862267,-0.1981070637702942,-0.10846316814422607,0.8672345280647278,2.3107521533966064,1.1797410249710083,2.28011155128479,0.5378326773643494,0.08590178936719894,-1.3054701089859009,0.12468963116407394,0.9623538255691528,0.46342918276786804,0.0038113263435661793,0.5653034448623657,1.2142246961593628,0.7952448725700378,-0.15077368915081024,0.7535924315452576,0.4185808300971985,0.16818416118621826,0.5069199800491333,-0.2082090824842453,-0.026326661929488182,-0.4258107841014862,0.3093419671058655]","[-2.7167069911956787,0.6269789338111877,0.06283944845199585,5.242996692657471,-1.3590500354766846,-0.39774999022483826,-4.212228298187256,0.3107247054576874,0.8898789882659912,6.359530925750732,-1.2911430597305298,0.3797980546951294,-0.9864346981048584,0.05176125094294548,2.1650943756103516,-0.16334444284439087,-0.6169716119766235,-0.5298468470573425,2.501725196838379,2.904399871826172,2.044757843017578,2.941575050354004,-3.909714698791504,-1.6800694465637207,2.5478906631469727,-0.10431288927793503,-1.6736505031585693,1.7565034627914429,0.2214876264333725]",0.10039795935153961,0.10716274380683899,0.10141166299581528,0.34442809224128723,0.07198330760002136,3.599165380001068,0,0,0,0.4469888210296631,0.46352535486221313,0.8638702630996704,0.3709087371826172,0.8722839951515198,0.7065573930740356,-0.12496916949748993,-0.0,-0.0,0.0,0.0,0.0,0.0
218,4.36,218,"[-1.7447234392166138,0.5264032483100891,0.05563788115978241,2.2057244777679443,-0.8276280164718628,-0.24620747566223145,-2.3293380737304688,-0.3909972608089447,0.09931516647338867,2.0642588138580322,-0.5923371911048889,0.26179999113082886,0.028725994750857353,-0.10450109839439392,-0.033193591982126236,-1.4464645385742188,0.39959782361984253,-0.16460144519805908,0.7243579626083374,1.2637579441070557,0.14505484700202942,0.8491133451461792,-1.75138521194458,-1.2188267707824707,0.6398722529411316,0.3552270233631134,-0.6815594434738159,0.1956011950969696,-0.4795665442943573]","[-1.6047202348709106,0.27431032061576843,0.036029450595378876,2.3147614002227783,-0.6006616353988647,-0.13104179501533508,-2.218154191970825,-0.09619132429361343,0.6541070938110352,2.599055767059326,-0.6149507761001587,0.13480892777442932,-0.26281270384788513,-0.10949166864156723,0.1974249929189682,-1.6093076467514038,0.3371584713459015,-0.12289898097515106,1.0091907978057861,1.379892349243164,0.25644543766975403,0.8969984650611877,-1.721177339553833,-0.96312415599823,0.9063568711280823,0.6814508438110352,-0.7857413291931152,0.27708008885383606,-0.1417713165283203]","[0.2795189619064331,-0.01125335693359375,0.02770889550447464,0.08285641670227051,-0.3218159079551697,-0.11188052594661713,-1.6753315925598145,-0.04309266805648804,-1.0188449621200562,0.23112893104553223,0.7969126105308533,0.0,-2.3283064365386963e-07,0.0,0.0,-0.025132298469543457,-0.0008970499038696289,0.000496208667755127,0.04177689552307129,-0.0022292137145996094,-0.00967457890510559,0.014941394329071045,-0.0252455472946167,0.014072656631469727,0.007775425910949707,0.03603249788284302,-0.0063613057136535645,-0.019096583127975464,-0.0013731420040130615]","[1.3680167198181152,-0.7953169345855713,-0.8382803797721863,-0.043878503143787384,-0.26698610186576843,-0.1448460966348648,2.122490644454956,2.3434386253356934,1.609061360359192,2.621577739715576,1.233992576599121,-0.0023760853800922632,-1.2571324110031128,0.2647187113761902,0.7973453402519226,0.603564441204071,0.033972177654504776,0.7354612946510315,1.1782629489898682,0.9123875498771667,-0.1406334787607193,0.8022672533988953,0.434689998626709,0.1935315728187561,0.5546187162399292,-0.2559244632720947,0.05565822124481201,-0.515182375907898,0.2461346834897995]","[-2.763127565383911,0.5238387584686279,0.07079333066940308,5.235727787017822,-1.458235263824463,-0.42758771777153015,-3.9015674591064453,0.429966539144516,1.001361608505249,6.465798854827881,-1.2379823923110962,0.36991482973098755,-0.9834511280059814,-0.057972509413957596,2.0090904235839844,-0.23063400387763977,-0.45868608355522156,-0.4080251157283783,2.5259902477264404,2.978996753692627,2.1393215656280518,3.079925298690796,-3.990309715270996,-1.7008484601974487,2.534454345703125,-0.16395455598831177,-1.6703957319259644,1.7264190912246704,0.08596359193325043]",0.10053861886262894,0.09969696402549744,0.10477405041456223,0.37271079421043396,0.06520736962556839,3.2603684812784195,0,0,0,0.44694942235946655,0.46809622645378113,0.8550792932510376,0.3104585111141205,0.8272192478179932,0.5055686235427856,-0.15300248563289642,-0.0,-0.0,0.0,0.0,0.0,0.0
219,4.38,219,"[-1.7391260862350464,0.5261818170547485,0.0561966672539711,2.2073752880096436,-0.8340641856193542,-0.24844352900981903,-2.3620693683624268,-0.39262887835502625,0.07814064621925354,2.067549228668213,-0.5758215188980103,0.26179999113082886,0.028725991025567055,-0.10450109839439392,-0.033193591982126236,-1.4470139741897583,0.399577796459198,-0.16459062695503235,0.7252736687660217,1.2637091875076294,0.14484289288520813,0.8494424223899841,-1.7519359588623047,-1.2185182571411133,0.6400424838066101,0.3560151755809784,-0.6816987991333008,0.1951843500137329,-0.47959810495376587]","[-1.5759758949279785,0.25702184438705444,0.019106067717075348,2.313023805618286,-0.6068412661552429,-0.134296253323555,-2.1629722118377686,-0.047989241778850555,0.6851056218147278,2.6429741382598877,-0.6068978905677795,0.13487586379051208,-0.290875643491745,-0.10574749857187271,0.2125832736492157,-1.5963804721832275,0.3376387655735016,-0.10519726574420929,1.0343883037567139,1.401193380355835,0.253246009349823,0.9140162467956543,-1.7111499309539795,-0.9587616920471191,0.918344259262085,0.6762681603431702,-0.7833961248397827,0.2658185064792633,-0.13809800148010254]","[0.28021037578582764,-0.010892748832702637,0.028168316930532455,0.0822305679321289,-0.32179951667785645,-0.11172741651535034,-1.5916764736175537,-0.1191951334476471,-1.097118854522705,0.0981748104095459,0.8495956659317017,0.0,-2.3283064365386963e-07,0.0,0.0,-0.02981722354888916,-0.0011086463928222656,0.0005856156349182129,0.049836933612823486,-0.0026434659957885742,-0.011529028415679932,0.017993152141571045,-0.02982914447784424,0.01678764820098877,0.009253621101379395,0.042801350355148315,-0.007578730583190918,-0.0225897878408432,-0.0017970800399780273]","[1.3007500171661377,-0.8357005715370178,-0.907369077205658,-0.10003446787595749,-0.3346692621707916,-0.14983616769313812,3.1268491744995117,2.3659918308258057,1.610899806022644,2.242081642150879,0.7148616909980774,-0.013693606480956078,-1.4042835235595703,0.2664847671985626,0.5664284229278564,0.744714617729187,0.031941208988428116,0.8601736426353455,1.2548420429229736,1.0341722965240479,-0.12344254553318024,0.8841000199317932,0.5516424179077148,0.22779898345470428,0.6261569261550903,-0.27743232250213623,0.13654518127441406,-0.6022017002105713,0.17151613533496857]","[-2.862464189529419,0.41543281078338623,0.08324384689331055,5.229221820831299,-1.528379201889038,-0.44379302859306335,-3.5511269569396973,0.5559738278388977,1.0954797267913818,6.5344109535217285,-1.2370072603225708,0.34853461384773254,-1.0283777713775635,-0.1892678290605545,1.8323659896850586,-0.3010270595550537,-0.3206016719341278,-0.2896227240562439,2.577528715133667,3.0669119358062744,2.228329658508301,3.208982229232788,-4.076333522796631,-1.7560070753097534,2.5186450481414795,-0.2145214080810547,-1.669859528541565,1.6932209730148315,-0.062385812401771545]",0.10135757178068161,0.09049390256404877,0.10855049639940262,0.40387478470802307,0.06111199036240578,3.055599518120289,0,0,0,0.4463233947753906,0.4731210768222809,0.8438824415206909,0.24645088613033295,0.7796970009803772,0.43590599298477173,-0.16978144645690918,-0.0,-0.0,0.0,0.0,0.0,0.0
220,4.4,220,"[-1.7335150241851807,0.525967538356781,0.05676461383700371,2.2090137004852295,-0.840499997138977,-0.25067657232284546,-2.393005132675171,-0.3957650661468506,0.05543041229248047,2.068185806274414,-0.5583533644676208,0.26179999113082886,0.028725985437631607,-0.10450109839439392,-0.033193591982126236,-1.4476572275161743,0.39955347776412964,-0.16457802057266235,0.7263514399528503,1.2636522054672241,0.14459368586540222,0.849833071231842,-1.7525783777236938,-1.2181552648544312,0.6402423977851868,0.35693907737731934,-0.6818625926971436,0.19469760358333588,-0.4796384274959564]","[-1.5515986680984497,0.2391822785139084,-0.00023001758381724358,2.3097851276397705,-0.6143953204154968,-0.1375003606081009,-2.0824594497680664,-0.0021470990031957626,0.7203152179718018,2.687166929244995,-0.600092887878418,0.13442732393741608,-0.32129308581352234,-0.09996318817138672,0.2208421528339386,-1.5803687572479248,0.3381578326225281,-0.08557620644569397,1.0612239837646484,1.4242523908615112,0.2510797679424286,0.9332311153411865,-1.6996033191680908,-0.9531159400939941,0.9328848719596863,0.6715880036354065,-0.7803328037261963,0.25261521339416504,-0.13551358878612518]","[0.2808988094329834,-0.010535120964050293,0.02862466499209404,0.08161067962646484,-0.32178014516830444,-0.11157877743244171,-1.4958322048187256,-0.1924961805343628,-1.1723487377166748,-0.03395676612854004,0.8921056985855103,0.0,-3.259629011154175e-07,0.0,0.0,-0.03452301025390625,-0.0013276934623718262,0.000675395131111145,0.05798041820526123,-0.003057718276977539,-0.013400614261627197,0.02109706401824951,-0.03441274166107178,0.01951754093170166,0.010739266872406006,0.04960596561431885,-0.008803606033325195,-0.026087090373039246,-0.002250075340270996]","[1.0587636232376099,-0.9067490100860596,-1.0260628461837769,-0.19200067222118378,-0.4056694805622101,-0.14570088684558868,4.382917404174805,2.2062342166900635,1.7769365310668945,2.1596598625183105,0.026686444878578186,-0.022807087749242783,-1.5601189136505127,0.38627010583877563,0.19889962673187256,0.9005441069602966,0.030956776812672615,0.9426125288009644,1.3473994731903076,1.0975421667099,-0.08278929442167282,1.002673864364624,0.629672110080719,0.2977753281593323,0.7722130417823792,-0.22953011095523834,0.16727346181869507,-0.695931077003479,0.11815564334392548]","[-3.0138986110687256,0.31711408495903015,0.10702627897262573,5.249744415283203,-1.5707955360412598,-0.46213701367378235,-3.1270341873168945,0.627164900302887,1.1975914239883423,6.553030014038086,-1.2303504943847656,0.3204963207244873,-1.0966954231262207,-0.350992888212204,1.6202095746994019,-0.3839368224143982,-0.18395444750785828,-0.18854299187660217,2.63741135597229,3.1557083129882812,2.2798702716827393,3.3309788703918457,-4.1678547859191895,-1.8013895750045776,2.5125484466552734,-0.2651156187057495,-1.6766912937164307,1.6699377298355103,-0.23692287504673004]",0.10282804816961288,0.07929050177335739,0.11294017732143402,0.4401994049549103,0.054887447506189346,2.7443723753094673,0,0,0,0.44499775767326355,0.4787975549697876,0.8295218348503113,0.1800646185874939,0.7107099294662476,0.3087502121925354,-0.2084696888923645,-0.0,-0.0,0.0,0.0,0.0,0.0
221,4.42,221,"[-1.727890133857727,0.5257604122161865,0.05734165385365486,2.210639715194702,-0.8469353914260864,-0.2529066801071167,-2.421902656555176,-0.40032872557640076,0.031246699392795563,2.0661909580230713,-0.5401372909545898,0.26179999113082886,0.02872597798705101,-0.10450109839439392,-0.033193591982126236,-1.4483948945999146,0.3995246887207031,-0.1645636111497879,0.7275928854942322,1.2635868787765503,0.14430686831474304,0.8502863049507141,-1.7533124685287476,-1.2177375555038452,0.6404720544815063,0.35799941420555115,-0.6820509433746338,0.19414086639881134,-0.4796881079673767]","[-1.5310633182525635,0.21750549972057343,-0.023008408024907112,2.304741621017456,-0.6246325969696045,-0.1400698721408844,-1.9760944843292236,0.038534194231033325,0.7583093047142029,2.728686809539795,-0.6141604781150818,0.13397105038166046,-0.35538068413734436,-0.09086690098047256,0.22254978120326996,-1.5620476007461548,0.33832311630249023,-0.06534664332866669,1.0914173126220703,1.44722580909729,0.24984128773212433,0.9557531476020813,-1.6864068508148193,-0.9458068609237671,0.9499903917312622,0.6687614917755127,-0.7774692177772522,0.23732076585292816,-0.1335809975862503]","[0.28158724308013916,-0.010178983211517334,0.029077939689159393,0.08098483085632324,-0.3217533230781555,-0.11143535375595093,-1.388096809387207,-0.2608783543109894,-1.2444350719451904,-0.16470551490783691,0.9245052933692932,0.0,-3.725290298461914e-07,0.0,0.0,-0.039258599281311035,-0.0015564262866973877,0.0007651746273040771,0.06621032953262329,-0.0034689903259277344,-0.015290454030036926,0.024259090423583984,-0.03899335861206055,0.022271275520324707,0.012232363224029541,0.05644857883453369,-0.010034441947937012,-0.029589608311653137,-0.002734363079071045]","[0.871544361114502,-1.1093164682388306,-1.2084540128707886,-0.2684326469898224,-0.5207565426826477,-0.11931342631578445,5.708209991455078,1.899757742881775,1.9256397485733032,2.0490503311157227,-1.0795375108718872,-0.018334001302719116,-1.7714425325393677,0.5626131892204285,-0.05847249552607536,0.9732611179351807,-0.0006411048234440386,0.9574458599090576,1.5511994361877441,1.0675830841064453,-0.05063113570213318,1.1803479194641113,0.7086281180381775,0.3674623966217041,0.8915599584579468,-0.12557291984558105,0.1538752019405365,-0.7926437258720398,0.0914202407002449]","[-3.215672254562378,0.2296166568994522,0.14106708765029907,5.306023120880127,-1.579046607017517,-0.47371819615364075,-2.6623568534851074,0.6391104459762573,1.3020744323730469,6.516476154327393,-1.2188032865524292,0.2835995852947235,-1.1892396211624146,-0.5469721555709839,1.3995460271835327,-0.4858975112438202,-0.046928636729717255,-0.10138984769582748,2.7200582027435303,3.2320008277893066,2.2937674522399902,3.461857318878174,-4.249001502990723,-1.8446407318115234,2.504316568374634,-0.306135356426239,-1.6906096935272217,1.642187476158142,-0.41787469387054443]",0.10480614006519318,0.06648514419794083,0.11788780242204666,0.4811441898345947,0.04933295026421547,2.4666475132107735,0,0,0,0.443081796169281,0.4846627712249756,0.8114577531814575,0.11880877614021301,0.6382297277450562,0.21492189168930054,-0.24451546370983124,-0.0,-0.0,0.0,0.0,0.0,0.0
222,4.44,222,"[-1.722251534461975,0.5255603790283203,0.057927731424570084,2.2122530937194824,-0.8533701300621033,-0.2551339864730835,-2.448529005050659,-0.40620020031929016,0.005653007887303829,2.0615975856781006,-0.5213731527328491,0.26179999113082886,0.028725970536470413,-0.10450109839439392,-0.033193591982126236,-1.4492275714874268,0.39949122071266174,-0.1645474135875702,0.7289998531341553,1.263513445854187,0.14398206770420074,0.8508034348487854,-1.7541381120681763,-1.2172644138336182,0.640731692314148,0.3591970205307007,-0.682263970375061,0.19351401925086975,-0.47974780201911926]","[-1.5098211765289307,0.21528060734272003,-0.027051841840147972,2.2975261211395264,-0.6382965445518494,-0.14511266350746155,-1.9444204568862915,0.07353153079748154,0.7898479700088501,2.7479028701782227,-0.6275248527526855,0.13567566871643066,-0.36532092094421387,-0.10673575103282928,0.21969932317733765,-1.562835931777954,0.3491603136062622,-0.045129403471946716,1.1284809112548828,1.4698156118392944,0.24660466611385345,0.9764049053192139,-1.6887286901474,-0.9339466094970703,0.9645099639892578,0.6705967783927917,-0.7736749053001404,0.22270788252353668,-0.1277894675731659]","[0.2844482660293579,-0.008772313594818115,0.031017418950796127,0.07845759391784668,-0.3217458724975586,-0.1107625663280487,-1.0451674461364746,-0.5118921399116516,-1.545822262763977,-0.6828427314758301,1.1284351348876953,0.0,0.0003463122993707657,0.0003902241587638855,-0.0019562430679798126,-0.06785988807678223,-0.004877150058746338,0.0012103468179702759,0.12466758489608765,-0.006508827209472656,-0.028243288397789,0.05046278238296509,-0.0639796257019043,0.039902329444885254,0.02225041389465332,0.0998571515083313,-0.017501413822174072,-0.05176737904548645,-0.008521974086761475]","[0.9594025611877441,0.2822919189929962,0.014212378300726414,-0.36478516459465027,-0.8608517646789551,-0.33629295229911804,0.6901050806045532,1.7104414701461792,1.5434774160385132,0.057931456714868546,-0.6670123934745789,0.048147547990083694,-0.24349787831306458,-1.0360263586044312,0.008811703883111477,-0.40022969245910645,0.8356245160102844,0.953409731388092,1.836846947669983,1.0991156101226807,-0.15335287153720856,0.8821736574172974,-0.39412689208984375,0.7180567979812622,0.5346925258636475,0.11638637632131577,0.185243159532547,-0.6238342523574829,0.387556254863739]","[-3.4568281173706055,0.16791675984859467,0.18186575174331665,5.379712104797363,-1.5599400997161865,-0.4722449481487274,-2.123303174972534,0.6197665333747864,1.4146134853363037,6.45192289352417,-1.1461843252182007,0.24155449867248535,-1.2899597883224487,-0.7751908898353577,1.1695961952209473,-0.607068657875061,0.12167710810899734,0.008962549269199371,2.825444459915161,3.289670467376709,2.264247417449951,3.605302095413208,-4.330317974090576,-1.8781949281692505,2.485654830932617,-0.36795222759246826,-1.7024567127227783,1.5811117887496948,-0.5865322351455688]",0.10667664557695389,0.0593772754073143,0.12013334035873413,0.5027275681495667,0.059575118124485016,2.978755906224251,0,0,0,0.44095009565353394,0.48843082785606384,0.7994905114173889,0.08640319854021072,0.8907285332679749,0.7546883821487427,-0.3173741400241852,-0.16456127166748047,-0.0,0.0,0.0,0.0,0.0
223,4.46,223,"[-1.7165122032165527,0.5254095196723938,0.05858235061168671,2.213778018951416,-0.8598052263259888,-0.25733718276023865,-2.4637093544006348,-0.4208044111728668,-0.03058619052171707,2.038877248764038,-0.49499988555908203,0.26179999113082886,0.02873983047902584,-0.10448548942804337,-0.03327184170484543,-1.4511092901229858,0.39932960271835327,-0.1645151972770691,0.7325795888900757,1.2633265256881714,0.14317713677883148,0.8523048162460327,-1.7558716535568237,-1.2161414623260498,0.6413620710372925,0.3619937002658844,-0.6827509999275208,0.19207017123699188,-0.48002898693084717]","[-1.494836449623108,0.21305054426193237,-0.03249937295913696,2.2874393463134766,-0.652036726474762,-0.15024147927761078,-1.921777606010437,0.1008705198764801,0.8143141269683838,2.7349493503570557,-0.6354719400405884,0.1364232450723648,-0.3740183413028717,-0.12414996325969696,0.23932573199272156,-1.578281283378601,0.37556296586990356,-0.02370736375451088,1.1630687713623047,1.491864562034607,0.24219241738319397,0.9909577369689941,-1.7002174854278564,-0.9146597981452942,0.9725282192230225,0.6725255250930786,-0.7687371373176575,0.2043830305337906,-0.11489152163267136]","[0.28409063816070557,-0.008924305438995361,0.03075767308473587,0.07873177528381348,-0.3216966986656189,-0.11088550090789795,-1.0138154029846191,-0.46960338950157166,-1.5025296211242676,-0.6258487701416016,1.0508761405944824,0.0,0.00018263235688209534,0.00020526349544525146,-0.0010324642062187195,-0.06141066551208496,-0.003674626350402832,0.0011332333087921143,0.10946094989776611,-0.00565946102142334,-0.024964287877082825,0.04292726516723633,-0.058901309967041016,0.0356823205947876,0.019735097885131836,0.0895276665687561,-0.015807151794433594,-0.04644803702831268,-0.006604194641113281]","[0.8507575988769531,-0.5917372703552246,-0.5123026967048645,-0.37354710698127747,-0.055861856788396835,-0.1559048891067505,1.3090695142745972,1.029387354850769,0.6218023896217346,-0.41970935463905334,-0.25806477665901184,0.07517992705106735,-0.6549367308616638,-0.8850016593933105,1.4061973094940186,-0.8247513771057129,1.561920166015625,1.014043927192688,1.6183117628097534,1.0335413217544556,-0.20741815865039825,0.6391631960868835,-0.47441837191581726,1.1076624393463135,0.34210067987442017,0.029430314898490906,0.23662613332271576,-0.9412176012992859,0.6339130401611328]","[-3.8237240314483643,0.2266821712255478,0.2420615553855896,5.360345363616943,-1.447632074356079,-0.4633166491985321,-1.3964085578918457,0.4689713716506958,1.3590394258499146,6.524271011352539,-1.083122968673706,0.24867868423461914,-1.3777443170547485,-0.8177109360694885,0.7980219125747681,-0.64287269115448,0.20459693670272827,0.10922280699014664,2.8767316341400146,3.2829344272613525,2.235697031021118,3.681751012802124,-4.435042858123779,-1.9716709852218628,2.4068968296051025,-0.4290771484375,-1.716963291168213,1.4835487604141235,-0.8013859987258911]",0.10677629709243774,0.06212959811091423,0.12081495672464371,0.5187647938728333,0.059013113379478455,2.9506556689739227,0,0,0,0.44037747383117676,0.48831504583358765,0.7966529726982117,0.07158351689577103,0.869857132434845,0.8083378672599792,-0.48944222927093506,-0.03502607345581055,-0.0,0.0,0.0,0.0,0.0
224,4.48,224,"[-1.7108879089355469,0.5252034068107605,0.05915803834795952,2.215402364730835,-0.866237998008728,-0.2595694065093994,-2.489081621170044,-0.424984335899353,-0.05444817245006561,2.0365636348724365,-0.4793381094932556,0.26179999113082886,0.028733275830745697,-0.10449288785457611,-0.033234890550374985,-1.4516839981079102,0.39934423565864563,-0.1645020842552185,0.7333782911300659,1.26328706741333,0.14298349618911743,0.8525205254554749,-1.756494164466858,-1.2158371210098267,0.6415210962295532,0.3627781271934509,-0.6828962564468384,0.19165609776973724,-0.4800119698047638]","[-1.483901858329773,0.19538508355617523,-0.047310277819633484,2.2853071689605713,-0.6348524689674377,-0.15139055252075195,-1.8912689685821533,0.11187818646430969,0.8224436640739441,2.733288049697876,-0.6395812630653381,0.13804854452610016,-0.3956102728843689,-0.1384928822517395,0.2702932059764862,-1.5938231945037842,0.4101759195327759,-0.005042883567512035,1.1974573135375977,1.510179877281189,0.23855096101760864,1.0044187307357788,-1.7031745910644531,-0.8905596733093262,0.9823988080024719,0.6720391511917114,-0.7664386034011841,0.18527622520923615,-0.10793815553188324]","[0.2814382314682007,-0.010183453559875488,0.028931070119142532,0.08100271224975586,-0.3216192126274109,-0.11157020926475525,-1.2265503406524658,-0.22670328617095947,-1.2090109586715698,-0.15503764152526855,0.7850177884101868,0.0,-0.00034724362194538116,-0.0003902241587638855,0.001956149935722351,-0.0298231840133667,0.0007845461368560791,0.0006828457117080688,0.04136413335800171,-0.0020384788513183594,-0.01003555953502655,0.011138617992401123,-0.032338500022888184,0.015813112258911133,0.008247792720794678,0.04070550203323364,-0.007550418376922607,-0.021459907293319702,0.000883638858795166]","[0.3959481418132782,-0.9581902027130127,-0.8019896149635315,0.016898896545171738,1.2889339923858643,-0.016095826402306557,1.6343063116073608,0.3449542224407196,0.4124298095703125,-0.0012849568156525493,-0.19712644815444946,0.07533182948827744,-1.2916309833526611,-0.6409006118774414,1.5515244007110596,-0.6939781308174133,1.8271512985229492,0.8458478450775146,1.742797613143921,0.8196231722831726,-0.15377849340438843,0.6833499073982239,0.00748513825237751,1.2527695894241333,0.6629382967948914,-0.032309502363204956,0.06895816326141357,-0.9225438237190247,0.2434614598751068]","[-4.125030517578125,0.3329116702079773,0.3166542649269104,5.395147323608398,-1.3206299543380737,-0.45943930745124817,-0.9551633596420288,0.1877204179763794,1.4318649768829346,6.652276515960693,-1.0764868259429932,0.24956274032592773,-1.3216379880905151,-0.8942596316337585,0.38733041286468506,-0.715633749961853,0.19846612215042114,0.12407306581735611,2.9322609901428223,3.2923715114593506,2.171145439147949,3.8006627559661865,-4.549285888671875,-2.0309746265411377,2.3795061111450195,-0.4574463963508606,-1.7482197284698486,1.3949965238571167,-1.0127507448196411]",0.10614511370658875,0.07271938025951385,0.1205795556306839,0.5365859866142273,0.061568114906549454,3.0784057453274727,0,0,0,0.4409599006175995,0.4847443103790283,0.795036256313324,0.06008869409561157,0.8608657717704773,0.8035469651222229,-0.348423570394516,-0.018413066864013672,-0.0,0.0,0.0,0.0,0.0
225,4.5,225,"[-1.7052546739578247,0.5250021815299988,0.05973959341645241,2.2170181274414062,-0.8726699948310852,-0.26179999113082886,-2.5127713680267334,-0.4298725426197052,-0.07894662767648697,2.0326757431030273,-0.46359917521476746,0.26179999113082886,0.028725940734148026,-0.10450109839439392,-0.033193595707416534,-1.4523022174835205,0.3993609845638275,-0.16448788344860077,0.7342341542243958,1.2632449865341187,0.14277571439743042,0.8527503609657288,-1.7571651935577393,-1.2155089378356934,0.6416919827461243,0.36362192034721375,-0.6830530166625977,0.1912117749452591,-0.47999364137649536]","[-1.4873579740524292,0.179584801197052,-0.062309253960847855,2.2901611328125,-0.5976729989051819,-0.15073730051517487,-1.8541992902755737,0.1155032366514206,0.8479958176612854,2.722348690032959,-0.644568681716919,0.1380869746208191,-0.42659246921539307,-0.14563176035881042,0.29810598492622375,-1.6069191694259644,0.4451335668563843,0.013064468279480934,1.2427202463150024,1.5194967985153198,0.23567737638950348,1.0346641540527344,-1.7009875774383545,-0.8669919371604919,1.0025275945663452,0.6715920567512512,-0.7659695744514465,0.1677020937204361,-0.10486475378274918]","[-0.45107901096343994,0.055974721908569336,-0.20255941152572632,0.060689449310302734,-0.0258713960647583,-0.04018545150756836,-0.04922747611999512,-0.08637085556983948,-0.7047172784805298,-0.36841630935668945,0.1737147569656372,-0.014499574899673462,0.004514073953032494,0.002244114875793457,0.004820059984922409,0.36269426345825195,-0.05371123552322388,0.005524232983589172,0.02800971269607544,-0.059929490089416504,-0.01661553978919983,-0.003930926322937012,0.5524277687072754,0.23818016052246094,0.20135939121246338,-0.10685548186302185,-0.009888410568237305,0.17281509935855865,-0.14951825141906738]","[-0.5030834078788757,-0.6419472694396973,-0.7306016087532043,0.3560951054096222,2.072417974472046,0.05403992906212807,1.9654135704040527,0.1585252434015274,1.8609024286270142,-1.0170903205871582,-0.27101656794548035,-0.0433020144701004,-1.6703033447265625,-0.20254816114902496,1.2624914646148682,-0.5722999572753906,1.686486005783081,0.9857223629951477,2.5569193363189697,0.22825342416763306,-0.11281872540712357,2.115555763244629,0.19861158728599548,1.1501699686050415,1.0938621759414673,-0.016628500074148178,0.00930102914571762,-0.8411460518836975,0.116117924451828]","[-4.398150444030762,0.4188784062862396,0.38556617498397827,5.503120422363281,-1.2767821550369263,-0.45834293961524963,-0.4963890612125397,-0.21006345748901367,1.5332897901535034,6.657873630523682,-1.0942192077636719,0.23171988129615784,-1.1929690837860107,-1.0047920942306519,-0.09638525545597076,-0.8394632339477539,0.14885926246643066,0.10567722469568253,2.9635443687438965,3.2965145111083984,2.0604195594787598,3.9982707500457764,-4.66472053527832,-2.0215330123901367,2.381129026412964,-0.5070225596427917,-1.7630562782287598,1.3396902084350586,-1.1780952215194702]",0.10529187321662903,0.08951599150896072,0.11980713158845901,0.5601401329040527,0.06045587360858917,3.0227936804294586,0,0,0,0.44180065393447876,0.4775354266166687,0.7935068607330322,0.04768706113100052,0.8946627378463745,0.7974293828010559,-0.4298284649848938,-0.0,-0.0,0.0,0.0,0.0,0.0
226,4.5200000000000005,226,"[-1.7289310693740845,0.5274423956871033,0.0510556623339653,2.217829942703247,-0.8672728538513184,-0.26117682456970215,-2.4910507202148438,-0.4284391701221466,-0.08263686299324036,2.021826982498169,-0.4723895192146301,0.2612200081348419,0.028913838788866997,-0.10440312325954437,-0.03304208815097809,-1.43717622756958,0.3971957862377167,-0.16428111493587494,0.7344986796379089,1.2608898878097534,0.14231887459754944,0.8523632884025574,-1.734397053718567,-1.2063099145889282,0.6495754718780518,0.35850390791893005,-0.6832917928695679,0.1985687017440796,-0.4859926998615265]","[-1.5092809200286865,0.16957451403141022,-0.065214604139328,2.3010170459747314,-0.5720492601394653,-0.14863699674606323,-1.8188707828521729,0.10760876536369324,0.8765620589256287,2.707481622695923,-0.6493881344795227,0.1379835456609726,-0.46290555596351624,-0.14683499932289124,0.31968531012535095,-1.6153987646102905,0.47191187739372253,0.02604488469660282,1.3011430501937866,1.5201635360717773,0.2305174618959427,1.0372941493988037,-1.6910978555679321,-0.8501156568527222,1.0252265930175781,0.6704930067062378,-0.7663321495056152,0.15282435715198517,-0.10353008657693863]","[-1.5472233295440674,0.14526993036270142,-0.5671451091766357,-0.010573863983154297,0.4204779863357544,0.04660710692405701,1.4331698417663574,0.09484812617301941,-0.24907682836055756,-0.7274746894836426,-0.5730077624320984,-0.03979206085205078,0.007214769721031189,0.0019019469618797302,0.0038972124457359314,1.0065674781799316,-0.13780221343040466,0.008762255311012268,-0.021025538444519043,-0.14809966087341309,-0.02343021333217621,-0.04627257585525513,1.4967530965805054,0.6187260150909424,0.5241721868515015,-0.3411032259464264,-0.030077993869781494,0.5084100961685181,-0.40091127157211304]","[-1.3636572360992432,-0.4228542447090149,0.18308623135089874,0.5818265080451965,1.0251634120941162,0.11741618067026138,1.7109978199005127,-0.7187881469726562,1.0298707485198975,-0.357930988073349,-0.2269832193851471,0.02354407124221325,-1.8697928190231323,-0.03309837728738785,1.1094168424606323,-0.27681833505630493,1.100901484489441,0.5950132012367249,2.94496488571167,-0.08816858381032944,-0.33682191371917725,-0.1475933939218521,0.6473609805107117,0.6773499846458435,1.0861542224884033,-0.07438116520643234,-0.02402424067258835,-0.6798132658004761,0.04588339477777481]","[-4.573513507843018,0.468037873506546,0.4564177393913269,5.6667351722717285,-1.2754442691802979,-0.4391550123691559,-0.16941800713539124,-0.6646074056625366,1.558819055557251,6.626693248748779,-1.0935977697372437,0.22750288248062134,-0.9844256639480591,-1.100199580192566,-0.6148212552070618,-0.9812980890274048,0.08964938670396805,0.05544022470712662,2.9484853744506836,3.2961132526397705,1.9805099964141846,4.160289764404297,-4.731245517730713,-1.9524153470993042,2.396697521209717,-0.5872967839241028,-1.769788384437561,1.2845525741577148,-1.323108196258545]",0.10809703171253204,0.11601203680038452,0.122304767370224,0.5800994634628296,0.05852041393518448,2.926020696759224,0,0,0,0.43872901797294617,0.4615929424762726,0.7855066061019897,0.0400034599006176,0.8909009695053101,0.7097238898277283,-0.40043625235557556,-0.0,-0.0,0.0,0.0,0.0,0.0
227,4.54,227,"[-1.7671436071395874,0.5308129787445068,0.03705378994345665,2.21659517288208,-0.855850875377655,-0.2599357068538666,-2.455444574356079,-0.4260786175727844,-0.08890970051288605,2.0035767555236816,-0.4865194857120514,0.2602083086967468,0.029014531522989273,-0.10442502051591873,-0.0330377072095871,-1.4120395183563232,0.39384889602661133,-0.16413739323616028,0.733393132686615,1.2573210000991821,0.14183850586414337,0.8508994579315186,-1.697295069694519,-1.1907598972320557,0.6626588702201843,0.3499777913093567,-0.6842561364173889,0.21154817938804626,-0.4960300922393799]","[-1.5483229160308838,0.16246306896209717,-0.057634949684143066,2.3174195289611816,-0.5549951195716858,-0.14129847288131714,-1.782122254371643,0.0906977653503418,0.9143114686012268,2.6882479190826416,-0.6522550582885742,0.13727448880672455,-0.49901100993156433,-0.1467006504535675,0.3373776972293854,-1.6175943613052368,0.4851336181163788,0.0324828140437603,1.3424334526062012,1.516381025314331,0.22672773897647858,1.062743902206421,-1.672450304031372,-0.8431207537651062,1.0466781854629517,0.668493926525116,-0.767184317111969,0.14240799844264984,-0.10339878499507904]","[-1.8355846405029297,0.15118569135665894,-0.6770003437995911,-0.14151930809020996,0.621253252029419,0.06914809346199036,1.7477691173553467,0.11895149946212769,-0.3109157085418701,-0.918927788734436,-0.6927385926246643,-0.05000010132789612,0.001940503716468811,-0.00024512410163879395,0.0006822869181632996,1.2529164552688599,-0.15972033143043518,0.006321817636489868,-0.0805094838142395,-0.17560720443725586,-0.021689385175704956,-0.09088516235351562,1.7497450113296509,0.812000036239624,0.6772786378860474,-0.3574840724468231,-0.07621645927429199,0.6236024498939514,-0.4969455301761627]","[-2.141411066055298,-0.3287838399410248,0.2433956265449524,1.0284137725830078,1.3752377033233643,0.4730511009693146,1.8917057514190674,-0.905992329120636,2.2273688316345215,-1.2056061029434204,-0.11507467925548553,-0.05516894906759262,-1.7308239936828613,-0.02420322224497795,0.7680056095123291,-0.03074180707335472,0.3893067240715027,0.16253668069839478,1.8270008563995361,-0.17903956770896912,-0.14914168417453766,1.4814924001693726,1.1204932928085327,0.1915893405675888,1.009617805480957,-0.08626099675893784,-0.04389644041657448,-0.4430631995201111,-0.008074670098721981]","[-4.63421630859375,0.4560578167438507,0.45226067304611206,5.775599479675293,-1.2762491703033447,-0.38838836550712585,0.029173225164413452,-0.9283137321472168,1.6478161811828613,6.639737129211426,-1.0797449350357056,0.23864838480949402,-0.8704133033752441,-1.1140228509902954,-1.0511420965194702,-1.1752455234527588,0.035133786499500275,0.013994194567203522,2.8716065883636475,3.2953543663024902,1.9026037454605103,4.385433197021484,-4.787800312042236,-1.8904949426651,2.4168736934661865,-0.6541205644607544,-1.776230812072754,1.2838256359100342,-1.5513478517532349]",0.11055827140808105,0.13616235554218292,0.12286409735679626,0.5934025049209595,0.06406079977750778,3.203039988875389,0,0,0,0.43611031770706177,0.4459591507911682,0.7830072045326233,0.03513268381357193,0.9100304841995239,0.8469216823577881,-0.254121333360672,-0.0,-0.0,0.0,0.0,0.0,0.0
228,4.5600000000000005,228,"[-1.8023544549942017,0.5334898233413696,0.02397564984858036,2.2121691703796387,-0.8424227237701416,-0.25841090083122253,-2.42113995552063,-0.4236811101436615,-0.09507349133491516,1.9850698709487915,-0.5000990629196167,0.2592200040817261,0.02899145893752575,-0.10441292822360992,-0.033014796674251556,-1.3870595693588257,0.39080697298049927,-0.16402824223041534,0.7312783002853394,1.2538655996322632,0.14145129919052124,0.8487278819084167,-1.6644072532653809,-1.1738299131393433,0.6766666173934937,0.34420454502105713,-0.6863404512405396,0.22351279854774475,-0.505870521068573]","[-1.6037514209747314,0.15541546046733856,-0.03743830323219299,2.336240768432617,-0.5582285523414612,-0.13279801607131958,-1.7449220418930054,0.06569906324148178,0.9554721117019653,2.665607452392578,-0.6534006595611572,0.13693779706954956,-0.5336387753486633,-0.14560435712337494,0.3500934839248657,-1.613767385482788,0.4848828613758087,0.02813674323260784,1.3826552629470825,1.5131652355194092,0.22033004462718964,1.0549969673156738,-1.6448267698287964,-0.8410899043083191,1.061806559562683,0.6678394079208374,-0.7708015441894531,0.13588544726371765,-0.10413490235805511]","[-1.7129898071289062,0.1182451844215393,-0.6130901575088501,-0.29444098472595215,0.6953656673431396,0.08148550987243652,1.6969263553619385,0.11909306049346924,-0.29703080654144287,-0.9121149778366089,-0.6568901538848877,-0.045665353536605835,-0.0011739321053028107,-0.0008732080459594727,0.0015832483768463135,1.2037992477416992,-0.14927536249160767,0.0021245330572128296,-0.09721517562866211,-0.16724467277526855,-0.020458921790122986,-0.11188685894012451,1.5929460525512695,0.8595556020736694,0.7034391164779663,-0.20009130239486694,-0.12076050043106079,0.5438622236251831,-0.4839599132537842]","[-2.7450437545776367,-0.4665045738220215,0.6076856851577759,1.2657963037490845,0.9286879897117615,0.6099805235862732,1.8423959016799927,-1.3918417692184448,1.9787216186523438,-0.9773033857345581,-0.03574825078248978,-0.004668698646128178,-1.7095848321914673,-0.05499640479683876,0.5174035429954529,0.4348328709602356,-0.22374600172042847,-0.3372598886489868,1.8922395706176758,-0.13164272904396057,-0.4193252921104431,-1.1613694429397583,1.5742831230163574,0.0846172347664833,0.6252462863922119,-0.01773820072412491,-0.19223050773143768,-0.247015580534935,-0.04793686419725418]","[-4.661576747894287,0.40514758229255676,0.49751561880111694,5.844480037689209,-1.3177416324615479,-0.3531047999858856,0.15605983138084412,-1.1357415914535522,1.6437110900878906,6.635407447814941,-1.0644323825836182,0.26904287934303284,-0.8258093595504761,-1.092384934425354,-1.4300024509429932,-1.3313319683074951,0.025163060054183006,-0.023600183427333832,2.8068687915802,3.3005757331848145,1.8617033958435059,4.562137603759766,-4.813215732574463,-1.837731957435608,2.3783767223358154,-0.7151943445205688,-1.8074984550476074,1.2946804761886597,-1.7284404039382935]",0.11291082948446274,0.14748665690422058,0.1225740909576416,0.6050108075141907,0.06253106147050858,3.1265530735254288,0,0,0,0.4335634410381317,0.4354293942451477,0.7825552225112915,0.03103828616440296,0.9017187356948853,0.7039992213249207,-0.1617516279220581,-0.0,-0.0,0.0,0.0,0.0,0.0
229,4.58,229,"[-1.8356631994247437,0.5355427861213684,0.012530184350907803,2.204817533493042,-0.8280362486839294,-0.2566762864589691,-2.3875675201416016,-0.42131489515304565,-0.10079093277454376,1.9670921564102173,-0.512795090675354,0.2583816945552826,0.02896757423877716,-0.10445994883775711,-0.032974377274513245,-1.3638875484466553,0.387877881526947,-0.16405241191387177,0.7295045256614685,1.2506312131881714,0.14102014899253845,0.8464239835739136,-1.6335772275924683,-1.1563776731491089,0.690796434879303,0.341974139213562,-0.6890865564346313,0.23330266773700714,-0.5153884887695312]","[-1.6717950105667114,0.14799706637859344,0.002589699812233448,2.3487889766693115,-0.5885559916496277,-0.12716984748840332,-1.7041507959365845,0.03320782631635666,0.9926923513412476,2.6430602073669434,-0.6560549736022949,0.13721634447574615,-0.5670188069343567,-0.14487022161483765,0.36204224824905396,-1.6003986597061157,0.47616222500801086,0.01804780215024948,1.409502387046814,1.5116245746612549,0.21304750442504883,1.030948519706726,-1.6133580207824707,-0.8393214344978333,1.073286533355713,0.6679868102073669,-0.7763009071350098,0.13298830389976501,-0.10546718537807465]","[-1.5816479921340942,0.0915825366973877,-0.5340380668640137,-0.4342615604400635,0.7321074604988098,0.0900663435459137,1.655268669128418,0.11836886405944824,-0.27676206827163696,-0.892341136932373,-0.6200194358825684,-0.03820285201072693,-0.0014758668839931488,-0.0014275312423706055,0.002191774547100067,1.1351943016052246,-0.1437269151210785,-0.00212937593460083,-0.07708966732025146,-0.1598834991455078,-0.024621933698654175,-0.11550933122634888,1.4584273099899292,0.8944898843765259,0.7145598530769348,-0.019250810146331787,-0.15126466751098633,0.4339199662208557,-0.4718497395515442]","[-3.7185091972351074,-0.30493801832199097,2.5754036903381348,0.30309000611305237,-1.9826509952545166,0.1569962501525879,2.236833333969116,-1.6794404983520508,1.7082159519195557,-1.1507655382156372,-0.15474463999271393,0.0207230132073164,-1.549551010131836,0.086346335709095,0.7407592535018921,0.6950802803039551,-0.6129782199859619,-0.6048881411552429,2.068887233734131,-0.044552478939294815,-0.6205370426177979,-3.8431332111358643,1.5522538423538208,0.09526966512203217,0.5488728284835815,0.018585622310638428,-0.2666468620300293,-0.10794032365083694,-0.07071483880281448]","[-4.659583568572998,0.3456588685512543,0.5455594658851624,5.86604642868042,-1.332704782485962,-0.3013289272785187,0.2102697193622589,-1.264707088470459,1.6433205604553223,6.606403827667236,-1.0885854959487915,0.29427191615104675,-0.8605996966362,-1.026241660118103,-1.6842703819274902,-1.5641088485717773,0.05195928364992142,-0.053599290549755096,2.6821205615997314,3.3148183822631836,1.7976289987564087,4.7466912269592285,-4.835620403289795,-1.800297737121582,2.3689167499542236,-0.7444064021110535,-1.8327438831329346,1.3613632917404175,-1.9291692972183228]",0.11517468094825745,0.15218156576156616,0.12162622809410095,0.611520528793335,0.06098148971796036,3.049074485898018,0,0,0,0.43107637763023376,0.4306033253669739,0.7841820120811462,0.028179017826914787,0.8683468103408813,0.6362097859382629,-0.12952306866645813,-0.0,-0.0,0.0,0.0,0.0,0.0
230,4.6000000000000005,230,"[-1.8656203746795654,0.5371531248092651,0.0026141267735511065,2.194798707962036,-0.8131384253501892,-0.254808247089386,-2.354929208755493,-0.41894635558128357,-0.10614397376775742,1.9493762254714966,-0.5248998403549194,0.257691890001297,0.028932424262166023,-0.10447002947330475,-0.032927125692367554,-1.3416517972946167,0.38505789637565613,-0.16411341726779938,0.7281947135925293,1.2474702596664429,0.14046642184257507,0.8441075086593628,-1.6060701608657837,-1.1380503177642822,0.705249011516571,0.34343451261520386,-0.692391037940979,0.24086959660053253,-0.5247445106506348]","[-1.7465908527374268,0.13749654591083527,0.04407975822687149,2.3581557273864746,-0.6049227714538574,-0.11399386823177338,-1.6593091487884521,-0.0019208071753382683,1.0220969915390015,2.6210453510284424,-0.6596365571022034,0.13805705308914185,-0.5967552065849304,-0.1454102247953415,0.37240713834762573,-1.5804877281188965,0.4614909291267395,0.003811294911429286,1.430220603942871,1.511073112487793,0.20424745976924896,0.9731324911117554,-1.5790642499923706,-0.8352075815200806,1.0834589004516602,0.667880117893219,-0.783316969871521,0.1316085010766983,-0.11136338859796524]","[-1.4418542385101318,0.07205158472061157,-0.4621061086654663,-0.5660951137542725,0.7574006915092468,0.09535104036331177,1.6299009323120117,0.11924281716346741,-0.26153475046157837,-0.8865892887115479,-0.5957096815109253,-0.03108680248260498,-0.0017634592950344086,-0.0009864568710327148,0.0021393410861492157,1.094597578048706,-0.1407220959663391,-0.005019456148147583,-0.05281418561935425,-0.1565396785736084,-0.030615180730819702,-0.11634528636932373,1.3328313827514648,0.9368926286697388,0.7281780242919922,0.15023723244667053,-0.17410516738891602,0.333259642124176,-0.4688277840614319]","[-3.933519124984741,-0.4689790904521942,2.4143335819244385,0.11439631879329681,-1.3636857271194458,0.413718581199646,2.386474132537842,-1.7457268238067627,1.2149256467819214,-1.0415492057800293,-0.17567609250545502,0.053566768765449524,-1.3569990396499634,0.0075482833199203014,0.5727476477622986,1.076097846031189,-0.8635596632957458,-0.7530462741851807,1.4984540939331055,-0.021761562675237656,-0.6456823348999023,-5.534095287322998,1.6891155242919922,0.2643401026725769,0.5354101061820984,0.0059093451127409935,-0.3393341302871704,-0.06416839361190796,-0.3106866478919983]","[-4.514499187469482,0.3294926583766937,0.49065858125686646,5.837540626525879,-1.268863320350647,-0.2199881225824356,0.098825603723526,-1.3574563264846802,1.6461392641067505,6.581019878387451,-1.0958236455917358,0.3247271776199341,-0.9160553216934204,-0.9337039589881897,-1.8718514442443848,-1.8946127891540527,0.08917845040559769,-0.09510745853185654,2.523209810256958,3.3195767402648926,1.7127095460891724,4.9396867752075195,-4.785678386688232,-1.7751177549362183,2.3829243183135986,-0.7283318638801575,-1.859279990196228,1.4423878192901611,-2.2056753635406494]",0.11772266775369644,0.15047471225261688,0.12074965983629227,0.6195266246795654,0.0583699494600296,2.91849747300148,0,0,0,0.4283972680568695,0.43077144026756287,0.7873820066452026,0.02573326602578163,0.8279499411582947,0.6056094765663147,-0.18734586238861084,-0.0,-0.0,0.0,0.0,0.0,0.0
231,4.62,231,"[-1.893337368965149,0.5384248495101929,-0.0059540593065321445,2.182173728942871,-0.7977402210235596,-0.25286224484443665,-2.322371482849121,-0.41654518246650696,-0.1112523227930069,1.9316285848617554,-0.536623477935791,0.2571382224559784,0.028897035866975784,-0.10449940711259842,-0.032888803631067276,-1.320103645324707,0.38224899768829346,-0.16425319015979767,0.7273919582366943,1.244369626045227,0.13979554176330566,0.8417701721191406,-1.5802639722824097,-1.1189019680023193,0.7199235558509827,0.34798362851142883,-0.696050763130188,0.24663305282592773,-0.5341416001319885]","[-1.8201128244400024,0.12525629997253418,0.08625717461109161,2.3624963760375977,-0.6185508370399475,-0.10047502815723419,-1.6098637580871582,-0.036989208310842514,1.041851282119751,2.5999972820281982,-0.6632080078125,0.1394631415605545,-0.6217719316482544,-0.15071003139019012,0.3804789185523987,-1.5570999383926392,0.44366884231567383,-0.013118576258420944,1.4431846141815186,1.5105618238449097,0.19558273255825043,0.8839925527572632,-1.5433506965637207,-0.8272718787193298,1.0937870740890503,0.6677284240722656,-0.7897567749023438,0.13070933520793915,-0.1215784028172493]","[-1.2876152992248535,0.05720853805541992,-0.39483919739723206,-0.6866872310638428,0.7674843072891235,0.09659081697463989,1.586747169494629,0.12065693736076355,-0.24482645094394684,-0.8763700723648071,-0.5842551589012146,-0.022496283054351807,0.0006114132702350616,-0.00010933727025985718,0.005577411502599716,1.049351692199707,-0.14053359627723694,-0.007532164454460144,-0.026659667491912842,-0.15530884265899658,-0.03747567534446716,-0.11674314737319946,1.233673095703125,0.9504228830337524,0.7355496287345886,0.24435147643089294,-0.18143802881240845,0.2732362747192383,-0.4547908902168274]","[-3.6002357006073,-0.5929796099662781,2.1561660766601562,0.015982797369360924,-0.8853802680969238,0.5825206637382507,2.5516958236694336,-1.7346471548080444,0.8163855075836182,-1.023303747177124,-0.17057053744792938,0.07838119566440582,-1.1662753820419312,-0.3673790395259857,0.33148613572120667,1.2065010070800781,-0.9630500078201294,-0.8030121922492981,1.0929832458496094,-0.07505189627408981,-0.6367851495742798,-5.693202018737793,1.783738613128662,0.48418304324150085,0.5489975810050964,0.0004529266443569213,-0.2942921817302704,-0.046550899744033813,-0.5053831934928894]","[-4.364865303039551,0.330972820520401,0.49453383684158325,5.758875370025635,-1.2421950101852417,-0.16546489298343658,0.014455467462539673,-1.423372507095337,1.6488986015319824,6.506628513336182,-1.1035807132720947,0.34799182415008545,-0.9621350765228271,-0.8398647904396057,-1.9633586406707764,-2.2245664596557617,0.1359868049621582,-0.13504329323768616,2.3213913440704346,3.3173069953918457,1.6403651237487793,5.118862152099609,-4.709779262542725,-1.7631889581680298,2.405141592025757,-0.6947323083877563,-1.8665755987167358,1.5284538269042969,-2.450679063796997]",0.12074203789234161,0.14373260736465454,0.12016209959983826,0.6285716891288757,0.05852001905441284,2.926000952720642,0,0,0,0.4251708388328552,0.4355740249156952,0.7917060256004333,0.02360006608068943,0.7978951334953308,0.6195200681686401,-0.1674651801586151,-0.0,-0.0,0.0,0.0,0.0,0.0
232,4.64,232,"[-1.9171249866485596,0.5394414663314819,-0.01317944098263979,2.1673312187194824,-0.7824390530586243,-0.2509446144104004,-2.291459321975708,-0.414120078086853,-0.11593703180551529,1.9143214225769043,-0.548270046710968,0.2567920386791229,0.028956880792975426,-0.10447440296411514,-0.032704029232263565,-1.2996777296066284,0.37943655252456665,-0.16441470384597778,0.7271283268928528,1.241257905960083,0.1389673948287964,0.8394377827644348,-1.5567232370376587,-1.1000334024429321,0.7346709966659546,0.3532085716724396,-0.6996485590934753,0.2517990469932556,-0.5429361462593079]","[-1.8886256217956543,0.11560141295194626,0.13686887919902802,2.346737861633301,-0.6377282738685608,-0.09345635026693344,-1.5542497634887695,-0.07034529000520706,1.050173044204712,2.5767526626586914,-0.6673148274421692,0.14143234491348267,-0.6408809423446655,-0.16042451560497284,0.3882124722003937,-1.5258418321609497,0.42352333664894104,-0.028522372245788574,1.459149718284607,1.5071054697036743,0.18304429948329926,0.7803058624267578,-1.5096126794815063,-0.8150591254234314,1.1042325496673584,0.6677232384681702,-0.7935607433319092,0.12991493940353394,-0.1335686296224594]","[-1.157960295677185,0.044783949851989746,-0.33024856448173523,-0.8144676685333252,0.7812440395355225,0.0951036810874939,1.5891015529632568,0.12229830026626587,-0.23719054460525513,-0.8890509605407715,-0.5723938345909119,-0.01765415072441101,-7.776543498039246e-06,2.384185791015625e-05,0.0038831494748592377,1.0221123695373535,-0.14073029160499573,-0.010095909237861633,0.0038608908653259277,-0.15496015548706055,-0.045704469084739685,-0.11485964059829712,1.1540740728378296,1.0038107633590698,0.7500410079956055,0.4006527364253998,-0.19682496786117554,0.19052773714065552,-0.46379566192626953]","[-3.3304455280303955,-0.432000994682312,2.6080758571624756,-1.1172511577606201,-0.9357213377952576,0.2604694962501526,2.915015935897827,-1.5784868001937866,0.19798457622528076,-1.1779005527496338,-0.20622609555721283,0.09993516653776169,-0.8195030093193054,-0.5303391814231873,0.40216273069381714,1.7815691232681274,-1.0469653606414795,-0.6910063624382019,1.027716040611267,-0.21842190623283386,-0.7293648719787598,-5.418631076812744,1.607332468032837,0.6980136036872864,0.5230016708374023,0.00037741984124295413,-0.15646444261074066,-0.03942790627479553,-0.5646330118179321]","[-4.21085786819458,0.335543692111969,0.5416221022605896,5.639310359954834,-1.2213932275772095,-0.13532193005084991,-0.04039528965950012,-1.4439729452133179,1.634321928024292,6.39846134185791,-1.1188369989395142,0.36155250668525696,-0.9809409379959106,-0.721980631351471,-1.9867570400238037,-2.512880802154541,0.1699240803718567,-0.16867676377296448,2.0747928619384766,3.3077502250671387,1.5872652530670166,5.270611763000488,-4.601986408233643,-1.7552074193954468,2.4187798500061035,-0.6615598797798157,-1.8547968864440918,1.6050262451171875,-2.640577554702759]",0.12407483905553818,0.13554315268993378,0.12018688023090363,0.6415252685546875,0.053898535668849945,2.6949267834424973,0,0,0,0.42146047949790955,0.4425008296966553,0.7957286238670349,0.021546829491853714,0.7310388088226318,0.43232327699661255,-0.14967218041419983,-0.0,-0.0,0.0,0.0,0.0,0.0
233,4.66,233,"[-1.9396557807922363,0.5402162075042725,-0.01916400156915188,2.149595022201538,-0.7664904594421387,-0.2490580976009369,-2.258807420730591,-0.4116532504558563,-0.12073994427919388,1.8960665464401245,-0.5595192313194275,0.25643205642700195,0.028896724805235863,-0.10449845343828201,-0.032733477652072906,-1.279219150543213,0.37661978602409363,-0.16465702652931213,0.7275463938713074,1.2381712198257446,0.13796736299991608,0.8371757864952087,-1.5341010093688965,-1.0787495374679565,0.7499251961708069,0.3640097379684448,-0.703923761844635,0.25425416231155396,-0.5526934266090393]","[-1.9450451135635376,0.10870465636253357,0.18938320875167847,2.311634063720703,-0.6515125036239624,-0.08611153066158295,-1.4927550554275513,-0.09928290545940399,1.048608422279358,2.5493900775909424,-0.6712307333946228,0.14525406062602997,-0.6508477926254272,-0.17581047117710114,0.39540353417396545,-1.4812642335891724,0.40042293071746826,-0.043907295912504196,1.4701108932495117,1.4995100498199463,0.16875533759593964,0.6856712698936462,-1.47685968875885,-0.8007926940917969,1.111011028289795,0.6677497625350952,-0.795816957950592,0.1293177604675293,-0.14684179425239563]","[-1.0302335023880005,0.03460794687271118,-0.26668602228164673,-0.9397566318511963,0.7887333631515503,0.09036548435688019,1.5878736972808838,0.12335628271102905,-0.2298077642917633,-0.8997231721878052,-0.5647704005241394,-0.013089179992675781,2.9802322387695312e-05,-0.0004161149263381958,0.005293358117341995,1.0082513093948364,-0.13909786939620972,-0.01341402530670166,0.0062972307205200195,-0.1539379358291626,-0.04774816334247589,-0.12739896774291992,1.0998696088790894,1.0399669408798218,0.7595375180244446,0.5129411816596985,-0.20443350076675415,0.13276785612106323,-0.4655882716178894]","[-2.573507785797119,-0.3106718361377716,2.5326437950134277,-1.9718821048736572,-0.6136735677719116,0.3487035632133484,3.126319408416748,-1.3483997583389282,-0.2287984937429428,-1.4022077322006226,-0.18859891593456268,0.19779391586780548,-0.3361171782016754,-0.8518645763397217,0.2850199341773987,2.5299346446990967,-1.2272051572799683,-0.7024931311607361,0.634983241558075,-0.42638635635375977,-0.7898576259613037,-4.859964370727539,1.609955072402954,0.7395089268684387,0.30380547046661377,0.0011520595289766788,-0.0950777605175972,-0.03157903254032135,-0.6254217028617859]","[-3.8929035663604736,0.3629729449748993,0.5314516425132751,5.4546990394592285,-1.183011531829834,-0.0925835520029068,-0.21607831120491028,-1.4298293590545654,1.5882574319839478,6.276392936706543,-1.1255590915679932,0.38359060883522034,-0.9417686462402344,-0.5855675339698792,-1.9699935913085938,-2.86926531791687,0.19302980601787567,-0.21844631433486938,1.7569797039031982,3.278414249420166,1.5461461544036865,5.447080135345459,-4.444526672363281,-1.771411418914795,2.4226913452148438,-0.6109150648117065,-1.8494877815246582,1.6496400833129883,-2.824260950088501]",0.12777794897556305,0.12816840410232544,0.12037260830402374,0.6580745577812195,0.04963855445384979,2.4819277226924896,0,0,0,0.4172835946083069,0.4488329291343689,0.798740029335022,0.019761035218834877,0.6824506521224976,0.3831029534339905,-0.2682434022426605,-0.0,-0.0,0.0,0.0,0.0,0.0
234,4.68,234,"[-1.9583343267440796,0.5408257842063904,-0.023846881464123726,2.1297409534454346,-0.7508897185325623,-0.24732999503612518,-2.2279443740844727,-0.40918582677841187,-0.1251293420791626,1.878332495689392,-0.5708608627319336,0.2562684714794159,0.028958072885870934,-0.10449104756116867,-0.032492294907569885,-1.259347677230835,0.37387263774871826,-0.16495126485824585,0.7273802161216736,1.2351003885269165,0.13705746829509735,0.834341824054718,-1.5127284526824951,-1.0584347248077393,0.7650524973869324,0.3737262189388275,-0.7078258991241455,0.25710976123809814,-0.5615596771240234]","[-1.9813587665557861,0.10442663729190826,0.2355649620294571,2.25919771194458,-0.6580562591552734,-0.07517286390066147,-1.431619644165039,-0.12586550414562225,1.0326201915740967,2.5145680904388428,-0.6757271885871887,0.15012207627296448,-0.6514869332313538,-0.19722290337085724,0.39820143580436707,-1.421557903289795,0.3737378716468811,-0.059319786727428436,1.4739735126495361,1.4872950315475464,0.15379303693771362,0.6041502356529236,-1.4434001445770264,-0.7872140407562256,1.1139732599258423,0.6677464246749878,-0.7970311045646667,0.12878859043121338,-0.16086988151073456]","[-0.8800685405731201,0.02674311399459839,-0.20099124312400818,-1.0596632957458496,0.7836565375328064,0.08215866982936859,1.589059829711914,0.12442395091056824,-0.2230783998966217,-0.9133517742156982,-0.5523398518562317,-0.008754432201385498,0.00017578713595867157,-0.00017695128917694092,0.004719756543636322,0.9811729192733765,-0.13930648565292358,-0.015513226389884949,0.03323554992675781,-0.15371739864349365,-0.05540996789932251,-0.12755095958709717,1.0344088077545166,1.08090341091156,0.763094425201416,0.6430156826972961,-0.20982623100280762,0.06430670619010925,-0.4718571901321411]","[-1.4307105541229248,-0.16706514358520508,2.1129472255706787,-2.8065831661224365,-0.21319307386875153,0.5353943109512329,2.99099063873291,-1.2919663190841675,-1.0563218593597412,-1.8262397050857544,-0.2279030680656433,0.24326415359973907,0.10708589106798172,-1.1587260961532593,0.01502775214612484,3.2268331050872803,-1.3650480508804321,-0.7336884140968323,0.05264662578701973,-0.6006773114204407,-0.6885628700256348,-3.547025442123413,1.667893409729004,0.6722671389579773,0.09534844756126404,-0.0008804389508441091,-0.048789750784635544,-0.0278625451028347,-0.6494875550270081]","[-3.422729015350342,0.3965132534503937,0.4928528666496277,5.165123462677002,-1.1108812093734741,-0.044016674160957336,-0.510172963142395,-1.3545457124710083,1.4727967977523804,6.089706897735596,-1.143343448638916,0.4048652648925781,-0.868134617805481,-0.42151543498039246,-1.9074270725250244,-3.2599501609802246,0.20903073251247406,-0.26205405592918396,1.3605793714523315,3.231323719024658,1.5045068264007568,5.647707462310791,-4.270461559295654,-1.8055111169815063,2.4141504764556885,-0.5608320236206055,-1.8434088230133057,1.679948091506958,-2.990722179412842]",0.1317821890115738,0.12390480190515518,0.12039163708686829,0.6733612418174744,0.04669995978474617,2.3349979892373085,0,0,0,0.41263312101364136,0.4534448981285095,0.7998902201652527,0.018416481092572212,0.664783775806427,0.44147488474845886,-0.45564547181129456,-0.0,-0.0,0.0,0.0,0.0,0.0
235,4.7,235,"[-1.9748585224151611,0.5412859320640564,-0.027203651145100594,2.107208490371704,-0.7351441979408264,-0.24577175080776215,-2.1952450275421143,-0.4066762924194336,-0.12966307997703552,1.8595324754714966,-0.5816128253936768,0.25608187913894653,0.02890375629067421,-0.10450553148984909,-0.032544687390327454,-1.2399722337722778,0.3710475265979767,-0.16527755558490753,0.7288758158683777,1.2320225238800049,0.13575096428394318,0.8320737481117249,-1.4927246570587158,-1.0355134010314941,0.7804489731788635,0.3897303640842438,-0.7123168110847473,0.2568264305591583,-0.571567714214325]","[-1.9922879934310913,0.10135588049888611,0.2704400420188904,2.1871886253356934,-0.651624858379364,-0.059698350727558136,-1.3714251518249512,-0.14896699786186218,1.0123600959777832,2.4827775955200195,-0.6785178184509277,0.15331652760505676,-0.6422582864761353,-0.21749229729175568,0.3974107503890991,-1.3496580123901367,0.342092901468277,-0.07499974966049194,1.4550588130950928,1.4703929424285889,0.1419789046049118,0.5492541193962097,-1.4090112447738647,-0.780338704586029,1.1148864030838013,0.6672157645225525,-0.7975645661354065,0.12811647355556488,-0.17471414804458618]","[-0.7454365491867065,0.020416080951690674,-0.1354113221168518,-1.1822521686553955,0.7782682776451111,0.07175616919994354,1.6289174556732178,0.1257188618183136,-0.22243447601795197,-0.943341851234436,-0.5336910486221313,-0.006779283285140991,-0.002520298585295677,-0.0006537884473800659,-0.0026590190827846527,0.9562283754348755,-0.14113932847976685,-0.017181411385536194,0.08501559495925903,-0.15357136726379395,-0.06852112710475922,-0.11516064405441284,0.9724199771881104,1.1620372533798218,0.7669717073440552,0.8575126528739929,-0.22416561841964722,-0.04519149661064148,-0.5034908652305603]","[-0.14612790942192078,-0.19616839289665222,1.4863349199295044,-3.810393810272217,0.39397695660591125,0.7572664618492126,3.0747978687286377,-1.0069997310638428,-0.7320480942726135,-1.1386010646820068,-0.10986340790987015,0.09930247813463211,0.5848745107650757,-0.7761070728302002,-0.07356119900941849,3.73710036277771,-1.6939213275909424,-0.7519620060920715,-1.2359228134155273,-0.8272761702537537,-0.5220450758934021,-2.2760703563690186,1.703019618988037,0.19043989479541779,0.025596540421247482,-0.009964670985937119,-0.01658911630511284,-0.03438186272978783,-0.6320503354072571]","[-2.8358349800109863,0.41194066405296326,0.45028942823410034,4.739673137664795,-0.9324777722358704,0.014765424653887749,-0.9375095367431641,-1.1895397901535034,1.3039051294326782,5.795442581176758,-1.1227831840515137,0.41765767335891724,-0.7470794916152954,-0.21263213455677032,-1.789351463317871,-3.626150608062744,0.2101975977420807,-0.29966601729393005,0.9301634430885315,3.1578097343444824,1.4837493896484375,5.861238956451416,-4.089921474456787,-1.8334795236587524,2.3783016204833984,-0.5240465998649597,-1.8293437957763672,1.7185416221618652,-3.118088960647583]",0.13574574887752533,0.12279681861400604,0.11998731642961502,0.6805492639541626,0.04476580768823624,2.238290384411812,0,0,0,0.40773600339889526,0.45549529790878296,0.8001760840415955,0.018225060775876045,0.6787859797477722,0.5712180137634277,-0.6933459043502808,-0.0,-0.0,0.0,0.0,0.0,0.0
236,4.72,236,"[-1.9881517887115479,0.541642427444458,-0.029263334348797798,2.0824508666992188,-0.7197589874267578,-0.24445974826812744,-2.162787675857544,-0.4041570723056793,-0.13402672111988068,1.8405988216400146,-0.5922085046768188,0.25599730014801025,0.028857260942459106,-0.10451719909906387,-0.03259865567088127,-1.22109854221344,0.3682270646095276,-0.1656385213136673,0.730780839920044,1.2289575338363647,0.13431662321090698,0.8297353982925415,-1.4738316535949707,-1.0119532346725464,0.7957313656806946,0.40802672505378723,-0.7167925238609314,0.2553021013736725,-0.5816993117332458]","[-1.9812904596328735,0.09889662265777588,0.29103782773017883,2.0938527584075928,-0.6216189861297607,-0.03733178228139877,-1.3176237344741821,-0.16776317358016968,0.9954230785369873,2.459815740585327,-0.6844297647476196,0.1547684371471405,-0.6231328845024109,-0.22025644779205322,0.39085036516189575,-1.268203854560852,0.30337440967559814,-0.08951102197170258,1.4029240608215332,1.4507583379745483,0.13322019577026367,0.5150418281555176,-1.3727736473083496,-0.7848073840141296,1.1146214008331299,0.6650644540786743,-0.7986264228820801,0.1274987906217575,-0.18791484832763672]","[-0.5814403295516968,0.015807151794433594,-0.07114680856466293,-1.291435956954956,0.757308304309845,0.058318302035331726,1.5920639038085938,0.1252889633178711,-0.21080262959003448,-0.9395211935043335,-0.5315884947776794,-0.0006437301635742188,6.984919309616089e-06,-0.00023581087589263916,0.00452045351266861,0.9421169757843018,-0.1372307538986206,-0.02015717327594757,0.06130635738372803,-0.15270709991455078,-0.06481818854808807,-0.1409381628036499,0.9292691946029663,1.1580467224121094,0.7598280906677246,0.8923270106315613,-0.21345913410186768,-0.06623491644859314,-0.48758387565612793]","[0.9652565121650696,-0.056717682629823685,0.7771714329719543,-4.866841793060303,1.6182082891464233,1.0924546718597412,2.4844748973846436,-0.892959475517273,-0.9200852513313293,-1.182431697845459,-0.41984492540359497,0.0657176524400711,1.1320607662200928,0.1506582349538803,-0.49465665221214294,4.091673851013184,-2.0152318477630615,-0.7118503451347351,-2.9191229343414307,-0.9306541085243225,-0.39922788739204407,-1.3585035800933838,1.8531955480575562,-0.37048593163490295,-0.02048325352370739,-0.08397424221038818,-0.05733085051178932,-0.02330850251019001,-0.6093177199363708]","[-2.198746919631958,0.42812761664390564,0.3590375781059265,4.2810869216918945,-0.646814227104187,0.10281701385974884,-1.5947387218475342,-1.0283809900283813,1.015626072883606,5.351226329803467,-1.025139331817627,0.4375368654727936,-0.5375920534133911,-0.09427313506603241,-1.6779067516326904,-3.890866279602051,0.26374685764312744,-0.3122737407684326,0.5275020003318787,3.0969598293304443,1.4952937364578247,6.063774108886719,-3.9730215072631836,-1.8553121089935303,2.3236114978790283,-0.5579759478569031,-1.8446903228759766,1.735788106918335,-3.256554365158081]",0.13875876367092133,0.12454473972320557,0.11915645748376846,0.6779558062553406,0.042605262249708176,2.130263112485409,0,0,0,0.4036945700645447,0.4558431804180145,0.7997243404388428,0.018457328900694847,0.6924816370010376,0.6854673027992249,-0.9254051446914673,-0.0,-0.0,0.0,0.0,0.0,0.0
237,4.74,237,"[-1.998116135597229,0.5419182181358337,-0.0300495233386755,2.055551052093506,-0.7048518657684326,-0.24343901872634888,-2.1315624713897705,-0.40166473388671875,-0.1380951851606369,1.8219516277313232,-0.6028763651847839,0.25605612993240356,0.028904035687446594,-0.1045149639248848,-0.03236386924982071,-1.2022875547409058,0.36555829644203186,-0.16608384251594543,0.7313280701637268,1.2259142398834229,0.13315823674201965,0.8264362215995789,-1.4555538892745972,-0.9891915321350098,0.8108420968055725,0.42542344331741333,-0.720855176448822,0.2541770339012146,-0.5910710692405701]","[-1.950034737586975,0.10302937775850296,0.29519039392471313,1.9819223880767822,-0.5681650042533875,-0.008666382171213627,-1.2910616397857666,-0.19090774655342102,0.9691309332847595,2.4291069507598877,-0.7036927342414856,0.1572413295507431,-0.5890905261039734,-0.20395886898040771,0.3707784116268158,-1.1868112087249756,0.2585846185684204,-0.10106460750102997,1.3280247449874878,1.4283645153045654,0.12545529007911682,0.49622729420661926,-1.3287302255630493,-0.8013445138931274,1.104070782661438,0.6584416627883911,-0.8023313879966736,0.1271248310804367,-0.20056025683879852]","[-0.4248201847076416,0.012186169624328613,-0.007228786125779152,-1.4021337032318115,0.7363036274909973,0.043274834752082825,1.598435640335083,0.12545138597488403,-0.2057790756225586,-0.9553015232086182,-0.5196928977966309,0.002928823232650757,-0.000241817906498909,2.551823854446411e-05,0.0031455419957637787,0.9183377027511597,-0.13696998357772827,-0.02140440046787262,0.08595287799835205,-0.15232861042022705,-0.07229484617710114,-0.14239400625228882,0.8767068386077881,1.200982928276062,0.7513701915740967,1.0286287069320679,-0.21408647298812866,-0.13756155967712402,-0.5007296800613403]","[1.9457001686096191,0.4031287729740143,-0.06131518632173538,-5.713505268096924,2.701622724533081,1.3862251043319702,0.7300443649291992,-1.237180233001709,-1.5302683115005493,-1.6963642835617065,-1.2532304525375366,0.19721275568008423,2.0110745429992676,1.1239359378814697,-1.2603154182434082,3.9133753776550293,-2.281679153442383,-0.565299391746521,-3.8112869262695312,-1.073493480682373,-0.370400071144104,-0.6932258605957031,2.273491859436035,-0.983556866645813,-0.6203733086585999,-0.32338228821754456,-0.19312512874603271,-0.017500925809144974,-0.5982600450515747]","[-1.6247022151947021,0.4541800320148468,0.20470672845840454,3.8304121494293213,-0.3378094732761383,0.19906537234783173,-2.3646140098571777,-0.8789441585540771,0.6979955434799194,4.912213325500488,-0.851656973361969,0.45666423439979553,-0.3217471241950989,-0.08076320588588715,-1.5071930885314941,-4.082830429077148,0.3327942490577698,-0.28462842106819153,0.22449441254138947,3.0145516395568848,1.4906283617019653,6.230708122253418,-3.9156079292297363,-1.8807982206344604,2.2037484645843506,-0.6282116770744324,-1.8718804121017456,1.6784363985061646,-3.433166265487671]",0.1407334804534912,0.13283242285251617,0.11719748377799988,0.65913325548172,0.04061799868941307,2.0308999344706535,0,0,0,0.40091532468795776,0.4522720277309418,0.801986575126648,0.021219635382294655,0.6592743396759033,0.6473613381385803,-0.9521294236183167,-0.0,-0.0,0.0,0.0,0.0,0.0
238,4.76,238,"[-2.0051445960998535,0.5421298742294312,-0.029552485793828964,2.0263655185699463,-0.6903068423271179,-0.24272875487804413,-2.0988502502441406,-0.39913901686668396,-0.14225788414478302,1.80238676071167,-0.6129962205886841,0.2561144530773163,0.02884758822619915,-0.1045161783695221,-0.03247283399105072,-1.1843650341033936,0.36274826526641846,-0.1664946973323822,0.734218955039978,1.2228643894195557,0.13142482936382294,0.82403963804245,-1.4387633800506592,-0.9639139175415039,0.8257861733436584,0.44917187094688416,-0.7253559827804565,0.24979963898658752,-0.6017284989356995]","[-1.9150511026382446,0.12360021471977234,0.2871949374675751,1.9133930206298828,-0.4866138994693756,0.01853853464126587,-1.3050504922866821,-0.21558231115341187,0.930575430393219,2.387885093688965,-0.7292505502700806,0.16067613661289215,-0.5337987542152405,-0.17806993424892426,0.3443007171154022,-1.1172583103179932,0.21506549417972565,-0.11078043282032013,1.2429516315460205,1.4023164510726929,0.11853626370429993,0.4875279664993286,-1.2808235883712769,-0.8244572877883911,1.0754178762435913,0.6516351699829102,-0.807037889957428,0.1270386278629303,-0.21340592205524445]","[-0.27265846729278564,0.00927746295928955,0.055779192596673965,-1.5124112367630005,0.7146984338760376,0.026927515864372253,1.6262054443359375,0.1259438693523407,-0.204579159617424,-0.9823858737945557,-0.5017757415771484,0.005013495683670044,-0.002298504114151001,-4.3585896492004395e-05,-0.004871934652328491,0.8852332830429077,-0.14021247625350952,-0.02120472490787506,0.15095770359039307,-0.1519531011581421,-0.0891026109457016,-0.12368708848953247,0.8192986249923706,1.2776046991348267,0.739365816116333,1.2393712997436523,-0.22289007902145386,-0.24635344743728638,-0.5364671349525452]","[1.2464810609817505,1.3063277006149292,-0.40892377495765686,-0.9167815446853638,2.7028164863586426,1.1631428003311157,-1.3341634273529053,-1.4218932390213013,-1.9931024312973022,-2.305473566055298,-1.1931530237197876,0.17527498304843903,3.045318126678467,1.114746332168579,-1.2048527002334595,3.0533955097198486,-1.9976203441619873,-0.4856588840484619,-4.211062908172607,-1.2557456493377686,-0.3194732367992401,-0.28990602493286133,2.2973878383636475,-1.1740633249282837,-1.6596518754959106,-0.24931734800338745,-0.2172890156507492,0.013497606851160526,-0.6244755387306213]","[-1.2977123260498047,0.4860049784183502,0.13006210327148438,3.5088918209075928,-0.08945555239915848,0.2710075080394745,-2.9546091556549072,-0.7718156576156616,0.3839670419692993,4.631211280822754,-0.7049552202224731,0.4608932137489319,-0.16551849246025085,-0.13991855084896088,-1.3011651039123535,-4.179563522338867,0.38231927156448364,-0.2598913311958313,-0.005682690069079399,2.9166808128356934,1.4876365661621094,6.342636585235596,-3.878263473510742,-1.8776131868362427,2.029205560684204,-0.6614194512367249,-1.8845937252044678,1.5397930145263672,-3.61847186088562]",0.14174526929855347,0.14766670763492584,0.11328158527612686,0.6151009798049927,0.044216375797986984,2.210818789899349,0,0,0,0.3992827534675598,0.4423617720603943,0.8108117580413818,0.03087400086224079,0.6795857548713684,0.39139842987060547,-0.5434958338737488,-0.0,-0.0,0.0,0.0,0.0,0.0
239,4.78,239,"[-2.0090224742889404,0.5422893166542053,-0.027818355709314346,1.9950546026229858,-0.6762639284133911,-0.242361918091774,-2.066514253616333,-0.3966269791126251,-0.14627835154533386,1.782656192779541,-0.6229473948478699,0.25625666975975037,0.028812095522880554,-0.10451670736074448,-0.03255874663591385,-1.1668782234191895,0.3599497973918915,-0.16693203151226044,0.7373663783073425,1.2198361158370972,0.1295941323041916,0.8214887380599976,-1.4227819442749023,-0.9380873441696167,0.8404167294502258,0.4749982953071594,-0.7297707796096802,0.24432289600372314,-0.6125297546386719]","[-1.904650330543518,0.15392275154590607,0.27999362349510193,1.9161007404327393,-0.4790908098220825,0.038917869329452515,-1.3671928644180298,-0.24832522869110107,0.8823651075363159,2.335404396057129,-0.7411438822746277,0.16296447813510895,-0.46998438239097595,-0.1546301543712616,0.3157100975513458,-1.0682686567306519,0.183453768491745,-0.12031539529561996,1.1545734405517578,1.3781945705413818,0.11221278458833694,0.4834541976451874,-1.2381161451339722,-0.8470478057861328,1.035041332244873,0.6481767892837524,-0.8124275207519531,0.12698470056056976,-0.22592543065547943]","[-0.11686086654663086,0.0067740678787231445,0.11691246181726456,-1.617974042892456,0.6895467638969421,0.00937245786190033,1.601475477218628,0.12458786368370056,-0.19602179527282715,-0.9843349456787109,-0.4976242780685425,0.009850412607192993,0.0007659662514925003,-8.270144462585449e-05,0.004049483686685562,0.8802503347396851,-0.1349233090877533,-0.025079771876335144,0.10917633771896362,-0.15087127685546875,-0.08071437478065491,-0.15851855278015137,0.7956147193908691,1.2681171894073486,0.7246434688568115,1.2604758739471436,-0.20910054445266724,-0.25980064272880554,-0.5200698971748352]","[0.3727179169654846,1.5599861145019531,-0.3302178382873535,0.25825560092926025,-0.5768277645111084,0.9425293803215027,-3.868562698364258,-1.736372709274292,-2.684570074081421,-2.791832447052002,-0.1679292619228363,0.08915074169635773,3.239198923110962,1.117677092552185,-1.3873378038406372,1.943922758102417,-1.2702983617782593,-0.4813705384731293,-4.279162883758545,-1.1135278940200806,-0.29622262716293335,-0.15171252191066742,1.9232439994812012,-1.0763640403747559,-2.041354179382324,-0.09846305102109909,-0.2482641339302063,-0.012857911176979542,-0.5827970504760742]","[-1.07694411277771,0.6312022805213928,-0.031038105487823486,3.264709949493408,0.10070439428091049,0.3438795506954193,-3.375950336456299,-0.7269787788391113,0.11813332140445709,4.612188816070557,-0.7381570339202881,0.47167232632637024,-0.12527470290660858,-0.08079563081264496,-1.3451727628707886,-4.224758625030518,0.3850809633731842,-0.25791382789611816,-0.19424448907375336,2.889188766479492,1.4153226613998413,6.362626552581787,-3.9305572509765625,-1.9295059442520142,1.9105788469314575,-0.6886488199234009,-1.9052691459655762,1.4131317138671875,-3.758965492248535]",0.14170914888381958,0.15970824658870697,0.10680244863033295,0.5580740571022034,0.0463416613638401,2.317083068192005,0,0,0,0.3990549147129059,0.43181008100509644,0.8299738168716431,0.053832486271858215,0.6231414079666138,0.2573469877243042,-0.2780765891075134,-0.0,-0.0,0.0,0.0,0.0,0.0
240,4.8,240,"[-2.0098190307617188,0.5424008369445801,-0.024875987321138382,1.961646556854248,-0.6627249717712402,-0.24235385656356812,-2.0347912311553955,-0.39415550231933594,-0.1500987559556961,1.7630133628845215,-0.6329011917114258,0.256508469581604,0.02887822687625885,-0.10451948642730713,-0.0323108546435833,-1.1491550207138062,0.3573513329029083,-0.1674978882074356,0.7385860085487366,1.216829538345337,0.12819625437259674,0.8176988959312439,-1.4069387912750244,-0.9131892323493958,0.8547719120979309,0.4995909035205841,-0.7337200045585632,0.23940761387348175,-0.6225312948226929]","[-1.9012324810028076,0.18769866228103638,0.26939788460731506,1.91453218460083,-0.502679169178009,0.055836766958236694,-1.4640380144119263,-0.2821318209171295,0.8151020407676697,2.2751524448394775,-0.7296903133392334,0.16378946602344513,-0.40303897857666016,-0.13216373324394226,0.2887227237224579,-1.0414968729019165,0.17016343772411346,-0.12771569192409515,1.0688159465789795,1.3597147464752197,0.10613840818405151,0.48155125975608826,-1.2083332538604736,-0.8635764718055725,0.9944058060646057,0.6468465924263,-0.8184312582015991,0.12632520496845245,-0.23738081753253937]","[0.03496408462524414,0.004349648952484131,0.17685653269290924,-1.7232805490493774,0.6653755903244019,-0.008788332343101501,1.606893539428711,0.12395605444908142,-0.19210241734981537,-1.0008424520492554,-0.48562735319137573,0.013005733489990234,0.0017482321709394455,-1.341104507446289e-05,0.005172751843929291,0.8611112833023071,-0.1339145004749298,-0.026415660977363586,0.11895298957824707,-0.14989078044891357,-0.08473321795463562,-0.16758888959884644,0.7590293884277344,1.2990609407424927,0.7056728005409241,1.3713703155517578,-0.20621418952941895,-0.31833091378211975,-0.529983639717102]","[0.16401612758636475,1.7553057670593262,-0.6430753469467163,-0.33599594235420227,-1.3424664735794067,0.7764495015144348,-5.188152313232422,-1.6482020616531372,-3.721129894256592,-3.1192004680633545,1.0254132747650146,0.02214326150715351,3.406144857406616,1.0304030179977417,-1.239903211593628,0.8933391571044922,-0.28601065278053284,-0.32576000690460205,-4.0904107093811035,-0.8256635665893555,-0.27679023146629333,-0.08122812956571579,1.1870417594909668,-0.6689644455909729,-1.9212610721588135,-0.05330454185605049,-0.28085872530937195,-0.04609677940607071,-0.5245221257209778]","[-0.9708082675933838,0.763369619846344,-0.17709708213806152,3.237168312072754,0.32027319073677063,0.3919074833393097,-3.556919813156128,-0.7459819912910461,-0.05897603929042816,4.644782543182373,-0.8673828840255737,0.48878782987594604,-0.15321460366249084,-0.04611923173069954,-1.4627717733383179,-4.174286365509033,0.3512980341911316,-0.256643146276474,-0.3250805735588074,2.90189266204834,1.290467619895935,6.424172401428223,-4.0029449462890625,-1.9622448682785034,1.8165991306304932,-0.7089269757270813,-1.9276089668273926,1.335590124130249,-3.9218528270721436]",0.1413249373435974,0.16381216049194336,0.0984194427728653,0.4965108036994934,0.0471474751830101,2.357373759150505,0,0,0,0.3995473384857178,0.42663729190826416,0.8546816110610962,0.09793954342603683,0.5469662547111511,0.17591844499111176,-0.14431685209274292,-0.0,-0.0,0.0,0.0,0.0,0.0
241,4.82,241,"[-2.0076239109039307,0.5424633026123047,-0.020744094625115395,1.9261233806610107,-0.649648904800415,-0.24271345138549805,-2.0022385120391846,-0.39166873693466187,-0.15396244823932648,1.7426224946975708,-0.6423724889755249,0.25677689909935,0.028882024809718132,-0.10451724380254745,-0.03235183656215668,-1.1324337720870972,0.3545932173728943,-0.16798865795135498,0.7421244978904724,1.2138404846191406,0.12620480358600616,0.8147851824760437,-1.392420768737793,-0.8861249089241028,0.8686436414718628,0.529853105545044,-0.7380193471908569,0.2315896600484848,-0.633729100227356]","[-1.8996200561523438,0.22520054876804352,0.25134336948394775,1.899820327758789,-0.5265722274780273,0.0685276910662651,-1.5703320503234863,-0.3147861957550049,0.7239031195640564,2.20766282081604,-0.6999338865280151,0.164575457572937,-0.33460479974746704,-0.1145782321691513,0.2658156454563141,-1.0326237678527832,0.17538362741470337,-0.13184106349945068,0.9884740710258484,1.347652792930603,0.10138358920812607,0.4806668758392334,-1.1931105852127075,-0.8696981072425842,0.9580184817314148,0.6456819176673889,-0.8254531025886536,0.12508897483348846,-0.24858185648918152]","[0.18393397331237793,0.0017061829566955566,0.2355080097913742,-1.8281728029251099,0.6425768136978149,-0.02726614475250244,1.627206802368164,0.12377649545669556,-0.19108131527900696,-1.026594638824463,-0.4683256149291992,0.015094131231307983,0.0006748363375663757,0.00014100223779678345,-0.0009573996067047119,0.8290380239486694,-0.136663019657135,-0.025314465165138245,0.17495453357696533,-0.148889422416687,-0.0999273732304573,-0.15365630388259888,0.709119439125061,1.3684556484222412,0.6811484694480896,1.568340539932251,-0.21439939737319946,-0.41986146569252014,-0.5655258893966675]","[0.12151149660348892,1.9649602174758911,-0.9626172780990601,-0.9719423055648804,-1.040418267250061,0.5319599509239197,-5.421104431152344,-1.6054328680038452,-5.40801477432251,-3.7153191566467285,1.550892949104309,0.1739780604839325,3.4168953895568848,0.5968875885009766,-1.114816665649414,0.16391870379447937,0.5964621901512146,-0.15483342111110687,-3.8633923530578613,-0.5158485174179077,-0.21541999280452728,-0.03402147442102432,0.5345805287361145,-0.09207896888256073,-1.6731925010681152,-0.06104069575667381,-0.3358868360519409,-0.071415975689888,-0.5355030298233032]","[-0.9990572333335876,0.8477206826210022,-0.23743003606796265,3.251601219177246,0.4957585632801056,0.40175122022628784,-3.5600533485412598,-0.7951288223266602,-0.17255814373493195,4.677430629730225,-1.0191874504089355,0.49783197045326233,-0.20618689060211182,-0.001880604773759842,-1.5538098812103271,-4.061837673187256,0.31456896662712097,-0.29231470823287964,-0.4312759339809418,2.9347734451293945,1.1514488458633423,6.539430141448975,-4.035399436950684,-1.9861472845077515,1.742431879043579,-0.6906034350395203,-1.9518773555755615,1.2196965217590332,-4.096185207366943]",0.14110751450061798,0.1592273712158203,0.08875452727079391,0.43225598335266113,0.048593007028102875,2.4296503514051437,0,0,0,0.39997243881225586,0.4289940595626831,0.8808258175849915,0.17226195335388184,0.5044897794723511,0.14677193760871887,-0.1036657840013504,-0.0,-0.0,0.0,0.0,0.0,0.0
242,4.84,242,"[-2.0024616718292236,0.5424690842628479,-0.015455666929483414,1.8885196447372437,-0.6370218992233276,-0.2434445023536682,-1.969702959060669,-0.3892044425010681,-0.15774200856685638,1.721949577331543,-0.6516342163085938,0.2571122348308563,0.028905220329761505,-0.10451384633779526,-0.032349150627851486,-1.1159934997558594,0.3518848121166229,-0.16851046681404114,0.7455841898918152,1.2108739614486694,0.12419915944337845,0.8115526437759399,-1.378574013710022,-0.8584510087966919,0.8820178508758545,0.5623245239257812,-0.7422959804534912,0.2226131558418274,-0.6451523303985596]","[-1.9000709056854248,0.2649548649787903,0.2282332330942154,1.8739150762557983,-0.5394458174705505,0.07567072659730911,-1.6634403467178345,-0.3463665843009949,0.6230646371841431,2.1409354209899902,-0.6713361144065857,0.16268371045589447,-0.26985520124435425,-0.104547418653965,0.2441750168800354,-1.0332273244857788,0.19708973169326782,-0.13646964728832245,0.9124152064323425,1.3400309085845947,0.09754515439271927,0.4807242751121521,-1.1892294883728027,-0.8648595809936523,0.926124095916748,0.6449196934700012,-0.8316377997398376,0.12086916714906693,-0.26058804988861084]","[0.3308117389678955,-0.0014588236808776855,0.29274776577949524,-1.932409405708313,0.6214037537574768,-0.04579611122608185,1.6308337450027466,0.12277737259864807,-0.18779970705509186,-1.0435283184051514,-0.45628994703292847,0.01814141869544983,-0.0008730217814445496,0.00028796494007110596,-0.0071681104600429535,0.7985502481460571,-0.13858899474143982,-0.02351813018321991,0.22516846656799316,-0.14725923538208008,-0.11408738791942596,-0.14317184686660767,0.6556659936904907,1.446211338043213,0.6480425596237183,1.7857223749160767,-0.22764652967453003,-0.5301024913787842,-0.6085842847824097]","[-0.05177385360002518,2.003918170928955,-1.2004472017288208,-1.4792612791061401,-0.4015463888645172,0.26146024465560913,-4.273871421813965,-1.5194944143295288,-4.9357829093933105,-3.1704607009887695,1.016554594039917,-0.07546902447938919,3.1311233043670654,0.32688382267951965,-1.087022304534912,-0.18189920485019684,1.3282647132873535,-0.2124798595905304,-3.615877389907837,-0.31815239787101746,-0.1855127066373825,0.01064634695649147,0.07740863412618637,0.42585569620132446,-1.556121826171875,-0.04369235411286354,-0.28754109144210815,-0.2307780683040619,-0.5841776132583618]","[-1.1266758441925049,0.8801103234291077,-0.22632712125778198,3.2610886096954346,0.6415348052978516,0.37625977396965027,-3.474353790283203,-0.8359830379486084,-0.23354949057102203,4.6546101570129395,-1.1364612579345703,0.4871734380722046,-0.2615756094455719,0.08686138689517975,-1.561690330505371,-3.8993749618530273,0.2908788323402405,-0.36021319031715393,-0.5052220225334167,2.9552955627441406,1.018244981765747,6.683176040649414,-4.004971504211426,-1.9851998090744019,1.6913180351257324,-0.6093625426292419,-1.9544947147369385,1.0482583045959473,-4.268524646759033]",0.14114034175872803,0.14858613908290863,0.07865475118160248,0.37056082487106323,0.051906485110521317,2.595324255526066,0,0,0,0.4000823497772217,0.4366409480571747,0.9051571488380432,0.27974241971969604,0.5158326625823975,0.169205904006958,-0.1113373339176178,-0.0,-0.0,0.0,0.0,0.0,0.0
243,4.86,243,"[-1.9943914413452148,0.5424049496650696,-0.009034184738993645,1.8488270044326782,-0.624792754650116,-0.24454529583454132,-1.9370051622390747,-0.38675764203071594,-0.16147443652153015,1.7008813619613647,-0.660624086856842,0.25750255584716797,0.02884710393846035,-0.10450572520494461,-0.032638560980558395,-1.1004917621612549,0.3490496575832367,-0.16892938315868378,0.7511312365531921,1.2079501152038574,0.12164130806922913,0.8090583086013794,-1.3661941289901733,-0.8282764554023743,0.8945653438568115,0.601282000541687,-0.7471252083778381,0.21038556098937988,-0.6580724716186523]","[-1.900352120399475,0.3040965497493744,0.20569941401481628,1.8389310836791992,-0.5394349098205566,0.07823627442121506,-1.7414969205856323,-0.3746096193790436,0.496885746717453,2.071906805038452,-0.6719720363616943,0.1678651124238968,-0.2126302570104599,-0.1057184636592865,0.22167029976844788,-1.0399919748306274,0.2301432341337204,-0.14150941371917725,0.8472355604171753,1.3351110219955444,0.09346535801887512,0.48358654975891113,-1.1881957054138184,-0.8505095839500427,0.895029604434967,0.6445972919464111,-0.8363459706306458,0.11363352835178375,-0.27404075860977173]","[0.47474801540374756,-0.0054329633712768555,0.3488406836986542,-2.0371735095977783,0.6030827760696411,-0.064130499958992,1.6298085451126099,0.12133941054344177,-0.1841820776462555,-1.0580956935882568,-0.44552087783813477,0.021289288997650146,-0.0008453149348497391,0.0003430992364883423,-0.006803683936595917,0.7844895124435425,-0.13605281710624695,-0.024392828345298767,0.22608935832977295,-0.14604628086090088,-0.11592824012041092,-0.15680789947509766,0.6162673234939575,1.4955341815948486,0.6142854690551758,1.938590407371521,-0.2356305718421936,-0.6082959771156311,-0.6340309977531433]","[0.04069332033395767,1.899257779121399,-0.975369930267334,-1.9130876064300537,0.2320074588060379,0.057480860501527786,-3.6651179790496826,-1.310675859451294,-6.76725435256958,-3.4399819374084473,-0.26691675186157227,0.35636234283447266,2.662508487701416,-0.33826664090156555,-1.1866377592086792,-0.4597870111465454,1.7829644680023193,-0.2246338576078415,-2.9385454654693604,-0.20733846724033356,-0.20457065105438232,0.18513397872447968,0.03290684521198273,0.8306617140769958,-1.4416115283966064,-0.022684691473841667,-0.2086089700460434,-0.3700386583805084,-0.6456505656242371]","[-1.1299283504486084,0.881961464881897,-0.22683173418045044,3.2769792079925537,0.7860859632492065,0.3564467430114746,-3.452688217163086,-0.8353792428970337,-0.33696097135543823,4.593541145324707,-1.2006874084472656,0.47797974944114685,-0.29728201031684875,0.21815712749958038,-1.568336009979248,-3.7308545112609863,0.2576151192188263,-0.40898752212524414,-0.542382001876831,2.962385654449463,0.9158474206924438,6.838903903961182,-3.9254748821258545,-1.9491921663284302,1.6813395023345947,-0.524783194065094,-1.9524424076080322,0.8359914422035217,-4.442617893218994]",0.14140170812606812,0.1348971575498581,0.06843650341033936,0.3113439679145813,0.05504067242145538,2.752033621072769,0,0,0,0.3999396562576294,0.44706976413726807,0.9257774949073792,0.4108869135379791,0.5359017848968506,0.14121127128601074,-0.10875310748815536,-0.0,-0.0,0.0,0.0,0.0,0.0
244,4.88,244,"[-1.9834717512130737,0.5422517657279968,-0.001502039609476924,1.8070327043533325,-0.612898588180542,-0.2460097223520279,-1.9045106172561646,-0.38435086607933044,-0.1651092916727066,1.6796257495880127,-0.6694550514221191,0.25796380639076233,0.028871407732367516,-0.10450012236833572,-0.03262129798531532,-1.0846139192581177,0.34644269943237305,-0.1694861799478531,0.7546277642250061,1.2050321102142334,0.11956202983856201,0.805280327796936,-1.3539233207702637,-0.798629641532898,0.9065892696380615,0.6398681402206421,-0.751721203327179,0.19828131794929504,-0.6705135703086853]","[-1.898134708404541,0.3367224931716919,0.19042642414569855,1.7964116334915161,-0.5270160436630249,0.0767744928598404,-1.7992526292800903,-0.3964328169822693,0.35664576292037964,1.998800277709961,-0.6728463768959045,0.17210239171981812,-0.16839231550693512,-0.11609994620084763,0.19729302823543549,-1.0496771335601807,0.2683837413787842,-0.14732365310192108,0.7973586916923523,1.3277734518051147,0.08971170336008072,0.4904220402240753,-1.1899205446243286,-0.8300982117652893,0.8710604310035706,0.6481087803840637,-0.8385603427886963,0.10341979563236237,-0.28760725259780884]","[0.6159216165542603,-0.010509788990020752,0.4039843678474426,-2.143239974975586,0.5883201956748962,-0.08209273219108582,1.6272246837615967,0.11964216828346252,-0.18068067729473114,-1.0719329118728638,-0.43516308069229126,0.0244140625,0.0015937257558107376,0.00033192336559295654,0.0017893500626087189,0.7881790399551392,-0.12881755828857422,-0.028564780950546265,0.1712515950202942,-0.14545321464538574,-0.10378006845712662,-0.19752085208892822,0.5952715873718262,1.5060291290283203,0.5817577242851257,2.0038039684295654,-0.23588240146636963,-0.6429567933082581,-0.6351649761199951]","[0.22292301058769226,1.4389817714691162,-0.5498753190040588,-2.251427412033081,0.8508720993995667,-0.18454940617084503,-2.4724769592285156,-0.928027331829071,-6.883514881134033,-3.5922017097473145,-0.010209722444415092,0.15409383177757263,1.923606276512146,-0.702130913734436,-1.236124873161316,-0.5294407606124878,1.9291025400161743,-0.2713494896888733,-2.168100118637085,-0.36676862835884094,-0.17871719598770142,0.3617677390575409,-0.11544747650623322,1.0619243383407593,-1.0251909494400024,0.19938740134239197,-0.07195693999528885,-0.5052853226661682,-0.6206550598144531]","[-1.2064274549484253,0.8486023545265198,-0.2039809226989746,3.342607021331787,0.8650858402252197,0.3051545321941376,-3.3465778827667236,-0.8505676984786987,-0.3660118579864502,4.383591175079346,-1.1295982599258423,0.440895140171051,-0.3077329993247986,0.33340147137641907,-1.571136713027954,-3.542095899581909,0.25041866302490234,-0.4693898856639862,-0.5489781498908997,2.914846897125244,0.8333531022071838,7.008434772491455,-3.815617322921753,-1.8781800270080566,1.6925967931747437,-0.4113510847091675,-1.928541660308838,0.6320131421089172,-4.5822014808654785]",0.1420607715845108,0.12282765656709671,0.05916757509112358,0.261445015668869,0.05955779552459717,2.9778897762298584,0,0,0,0.39935991168022156,0.45615047216415405,0.9422305822372437,0.5508027672767639,0.5769392251968384,0.1853332668542862,-0.13292637467384338,-0.0,-0.0,0.0,0.0,0.0,0.0
245,4.9,245,"[-1.9697545766830444,0.5419845581054688,0.0071251895278692245,1.7630974054336548,-0.6012599468231201,-0.24782900512218475,-1.8719161748886108,-0.38197195529937744,-0.1687016636133194,1.6580040454864502,-0.6780306100845337,0.25847911834716797,0.02891085296869278,-0.10449244827032089,-0.03256698697805405,-1.0689646005630493,0.3438969552516937,-0.17007197439670563,0.7579813003540039,1.202131986618042,0.11749010533094406,0.8011574745178223,-1.3423832654953003,-0.7680352926254272,0.9178356528282166,0.681434154510498,-0.7565605044364929,0.18466728925704956,-0.6834790706634521]","[-1.8918218612670898,0.35701292753219604,0.1821700483560562,1.749834418296814,-0.5028947591781616,0.06750910729169846,-1.8301657438278198,-0.4086326062679291,0.22661378979682922,1.920912742614746,-0.6626434326171875,0.17378674447536469,-0.1391546130180359,-0.12920278310775757,0.1730189323425293,-1.0578029155731201,0.3052031099796295,-0.15317653119564056,0.7632030248641968,1.3147770166397095,0.08657217025756836,0.5002793073654175,-1.1939808130264282,-0.8063270449638367,0.8563169240951538,0.6587666273117065,-0.8388314843177795,0.09144896268844604,-0.30062851309776306]","[0.7546484470367432,-0.016993284225463867,0.45846518874168396,-2.25168776512146,0.577855110168457,-0.09954944252967834,1.632469892501831,0.11823102831840515,-0.17882846295833588,-1.0907858610153198,-0.42207837104797363,0.027051568031311035,0.000523589551448822,0.00031776726245880127,-0.0015051104128360748,0.7682889699935913,-0.1279689371585846,-0.027940422296524048,0.19325613975524902,-0.14395415782928467,-0.11067446321249008,-0.2008870244026184,0.5424022674560547,1.5903562307357788,0.5323365330696106,2.2376551628112793,-0.2621963620185852,-0.7588960528373718,-0.6881013512611389]","[0.4140644073486328,0.7516282796859741,-0.23740199208259583,-2.3429510593414307,1.3182361125946045,-0.42988693714141846,-1.1021828651428223,-0.4200146794319153,-6.098170280456543,-3.8505377769470215,0.5452898740768433,0.05741323530673981,1.1775665283203125,-0.6772080063819885,-1.2186697721481323,-0.34613463282585144,1.7362080812454224,-0.27334070205688477,-1.4050989151000977,-0.6605730056762695,-0.14317676424980164,0.4860878884792328,-0.18026655912399292,1.1897906064987183,-0.5800426006317139,0.5966123342514038,0.0017256021965295076,-0.5706176161766052,-0.5867132544517517]","[-1.2822420597076416,0.82077556848526,-0.1913740038871765,3.3988993167877197,0.8942785263061523,0.25090450048446655,-3.2121033668518066,-0.8704363107681274,-0.3674629032611847,4.121920585632324,-1.0150766372680664,0.40527698397636414,-0.2894044518470764,0.40978002548217773,-1.5851951837539673,-3.353018283843994,0.2407594621181488,-0.5146388411521912,-0.5361571907997131,2.8307504653930664,0.7756972908973694,7.195765972137451,-3.6830766201019287,-1.7720776796340942,1.7313289642333984,-0.279807984828949,-1.9094830751419067,0.4603349566459656,-4.714656829833984]",0.143255814909935,0.1147085577249527,0.05278470739722252,0.2244904786348343,0.06565636396408081,3.2828181982040405,0,0,0,0.39810290932655334,0.46229976415634155,0.9531933665275574,0.6616126298904419,0.6470041275024414,0.31055644154548645,-0.1499512642621994,-0.0,-0.0,0.0,0.0,0.0,0.0
246,4.92,246,"[-1.953285813331604,0.5415720343589783,0.01683656871318817,1.7169651985168457,-0.5897843837738037,-0.24999170005321503,-1.8392118215560913,-0.37962162494659424,-0.17226243019104004,1.6359943151474,-0.6863381862640381,0.25904586911201477,0.02889235131442547,-0.10448741167783737,-0.032681502401828766,-1.053882360458374,0.34132394194602966,-0.17060379683971405,0.7623580098152161,1.199273943901062,0.11513505131006241,0.7972448468208313,-1.3322272300720215,-0.7350153923034668,0.927882730960846,0.729374349117279,-0.7622090578079224,0.16792547702789307,-0.6980376243591309]","[-1.8843441009521484,0.3641620874404907,0.17562292516231537,1.7047516107559204,-0.4769159257411957,0.06031356379389763,-1.8345273733139038,-0.4112057089805603,0.1326388716697693,1.8466259241104126,-0.6575965285301208,0.1707538664340973,-0.12173563987016678,-0.13390257954597473,0.1483098864555359,-1.0590879917144775,0.33382222056388855,-0.15761815011501312,0.7441088557243347,1.2961984872817993,0.08405962586402893,0.5122784376144409,-1.1973726749420166,-0.7811892032623291,0.8500834703445435,0.6780628561973572,-0.8382889628410339,0.0793662816286087,-0.31313130259513855]","[0.8912444114685059,-0.02520233392715454,0.5125230550765991,-2.3633689880371094,0.5723282694816589,-0.11639036238193512,1.6364216804504395,0.11664032936096191,-0.17713084816932678,-1.1091411113739014,-0.4092603921890259,0.02966374158859253,0.0025000423192977905,0.0005770474672317505,0.005056336522102356,0.7666617631912231,-0.11011138558387756,-0.0619206577539444,0.15078336000442505,-0.17390549182891846,-0.08839201182126999,-0.22995024919509888,0.4162609577178955,1.55422842502594,0.8095353841781616,2.3359463214874268,0.01084059476852417,-0.721845805644989,-0.7870614528656006]","[0.44453203678131104,0.10342732816934586,-0.2517825961112976,-2.2079689502716064,1.2486302852630615,-0.3296097218990326,0.09260966628789902,-0.02609097771346569,-4.396612644195557,-3.8142614364624023,0.9456413388252258,-0.09018555283546448,0.6692456603050232,-0.17220281064510345,-1.2791091203689575,0.023736661300063133,1.2469685077667236,-0.23848256468772888,-0.6214303970336914,-0.9241018295288086,-0.11817272752523422,0.5709050893783569,-0.054523665457963943,1.2360808849334717,-0.19104933738708496,1.0385236740112305,0.03660305589437485,-0.548831582069397,-0.5639079809188843]","[-1.334543228149414,0.8214080929756165,-0.19005560874938965,3.4209370613098145,0.8533436059951782,0.1986057609319687,-3.0703840255737305,-0.9044950604438782,-0.35545653104782104,3.867953300476074,-0.9028902053833008,0.37428441643714905,-0.2501615881919861,0.4247133433818817,-1.6355823278427124,-3.191903829574585,0.2372227907180786,-0.5300149917602539,-0.5154706239700317,2.741086959838867,0.7367125153541565,7.399354934692383,-3.558272361755371,-1.649976372718811,1.785144329071045,-0.14553189277648926,-1.9025081396102905,0.3190934658050537,-4.852497577667236]",0.14473462104797363,0.11107762902975082,0.04964231699705124,0.20133312046527863,0.07505664974451065,3.7528324872255325,0,0,0,0.39634937047958374,0.46530765295028687,0.9591953158378601,0.7281761765480042,0.7735084295272827,0.5700063705444336,-0.13971078395843506,-0.0,-0.0,0.0,0.0,0.0,0.0
247,4.94,247,"[-1.9341048002243042,0.5409764647483826,0.02762611210346222,1.668562650680542,-0.5783668160438538,-0.25248461961746216,-1.8064593076705933,-0.37730634212493896,-0.17578689754009247,1.6136384010314941,-0.6944010257720947,0.25966566801071167,0.02901085466146469,-0.10446936637163162,-0.03236473351716995,-1.0382981300354004,0.3394924998283386,-0.1725488007068634,0.7640126347541809,1.1951757669448853,0.11395442485809326,0.7919594645500183,-1.3257328271865845,-0.7058661580085754,0.950217068195343,0.7748720049858093,-0.756126880645752,0.1557934582233429,-0.7149615287780762]","[-1.8726394176483154,0.36265867948532104,0.17044003307819366,1.66353178024292,-0.4554206430912018,0.052313510328531265,-1.818984031677246,-0.40894150733947754,0.07181989401578903,1.780367374420166,-0.6599939465522766,0.15681524574756622,-0.11140294373035431,-0.1324184536933899,0.12478412687778473,-1.0544594526290894,0.3523904085159302,-0.16030694544315338,0.738836944103241,1.2759437561035156,0.08150622993707657,0.5249890089035034,-1.196610689163208,-0.7547984719276428,0.8486202955245972,0.7053409814834595,-0.8377586603164673,0.06808077543973923,-0.3249227702617645]","[1.026114821434021,-0.035478174686431885,0.5663939714431763,-2.4790704250335693,0.5723148584365845,-0.13253651559352875,1.6390979290008545,0.11491551995277405,-0.17561763525009155,-1.127105951309204,-0.39659738540649414,0.03224462270736694,0.0077223870903253555,0.001453794538974762,0.013959594070911407,0.7534533739089966,-0.09615644812583923,-0.09486190974712372,0.12798011302947998,-0.20361542701721191,-0.0718388706445694,-0.248757004737854,0.2831697463989258,1.4907643795013428,1.1772900819778442,2.391798734664917,0.3740832209587097,-0.6486680507659912,-0.8882418274879456]","[0.6208974719047546,-0.138046994805336,-0.2430371791124344,-1.9348374605178833,1.0039844512939453,-0.36621779203414917,1.1195719242095947,0.18724055588245392,-2.1743643283843994,-2.8108603954315186,-0.31075575947761536,-1.2241172790527344,0.4188019633293152,0.24077695608139038,-1.1216880083084106,0.37842682003974915,0.7555992603302002,-0.09410050511360168,-0.1310342699289322,-0.9757081270217896,-0.1049003079533577,0.590665340423584,0.08083013445138931,1.3445768356323242,-0.027925224974751472,1.4683290719985962,0.022385509684681892,-0.5395295023918152,-0.5109925866127014]","[-1.293816328048706,0.8495895266532898,-0.1967187523841858,3.390249490737915,0.760418176651001,0.13639245927333832,-2.9803552627563477,-0.9380182027816772,-0.3775060176849365,3.676431655883789,-0.8227190375328064,0.3559711277484894,-0.20482975244522095,0.37755611538887024,-1.7065379619598389,-3.0744662284851074,0.2536486089229584,-0.5089607238769531,-0.5143854022026062,2.6888022422790527,0.7046025395393372,7.61618185043335,-3.466463327407837,-1.5367779731750488,1.8304953575134277,-0.05746518820524216,-1.9059028625488281,0.19052046537399292,-5.004982948303223]",0.14632613956928253,0.1121283620595932,0.047996215522289276,0.18951921164989471,0.08282504230737686,4.141252115368843,0,0,0,0.3943852186203003,0.46505582332611084,0.9623648524284363,0.7642425298690796,0.8750635981559753,0.7874153852462769,-0.1072753369808197,-0.0,-0.0,0.0,0.0,0.0,0.0
248,4.96,248,"[-1.9122412204742432,0.540152907371521,0.039492327719926834,1.617802381515503,-0.5668917894363403,-0.2552931606769562,-1.7736479043960571,-0.3750250041484833,-0.1792871356010437,1.5909100770950317,-0.7022020816802979,0.26033565402030945,0.029201246798038483,-0.10442925989627838,-0.03212311863899231,-1.0237442255020142,0.3374776840209961,-0.174398273229599,0.7674772143363953,1.1911293268203735,0.11226149648427963,0.7872945666313171,-1.3209004402160645,-0.6753848195075989,0.9749743342399597,0.8250463008880615,-0.747245728969574,0.14197875559329987,-0.7335672974586487]","[-1.858127474784851,0.360649436712265,0.16255486011505127,1.6288597583770752,-0.43790632486343384,0.04582509398460388,-1.7927839756011963,-0.40394529700279236,0.04089417681097984,1.738499641418457,-0.6523231863975525,0.13755059242248535,-0.102676160633564,-0.12234442681074142,0.10693297535181046,-1.0416265726089478,0.3630017936229706,-0.16117317974567413,0.7371518015861511,1.2575713396072388,0.0790363997220993,0.5381491780281067,-1.1916471719741821,-0.7269707322120667,0.8484904170036316,0.735089123249054,-0.8375114798545837,0.05852561071515083,-0.33596938848495483]","[1.1561930179595947,-0.047610700130462646,0.6144682168960571,-2.540210008621216,0.5530983209609985,-0.1480095088481903,1.5082508325576782,0.10594427585601807,-0.15570372343063354,-1.072174310684204,-0.40178000926971436,0.03823861479759216,0.019704550504684448,0.002945028245449066,0.02050912007689476,0.6573081016540527,-0.1072607934474945,-0.09410753846168518,0.22048205137252808,-0.2000570297241211,-0.09453035891056061,-0.21296292543411255,0.2260059118270874,1.4066354036331177,1.2875691652297974,2.3141026496887207,0.5400344729423523,-0.6154649257659912,-0.8670389652252197]","[0.7583343386650085,-0.1020832434296608,-0.45153549313545227,-1.6280994415283203,0.8123730421066284,-0.28702855110168457,1.3655517101287842,0.2638528645038605,-1.3579200506210327,-1.8335295915603638,0.7045338153839111,-0.733558177947998,0.4321851432323456,0.6009232401847839,-0.8324748277664185,0.7879503965377808,0.3951372504234314,-0.03961285576224327,-0.05903930589556694,-0.8535511493682861,-0.12051384896039963,0.6188687086105347,0.3918425738811493,1.3824106454849243,0.004560314584523439,1.4188746213912964,0.00835969764739275,-0.4193403720855713,-0.5053771138191223]","[-1.1541918516159058,0.8604463934898376,-0.1902550458908081,3.3194973468780518,0.6742871999740601,0.08319400250911713,-2.9379754066467285,-0.9315720200538635,-0.5041074156761169,3.5127291679382324,-0.6985000967979431,0.387380450963974,-0.15287016332149506,0.2717931866645813,-1.8045647144317627,-3.0067968368530273,0.29013845324516296,-0.4868583381175995,-0.5407242178916931,2.672391653060913,0.657135546207428,7.84564208984375,-3.3949837684631348,-1.4445221424102783,1.8742995262145996,-0.04781382530927658,-1.9149844646453857,0.059254467487335205,-5.1698102951049805]",0.14780543744564056,0.11445613205432892,0.04671172797679901,0.18404647707939148,0.08586587756872177,4.293293878436089,0,0,0,0.39245593547821045,0.4637488126754761,0.9650765061378479,0.782398521900177,0.9239608645439148,0.8865863084793091,-0.12093295902013779,-0.0,-0.0,0.0,0.0,0.0,0.0
249,4.98,249,"[-1.8878570795059204,0.5390720367431641,0.05220483988523483,1.566954255104065,-0.5562428832054138,-0.25840499997138977,-1.7461292743682861,-0.37306857109069824,-0.1820150464773178,1.570751428604126,-0.7104722261428833,0.26119521260261536,0.02979903668165207,-0.10435156524181366,-0.03154436871409416,-1.0120058059692383,0.33520206809043884,-0.1763131022453308,0.772831916809082,1.1871734857559204,0.11017321050167084,0.7834409475326538,-1.316692590713501,-0.6496007442474365,1.0017198324203491,0.8674361109733582,-0.7345255017280579,0.13117486238479614,-0.749643087387085]","[-1.8397308588027954,0.359732985496521,0.15233823657035828,1.5983502864837646,-0.4237600564956665,0.039860792458057404,-1.762024164199829,-0.3969268500804901,0.015260930173099041,1.703956127166748,-0.6325219869613647,0.12750093638896942,-0.09314697980880737,-0.11071044206619263,0.09277884662151337,-1.0207449197769165,0.36697718501091003,-0.15882566571235657,0.7348410487174988,1.2418181896209717,0.0757855549454689,0.5495666861534119,-1.1786950826644897,-0.6981979608535767,0.8487493395805359,0.7625706791877747,-0.8378956317901611,0.04962153360247612,-0.3456173837184906]","[1.2951761484146118,-0.06399601697921753,0.6760985851287842,-2.733764171600342,0.5936890840530396,-0.16267076134681702,1.6623884439468384,0.11257380247116089,-0.17688311636447906,-1.1771440505981445,-0.36419183015823364,0.03660842776298523,-0.011882651597261429,-0.0017959624528884888,-0.02676192671060562,0.6951242685317993,-0.09480416774749756,-0.09368769824504852,0.28064101934432983,-0.2060145139694214,-0.10744631290435791,-0.20613819360733032,-0.1389026641845703,2.0864100456237793,1.5304372310638428,3.9672956466674805,0.732046365737915,-1.3128584623336792,-1.4330118894577026]","[0.9912943840026855,-0.029663028195500374,-0.49842020869255066,-1.4740500450134277,0.6557626724243164,-0.29436540603637695,1.581926703453064,0.3684999346733093,-1.2124193906784058,-1.6688449382781982,1.0690416097640991,-0.3795786201953888,0.47937291860580444,0.5406082272529602,-0.700099527835846,1.1758238077163696,0.0898999273777008,0.12862688302993774,-0.10482953488826752,-0.7323256731033325,-0.15243299305438995,0.5195142030715942,0.8319746255874634,1.4379339218139648,0.01857372559607029,1.2886650562286377,-0.023175252601504326,-0.42804011702537537,-0.4248029291629791]","[-1.0157135725021362,0.8473526239395142,-0.17362767457962036,3.255080223083496,0.6265571117401123,0.031933411955833435,-2.8910534381866455,-0.8664758205413818,-0.5927210450172424,3.3804593086242676,-0.6375926733016968,0.39603036642074585,-0.1128692775964737,0.21951256692409515,-1.8877952098846436,-2.9282400608062744,0.31736576557159424,-0.42716124653816223,-0.5688794255256653,2.6563806533813477,0.6337347626686096,7.940549373626709,-3.3303608894348145,-1.3688915967941284,1.841338872909546,-0.018244795501232147,-1.9296534061431885,-0.12465685606002808,-5.243309497833252]",0.14895880222320557,0.11846134066581726,0.045447155833244324,0.1796416938304901,0.08666248619556427,4.3331243097782135,0,0,0,0.3908800780773163,0.46145641803741455,0.9676632285118103,0.7947646379470825,0.9228858947753906,0.8694185614585876,-0.07394470274448395,-0.0,-0.0,0.0,0.0,0.0,0.0
250,5.0,250,"[-1.8604341745376587,0.5375930666923523,0.06653627008199692,1.5084518194198608,-0.5431442260742188,-0.26179999113082886,-1.7071523666381836,-0.37052205204963684,-0.18636246025562286,1.543824315071106,-0.7167697548866272,0.26179999113082886,0.028725940734148026,-0.10450109839439392,-0.033193595707416534,-0.9959392547607422,0.3336855173110962,-0.17814578115940094,0.7787028551101685,1.1828887462615967,0.10796364396810532,0.7790490388870239,-1.3264565467834473,-0.5919284224510193,1.0361918210983276,0.983738124370575,-0.7179638743400574,0.08946441859006882,-0.7908877730369568]","[-1.8163397312164307,0.36060604453086853,0.14359897375106812,1.5691611766815186,-0.4122077226638794,0.032958317548036575,-1.7289726734161377,-0.38762950897216797,-0.006708214525133371,1.6707308292388916,-0.6119940280914307,0.12254880368709564,-0.08414609730243683,-0.10367729514837265,0.07840228080749512,-0.991366446018219,0.3673041760921478,-0.15292352437973022,0.7319110631942749,1.2237807512283325,0.07127077132463455,0.5584091544151306,-1.153078317642212,-0.6646356582641602,0.8378770351409912,0.7862336039543152,-0.8314083218574524,0.03860027715563774,-0.3533439338207245]","[2.0114810466766357,-0.4410684108734131,0.22182661294937134,-2.050197124481201,0.4967436194419861,-0.08487477898597717,2.199620008468628,0.4841737449169159,0.05034096539020538,-1.1853694915771484,-0.0640869140625,-0.16620159149169922,0.0007938127964735031,0.1109471544623375,0.007529975846409798,1.8044203519821167,-0.49019157886505127,0.5606204271316528,0.3028377890586853,-0.9253859519958496,-0.8302832245826721,-0.05281716585159302,1.9505679607391357,2.3825228214263916,-1.7876461744308472,2.90372371673584,-0.44584572315216064,-1.78336501121521,-0.9241372346878052]","[1.2458174228668213,0.06629692763090134,-0.3823693096637726,-1.4496031999588013,0.5397967100143433,-0.3593618869781494,1.6592680215835571,0.47143587470054626,-1.0236530303955078,-1.6369884014129639,0.9465010762214661,-0.18528491258621216,0.41520312428474426,0.25620540976524353,-0.7673962712287903,1.6180858612060547,-0.015307621099054813,0.30586227774620056,-0.11865457147359848,-0.8867698311805725,-0.20886404812335968,0.39366990327835083,1.4909580945968628,1.7381898164749146,-0.6270320415496826,1.0884124040603638,0.37791764736175537,-0.5165870785713196,-0.3497072756290436]","[-0.9405699968338013,0.82683265209198,-0.15429645776748657,3.182002305984497,0.6295214295387268,-0.02035798318684101,-2.777343988418579,-0.766064465045929,-0.5908533930778503,3.2254059314727783,-0.6182968020439148,0.40951818227767944,-0.10766351222991943,0.14173217117786407,-2.0238914489746094,-2.803962230682373,0.31040650606155396,-0.3485196828842163,-0.5635939240455627,2.5804104804992676,0.5995705127716064,7.969794750213623,-3.2310872077941895,-1.2837783098220825,1.685826301574707,-0.009472303092479706,-1.8407224416732788,-0.30216801166534424,-5.324350357055664]",0.1495254784822464,0.12307099252939224,0.04526611790060997,0.18018287420272827,0.08797121047973633,4.398560523986816,0,0,0,0.3899679183959961,0.4588163495063782,0.9689458608627319,0.7967104315757751,0.9701834321022034,0.9157282114028931,-0.10179126262664795,-0.0,-0.0,0.0,0.0,0.0,0.0
251,5.0200000000000005,251,"[-1.8073978424072266,0.5214293003082275,0.06107790395617485,1.484946370124817,-0.5363731384277344,-0.26179999113082886,-1.658144474029541,-0.3537016212940216,-0.1800014078617096,1.52333664894104,-0.7130357027053833,0.2545471489429474,0.02983078919351101,-0.09991367906332016,-0.03124316968023777,-0.9398289918899536,0.3155944049358368,-0.1538882851600647,0.7849454283714294,1.1501580476760864,0.07696188241243362,0.7813282608985901,-1.2386698722839355,-0.5542998313903809,0.930213987827301,0.9835850596427917,-0.7523593306541443,0.05984026566147804,-0.7866085767745972]","[-1.7894779443740845,0.36428260803222656,0.1373736560344696,1.5398093461990356,-0.40273430943489075,0.025011004880070686,-1.6960303783416748,-0.37573355436325073,-0.02546945959329605,1.63687264919281,-0.595550537109375,0.12020307779312134,-0.07509687542915344,-0.10183421522378922,0.06047859415411949,-0.9536151885986328,0.365197092294693,-0.14587949216365814,0.7303357720375061,1.19878089427948,0.06672319769859314,0.5651049017906189,-1.1134202480316162,-0.6254913806915283,0.810533881187439,0.8047022223472595,-0.8125914931297302,0.02607080154120922,-0.3612577021121979]","[2.665808916091919,-0.8064702153205872,-0.27330154180526733,-1.1920660734176636,0.34004896879196167,0.0,2.4635822772979736,0.8347749710083008,0.32301247119903564,-1.0403692722320557,0.19625425338745117,-0.3640100359916687,0.04393598064780235,0.22858214378356934,0.08224938064813614,2.7192280292510986,-0.8436396718025208,1.0854638814926147,0.4426717758178711,-1.7459988594055176,-1.5740820169448853,0.10153651237487793,3.736212968826294,1.7229318618774414,-3.2599287033081055,0.44463425874710083,0.14086216688156128,-1.3732926845550537,-0.2987787127494812]","[1.3756859302520752,0.21495026350021362,-0.26869088411331177,-1.4719123840332031,0.4443480372428894,-0.40442362427711487,1.6344325542449951,0.6247490644454956,-0.8858898282051086,-1.7094652652740479,0.7471530437469482,-0.08801624178886414,0.4383382201194763,0.04088281840085983,-0.9819989204406738,2.038377523422241,-0.1527600735425949,0.34856486320495605,-0.04643143340945244,-1.2533944845199585,-0.19003324210643768,0.28827857971191406,2.1644322872161865,1.9989553689956665,-1.449445366859436,0.8276719450950623,0.993735671043396,-0.568266749382019,-0.3871051073074341]","[-0.9479901194572449,0.8307748436927795,-0.11815029382705688,3.107846975326538,0.6307083368301392,-0.053571298718452454,-2.6669888496398926,-0.6590530276298523,-0.5238020420074463,3.05429744720459,-0.6092739701271057,0.42410045862197876,-0.10120677947998047,0.07607187330722809,-2.098440408706665,-2.6919808387756348,0.27190855145454407,-0.33312320709228516,-0.5565573573112488,2.4549074172973633,0.5404242277145386,7.9915452003479,-3.122500419616699,-1.19521164894104,1.5115947723388672,-0.012812308967113495,-1.7124066352844238,-0.4561173617839813,-5.476570129394531]",0.14745257794857025,0.11646763235330582,0.043264854699373245,0.1695616990327835,0.08691157400608063,4.345578700304031,0,0,0,0.3923600912094116,0.4634605646133423,0.9710157513618469,0.8177787065505981,0.9410912394523621,0.8713517189025879,-0.11147948354482651,-0.0,-0.0,0.0,0.0,0.0,0.0
252,5.04,252,"[-1.7538018226623535,0.5053342580795288,0.05560420826077461,1.4607691764831543,-0.5295422673225403,-0.26179999113082886,-1.6086090803146362,-0.3371310532093048,-0.17344196140766144,1.5022095441818237,-0.7089195847511292,0.2472395896911621,0.03048337996006012,-0.09535781294107437,-0.02990362048149109,-0.887170135974884,0.29993993043899536,-0.13472722470760345,0.7964097261428833,1.113048791885376,0.04500036686658859,0.783110499382019,-1.177008032798767,-0.5230111479759216,0.9057946801185608,1.001523494720459,-0.7123293876647949,0.03453271463513374,-0.802838921546936]","[-1.760135293006897,0.3701140284538269,0.13223977386951447,1.5104072093963623,-0.3949548006057739,0.016320807859301567,-1.6618762016296387,-0.36088261008262634,-0.042258746922016144,1.6011625528335571,-0.5821328163146973,0.11882678419351578,-0.0656544491648674,-0.10150907188653946,0.040110502392053604,-0.9083976745605469,0.36119914054870605,-0.14036893844604492,0.7299706339836121,1.1689759492874146,0.06344964355230331,0.5700223445892334,-1.0653941631317139,-0.5828561186790466,0.774865984916687,0.8215588331222534,-0.7875595092773438,0.013237064704298973,-0.36967504024505615]","[2.693885564804077,-0.8029125928878784,-0.27445247769355774,-1.2270748615264893,0.3442630171775818,0.0,2.490422248840332,0.8221559524536133,0.3328271210193634,-1.0735869407653809,0.21626800298690796,-0.3669779896736145,0.029198545962572098,0.2286132425069809,0.0688735842704773,2.57912278175354,-0.7656589150428772,0.9584648609161377,0.6242915987968445,-1.8380999565124512,-1.6491386890411377,0.015906989574432373,3.018197536468506,1.5489712953567505,-1.2440667152404785,0.9944483637809753,1.9460633993148804,-1.4186464548110962,-0.7588043808937073]","[1.5032715797424316,0.300407350063324,-0.2240922451019287,-1.4674041271209717,0.3644731342792511,-0.43591442704200745,1.7163960933685303,0.7667608857154846,-0.7848736047744751,-1.8029628992080688,0.6262571215629578,-0.05990014225244522,0.45067277550697327,0.009266822598874569,-1.0674161911010742,2.3859195709228516,-0.23053525388240814,0.2339494824409485,-0.007690670900046825,-1.4533549547195435,-0.13543576002120972,0.20484258234500885,2.481355667114258,2.129910707473755,-1.7158584594726562,0.8159127235412598,1.2188278436660767,-0.5781601667404175,-0.398753821849823]","[-0.9793025255203247,0.8126682639122009,-0.08344852924346924,3.0734779834747314,0.594499945640564,-0.09011082351207733,-2.5586116313934326,-0.5690363645553589,-0.4613967537879944,2.92124080657959,-0.5677461624145508,0.4154614806175232,-0.07252806425094604,0.0583123080432415,-2.110974073410034,-2.618011951446533,0.27272820472717285,-0.337356835603714,-0.5301679968833923,2.3551201820373535,0.509178638458252,8.020761489868164,-3.0269412994384766,-1.1013003587722778,1.4000695943832397,0.03301454335451126,-1.6285033226013184,-0.6235233545303345,-5.585940361022949]",0.14462511241436005,0.11149007827043533,0.04140549153089523,0.16418242454528809,0.08935404568910599,4.467702284455299,0,0,0,0.39577674865722656,0.46662917733192444,0.9731411933898926,0.8291019797325134,0.9574163556098938,0.9198217391967773,-0.0741850957274437,-0.0,-0.0,0.0,0.0,0.0,0.0
253,5.0600000000000005,253,"[-1.6996424198150635,0.4893127977848053,0.05009980499744415,1.4358633756637573,-0.5226026177406311,-0.26179999113082886,-1.5585275888442993,-0.32081538438796997,-0.16668832302093506,1.4803931713104248,-0.704384982585907,0.23986802995204926,0.030998731032013893,-0.09076914936304092,-0.028488226234912872,-0.836664080619812,0.2849680483341217,-0.11554969102144241,0.8099170923233032,1.0766340494155884,0.010996333323419094,0.7819645404815674,-1.117941975593567,-0.49234098196029663,0.8804513216018677,1.0233629941940308,-0.6745167970657349,0.003094407031312585,-0.8169607520103455]","[-1.7264323234558105,0.37593185901641846,0.12849026918411255,1.4810051918029785,-0.3884754478931427,0.007115186657756567,-1.6245723962783813,-0.3448045551776886,-0.05624190717935562,1.5645320415496826,-0.5705711841583252,0.11761634051799774,-0.05704328790307045,-0.1013265922665596,0.021334392949938774,-0.8585388660430908,0.3560131788253784,-0.1376800537109375,0.7299773097038269,1.1345851421356201,0.060791969299316406,0.5732556581497192,-1.0141947269439697,-0.5400140881538391,0.738059937953949,0.8390399813652039,-0.761603593826294,0.0005773142911493778,-0.37728220224380493]","[2.7221322059631348,-0.7990792393684387,-0.27638953924179077,-1.264992356300354,0.3509923815727234,0.0,2.5181472301483154,0.80925452709198,0.34244731068611145,-1.1093825101852417,0.238153338432312,-0.37038326263427734,0.021487195044755936,0.2299077808856964,0.07090820372104645,2.46818208694458,-0.6554454565048218,0.7529275417327881,0.7171154022216797,-2.0077168941497803,-1.664963722229004,-0.09711086750030518,2.9206812381744385,1.5596517324447632,-1.4916584491729736,1.2204527854919434,1.6439900398254395,-1.7613195180892944,-0.6080910563468933]","[1.7448562383651733,0.2646915018558502,-0.14797218143939972,-1.4672690629959106,0.3067041039466858,-0.4598503112792969,1.8888267278671265,0.7982310652732849,-0.6277205944061279,-1.8228344917297363,0.5493233799934387,-0.061514757573604584,0.3925299346446991,0.00911503192037344,-0.9352695941925049,2.5623111724853516,-0.28715622425079346,0.09012717753648758,0.002779448637738824,-1.6729700565338135,-0.11765437573194504,0.1267334222793579,2.581425666809082,2.0848000049591064,-1.7066524028778076,0.868423581123352,1.2239590883255005,-0.5718798637390137,-0.3450111150741577]","[-1.012067437171936,0.7854556441307068,-0.05082857608795166,3.008751630783081,0.5495566129684448,-0.12485234439373016,-2.448997735977173,-0.5099968314170837,-0.4270777702331543,2.834808826446533,-0.5286045670509338,0.40746188163757324,-0.04960930347442627,0.049975257366895676,-2.063742160797119,-2.5607752799987793,0.2795184850692749,-0.3406795263290405,-0.5244390368461609,2.2373881340026855,0.47701403498649597,8.033233642578125,-2.955319881439209,-1.030819058418274,1.3082199096679688,0.08026594668626785,-1.5704729557037354,-0.7825514078140259,-5.653093338012695]",0.14136327803134918,0.107119120657444,0.03942498192191124,0.15911756455898285,0.09052132815122604,4.526066407561302,0,0,0,0.3998223543167114,0.46909862756729126,0.9754273891448975,0.8382358551025391,0.9650750160217285,0.9340150356292725,-0.05560778081417084,-0.0,-0.0,0.0,0.0,0.0,0.0
254,5.08,254,"[-1.6449165344238281,0.47337108850479126,0.044548626989126205,1.4101694822311401,-0.5155025720596313,-0.26179999113082886,-1.5078831911087036,-0.3047608733177185,-0.15974406898021698,1.457834243774414,-0.6993934512138367,0.23242425918579102,0.03134286776185036,-0.08616150170564651,-0.027067292481660843,-0.788442850112915,0.2737221121788025,-0.10461012274026871,0.8250943422317505,1.0327401161193848,-0.021598178893327713,0.7792260646820068,-1.0601807832717896,-0.4606250822544098,0.8461283445358276,1.0503416061401367,-0.6465697884559631,-0.03592006117105484,-0.8271625638008118]","[-1.6867740154266357,0.38030701875686646,0.12629525363445282,1.451653003692627,-0.38306981325149536,-0.0028660886455327272,-1.5829637050628662,-0.32873210310935974,-0.06674375385046005,1.5282684564590454,-0.5602579712867737,0.11625433713197708,-0.04977035149931908,-0.10110832750797272,0.007390580140054226,-0.8069233298301697,0.3496670126914978,-0.13696084916591644,0.7300471663475037,1.0944586992263794,0.058156825602054596,0.5750125050544739,-0.9627178311347961,-0.49974697828292847,0.70311039686203,0.8573665022850037,-0.7354496121406555,-0.011779887601733208,-0.38281360268592834]","[2.750638246536255,-0.7949106693267822,-0.27915406227111816,-1.306009292602539,0.36039799451828003,0.0,2.546766519546509,0.7960371971130371,0.3519144058227539,-1.147913932800293,0.26202499866485596,-0.3741823136806488,0.012629246339201927,0.23057591915130615,0.07061553001403809,2.3625433444976807,-0.472337007522583,0.3421783447265625,0.7899656891822815,-2.3813531398773193,-1.5931479930877686,-0.17850100994110107,2.8421075344085693,1.6054638624191284,-1.9225523471832275,1.4768481254577637,1.171217918395996,-2.116702079772949,-0.4076555371284485]","[2.0467870235443115,0.1820450872182846,-0.07753363251686096,-1.4599429368972778,0.2556129992008209,-0.5052374005317688,2.1063387393951416,0.7834527492523193,-0.4568693935871124,-1.7871644496917725,0.4957142472267151,-0.06695501506328583,0.3290069103240967,0.010371907614171505,-0.6681749820709229,2.6111044883728027,-0.34492188692092896,0.010511476546525955,0.0017713397974148393,-1.956881046295166,-0.11602570861577988,0.0733754113316536,2.565653085708618,1.9227412939071655,-1.5989036560058594,0.9131924510002136,1.2321165800094604,-0.5589789152145386,-0.23682838678359985]","[-1.0177013874053955,0.7567968368530273,-0.02219599485397339,2.91910719871521,0.4908149242401123,-0.1645674854516983,-2.3387885093688965,-0.4515919089317322,-0.4009163975715637,2.760941982269287,-0.49974972009658813,0.4004362225532532,-0.026074081659317017,0.051757555454969406,-1.992767333984375,-2.491485595703125,0.2896276116371155,-0.3406805098056793,-0.5288564562797546,2.0926504135131836,0.4479266107082367,8.012809753417969,-2.8894593715667725,-0.9670138955116272,1.2309315204620361,0.11769203096628189,-1.509720802307129,-0.9420584440231323,-5.667538642883301]",0.13795265555381775,0.10225100070238113,0.037392180413007736,0.1539556086063385,0.0911538228392601,4.557691141963005,0,0,0,0.40408679842948914,0.4716387391090393,0.9776727557182312,0.8459511399269104,0.9697223901748657,0.9462048411369324,-0.057585589587688446,-0.0,-0.0,0.0,0.0,0.0,0.0
255,5.1000000000000005,255,"[-1.5896168947219849,0.4575163722038269,0.0389336422085762,1.3836230039596558,-0.5081866979598999,-0.26179999113082886,-1.4566569328308105,-0.2889738976955414,-0.15261174738407135,1.434476613998413,-0.6939039826393127,0.2249007374048233,0.03150390088558197,-0.0815461128950119,-0.025663604959845543,-0.7421623468399048,0.2660745680332184,-0.10186255723237991,0.8415157198905945,0.9813799262046814,-0.05272958427667618,0.7748245000839233,-1.0042576789855957,-0.4281224310398102,0.8035492300987244,1.0824369192123413,-0.6276680827140808,-0.08157368004322052,-0.8332669734954834]","[-1.6418505907058716,0.3829324543476105,0.12519261240959167,1.4225165843963623,-0.3786064386367798,-0.01366401370614767,-1.5375713109970093,-0.31323379278182983,-0.07425271719694138,1.4929059743881226,-0.5508965253829956,0.1147904098033905,-0.04364732280373573,-0.10088248550891876,-0.0017098570242524147,-0.7551347017288208,0.3423238694667816,-0.13770687580108643,0.7300669550895691,1.048879861831665,0.05559002235531807,0.5761120915412903,-0.9119114875793457,-0.4633549749851227,0.6704561114311218,0.8763922452926636,-0.708568811416626,-0.02370596118271351,-0.3860037326812744]","[2.7795732021331787,-0.7903516292572021,-0.2827906906604767,-1.3503819704055786,0.37265121936798096,0.0,2.5763423442840576,0.7824882864952087,0.36127567291259766,-1.189357042312622,0.2880185842514038,-0.37833675742149353,0.00409027561545372,0.23118555545806885,0.0709555596113205,2.282115936279297,-0.3704585134983063,0.1426534801721573,0.8402183651924133,-2.551819324493408,-1.5860543251037598,-0.30895620584487915,2.725526809692383,1.586512565612793,-2.1326215267181396,1.6689956188201904,0.923079252243042,-2.3700292110443115,-0.2184659242630005]","[2.2805776596069336,0.09164739400148392,-0.040563832968473434,-1.4467414617538452,0.20922739803791046,-0.534643828868866,2.275987386703491,0.7542141079902649,-0.32236307859420776,-1.7401363849639893,0.45105379819869995,-0.07157622277736664,0.27847614884376526,0.010009457357227802,-0.449214369058609,2.599367141723633,-0.3897344172000885,-0.05374588444828987,-0.0013460114132612944,-2.2113122940063477,-0.11321032792329788,0.049185190349817276,2.526709794998169,1.7184385061264038,-1.4950913190841675,0.9487431645393372,1.270473837852478,-0.5367569923400879,-0.12492311000823975]","[-1.021744966506958,0.7270449995994568,0.005530118942260742,2.8238437175750732,0.430678129196167,-0.20201902091503143,-2.235701084136963,-0.3976402282714844,-0.3868943452835083,2.686373233795166,-0.48093920946121216,0.390617698431015,-0.006211370229721069,0.05469418689608574,-1.9125479459762573,-2.4132914543151855,0.2983511686325073,-0.3390568494796753,-0.532868504524231,1.9420058727264404,0.4177287220954895,7.967831134796143,-2.8151159286499023,-0.9018685817718506,1.161980152130127,0.15196853876113892,-1.4428677558898926,-1.095095157623291,-5.6515583992004395]",0.1344914585351944,0.09688928723335266,0.03543740138411522,0.14879509806632996,0.09155070781707764,4.577535390853882,0,0,0,0.4083695709705353,0.4743663966655731,0.9797200560569763,0.852730393409729,0.9717641472816467,0.9496005177497864,-0.059015389531850815,-0.0,-0.0,0.0,0.0,0.0,0.0
256,5.12,256,"[-1.533733606338501,0.4417570233345032,0.033236999064683914,1.356154203414917,-0.5005965232849121,-0.26179999113082886,-1.404829502105713,-0.27346134185791016,-0.14529304206371307,1.4102599620819092,-0.6878727078437805,0.21729078888893127,0.031506478786468506,-0.07691407948732376,-0.02422907017171383,-0.6971582174301147,0.25890377163887024,-0.09890398383140564,0.858703076839447,0.9306673407554626,-0.08504034578800201,0.7668678164482117,-0.9511597156524658,-0.39716458320617676,0.7608234882354736,1.1171014308929443,-0.6096466183662415,-0.13072122633457184,-0.8359012007713318]","[-1.5936435461044312,0.38369664549827576,0.12435173243284225,1.3935925960540771,-0.3752111494541168,-0.023995742201805115,-1.4900051355361938,-0.29835984110832214,-0.07958713918924332,1.4584252834320068,-0.5423566699028015,0.11305892467498779,-0.03844954073429108,-0.10067416727542877,-0.008050604723393917,-0.7038180232048035,0.3342204988002777,-0.13925552368164062,0.7300724983215332,0.9996435046195984,0.05304918810725212,0.5768420696258545,-0.8618718981742859,-0.43086472153663635,0.6393276453018188,0.8963558673858643,-0.6807585954666138,-0.03500497341156006,-0.38798055052757263]","[2.8091342449188232,-0.7853351831436157,-0.28734147548675537,-1.3984084129333496,0.3879368305206299,0.0,2.60695219039917,0.7685877680778503,0.370575487613678,-1.2339353561401367,0.3162756562232971,-0.3828078508377075,-0.004635471850633621,0.23139920830726624,0.07092226296663284,2.224208354949951,-0.34807324409484863,0.15546008944511414,0.8695662021636963,-2.521143913269043,-1.6317286491394043,-0.49330592155456543,2.5727882385253906,1.5217856168746948,-2.155993938446045,1.840662956237793,0.8689969778060913,-2.5539867877960205,-0.04859417676925659]","[2.4084274768829346,0.010024182498455048,-0.03966596722602844,-1.4327099323272705,0.1497528851032257,-0.49177873134613037,2.3545875549316406,0.7298094630241394,-0.2270781695842743,-1.6982684135437012,0.4133771061897278,-0.08270322531461716,0.24051393568515778,0.009005562402307987,-0.34900036454200745,2.5680503845214844,-0.4187968075275421,-0.08365362882614136,-0.0008977490360848606,-2.3703699111938477,-0.11219984292984009,0.03288397938013077,2.4853551387786865,1.5308423042297363,-1.4388601779937744,0.9998071193695068,1.3153574466705322,-0.502285897731781,-0.08311306685209274]","[-1.0347981452941895,0.6956726908683777,0.03292667865753174,2.733707904815674,0.37785589694976807,-0.23451758921146393,-2.1417653560638428,-0.35287538170814514,-0.3825622797012329,2.609806537628174,-0.471255898475647,0.37813758850097656,0.007564708590507507,0.057612042874097824,-1.8258885145187378,-2.329936981201172,0.3010339140892029,-0.33643782138824463,-0.5283401608467102,1.8013454675674438,0.382438987493515,7.9115681648254395,-2.7283735275268555,-0.8282678723335266,1.0961310863494873,0.19041377305984497,-1.3730530738830566,-1.236484169960022,-5.623902320861816]",0.13094931840896606,0.09168209135532379,0.03365376591682434,0.14430424571037292,0.09189381450414658,4.594690725207329,0,0,0,0.4126688838005066,0.4769318401813507,0.9815325736999512,0.8577984571456909,0.9722169637680054,0.9505952596664429,-0.05705335736274719,-0.0,-0.0,0.0,0.0,0.0,0.0
257,5.14,257,"[-1.4772515296936035,0.42610296607017517,0.027439983561635017,1.3276866674423218,-0.4926692247390747,-0.26179999113082886,-1.3523788452148438,-0.25823038816452026,-0.13778872787952423,1.3851191997528076,-0.6812529563903809,0.209588423371315,0.031318482011556625,-0.07229014486074448,-0.02282671444118023,-0.653194010257721,0.25215163826942444,-0.09564415365457535,0.8762983679771423,0.8805341720581055,-0.11799872666597366,0.7550922632217407,-0.9013461470603943,-0.3672510087490082,0.7173094749450684,1.156063437461853,-0.5929082036018372,-0.18373315036296844,-0.8352107405662537]","[-1.5440031290054321,0.38339927792549133,0.12358996272087097,1.3652616739273071,-0.3724900186061859,-0.03378084674477577,-1.4412713050842285,-0.2841598689556122,-0.08365432173013687,1.4248415231704712,-0.5344963669776917,0.11061905324459076,-0.03427334874868393,-0.10019313544034958,-0.013060851022601128,-0.653386652469635,0.32573696970939636,-0.140989288687706,0.7301381230354309,0.9482592344284058,0.05048886314034462,0.5772605538368225,-0.8127713203430176,-0.40187108516693115,0.6089314818382263,0.9171908497810364,-0.6518189311027527,-0.04538455605506897,-0.3894108831882477]","[2.8394877910614014,-0.7797591686248779,-0.2928369343280792,-1.450398564338684,0.4064619541168213,0.0,2.6386590003967285,0.7542915940284729,0.3798481225967407,-1.2818783521652222,0.3469407558441162,-0.3875464200973511,-0.013419752940535545,0.23137350380420685,0.07080230861902237,2.181161880493164,-0.3287803530693054,0.17188620567321777,0.8690237998962402,-2.496093511581421,-1.646052360534668,-0.6935715675354004,2.434298515319824,1.4409922361373901,-2.1872832775115967,1.9722700119018555,0.8275270462036133,-2.6910271644592285,0.14569610357284546]","[2.4481329917907715,-0.029329814016819,-0.033348675817251205,-1.3935445547103882,0.1376078724861145,-0.49289143085479736,2.404186487197876,0.6758672595024109,-0.18739308416843414,-1.6471238136291504,0.37707796692848206,-0.09994693100452423,0.17790468037128448,0.03582394868135452,-0.2967913746833801,2.5150890350341797,-0.43227359652519226,-0.08547670394182205,0.0032469145953655243,-2.462127923965454,-0.11282017081975937,0.017519624903798103,2.435370922088623,1.3620470762252808,-1.4169541597366333,1.0393706560134888,1.3702384233474731,-0.45482438802719116,-0.06125970557332039]","[-1.0451525449752808,0.6638383269309998,0.05972558259963989,2.6456005573272705,0.33046025037765503,-0.26652273535728455,-2.049480676651001,-0.31200724840164185,-0.3795627951622009,2.533564329147339,-0.4703380763530731,0.3652282655239105,0.019089847803115845,0.06750504672527313,-1.7368842363357544,-2.235792875289917,0.29681503772735596,-0.3341022729873657,-0.5173735022544861,1.6680819988250732,0.3422310948371887,7.8433146476745605,-2.631208658218384,-0.7470484375953674,1.0357335805892944,0.22902479767799377,-1.2997628450393677,-1.3694263696670532,-5.578279495239258]",0.12730516493320465,0.08695002645254135,0.03208603709936142,0.14074774086475372,0.09202608466148376,4.601304233074188,0,0,0,0.4170123040676117,0.47913482785224915,0.9831284880638123,0.861057460308075,0.9713159203529358,0.9479274749755859,-0.0582723543047905,-0.0,-0.0,0.0,0.0,0.0,0.0
258,5.16,258,"[-1.420154094696045,0.41056665778160095,0.021523522213101387,1.2981382608413696,-0.48433804512023926,-0.26179999113082886,-1.2992831468582153,-0.24328967928886414,-0.1300991177558899,1.3589848279953003,-0.6739950776100159,0.20178893208503723,0.030969688668847084,-0.06765913963317871,-0.021396977826952934,-0.6099117398262024,0.24575255811214447,-0.09202853590250015,0.8934640288352966,0.8308236002922058,-0.15088243782520294,0.7391249537467957,-0.8537877798080444,-0.33952489495277405,0.673332154750824,1.1959922313690186,-0.5765455365180969,-0.23836231231689453,-0.830073356628418]","[-1.4937679767608643,0.38202598690986633,0.12270137667655945,1.3374974727630615,-0.3700314164161682,-0.042470142245292664,-1.391770601272583,-0.2711852490901947,-0.08720093220472336,1.3922784328460693,-0.5274513363838196,0.10881796479225159,-0.03136856108903885,-0.09890206158161163,-0.01724647730588913,-0.604112982749939,0.3171119689941406,-0.14255830645561218,0.730299711227417,0.8956225514411926,0.047898709774017334,0.5773696899414062,-0.7648449540138245,-0.37613919377326965,0.5789722800254822,0.9382670521736145,-0.6214362382888794,-0.05461619794368744,-0.39045336842536926]","[2.8708577156066895,-0.7735215425491333,-0.29930558800697327,-1.506754755973816,0.4284612834453583,0.0,2.6715636253356934,0.739559531211853,0.38913172483444214,-1.333475112915039,0.3801867365837097,-0.3925066590309143,-0.021728500723838806,0.2314455807209015,0.07163923978805542,2.1550209522247314,-0.3127172589302063,0.19158516824245453,0.8309707045555115,-2.478814125061035,-1.623799443244934,-0.9097754955291748,2.3305609226226807,1.328424334526062,-2.2194936275482178,2.0029544830322266,0.8120760321617126,-2.749058961868286,0.3792077302932739]","[2.4673948287963867,-0.08196354657411575,-0.043869391083717346,-1.3661696910858154,0.12420684099197388,-0.43156158924102783,2.437871217727661,0.6317415237426758,-0.16002951562404633,-1.600827932357788,0.3397548198699951,-0.08498742431402206,0.113653764128685,0.0791969895362854,-0.26157626509666443,2.4522223472595215,-0.4318704605102539,-0.07586774975061417,0.00862971693277359,-2.5156657695770264,-0.11415623128414154,0.0019306644098833203,2.374314785003662,1.2074072360992432,-1.4031516313552856,1.0416306257247925,1.440492868423462,-0.39877158403396606,-0.04272216558456421]","[-1.0401660203933716,0.6319034695625305,0.08489400148391724,2.5579497814178467,0.28351420164108276,-0.2971271872520447,-1.962082028388977,-0.27083882689476013,-0.3768802285194397,2.4533355236053467,-0.4773019850254059,0.3522573709487915,0.030764013528823853,0.08444894850254059,-1.648636817932129,-2.13187837600708,0.28897571563720703,-0.33249953389167786,-0.5030267834663391,1.5389124155044556,0.29888254404067993,7.766659259796143,-2.525326728820801,-0.6623259782791138,0.9812633991241455,0.2624223828315735,-1.2215728759765625,-1.4923888444900513,-5.514106273651123]",0.12356816232204437,0.08269361406564713,0.030728235840797424,0.13804946839809418,0.09207974374294281,4.6039871871471405,0,0,0,0.421384334564209,0.4809626340866089,0.9845243692398071,0.862690806388855,0.9695249795913696,0.9449185132980347,-0.060018617659807205,-0.0,-0.0,0.0,0.0,0.0,0.0
259,5.18,259,"[-1.362417221069336,0.39516210556030273,0.015467760153114796,1.2674164772033691,-0.4755307734012604,-0.26179999113082886,-1.245516300201416,-0.22864800691604614,-0.12222345918416977,1.331780195236206,-0.6660454869270325,0.19388815760612488,0.030449341982603073,-0.06303232163190842,-0.019961144775152206,-0.5669931769371033,0.2396429479122162,-0.08798074722290039,0.9095371961593628,0.7813816070556641,-0.1829507052898407,0.7187012434005737,-0.8081237077713013,-0.3141140341758728,0.6285297274589539,1.236181616783142,-0.5604251623153687,-0.29369550943374634,-0.8200424313545227]","[-1.4433108568191528,0.3799508213996887,0.12172015756368637,1.3104397058486938,-0.36762872338294983,-0.051001667976379395,-1.3415955305099487,-0.25905048847198486,-0.0902530699968338,1.3606232404708862,-0.5212891101837158,0.10696511715650558,-0.029630854725837708,-0.09677360951900482,-0.020714130252599716,-0.5561827421188354,0.30854564905166626,-0.14378033578395844,0.730556070804596,0.8422261476516724,0.04526471719145775,0.5771498680114746,-0.7179517149925232,-0.3533511757850647,0.5492897033691406,0.9585810303688049,-0.5894233584403992,-0.06268314272165298,-0.3911033272743225]","[2.9035210609436035,-0.7665001153945923,-0.30676817893981934,-1.5679657459259033,0.45420825481414795,0.0,2.705803632736206,0.7243480682373047,0.39846059679985046,-1.389053463935852,0.4162028431892395,-0.39764270186424255,-0.030718371272087097,0.23068711161613464,0.07117195427417755,2.1456823348999023,-0.29959455132484436,0.21466650068759918,0.7567539811134338,-2.4698197841644287,-1.5615512132644653,-1.1385828256607056,2.241022825241089,1.2147151231765747,-2.2794485092163086,2.010953426361084,0.7936611771583557,-2.7675979137420654,0.6321817636489868]","[2.4866554737091064,-0.12076853960752487,-0.048997025936841965,-1.3349642753601074,0.1223771795630455,-0.39669519662857056,2.4721262454986572,0.5867025256156921,-0.1369144171476364,-1.555230736732483,0.2907540798187256,-0.08618362993001938,0.0627073347568512,0.11768066138029099,-0.21961542963981628,2.381657838821411,-0.4263848066329956,-0.05590994656085968,0.01303547527641058,-2.548676013946533,-0.11562886834144592,-0.014700095169246197,2.324009418487549,1.067047357559204,-1.3927174806594849,0.9910966753959656,1.5177993774414062,-0.34648311138153076,-0.02217964269220829]","[-1.0163770914077759,0.6022672057151794,0.10763975977897644,2.4678757190704346,0.23592153191566467,-0.32891204953193665,-1.8783921003341675,-0.22763770818710327,-0.3736107051372528,2.375884771347046,-0.49090299010276794,0.3372111916542053,0.04302361607551575,0.10517449676990509,-1.5631132125854492,-2.0175399780273438,0.2763620913028717,-0.330570787191391,-0.4881996810436249,1.4114958047866821,0.2550467848777771,7.676907539367676,-2.4101333618164062,-0.5784987211227417,0.9303579330444336,0.28783589601516724,-1.1391465663909912,-1.6077300310134888,-5.425559997558594]",0.11975052952766418,0.07887886464595795,0.029593881219625473,0.1363239735364914,0.09203226864337921,4.601613432168961,0,0,0,0.425761342048645,0.4824761152267456,0.9857197999954224,0.8625929951667786,0.967292845249176,0.9416077136993408,-0.06383758038282394,-0.0,-0.0,0.0,0.0,0.0,0.0
260,5.2,260,"[-1.3040132522583008,0.37990665435791016,0.00925279501825571,1.2354196310043335,-0.46616971492767334,-0.26179999113082886,-1.1910510063171387,-0.2143157571554184,-0.1141606941819191,1.3034226894378662,-0.6573469638824463,0.18588322401046753,0.0297409538179636,-0.058431655168533325,-0.018550099804997444,-0.5240844488143921,0.2337687760591507,-0.08344187587499619,0.923734188079834,0.7320308089256287,-0.2133444845676422,0.6935816407203674,-0.7641468644142151,-0.29093629121780396,0.5821542143821716,1.276430368423462,-0.5447990894317627,-0.34906622767448425,-0.8047860860824585]","[-1.3922324180603027,0.3773792088031769,0.12066786736249924,1.284024715423584,-0.36561116576194763,-0.05941453203558922,-1.29084312915802,-0.2473861575126648,-0.09257760643959045,1.329862356185913,-0.5160009264945984,0.10480276495218277,-0.028523016721010208,-0.09423582255840302,-0.023346463218331337,-0.5096298456192017,0.3001354932785034,-0.14445120096206665,0.7308832406997681,0.7883146405220032,0.04259341210126877,0.576571524143219,-0.6716175675392151,-0.33309057354927063,0.5197836756706238,0.9769628047943115,-0.5556544065475464,-0.06973941624164581,-0.3912900686264038]","[2.937880277633667,-0.7585667371749878,-0.3152424395084381,-1.6346514225006104,0.4840351641178131,0.0,2.7416141033172607,0.7086213827133179,0.4078766405582428,-1.4490574598312378,0.45522600412368774,-0.4029166102409363,-0.04059998318552971,0.22855821251869202,0.06902753561735153,2.1550350189208984,-0.2888783812522888,0.24006403982639313,0.6401345133781433,-2.470153570175171,-1.4532588720321655,-1.3782352209091187,2.1528050899505615,1.11344313621521,-2.405930995941162,2.034968137741089,0.7323980331420898,-2.7665183544158936,0.8965790271759033]","[2.5279500484466553,-0.13707184791564941,-0.051269497722387314,-1.3013578653335571,0.09289401769638062,-0.41834330558776855,2.5051259994506836,0.5712077021598816,-0.09453611075878143,-1.510362982749939,0.24922505021095276,-0.09987559914588928,0.0405428446829319,0.13119107484817505,-0.16799862682819366,2.311166763305664,-0.4159848690032959,-0.026060478761792183,0.016502346843481064,-2.571789264678955,-0.11683821678161621,-0.033063773065805435,2.302811622619629,0.9507282972335815,-1.3862438201904297,0.8819286823272705,1.6007182598114014,-0.30362680554389954,0.0024962713941931725]","[-0.9747807383537292,0.5733838677406311,0.1281345784664154,2.374591827392578,0.18931245803833008,-0.35994160175323486,-1.7955365180969238,-0.17795422673225403,-0.37005963921546936,2.3025500774383545,-0.5073520541191101,0.3210902810096741,0.055390894412994385,0.12743838131427765,-1.4826481342315674,-1.8935710191726685,0.25957536697387695,-0.3274877071380615,-0.47453007102012634,1.2844607830047607,0.2125018686056137,7.571417331695557,-2.2853333950042725,-0.49835631251335144,0.8804172873497009,0.3022346496582031,-1.0521587133407593,-1.7157891988754272,-5.308651924133301]",0.1158609539270401,0.07553992420434952,0.028691822662949562,0.1355825513601303,0.09188710153102875,4.594355076551437,0,0,0,0.4301207661628723,0.48370203375816345,0.9867194294929504,0.8607960343360901,0.9648223519325256,0.938060998916626,-0.06986624002456665,-0.0,-0.0,0.0,0.0,0.0,0.0
261,5.22,261,"[-1.2449020147323608,0.3648194372653961,0.00285806180909276,1.2020304203033447,-0.45616936683654785,-0.26179999113082886,-1.1358517408370972,-0.20030315220355988,-0.10590839385986328,1.2738178968429565,-0.647836446762085,0.17777149379253387,0.028825342655181885,-0.05388999357819557,-0.01720004342496395,-0.48079177737236023,0.22808781266212463,-0.07837818562984467,0.9351425766944885,0.6825754642486572,-0.24108105897903442,0.663571834564209,-0.7220115065574646,-0.2695763111114502,0.5322924852371216,1.3175803422927856,-0.5311292409896851,-0.4043562412261963,-0.7841792702674866]","[-1.3402647972106934,0.37459519505500793,0.11970874667167664,1.2580384016036987,-0.36414116621017456,-0.06781880557537079,-1.239493727684021,-0.2356843203306198,-0.09400271624326706,1.2998560667037964,-0.5113731026649475,0.10190821439027786,-0.027596700936555862,-0.09150877594947815,-0.025208862498402596,-0.46425947546958923,0.2919035851955414,-0.14461849629878998,0.7312397956848145,0.7339537739753723,0.039907123893499374,0.5754860639572144,-0.624919593334198,-0.31497859954833984,0.4905702471733093,0.9919438362121582,-0.5200691223144531,-0.07595077157020569,-0.39092108607292175]","[2.974334478378296,-0.7495530247688293,-0.3247259259223938,-1.707547903060913,0.5183361768722534,0.0,2.7792067527770996,0.6923165321350098,0.4174100458621979,-1.5139758586883545,0.49751847982406616,-0.40827953815460205,-0.050792284309864044,0.22533853352069855,0.06619515269994736,2.1842153072357178,-0.2801668047904968,0.2663303315639496,0.47473758459091187,-2.480257987976074,-1.29355788230896,-1.6252845525741577,2.1142215728759766,1.0022841691970825,-2.6388802528381348,1.9471287727355957,0.6029218435287476,-2.6794636249542236,1.2089953422546387]","[2.5864222049713135,-0.1505468338727951,-0.04462616890668869,-1.2874876260757446,0.07296229898929596,-0.38009607791900635,2.5447804927825928,0.5700377821922302,-0.05401621013879776,-1.4739888906478882,0.21624377369880676,-0.11614064127206802,0.039313510060310364,0.1403505951166153,-0.11679963767528534,2.2548134326934814,-0.4036548137664795,-0.009263617917895317,0.01695850118994713,-2.5936009883880615,-0.11760464310646057,-0.057978738099336624,2.3295466899871826,0.8517671823501587,-1.3690990209579468,0.6986960768699646,1.685327410697937,-0.2706854045391083,0.03226200118660927]","[-0.9204984903335571,0.5433892011642456,0.1511964499950409,2.272568702697754,0.1515188217163086,-0.38626018166542053,-1.706697940826416,-0.12018968164920807,-0.36748090386390686,2.228384494781494,-0.5225052237510681,0.306487500667572,0.06851726770401001,0.14993171393871307,-1.4095332622528076,-1.761080265045166,0.23957201838493347,-0.32301661372184753,-0.4677981436252594,1.156859278678894,0.17020031809806824,7.451755046844482,-2.148582696914673,-0.4259266257286072,0.831403374671936,0.29905837774276733,-0.9608927369117737,-1.8163602352142334,-5.162724494934082]",0.11187681555747986,0.07280170917510986,0.02802230417728424,0.13591280579566956,0.09163804352283478,4.581902176141739,0,0,0,0.4344698488712311,0.4846096932888031,0.987534761428833,0.8572463989257812,0.9621772766113281,0.9341734647750854,-0.07830946147441864,-0.0,-0.0,0.0,0.0,0.0,0.0
262,5.24,262,"[-1.1850398778915405,0.3499245345592499,-0.00373624125495553,1.167117714881897,-0.4454362690448761,-0.26179999113082886,-1.0798827409744263,-0.18662309646606445,-0.09746429324150085,1.242863655090332,-0.6374462246894836,0.1695520430803299,0.02770926244556904,-0.04941811412572861,-0.015902293846011162,-0.43671584129333496,0.22256210446357727,-0.07278866320848465,0.9427236914634705,0.6328204870223999,-0.2650867998600006,0.6285702586174011,-0.6795780062675476,-0.25084492564201355,0.4765990078449249,1.3543155193328857,-0.5206822156906128,-0.4562447667121887,-0.7564262747764587]","[-1.287317156791687,0.3717895448207855,0.11900206655263901,1.231833815574646,-0.3628644049167633,-0.07460308820009232,-1.187429666519165,-0.2236323058605194,-0.09474778175354004,1.2700142860412598,-0.5072005987167358,0.09934504330158234,-0.02617204189300537,-0.08856698870658875,-0.02657867781817913,-0.4199085235595703,0.28389886021614075,-0.14512307941913605,0.7315125465393066,0.6798574328422546,0.037358950823545456,0.5725343823432922,-0.5762798190116882,-0.2992594540119171,0.46279966831207275,1.000911831855774,-0.48284488916397095,-0.08138027042150497,-0.38992857933044434]","[3.0132651329040527,-0.7392339706420898,-0.33518943190574646,-1.787516474723816,0.5575768947601318,0.0,2.818772315979004,0.6753377914428711,0.4270760416984558,-1.5843480825424194,0.5433768033981323,-0.4136703908443451,-0.05976613610982895,0.22288542985916138,0.06529723852872849,2.2314794063568115,-0.2734057605266571,0.2919889986515045,0.25934725999832153,-2.4993553161621094,-1.081305742263794,-1.8730387687683105,2.423679828643799,0.7058151364326477,-2.4526968002319336,0.9437650442123413,1.0013527870178223,-2.067476511001587,1.744815707206726]","[2.6348507404327393,-0.1460031121969223,-0.03184596821665764,-1.3111244440078735,0.06521094590425491,-0.3122732937335968,2.5904486179351807,0.6002129912376404,-0.023377403616905212,-1.484022617340088,0.19962985813617706,-0.11648111045360565,0.06728558242321014,0.15478409826755524,-0.09612530469894409,2.2077248096466064,-0.39359018206596375,-0.02890828624367714,0.0107552669942379,-2.5731399059295654,-0.11344006657600403,-0.16228650510311127,2.4501447677612305,0.7344411015510559,-1.281479001045227,0.375139981508255,1.757691502571106,-0.24596908688545227,0.06345311552286148]","[-0.8554274439811707,0.5153825879096985,0.18634840846061707,2.157487630844116,0.12082210928201675,-0.40251636505126953,-1.6223764419555664,-0.06376704573631287,-0.3760156035423279,2.137016773223877,-0.5405963659286499,0.2976752817630768,0.08816328644752502,0.1683989018201828,-1.3488197326660156,-1.63053297996521,0.22218447923660278,-0.33291706442832947,-0.4795963168144226,1.0378772020339966,0.13027244806289673,7.335671901702881,-2.001291513442993,-0.36837688088417053,0.7926568984985352,0.25730574131011963,-0.8680633902549744,-1.9167569875717163,-5.014105319976807]",0.10773932188749313,0.07084345072507858,0.027502644807100296,0.1370757669210434,0.09169691801071167,4.5848459005355835,0,0,0,0.4388431906700134,0.48516982793807983,0.9882060885429382,0.8523519039154053,0.958160936832428,0.9421542286872864,-0.0800405889749527,-0.0,-0.0,0.0,0.0,0.0,0.0
263,5.26,263,"[-1.1243714094161987,0.3352500796318054,-0.01054951548576355,1.130529761314392,-0.4338662922382355,-0.26179999113082886,-1.0231008529663086,-0.17328964173793793,-0.08882535248994827,1.2104439735412598,-0.6261013746261597,0.16122467815876007,0.026434697210788727,-0.04497457668185234,-0.014588153921067715,-0.3915325999259949,0.21715158224105835,-0.06669862568378448,0.9455164670944214,0.5826012492179871,-0.2843332886695862,0.5886502861976624,-0.6250643134117126,-0.24134370684623718,0.43418461084365845,1.3553309440612793,-0.4910751283168793,-0.48705530166625977,-0.7143866419792175]","[-1.233688473701477,0.36911940574645996,0.11887744069099426,1.2047206163406372,-0.36117789149284363,-0.08034347742795944,-1.1345316171646118,-0.21161165833473206,-0.0953475758433342,1.239359736442566,-0.5032467246055603,0.0967165008187294,-0.023821454495191574,-0.08539734780788422,-0.028113089501857758,-0.37646353244781494,0.27681612968444824,-0.1489868015050888,0.7314717769622803,0.6274492740631104,0.035225868225097656,0.5680109262466431,-0.5248467326164246,-0.2861476242542267,0.4386371672153473,1.0040725469589233,-0.4448440670967102,-0.08676816523075104,-0.3875608444213867]","[3.055393695831299,-0.7274046540260315,-0.34660661220550537,-1.8757790327072144,0.6023802161216736,0.0,2.8607606887817383,0.6576292514801025,0.43691882491111755,-1.6609787940979004,0.5932077765464783,-0.4190593957901001,-0.06741811335086823,0.22184886038303375,0.06644998490810394,2.292452096939087,-0.26778653264045715,0.31568872928619385,0.0023245811462402344,-2.524280548095703,-0.8193798661231995,-2.111710548400879,3.128031015396118,0.24223700165748596,-1.6575723886489868,-1.067662239074707,2.1042003631591797,-0.8491978049278259,2.4679675102233887]","[2.658095598220825,-0.13695332407951355,0.002311059972271323,-1.368923544883728,0.09633224457502365,-0.27789372205734253,2.6216018199920654,0.5890845656394958,-0.025107257068157196,-1.5396091938018799,0.19387628138065338,-0.11833255738019943,0.12539464235305786,0.16253677010536194,-0.12886764109134674,2.167806625366211,-0.33959436416625977,-0.23802068829536438,-0.008381410501897335,-2.476733446121216,-0.10312669724225998,-0.23179641366004944,2.6122145652770996,0.6038333773612976,-1.0782923698425293,0.08251775801181793,1.784083366394043,-0.24640026688575745,0.11750653386116028]","[-0.7910020351409912,0.49295246601104736,0.2352239489555359,2.0490903854370117,0.09664421528577805,-0.4035336971282959,-1.542752981185913,-0.02550414577126503,-0.3972328305244446,2.024186134338379,-0.5530539155006409,0.29445719718933105,0.11283570528030396,0.17384456098079681,-1.3015516996383667,-1.511595606803894,0.21633049845695496,-0.3731521666049957,-0.5132477879524231,0.9384987950325012,0.09552279114723206,7.229183197021484,-1.8532812595367432,-0.32870393991470337,0.7702769637107849,0.16191193461418152,-0.7794177532196045,-2.0181233882904053,-4.889242649078369]",0.10335997492074966,0.06996022164821625,0.02684764564037323,0.13720320165157318,0.0918201133608818,4.59100566804409,0,0,0,0.4433123469352722,0.4852862060070038,0.9888774752616882,0.8503342866897583,0.9502847790718079,0.9476920366287231,-0.07478100061416626,-0.0,-0.0,0.0,0.0,0.0,0.0
264,5.28,264,"[-1.0628241300582886,0.3208283483982086,-0.01760050468146801,1.0920865535736084,-0.42134106159210205,-0.26179999113082886,-0.9654523134231567,-0.16031792759895325,-0.0799875408411026,1.176424503326416,-0.6137179136276245,0.1527896672487259,0.025012537837028503,-0.04054415971040726,-0.013244294561445713,-0.34501776099205017,0.21185064315795898,-0.06016111373901367,0.9428166747093201,0.5318492650985718,-0.2978619933128357,0.5441018342971802,-0.5544567704200745,-0.2411554455757141,0.41029611229896545,1.3116090297698975,-0.4365141987800598,-0.49021267890930176,-0.6577075719833374]","[-1.1793627738952637,0.366381973028183,0.11945335566997528,1.1758358478546143,-0.35880929231643677,-0.0851602703332901,-1.080723762512207,-0.20026761293411255,-0.09636333584785461,1.2071988582611084,-0.49910205602645874,0.0941518098115921,-0.020531125366687775,-0.08202596008777618,-0.03023567795753479,-0.3337860107421875,0.2709804177284241,-0.15714095532894135,0.7309619784355164,0.5767252445220947,0.033209122717380524,0.5624904632568359,-0.46991729736328125,-0.27538636326789856,0.41815653443336487,1.0012707710266113,-0.4066709876060486,-0.09231051802635193,-0.3832634687423706]","[3.1012892723083496,-0.713744044303894,-0.3588840961456299,-1.973697543144226,0.6534733176231384,1.4901161193847656e-06,2.905421018600464,0.6390470862388611,0.4469316601753235,-1.744675636291504,0.6474480032920837,-0.4243709146976471,-0.07506199181079865,0.22078147530555725,0.06736305356025696,2.361973524093628,-0.2612583339214325,0.3357701897621155,-0.2842411398887634,-2.54966402053833,-0.5117260217666626,-2.3302109241485596,3.683948516845703,-0.024047493934631348,-1.3352707624435425,-2.6155412197113037,2.6719236373901367,0.1940801739692688,3.010526418685913]","[2.6901423931121826,-0.1494210958480835,0.03880060091614723,-1.4736385345458984,0.13663353025913239,-0.21632547676563263,2.662297248840332,0.5491423010826111,-0.0509800910949707,-1.6242326498031616,0.2113438993692398,-0.1138700321316719,0.16658467054367065,0.16998200118541718,-0.17317068576812744,2.137253999710083,-0.2748797535896301,-0.4424245357513428,-0.03162389248609543,-2.3983500003814697,-0.098875030875206,-0.2733023166656494,2.7798945903778076,0.5052789449691772,-0.9052990078926086,-0.1656874418258667,1.7855682373046875,-0.26973798871040344,0.21074886620044708]","[-0.7443501949310303,0.46772345900535583,0.2840595245361328,1.9391907453536987,0.07348772138357162,-0.394106924533844,-1.4514269828796387,0.001587655395269394,-0.4159535765647888,1.9034638404846191,-0.5553666353225708,0.29282140731811523,0.12903913855552673,0.15854720771312714,-1.248502254486084,-1.3945233821868896,0.2218254804611206,-0.4132101833820343,-0.5626301765441895,0.836733341217041,0.06482143700122833,7.1299967765808105,-1.7089629173278809,-0.30123791098594666,0.7442272901535034,0.04114875942468643,-0.6922904253005981,-2.1156904697418213,-4.765649795532227]",0.09867087006568909,0.07032109051942825,0.025943197309970856,0.1355142444372177,0.0914190337061882,4.57095168530941,0,0,0,0.4479375183582306,0.48489412665367126,0.989601194858551,0.8525645136833191,0.941224217414856,0.931412935256958,-0.07668234407901764,-0.0,-0.0,0.0,0.0,0.0,0.0
265,5.3,265,"[-1.0003198385238647,0.30670031905174255,-0.024904878810048103,1.051581859588623,-0.40772736072540283,-0.2617999315261841,-0.9068840146064758,-0.14772775769233704,-0.07094808667898178,1.1406569480895996,-0.6002034544944763,0.1442498415708542,0.02343221753835678,-0.03614331781864166,-0.011893631890416145,-0.29705366492271423,0.20670124888420105,-0.053267817944288254,0.9341468214988708,0.48061469197273254,-0.3048023283481598,0.49544185400009155,-0.4777063727378845,-0.24230560660362244,0.38077378273010254,1.2507092952728271,-0.3841981887817383,-0.479292094707489,-0.5939655900001526]","[-1.1237696409225464,0.3627717196941376,0.12092364579439163,1.1443363428115845,-0.35526254773139954,-0.08895297348499298,-1.0258758068084717,-0.18941697478294373,-0.0971783921122551,1.1733165979385376,-0.49407756328582764,0.09055924415588379,-0.017130250111222267,-0.0791667252779007,-0.032642900943756104,-0.2914550304412842,0.2663605809211731,-0.16657106578350067,0.729883074760437,0.5263811349868774,0.03079807199537754,0.5565694570541382,-0.4109918177127838,-0.2652992904186249,0.39757177233695984,0.9910386204719543,-0.36846986413002014,-0.0977105125784874,-0.37692326307296753]","[3.151837110519409,-0.6980769634246826,-0.3716554045677185,-2.083131790161133,0.7118262648582458,0.054258108139038086,2.953237295150757,0.6194591522216797,0.4571235775947571,-1.8365442752838135,0.7066711783409119,-0.4295472204685211,-0.08409912884235382,0.21696585416793823,0.06578534841537476,2.437972068786621,-0.25082120299339294,0.3497673273086548,-0.595526397228241,-2.5701940059661865,-0.15931501984596252,-2.518834114074707,3.8207011222839355,-0.010493770241737366,-1.632641315460205,-3.0517311096191406,2.4930059909820557,0.6890863180160522,3.244872570037842]","[2.7657175064086914,-0.20078137516975403,0.08395437896251678,-1.6125465631484985,0.20182953774929047,-0.1959124356508255,2.7196390628814697,0.5100435018539429,-0.03534781187772751,-1.7061724662780762,0.24717393517494202,-0.1590360850095749,0.15678605437278748,0.1313270628452301,-0.17604582011699677,2.129032850265503,-0.2120221108198166,-0.45338818430900574,-0.05745628476142883,-2.393678665161133,-0.11013849079608917,-0.281209260225296,2.977506399154663,0.498663991689682,-0.9593240022659302,-0.5613073110580444,1.7891489267349243,-0.26267385482788086,0.29819390177726746]","[-0.7066448926925659,0.429651141166687,0.3317939043045044,1.820612907409668,0.06087452173233032,-0.37941399216651917,-1.3498668670654297,0.0412348173558712,-0.4230198264122009,1.794921636581421,-0.5408585071563721,0.2828742265701294,0.12968683242797852,0.13112933933734894,-1.175589680671692,-1.2619688510894775,0.23473167419433594,-0.424540251493454,-0.6157620549201965,0.7197623252868652,0.03064170852303505,7.048882961273193,-1.562606930732727,-0.2624390423297882,0.6879198551177979,-0.06880166381597519,-0.6043862104415894,-2.213465929031372,-4.6380510330200195]",0.09367363154888153,0.07211792469024658,0.024969877675175667,0.1337827891111374,0.09127596765756607,4.5637983828783035,0,0,0,0.4527028203010559,0.4839097261428833,0.9902902841567993,0.8547294735908508,0.9371241331100464,0.9268184900283813,-0.08177661150693893,-0.0,-0.0,0.0,0.0,0.0,0.0
266,5.32,266,"[-0.9367506504058838,0.2929052710533142,-0.032466720789670944,1.0087612867355347,-0.3928680121898651,-0.25962966680526733,-0.8473228216171265,-0.13553956151008606,-0.06170259788632393,1.1029627323150635,-0.585451066493988,0.1356077790260315,0.021648572757840157,-0.031865525990724564,-0.010612880811095238,-0.24749888479709625,0.20181779563426971,-0.046170420944690704,0.9189956188201904,0.4290415048599243,-0.3042345941066742,0.4433484673500061,-0.4016287326812744,-0.2415751963853836,0.34499046206474304,1.1895397901535034,-0.3367939591407776,-0.46264922618865967,-0.5279126763343811]","[-1.0664539337158203,0.3583446741104126,0.1233326867222786,1.1101016998291016,-0.3502998650074005,-0.09230253845453262,-0.9699881672859192,-0.17974701523780823,-0.09777413308620453,1.137831687927246,-0.4886545240879059,0.08742816001176834,-0.014432612806558609,-0.07728668302297592,-0.03484834358096123,-0.24701687693595886,0.26353463530540466,-0.17430095374584198,0.7236146926879883,0.47574761509895325,0.02870238944888115,0.5505058765411377,-0.349639892578125,-0.2539166212081909,0.37477409839630127,0.97454434633255,-0.3306129276752472,-0.10326071083545685,-0.3693244159221649]","[3.208597183227539,-0.6799347996711731,-0.3849799335002899,-2.2068798542022705,0.7788576483726501,0.12392997741699219,3.005154609680176,0.5987722277641296,0.467545747756958,-1.9382119178771973,0.7716923952102661,-0.4345778524875641,-0.09298106282949448,0.21284958720207214,0.06479062139987946,2.5148425102233887,-0.23505985736846924,0.355929434299469,-0.9207010269165039,-2.5826759338378906,0.2269640564918518,-2.6679821014404297,3.8476498126983643,0.05421563982963562,-1.8509410619735718,-3.2435476779937744,2.333784818649292,1.0932422876358032,3.363405227661133]","[2.852766990661621,-0.22013182938098907,0.12609227001667023,-1.745177984237671,0.2650720775127411,-0.18638290464878082,2.7789387702941895,0.48062366247177124,-0.022189226001501083,-1.7952048778533936,0.2839583456516266,-0.12130995094776154,0.10997886955738068,0.08909548819065094,-0.15301264822483063,2.261310338973999,-0.10693186521530151,-0.3454699218273163,-0.37288326025009155,-2.408313751220703,-0.10029073804616928,-0.27582862973213196,3.0649428367614746,0.5868112444877625,-1.0834451913833618,-0.8430452942848206,1.771708369255066,-0.2711505591869354,0.34618815779685974]","[-0.6730360388755798,0.38669854402542114,0.374686062335968,1.7143114805221558,0.05464770644903183,-0.35911646485328674,-1.249413013458252,0.08358338475227356,-0.42086905241012573,1.6865410804748535,-0.5028657913208008,0.26233407855033875,0.12506398558616638,0.10378898680210114,-1.0888975858688354,-1.1227315664291382,0.2549310326576233,-0.424609899520874,-0.6685088276863098,0.6023668646812439,-0.006817717105150223,6.977048873901367,-1.4256718158721924,-0.21238578855991364,0.6198201179504395,-0.1623820960521698,-0.5200156569480896,-2.304887056350708,-4.511989593505859]",0.08841714262962341,0.07495374232530594,0.024069851264357567,0.1327495127916336,0.09130313992500305,4.565156996250153,0,0,0,0.45752638578414917,0.4823938012123108,0.9909024238586426,0.8556920886039734,0.9342058300971985,0.9240821003913879,-0.07964573800563812,-0.0,-0.0,0.0,0.0,0.0,0.0
267,5.34,267,"[-0.8719759583473206,0.2795029282569885,-0.04030407592654228,0.9633066654205322,-0.3765730559825897,-0.2568427324295044,-0.7866778373718262,-0.1237768679857254,-0.05224625766277313,1.0631284713745117,-0.5693357586860657,0.12686672806739807,0.01971297524869442,-0.02762933447957039,-0.009302007034420967,-0.19645996391773224,0.19729885458946228,-0.039030641317367554,0.8973187804222107,0.377307653427124,-0.2957237660884857,0.38872256875038147,-0.32380038499832153,-0.240136981010437,0.30673614144325256,1.1209673881530762,-0.2908467948436737,-0.435562402009964,-0.45942938327789307]","[-1.0079020261764526,0.3531588613986969,0.12574264407157898,1.0734728574752808,-0.3440295457839966,-0.09601656347513199,-0.9129736423492432,-0.17001403868198395,-0.0980033203959465,1.100334882736206,-0.4818512499332428,0.08426354825496674,-0.012619943358004093,-0.07588239014148712,-0.03656334429979324,-0.20024774968624115,0.26282474398612976,-0.18015243113040924,0.7113160490989685,0.4250679612159729,0.026726707816123962,0.5448058247566223,-0.28766387701034546,-0.24100346863269806,0.35069403052330017,0.9540129899978638,-0.2937875986099243,-0.10891566425561905,-0.36105024814605713]","[3.2731921672821045,-0.6585769653320312,-0.39888063073158264,-2.3484528064727783,0.8563980460166931,0.14718547463417053,3.061981678009033,0.5767792463302612,0.47818776965141296,-2.0515472888946533,0.8434846997261047,-0.43939894437789917,-0.10113525390625,0.20927293598651886,0.06550341099500656,2.586852788925171,-0.21181777119636536,0.35306552052497864,-1.2464181184768677,-2.584157943725586,0.6349735260009766,-2.769228219985962,3.876399278640747,0.10939985513687134,-1.9624360799789429,-3.482398509979248,2.2463314533233643,1.554866909980774,3.4342126846313477]","[2.914090156555176,-0.2913705110549927,0.09730182588100433,-1.8576914072036743,0.3391026258468628,-0.2343740314245224,2.831552028656006,0.4711546003818512,-0.0038753822445869446,-1.8920270204544067,0.34942132234573364,-0.15122348070144653,0.08266601711511612,0.06135634332895279,-0.11674314737319946,2.3600900173187256,-0.009350964799523354,-0.2536529004573822,-0.6560508608818054,-2.4062023162841797,-0.09638331085443497,-0.25397050380706787,3.0670101642608643,0.6502750515937805,-1.1276805400848389,-1.0152519941329956,1.7169290781021118,-0.2747511565685272,0.37495070695877075]","[-0.639400064945221,0.3470664322376251,0.4036758542060852,1.6175386905670166,0.03703410178422928,-0.34151941537857056,-1.16225004196167,0.11865097284317017,-0.4091525077819824,1.5698108673095703,-0.45887333154678345,0.23392730951309204,0.1274612545967102,0.0813104659318924,-0.9829868674278259,-0.9960070848464966,0.2759285271167755,-0.42764347791671753,-0.7172957062721252,0.4873984456062317,-0.042804885655641556,6.906925201416016,-1.3029338121414185,-0.1694837361574173,0.5597844123840332,-0.24288499355316162,-0.443769246339798,-2.389927387237549,-4.3796796798706055]",0.08298701047897339,0.07870021462440491,0.02335905283689499,0.13222868740558624,0.09129849076271057,4.564924538135529,0,0,0,0.4622972011566162,0.48037633299827576,0.9914029240608215,0.855698823928833,0.9300645589828491,0.9183093905448914,-0.07322454452514648,-0.0,-0.0,0.0,0.0,0.0,0.0
268,5.36,268,"[-0.8058229684829712,0.26656219363212585,-0.0484219454228878,0.9148231744766235,-0.3586120903491974,-0.2537422478199005,-0.7248435616493225,-0.11246839165687561,-0.042575087398290634,1.020900845527649,-0.5517116785049438,0.1180318221449852,0.017603162676095963,-0.02349460870027542,-0.007992744445800781,-0.1440247744321823,0.1933450847864151,-0.03204780071973801,0.8691388964653015,0.32567518949508667,-0.278835654258728,0.3325793445110321,-0.24657276272773743,-0.23719920217990875,0.266493022441864,1.050243854522705,-0.2469407021999359,-0.4004545509815216,-0.39054417610168457]","[-0.9482515454292297,0.3472616374492645,0.12754596769809723,1.0352303981781006,-0.3370743989944458,-0.10213759541511536,-0.8553362488746643,-0.16054674983024597,-0.09802691638469696,1.0610054731369019,-0.47403189539909363,0.08030615001916885,-0.010080908425152302,-0.0748908743262291,-0.03761069104075432,-0.15231968462467194,0.2628771662712097,-0.18344907462596893,0.6949329376220703,0.3749891221523285,0.024665595963597298,0.5396127104759216,-0.22664697468280792,-0.22723548114299774,0.3262346684932709,0.9316890239715576,-0.25793370604515076,-0.11461156606674194,-0.35214993357658386]","[3.3478574752807617,-0.633429765701294,-0.4127746522426605,-2.5126965045928955,0.9469799995422363,0.16264840960502625,3.124800443649292,0.5532287359237671,0.4890293776988983,-2.179011821746826,0.923331081867218,-0.44394490122795105,-0.11005546152591705,0.20296145975589752,0.06523192673921585,2.6524195671081543,-0.17746351659297943,0.3401845693588257,-1.565408706665039,-2.57283091545105,1.0581947565078735,-2.8178036212921143,3.8226230144500732,0.1846861094236374,-2.042304754257202,-3.5485029220581055,2.1464672088623047,1.9408032894134521,3.4245290756225586]","[2.9640533924102783,-0.3001965880393982,0.08130627125501633,-1.91927969455719,0.34303605556488037,-0.34324097633361816,2.8536956310272217,0.46447011828422546,0.007264862302690744,-1.9815505743026733,0.40409836173057556,-0.17503882944583893,0.14092566072940826,0.048328809440135956,-0.07797485589981079,2.395550489425659,0.008479366078972816,-0.12852607667446136,-0.825961172580719,-2.3741936683654785,-0.10060440748929977,-0.2281823307275772,2.994088649749756,0.6813400983810425,-1.142519235610962,-1.076843500137329,1.6734447479248047,-0.2724117934703827,0.4049445688724518]","[-0.6039917469024658,0.3162561357021332,0.42062658071517944,1.5249245166778564,0.006494197994470596,-0.32577139139175415,-1.083587646484375,0.15000902116298676,-0.3878728747367859,1.4520139694213867,-0.4146081209182739,0.20085757970809937,0.1340964436531067,0.06454639136791229,-0.8667066693305969,-0.8776553869247437,0.29836559295654297,-0.4284662902355194,-0.7630975842475891,0.3790772557258606,-0.07868805527687073,6.837220668792725,-1.1881041526794434,-0.13174177706241608,0.5003722906112671,-0.306404173374176,-0.3675827980041504,-2.464545965194702,-4.237468719482422]",0.07748888432979584,0.08307283371686935,0.02309047058224678,0.13265815377235413,0.09115837514400482,4.557918757200241,0,0,0,0.4668896496295929,0.4779350459575653,0.9917261004447937,0.854388415813446,0.9253281354904175,0.9111055135726929,-0.06945375353097916,-0.0,-0.0,0.0,0.0,0.0,0.0
269,5.38,269,"[-0.7380616664886475,0.25416573882102966,-0.05681506171822548,0.862798810005188,-0.33869385719299316,-0.25033679604530334,-0.6616858243942261,-0.10164771974086761,-0.03268508240580559,0.9759680032730103,-0.532402515411377,0.10910893231630325,0.015310756862163544,-0.019510876387357712,-0.006692729890346527,-0.09036318212747574,0.1902003139257431,-0.025423258543014526,0.8347024321556091,0.2743944227695465,-0.2533959746360779,0.2760104238986969,-0.17089547216892242,-0.23274953663349152,0.22504395246505737,0.979027271270752,-0.20498810708522797,-0.3579302728176117,-0.3224482238292694]","[-0.8886821866035461,0.34090423583984375,0.12848418951034546,0.9964051842689514,-0.33010992407798767,-0.10766059160232544,-0.797948956489563,-0.15059609711170197,-0.09744461625814438,1.0200247764587402,-0.4646264612674713,0.07748355716466904,-0.006307043135166168,-0.07357029616832733,-0.038257334381341934,-0.10411855578422546,0.2630934417247772,-0.18483521044254303,0.6757733821868896,0.32598698139190674,0.02263420633971691,0.5346200466156006,-0.16802597045898438,-0.213385671377182,0.30226340889930725,0.9092141389846802,-0.22273726761341095,-0.11997199058532715,-0.3428037762641907]","[3.4360365867614746,-0.6036356091499329,-0.42606136202812195,-2.706789970397949,1.0543451309204102,0.1776222139596939,3.1950743198394775,0.5278188586235046,0.5000697374343872,-2.323803424835205,1.0129348039627075,-0.4481658339500427,-0.1171855479478836,0.20089468359947205,0.06943908333778381,2.7141757011413574,-0.13251453638076782,0.31632497906684875,-1.8854186534881592,-2.5543322563171387,1.4909617900848389,-2.816401958465576,3.8296408653259277,0.22925175726413727,-2.0642623901367188,-3.810253858566284,2.0707998275756836,2.4613537788391113,3.3750929832458496]","[2.9436357021331787,-0.3504074215888977,0.025043614208698273,-1.9355604648590088,0.3616596758365631,-0.22710487246513367,2.8138840198516846,0.4969113767147064,0.060699332505464554,-2.0521769523620605,0.49466708302497864,-0.11742078512907028,0.21739938855171204,0.0586763359606266,-0.060727473348379135,2.396414279937744,0.013640942983329296,-0.04532216489315033,-0.9508417248725891,-2.3187320232391357,-0.10045280307531357,-0.2233034074306488,2.8510329723358154,0.6742038726806641,-1.1143269538879395,-1.0684536695480347,1.6449016332626343,-0.25011077523231506,0.424636572599411]","[-0.5789114832878113,0.29438844323158264,0.42628341913223267,1.4417439699172974,-0.022701118141412735,-0.3054782450199127,-1.0071392059326172,0.17339646816253662,-0.3681758940219879,1.3364143371582031,-0.36540234088897705,0.1671273112297058,0.1417822241783142,0.05462181195616722,-0.7580615878105164,-0.7701334953308105,0.3248128294944763,-0.42591220140457153,-0.814221978187561,0.27802878618240356,-0.11214366555213928,6.757570266723633,-1.081756353378296,-0.10318110883235931,0.4460565745830536,-0.35897499322891235,-0.2909110486507416,-2.522005081176758,-4.09701681137085]",0.0720205083489418,0.08782706409692764,0.023382263258099556,0.13464683294296265,0.0908934623003006,4.54467311501503,0,0,0,0.4712035357952118,0.4751467704772949,0.9917733073234558,0.8509976863861084,0.9178671836853027,0.8998273611068726,-0.062143221497535706,-0.0,-0.0,0.0,0.0,0.0,0.0
270,5.4,270,"[-0.6683815121650696,0.24241676926612854,-0.06546439975500107,0.8065515756607056,-0.3164382874965668,-0.24663735926151276,-0.597040593624115,-0.09135563671588898,-0.02257229946553707,0.9279487133026123,-0.5111942887306213,0.10010518878698349,0.012915740720927715,-0.015458821319043636,-0.005215181037783623,-0.03545774146914482,0.1880445033311844,-0.019394801929593086,0.7937221527099609,0.22350190579891205,-0.21919718384742737,0.21992327272891998,-0.09338711947202682,-0.22802913188934326,0.18392252922058105,0.8978337049484253,-0.16410870850086212,-0.30200040340423584,-0.2555404603481293]","[-0.8303351998329163,0.33479031920433044,0.12874984741210938,0.9581075310707092,-0.3241268992424011,-0.11224786937236786,-0.7420914769172668,-0.14033761620521545,-0.0963302031159401,0.9782629609107971,-0.4538634121417999,0.0753670260310173,-0.0011523609282448888,-0.07160336524248123,-0.039073508232831955,-0.05613185092806816,0.26338738203048706,-0.1850869208574295,0.6542516350746155,0.2782646715641022,0.020704124122858047,0.5292537212371826,-0.11295363306999207,-0.19995293021202087,0.27886125445365906,0.8877273797988892,-0.18849286437034607,-0.124790258705616,-0.33326783776283264]","[3.5431787967681885,-0.5678318738937378,-0.4378567636013031,-2.941673994064331,1.1842608451843262,0.19201934337615967,3.2732949256896973,0.49991682171821594,0.5113889575004578,-2.488870859146118,1.114736557006836,-0.45194944739341736,-0.12427936494350433,0.1993013173341751,0.07351232320070267,2.7628872394561768,-0.07389448583126068,0.28404074907302856,-2.182573080062866,-2.5298383235931396,1.9201334714889526,-2.7629458904266357,3.816621780395508,0.2622254192829132,-2.0590951442718506,-4.066063404083252,1.99415123462677,2.998634099960327,3.2712624073028564]","[2.8467185497283936,-0.28444787859916687,0.014204103499650955,-1.8743653297424316,0.24294139444828033,-0.20996341109275818,2.7253527641296387,0.51373690366745,0.06328234076499939,-2.077608346939087,0.5574528574943542,-0.09825702011585236,0.2629246413707733,0.11507374793291092,-0.08057571947574615,2.373857021331787,0.017539167776703835,-0.005759776569902897,-1.0615367889404297,-2.2561638355255127,-0.09760992228984833,-0.2480299323797226,2.6633822917938232,0.6444334983825684,-1.0958740711212158,-1.0125298500061035,1.5977529287338257,-0.22166131436824799,0.43062824010849]","[-0.5645464658737183,0.2885839343070984,0.4232619106769562,1.3568098545074463,-0.05386388301849365,-0.2901969254016876,-0.9368005990982056,0.18473660945892334,-0.348024845123291,1.2363824844360352,-0.3211556673049927,0.13253138959407806,0.14996737241744995,0.05000272020697594,-0.6612364649772644,-0.6726100444793701,0.3494034707546234,-0.4175693094730377,-0.8721379041671753,0.18126456439495087,-0.14489342272281647,6.654441833496094,-0.9867187142372131,-0.0792389065027237,0.3913409113883972,-0.400230348110199,-0.21907062828540802,-2.5684351921081543,-3.962981939315796]",0.066672183573246,0.09298998862504959,0.024320675060153008,0.138755664229393,0.09039705991744995,4.519852995872498,0,0,0,0.4751591384410858,0.47199591994285583,0.9914090633392334,0.8448994755744934,0.9083274602890015,0.8835461735725403,-0.05548415333032608,-0.0,-0.0,0.0,0.0,0.0,0.0
271,5.42,271,"[-0.5963345170021057,0.23145246505737305,-0.07432933151721954,0.7451318502426147,-0.2913234233856201,-0.24265602231025696,-0.530754029750824,-0.08165104687213898,-0.012229523621499538,0.8764131665229797,-0.4878130555152893,0.09103095531463623,0.010339582338929176,-0.011538824066519737,-0.0037522369530051947,0.02015230990946293,0.18724453449249268,-0.014061628840863705,0.7473995089530945,0.17320089042186737,-0.17659063637256622,0.16549259424209595,-0.01823059655725956,-0.222260519862175,0.14268015325069427,0.8163847327232361,-0.12522205710411072,-0.23798491060733795,-0.19159772992134094]","[-0.7742986083030701,0.3287140429019928,0.12856611609458923,0.9211460947990417,-0.31871190667152405,-0.11630915850400925,-0.6893072724342346,-0.12992510199546814,-0.09409338235855103,0.9373489618301392,-0.4422098696231842,0.07281995564699173,0.0051020123064517975,-0.06928827613592148,-0.04005156457424164,-0.009173737838864326,0.26401472091674805,-0.18419408798217773,0.6311430335044861,0.231878399848938,0.01845380663871765,0.5231203436851501,-0.06282401829957962,-0.1870073825120926,0.25544029474258423,0.868377149105072,-0.1561567187309265,-0.1290084570646286,-0.32397910952568054]","[3.6816821098327637,-0.5231838822364807,-0.4463179111480713,-3.2402427196502686,1.3490498065948486,0.20589232444763184,3.3601977825164795,0.46786871552467346,0.5233578681945801,-2.6809260845184326,1.234195351600647,-0.45510512590408325,-0.1337413191795349,0.18918894231319427,0.0676896721124649,2.7459661960601807,0.004664435982704163,0.25210869312286377,-2.3256242275238037,-2.4975521564483643,2.269050121307373,-2.6497559547424316,3.619183301925659,0.3081049919128418,-2.068182945251465,-3.8954124450683594,1.8952007293701172,3.29097580909729,3.103750228881836]","[2.716843366622925,-0.31394949555397034,-0.01664920151233673,-1.7939847707748413,0.2486516535282135,-0.17644871771335602,2.528977632522583,0.5176973938941956,0.1543065756559372,-1.997424840927124,0.5921885967254639,-0.13241533935070038,0.3306537866592407,0.10869143158197403,-0.08816161751747131,2.3106534481048584,0.04517870023846626,0.05184503644704819,-1.1266756057739258,-2.192525625228882,-0.1171078309416771,-0.2867445945739746,2.3915467262268066,0.621225893497467,-1.10735285282135,-0.895738959312439,1.5011667013168335,-0.18938685953617096,0.4155978858470917]","[-0.557433545589447,0.28915685415267944,0.4118013381958008,1.2760019302368164,-0.07174661755561829,-0.28117650747299194,-0.8729861974716187,0.20036980509757996,-0.32026436924934387,1.166952133178711,-0.2682419419288635,0.10157723724842072,0.15765362977981567,0.05124441906809807,-0.5631927251815796,-0.5799852609634399,0.370833158493042,-0.40389370918273926,-0.9224329590797424,0.08682551234960556,-0.18247535824775696,6.536511421203613,-0.904228150844574,-0.052877798676490784,0.3342370390892029,-0.42404240369796753,-0.15828336775302887,-2.6012344360351562,-3.845306396484375]",0.06164349615573883,0.09865163266658783,0.025959108024835587,0.14568433165550232,0.0899132490158081,4.495662450790405,0,0,0,0.4786568582057953,0.46841827034950256,0.9905309677124023,0.8341178297996521,0.8987612128257751,0.8733731508255005,-0.048196129500865936,-0.0,-0.0,0.0,0.0,0.0,0.0
272,5.44,272,"[-0.5211142301559448,0.22148941457271576,-0.0833171159029007,0.6769418716430664,-0.2624762952327728,-0.23840166628360748,-0.4626326858997345,-0.07264088839292526,-0.0016379866283386946,0.8207116723060608,-0.46182647347450256,0.08190098404884338,0.0075660883449018,-0.00789126381278038,-0.002507594181224704,0.07438091188669205,0.18823108077049255,-0.00931045413017273,0.7006971836090088,0.1235998198390007,-0.1284351795911789,0.1139330342411995,0.0513802096247673,-0.21570493280887604,0.10119521617889404,0.7420172095298767,-0.0883006826043129,-0.17036136984825134,-0.13139045238494873]","[-0.721827507019043,0.32303181290626526,0.12800021469593048,0.8870252966880798,-0.31421300768852234,-0.11925733834505081,-0.6408018469810486,-0.11948274821043015,-0.09036391228437424,0.899021327495575,-0.4301912784576416,0.06975315511226654,0.011853794567286968,-0.0667204037308693,-0.04096928983926773,0.03580635413527489,0.2654496133327484,-0.1823182851076126,0.6076248288154602,0.18669627606868744,0.015688199549913406,0.5159821510314941,-0.01896561123430729,-0.17458762228488922,0.23196034133434296,0.8523310422897339,-0.12690109014511108,-0.13254760205745697,-0.31554293632507324]","[3.8907415866851807,-0.46004393696784973,-0.44711828231811523,-3.664961576461792,1.5836201906204224,0.22055283188819885,3.4417495727539062,0.4239766001701355,0.5390875935554504,-2.9160425662994385,1.398666262626648,-0.45698678493499756,-0.14317013323307037,0.17590491473674774,0.05912969633936882,2.6635496616363525,0.11153779923915863,0.21490055322647095,-2.3776681423187256,-2.4661622047424316,2.581284284591675,-2.496278762817383,3.376190185546875,0.29720330238342285,-2.06681752204895,-3.7066237926483154,1.8217355012893677,3.575690984725952,2.930084466934204]","[2.5162816047668457,-0.2762857675552368,-0.030591102316975594,-1.6330876350402832,0.19770804047584534,-0.13250605762004852,2.30519962310791,0.5124379992485046,0.21580488979816437,-1.840149998664856,0.5975629091262817,-0.1537865549325943,0.334231972694397,0.12887631356716156,-0.07713303714990616,2.1913111209869385,0.09080526977777481,0.09557484835386276,-1.128495693206787,-2.1363096237182617,-0.14137256145477295,-0.33797433972358704,2.0665082931518555,0.5917912125587463,-1.114389419555664,-0.7257251143455505,1.3484864234924316,-0.15434521436691284,0.37117618322372437]","[-0.5748916268348694,0.30154556035995483,0.3980707824230194,1.187646508216858,-0.09132108837366104,-0.2777446210384369,-0.7976559400558472,0.207194522023201,-0.29556918144226074,1.1260340213775635,-0.21804696321487427,0.07953264564275742,0.16680938005447388,0.06118686869740486,-0.4755573868751526,-0.49593886733055115,0.3874380588531494,-0.3908554017543793,-0.9693229794502258,-0.006429830566048622,-0.229737788438797,6.3986496925354,-0.8354561924934387,-0.026479048654437065,0.2814037799835205,-0.4281107485294342,-0.11235825717449188,-2.619354009628296,-3.75337815284729]",0.057188697159290314,0.10523644834756851,0.028366997838020325,0.1556432694196701,0.0890394002199173,4.451970010995865,0,0,0,0.4815700948238373,0.46414676308631897,0.9890146255493164,0.8177571892738342,0.8857784867286682,0.8569467663764954,-0.043244436383247375,-0.0,-0.0,0.0,0.0,0.0,0.0
273,5.46,273,"[-0.4407048523426056,0.2130507081747055,-0.09221406280994415,0.5985333919525146,-0.22797861695289612,-0.233833909034729,-0.3930840492248535,-0.06469198316335678,0.009333979338407516,0.759771466255188,-0.4318664073944092,0.072751484811306,0.004612776916474104,-0.004502627532929182,-0.001387049094773829,0.12669429183006287,0.19170604646205902,-0.005465606693178415,0.652292788028717,0.07455440610647202,-0.07333926856517792,0.06564144790172577,0.11681700497865677,-0.21037238836288452,0.060007452964782715,0.6681197881698608,-0.05235264077782631,-0.09495728462934494,-0.0743943527340889]","[-0.6744065284729004,0.31806954741477966,0.12724947929382324,0.856671929359436,-0.3103429079055786,-0.12175632268190384,-0.5976191163063049,-0.10975595563650131,-0.0857362151145935,0.8652529716491699,-0.4187662899494171,0.06675758212804794,0.017964769154787064,-0.06382513046264648,-0.04166670888662338,0.07739484310150146,0.26804473996162415,-0.18012568354606628,0.5853900909423828,0.14237487316131592,0.012212192639708519,0.5079361796379089,0.01763959974050522,-0.16281983256340027,0.20861412584781647,0.841017484664917,-0.10231789946556091,-0.13533341884613037,-0.3088838458061218]","[4.222362041473389,-0.3618333637714386,-0.436072438955307,-4.292701244354248,1.9333243370056152,0.23961588740348816,3.514889717102051,0.3561630845069885,0.565865159034729,-3.2592475414276123,1.6685724258422852,-0.45842528343200684,-0.1563315987586975,0.15490663051605225,0.04761534556746483,2.4506895542144775,0.2676531672477722,0.17347919940948486,-2.26631760597229,-2.431793689727783,2.847930431365967,-2.324892997741699,2.9457433223724365,0.1627858728170395,-2.0663774013519287,-3.3376262187957764,1.7852357625961304,3.80924654006958,2.781325340270996]","[2.237517833709717,-0.2379835546016693,-0.038696132600307465,-1.431048035621643,0.18351711332798004,-0.11967865377664566,2.020287275314331,0.4619375765323639,0.24574697017669678,-1.5760204792022705,0.5458865761756897,-0.14073511958122253,0.2887081205844879,0.14538317918777466,-0.06087952479720116,1.9964704513549805,0.15115566551685333,0.10296256095170975,-1.0409551858901978,-2.0981316566467285,-0.1739298701286316,-0.38172271847724915,1.6948215961456299,0.5567798018455505,-1.1101422309875488,-0.47819551825523376,1.1180239915847778,-0.11342380940914154,0.2817614674568176]","[-0.6228904724121094,0.32597586512565613,0.3775125741958618,1.1015381813049316,-0.11532012373209,-0.2839655578136444,-0.7216736078262329,0.19771605730056763,-0.2612658739089966,1.1204321384429932,-0.17826911807060242,0.06478642672300339,0.17763113975524902,0.08130979537963867,-0.39256957173347473,-0.42323604226112366,0.40197810530662537,-0.38345542550086975,-1.0031789541244507,-0.10145527869462967,-0.2884390652179718,6.25498628616333,-0.7908099293708801,0.0025699902325868607,0.23320066928863525,-0.4050518870353699,-0.08769243955612183,-2.6143698692321777,-3.7102549076080322]",0.05362734943628311,0.11352971941232681,0.03173653036355972,0.16915853321552277,0.08768325299024582,4.384162649512291,0,0,0,0.48378729820251465,0.45863497257232666,0.9866002798080444,0.7936742305755615,0.8686241507530212,0.8306570053100586,-0.037815432995557785,-0.0,-0.0,0.0,0.0,0.0,0.0
274,5.48,274,"[-0.35221976041793823,0.20701608061790466,-0.10076001286506653,0.5052338242530823,-0.18514332175254822,-0.22881703078746796,-0.32203710079193115,-0.05839436501264572,0.020996619015932083,0.6903417706489563,-0.39508357644081116,0.06356397271156311,0.001312824315391481,-0.001694998936727643,-0.0006029803189449012,0.17240849137306213,0.19893720746040344,-0.0023712858092039824,0.6100444793701172,0.0263280738145113,-0.014517962001264095,0.02093731239438057,0.16920994222164154,-0.20919349789619446,0.018540123477578163,0.6085121631622314,-0.016891254112124443,-0.017991511151194572,-0.020137447863817215]","[-0.6353934407234192,0.3150605857372284,0.12653140723705292,0.8318702578544617,-0.30704861879348755,-0.12413663417100906,-0.562501072883606,-0.10084398090839386,-0.08110655844211578,0.838123083114624,-0.4089813232421875,0.06363391131162643,0.02269812673330307,-0.0601220428943634,-0.0435384064912796,0.11375313252210617,0.27095547318458557,-0.17676159739494324,0.5681856274604797,0.10263267904520035,0.00797057431191206,0.5009862780570984,0.04529572278261185,-0.15317364037036896,0.18955454230308533,0.8368492722511292,-0.08435793220996857,-0.13747012615203857,-0.30472898483276367]","[3.233670473098755,-0.2609647810459137,-0.3182580769062042,-3.4949817657470703,1.5874662399291992,0.17433054745197296,2.85075306892395,0.2857465445995331,0.4084017276763916,-2.630622625350952,1.248040795326233,-0.3478872776031494,-0.11531942337751389,0.11256568878889084,0.03467622771859169,1.8326427936553955,0.20734891295433044,0.13664017617702484,-1.307319164276123,-1.8638602495193481,1.833481788635254,-1.6410362720489502,2.0795750617980957,0.25930964946746826,-1.5001863241195679,-1.7029941082000732,1.3088160753250122,2.373932123184204,1.8598588705062866]","[1.752306342124939,-0.09475403279066086,-0.024809639900922775,-1.1092188358306885,0.13386417925357819,-0.11418792605400085,1.5822386741638184,0.4194073975086212,0.21113447844982147,-1.213563323020935,0.4450099766254425,-0.15145649015903473,0.1969466358423233,0.2024582326412201,-0.13175566494464874,1.6930670738220215,0.15065255761146545,0.17529676854610443,-0.7339230179786682,-1.8489954471588135,-0.20167914032936096,-0.30803370475769043,1.228874683380127,0.43079674243927,-0.8498719930648804,-0.11267221719026566,0.7903928756713867,-0.08486661314964294,0.17157809436321259]","[-0.7332233786582947,0.3568789064884186,0.38301971554756165,1.0209534168243408,-0.1602974236011505,-0.29346540570259094,-0.6612900495529175,0.22478395700454712,-0.2463521659374237,1.171067714691162,-0.11243734508752823,0.046401090919971466,0.18470978736877441,0.11520560085773468,-0.32006320357322693,-0.40399298071861267,0.3841179311275482,-0.3670697510242462,-1.0025618076324463,-0.14616720378398895,-0.3424927294254303,6.211946964263916,-0.8204942941665649,0.011180894449353218,0.2277311086654663,-0.35273683071136475,-0.09276631474494934,-2.6191468238830566,-3.705859422683716]",0.05134936794638634,0.12405720353126526,0.03614304959774017,0.187100350856781,0.08988604694604874,4.494302347302437,0,0,0,0.48518919944763184,0.4512994587421417,0.9829862117767334,0.7589786052703857,0.9303507208824158,0.911288321018219,-0.02579026110470295,-0.0,-0.0,0.0,0.0,0.0,0.0
275,5.5,275,"[-0.3113580346107483,0.20261211693286896,-0.1049443855881691,0.4587341248989105,-0.16447997093200684,-0.22686068713665009,-0.2790539264678955,-0.053262121975421906,0.025670047849416733,0.6545465588569641,-0.38194477558135986,0.05883599445223808,0.0,0.0,0.0,0.20000000298023224,0.20000000298023224,0.0,0.6000000238418579,0.0,0.0,0.0,0.20000000298023224,-0.20000000298023224,0.0,0.6000000238418579,0.0,0.0,0.0]","[-0.6071076393127441,0.3144131898880005,0.12633711099624634,0.8133313059806824,-0.3038017451763153,-0.1263922154903412,-0.5372362732887268,-0.09332562983036041,-0.07735796272754669,0.818557858467102,-0.4013615548610687,0.06068501994013786,0.025840619578957558,-0.05561266466975212,-0.04681286960840225,0.1418827772140503,0.27232781052589417,-0.16853106021881104,0.5606957674026489,0.07276365906000137,0.0037711886689066887,0.49556589126586914,0.06421614438295364,-0.14678335189819336,0.17690686881542206,0.8360376954078674,-0.0760236456990242,-0.13891415297985077,-0.30183514952659607]","[1.0215431451797485,-0.11009909212589264,-0.10460931807756424,-1.1624925136566162,0.5165838003158569,0.04890859127044678,1.0745793581008911,0.1283060759305954,0.11683572083711624,-0.8948802947998047,0.32847002148628235,-0.11819946020841599,-0.03282060846686363,0.042374975979328156,0.015074508264660835,0.6897878050804138,0.02656988799571991,0.05928214639425278,-0.25111138820648193,-0.6582018733024597,0.36294904351234436,-0.5234328508377075,0.7697515487670898,0.22983737289905548,-0.4635030925273895,-0.21280348300933838,0.4222813546657562,0.44978779554367065,0.5034362077713013]","[1.2214813232421875,-0.015062347054481506,-0.005547364708036184,-0.817284882068634,0.17814397811889648,-0.11394695192575455,1.0737107992172241,0.3418079614639282,0.17981086671352386,-0.8318167924880981,0.33695289492607117,-0.13443952798843384,0.14355283975601196,0.22596533596515656,-0.1739802062511444,1.2375202178955078,0.038740821182727814,0.4908214211463928,-0.20473305881023407,-1.3436946868896484,-0.17688462138175964,-0.22990098595619202,0.7844192981719971,0.26155343651771545,-0.5206324458122253,-0.013846410438418388,0.2779749929904938,-0.06584235280752182,0.13115589320659637]","[-0.863448977470398,0.3600098788738251,0.42320454120635986,0.9580374956130981,-0.16296538710594177,-0.29241862893104553,-0.5973457098007202,0.2396506369113922,-0.21938709914684296,1.1920990943908691,0.007018342614173889,0.02700117975473404,0.20240169763565063,0.14603057503700256,-0.27636638283729553,-0.42411085963249207,0.35407042503356934,-0.29249876737594604,-0.965559720993042,-0.12117842584848404,-0.35886386036872864,6.207658767700195,-0.9031418561935425,0.015675293281674385,0.24239856004714966,-0.27756375074386597,-0.14822256565093994,-2.6237499713897705,-3.7002642154693604]",0.04994509741663933,0.1235140785574913,0.03722735866904259,0.19366829097270966,0.09203679859638214,4.601839929819107,0,0,0,0.486113041639328,0.4521145820617676,0.9824274182319641,0.7467789649963379,0.9911202788352966,0.9787061214447021,-0.03542057424783707,-0.0,-0.0,0.0,0.0,0.0,0.0
276,5.5200000000000005,276,"[-0.3113580346107483,0.20261211693286896,-0.1049443855881691,0.4587341248989105,-0.16447997093200684,-0.22686068713665009,-0.2790539264678955,-0.053262121975421906,0.025670047849416733,0.6545465588569641,-0.38194477558135986,0.05883599445223808,0.0,0.0,0.0,0.20000000298023224,0.20000000298023224,0.0,0.6000000238418579,0.0,0.0,0.0,0.20000000298023224,-0.20000000298023224,0.0,0.6000000238418579,0.0,0.0,0.0]","[-0.5899933576583862,0.31452423334121704,0.12617886066436768,0.8004014492034912,-0.29987844824790955,-0.12849926948547363,-0.5228213667869568,-0.08756231516599655,-0.07414218038320541,0.8061972260475159,-0.395754337310791,0.0584062859416008,0.027773020789027214,-0.051202744245529175,-0.0515231154859066,0.16250483691692352,0.27281269431114197,-0.15529164671897888,0.5588629245758057,0.053298644721508026,0.0013174128253012896,0.4908835291862488,0.0726482942700386,-0.14256441593170166,0.16853401064872742,0.8406352400779724,-0.07677485793828964,-0.139790341258049,-0.29940468072891235]","[0.0,0.0,0.0,0.0,0.0,0.0,0.0,0.0,0.0,0.0,0.0,0.0,0.0,0.0,0.0,0.0,0.0,0.0,0.0,0.0,0.0,0.0,0.0,0.0,0.0,0.0,0.0,0.0,0.0]","[0.671536386013031,0.011456344276666641,-0.010108871385455132,-0.5498711466789246,0.20399656891822815,-0.10000411421060562,0.5418371558189392,0.25397926568984985,0.1495874673128128,-0.49216845631599426,0.24536417424678802,-0.10184359550476074,0.08368387818336487,0.21456673741340637,-0.22960509359836578,0.8960278034210205,0.015839895233511925,0.721630334854126,-0.05749059095978737,-0.8519138693809509,-0.09913904219865799,-0.2077663242816925,0.23218399286270142,0.17819881439208984,-0.3637951612472534,0.3028845191001892,-0.09332883358001709,-0.03951667994260788,0.11414207518100739]","[-0.972110390663147,0.3763812482357025,0.43197768926620483,0.9492582678794861,-0.1674901247024536,-0.2938556969165802,-0.5619384050369263,0.20140409469604492,-0.1716730147600174,1.1740572452545166,0.09800826013088226,0.00583290308713913,0.21363863348960876,0.15394198894500732,-0.26919376850128174,-0.43867817521095276,0.3467368185520172,-0.22934266924858093,-0.9520174860954285,-0.07008982449769974,-0.35995587706565857,6.163668155670166,-0.9750416278839111,0.023523645475506783,0.23438283801078796,-0.2205354869365692,-0.2108794003725052,-2.6161067485809326,-3.666123628616333]",0.04902810975909233,0.11176849901676178,0.034868817776441574,0.187083899974823,0.09217566251754761,4.60878312587738,0,0,0,0.486759752035141,0.46074557304382324,0.9846765398979187,0.7609715461730957,0.976874589920044,0.9633650779724121,-0.02461005002260208,-0.0,-0.0,0.0,0.0,0.0,0.0
277,5.54,277,"[-0.3113580346107483,0.20261211693286896,-0.1049443855881691,0.4587341248989105,-0.16447997093200684,-0.22686068713665009,-0.2790539264678955,-0.053262121975421906,0.025670047849416733,0.6545465588569641,-0.38194477558135986,0.05883599445223808,0.0,0.0,0.0,0.20000000298023224,0.20000000298023224,0.0,0.6000000238418579,0.0,0.0,0.0,0.20000000298023224,-0.20000000298023224,0.0,0.6000000238418579,0.0,0.0,0.0]","[-0.582251787185669,0.3150448501110077,0.12554168701171875,0.7919624447822571,-0.2955499291419983,-0.13032862544059753,-0.5173517465591431,-0.08284586668014526,-0.0714072585105896,0.7991039752960205,-0.39142757654190063,0.056508779525756836,0.030382389202713966,-0.04676185920834541,-0.056480634957551956,0.17610253393650055,0.27293461561203003,-0.14007657766342163,0.5580539703369141,0.04051069915294647,-0.0003385787713341415,0.48715391755104065,0.07345318049192429,-0.13936001062393188,0.16011983156204224,0.8474485278129578,-0.08198656141757965,-0.14072592556476593,-0.2971709668636322]","[0.0,0.0,0.0,0.0,0.0,0.0,0.0,0.0,0.0,0.0,0.0,0.0,0.0,0.0,0.0,0.0,0.0,0.0,0.0,0.0,0.0,0.0,0.0,0.0,0.0,0.0,0.0,0.0,0.0]","[0.24648603796958923,0.02764224261045456,-0.04380222037434578,-0.3552004098892212,0.22394078969955444,-0.08782022446393967,0.13887417316436768,0.2219778299331665,0.13161809742450714,-0.2778889536857605,0.20197080075740814,-0.09044688940048218,0.17723403871059418,0.22159840166568756,-0.2328946739435196,0.5365000367164612,0.0002780517388600856,0.7527157068252563,-0.036835480481386185,-0.5633962750434875,-0.07443997263908386,-0.16122058033943176,-0.02014591172337532,0.1378973424434662,-0.4288892149925232,0.28354406356811523,-0.26956212520599365,-0.057264018803834915,0.10259412974119186]","[-1.0268568992614746,0.38566720485687256,0.4187561273574829,0.942683756351471,-0.17769265174865723,-0.28890368342399597,-0.5280700922012329,0.19080013036727905,-0.12080621719360352,1.1439564228057861,0.14891569316387177,-0.012539252638816833,0.2102075219154358,0.14957015216350555,-0.293362021446228,-0.450022429227829,0.3396035134792328,-0.2011328935623169,-0.9351175427436829,-0.04506499320268631,-0.3701876699924469,6.141798496246338,-0.9888949990272522,0.03516872227191925,0.21217194199562073,-0.18535396456718445,-0.24420563876628876,-2.6174230575561523,-3.6520230770111084]",0.04910562187433243,0.1032901480793953,0.03341609612107277,0.18311473727226257,0.09317733347415924,4.658866673707962,0,0,0,0.486834853887558,0.4666585922241211,0.9860065579414368,0.7688139081001282,0.9852364659309387,0.9740996956825256,-0.008783560246229172,-0.0,-0.0,0.0,0.0,0.0,0.0
278,5.5600000000000005,278,"[-0.3113580346107483,0.20261211693286896,-0.1049443855881691,0.4587341248989105,-0.16447997093200684,-0.22686068713665009,-0.2790539264678955,-0.053262121975421906,0.025670047849416733,0.6545465588569641,-0.38194477558135986,0.05883599445223808,0.0,0.0,0.0,0.20000000298023224,0.20000000298023224,0.0,0.6000000238418579,0.0,0.0,0.0,0.20000000298023224,-0.20000000298023224,0.0,0.6000000238418579,0.0,0.0,0.0]","[-0.5804445743560791,0.31582123041152954,0.12341576814651489,0.7865812182426453,-0.2910306751728058,-0.1318127065896988,-0.5165040493011475,-0.07829979807138443,-0.06960395723581314,0.7944589257240295,-0.3873918652534485,0.05475178733468056,0.035148464143276215,-0.04157634451985359,-0.059971097856760025,0.1825251579284668,0.272844135761261,-0.12625057995319366,0.5574569702148438,0.03164864704012871,-0.0017016081837937236,0.48444801568984985,0.07216064631938934,-0.13700278103351593,0.15028269588947296,0.8517488241195679,-0.08896196633577347,-0.14202037453651428,-0.2952735722064972]","[0.0,0.0,0.0,0.0,0.0,0.0,0.0,0.0,0.0,0.0,0.0,0.0,0.0,0.0,0.0,0.0,0.0,0.0,0.0,0.0,0.0,0.0,0.0,0.0,0.0,0.0,0.0,0.0,0.0]","[0.035682931542396545,0.03745206445455551,-0.13168880343437195,-0.23000866174697876,0.22849488258361816,-0.06615521013736725,0.009300258941948414,0.22251340746879578,0.07397257536649704,-0.20469044148921967,0.20307016372680664,-0.0864996686577797,0.26891228556632996,0.2679980993270874,-0.11029762774705887,0.19587498903274536,-0.006041110493242741,0.6539807915687561,-0.02638944797217846,-0.3931693732738495,-0.0647333487868309,-0.1135113313794136,-0.10204891860485077,0.0987839326262474,-0.48179498314857483,0.17813874781131744,-0.3346523344516754,-0.06536537408828735,0.09127166122198105]","[-1.0498697757720947,0.398802250623703,0.3968921899795532,0.9360647201538086,-0.1966433823108673,-0.28171852231025696,-0.4952790439128876,0.18971401453018188,-0.07440130412578583,1.1191706657409668,0.17570760846138,-0.022623665630817413,0.1976945400238037,0.14478546380996704,-0.3389177620410919,-0.45395633578300476,0.32971376180648804,-0.19215604662895203,-0.9147516489028931,-0.03431931883096695,-0.39033520221710205,6.127519607543945,-0.986070454120636,0.041135773062705994,0.18990087509155273,-0.15629079937934875,-0.2669617533683777,-2.6206846237182617,-3.646481990814209]",0.04991427809000015,0.09798738360404968,0.03255174681544304,0.18036843836307526,0.09356455504894257,4.678227752447128,0,0,0,0.48649269342422485,0.47028130292892456,0.9867898225784302,0.7735689878463745,0.9880414009094238,0.9789690375328064,-0.005915274377912283,-0.0,-0.0,0.0,0.0,0.0,0.0
279,5.58,279,"[-0.3113580346107483,0.20261211693286896,-0.1049443855881691,0.4587341248989105,-0.16447997093200684,-0.22686068713665009,-0.2790539264678955,-0.053262121975421906,0.025670047849416733,0.6545465588569641,-0.38194477558135986,0.05883599445223808,0.0,0.0,0.0,0.20000000298023224,0.20000000298023224,0.0,0.6000000238418579,0.0,0.0,0.0,0.20000000298023224,-0.20000000298023224,0.0,0.6000000238418579,0.0,0.0,0.0]","[-0.5804209113121033,0.3167271912097931,0.12044087797403336,0.7825803756713867,-0.2864699959754944,-0.1331041157245636,-0.5168336033821106,-0.07358749955892563,-0.06808106601238251,0.7905242443084717,-0.38299810886383057,0.05297812446951866,0.04082908853888512,-0.03601852431893349,-0.0609164722263813,0.1841626763343811,0.2726981043815613,-0.11427050083875656,0.5571829676628113,0.025299934670329094,-0.002985655562952161,0.4826401174068451,0.06787432730197906,-0.1351044774055481,0.14080940186977386,0.8564789891242981,-0.0963655412197113,-0.1431313008069992,-0.29349780082702637]","[0.0,0.0,0.0,0.0,0.0,0.0,0.0,0.0,0.0,0.0,0.0,0.0,0.0,0.0,0.0,0.0,0.0,0.0,0.0,0.0,0.0,0.0,0.0,0.0,0.0,0.0,0.0,0.0,0.0]","[-0.01582035794854164,0.04390595480799675,-0.1495577096939087,-0.1888565719127655,0.22823219001293182,-0.06281021237373352,-0.0364154689013958,0.2358855903148651,0.08279822766780853,-0.18814077973365784,0.2293543964624405,-0.08905089646577835,0.2827003002166748,0.27509576082229614,-0.019138416275382042,0.03272286802530289,-0.007683984003961086,0.5651903748512268,-0.009127355180680752,-0.2821708917617798,-0.06419983506202698,-0.07989004999399185,-0.2719587981700897,0.08731050789356232,-0.4383942484855652,0.24990533292293549,-0.345729261636734,-0.053071632981300354,0.08768405020236969]","[-1.0560787916183472,0.41712549328804016,0.3777245581150055,0.9275586605072021,-0.21993383765220642,-0.276685506105423,-0.47644925117492676,0.1946842521429062,-0.034448474645614624,1.0999276638031006,0.18258056044578552,-0.02851235121488571,0.1822482943534851,0.1412867158651352,-0.3926723599433899,-0.448311448097229,0.31906795501708984,-0.18877068161964417,-0.8954705595970154,-0.0297876987606287,-0.41901180148124695,6.120495319366455,-0.9877912998199463,0.043540552258491516,0.17111170291900635,-0.13324660062789917,-0.28426387906074524,-2.6254494190216064,-3.6440112590789795]",0.051261574029922485,0.09484686702489853,0.03204337880015373,0.17852821946144104,0.09378430247306824,4.689215123653412,0,0,0,0.48581767082214355,0.472287654876709,0.9872568845748901,0.7769817113876343,0.9891324043273926,0.9825350642204285,-0.004795765969902277,-0.0,-0.0,0.0,0.0,0.0,0.0
280,5.6000000000000005,280,"[-0.3113580346107483,0.20261211693286896,-0.1049443855881691,0.4587341248989105,-0.16447997093200684,-0.22686068713665009,-0.2790539264678955,-0.053262121975421906,0.025670047849416733,0.6545465588569641,-0.38194477558135986,0.05883599445223808,0.0,0.0,0.0,0.20000000298023224,0.20000000298023224,0.0,0.6000000238418579,0.0,0.0,0.0,0.20000000298023224,-0.20000000298023224,0.0,0.6000000238418579,0.0,0.0,0.0]","[-0.5817672610282898,0.3177562952041626,0.11746133863925934,0.7790464758872986,-0.2819995880126953,-0.13424500823020935,-0.518625795841217,-0.06862668693065643,-0.06618040800094604,0.7867215275764465,-0.3780169188976288,0.05111870542168617,0.04596903547644615,-0.030490228906273842,-0.061765071004629135,0.18436799943447113,0.27251964807510376,-0.10418373346328735,0.5571735501289368,0.02056964673101902,-0.004319564905017614,0.4812076985836029,0.06086939945816994,-0.13341902196407318,0.132913738489151,0.8622311949729919,-0.10361359268426895,-0.14416399598121643,-0.2917807698249817]","[0.0,0.0,0.0,0.0,0.0,0.0,0.0,0.0,0.0,0.0,0.0,0.0,0.0,0.0,0.0,0.0,0.0,0.0,0.0,0.0,0.0,0.0,0.0,0.0,0.0,0.0,0.0,0.0,0.0]","[-0.08851725608110428,0.05005626752972603,-0.14531268179416656,-0.17140008509159088,0.2218710035085678,-0.0534808412194252,-0.11522755771875381,0.2478870451450348,0.10318177938461304,-0.18559832870960236,0.2587837874889374,-0.09271024912595749,0.23535893857479095,0.27222010493278503,-0.045347124338150024,0.0038680711295455694,-0.009354776702821255,0.46614542603492737,0.0014874584740027785,-0.21228119730949402,-0.06796113401651382,-0.06792876124382019,-0.38897907733917236,0.07910440862178802,-0.3547734320163727,0.2841304540634155,-0.33599331974983215,-0.05298770219087601,0.08428460359573364]","[-1.0638340711593628,0.4362906515598297,0.3617329001426697,0.914531409740448,-0.24378612637519836,-0.2725731432437897,-0.4668649137020111,0.19821587204933167,-0.007124573457986116,1.0867760181427002,0.17260059714317322,-0.03225689381361008,0.17130118608474731,0.1366434246301651,-0.43873685598373413,-0.4415528476238251,0.30934938788414,-0.18525782227516174,-0.8803837299346924,-0.02880675531923771,-0.452271044254303,6.115290641784668,-0.9867004156112671,0.04080618917942047,0.15983529388904572,-0.11464560776948929,-0.2990550994873047,-2.634974718093872,-3.6400580406188965]",0.052842799574136734,0.09225605428218842,0.03178057074546814,0.17735035717487335,0.09396574646234512,4.698287323117256,0,0,0,0.48495835065841675,0.47374963760375977,0.9875145554542542,0.7795742750167847,0.9898645877838135,0.9862063527107239,-0.0035804277285933495,-0.0,-0.0,0.0,0.0,0.0,0.0
281,5.62,281,"[-0.3113580346107483,0.20261211693286896,-0.1049443855881691,0.4587341248989105,-0.16447997093200684,-0.22686068713665009,-0.2790539264678955,-0.053262121975421906,0.025670047849416733,0.6545465588569641,-0.38194477558135986,0.05883599445223808,0.0,0.0,0.0,0.20000000298023224,0.20000000298023224,0.0,0.6000000238418579,0.0,0.0,0.0,0.20000000298023224,-0.20000000298023224,0.0,0.6000000238418579,0.0,0.0,0.0]","[-0.5845233798027039,0.3186730444431305,0.11470825970172882,0.7756563425064087,-0.2776184380054474,-0.13517995178699493,-0.5220861434936523,-0.06370144337415695,-0.06385515630245209,0.7831032276153564,-0.372623473405838,0.04932807385921478,0.05006679147481918,-0.025358770042657852,-0.06373266875743866,0.18440747261047363,0.2722967565059662,-0.09614183008670807,0.5573212504386902,0.016767363995313644,-0.0057124849408864975,0.4799182415008545,0.05245424434542656,-0.13187886774539948,0.12678511440753937,0.8680054545402527,-0.11050210893154144,-0.14526136219501495,-0.2901313602924347]","[0.0,0.0,0.0,0.0,0.0,0.0,0.0,0.0,0.0,0.0,0.0,0.0,0.0,0.0,0.0,0.0,0.0,0.0,0.0,0.0,0.0,0.0,0.0,0.0,0.0,0.0,0.0,0.0,0.0]","[-0.15273140370845795,0.040079232305288315,-0.1323954164981842,-0.16829903423786163,0.21868330240249634,-0.04299558326601982,-0.19413360953330994,0.24079743027687073,0.1230829507112503,-0.17365822196006775,0.27373743057250977,-0.0873192548751831,0.1834283471107483,0.24555642902851105,-0.10949669033288956,0.0021908855997025967,-0.011624583974480629,0.36247387528419495,0.008034472353756428,-0.17360061407089233,-0.07061351835727692,-0.0626789778470993,-0.43626800179481506,0.07336276769638062,-0.2703436613082886,0.2718392014503479,-0.3186553120613098,-0.0568075068295002,0.08077871799468994]","[-1.0719279050827026,0.4529435634613037,0.3468339145183563,0.8978754281997681,-0.26786619424819946,-0.2687249779701233,-0.4617181122303009,0.1968228816986084,0.012744083069264889,1.078141450881958,0.15281084179878235,-0.03249937295913696,0.16609010100364685,0.1285630613565445,-0.4737399220466614,-0.4377714991569519,0.30230388045310974,-0.1803349256515503,-0.8697317838668823,-0.03066960908472538,-0.48577162623405457,6.112288951873779,-0.9849904179573059,0.03665025532245636,0.15315555036067963,-0.098274827003479,-0.3120737671852112,-2.6472859382629395,-3.631554365158081]",0.05449391156435013,0.08956289291381836,0.031669314950704575,0.176564559340477,0.09409867227077484,4.704933613538742,0,0,0,0.4840163588523865,0.4751855432987213,0.9876390099525452,0.7814706563949585,0.9905909895896912,0.9888845682144165,-0.002853290643543005,-0.0,-0.0,0.0,0.0,0.0,0.0
282,5.64,282,"[-0.3113580346107483,0.20261211693286896,-0.1049443855881691,0.4587341248989105,-0.16447997093200684,-0.22686068713665009,-0.2790539264678955,-0.053262121975421906,0.025670047849416733,0.6545465588569641,-0.38194477558135986,0.05883599445223808,0.0,0.0,0.0,0.20000000298023224,0.20000000298023224,0.0,0.6000000238418579,0.0,0.0,0.0,0.20000000298023224,-0.20000000298023224,0.0,0.6000000238418579,0.0,0.0,0.0]","[-0.5880658626556396,0.31918981671333313,0.11224635690450668,0.7721904516220093,-0.27326372265815735,-0.13591189682483673,-0.526702880859375,-0.059137795120477676,-0.061181701719760895,0.779861569404602,-0.36716127395629883,0.04769911617040634,0.05314259976148605,-0.0210331529378891,-0.06672929227352142,0.18446262180805206,0.27204397320747375,-0.08998291939496994,0.5575565099716187,0.01351176481693983,-0.007154093589633703,0.478717565536499,0.043598346412181854,-0.13040229678153992,0.12223564833402634,0.8732981085777283,-0.11686082929372787,-0.14642168581485748,-0.2885349988937378]","[0.0,0.0,0.0,0.0,0.0,0.0,0.0,0.0,0.0,0.0,0.0,0.0,0.0,0.0,0.0,0.0,0.0,0.0,0.0,0.0,0.0,0.0,0.0,0.0,0.0,0.0,0.0,0.0,0.0]","[-0.17985470592975616,0.017025496810674667,-0.11858657002449036,-0.1745256781578064,0.21783970296382904,-0.03307371586561203,-0.23994623124599457,0.21921102702617645,0.1380627453327179,-0.15290290117263794,0.27114930748939514,-0.07824742794036865,0.13466274738311768,0.20030587911605835,-0.15549424290657043,0.0037491603288799524,-0.012856220826506615,0.2736446261405945,0.011576731689274311,-0.15025441348552704,-0.07294910401105881,-0.05863136798143387,-0.44387373328208923,0.07159281522035599,-0.19782860577106476,0.24427638947963715,-0.2928379476070404,-0.059466492384672165,0.07844376564025879]","[-1.0792286396026611,0.466996431350708,0.33305788040161133,0.8790788054466248,-0.29178449511528015,-0.26543697714805603,-0.45929887890815735,0.1919291764497757,0.02784258872270584,1.071329116821289,0.12982547283172607,-0.029575906693935394,0.16350656747817993,0.11795571446418762,-0.4988963007926941,-0.4347943365573883,0.29811617732048035,-0.17393290996551514,-0.8615334630012512,-0.03414229303598404,-0.5172454118728638,6.111748218536377,-0.9857596755027771,0.032323673367500305,0.1483328640460968,-0.08348515629768372,-0.3226279616355896,-2.659853935241699,-3.616213083267212]",0.05615692585706711,0.0866990014910698,0.031641893088817596,0.1759602427482605,0.09419633448123932,4.709816724061966,0,0,0,0.48303496837615967,0.476677805185318,0.9876824021339417,0.7829169631004333,0.9913114905357361,0.9906295537948608,-0.002436703536659479,-0.0,-0.0,0.0,0.0,0.0,0.0
283,5.66,283,"[-0.3113580346107483,0.20261211693286896,-0.1049443855881691,0.4587341248989105,-0.16447997093200684,-0.22686068713665009,-0.2790539264678955,-0.053262121975421906,0.025670047849416733,0.6545465588569641,-0.38194477558135986,0.05883599445223808,0.0,0.0,0.0,0.20000000298023224,0.20000000298023224,0.0,0.6000000238418579,0.0,0.0,0.0,0.20000000298023224,-0.20000000298023224,0.0,0.6000000238418579,0.0,0.0,0.0]","[-0.591754674911499,0.31927552819252014,0.10995965451002121,0.7685962915420532,-0.2688886523246765,-0.13653559982776642,-0.5318450331687927,-0.05491973087191582,-0.05824728310108185,0.7769976854324341,-0.36185911297798157,0.04627136141061783,0.0554887130856514,-0.017651136964559555,-0.07036636024713516,0.18456213176250458,0.27177751064300537,-0.08536188304424286,0.557833731174469,0.010595588013529778,-0.008648950606584549,0.4775986075401306,0.03490269556641579,-0.12897145748138428,0.11897213757038116,0.8779987096786499,-0.12255645543336868,-0.14761456847190857,-0.2869582772254944]","[0.0,0.0,0.0,0.0,0.0,0.0,0.0,0.0,0.0,0.0,0.0,0.0,0.0,0.0,0.0,0.0,0.0,0.0,0.0,0.0,0.0,0.0,0.0,0.0,0.0,0.0,0.0,0.0,0.0]","[-0.17812004685401917,-0.004053565673530102,-0.11790655553340912,-0.17936654388904572,0.22085566818714142,-0.03296811506152153,-0.2574116885662079,0.20941467583179474,0.1521521359682083,-0.13721716403961182,0.2621150612831116,-0.06824973970651627,0.11017733812332153,0.15461699664592743,-0.18235081434249878,0.006528270896524191,-0.013431420549750328,0.20315858721733093,0.01321456953883171,-0.13573777675628662,-0.07519935071468353,-0.05458197742700577,-0.42749911546707153,0.06833236664533615,-0.13991351425647736,0.21562103927135468,-0.2610456943511963,-0.0605848990380764,0.07804989069700241]","[-1.0862289667129517,0.4787655174732208,0.32119494676589966,0.8594878315925598,-0.3150275945663452,-0.2631496787071228,-0.45953840017318726,0.18577128648757935,0.03894733637571335,1.0646954774856567,0.1071171909570694,-0.024839408695697784,0.1622571051120758,0.10682831704616547,-0.5162684917449951,-0.4312831461429596,0.2961266040802002,-0.16691678762435913,-0.8547644019126892,-0.03843221813440323,-0.5458832383155823,6.113709449768066,-0.9898681640625,0.027922438457608223,0.14448638260364532,-0.07061197608709335,-0.3308582901954651,-2.671218156814575,-3.5932140350341797]",0.05781126394867897,0.08371090143918991,0.0316644012928009,0.1754075586795807,0.0942719504237175,4.713597521185875,0,0,0,0.4820292294025421,0.4781942367553711,0.987675130367279,0.7841421961784363,0.9919726252555847,0.9917464852333069,-0.0021622045896947384,-0.0,-0.0,0.0,0.0,0.0,0.0
284,5.68,284,"[-0.3113580346107483,0.20261211693286896,-0.1049443855881691,0.4587341248989105,-0.16447997093200684,-0.22686068713665009,-0.2790539264678955,-0.053262121975421906,0.025670047849416733,0.6545465588569641,-0.38194477558135986,0.05883599445223808,0.0,0.0,0.0,0.20000000298023224,0.20000000298023224,0.0,0.6000000238418579,0.0,0.0,0.0,0.20000000298023224,-0.20000000298023224,0.0,0.6000000238418579,0.0,0.0,0.0]","[-0.595147430896759,0.318930983543396,0.10759798437356949,0.7649669647216797,-0.2645779252052307,-0.13719342648983002,-0.537011444568634,-0.05087754502892494,-0.05504738539457321,0.7744293212890625,-0.3567703366279602,0.04503384232521057,0.057373084127902985,-0.01523806806653738,-0.07425344735383987,0.18469257652759552,0.2715130150318146,-0.08187102526426315,0.5581377744674683,0.007890316657721996,-0.010252775624394417,0.47656264901161194,0.026710085570812225,-0.12761738896369934,0.1167425587773323,0.8821831941604614,-0.12752582132816315,-0.1488155871629715,-0.2853620648384094]","[0.0,0.0,0.0,0.0,0.0,0.0,0.0,0.0,0.0,0.0,0.0,0.0,0.0,0.0,0.0,0.0,0.0,0.0,0.0,0.0,0.0,0.0,0.0,0.0,0.0,0.0,0.0,0.0,0.0]","[-0.15841789543628693,-0.02310473844408989,-0.11769645661115646,-0.1801975667476654,0.2111034095287323,-0.031950488686561584,-0.25102925300598145,0.1973290592432022,0.16277183592319489,-0.12171688675880432,0.24950078129768372,-0.059254832565784454,0.0831216424703598,0.10255850851535797,-0.19031979143619537,0.006955616641789675,-0.013058756478130817,0.1558638960123062,0.015160349197685719,-0.12629328668117523,-0.07923039048910141,-0.050428882241249084,-0.39561355113983154,0.06575004756450653,-0.09400441497564316,0.19281303882598877,-0.22674906253814697,-0.060695476830005646,0.07944129407405853]","[-1.0953681468963623,0.4890440106391907,0.31191468238830566,0.8394400477409363,-0.3373660445213318,-0.26201942563056946,-0.4595704972743988,0.17860476672649384,0.04643522948026657,1.0587260723114014,0.08541072905063629,-0.01963387429714203,0.16190212965011597,0.09799867868423462,-0.5267164707183838,-0.4272911548614502,0.29523521661758423,-0.1605331003665924,-0.8494043350219727,-0.04323989897966385,-0.5712922811508179,6.116743564605713,-0.9967174530029297,0.02315695770084858,0.14197450876235962,-0.059213876724243164,-0.33718886971473694,-2.6814186573028564,-3.562274694442749]",0.0594530813395977,0.08066998422145844,0.03172130137681961,0.17480650544166565,0.09433532506227493,4.716766253113747,0,0,0,0.48100385069847107,0.4797043204307556,0.987629771232605,0.7853875160217285,0.9925627112388611,0.9925168752670288,-0.0020387207623571157,-0.0,-0.0,0.0,0.0,0.0,0.0
285,5.7,285,"[-0.3113580346107483,0.20261211693286896,-0.1049443855881691,0.4587341248989105,-0.16447997093200684,-0.22686068713665009,-0.2790539264678955,-0.053262121975421906,0.025670047849416733,0.6545465588569641,-0.38194477558135986,0.05883599445223808,0.0,0.0,0.0,0.20000000298023224,0.20000000298023224,0.0,0.6000000238418579,0.0,0.0,0.0,0.20000000298023224,-0.20000000298023224,0.0,0.6000000238418579,0.0,0.0,0.0]","[-0.5980788469314575,0.31822311878204346,0.10522795468568802,0.7613017559051514,-0.26054245233535767,-0.13779103755950928,-0.5418530106544495,-0.04716573283076286,-0.051820531487464905,0.7721635103225708,-0.351992130279541,0.043944962322711945,0.058616671711206436,-0.013853056356310844,-0.07817576080560684,0.18482382595539093,0.2712516784667969,-0.0791795402765274,0.5584675073623657,0.005304937716573477,-0.011929914355278015,0.47560474276542664,0.019349463284015656,-0.12636689841747284,0.1153080016374588,0.8859295845031738,-0.13177065551280975,-0.15001451969146729,-0.2837143838405609]","[0.0,0.0,0.0,0.0,0.0,0.0,0.0,0.0,0.0,0.0,0.0,0.0,0.0,0.0,0.0,0.0,0.0,0.0,0.0,0.0,0.0,0.0,0.0,0.0,0.0,0.0,0.0,0.0,0.0]","[-0.13469965755939484,-0.04100322723388672,-0.11938532441854477,-0.18293999135494232,0.19699238240718842,-0.02827281877398491,-0.23102885484695435,0.17916393280029297,0.15932130813598633,-0.10720768570899963,0.23242191970348358,-0.052698709070682526,0.050295114517211914,0.05172377824783325,-0.19082731008529663,0.00692148320376873,-0.013042286038398743,0.11996103823184967,0.01630973070859909,-0.12132155150175095,-0.08185198903083801,-0.046670060604810715,-0.348426878452301,0.05913488194346428,-0.05904539301991463,0.17296259105205536,-0.19303688406944275,-0.06039271503686905,0.082449771463871]","[-1.1053599119186401,0.497562050819397,0.3047366142272949,0.8200952410697937,-0.3581051230430603,-0.26206061244010925,-0.4605623781681061,0.1720484346151352,0.05125913769006729,1.0525333881378174,0.0654117614030838,-0.01477234810590744,0.16244208812713623,0.09235616028308868,-0.53226238489151,-0.4226814806461334,0.29505693912506104,-0.15543588995933533,-0.8448043465614319,-0.048546694219112396,-0.5932966470718384,6.120944499969482,-1.0060068368911743,0.018611954525113106,0.14043402671813965,-0.049895524978637695,-0.3420528769493103,-2.689943313598633,-3.5243375301361084]",0.06107368320226669,0.0777132660150528,0.031792595982551575,0.1741369515657425,0.09439550340175629,4.719775170087814,0,0,0,0.47996389865875244,0.4811389744281769,0.9875667095184326,0.7866091728210449,0.9930562376976013,0.9934154152870178,-0.001975226914510131,-0.0,-0.0,0.0,0.0,0.0,0.0
286,5.72,286,"[-0.3113580346107483,0.20261211693286896,-0.1049443855881691,0.4587341248989105,-0.16447997093200684,-0.22686068713665009,-0.2790539264678955,-0.053262121975421906,0.025670047849416733,0.6545465588569641,-0.38194477558135986,0.05883599445223808,0.0,0.0,0.0,0.20000000298023224,0.20000000298023224,0.0,0.6000000238418579,0.0,0.0,0.0,0.20000000298023224,-0.20000000298023224,0.0,0.6000000238418579,0.0,0.0,0.0]","[-0.6005278825759888,0.3171311914920807,0.10266776382923126,0.7575839161872864,-0.25670894980430603,-0.1383426934480667,-0.5462026000022888,-0.04377647489309311,-0.048757605254650116,0.7701314687728882,-0.3475619852542877,0.042955055832862854,0.05929075926542282,-0.013369654305279255,-0.08202365785837173,0.18496446311473846,0.2709828317165375,-0.07717756927013397,0.5588108897209167,0.0027642417699098587,-0.013607223518192768,0.47471752762794495,0.013030005618929863,-0.12532995641231537,0.1143755242228508,0.8892866969108582,-0.13532713055610657,-0.1511986404657364,-0.28189629316329956]","[0.0,0.0,0.0,0.0,0.0,0.0,0.0,0.0,0.0,0.0,0.0,0.0,0.0,0.0,0.0,0.0,0.0,0.0,0.0,0.0,0.0,0.0,0.0,0.0,0.0,0.0,0.0,0.0,0.0]","[-0.11181923747062683,-0.0712302178144455,-0.1449594646692276,-0.18718039989471436,0.19517797231674194,-0.029488984495401382,-0.20563383400440216,0.16574345529079437,0.14979496598243713,-0.09752268344163895,0.21560241281986237,-0.0484154187142849,0.026912368834018707,0.01257537491619587,-0.18587227165699005,0.008095464669167995,-0.014014404267072678,0.08435820043087006,0.016552269458770752,-0.1202690377831459,-0.08112998306751251,-0.043390896171331406,-0.29459717869758606,0.04454620182514191,-0.0405251570045948,0.15458211302757263,-0.16136205196380615,-0.05947612598538399,0.08936945348978043]","[-1.1142454147338867,0.5040590167045593,0.29938700795173645,0.8027794361114502,-0.3766177296638489,-0.2630424201488495,-0.4633159041404724,0.16717340052127838,0.05473983287811279,1.0456361770629883,0.04753763973712921,-0.01052267849445343,0.1638248860836029,0.0900888741016388,-0.5342819690704346,-0.4178865849971771,0.2955183982849121,-0.15171122550964355,-0.8406444191932678,-0.0543162003159523,-0.612055242061615,6.126476764678955,-1.017720103263855,0.01484777219593525,0.1390552520751953,-0.0428297221660614,-0.3456467390060425,-2.6960933208465576,-3.480772018432617]",0.0626668632030487,0.07494429498910904,0.03186745569109917,0.17336948215961456,0.09444889426231384,4.722444713115692,0,0,0,0.4789157807826996,0.48244568705558777,0.9875014424324036,0.7878464460372925,0.993399977684021,0.9942628145217896,-0.0019275285303592682,-0.0,-0.0,0.0,0.0,0.0,0.0
287,5.74,287,"[-0.3113580346107483,0.20261211693286896,-0.1049443855881691,0.4587341248989105,-0.16447997093200684,-0.22686068713665009,-0.2790539264678955,-0.053262121975421906,0.025670047849416733,0.6545465588569641,-0.38194477558135986,0.05883599445223808,0.0,0.0,0.0,0.20000000298023224,0.20000000298023224,0.0,0.6000000238418579,0.0,0.0,0.0,0.20000000298023224,-0.20000000298023224,0.0,0.6000000238418579,0.0,0.0,0.0]","[-0.6025080680847168,0.3154749274253845,0.0992206558585167,0.7540155053138733,-0.2529292702674866,-0.13899113237857819,-0.5498905181884766,-0.040405288338661194,-0.0458521731197834,0.7681213617324829,-0.34335535764694214,0.04202381893992424,0.059743620455265045,-0.013277131132781506,-0.08557286858558655,0.18514002859592438,0.2705993354320526,-0.07586846500635147,0.5591659545898438,0.00018761056708171964,-0.015200558118522167,0.4738951623439789,0.007688900455832481,-0.12475831061601639,0.11363308131694794,0.8923020958900452,-0.13826671242713928,-0.15235351026058197,-0.27961432933807373]","[0.0,0.0,0.0,0.0,0.0,0.0,0.0,0.0,0.0,0.0,0.0,0.0,0.0,0.0,0.0,0.0,0.0,0.0,0.0,0.0,0.0,0.0,0.0,0.0,0.0,0.0,0.0,0.0,0.0]","[-0.08845766633749008,-0.07113899290561676,-0.1709437519311905,-0.16635802388191223,0.1755019873380661,-0.029951654374599457,-0.16730858385562897,0.1705862581729889,0.1415882706642151,-0.10164370387792587,0.2077784687280655,-0.04632504656910896,0.018540892750024796,0.001002593315206468,-0.1666940450668335,0.008919971063733101,-0.02070394717156887,0.054372839629650116,0.01786438189446926,-0.12267293781042099,-0.07732100039720535,-0.040021419525146484,-0.247701495885849,0.021040132269263268,-0.03609447553753853,0.14061109721660614,-0.13328471779823303,-0.05765022709965706,0.11027958244085312]","[-1.1228692531585693,0.5097956657409668,0.29667165875434875,0.7872390151023865,-0.39369890093803406,-0.2645661532878876,-0.4656388461589813,0.16335013508796692,0.05708670616149902,1.038454294204712,0.03080908954143524,-0.007033102214336395,0.16581404209136963,0.09120437502861023,-0.5336149334907532,-0.4136558473110199,0.2960590422153473,-0.14915010333061218,-0.8376415967941284,-0.06070353835821152,-0.628218948841095,6.132136821746826,-1.031236171722412,0.011544214561581612,0.13785958290100098,-0.03710184991359711,-0.3484283685684204,-2.7000551223754883,-3.4319074153900146]",0.06424105167388916,0.07229641079902649,0.03194662556052208,0.1724047064781189,0.09448303282260895,4.724151641130447,0,0,0,0.47785788774490356,0.48364633321762085,0.9874325394630432,0.7894921898841858,0.9935556054115295,0.9941829442977905,-0.0020159499254077673,-0.0,-0.0,0.0,0.0,0.0,0.0
288,5.76,288,"[-0.3113580346107483,0.20261211693286896,-0.1049443855881691,0.4587341248989105,-0.16447997093200684,-0.22686068713665009,-0.2790539264678955,-0.053262121975421906,0.025670047849416733,0.6545465588569641,-0.38194477558135986,0.05883599445223808,0.0,0.0,0.0,0.20000000298023224,0.20000000298023224,0.0,0.6000000238418579,0.0,0.0,0.0,0.20000000298023224,-0.20000000298023224,0.0,0.6000000238418579,0.0,0.0,0.0]","[-0.6039925217628479,0.3139355480670929,0.09549222886562347,0.7508415579795837,-0.2495659589767456,-0.1396532654762268,-0.5528098344802856,-0.03693283721804619,-0.043113790452480316,0.7660205364227295,-0.3392627537250519,0.041121240705251694,0.060109835118055344,-0.01326511986553669,-0.08868557959794998,0.18531902134418488,0.2699950337409973,-0.07506850361824036,0.5595360994338989,-0.0025213919579982758,-0.01670394279062748,0.47313693165779114,0.0032921540550887585,-0.12456333637237549,0.11271868646144867,0.8950864672660828,-0.14070777595043182,-0.15346424281597137,-0.27687332034111023]","[0.0,0.0,0.0,0.0,0.0,0.0,0.0,0.0,0.0,0.0,0.0,0.0,0.0,0.0,0.0,0.0,0.0,0.0,0.0,0.0,0.0,0.0,0.0,0.0,0.0,0.0,0.0,0.0,0.0]","[-0.06380637735128403,-0.07693517953157425,-0.19169223308563232,-0.15158164501190186,0.16183724999427795,-0.033568546175956726,-0.13208165764808655,0.1747385561466217,0.13502874970436096,-0.10474123805761337,0.2027657926082611,-0.044966377317905426,0.017416993156075478,9.53774360823445e-05,-0.14510196447372437,0.009290721267461777,-0.03478246554732323,0.03200226277112961,0.018260903656482697,-0.12999989092350006,-0.074069082736969,-0.03680647164583206,-0.2016018182039261,0.006567914038896561,-0.05153297260403633,0.13190127909183502,-0.11057349294424057,-0.05508839711546898,0.13067325949668884]","[-1.131917953491211,0.514564037322998,0.29487723112106323,0.7733179926872253,-0.4085882008075714,-0.2664937376976013,-0.4666208028793335,0.1603502482175827,0.05806075036525726,1.0316256284713745,0.014574199914932251,-0.004399426281452179,0.1683388650417328,0.09434320032596588,-0.5310201048851013,-0.41047152876853943,0.2963641583919525,-0.1478443443775177,-0.8356340527534485,-0.06832071393728256,-0.6415550708770752,6.136755466461182,-1.0451557636260986,0.008205579593777657,0.13712552189826965,-0.03207407891750336,-0.3510625958442688,-2.7027089595794678,-3.3792004585266113]",0.06580034643411636,0.0697774738073349,0.03202435001730919,0.17133523523807526,0.09452944248914719,4.726472124457359,0,0,0,0.4767862558364868,0.48475131392478943,0.9873701333999634,0.7912574410438538,0.9936760067939758,0.994718074798584,-0.0020869732834398746,-0.0,-0.0,0.0,0.0,0.0,0.0
289,5.78,289,"[-0.3113580346107483,0.20261211693286896,-0.1049443855881691,0.4587341248989105,-0.16447997093200684,-0.22686068713665009,-0.2790539264678955,-0.053262121975421906,0.025670047849416733,0.6545465588569641,-0.38194477558135986,0.05883599445223808,0.0,0.0,0.0,0.20000000298023224,0.20000000298023224,0.0,0.6000000238418579,0.0,0.0,0.0,0.20000000298023224,-0.20000000298023224,0.0,0.6000000238418579,0.0,0.0,0.0]","[-0.604982316493988,0.31250834465026855,0.09164071828126907,0.7480117082595825,-0.2465853989124298,-0.14032883942127228,-0.5550484657287598,-0.03342404589056969,-0.040497127920389175,0.7639100551605225,-0.33527976274490356,0.0402354896068573,0.060435447841882706,-0.013270081020891666,-0.09132012724876404,0.18549418449401855,0.2691856920719147,-0.07471198588609695,0.5599181056022644,-0.005461372900754213,-0.01814662106335163,0.472432404756546,-0.00025065027875825763,-0.1244906634092331,0.1114540547132492,0.8977907299995422,-0.14280793070793152,-0.1545199602842331,-0.27373793721199036]","[0.0,0.0,0.0,0.0,0.0,0.0,0.0,0.0,0.0,0.0,0.0,0.0,0.0,0.0,0.0,0.0,0.0,0.0,0.0,0.0,0.0,0.0,0.0,0.0,0.0,0.0,0.0,0.0,0.0]","[-0.04027772322297096,-0.06812775880098343,-0.19152280688285828,-0.13476219773292542,0.1421603113412857,-0.03329422324895859,-0.10024856775999069,0.17484597861766815,0.1287875473499298,-0.10351192206144333,0.19662119448184967,-0.04420846700668335,0.015418373048305511,-0.00041398353641852736,-0.12166843563318253,0.008809080347418785,-0.04381953552365303,0.010677579790353775,0.018775908276438713,-0.1416894793510437,-0.07159462571144104,-0.034288547933101654,-0.15995033085346222,0.0030751489102840424,-0.06644897162914276,0.1299675554037094,-0.09574435651302338,-0.05241764336824417,0.1483914852142334]","[-1.1410021781921387,0.519323468208313,0.293698251247406,0.7608902454376221,-0.42205697298049927,-0.26828351616859436,-0.4664795696735382,0.15811461210250854,0.05800427496433258,1.025170087814331,-0.0013933032751083374,-0.002241984009742737,0.17093604803085327,0.0977867990732193,-0.5273895859718323,-0.4080984890460968,0.2965010106563568,-0.14791300892829895,-0.834355890750885,-0.07725425809621811,-0.6523432731628418,6.139925956726074,-1.0589044094085693,0.003736095502972603,0.13633203506469727,-0.027500495314598083,-0.35411614179611206,-2.704343795776367,-3.3228650093078613]",0.06734905391931534,0.06740383803844452,0.03210550546646118,0.1701825112104416,0.09457312524318695,4.7286562621593475,0,0,0,0.47569963335990906,0.48576438426971436,0.9873065948486328,0.7932022213935852,0.9937723875045776,0.9951177835464478,-0.002206741599366069,-0.0,-0.0,0.0,0.0,0.0,0.0
290,5.8,290,"[-0.3113580346107483,0.20261211693286896,-0.1049443855881691,0.4587341248989105,-0.16447997093200684,-0.22686068713665009,-0.2790539264678955,-0.053262121975421906,0.025670047849416733,0.6545465588569641,-0.38194477558135986,0.05883599445223808,0.0,0.0,0.0,0.20000000298023224,0.20000000298023224,0.0,0.6000000238418579,0.0,0.0,0.0,0.20000000298023224,-0.20000000298023224,0.0,0.6000000238418579,0.0,0.0,0.0]","[-0.6055848598480225,0.3112435042858124,0.08785821497440338,0.7454869747161865,-0.2439447045326233,-0.14098720252513885,-0.5567551851272583,-0.029969481751322746,-0.03801969811320305,0.7618839144706726,-0.331450492143631,0.03936472907662392,0.060732465237379074,-0.013277771882712841,-0.09352920204401016,0.18565304577350616,0.2681798040866852,-0.07462427020072937,0.5603085160255432,-0.008672012016177177,-0.01954188011586666,0.47177839279174805,-0.0029756324365735054,-0.12446369975805283,0.10998264700174332,0.9004508852958679,-0.14470313489437103,-0.15552742779254913,-0.27026107907295227]","[0.0,0.0,0.0,0.0,0.0,0.0,0.0,0.0,0.0,0.0,0.0,0.0,0.0,0.0,0.0,0.0,0.0,0.0,0.0,0.0,0.0,0.0,0.0,0.0,0.0,0.0,0.0,0.0,0.0]","[-0.023466862738132477,-0.060945481061935425,-0.1870144158601761,-0.12056249380111694,0.12721168994903564,-0.032238174229860306,-0.0767904669046402,0.170582115650177,0.12145867943763733,-0.09774427860975266,0.18800309300422668,-0.04337364807724953,0.014309120364487171,-0.00042761993245221674,-0.10184088349342346,0.00792585127055645,-0.053922295570373535,0.0018428382463753223,0.019150830805301666,-0.1548275351524353,-0.06933016330003738,-0.03178473189473152,-0.12017448991537094,0.0012649523559957743,-0.07332583516836166,0.12849539518356323,-0.08726869523525238,-0.04998090863227844,0.1639815717935562]","[-1.148866057395935,0.5231748223304749,0.2917401194572449,0.7501139640808105,-0.4336100220680237,-0.26989051699638367,-0.4670928418636322,0.15699858963489532,0.05756779760122299,1.0188348293304443,-0.016405925154685974,-0.000264585018157959,0.1733357012271881,0.10094170272350311,-0.5236071944236755,-0.40654924511909485,0.2965003252029419,-0.14900702238082886,-0.8331959843635559,-0.08713880926370621,-0.6603732109069824,6.14186429977417,-1.0723305940628052,-0.0022668372839689255,0.13454027473926544,-0.023942753672599792,-0.357502818107605,-2.7049643993377686,-3.2643110752105713]",0.06888723373413086,0.06521831452846527,0.03219324350357056,0.16900143027305603,0.09461776167154312,4.730888083577156,0,0,0,0.47459760308265686,0.48667293787002563,0.9872398376464844,0.7951817512512207,0.9938675761222839,0.9955664873123169,-0.002238706685602665,-0.0,-0.0,0.0,0.0,0.0,0.0
291,5.82,291,"[-0.3113580346107483,0.20261211693286896,-0.1049443855881691,0.4587341248989105,-0.16447997093200684,-0.22686068713665009,-0.2790539264678955,-0.053262121975421906,0.025670047849416733,0.6545465588569641,-0.38194477558135986,0.05883599445223808,0.0,0.0,0.0,0.20000000298023224,0.20000000298023224,0.0,0.6000000238418579,0.0,0.0,0.0,0.20000000298023224,-0.20000000298023224,0.0,0.6000000238418579,0.0,0.0,0.0]","[-0.6059375405311584,0.310078501701355,0.0841602012515068,0.743221640586853,-0.24153444170951843,-0.141618549823761,-0.5580909252166748,-0.02663450501859188,-0.035693373531103134,0.7600066661834717,-0.32781195640563965,0.0385136678814888,0.06101362779736519,-0.013284072279930115,-0.09538634866476059,0.18579807877540588,0.26698821783065796,-0.0746191069483757,0.5607040524482727,-0.012146511115133762,-0.020889125764369965,0.47116824984550476,-0.004949793219566345,-0.12446916848421097,0.10839484632015228,0.9030563831329346,-0.14647360146045685,-0.1564861685037613,-0.26647722721099854]","[0.0,0.0,0.0,0.0,0.0,0.0,0.0,0.0,0.0,0.0,0.0,0.0,0.0,0.0,0.0,0.0,0.0,0.0,0.0,0.0,0.0,0.0,0.0,0.0,0.0,0.0,0.0,0.0,0.0]","[-0.013706408441066742,-0.05706403777003288,-0.183063343167305,-0.10828441381454468,0.11754243820905685,-0.030753547325730324,-0.06124097481369972,0.16378918290138245,0.11377455294132233,-0.08961004763841629,0.17811524868011475,-0.04227916896343231,0.013663239777088165,-0.0003413409285712987,-0.085856594145298,0.007330380845814943,-0.062114015221595764,-0.0007089543505571783,0.019366199150681496,-0.16740411520004272,-0.06690946966409683,-0.0297903623431921,-0.0845256820321083,-0.00022200444072950631,-0.07795477658510208,0.12599964439868927,-0.08200810104608536,-0.04743742570281029,0.17796191573143005]","[-1.1547846794128418,0.5261839032173157,0.2891908288002014,0.7407376170158386,-0.4435502588748932,-0.2711615264415741,-0.468781977891922,0.15699908137321472,0.057033926248550415,1.0122849941253662,-0.030365511775016785,0.0016789361834526062,0.17523548007011414,0.10373882949352264,-0.520271360874176,-0.405862957239151,0.2959672212600708,-0.1510871946811676,-0.8322517275810242,-0.09742952138185501,-0.666063666343689,6.142399311065674,-1.0852336883544922,-0.00966147892177105,0.131151020526886,-0.02149243652820587,-0.36090317368507385,-2.704805612564087,-3.2041256427764893]",0.07041484117507935,0.06324663013219833,0.0322893001139164,0.16781774163246155,0.09465834498405457,4.732917249202728,0,0,0,0.4734809994697571,0.4874716103076935,0.9871676564216614,0.7971384525299072,0.9939574599266052,0.9959626793861389,-0.0022616225760430098,-0.0,-0.0,0.0,0.0,0.0,0.0
292,5.84,292,"[-0.3113580346107483,0.20261211693286896,-0.1049443855881691,0.4587341248989105,-0.16447997093200684,-0.22686068713665009,-0.2790539264678955,-0.053262121975421906,0.025670047849416733,0.6545465588569641,-0.38194477558135986,0.05883599445223808,0.0,0.0,0.0,0.20000000298023224,0.20000000298023224,0.0,0.6000000238418579,0.0,0.0,0.0,0.20000000298023224,-0.20000000298023224,0.0,0.6000000238418579,0.0,0.0,0.0]","[-0.6061626672744751,0.3089624047279358,0.08053113520145416,0.7411802411079407,-0.2392699122428894,-0.14221450686454773,-0.5591943860054016,-0.023447923362255096,-0.03351569548249245,0.7582992315292358,-0.32436805963516235,0.037687499076128006,0.06128261238336563,-0.013287091627717018,-0.09696277230978012,0.18593895435333252,0.2657311260700226,-0.07480374723672867,0.5610992908477783,-0.015854258090257645,-0.022185485810041428,0.4705846607685089,-0.006279041059315205,-0.12450451403856277,0.1066736951470375,0.9055829644203186,-0.14815926551818848,-0.15739290416240692,-0.2624247670173645]","[0.0,0.0,0.0,0.0,0.0,0.0,0.0,0.0,0.0,0.0,0.0,0.0,0.0,0.0,0.0,0.0,0.0,0.0,0.0,0.0,0.0,0.0,0.0,0.0,0.0,0.0,0.0,0.0,0.0]","[-0.010017150081694126,-0.055227797478437424,-0.1799362152814865,-0.09767509996891022,0.11137592792510986,-0.02885936200618744,-0.05248327553272247,0.1561742126941681,0.10640139132738113,-0.08117184787988663,0.168697789311409,-0.040955837815999985,0.013136414811015129,-0.0001724059839034453,-0.0737701877951622,0.007150680758059025,-0.06317627429962158,-0.012601617723703384,0.019353779032826424,-0.1781722605228424,-0.06430312246084213,-0.02861691638827324,-0.054525040090084076,-0.0016687613679096103,-0.08512286841869354,0.12204485386610031,-0.07827841490507126,-0.04474521800875664,0.1899508237838745]","[-1.158571481704712,0.5285279154777527,0.28630977869033813,0.7324644923210144,-0.45224422216415405,-0.27203992009162903,-0.4713098704814911,0.15787601470947266,0.05648002028465271,1.005521535873413,-0.04346678406000137,0.0036643072962760925,0.17659440636634827,0.10633532702922821,-0.5176470875740051,-0.4060790240764618,0.2946828007698059,-0.15395891666412354,-0.831642210483551,-0.1078050509095192,-0.6699645519256592,6.141354084014893,-1.0974161624908447,-0.0182120930403471,0.1262046992778778,-0.01994793862104416,-0.3642251491546631,-2.7040247917175293,-3.1425907611846924]",0.07193228602409363,0.06149371713399887,0.032394763082265854,0.16665777564048767,0.0946941003203392,4.73470501601696,0,0,0,0.4723500609397888,0.48816388845443726,0.9870887994766235,0.7990683317184448,0.9940402507781982,0.9962922930717468,-0.002299023326486349,-0.0,-0.0,0.0,0.0,0.0,0.0
293,5.86,293,"[-0.3113580346107483,0.20261211693286896,-0.1049443855881691,0.4587341248989105,-0.16447997093200684,-0.22686068713665009,-0.2790539264678955,-0.053262121975421906,0.025670047849416733,0.6545465588569641,-0.38194477558135986,0.05883599445223808,0.0,0.0,0.0,0.20000000298023224,0.20000000298023224,0.0,0.6000000238418579,0.0,0.0,0.0,0.20000000298023224,-0.20000000298023224,0.0,0.6000000238418579,0.0,0.0,0.0]","[-0.6063494086265564,0.3078692853450775,0.07696575671434402,0.7393285632133484,-0.23710060119628906,-0.1427690088748932,-0.560175359249115,-0.020413203164935112,-0.03147093579173088,0.7567552328109741,-0.32109397649765015,0.036891013383865356,0.06154101341962814,-0.013285936787724495,-0.09831491857767105,0.18607918918132782,0.2645144760608673,-0.07531072199344635,0.5614925026893616,-0.019744975492358208,-0.02342688851058483,0.47001954913139343,-0.007098616100847721,-0.12457000464200974,0.10474926978349686,0.9080122709274292,-0.14977900683879852,-0.15824447572231293,-0.25815126299858093]","[0.0,0.0,0.0,0.0,0.0,0.0,0.0,0.0,0.0,0.0,0.0,0.0,0.0,0.0,0.0,0.0,0.0,0.0,0.0,0.0,0.0,0.0,0.0,0.0,0.0,0.0,0.0,0.0,0.0]","[-0.008894383907318115,-0.05426513031125069,-0.176541268825531,-0.08889084309339523,0.1072622612118721,-0.026746587827801704,-0.047703418880701065,0.14873847365379333,0.10025514662265778,-0.07331418991088867,0.16086618602275848,-0.03939666971564293,0.012645146809518337,2.6900579541688785e-05,-0.06291449815034866,0.007109791971743107,-0.06008297577500343,-0.02929878979921341,0.019291935488581657,-0.18638063967227936,-0.061490271240472794,-0.027676360681653023,-0.032156579196453094,-0.00315358629450202,-0.096164271235466,0.11733783036470413,-0.07525584101676941,-0.04191229119896889,0.199605330824852]","[-1.1604372262954712,0.5304096937179565,0.28313514590263367,0.7250425219535828,-0.45991837978363037,-0.27257034182548523,-0.4743386209011078,0.15915115177631378,0.05601047724485397,0.9988204836845398,-0.056021325290203094,0.005779631435871124,0.17748034000396729,0.10880784690380096,-0.5157610177993774,-0.407144695520401,0.2927294969558716,-0.1571860909461975,-0.8313366770744324,-0.11813730746507645,-0.6724993586540222,6.1386213302612305,-1.108868956565857,-0.027678770944476128,0.12002440541982651,-0.018964089453220367,-0.36745449900627136,-2.702634572982788,-3.079930067062378]",0.0734410509467125,0.05995107442140579,0.03251040726900101,0.16554002463817596,0.09472557157278061,4.7362785786390305,0,0,0,0.47120487689971924,0.4887586832046509,0.9870017766952515,0.8009829521179199,0.9941203594207764,0.9965575337409973,-0.0023473049513995647,-0.0,-0.0,0.0,0.0,0.0,0.0
294,5.88,294,"[-0.3113580346107483,0.20261211693286896,-0.1049443855881691,0.4587341248989105,-0.16447997093200684,-0.22686068713665009,-0.2790539264678955,-0.053262121975421906,0.025670047849416733,0.6545465588569641,-0.38194477558135986,0.05883599445223808,0.0,0.0,0.0,0.20000000298023224,0.20000000298023224,0.0,0.6000000238418579,0.0,0.0,0.0,0.20000000298023224,-0.20000000298023224,0.0,0.6000000238418579,0.0,0.0,0.0]","[-0.6065201759338379,0.30679014325141907,0.07347714155912399,0.7376294136047363,-0.23499801754951477,-0.1432798206806183,-0.5610858798027039,-0.01752033270895481,-0.029529985040426254,0.7553562521934509,-0.3179531693458557,0.03612859919667244,0.06178927421569824,-0.013280565850436687,-0.09944844990968704,0.18621726334095,0.263365238904953,-0.07611944526433945,0.5618847012519836,-0.023773031309247017,-0.024609331041574478,0.46947187185287476,-0.007582351099699736,-0.12466661632061005,0.10255780816078186,0.9103575348854065,-0.15134894847869873,-0.15903669595718384,-0.2537040710449219]","[0.0,0.0,0.0,0.0,0.0,0.0,0.0,0.0,0.0,0.0,0.0,0.0,0.0,0.0,0.0,0.0,0.0,0.0,0.0,0.0,0.0,0.0,0.0,0.0,0.0,0.0,0.0,0.0,0.0]","[-0.008192690089344978,-0.0535263828933239,-0.17230479419231415,-0.0819089338183403,0.10422369092702866,-0.02455819398164749,-0.044925231486558914,0.14200319349765778,0.09572089463472366,-0.06649133563041687,0.1549755334854126,-0.0376444011926651,0.012127000838518143,0.00024006729654502124,-0.05183095484972,0.006897368002682924,-0.056678030639886856,-0.04291180521249771,0.019311362877488136,-0.19259026646614075,-0.058489833027124405,-0.026811029762029648,-0.02029586024582386,-0.004704370629042387,-0.10986057668924332,0.11553692072629929,-0.07297702133655548,-0.03861130401492119,0.20705008506774902]","[-1.160758376121521,0.5320247411727905,0.27967149019241333,0.7181885242462158,-0.46678411960601807,-0.2728283703327179,-0.47754955291748047,0.16055229306221008,0.05552630126476288,0.9922826886177063,-0.06834208220243454,0.008027851581573486,0.1780126690864563,0.11122003197669983,-0.5145255327224731,-0.40882018208503723,0.29016831517219543,-0.16068261861801147,-0.8312520384788513,-0.12843865156173706,-0.6740233302116394,6.134103298187256,-1.1193950176239014,-0.037860795855522156,0.11297883838415146,-0.018196694552898407,-0.37067195773124695,-2.700676441192627,-3.0162100791931152]",0.07494544237852097,0.05860179290175438,0.03263678401708603,0.164470374584198,0.09475310146808624,4.737655073404312,0,0,0,0.4700431525707245,0.4892672002315521,0.9869056940078735,0.8028855323791504,0.9942049384117126,0.9967577457427979,-0.002409100765362382,-0.0,-0.0,0.0,0.0,0.0,0.0
295,5.9,295,"[-0.3113580346107483,0.20261211693286896,-0.1049443855881691,0.4587341248989105,-0.16447997093200684,-0.22686068713665009,-0.2790539264678955,-0.053262121975421906,0.025670047849416733,0.6545465588569641,-0.38194477558135986,0.05883599445223808,0.0,0.0,0.0,0.20000000298023224,0.20000000298023224,0.0,0.6000000238418579,0.0,0.0,0.0,0.20000000298023224,-0.20000000298023224,0.0,0.6000000238418579,0.0,0.0,0.0]","[-0.6066757440567017,0.30572476983070374,0.07008082419633865,0.7360472083091736,-0.23294486105442047,-0.14374664425849915,-0.5619537830352783,-0.01475305575877428,-0.02766459807753563,0.7540785670280457,-0.3149067759513855,0.03540266305208206,0.0620245486497879,-0.013270493596792221,-0.10035628080368042,0.18635085225105286,0.26228293776512146,-0.07716963440179825,0.5622754096984863,-0.02791055664420128,-0.02573130838572979,0.4689364731311798,-0.007959907874464989,-0.1247953325510025,0.1000698134303093,0.912692666053772,-0.15288574993610382,-0.15976446866989136,-0.24911858141422272]","[0.0,0.0,0.0,0.0,0.0,0.0,0.0,0.0,0.0,0.0,0.0,0.0,0.0,0.0,0.0,0.0,0.0,0.0,0.0,0.0,0.0,0.0,0.0,0.0,0.0,0.0,0.0,0.0,0.0]","[-0.00743575906381011,-0.0528339259326458,-0.16748088598251343,-0.07674986124038696,0.1020391583442688,-0.02238457091152668,-0.04316210374236107,0.13600434362888336,0.09233593940734863,-0.06094082072377205,0.1509183943271637,-0.03579554706811905,0.011436529457569122,0.00046675512567162514,-0.04056369885802269,0.006690244656056166,-0.05344034358859062,-0.05387929826974869,0.019188646227121353,-0.19758567214012146,-0.05548502504825592,-0.0262842308729887,-0.018274033442139626,-0.006290890742093325,-0.12476670742034912,0.11492978036403656,-0.07147958874702454,-0.035572245717048645,0.2130841165781021]","[-1.1598780155181885,0.5335156917572021,0.2759794592857361,0.7116408348083496,-0.4730314016342163,-0.27286604046821594,-0.48071545362472534,0.16202321648597717,0.05484794080257416,0.9858583807945251,-0.08073625713586807,0.010367706418037415,0.17826169729232788,0.11363406479358673,-0.5137870907783508,-0.4108317792415619,0.2870098948478699,-0.1646483838558197,-0.8313061594963074,-0.13877390325069427,-0.6749449372291565,6.1276631355285645,-1.1285980939865112,-0.04859180748462677,0.10537036508321762,-0.017398379743099213,-0.37394922971725464,-2.6983070373535156,-2.9513585567474365]",0.07645121961832047,0.057424962520599365,0.032776493579149246,0.163456529378891,0.0947766825556755,4.738834127783775,0,0,0,0.46886056661605835,0.4897018373012543,0.9867967963218689,0.8047544360160828,0.9943097829818726,0.9968991279602051,-0.002488661091774702,-0.0,-0.0,0.0,0.0,0.0,0.0
296,5.92,296,"[-0.3113580346107483,0.20261211693286896,-0.1049443855881691,0.4587341248989105,-0.16447997093200684,-0.22686068713665009,-0.2790539264678955,-0.053262121975421906,0.025670047849416733,0.6545465588569641,-0.38194477558135986,0.05883599445223808,0.0,0.0,0.0,0.20000000298023224,0.20000000298023224,0.0,0.6000000238418579,0.0,0.0,0.0,0.20000000298023224,-0.20000000298023224,0.0,0.6000000238418579,0.0,0.0,0.0]","[-0.6068148016929626,0.3046688139438629,0.0667768344283104,0.7345407605171204,-0.23092088103294373,-0.1441706269979477,-0.5627846121788025,-0.012102669104933739,-0.025868382304906845,0.7528908848762512,-0.3119262754917145,0.03471451997756958,0.062245924025774,-0.013255891390144825,-0.10105060040950775,0.1864818036556244,0.26126277446746826,-0.07843279093503952,0.5626606941223145,-0.032142993062734604,-0.02679404988884926,0.46840500831604004,-0.008330103941261768,-0.12495877593755722,0.0972810685634613,0.9149512052536011,-0.1544075459241867,-0.1604422777891159,-0.2444179207086563]","[0.0,0.0,0.0,0.0,0.0,0.0,0.0,0.0,0.0,0.0,0.0,0.0,0.0,0.0,0.0,0.0,0.0,0.0,0.0,0.0,0.0,0.0,0.0,0.0,0.0,0.0,0.0,0.0,0.0]","[-0.006613296922296286,-0.05248419940471649,-0.16303032636642456,-0.07372064143419266,0.1009482890367508,-0.020279379561543465,-0.0412290059030056,0.13024212419986725,0.08876639604568481,-0.0571170300245285,0.1480272114276886,-0.033905718475580215,0.01080797053873539,0.0006762357079423964,-0.03037772886455059,0.0065701608546078205,-0.05059109255671501,-0.06395363807678223,0.01888599991798401,-0.20199337601661682,-0.052561160176992416,-0.026193277910351753,-0.018413210287690163,-0.008405346423387527,-0.13876330852508545,0.10901062190532684,-0.07089702785015106,-0.03335971385240555,0.21813687682151794]","[-1.158017635345459,0.534977376461029,0.2721075415611267,0.7051955461502075,-0.4788457155227661,-0.27273276448249817,-0.4837433695793152,0.16354502737522125,0.053918421268463135,0.9794907569885254,-0.0934344083070755,0.012814745306968689,0.17826229333877563,0.1160874217748642,-0.5134362578392029,-0.41297367215156555,0.2833041548728943,-0.16919943690299988,-0.8314635157585144,-0.14922018349170685,-0.6756308674812317,6.1192426681518555,-1.13625168800354,-0.0597258061170578,0.09737508744001389,-0.016336120665073395,-0.3773217797279358,-2.6956663131713867,-2.8852956295013428]",0.07795948535203934,0.05640518292784691,0.03293012082576752,0.16249220073223114,0.09479664266109467,4.739832133054733,0,0,0,0.46765512228012085,0.49007222056388855,0.9866724610328674,0.8065800070762634,0.9944229125976562,0.9970155358314514,-0.002586016897112131,-0.0,-0.0,0.0,0.0,0.0,0.0
297,5.94,297,"[-0.3113580346107483,0.20261211693286896,-0.1049443855881691,0.4587341248989105,-0.16447997093200684,-0.22686068713665009,-0.2790539264678955,-0.053262121975421906,0.025670047849416733,0.6545465588569641,-0.38194477558135986,0.05883599445223808,0.0,0.0,0.0,0.20000000298023224,0.20000000298023224,0.0,0.6000000238418579,0.0,0.0,0.0,0.20000000298023224,-0.20000000298023224,0.0,0.6000000238418579,0.0,0.0,0.0]","[-0.6069355607032776,0.3036152124404907,0.0635523870587349,0.7330698370933533,-0.22890383005142212,-0.14455419778823853,-0.5635668635368347,-0.009566804394125938,-0.024152269586920738,0.7517553567886353,-0.3089953064918518,0.03406506031751633,0.062458351254463196,-0.01323658972978592,-0.10156343877315521,0.18660980463027954,0.26028746366500854,-0.07989334315061569,0.5630390048027039,-0.03646054491400719,-0.027799485251307487,0.46786928176879883,-0.008704512380063534,-0.125223308801651,0.09430202841758728,0.917048454284668,-0.15592774748802185,-0.1610812097787857,-0.2396087497472763]","[0.0,0.0,0.0,0.0,0.0,0.0,0.0,0.0,0.0,0.0,0.0,0.0,0.0,0.0,0.0,0.0,0.0,0.0,0.0,0.0,0.0,0.0,0.0,0.0,0.0,0.0,0.0,0.0,0.0]","[-0.005692657548934221,-0.05256028100848198,-0.1593453735113144,-0.0725402981042862,0.10091859847307205,-0.01830713450908661,-0.038505006581544876,0.12446761131286621,0.0844968631863594,-0.05519388988614082,0.14577384293079376,-0.03196588531136513,0.010553413070738316,0.000938585726544261,-0.021950243040919304,0.006352858617901802,-0.04899736866354942,-0.07335078716278076,0.0185292586684227,-0.2059379518032074,-0.04974702373147011,-0.02649874798953533,-0.018607303500175476,-0.017512919381260872,-0.14207281172275543,0.09981471300125122,-0.07096686959266663,-0.03162157163023949,0.22345463931560516]","[-1.155217170715332,0.5364589095115662,0.26811516284942627,0.6987197399139404,-0.48434239625930786,-0.27251580357551575,-0.48675087094306946,0.16515257954597473,0.052835866808891296,0.973103940486908,-0.1064477413892746,0.015414431691169739,0.17803159356117249,0.11862914264202118,-0.5133610963821411,-0.41502436995506287,0.2791706621646881,-0.1742299497127533,-0.8317545056343079,-0.1597762256860733,-0.6763051748275757,6.108922481536865,-1.1426801681518555,-0.07107438147068024,0.08897391706705093,-0.014905281364917755,-0.3807452321052551,-2.6928176879882812,-2.8179357051849365]",0.07946723699569702,0.05553112551569939,0.03309473395347595,0.16157536208629608,0.09481360763311386,4.740680381655693,0,0,0,0.46642887592315674,0.49038538336753845,0.9865337014198303,0.8083600401878357,0.994531512260437,0.9971405267715454,-0.002699699718505144,-0.0,-0.0,0.0,0.0,0.0,0.0
298,5.96,298,"[-0.3113580346107483,0.20261211693286896,-0.1049443855881691,0.4587341248989105,-0.16447997093200684,-0.22686068713665009,-0.2790539264678955,-0.053262121975421906,0.025670047849416733,0.6545465588569641,-0.38194477558135986,0.05883599445223808,0.0,0.0,0.0,0.20000000298023224,0.20000000298023224,0.0,0.6000000238418579,0.0,0.0,0.0,0.20000000298023224,-0.20000000298023224,0.0,0.6000000238418579,0.0,0.0,0.0]","[-0.6070367693901062,0.3025591969490051,0.06039650738239288,0.7315974235534668,-0.22687026858329773,-0.1449006199836731,-0.5642872452735901,-0.007145445793867111,-0.022529421374201775,0.7506331205368042,-0.3061036765575409,0.03345469385385513,0.06266684830188751,-0.013211468234658241,-0.101942278444767,0.18673576414585114,0.2593247890472412,-0.08152564615011215,0.5634099841117859,-0.040844712406396866,-0.02875029854476452,0.4673221707344055,-0.00908281747251749,-0.1257297545671463,0.09126513451337814,0.9189574718475342,-0.15743184089660645,-0.16168345510959625,-0.2346768081188202]","[0.0,0.0,0.0,0.0,0.0,0.0,0.0,0.0,0.0,0.0,0.0,0.0,0.0,0.0,0.0,0.0,0.0,0.0,0.0,0.0,0.0,0.0,0.0,0.0,0.0,0.0,0.0,0.0,0.0]","[-0.004793650005012751,-0.05270986258983612,-0.15597668290138245,-0.07330596446990967,0.10211370885372162,-0.016528639942407608,-0.03537977859377861,0.11877629905939102,0.07969097793102264,-0.055256664752960205,0.1439739465713501,-0.03001997247338295,0.01045279297977686,0.0012375508667901158,-0.01676255278289318,0.0062937247566878796,-0.04899836331605911,-0.08137362450361252,0.018245449289679527,-0.2090303897857666,-0.04702617973089218,-0.027159303426742554,-0.018775340169668198,-0.03210090845823288,-0.14342284202575684,0.09069772809743881,-0.07010902464389801,-0.029752900823950768,0.22932203114032745]","[-1.1515281200408936,0.5379296541213989,0.26411858201026917,0.6921003460884094,-0.4894362688064575,-0.272238165140152,-0.48990651965141296,0.16692541539669037,0.05170269310474396,0.9665247797966003,-0.11977268755435944,0.018160216510295868,0.17752289772033691,0.1212870180606842,-0.513424813747406,-0.4168759286403656,0.27473798394203186,-0.17948970198631287,-0.8322240710258484,-0.17028620839118958,-0.6772009134292603,6.0965447425842285,-1.1482722759246826,-0.08221881091594696,0.08008363097906113,-0.013228513300418854,-0.38387903571128845,-2.690075397491455,-2.7492778301239014]",0.08096924424171448,0.05478823184967041,0.03326423093676567,0.160708948969841,0.09482717514038086,4.741358757019043,0,0,0,0.4651857018470764,0.4906478226184845,0.9863850474357605,0.8100703358650208,0.9946238994598389,0.99726402759552,-0.0028178365901112556,-0.0,-0.0,0.0,0.0,0.0,0.0
