step,sim_time_s,motion_frame,reference_joint_pos,actual_joint_pos,reference_joint_vel,actual_joint_vel,policy_action,anchor_position_error,anchor_rotation_error,body_position_error,body_rotation_error,total_reward,total_reward_rate,terminated,truncated,done,reward/motion_global_root_pos,reward/motion_global_root_ori,reward/motion_body_pos,reward/motion_body_ori,reward/motion_body_lin_vel,reward/motion_body_ang_vel,reward/action_rate_l2,reward/joint_limit,reward/self_collisions,termination/time_out,termination/anchor_pos,termination/anchor_ori,termination/ee_body_pos
0,0.0,0,"[-0.31200000643730164,0.0,0.0,0.6690000295639038,-0.3630000054836273,0.0,-0.31200000643730164,0.0,0.0,0.6690000295639038,-0.3630000054836273,0.0,0.0,0.0,0.0,0.20000000298023224,0.20000000298023224,0.0,0.6000000238418579,0.0,0.0,0.0,0.20000000298023224,-0.20000000298023224,0.0,0.6000000238418579,0.0,0.0,0.0]","[-0.30669352412223816,-0.003478732192888856,-0.0017359218327328563,0.6505388021469116,-0.34500622749328613,-0.0008741695783101022,-0.3046518862247467,-0.0002248171076644212,0.0014908360317349434,0.6548120975494385,-0.33440834283828735,0.0034125701058655977,0.00490539288148284,-0.0021801150869578123,0.003177211619913578,0.19751538336277008,0.20031270384788513,0.0003862901940010488,0.6182555556297302,-0.0005381453083828092,-0.0024827769957482815,-5.549576962948777e-05,0.1972261518239975,-0.19883662462234497,-0.005170425400137901,0.6127322912216187,-0.0029543086420744658,0.0009661552030593157,-0.0005989262717776]","[-0.1439303159713745,-0.18440689146518707,-0.052548717707395554,-0.3897666931152344,0.3597959876060486,-0.051044587045907974,0.06860941648483276,0.0230407677590847,-0.047802168875932693,-0.03923177719116211,0.33213645219802856,0.05057002976536751,0.13759943842887878,-0.03945637866854668,0.1918039619922638,-0.029940903186798096,0.0374913215637207,0.004282774403691292,-0.0697016716003418,-0.004515498410910368,-0.012242410331964493,0.001168852555565536,-0.09490475058555603,-0.02370476722717285,-0.006950163748115301,-0.10811090469360352,0.00546393683180213,-0.028002653270959854,-0.0004745328624267131]","[0.21702614426612854,-0.10928501933813095,-0.04401199147105217,-0.13499438762664795,0.5556521415710449,-0.022701503708958626,0.2383827269077301,-0.031072193756699562,0.06038587540388107,-0.01054364163428545,0.8212466239929199,0.12097945809364319,0.28865811228752136,-0.11561602354049683,0.3340589702129364,-0.27880555391311646,-0.06353113055229187,0.025317296385765076,1.5987091064453125,-0.03411322832107544,-0.07945365458726883,-0.002151855966076255,-0.3009418547153473,0.1411607563495636,-0.3794529139995575,1.25501549243927,-0.17137329280376434,0.09168945997953415,-0.040829937905073166]","[-0.21729902923107147,0.014540966600179672,-0.12364266067743301,0.416750431060791,-0.13692602515220642,-0.020639240741729736,-0.2667640447616577,-0.04541751742362976,0.08234478533267975,0.44846558570861816,0.19987253844738007,0.09694945812225342,0.05053430050611496,-0.14379794895648956,-0.1148885190486908,-0.13581085205078125,0.17849765717983246,0.058234430849552155,-0.2938464879989624,-0.015880532562732697,-0.3701208829879761,0.09948078542947769,-0.2735346853733063,-0.1501440554857254,-0.15196019411087036,-0.40564703941345215,-0.04842880368232727,-0.11249420046806335,-0.20988182723522186]",0.003302603494375944,0.0063588498160243034,0.005349795334041119,0.02579113282263279,0.08671575784683228,4.335787892341614,0,0,0,0.49995723366737366,0.49992698431015015,0.9997259974479675,0.9962247610092163,0.9938528537750244,0.9729589223861694,-0.6268590688705444,-0.0,-0.0,0.0,0.0,0.0,0.0
1,0.02,1,"[-0.3148786127567291,-0.0036881377454847097,-0.001050974358804524,0.6612046957015991,-0.35580408573150635,-0.0010208917083218694,-0.310627818107605,0.0004608153540175408,-0.0009560433682054281,0.6682153940200806,-0.35635727643966675,0.001011400599963963,0.0027519885916262865,-0.0007891275454312563,0.003836079267784953,0.19940118491649628,0.20074982941150665,8.565548341721296e-05,0.5986059904098511,-9.03099644347094e-05,-0.0002448481973260641,2.3377049728878774e-05,0.19810190796852112,-0.2004740983247757,-0.00013900327030569315,0.5978378057479858,0.00010927873518085107,-0.0005600530421361327,-9.490657248534262e-06]","[-0.3087618052959442,-0.004485738463699818,-0.0024836896918714046,0.6610322594642639,-0.34431159496307373,-0.0008564888848923147,-0.3058130443096161,-0.0006649927818216383,0.0015218985499814153,0.6655763387680054,-0.3352198302745819,0.004324312321841717,0.008275073021650314,-0.0040137567557394505,0.006163269747048616,0.19748170673847198,0.19788840413093567,0.0006363237625919282,0.6470447778701782,-0.0015907676424831152,-0.003759546671062708,-6.399517587851733e-06,0.19299107789993286,-0.19746075570583344,-0.00848427228629589,0.6391189694404602,-0.009590666741132736,0.0020276466384530067,-0.0013233479112386703]","[-0.38400739431381226,-0.23244647681713104,0.06752828508615494,-0.3898531198501587,0.25983303785324097,-0.1467026323080063,0.103750079870224,0.19430887699127197,-0.06377952545881271,0.08622407913208008,0.45687928795814514,0.11723167449235916,0.15033024549484253,-0.028002751991152763,0.25374332070350647,-0.04654601216316223,0.05992315709590912,0.009434456937015057,-0.06015598773956299,0.00447802385315299,-0.023696472868323326,0.002091794740408659,-0.16161911189556122,-0.00893324613571167,-0.01680070161819458,-0.09658187627792358,0.009687548503279686,-0.03273339197039604,-0.005792124196887016]","[-0.13396380841732025,-0.030846908688545227,-0.03635885939002037,0.6292824149131775,-0.16833408176898956,0.011242642998695374,-0.07444232702255249,-0.014179273508489132,-0.013650336302816868,0.6024439334869385,-0.38412293791770935,0.011989411897957325,0.11746600270271301,-0.08649589121341705,0.06098753213882446,0.16505621373653412,-0.15061679482460022,0.007386744022369385,1.3099186420440674,-0.0553889162838459,-0.05801592022180557,0.0038956475909799337,-0.11555659770965576,0.041135966777801514,-0.08990222215652466,1.2830086946487427,-0.34138235449790955,0.03505348786711693,-0.036566272377967834]","[-0.3975110650062561,0.1116252988576889,-0.2290659248828888,0.6573984026908875,-0.20834830403327942,-0.05205434560775757,-0.4269371032714844,-0.1717452108860016,0.15610140562057495,0.6148950457572937,0.19852954149246216,0.10231643170118332,0.009579837322235107,-0.12803195416927338,-0.06990794837474823,-0.2651866674423218,0.23837979137897491,0.05376666039228439,-0.4694739580154419,-0.028605356812477112,-0.5968745946884155,0.1744116246700287,-0.38086795806884766,-0.22004513442516327,-0.09638194739818573,-0.5354002714157104,-0.0823819488286972,-0.23541274666786194,-0.27644240856170654]",0.0015565312933176756,0.008001388050615788,0.002628809306770563,0.016122598201036453,0.09401752054691315,4.700876027345657,0,0,0,0.49998900294303894,0.4998400807380676,0.9999023675918579,0.9978154897689819,0.9472650289535522,0.936641275882721,-0.1805770844221115,-0.0,-0.0,0.0,0.0,0.0,0.0
2,0.04,2,"[-0.3273603022098541,-0.00929785892367363,0.0027011313941329718,0.6534059047698975,-0.3526066839694977,-0.0058681052178144455,-0.3078500032424927,0.0077723548747599125,-0.002551181009039283,0.672448992729187,-0.3447248339653015,0.0046892669051885605,0.00601320993155241,-0.0011201100423932076,0.010149733163416386,0.19813816249370575,0.2023969292640686,0.00037737825186923146,0.5975937843322754,0.00017912095063365996,-0.0009478589054197073,8.367178816115484e-05,0.1935352385044098,-0.2003573328256607,-0.0006720280507579446,0.596136748790741,0.0003875019319821149,-0.0013093355810269713,-0.00023168495681602508]","[-0.3155120015144348,-0.00467145349830389,-0.004058460239320993,0.674140989780426,-0.35080087184906006,-0.000707763247191906,-0.31044790148735046,-0.0006213446031324565,0.0002882855769712478,0.6766202449798584,-0.34733593463897705,0.004113601520657539,0.007447011303156614,-0.005432628095149994,0.004214681684970856,0.20688864588737488,0.19547586143016815,0.000685645907651633,0.6614379286766052,-0.006004009861499071,-0.005406782031059265,0.00017294625286012888,0.1920749992132187,-0.19712437689304352,-0.009159781970083714,0.6576219201087952,-0.016842713579535484,0.002144245430827141,-0.0024479294661432505]","[-0.865375280380249,-0.24869386851787567,0.10584022849798203,0.5220815539360046,0.08979290723800659,-0.09919917583465576,-0.09816214442253113,0.2571774423122406,0.01133502833545208,0.5980566143989563,0.0110626220703125,0.05906469002366066,0.23939423263072968,-0.028443314135074615,0.5450739860534668,-0.1881718635559082,0.006455555558204651,0.051666900515556335,0.1916542649269104,0.018672728911042213,-0.026447393000125885,0.011188638396561146,-0.41220635175704956,0.07519349455833435,-0.044826678931713104,0.15678256750106812,0.008952533826231956,-0.018191982060670853,-0.023797035217285156]","[-0.378723680973053,-0.0034753214567899704,-0.08631295710802078,0.6175675988197327,-0.3710954785346985,0.006083330605179071,-0.2639780342578888,0.0075737000443041325,-0.06820990890264511,0.49050822854042053,-0.6620610952377319,-0.018871892243623734,-0.09767810255289078,-0.07640913128852844,-0.12183085829019547,0.5817267894744873,-0.10088957101106644,0.0010612092446535826,0.44868481159210205,-0.24208174645900726,-0.08551359176635742,0.010934187099337578,-0.022476818412542343,0.0067884065210819244,-0.018183669075369835,0.7370844483375549,-0.3355320394039154,-0.002240797271952033,-0.06372392177581787]","[-0.5160000920295715,0.1700974404811859,-0.2989277243614197,0.8227049112319946,-0.2821648418903351,-0.0828799158334732,-0.48435086011886597,-0.24753141403198242,0.23164865374565125,0.6819106340408325,0.1624368578195572,0.11202168464660645,-0.029703214764595032,-0.15023134648799896,-0.012375738471746445,-0.3497409522533417,0.2975720465183258,0.050248339772224426,-0.5520150065422058,-0.0621514618396759,-0.7517293691635132,0.23546311259269714,-0.4705066382884979,-0.2362884134054184,-0.05012442544102669,-0.6463925838470459,-0.09610328078269958,-0.3009086847305298,-0.4189183712005615]",0.0050766305066645145,0.012961478903889656,0.006305727642029524,0.02647935226559639,0.09542205929756165,4.771102964878082,0,0,0,0.4998575448989868,0.4994933009147644,0.9995212554931641,0.9940157532691956,0.9074268937110901,0.9587344527244568,-0.08794618397951126,-0.0,-0.0,0.0,0.0,0.0,0.0
3,0.06,3,"[-0.3494936227798462,-0.013635892421007156,0.003182634711265564,0.6820879578590393,-0.3522123694419861,-0.004988858476281166,-0.3145543038845062,0.010747913271188736,-0.0005026422441005707,0.6921376585960388,-0.35591477155685425,0.0033739879727363586,0.01232775766402483,-0.001926860073581338,0.025639038532972336,0.19187431037425995,0.20100805163383484,0.0021523316390812397,0.6062721610069275,0.0006565991789102554,-0.0013027439126744866,0.00047092256136238575,0.18161365389823914,-0.19746635854244232,-0.0019320703577250242,0.6041091084480286,0.0004673800722230226,-0.0012877322733402252,-0.0009613720467314124]","[-0.3250412046909332,-0.003098723478615284,-0.007993241772055626,0.6884695887565613,-0.3593822717666626,-0.001064593205228448,-0.3150373697280884,0.0012324516428634524,-0.00308025348931551,0.6837634444236755,-0.359414279460907,0.003813402494415641,0.0028149322606623173,-0.0046789683401584625,0.003461250104010105,0.21888110041618347,0.19413115084171295,0.0008199139847420156,0.665367603302002,-0.013900690712034702,-0.007584610488265753,0.0005913624772801995,0.19164647161960602,-0.19711463153362274,-0.009480137377977371,0.6632180213928223,-0.023935193195939064,0.001985779032111168,-0.006719676777720451]","[-0.9822227358818054,-0.1398879438638687,-0.005106238182634115,1.8285200595855713,-0.1662418246269226,0.08460789173841476,-0.3742538392543793,0.13389982283115387,0.09489721804857254,1.3136506080627441,-0.7021963596343994,-0.053103771060705185,0.3127599358558655,0.01755288615822792,0.9365599751472473,-0.32734984159469604,-0.17558224499225616,0.0696268081665039,0.5852401256561279,0.027483440935611725,0.015852972865104675,0.02331252582371235,-0.6309777498245239,0.20713657140731812,-0.04758629947900772,0.5449250340461731,0.0006430884241126478,0.03696783632040024,-0.03949712589383125]","[-0.5127390027046204,0.1082051545381546,-0.21832074224948883,0.7412017583847046,-0.44462957978248596,-0.0248114001005888,-0.23451094329357147,0.12479758262634277,-0.18374228477478027,0.3012268841266632,-0.5472349524497986,-0.011796744540333748,-0.2578544318675995,0.057051628828048706,-0.011290897615253925,0.5802979469299316,-0.03643782436847687,0.009158814325928688,0.10433515906333923,-0.39893749356269836,-0.11671922355890274,0.02464083768427372,-0.02132287062704563,-0.0014911411562934518,-0.007289424072951078,0.11451119184494019,-0.3260829448699951,-0.004176831804215908,-0.23604536056518555]","[-0.5620755553245544,0.19984059035778046,-0.3308573365211487,1.0026501417160034,-0.3273942470550537,-0.10644607245922089,-0.43364036083221436,-0.2605309784412384,0.2931765019893646,0.6500353217124939,0.10034605860710144,0.13722451031208038,-0.05875435471534729,-0.18953019380569458,0.0024417228996753693,-0.4066212773323059,0.34486469626426697,0.06682742387056351,-0.5569377541542053,-0.09757288545370102,-0.9054008722305298,0.33111751079559326,-0.5177484154701233,-0.22132761776447296,-0.029707107692956924,-0.7638548612594604,-0.11137385666370392,-0.27289965748786926,-0.6696047782897949]",0.011210688389837742,0.026852646842598915,0.011943255551159382,0.03064938448369503,0.09622875601053238,4.811437800526619,0,0,0,0.4992905557155609,0.49773770570755005,0.9983265995979309,0.9924474954605103,0.943638026714325,0.9669830203056335,-0.08698537945747375,-0.0,-0.0,0.0,0.0,0.0,0.0
4,0.08,4,"[-0.36664921045303345,-0.014893376268446445,0.002496881876140833,0.7265467047691345,-0.3592563569545746,-0.002483789576217532,-0.32282015681266785,0.01312834769487381,0.0012447077315300703,0.7249950170516968,-0.3728126883506775,0.0025651161558926105,0.018523607403039932,-0.0004179946263320744,0.047612130641937256,0.18504416942596436,0.19537363946437836,0.0031624503899365664,0.6210033893585205,0.0012784585123881698,-0.0003137399908155203,0.0010161728132516146,0.16829612851142883,-0.19207186996936798,-0.0025754799135029316,0.6179337501525879,0.0004132254689466208,0.00016937787586357445,-0.0018115700222551823]","[-0.3351971209049225,0.0009179535554721951,-0.014330259524285793,0.7048380970954895,-0.3687761127948761,-0.0018539769807830453,-0.31713157892227173,0.005703166592866182,-0.008438297547399998,0.686505913734436,-0.3674400746822357,0.004077442921698093,-0.0032592657953500748,-0.001449125586077571,0.005002790130674839,0.22836697101593018,0.1940879225730896,0.0010434873402118683,0.667030930519104,-0.0219265203922987,-0.011891481466591358,0.002086067572236061,0.1913537234067917,-0.1970762014389038,-0.009663807228207588,0.6618708372116089,-0.030003823339939117,0.0021178193856030703,-0.014884617179632187]","[-0.6425350904464722,-0.03941231593489647,-0.018011627718806267,2.130812406539917,-0.4386439919471741,0.15850421786308289,-0.280916690826416,0.10378819704055786,0.09188178181648254,1.5881121158599854,-0.8780278563499451,-0.025697361677885056,0.2492056041955948,0.06404463201761246,1.0339654684066772,-0.22351965308189392,-0.33382365107536316,0.0004435365553945303,0.7240891456604004,0.0350470207631588,0.05999623239040375,0.026339197531342506,-0.5285534858703613,0.34061262011528015,0.006551278289407492,0.6874710321426392,-0.006300782784819603,0.08239485323429108,-0.041470639407634735]","[-0.48743942379951477,0.2298949807882309,-0.3292865753173828,0.8298088908195496,-0.4729714095592499,-0.04414284601807594,-0.061819758266210556,0.25588929653167725,-0.272454172372818,0.07550644874572754,-0.3174535930156708,0.026730697602033615,-0.29697322845458984,0.16867788136005402,0.11638131737709045,0.4098972976207733,0.03402142599225044,0.010171398520469666,0.05894364044070244,-0.3700289726257324,-0.22480109333992004,0.08133652061223984,-0.012727920897305012,0.0015589342219755054,0.00025314438971690834,-0.14182282984256744,-0.2702771723270416,0.01282026432454586,-0.4173576533794403]","[-0.5744931697845459,0.1997813880443573,-0.333631694316864,1.0882245302200317,-0.35357195138931274,-0.11406408250331879,-0.353850781917572,-0.23119178414344788,0.306990385055542,0.5433467626571655,0.05106181651353836,0.19931018352508545,-0.07347805798053741,-0.21231421828269958,0.00344805046916008,-0.43544474244117737,0.3781583309173584,0.06503605842590332,-0.5600321888923645,-0.11072009801864624,-1.0573348999023438,0.4436921179294586,-0.5115578770637512,-0.19296517968177795,-0.028605248779058456,-0.8278080224990845,-0.11924830079078674,-0.2390078902244568,-0.9047852754592896]",0.01554530207067728,0.03874313458800316,0.016028672456741333,0.03442384675145149,0.09678162634372711,4.839081317186356,0,0,0,0.498636394739151,0.49529415369033813,0.9969637989997864,0.9916125535964966,0.9698945879936218,0.953372597694397,-0.06669273972511292,-0.0,-0.0,0.0,0.0,0.0,0.0
5,0.1,5,"[-0.3751950263977051,-0.01521238498389721,0.002462169621139765,0.767320454120636,-0.36975812911987305,0.0013513099402189255,-0.32579097151756287,0.014899441041052341,0.0031726290471851826,0.7556621432304382,-0.39103588461875916,0.0023460935335606337,0.022295981645584106,0.0006349252071231604,0.06699765473604202,0.1829335242509842,0.18765510618686676,0.002170073101297021,0.6352357268333435,0.0020584799349308014,0.001097105210646987,0.0015244904207065701,0.16047151386737823,-0.18384185433387756,-0.0016700192354619503,0.6316079497337341,0.00021534875850193202,0.002008061856031418,-0.0026201975997537374]","[-0.344115674495697,0.006977364420890808,-0.020967405289411545,0.721051812171936,-0.37806758284568787,-0.0027017216198146343,-0.3169463276863098,0.012329173274338245,-0.013564993627369404,0.6854317784309387,-0.37096869945526123,0.0063920216634869576,-0.0080951489508152,0.0023478148505091667,0.007860044948756695,0.2344297170639038,0.19573119282722473,0.001228421344421804,0.667610764503479,-0.027310756966471672,-0.017706116661429405,0.0051126680336892605,0.19122260808944702,-0.19695717096328735,-0.009643707424402237,0.6582902073860168,-0.03338543325662613,0.0024943877942860126,-0.024673432111740112]","[-0.2851836383342743,-0.012395880185067654,0.004914519377052784,1.7565176486968994,-0.5613498687744141,0.16468261182308197,-0.03173723816871643,0.07779025286436081,0.0985235944390297,1.2788653373718262,-0.9033359885215759,-0.020952994003891945,0.12876001000404358,0.02050633169710636,0.7550060749053955,0.057629868388175964,-0.40471553802490234,-0.09513538330793381,0.6138607859611511,0.04121606796979904,0.061463065445423126,0.020207157358527184,-0.18601715564727783,0.45661890506744385,0.0864325538277626,0.5938142538070679,-0.01291683316230774,0.08474688977003098,-0.03548886999487877]","[-0.4141046404838562,0.32226821780204773,-0.3129836618900299,0.7785511016845703,-0.4515541195869446,-0.04139771685004234,0.03222999349236488,0.35214129090309143,-0.22918429970741272,-0.10343679785728455,-0.1032172441482544,0.1572086662054062,-0.20767496526241302,0.16617760062217712,0.150071918964386,0.23421995341777802,0.12490155547857285,0.005713019985705614,0.025215448811650276,-0.22445903718471527,-0.29753756523132324,0.15701571106910706,-0.004075514152646065,0.006450430490076542,0.008350061252713203,-0.18771992623806,-0.13009482622146606,0.021688150241971016,-0.46794769167900085]","[-0.5658963918685913,0.21752704679965973,-0.3293822109699249,1.0499675273895264,-0.3843855857849121,-0.10487957298755646,-0.3246920108795166,-0.14723128080368042,0.2569461464881897,0.43875670433044434,0.038014672696590424,0.2925252914428711,-0.07216773927211761,-0.19301347434520721,0.00848047062754631,-0.45522457361221313,0.3809744715690613,0.04316149652004242,-0.5871405601501465,-0.10529851168394089,-1.1967984437942505,0.5541270971298218,-0.46452370285987854,-0.16839365661144257,-0.0403936468064785,-0.8274108171463013,-0.11166086792945862,-0.256265252828598,-1.06951105594635]",0.01793495938181877,0.045088060200214386,0.01823939010500908,0.038919590413570404,0.09720513224601746,4.860256612300873,0,0,0,0.4981939196586609,0.4936630427837372,0.9960153102874756,0.9895617961883545,0.9773646593093872,0.9540773034095764,-0.04861960560083389,-0.0,-0.0,0.0,0.0,0.0,0.0
6,0.12,6,"[-0.3780565559864044,-0.015389211475849152,0.0026934626512229443,0.7968074083328247,-0.38171035051345825,0.004103514365851879,-0.3240896463394165,0.016239957883954048,0.00518565159291029,0.7761496305465698,-0.40894612669944763,0.001726996386423707,0.02367400750517845,0.0004022586508654058,0.07781237363815308,0.1873493641614914,0.17918501794338226,-0.0006429647910408676,0.6455578207969666,0.002927101217210293,0.0021447825711220503,0.0018244590610265732,0.16085544228553772,-0.17380711436271667,0.0008818221394903958,0.6416863203048706,-0.00010344782640459016,0.003559253178536892,-0.00323112471960485]","[-0.35227686166763306,0.015898440033197403,-0.02669633738696575,0.7358594536781311,-0.38694876432418823,-0.003491587471216917,-0.3159859776496887,0.0218992680311203,-0.01670795865356922,0.6806282997131348,-0.3705179691314697,0.014173051342368126,-0.00957455299794674,0.006731235422194004,0.009406820870935917,0.2372203767299652,0.19863438606262207,0.0012817630777135491,0.6677743196487427,-0.03000226430594921,-0.024612901732325554,0.009343622252345085,0.19124527275562286,-0.19680744409561157,-0.009683365933597088,0.65646892786026,-0.03469597175717354,0.0029497663490474224,-0.03393743559718132]","[-0.070885568857193,-0.014167744666337967,0.007221137639135122,1.1233150959014893,-0.6052233576774597,0.036670949310064316,0.14738142490386963,0.06718912720680237,0.11329097300767899,0.6982013583183289,-0.8463718295097351,-0.08943703770637512,0.029021408408880234,-0.044804636389017105,0.2964537739753723,0.359247624874115,-0.4175577461719513,-0.167063906788826,0.3947630524635315,0.04631709307432175,0.029677921906113625,0.014737374149262905,0.2034895122051239,0.5139377117156982,0.15487457811832428,0.3857940435409546,-0.015722498297691345,0.053985126316547394,-0.025467999279499054]","[-0.3938208222389221,0.4808815121650696,-0.2633829712867737,0.7013338804244995,-0.4323923587799072,-0.038937777280807495,0.06195635348558426,0.5238029956817627,-0.11534206569194794,-0.3201371431350708,0.12559910118579865,0.437410444021225,-0.03284696117043495,0.2064802646636963,0.041655223816633224,0.0836821049451828,0.17831505835056305,-0.002284091431647539,0.007480365689843893,-0.09990137070417404,-0.3482544422149658,0.21100403368473053,0.005208002869039774,0.009821663610637188,0.004043872002512217,-0.05265755578875542,-0.04063582047820091,0.021294500678777695,-0.42237618565559387]","[-0.5460437536239624,0.3221082091331482,-0.3646831214427948,0.9356377720832825,-0.41748884320259094,-0.07980740070343018,-0.3613371253013611,-0.013631090521812439,0.16791757941246033,0.4600239098072052,0.06776108592748642,0.37554076313972473,-0.04225969314575195,-0.09420888125896454,-0.012921545654535294,-0.4687275290489197,0.3499082326889038,0.014535970985889435,-0.6275412440299988,-0.09188740700483322,-1.3361836671829224,0.6520665287971497,-0.38843783736228943,-0.16978852450847626,-0.069623664021492,-0.7972007989883423,-0.08778965473175049,-0.29982301592826843,-1.1568255424499512]",0.01912405714392662,0.045918311923742294,0.019037257879972458,0.04373481497168541,0.09694035351276398,4.847017675638199,0,0,0,0.49796536564826965,0.49350038170814514,0.9956086874008179,0.986461341381073,0.9766982197761536,0.9589256644248962,-0.0621415376663208,-0.0,-0.0,0.0,0.0,0.0,0.0
7,0.14,7,"[-0.3780304491519928,-0.015779094770550728,0.0027510151267051697,0.8122530579566956,-0.39396706223487854,0.002818147884681821,-0.3198957145214081,0.017587006092071533,0.007704267743974924,0.7835901975631714,-0.42489075660705566,-0.001231387839652598,0.023456837981939316,-0.0011572602670639753,0.07885580509901047,0.1973034292459488,0.17095279693603516,-0.004512482788413763,0.6510262489318848,0.003911163657903671,0.002284222049638629,0.002113985363394022,0.1686110943555832,-0.16328434646129608,0.004524963907897472,0.6470397114753723,-0.0004135511117056012,0.004167466890066862,-0.0036389175802469254]","[-0.3609198331832886,0.028976283967494965,-0.03127807751297951,0.7507889270782471,-0.3961591124534607,-0.004273955710232258,-0.31561341881752014,0.035474665462970734,-0.017607925459742546,0.6733777523040771,-0.3668304979801178,0.029221512377262115,-0.0066332439891994,0.013025186024606228,0.009543433785438538,0.23712892830371857,0.2021266222000122,0.0011892943875864148,0.6674807667732239,-0.03136642277240753,-0.03329458832740784,0.013790907338261604,0.19179204106330872,-0.19674107432365417,-0.011183449067175388,0.6558818221092224,-0.03484188765287399,0.003176078898832202,-0.04103373736143112]","[0.007700920104980469,-0.04175543040037155,-0.03834997117519379,0.495930016040802,-0.5857788324356079,-0.15004022419452667,0.19102692604064941,0.0781964510679245,0.14544138312339783,0.1350104808807373,-0.6635949015617371,-0.216353178024292,-0.031584084033966064,-0.08899276703596115,-0.1218525692820549,0.5661923289299011,-0.39608702063560486,-0.20007702708244324,0.17652660608291626,0.0519123412668705,-0.016830623149871826,0.016145583242177963,0.4912588894367218,0.5026113390922546,0.1883085072040558,0.16774684190750122,-0.014750429429113865,0.006383121944963932,-0.017829502001404762]","[-0.43222349882125854,0.7109454870223999,-0.18868418037891388,0.7471634149551392,-0.47023746371269226,-0.04050811380147934,0.0037428955547511578,0.7184517979621887,-0.02021019347012043,-0.3825952112674713,0.19415757060050964,0.82966148853302,0.2170281708240509,0.31895583868026733,-0.00703915162011981,-0.05292203649878502,0.19684553146362305,-0.00808203499764204,-0.012900716625154018,-0.05568838492035866,-0.44399580359458923,0.21300016343593597,0.028247958049178123,0.005539233330637217,-0.08157940208911896,-0.017191557213664055,0.004860609769821167,0.008080597966909409,-0.3140239119529724]","[-0.5467532873153687,0.5449779629707336,-0.4603274464607239,0.8049638867378235,-0.4175771474838257,-0.0347992479801178,-0.44468897581100464,0.1258123815059662,0.10830310732126236,0.6545077562332153,0.08924730122089386,0.40115678310394287,0.010086551308631897,0.09138599038124084,-0.06534554064273834,-0.45726996660232544,0.2965463399887085,-0.016445890069007874,-0.6477323770523071,-0.08209353685379028,-1.489778757095337,0.7020837664604187,-0.31162726879119873,-0.2035466879606247,-0.10532377660274506,-0.7670913934707642,-0.06794895231723785,-0.3270101845264435,-1.175561547279358]",0.019747983664274216,0.04252801090478897,0.019228309392929077,0.049321893602609634,0.09565386176109314,4.782693088054657,0,0,0,0.49783042073249817,0.49441200494766235,0.9955058693885803,0.9828211069107056,0.9715822339057922,0.9545327425003052,-0.11399102210998535,-0.0,-0.0,0.0,0.0,0.0,0.0
8,0.16,8,"[-0.3777485191822052,-0.017059428617358208,0.0011594638926908374,0.8166446089744568,-0.4051415026187897,-0.0018980945460498333,-0.3164485692977905,0.019367815926671028,0.011003307066857815,0.7815500497817993,-0.4354899227619171,-0.006927130743861198,0.022410644218325615,-0.0031574517488479614,0.07293827086687088,0.2099970579147339,0.16334153711795807,-0.008646045811474323,0.6526188850402832,0.005003594793379307,0.001471557654440403,0.0024702823720872402,0.18050579726696014,-0.15370266139507294,0.008414162322878838,0.6483961939811707,-0.0006934650009498,0.0038145780563354492,-0.003944304771721363]","[-0.37472987174987793,0.04637935757637024,-0.032305922359228134,0.7678400874137878,-0.406886488199234,-0.005716873332858086,-0.3226901888847351,0.05298890173435211,-0.014178849756717682,0.6683546304702759,-0.3624684810638428,0.04811780899763107,0.0027415892109274864,0.020280037075281143,0.0034115449525415897,0.23606392741203308,0.20631276071071625,0.0009888219647109509,0.6672611832618713,-0.03235922008752823,-0.04367384687066078,0.01752026565372944,0.19411098957061768,-0.19673223793506622,-0.013990398496389389,0.6553661227226257,-0.03430663049221039,0.0031497813761234283,-0.04597141221165657]","[-0.013110041618347168,-0.06798454374074936,-0.12291528284549713,0.11907219886779785,-0.5105860829353333,-0.24297012388706207,0.09108707308769226,0.10567638278007507,0.15498143434524536,-0.12828707695007324,-0.37195906043052673,-0.3002387285232544,-0.06179255619645119,-0.08014149218797684,-0.3431685268878937,0.6221946477890015,-0.3674063980579376,-0.19779936969280243,0.037129223346710205,0.055207569152116776,-0.05210133641958237,0.020568031817674637,0.6015077233314514,0.4351496696472168,0.18211287260055542,0.02161860466003418,-0.012437245808541775,-0.029966840520501137,-0.013479858636856079]","[-0.7424113750457764,0.9136109352111816,0.013447284698486328,0.8889241814613342,-0.5661055445671082,-0.08907536417245865,-0.43870922923088074,0.9048535823822021,0.2117377668619156,-0.20539738237857819,0.21690131723880768,0.914320707321167,0.5316120386123657,0.3465413451194763,-0.36303403973579407,-0.07414395362138748,0.23514826595783234,-0.015889741480350494,-0.0006293377373367548,-0.046791356056928635,-0.5165631175041199,0.1744253784418106,0.11760016530752182,0.0035087568685412407,-0.14293892681598663,-0.018144385889172554,0.03059731051325798,-0.003235294483602047,-0.21460026502609253]","[-0.583940863609314,0.7906786799430847,-0.5601821541786194,0.7144662737846375,-0.42362523078918457,0.01703299582004547,-0.5369084477424622,0.2218017876148224,0.10182555019855499,0.9110086560249329,0.024156106635928154,0.3614403009414673,0.05594242364168167,0.2856020927429199,-0.11265704035758972,-0.42050543427467346,0.24287326633930206,-0.05985311418771744,-0.6141713261604309,-0.08698426932096481,-1.6412583589553833,0.7035035490989685,-0.2696191072463989,-0.24482430517673492,-0.13696736097335815,-0.7442249059677124,-0.05769114941358566,-0.3425366282463074,-1.1802154779434204]",0.020533476024866104,0.0382034070789814,0.01939801312983036,0.056108683347702026,0.09506971389055252,4.753485694527626,0,0,0,0.49765464663505554,0.49554821848869324,0.9954251050949097,0.9783608913421631,0.9642524719238281,0.9470643401145935,-0.12481984496116638,-0.0,-0.0,0.0,0.0,0.0,0.0
9,0.18,9,"[-0.3785548508167267,-0.018498476594686508,-0.0021655962336808443,0.8170159459114075,-0.414390504360199,-0.006900656968355179,-0.3162522315979004,0.02181406132876873,0.013903524726629257,0.7784587144851685,-0.43976911902427673,-0.013240937143564224,0.020985135808587074,-0.004362919833511114,0.06512906402349472,0.2221912145614624,0.1562565416097641,-0.012424456886947155,0.6525114178657532,0.006119466386735439,0.0002001687971642241,0.002936706645414233,0.19267140328884125,-0.1458783596754074,0.011809478513896465,0.6479044556617737,-0.0009110409300774336,0.0029687932692468166,-0.004178111907094717]","[-0.3920373022556305,0.06597310304641724,-0.029698600992560387,0.7869603633880615,-0.41927406191825867,-0.008067007176578045,-0.3360133767127991,0.07269889861345291,-0.006698065437376499,0.6676742434501648,-0.3579829931259155,0.06299956142902374,0.015421387739479542,0.0267934687435627,-0.006608385592699051,0.23493313789367676,0.21162493526935577,-0.0004651610797736794,0.6676953434944153,-0.034027982503175735,-0.055029358714818954,0.020418372005224228,0.19644252955913544,-0.19668832421302795,-0.017425701022148132,0.6551147699356079,-0.03173970803618431,0.0029589254409074783,-0.04930686950683594]","[-0.077752023935318,-0.06305850297212601,-0.16164883971214294,0.06749778985977173,-0.4140719771385193,-0.19921697676181793,-0.031291693449020386,0.11900807917118073,0.12400315701961517,-0.0890195369720459,-0.1280665397644043,-0.29649078845977783,-0.08378159254789352,-0.05747576057910919,-0.3463892340660095,0.5491617918014526,-0.3294568657875061,-0.17338714003562927,-0.00753253698348999,0.052935607731342316,-0.06384411454200745,0.023979932069778442,0.5595505237579346,0.35562068223953247,0.1512507200241089,-0.02199411392211914,-0.010209385305643082,-0.04322642460465431,-0.0109438207000494]","[-0.8627904057502747,0.9816693663597107,0.1732129007577896,0.97377610206604,-0.64003586769104,-0.13230770826339722,-0.6947532892227173,0.9708987474441528,0.37832432985305786,0.028386982157826424,0.192582368850708,0.6430128812789917,0.6268600821495056,0.2955390214920044,-0.4905678331851959,-0.06492909789085388,0.27722081542015076,-0.07531051337718964,0.03753318265080452,-0.08481086790561676,-0.547441303730011,0.1286267340183258,0.08841628581285477,0.0043790582567453384,-0.1729244738817215,-0.014782958664000034,0.1401873379945755,-0.011783772148191929,-0.14476998150348663]","[-0.6192553043365479,0.9584124684333801,-0.6369919180870056,0.6370528340339661,-0.43209901452064514,0.059515997767448425,-0.5875564813613892,0.2618951201438904,0.11655931174755096,1.131686806678772,-0.09596110880374908,0.3034133017063141,0.08261800557374954,0.41733235120773315,-0.12936186790466309,-0.38219550251960754,0.18811346590518951,-0.11281381547451019,-0.5380221009254456,-0.10587771981954575,-1.781736969947815,0.6804898381233215,-0.2615153193473816,-0.27047884464263916,-0.1641240417957306,-0.7288830280303955,-0.03934475779533386,-0.3717500567436218,-1.1864193677902222]",0.021843282505869865,0.03519684448838234,0.01982034370303154,0.06341534107923508,0.09573689848184586,4.786844924092293,0,0,0,0.497347354888916,0.4962974190711975,0.9951703548431396,0.9725754261016846,0.9597311615943909,0.9502202272415161,-0.08449709415435791,-0.0,-0.0,0.0,0.0,0.0,0.0
10,0.2,10,"[-0.3808586001396179,-0.019581768661737442,-0.005306489299982786,0.8193445205688477,-0.42170438170433044,-0.009866774082183838,-0.31770023703575134,0.02412813901901245,0.01596343331038952,0.7779892683029175,-0.4406125843524933,-0.018786761909723282,0.019059380516409874,-0.00545648206025362,0.05908270180225372,0.23196353018283844,0.15016326308250427,-0.015581531450152397,0.6523175835609436,0.0071210190653800964,-0.0010822068434208632,0.0034294796641916037,0.20288781821727753,-0.13947783410549164,0.014464191161096096,0.6475164294242859,-0.0011018404038622975,0.0020855211187154055,-0.004382057581096888]","[-0.4087224304676056,0.08469325304031372,-0.025314370170235634,0.8062060475349426,-0.4322260022163391,-0.011035255156457424,-0.35151761770248413,0.09093989431858063,0.0023440872319042683,0.6736770272254944,-0.35607394576072693,0.07085288316011429,0.027111727744340897,0.031585611402988434,-0.0157004464417696,0.23284877836704254,0.21748483180999756,-0.00400899350643158,0.6713303327560425,-0.03827221319079399,-0.06699143350124359,0.02239462360739708,0.1974363476037979,-0.1966472715139389,-0.02137090265750885,0.6548018455505371,-0.02673707902431488,0.002550932113081217,-0.0516589879989624]","[-0.13609379529953003,-0.036137133836746216,-0.14435146749019623,0.18231570720672607,-0.32183900475502014,-0.10391851514577866,-0.07659494876861572,0.12992337346076965,0.09029410034418106,0.025387108325958252,-0.022023916244506836,-0.31076934933662415,-0.11091987043619156,-0.06325548887252808,-0.26014912128448486,0.43095314502716064,-0.2682041525840759,-0.14290867745876312,-0.00880211591720581,0.04687914624810219,-0.05970069393515587,0.023982249200344086,0.4640262722969055,0.2876904010772705,0.11957705020904541,-0.011931359767913818,-0.008438565768301487,-0.03951023891568184,-0.00798441469669342]","[-0.7897030115127563,0.8954373598098755,0.21568189561367035,0.9455281496047974,-0.6438068747520447,-0.1576809138059616,-0.7591129541397095,0.8583206534385681,0.4160842299461365,0.37623071670532227,0.04293956607580185,0.29040205478668213,0.5292719602584839,0.2123110592365265,-0.39970943331718445,-0.12751847505569458,0.28417253494262695,-0.1998976618051529,0.22735516726970673,-0.2232860028743744,-0.5566011071205139,0.08228998631238937,0.03529132530093193,0.003459451487287879,-0.20821194350719452,-0.018520230427384377,0.253731369972229,-0.024770310148596764,-0.1069052666425705]","[-0.6372976303100586,1.021712303161621,-0.6936988830566406,0.5828511118888855,-0.44236114621162415,0.08824799954891205,-0.6096702218055725,0.26955074071884155,0.14046458899974823,1.2736363410949707,-0.21609634160995483,0.2520292401313782,0.09639432281255722,0.47073227167129517,-0.13052751123905182,-0.35298028588294983,0.14089082181453705,-0.15324920415878296,-0.45636263489723206,-0.13191920518875122,-1.9203858375549316,0.6468449831008911,-0.26840081810951233,-0.27697277069091797,-0.18359783291816711,-0.7193795442581177,-0.01590052992105484,-0.42148831486701965,-1.1789993047714233]",0.023571811616420746,0.03391056880354881,0.020242849364876747,0.07034324109554291,0.09660667926073074,4.830333963036537,0,0,0,0.4969249367713928,0.4966106712818146,0.9948456883430481,0.9660000205039978,0.9584167003631592,0.961965799331665,-0.04442957043647766,-0.0,-0.0,0.0,0.0,0.0,0.0
11,0.22,11,"[-0.3839986026287079,-0.01994396187365055,-0.007939654402434826,0.8243085741996765,-0.4272640645503998,-0.011057397350668907,-0.319316029548645,0.027010995894670486,0.017515288665890694,0.7794741988182068,-0.440650075674057,-0.025671711191534996,0.016548341140151024,-0.006893139332532883,0.0547230988740921,0.23942933976650238,0.1455283761024475,-0.018140804022550583,0.6521593332290649,0.007994632236659527,-0.00218785903416574,0.003895996604114771,0.21123245358467102,-0.13437074422836304,0.016592560335993767,0.6474272012710571,-0.0012485835468396544,0.001388383680023253,-0.004497488494962454]","[-0.4224356710910797,0.09972810000181198,-0.02195264771580696,0.8241204619407654,-0.4445284903049469,-0.014253154397010803,-0.3646560609340668,0.10440084338188171,0.00958184152841568,0.6842312216758728,-0.3582444489002228,0.07440400868654251,0.03480376675724983,0.034409698098897934,-0.021381903439760208,0.22877830266952515,0.22242581844329834,-0.008788755163550377,0.6803024411201477,-0.044853147119283676,-0.07917945086956024,0.023559391498565674,0.19814634323120117,-0.19654451310634613,-0.026140745729207993,0.6544002294540405,-0.02070813812315464,0.0018228554399684072,-0.05355900153517723]","[-0.1405946910381317,-0.0019709113985300064,-0.11314699798822403,0.24084895849227905,-0.2770446240901947,-0.05197976902127266,-0.06208494305610657,0.13869474828243256,0.06687562167644501,0.058366358280181885,-0.013674050569534302,-0.3941004276275635,-0.13455496728420258,-0.08135440200567245,-0.20585638284683228,0.32938459515571594,-0.19014067947864532,-0.11292952299118042,-0.01708120107650757,0.038681481033563614,-0.04505675286054611,0.023128436878323555,0.3829292953014374,0.22064372897148132,0.09637165814638138,-0.015735626220703125,-0.006287679076194763,-0.0263893511146307,-0.000990286935120821]","[-0.6247943043708801,0.6649420857429504,0.12750020623207092,0.8677736520767212,-0.5964806079864502,-0.1638062298297882,-0.567084789276123,0.5748014450073242,0.3379528522491455,0.5573495030403137,-0.20571261644363403,0.13318033516407013,0.29335102438926697,0.10258848965167999,-0.21697470545768738,-0.22440041601657867,0.2148231565952301,-0.2362530678510666,0.5052483081817627,-0.3264980614185333,-0.5602049827575684,0.04908047616481781,0.03751303255558014,0.006432551424950361,-0.24595634639263153,-0.020780593156814575,0.2865360677242279,-0.040034934878349304,-0.0896330401301384]","[-0.6358799934387207,1.0102546215057373,-0.7325983047485352,0.58517986536026,-0.45748966932296753,0.10433688759803772,-0.6102107167243958,0.2595125436782837,0.1544058918952942,1.3394016027450562,-0.3134140372276306,0.20898649096488953,0.10362931340932846,0.46331101655960083,-0.13141584396362305,-0.328607976436615,0.1066291332244873,-0.1732352077960968,-0.3911697268486023,-0.15849435329437256,-2.0624067783355713,0.6132469177246094,-0.2810490131378174,-0.2689859867095947,-0.19842596352100372,-0.7133675813674927,0.000410228967666626,-0.49195730686187744,-1.1512908935546875]",0.025548914447426796,0.03302610665559769,0.02031625062227249,0.07613023370504379,0.09707235544919968,4.853617772459984,0,0,0,0.49641746282577515,0.49679678678512573,0.9946402311325073,0.9597059488296509,0.9575299024581909,0.975074052810669,-0.02654680609703064,-0.0,-0.0,0.0,0.0,0.0,0.0
12,0.24,12,"[-0.3864823877811432,-0.019660605117678642,-0.009832369163632393,0.8289784789085388,-0.43278616666793823,-0.011945964768528938,-0.3201836347579956,0.029675928875803947,0.018638458102941513,0.7803239226341248,-0.44115954637527466,-0.034550778567790985,0.013677181676030159,-0.008710658177733421,0.050848446786403656,0.24513891339302063,0.14255763590335846,-0.020098712295293808,0.6516343355178833,0.008668278343975544,-0.002884476911276579,0.004354617092758417,0.21820499002933502,-0.13065208494663239,0.018319057300686836,0.6468870043754578,-0.0013533475575968623,0.0010299470741301775,-0.00442166905850172]","[-0.43316856026649475,0.10980335623025894,-0.021050022915005684,0.8412048816680908,-0.4560243785381317,-0.017511699348688126,-0.3725239634513855,0.11209370195865631,0.014638170599937439,0.6959432363510132,-0.3673863112926483,0.07578889280557632,0.03755557909607887,0.035087939351797104,-0.023574819788336754,0.22379665076732635,0.22520171105861664,-0.012764989398419857,0.6929466128349304,-0.05263031646609306,-0.090980663895607,0.02436627820134163,0.19891835749149323,-0.19635093212127686,-0.03160011023283005,0.6540380120277405,-0.015671057626605034,0.0008051062468439341,-0.055163368582725525]","[-0.10455697774887085,0.045743491500616074,-0.09135278314352036,0.1882895827293396,-0.3182448446750641,-0.08115437626838684,-0.05330517888069153,0.14135204255580902,0.027750711888074875,0.035922229290008545,-0.04999339580535889,-0.5065314769744873,-0.14447444677352905,-0.080910325050354,-0.215984508395195,0.25727489590644836,-0.10846853256225586,-0.0845649316906929,-0.047557055950164795,0.028135372325778008,-0.03153059631586075,0.01907554641366005,0.3243669867515564,0.1423235982656479,0.0761231854557991,-0.05352795124053955,-0.0033093441743403673,-0.016303930431604385,0.006449816282838583]","[-0.4971087574958801,0.43358689546585083,-0.00023386282555293292,0.8467032313346863,-0.5648457407951355,-0.16692543029785156,-0.3174316883087158,0.3362876772880554,0.2106476128101349,0.5812114477157593,-0.7025064826011658,0.042196959257125854,0.07095340639352798,0.006366285495460033,-0.06808352470397949,-0.2442353516817093,0.0893540233373642,-0.17022059857845306,0.6537712812423706,-0.3726462423801422,-0.5384500622749329,0.0367448627948761,0.03592603653669357,0.011121481657028198,-0.2769104540348053,-0.013681436888873577,0.22256630659103394,-0.05256608873605728,-0.07553233951330185]","[-0.6137803196907043,0.9662256836891174,-0.7534361481666565,0.6626144051551819,-0.4783378839492798,0.11420673131942749,-0.6139375567436218,0.24377119541168213,0.152775838971138,1.3580163717269897,-0.3914051055908203,0.16961805522441864,0.10469092428684235,0.4249715209007263,-0.1356261819601059,-0.3067663311958313,0.08730009198188782,-0.17643068730831146,-0.34357744455337524,-0.1810719072818756,-2.2056586742401123,0.5868918895721436,-0.29847103357315063,-0.25606054067611694,-0.2107865959405899,-0.7090568542480469,0.00407351553440094,-0.5754996538162231,-1.108054518699646]",0.02763049118220806,0.03265112265944481,0.01971474289894104,0.08036976307630539,0.09705334901809692,4.852667450904846,0,0,0,0.4958520531654358,0.49687525629997253,0.9947280287742615,0.9545121192932129,0.9544202089309692,0.9830179810523987,-0.026738431304693222,-0.0,-0.0,0.0,0.0,0.0,0.0
13,0.26,13,"[-0.3881808817386627,-0.018114222213625908,-0.011593765579164028,0.8318401575088501,-0.43999385833740234,-0.014303572475910187,-0.3214482367038727,0.03266507759690285,0.01862531714141369,0.7809110879898071,-0.44264981150627136,-0.04593297094106674,0.01076936349272728,-0.010129552334547043,0.0460837185382843,0.24972033500671387,0.14118963479995728,-0.021523401141166687,0.6502570509910583,0.009120047092437744,-0.003449082840234041,0.004659018479287624,0.22420713305473328,-0.12867780029773712,0.019637487828731537,0.6452860832214355,-0.0013809573138132691,0.0007362264441326261,-0.0042394958436489105]","[-0.44251954555511475,0.11667907238006592,-0.021829653531312943,0.8588374853134155,-0.4675324559211731,-0.020969076082110405,-0.37782126665115356,0.11667893081903458,0.016527580097317696,0.7076200246810913,-0.38386210799217224,0.07551131397485733,0.038079023361206055,0.034285809844732285,-0.024315619841217995,0.2194589376449585,0.22530090808868408,-0.015133703127503395,0.7063255310058594,-0.059913646429777145,-0.10212068259716034,0.025022905319929123,0.1995399296283722,-0.1961405873298645,-0.03760857880115509,0.6539080739021301,-0.013009998016059399,-0.0004430152475833893,-0.05647850036621094]","[-0.07521361112594604,0.07624579966068268,-0.11565287411212921,0.1121222972869873,-0.42493194341659546,-0.13260836899280548,-0.08025765419006348,0.19241856038570404,-0.05271514132618904,0.0590592622756958,-0.1293376088142395,-0.5796799659729004,-0.14848804473876953,-0.04903774335980415,-0.2604803144931793,0.19486472010612488,-0.03359280526638031,-0.057625770568847656,-0.08698999881744385,0.01721859537065029,-0.02518199011683464,0.01179670263081789,0.27056002616882324,0.05028136074542999,0.050899479538202286,-0.10647177696228027,0.00017704442143440247,-0.013795711100101471,0.010812142863869667]","[-0.44302764534950256,0.3203567564487457,-0.052572235465049744,0.8922710418701172,-0.5839753746986389,-0.18158836662769318,-0.26945531368255615,0.24510730803012848,0.030914178118109703,0.5965137481689453,-1.0270700454711914,-0.04111221805214882,0.01632898487150669,-0.05417976528406143,-0.02361372858285904,-0.18738092482089996,-0.04390845075249672,-0.08995707333087921,0.6491977572441101,-0.3341995179653168,-0.5115114450454712,0.030936000868678093,0.024501077830791473,0.012439221143722534,-0.29830896854400635,-0.0026093856431543827,0.10118851810693741,-0.06457309424877167,-0.06067211925983429]","[-0.5862454771995544,0.9240354895591736,-0.7631667852401733,0.7927384972572327,-0.5000141263008118,0.12052048742771149,-0.6389546990394592,0.2269042730331421,0.14590151607990265,1.3517829179763794,-0.4487563967704773,0.13119493424892426,0.10228271782398224,0.3801731467247009,-0.1500936895608902,-0.29369959235191345,0.08438708633184433,-0.1706364005804062,-0.31842240691185,-0.19233468174934387,-2.3523223400115967,0.579030454158783,-0.31616291403770447,-0.24483220279216766,-0.21979328989982605,-0.7045855522155762,-0.0033191628754138947,-0.6642463207244873,-1.0534471273422241]",0.029911894351243973,0.032761234790086746,0.018604528158903122,0.08353182673454285,0.0968189612030983,4.840948060154915,0,0,0,0.49518924951553345,0.4968422055244446,0.9950388073921204,0.9504109621047974,0.9508495926856995,0.983645498752594,-0.031028039753437042,-0.0,-0.0,0.0,0.0,0.0,0.0
14,0.28,14,"[-0.38949093222618103,-0.016610773280262947,-0.014458484016358852,0.8334633708000183,-0.44978344440460205,-0.01725029945373535,-0.32339394092559814,0.03737267106771469,0.016529852524399757,0.7826862931251526,-0.44633305072784424,-0.05773797631263733,0.007737660314887762,-0.010672167874872684,0.04042923450469971,0.2529335021972656,0.14121392369270325,-0.022403743118047714,0.6481547355651855,0.009357022121548653,-0.0038917565252631903,0.004826485179364681,0.2290273904800415,-0.12864083051681519,0.020355036482214928,0.6426281332969666,-0.0013462657807394862,0.0004781186580657959,-0.003989183343946934]","[-0.4517379105091095,0.12320899218320847,-0.023752519860863686,0.8775863647460938,-0.4797506630420685,-0.024945266544818878,-0.3857002854347229,0.1226801872253418,0.015092426910996437,0.7222613096237183,-0.40087831020355225,0.0689966231584549,0.03815874457359314,0.03385985642671585,-0.024988967925310135,0.21681833267211914,0.22266066074371338,-0.01643373817205429,0.7182496786117554,-0.06491348147392273,-0.11254000663757324,0.025611896067857742,0.1999606490135193,-0.19595693051815033,-0.043762754648923874,0.6538928747177124,-0.011827994138002396,-0.0029469584114849567,-0.057482391595840454]","[-0.08866339921951294,0.11722124367952347,-0.18015529215335846,0.14334172010421753,-0.5928807258605957,-0.1611820012331009,-0.09862706065177917,0.29081693291664124,-0.13609345257282257,0.21314024925231934,-0.33503398299217224,-0.5832794904708862,-0.15077485144138336,0.006488594226539135,-0.27018916606903076,0.11076629161834717,0.036236271262168884,-0.029300758615136147,-0.12176036834716797,0.010695611126720905,-0.026922138407826424,0.010064861737191677,0.19172318279743195,-0.037874653935432434,0.013474328443408012,-0.1470312476158142,0.009919735603034496,-0.020741436630487442,0.016649289056658745]","[-0.44001007080078125,0.336525022983551,-0.12318000942468643,0.9461399912834167,-0.6236923933029175,-0.2094702422618866,-0.4550464153289795,0.32297569513320923,-0.12844546139240265,0.841474175453186,-0.6587721109390259,-0.4459392726421356,-0.0022799137514084578,0.008676547557115555,-0.021423114463686943,-0.10584264248609543,-0.18875281512737274,-0.05836028605699539,0.5597604513168335,-0.2101684957742691,-0.47853320837020874,0.028313947841525078,0.02018631063401699,0.0072131166234612465,-0.30998295545578003,0.0038868323899805546,0.042844172567129135,-0.1320471614599228,-0.04585844278335571]","[-0.5923494100570679,0.909296452999115,-0.7702352404594421,0.9083356857299805,-0.5229448080062866,0.12178634107112885,-0.6746953129768372,0.21114647388458252,0.1476670801639557,1.343675136566162,-0.4789038300514221,0.09452556073665619,0.10229922086000443,0.3449968993663788,-0.17007136344909668,-0.29892897605895996,0.0933157354593277,-0.16323204338550568,-0.31517598032951355,-0.18852201104164124,-2.4954559803009033,0.5945021510124207,-0.3308247923851013,-0.24139802157878876,-0.22047971189022064,-0.7006231546401978,-0.01506657525897026,-0.7631113529205322,-0.9872758388519287]",0.032441284507513046,0.03377007693052292,0.017363915219902992,0.08574891835451126,0.09686249494552612,4.843124747276306,0,0,0,0.4943830370903015,0.49662357568740845,0.9954090118408203,0.9473932981491089,0.9516457319259644,0.9852333068847656,-0.027563288807868958,-0.0,-0.0,0.0,0.0,0.0,0.0
15,0.3,15,"[-0.39172741770744324,-0.013425372540950775,-0.018799977377057076,0.8375738263130188,-0.4637090861797333,-0.020750852301716805,-0.32539331912994385,0.044297754764556885,0.013181579299271107,0.7894366979598999,-0.45605117082595825,-0.06926415115594864,0.0047383694909513,-0.009870008565485477,0.035276152193546295,0.25415098667144775,0.14263908565044403,-0.022695431485772133,0.6453866362571716,0.00954787153750658,-0.004525968339294195,0.00506161293014884,0.23187606036663055,-0.13019278645515442,0.020176460966467857,0.639404833316803,-0.0009841679129749537,-9.343095734948292e-05,-0.0035735243000090122]","[-0.4605461359024048,0.12970761954784393,-0.0266059972345829,0.8963362574577332,-0.4924945533275604,-0.029499894008040428,-0.3958316743373871,0.1286192238330841,0.011241760104894638,0.7407578825950623,-0.4108894467353821,0.05746443569660187,0.038173068314790726,0.03401879966259003,-0.026377560570836067,0.21592627465724945,0.21768754720687866,-0.017474181950092316,0.7276261448860168,-0.06751915067434311,-0.12216944247484207,0.02618109993636608,0.2008466273546219,-0.19581076502799988,-0.04918399825692177,0.6539257764816284,-0.011394173838198185,-0.0071690883487463,-0.058092378079891205]","[-0.00018924474716186523,0.13506309688091278,-0.20056164264678955,0.06435513496398926,-0.5181752443313599,-0.18761540949344635,-0.011186301708221436,0.2655312418937683,-0.20013917982578278,0.2265527844429016,-0.3782525658607483,-0.5281022191047668,-0.14289216697216034,0.007170555181801319,-0.19147135317325592,0.0011578202247619629,0.10805688798427582,0.004631513729691505,-0.12678653001785278,0.0021225307136774063,-0.03172225132584572,0.00621558865532279,0.07280223071575165,-0.10248087346553802,-0.028123054653406143,-0.1338765025138855,0.01788073405623436,-0.02840476855635643,0.01923169568181038]","[-0.40860414505004883,0.3151971995830536,-0.15606436133384705,0.9205825328826904,-0.6417005062103271,-0.23748959600925446,-0.49231573939323425,0.27930042147636414,-0.21756382286548615,0.9526032209396362,-0.44767868518829346,-0.5869005918502808,0.0018618934554979205,0.007945701479911804,-0.06816834956407547,-0.020438235253095627,-0.282517671585083,-0.050770025700330734,0.41262370347976685,-0.09951943159103394,-0.4454551935195923,0.028139328584074974,0.05027160048484802,0.0075051141902804375,-0.24682994186878204,0.005238035693764687,0.013696199283003807,-0.21785065531730652,-0.02447526343166828]","[-0.6255800127983093,0.9145826697349548,-0.745209813117981,0.955906093120575,-0.5554348826408386,0.10582666099071503,-0.6920771598815918,0.18693915009498596,0.1523779034614563,1.338823676109314,-0.49435552954673767,0.06119025498628616,0.11296399682760239,0.3204457759857178,-0.1852109134197235,-0.3167366087436676,0.11103400588035583,-0.15378470718860626,-0.3225780427455902,-0.17967364192008972,-2.628882884979248,0.6214183568954468,-0.33737412095069885,-0.24619026482105255,-0.21226191520690918,-0.7089210748672485,-0.026545561850070953,-0.8797237277030945,-0.8946323990821838]",0.035233087837696075,0.03509533405303955,0.01636691577732563,0.08673594146966934,0.09685700386762619,4.8428501933813095,0,0,0,0.4934234917163849,0.49627935886383057,0.9957195520401001,0.9460538625717163,0.9518242478370667,0.9847778677940369,-0.025228586047887802,-0.0,-0.0,0.0,0.0,0.0,0.0
16,0.32,16,"[-0.3894985020160675,-0.011208249256014824,-0.022480949759483337,0.8360375761985779,-0.47051045298576355,-0.02475491538643837,-0.323841392993927,0.047993920743465424,0.00852428562939167,0.7917484045028687,-0.46146315336227417,-0.07886206358671188,0.002021973254159093,-0.010385345667600632,0.03277038037776947,0.2529798150062561,0.14553619921207428,-0.022218482568860054,0.6430832743644714,0.009441923350095749,-0.005160646513104439,0.005075108725577593,0.23193947970867157,-0.1327400654554367,0.019230114296078682,0.6372730731964111,-0.0006310364115051925,-0.0006580720655620098,-0.0032199155539274216]","[-0.46765726804733276,0.13530080020427704,-0.02899002470076084,0.9136832356452942,-0.5053148865699768,-0.034581732004880905,-0.40532609820365906,0.13312339782714844,0.0068046762607991695,0.7600688934326172,-0.4196056127548218,0.04344505816698074,0.03897601738572121,0.033037446439266205,-0.02833116427063942,0.21583303809165955,0.2115878015756607,-0.018352430313825607,0.7347952127456665,-0.06887558847665787,-0.1313381940126419,0.026771431788802147,0.20253558456897736,-0.1956615000963211,-0.0525214821100235,0.6538659334182739,-0.011338984593749046,-0.013394282199442387,-0.05820542946457863]","[0.19618794322013855,0.11218477040529251,-0.13406594097614288,-0.200556218624115,-0.12545734643936157,-0.22024089097976685,0.1507975161075592,0.14046244323253632,-0.25204354524612427,0.026567280292510986,-0.18312260508537292,-0.43994227051734924,-0.10963808745145798,-0.04868980124592781,-0.0746103972196579,-0.10245367884635925,0.17523989081382751,0.03921254724264145,-0.12405961751937866,-0.011272355914115906,-0.021923962980508804,-0.0036276178434491158,-0.05360729992389679,-0.1570187509059906,-0.05561621114611626,-0.1077413558959961,0.017442062497138977,-0.01672915369272232,0.018096977844834328]","[-0.31162407994270325,0.26311609148979187,-0.11107694357633591,0.8323785066604614,-0.6385000348091125,-0.2617616057395935,-0.44267013669013977,0.2033785581588745,-0.2206825464963913,0.9646616578102112,-0.44731447100639343,-0.7096020579338074,0.050527460873126984,-0.06730221211910248,-0.09833138436079025,-0.00021451618522405624,-0.3198903203010559,-0.043393343687057495,0.32110917568206787,-0.05547551065683365,-0.42683354020118713,0.029612867161631584,0.09092015773057938,0.0072265369817614555,-0.1291542649269104,-2.678900636965409e-05,-0.0010388913797214627,-0.3147849440574646,0.0008083070861175656]","[-0.6560786962509155,0.8910357356071472,-0.6777216196060181,1.0147160291671753,-0.6149438619613647,0.06604546308517456,-0.689471423625946,0.1529059112071991,0.1789526790380478,1.3222488164901733,-0.5197754502296448,0.026877369731664658,0.1205253005027771,0.2927496135234833,-0.18692561984062195,-0.3390505015850067,0.13450713455677032,-0.14039209485054016,-0.3291985094547272,-0.16698572039604187,-2.758660316467285,0.6467938423156738,-0.32876235246658325,-0.24949492514133453,-0.19979891180992126,-0.7281191349029541,-0.03255511075258255,-1.0124634504318237,-0.7813534736633301]",0.038089413195848465,0.03513575717806816,0.015713833272457123,0.08649860322475433,0.09655658900737762,4.827829450368881,0,0,0,0.4923664927482605,0.4961981475353241,0.9959909915924072,0.9461325407028198,0.9494404196739197,0.9824183583259583,-0.034717343747615814,-0.0,-0.0,0.0,0.0,0.0,0.0
17,0.34,17,"[-0.3838798999786377,-0.00893798191100359,-0.024162614718079567,0.8295515775680542,-0.46872738003730774,-0.02956048771739006,-0.3193614184856415,0.04991625249385834,0.003099837340414524,0.7904993891716003,-0.46337607502937317,-0.08686184138059616,0.0003528458473738283,-0.011817600578069687,0.03229173645377159,0.2500528395175934,0.14964868128299713,-0.02112692967057228,0.6404242515563965,0.009096977300941944,-0.005402926821261644,0.004916508216410875,0.22973176836967468,-0.13647353649139404,0.017951812595129013,0.6350951790809631,-0.000286485388642177,-0.0007625971338711679,-0.0028496452141553164]","[-0.4727614223957062,0.1397944688796997,-0.030229676514863968,0.9292168021202087,-0.5179504752159119,-0.04020333290100098,-0.41368043422698975,0.13668020069599152,0.0034796283580362797,0.7796889543533325,-0.4300643801689148,0.027817746624350548,0.04068624600768089,0.03046317584812641,-0.03068867139518261,0.2159584015607834,0.20523905754089355,-0.019142838194966316,0.7398471832275391,-0.0695529356598854,-0.1403110772371292,0.027413733303546906,0.20502421259880066,-0.19556230306625366,-0.05367889627814293,0.6536694765090942,-0.011398738250136375,-0.02167772874236107,-0.05782299488782883]","[0.30394643545150757,0.0626140758395195,-0.08841818571090698,-0.3039836883544922,0.08673444390296936,-0.2425519824028015,0.19245892763137817,0.110783152282238,-0.3012309968471527,-0.024034082889556885,-0.050883740186691284,-0.37063008546829224,-0.08116674423217773,-0.08543902635574341,-0.022204220294952393,-0.17273053526878357,0.22752024233341217,0.0685189887881279,-0.13609379529953003,-0.02269016206264496,-0.007233989890664816,-0.004571839235723019,-0.14206059277057648,-0.21084733307361603,-0.06712232530117035,-0.1213565468788147,0.016619790345430374,-0.0001186082954518497,0.023413369432091713]","[-0.2170964479446411,0.2063455730676651,-0.054168421775102615,0.7439121007919312,-0.6264888644218445,-0.28973105549812317,-0.3850661814212799,0.1749102771282196,-0.13784338533878326,0.9816333651542664,-0.5794849991798401,-0.7797616720199585,0.08756878226995468,-0.1445109248161316,-0.11837486177682877,0.0066497973166406155,-0.3193504810333252,-0.0401788167655468,0.21104925870895386,-0.025554200634360313,-0.4224676787853241,0.03265382722020149,0.12990152835845947,0.004036030266433954,-0.03100167028605938,-0.00613195588812232,-0.0032244056928902864,-0.41138502955436707,0.024834562093019485]","[-0.6949498653411865,0.8421946167945862,-0.587017297744751,1.1139451265335083,-0.6847836375236511,0.017325803637504578,-0.6726351976394653,0.11075582355260849,0.2194495052099228,1.2933954000473022,-0.5489360690116882,-0.0007540136575698853,0.1190454289317131,0.2577102780342102,-0.1787462681531906,-0.3655844032764435,0.1657474786043167,-0.12790034711360931,-0.3376414477825165,-0.14969950914382935,-2.893076181411743,0.6854410767555237,-0.30649662017822266,-0.25059574842453003,-0.18803469836711884,-0.7452563047409058,-0.03110310435295105,-1.1627061367034912,-0.6570806503295898]",0.041110098361968994,0.03363761678338051,0.015749944373965263,0.08607952296733856,0.09624312072992325,4.812156036496162,0,0,0,0.49114733934402466,0.4964548945426941,0.9960510730743408,0.946532666683197,0.9515913128852844,0.9790687561035156,-0.048689864575862885,-0.0,-0.0,0.0,0.0,0.0,0.0
18,0.36,18,"[-0.3773406445980072,-0.00870368629693985,-0.026017677038908005,0.8238782286643982,-0.4670410752296448,-0.034456994384527206,-0.3161430358886719,0.05242524668574333,-0.003524953266605735,0.7907870411872864,-0.4634985029697418,-0.0936872661113739,-0.0012246962869539857,-0.01380290649831295,0.031882211565971375,0.24607059359550476,0.15463700890541077,-0.01947772316634655,0.6376395225524902,0.008534316904842854,-0.005450006108731031,0.004892235156148672,0.2262570559978485,-0.14117395877838135,0.016545221209526062,0.6324188113212585,3.375518645043485e-05,-0.0006628163973800838,-0.0022833808325231075]","[-0.47606343030929565,0.14282096922397614,-0.030961347743868828,0.9428989291191101,-0.5301166772842407,-0.0464790053665638,-0.4203549325466156,0.1392882764339447,0.0009758892701938748,0.7988219857215881,-0.44281312823295593,0.009555365890264511,0.04200159013271332,0.02681339904665947,-0.033265553414821625,0.21607044339179993,0.19909560680389404,-0.019928229972720146,0.7427120208740234,-0.06971915811300278,-0.1490376591682434,0.028451545163989067,0.20817162096500397,-0.19553659856319427,-0.05394623428583145,0.6533797979354858,-0.011357980780303478,-0.03164035826921463,-0.05700346827507019]","[0.36013349890708923,-0.059137728065252304,-0.14025099575519562,-0.2518072724342346,0.024049729108810425,-0.23397132754325867,0.1233324408531189,0.1467166543006897,-0.36063066124916077,-0.004789233207702637,0.042923539876937866,-0.3405846655368805,-0.08566136658191681,-0.11288277059793472,-0.03165644779801369,-0.21887719631195068,0.26375725865364075,0.09294846653938293,-0.13115257024765015,-0.03260713070631027,0.004049448762089014,-0.0032193725928664207,-0.18668435513973236,-0.24813637137413025,-0.07107851654291153,-0.13409405946731567,0.014531834051012993,0.009976120665669441,0.0312676876783371]","[-0.13166683912277222,0.12866653501987457,-0.03761070966720581,0.6505966186523438,-0.6001443266868591,-0.3067043125629425,-0.30601999163627625,0.10965133458375931,-0.1221843734383583,0.9523120522499084,-0.6663065552711487,-0.8998787999153137,0.05094592645764351,-0.1840897798538208,-0.13034790754318237,0.0014998909318819642,-0.3048993945121765,-0.04070615768432617,0.10716287791728973,-0.0016987971030175686,-0.41061508655548096,0.05270356312394142,0.16021813452243805,-0.00036763702519237995,-0.008786892518401146,-0.009256599470973015,0.0043014721013605595,-0.48456019163131714,0.04610311985015869]","[-0.7188559174537659,0.7718079686164856,-0.48343950510025024,1.228913426399231,-0.7392399311065674,-0.0292426198720932,-0.659052312374115,0.059561289846897125,0.25720492005348206,1.2168430089950562,-0.5583357214927673,-0.026350323110818863,0.10304103791713715,0.21507465839385986,-0.1753525286912918,-0.4033067524433136,0.20304371416568756,-0.11955752968788147,-0.3530774414539337,-0.13355711102485657,-3.0183327198028564,0.7439721822738647,-0.27337634563446045,-0.24885182082653046,-0.1788131445646286,-0.7553844451904297,-0.023793265223503113,-1.3234570026397705,-0.5321111083030701]",0.04398148134350777,0.03128230571746826,0.016314830631017685,0.08485346287488937,0.09608988463878632,4.804494231939316,0,0,0,0.48988181352615356,0.49690333008766174,0.9958846569061279,0.9475734233856201,0.9589129090309143,0.9717492461204529,-0.056411419063806534,-0.0,-0.0,0.0,0.0,0.0,0.0
19,0.38,19,"[-0.3694745600223541,-0.011303490959107876,-0.029772654175758362,0.8194792866706848,-0.4677653908729553,-0.03891934081912041,-0.3144281208515167,0.0557849183678627,-0.011325388215482235,0.7903078198432922,-0.46165913343429565,-0.10048522800207138,-0.0030736089684069157,-0.01633291132748127,0.03102547861635685,0.24129775166511536,0.16019897162914276,-0.01740899123251438,0.6351781487464905,0.007792692165821791,-0.005240948870778084,0.0047877333126962185,0.2222643941640854,-0.14639899134635925,0.015108671970665455,0.6297314167022705,0.0002947879838757217,-0.00036355233169160783,-0.0015989376697689295]","[-0.4773200750350952,0.1443464756011963,-0.0316283218562603,0.9542836546897888,-0.5415140390396118,-0.052094317972660065,-0.4247523546218872,0.140561044216156,-0.0016694539226591587,0.8163011074066162,-0.456059068441391,-0.010866817086935043,0.0423348993062973,0.022899184376001358,-0.036049727350473404,0.2159852385520935,0.19354502856731415,-0.021354926750063896,0.7439820170402527,-0.06953560560941696,-0.1574004590511322,0.030145784839987755,0.21220606565475464,-0.19557936489582062,-0.05403520539402962,0.6530699133872986,-0.01112608052790165,-0.042710430920124054,-0.05578696355223656]","[0.4123985767364502,-0.17481009662151337,-0.22898130118846893,-0.2433985471725464,0.0015340745449066162,-0.19482290744781494,0.02654045820236206,0.19538691639900208,-0.3675510585308075,-0.06307214498519897,0.12981966137886047,-0.3583800196647644,-0.08848363161087036,-0.13925014436244965,-0.05040937289595604,-0.2529006600379944,0.28666481375694275,0.11258234828710556,-0.11980384588241577,-0.040426257997751236,0.014907017350196838,-0.005138677079230547,-0.1984909176826477,-0.2672974169254303,-0.0673348531126976,-0.1331716775894165,0.010920548811554909,0.01701234094798565,0.038135819137096405]","[-0.03510356694459915,0.060997724533081055,-0.030215030536055565,0.5188353657722473,-0.5400938391685486,-0.25765472650527954,-0.1861826479434967,0.040753670036792755,-0.13425853848457336,0.8348427414894104,-0.6669474840164185,-1.0098639726638794,0.004698517732322216,-0.1900094598531723,-0.16197647154331207,-0.011150575242936611,-0.2660912871360779,-0.08182136714458466,0.0529244989156723,0.013299972750246525,-0.39762118458747864,0.08355671912431717,0.2221493124961853,-0.0036565125919878483,-0.004138783551752567,-0.009876086376607418,0.014482635073363781,-0.5317728519439697,0.06547132879495621]","[-0.7191746234893799,0.6839404106140137,-0.37799131870269775,1.348634123802185,-0.7606843113899231,-0.07681111991405487,-0.6495747566223145,0.007708944380283356,0.2977229356765747,1.0831208229064941,-0.5424861311912537,-0.05229463055729866,0.07713352143764496,0.166189044713974,-0.17514818906784058,-0.4493076801300049,0.24507512152194977,-0.11395840346813202,-0.37357810139656067,-0.12499638646841049,-3.1231508255004883,0.8065670728683472,-0.23280024528503418,-0.24632684886455536,-0.1742345094680786,-0.764289379119873,-0.015436802059412003,-1.4877610206604004,-0.4194328784942627]",0.046384457498788834,0.025351667776703835,0.017061768099665642,0.0831848755478859,0.09601538628339767,4.800769314169884,0,0,0,0.48873865604400635,0.49792733788490295,0.9956102967262268,0.948675274848938,0.9670113921165466,0.964311957359314,-0.06150532141327858,-0.0,-0.0,0.0,0.0,0.0,0.0
20,0.4,20,"[-0.3608447015285492,-0.01569608971476555,-0.03517692908644676,0.8141422867774963,-0.4669797122478485,-0.04224991053342819,-0.3150814175605774,0.0602407231926918,-0.018226996064186096,0.7882641553878784,-0.4583057165145874,-0.10802246630191803,-0.004764041397720575,-0.019372912123799324,0.02986583672463894,0.23595456779003143,0.16610360145568848,-0.01497442927211523,0.6328473687171936,0.006917266640812159,-0.004853725433349609,0.00468668807297945,0.2183174192905426,-0.1518658548593521,0.013851827010512352,0.6270919442176819,0.0004705771279986948,1.7677233699942008e-05,-0.0007579481462016702]","[-0.4775184094905853,0.1447320580482483,-0.032823286950588226,0.9629583954811096,-0.5517476797103882,-0.056752972304821014,-0.42709609866142273,0.14091628789901733,-0.004601126536726952,0.8305112719535828,-0.4691045880317688,-0.03167835623025894,0.041733622550964355,0.01965414546430111,-0.040326233953237534,0.2151888608932495,0.188906729221344,-0.02386520430445671,0.7448148727416992,-0.06916818022727966,-0.16498751938343048,0.032259345054626465,0.21792438626289368,-0.19568796455860138,-0.05416135862469673,0.6527582406997681,-0.010699603706598282,-0.05451725423336029,-0.05425086244940758]","[0.43335333466529846,-0.21254488825798035,-0.27652010321617126,-0.2783432602882385,0.09960085153579712,-0.1469530165195465,-0.07079094648361206,0.19438733160495758,-0.344074547290802,-0.17628520727157593,0.18409937620162964,-0.39637482166290283,-0.08059371262788773,-0.1569899320602417,-0.05401056259870529,-0.27954429388046265,0.2984665334224701,0.12857313454151154,-0.11816620826721191,-0.046936482191085815,0.02264130301773548,-0.005151098594069481,-0.19952356815338135,-0.2761848270893097,-0.05873127654194832,-0.13082176446914673,0.007222089450806379,0.020695894956588745,0.04320875555276871]","[0.0011411476880311966,0.0055025783367455006,-0.0800461545586586,0.38760289549827576,-0.5070163607597351,-0.2138906568288803,-0.09829135239124298,0.008542302064597607,-0.14240777492523193,0.6625762581825256,-0.6596406102180481,-0.9135075211524963,-0.04023884981870651,-0.1334112286567688,-0.24989938735961914,-0.05552012100815773,-0.22013603150844574,-0.13297033309936523,0.040960174053907394,0.01995176076889038,-0.35298585891723633,0.10115502029657364,0.3085471987724304,-0.007064365316182375,-0.010691404342651367,-0.009588404558598995,0.023967906832695007,-0.5595576763153076,0.08014922589063644]","[-0.71132892370224,0.5972431898117065,-0.2850731909275055,1.4678868055343628,-0.7400678992271423,-0.123956099152565,-0.6325581669807434,-0.042955122888088226,0.3507677912712097,0.9301759600639343,-0.5055725574493408,-0.07739236950874329,0.054308317601680756,0.11900115013122559,-0.1724497377872467,-0.49483340978622437,0.28727030754089355,-0.11073870956897736,-0.3930809795856476,-0.1218261793255806,-3.205223321914673,0.8596296906471252,-0.19010132551193237,-0.24386881291866302,-0.17579777538776398,-0.7766091823577881,-0.007953975349664688,-1.6554269790649414,-0.3278680443763733]",0.04808886721730232,0.020008573308587074,0.018079057335853577,0.0817161425948143,0.09620336443185806,4.810168221592903,0,0,0,0.4878654181957245,0.4986746609210968,0.9952127933502197,0.9491756558418274,0.9745574593544006,0.9642975330352783,-0.059615593403577805,-0.0,-0.0,0.0,0.0,0.0,0.0
21,0.42,21,"[-0.3521404266357422,-0.019805286079645157,-0.04083345830440521,0.8083455562591553,-0.46378135681152344,-0.04479746147990227,-0.3172597587108612,0.06356041133403778,-0.025088369846343994,0.7832564115524292,-0.45429515838623047,-0.11634021997451782,-0.006297357380390167,-0.02261250838637352,0.028865056112408638,0.23011597990989685,0.17213763296604156,-0.012266065925359726,0.630451500415802,0.0059152329340577126,-0.004335296805948019,0.004581689368933439,0.21428345143795013,-0.15744638442993164,0.012759421020746231,0.6244985461235046,0.000583671557251364,0.00046428348287008703,0.00012941252498421818]","[-0.47612690925598145,0.14534185826778412,-0.035725709050893784,0.9650269150733948,-0.554498016834259,-0.06014121323823929,-0.42796605825424194,0.14144259691238403,-0.008172228001058102,0.8418158888816833,-0.4820825159549713,-0.045643553137779236,0.04034014791250229,0.019193265587091446,-0.045804981142282486,0.2132423222064972,0.18499355018138885,-0.027326924726366997,0.7454078793525696,-0.06869365274906158,-0.1717798411846161,0.03440813347697258,0.22518178820610046,-0.1962369829416275,-0.055095374584198,0.651702880859375,-0.009633751586079597,-0.06670978665351868,-0.052253950387239456]","[0.40673017501831055,-0.14780713617801666,-0.2553153932094574,-0.2643004059791565,0.18999427556991577,-0.10476513206958771,-0.12255087494850159,0.1126464456319809,-0.2930600643157959,-0.30025243759155273,0.19050613045692444,-0.43393298983573914,-0.09772492200136185,-0.1415121853351593,-0.04858388751745224,-0.2995070219039917,0.29689446091651917,0.13608883321285248,-0.12466907501220703,-0.05146055668592453,0.028844306245446205,-0.005445547867566347,-0.19837841391563416,-0.28678515553474426,-0.052662987262010574,-0.13829171657562256,0.004233838524669409,0.020009879022836685,0.04565168172121048]","[0.05940074846148491,0.019658008590340614,-0.1438596546649933,0.17304077744483948,-0.1849324256181717,-0.16708508133888245,-0.015052100643515587,0.011824572458863258,-0.16454854607582092,0.5316261649131775,-0.6523149013519287,-0.5054208040237427,-0.07606900483369827,-0.009448912926018238,-0.27078738808631897,-0.12654554843902588,-0.1677134484052658,-0.17226585745811462,0.033659983426332474,0.024551190435886383,-0.3192273676395416,0.09945274889469147,0.3618626296520233,-0.01655915006995201,-0.0599215030670166,-0.04220583289861679,0.054172664880752563,-0.574860155582428,0.09773863852024078]","[-0.7007576823234558,0.5263586044311523,-0.21146750450134277,1.5909370183944702,-0.6770371198654175,-0.16640527546405792,-0.6100091934204102,-0.09083593636751175,0.41167742013931274,0.8065199851989746,-0.45752736926078796,-0.10662841796875,0.038804858922958374,0.08215638995170593,-0.17052976787090302,-0.5268247723579407,0.3258378505706787,-0.1096121221780777,-0.40658530592918396,-0.11829077452421188,-3.26973819732666,0.8941577076911926,-0.1517331600189209,-0.2472885400056839,-0.17955441772937775,-0.7904672622680664,0.0019699670374393463,-1.8228039741516113,-0.2611098885536194]",0.04881928116083145,0.015532595105469227,0.01935606263577938,0.08145572245121002,0.09663380682468414,4.831690341234207,0,0,0,0.48744305968284607,0.49920353293418884,0.9947760701179504,0.9488503336906433,0.9787893891334534,0.9728069305419922,-0.05017918720841408,-0.0,-0.0,0.0,0.0,0.0,0.0
22,0.44,22,"[-0.3445754945278168,-0.021608375012874603,-0.04538954421877861,0.8035702705383301,-0.4593799412250519,-0.04644051566720009,-0.31998345255851746,0.06474658101797104,-0.029949398711323738,0.7762540578842163,-0.4506854712963104,-0.1253797858953476,-0.008673038333654404,-0.02503339946269989,0.027922481298446655,0.2239742875099182,0.17797937989234924,-0.009530875831842422,0.6278606057167053,0.004858844447880983,-0.0036999532021582127,0.004468866158276796,0.21038228273391724,-0.16333726048469543,0.011745307594537735,0.621560275554657,0.0006399306585080922,0.0008180724107660353,0.0010681190760806203]","[-0.475260853767395,0.14507903158664703,-0.03750283643603325,0.9701758027076721,-0.5627710819244385,-0.06343837827444077,-0.4279260039329529,0.14098361134529114,-0.010146097280085087,0.8508331179618835,-0.49469780921936035,-0.05106419697403908,0.03880700469017029,0.01833762414753437,-0.052145905792713165,0.21034327149391174,0.1833726465702057,-0.031129134818911552,0.7460455894470215,-0.06809022277593613,-0.17778126895427704,0.036160554736852646,0.23280884325504303,-0.19639725983142853,-0.05569355934858322,0.6511332988739014,-0.0072630406357347965,-0.0786852017045021,-0.04974966496229172]","[0.3397122025489807,-0.014915410429239273,-0.21068808436393738,-0.1983359456062317,0.19146651029586792,-0.04346594214439392,-0.08053183555603027,-0.02963906154036522,-0.18646466732025146,-0.39373934268951416,0.2172626554965973,-0.4531782269477844,-0.1758175939321518,-0.07070307433605194,-0.056722015142440796,-0.3158107399940491,0.2767171859741211,0.13015298545360565,-0.12892186641693115,-0.05402020364999771,0.03768821433186531,-0.006061629392206669,-0.17658285796642303,-0.30985474586486816,-0.055436745285987854,-0.16283541917800903,0.0018172446871176362,0.01101501751691103,0.046996939927339554]","[0.04498757794499397,-0.025566978380084038,-0.05926743522286415,0.250762015581131,-0.5012985467910767,-0.15953753888607025,0.007834884338080883,-0.04119088873267174,-0.06618207693099976,0.39512449502944946,-0.6066245436668396,-0.13471189141273499,-0.08104822784662247,-0.055858153849840164,-0.3534056842327118,-0.15105536580085754,-0.035497698932886124,-0.18208201229572296,0.03161294758319855,0.031631987541913986,-0.2793444097042084,0.07718849927186966,0.3875155448913574,-0.006700566969811916,-0.016713181510567665,-0.025502711534500122,0.1209070160984993,-0.5523643493652344,0.12628985941410065]","[-0.7124103307723999,0.4712083339691162,-0.14871931076049805,1.7110404968261719,-0.619314968585968,-0.20488974452018738,-0.5717284083366394,-0.14202025532722473,0.47283196449279785,0.7235472798347473,-0.42756399512290955,-0.15401680767536163,0.03165310248732567,0.04740722104907036,-0.17229077219963074,-0.5344660878181458,0.3586938977241516,-0.11148008704185486,-0.41352957487106323,-0.11113452166318893,-3.3140532970428467,0.9016077518463135,-0.12430226802825928,-0.2601299285888672,-0.1774422526359558,-0.7969210147857666,0.015001337975263596,-1.980010747909546,-0.20826588571071625]",0.048853348940610886,0.01363365352153778,0.020835570991039276,0.08320391178131104,0.09696684777736664,4.848342388868332,0,0,0,0.48740822076797485,0.4994031488895416,0.9941718578338623,0.9469192624092102,0.9819133281707764,0.9772098660469055,-0.03868356719613075,-0.0,-0.0,0.0,0.0,0.0,0.0
23,0.46,23,"[-0.33855193853378296,-0.020401902496814728,-0.049260981380939484,0.800412118434906,-0.4561226963996887,-0.046536099165678024,-0.3204810321331024,0.06237484887242317,-0.03254695609211922,0.7675068378448486,-0.4456046521663666,-0.13446734845638275,-0.013330060988664627,-0.025440631434321404,0.026596175506711006,0.2174835503101349,0.18320631980895996,-0.007059946656227112,0.6252946257591248,0.00375442486256361,-0.002827768214046955,0.0043392241932451725,0.2072201371192932,-0.16984057426452637,0.010541951283812523,0.6179851293563843,0.000656361342407763,0.0009048841893672943,0.002009290037676692]","[-0.47302716970443726,0.14399731159210205,-0.038229893893003464,0.9733878970146179,-0.5734312534332275,-0.06626459211111069,-0.4264023005962372,0.1395891308784485,-0.011055187322199345,0.8567895293235779,-0.5060881972312927,-0.05166972056031227,0.03657359257340431,0.01718895509839058,-0.0589231476187706,0.20671939849853516,0.18421240150928497,-0.03489968553185463,0.7465558052062988,-0.06733622401952744,-0.18296054005622864,0.03737204521894455,0.24068708717823029,-0.19663675129413605,-0.05586814135313034,0.6504987478256226,-0.0024409813340753317,-0.08996760100126266,-0.0467083677649498]","[0.22066831588745117,0.14235302805900574,-0.19495683908462524,-0.09132623672485352,0.10832101106643677,0.029940251260995865,0.06836429238319397,-0.1490953415632248,-0.12126132100820541,-0.4167482256889343,0.2596363425254822,-0.3813609480857849,-0.2854357659816742,0.05918252468109131,-0.10863538086414337,-0.32797569036483765,0.2379339188337326,0.11238794773817062,-0.12549757957458496,-0.056682005524635315,0.048105377703905106,-0.00806594081223011,-0.12042149901390076,-0.34457966685295105,-0.0681246668100357,-0.19658207893371582,-0.001798909273929894,-0.009066463448107243,0.04491472244262695]","[0.1395549178123474,-0.06615815311670303,-0.026727300137281418,0.10246139764785767,-0.5317448377609253,-0.1292031854391098,0.10366884618997574,-0.08306572586297989,-0.03730112314224243,0.2406865805387497,-0.5438283681869507,0.020735813304781914,-0.127899169921875,-0.05251699686050415,-0.34423720836639404,-0.1945226937532425,0.08045662194490433,-0.1761067807674408,0.023780498653650284,0.03914455324411392,-0.24128325283527374,0.05282001197338104,0.39460042119026184,-0.014467518776655197,-0.0068823834881186485,-0.038885850459337234,0.24652552604675293,-0.5186996459960938,0.14571790397167206]","[-0.731085479259491,0.4242275357246399,-0.10418400913476944,1.8152817487716675,-0.5121096968650818,-0.23404555022716522,-0.5048360228538513,-0.18989065289497375,0.5305770039558411,0.6602309346199036,-0.3680066168308258,-0.21638906002044678,0.030324261635541916,0.02233678475022316,-0.18271540105342865,-0.529097855091095,0.3871242105960846,-0.11591358482837677,-0.41697928309440613,-0.10360638052225113,-3.3458096981048584,0.8957296013832092,-0.10827779024839401,-0.27919358015060425,-0.16869370639324188,-0.8003569841384888,0.04003981128334999,-2.118760585784912,-0.15400342643260956]",0.04818012937903404,0.010436874814331532,0.021902868524193764,0.08507869392633438,0.09702463448047638,4.851231724023819,0,0,0,0.4877259433269501,0.4996638298034668,0.9937354326248169,0.9448757171630859,0.9819146394729614,0.9810831546783447,-0.03776717185974121,-0.0,-0.0,0.0,0.0,0.0,0.0
24,0.48,24,"[-0.3357487618923187,-0.015914253890514374,-0.053187817335128784,0.7999172210693359,-0.4550471007823944,-0.045242905616760254,-0.3172488808631897,0.05878276750445366,-0.03479985147714615,0.7595841288566589,-0.44030001759529114,-0.140634223818779,-0.020090468227863312,-0.022666098549962044,0.023577066138386726,0.21085526049137115,0.18749673664569855,-0.005035358015447855,0.6228407025337219,0.002591564320027828,-0.0017757382011041045,0.004146228544414043,0.2055654227733612,-0.17712044715881348,0.009020321071147919,0.6136969923973083,0.0005679742898792028,0.00045541388681158423,0.00286470795981586]","[-0.469595342874527,0.14258277416229248,-0.03796808794140816,0.9743879437446594,-0.5824654698371887,-0.06872422248125076,-0.4227488338947296,0.13762345910072327,-0.011797906830906868,0.8595752120018005,-0.5163584351539612,-0.051975104957818985,0.03336373344063759,0.016641633585095406,-0.06528038531541824,0.20232343673706055,0.1869814246892929,-0.03823377564549446,0.7469087839126587,-0.06642039120197296,-0.18728172779083252,0.03823038935661316,0.24847376346588135,-0.19748039543628693,-0.05596265569329262,0.649834394454956,0.005099141504615545,-0.1001933142542839,-0.043194741010665894]","[0.018187612295150757,0.30068710446357727,-0.19773069024085999,0.0722154974937439,-0.0185549259185791,0.09640390425920486,0.19942820072174072,-0.20190636813640594,-0.18623974919319153,-0.3938436508178711,0.12653246521949768,-0.22168941795825958,-0.35447725653648376,0.21379543840885162,-0.20677420496940613,-0.3389638066291809,0.19416473805904388,0.09083594381809235,-0.12502074241638184,-0.05644899979233742,0.05484534427523613,-0.010566622950136662,-0.042552873492240906,-0.37584826350212097,-0.08531928807497025,-0.22338777780532837,-0.004207033663988113,-0.033484455198049545,0.04012412950396538]","[0.17415615916252136,-0.07360018789768219,0.03992513194680214,0.030273588374257088,-0.39217445254325867,-0.12069296091794968,0.21337147057056427,-0.11119258403778076,-0.03476256504654884,0.08299776911735535,-0.488538920879364,-0.036731209605932236,-0.1741182655096054,-0.01487797498703003,-0.3167514503002167,-0.2303132861852646,0.16743896901607513,-0.14915098249912262,0.015448377467691898,0.04749102517962456,-0.19979546964168549,0.03937038406729698,0.3858295679092407,-0.05875927209854126,-0.0042266845703125,-0.03560895845293999,0.37323087453842163,-0.46337345242500305,0.16824758052825928]","[-0.7526417970657349,0.3939952254295349,-0.06805504113435745,1.8848127126693726,-0.3754406273365021,-0.2546687126159668,-0.4287008047103882,-0.22164538502693176,0.5787099599838257,0.6148869395256042,-0.28745266795158386,-0.2848784327507019,0.032649390399456024,0.017034020274877548,-0.20248116552829742,-0.5092934966087341,0.41029584407806396,-0.11707259714603424,-0.4285357892513275,-0.09459169209003448,-3.362161159515381,0.8720328211784363,-0.09779752790927887,-0.29833072423934937,-0.15902800858020782,-0.8015686273574829,0.07077929377555847,-2.230332374572754,-0.09125037491321564]",0.0468447282910347,0.008828680962324142,0.022459976375102997,0.08638574928045273,0.09702790528535843,4.8513952642679214,0,0,0,0.48836177587509155,0.4997682273387909,0.9934797883033752,0.9434177279472351,0.9756842851638794,0.9853232502937317,-0.034640148282051086,-0.0,-0.0,0.0,0.0,0.0,0.0
25,0.5,25,"[-0.33782443404197693,-0.008374418132007122,-0.05717020854353905,0.8033007383346558,-0.4568648934364319,-0.04267994314432144,-0.3125039041042328,0.05429859459400177,-0.039996545761823654,0.7517530918121338,-0.44054335355758667,-0.14333492517471313,-0.02750915102660656,-0.01688881404697895,0.018325207754969597,0.2039249986410141,0.19097290933132172,-0.003426508978009224,0.6202937960624695,0.0014964649453759193,-0.0006339544779621065,0.003916559275239706,0.20551802217960358,-0.1848745048046112,0.0071291797794401646,0.6090496182441711,0.0004880799970123917,-0.00043449399527162313,0.003614255227148533]","[-0.4670473635196686,0.14064174890518188,-0.03519237041473389,0.9767879247665405,-0.5861408710479736,-0.07141442596912384,-0.4173439145088196,0.1344067007303238,-0.011634575203061104,0.8599384427070618,-0.5256185531616211,-0.05337560921907425,0.02989872358739376,0.015690932050347328,-0.07102033495903015,0.1973932832479477,0.19144320487976074,-0.04009028151631355,0.747089684009552,-0.06536814570426941,-0.19082988798618317,0.038893550634384155,0.25585678219795227,-0.19894365966320038,-0.05596482753753662,0.6493892669677734,0.013755198568105698,-0.10870964825153351,-0.03937741369009018]","[-0.27275532484054565,0.416098952293396,-0.17938604950904846,0.3506109118461609,-0.14685243368148804,0.1354573369026184,0.22351369261741638,-0.16226954758167267,-0.2957962453365326,-0.38027018308639526,-0.17027854919433594,-0.0547066330909729,-0.33958694338798523,0.3226386606693268,-0.27525702118873596,-0.3695555031299591,0.16232430934906006,0.07782933115959167,-0.1353248953819275,-0.05425672233104706,0.05706407502293587,-0.012056948617100716,0.015377625823020935,-0.381285697221756,-0.10052205622196198,-0.2252042293548584,-0.004405254032462835,-0.05171091854572296,0.03286733478307724]","[0.10563989728689194,-0.11033942550420761,0.19045241177082062,0.16144020855426788,-0.06402860581874847,-0.13379554450511932,0.2982843816280365,-0.18885427713394165,0.0295626912266016,-0.015769610181450844,-0.4579686224460602,-0.07704920321702957,-0.17366181313991547,-0.060980260372161865,-0.2780967056751251,-0.25092455744743347,0.25399288535118103,-0.06260280311107635,0.006600072607398033,0.053608205169439316,-0.16344454884529114,0.030496064573526382,0.36040619015693665,-0.08229301869869232,0.0007014829316176474,-0.01882966421544552,0.4080217778682709,-0.376116007566452,0.1808733195066452]","[-0.7788025736808777,0.3770754337310791,-0.04253694415092468,1.9312385320663452,-0.23138415813446045,-0.26642680168151855,-0.35572487115859985,-0.236588716506958,0.6306207776069641,0.5890265107154846,-0.19190414249897003,-0.34522032737731934,0.043030716478824615,0.026253897696733475,-0.22503316402435303,-0.480784147977829,0.4248444139957428,-0.11070863902568817,-0.4438868761062622,-0.0877901166677475,-3.3677165508270264,0.8383269906044006,-0.09341065585613251,-0.308952271938324,-0.15093673765659332,-0.8039014339447021,0.09337139129638672,-2.3072311878204346,-0.02852042019367218]",0.04494756460189819,0.01072109118103981,0.02213667705655098,0.08689607679843903,0.0969054251909256,4.84527125954628,0,0,0,0.48926788568496704,0.4996645748615265,0.9936619400978088,0.943381130695343,0.9632183313369751,0.9861408472061157,-0.030063843354582787,-0.0,-0.0,0.0,0.0,0.0,0.0
26,0.52,26,"[-0.34665897488594055,0.000729704275727272,-0.06036325916647911,0.8139416575431824,-0.46092119812965393,-0.03982461243867874,-0.30830833315849304,0.05229198560118675,-0.04663170129060745,0.7443733215332031,-0.4471111595630646,-0.1428224891424179,-0.03367394581437111,-0.00976055208593607,0.012566785328090191,0.1960730403661728,0.19398970901966095,-0.0019221848342567682,0.6174277067184448,0.00042129537905566394,0.000506824639160186,0.003663950599730015,0.20618052780628204,-0.19237187504768372,0.004999438766390085,0.604688823223114,0.00039176412974484265,-0.0016130227595567703,0.004179401323199272]","[-0.4652143716812134,0.13928624987602234,-0.030255312100052834,0.9816716909408569,-0.5534006357192993,-0.07523138076066971,-0.4101199805736542,0.13134227693080902,-0.009927538223564625,0.8581278920173645,-0.5341513752937317,-0.05464338883757591,0.027977503836154938,0.015835849568247795,-0.07662665843963623,0.1929956078529358,0.19674724340438843,-0.04088231921195984,0.7470479607582092,-0.06399932503700256,-0.19365303218364716,0.03938303887844086,0.2630214989185333,-0.20181530714035034,-0.05589769408106804,0.6488279104232788,0.021084308624267578,-0.11505872756242752,-0.03565921261906624]","[-0.6201349496841431,0.4526120722293854,-0.08668685704469681,0.8282139897346497,-0.17336606979370117,0.15872688591480255,0.1936115324497223,-0.06378870457410812,-0.3972720503807068,-0.36624521017074585,-0.3482617437839508,0.06289705634117126,-0.2463546097278595,0.3343386948108673,-0.2537837624549866,-0.4150122404098511,0.1409471035003662,0.07646716386079788,-0.14155954122543335,-0.04778795689344406,0.05409327149391174,-0.012058328837156296,0.025203824043273926,-0.3466770052909851,-0.10677115619182587,-0.18763840198516846,-0.0006123082130216062,-0.05743425711989403,0.02470192313194275]","[0.08144786953926086,-0.08198855817317963,0.2886580526828766,0.34948012232780457,0.8593753576278687,-0.1613384485244751,0.3816971778869629,-0.1709984689950943,0.14589697122573853,-0.12736563384532928,-0.40718021988868713,-0.04715074226260185,-0.06865193694829941,-0.019704705104231834,-0.29448479413986206,-0.1955084204673767,0.29958346486091614,-0.029693113639950752,8.986147440737113e-05,0.0659760981798172,-0.12752282619476318,0.021877354010939598,0.3419828712940216,-0.14067424833774567,0.0044392189010977745,-0.008893501944839954,0.3236812651157379,-0.26380521059036255,0.17228245735168457]","[-0.8259596824645996,0.3586541414260864,-0.02118704468011856,1.9842454195022583,-0.10530119389295578,-0.2686578631401062,-0.2721901535987854,-0.2582484185695648,0.709692120552063,0.559106707572937,-0.07019779086112976,-0.3893568217754364,0.0576840303838253,0.024244923144578934,-0.247869610786438,-0.4536689519882202,0.43176719546318054,-0.09563983976840973,-0.452831506729126,-0.08161196112632751,-3.3623464107513428,0.8057276606559753,-0.1016402393579483,-0.30512434244155884,-0.14179228246212006,-0.8074222803115845,0.10007631778717041,-2.3488476276397705,0.019000664353370667]",0.04248988255858421,0.01493790652602911,0.021361973136663437,0.08756277710199356,0.09643083065748215,4.821541532874107,0,0,0,0.4904074966907501,0.4993411600589752,0.994013249874115,0.9436319470405579,0.9534249305725098,0.9708521962165833,-0.030129728838801384,-0.0,-0.0,0.0,0.0,0.0,0.0
27,0.54,27,"[-0.36262983083724976,0.009730063378810883,-0.06063768267631531,0.8364292979240417,-0.46379953622817993,-0.03633086755871773,-0.3047594428062439,0.051747046411037445,-0.05588742718100548,0.737103283405304,-0.4544738233089447,-0.14081904292106628,-0.037363335490226746,-0.003515266813337803,0.008173857815563679,0.18732450902462006,0.19661079347133636,-0.00036782256211154163,0.6146314144134521,-0.00041505321860313416,0.001529776374809444,0.0034342261496931314,0.20652617514133453,-0.1987415850162506,0.0028583339881151915,0.6015440821647644,0.00046358766849152744,-0.002731864107772708,0.004602332133799791]","[-0.4646041989326477,0.13583871722221375,-0.02226117067039013,0.9936407804489136,-0.5443220734596252,-0.0779404491186142,-0.40107443928718567,0.1264892816543579,-0.0034130802378058434,0.8542114496231079,-0.5414188504219055,-0.05475020408630371,0.02768274024128914,0.012841401621699333,-0.08189187943935394,0.19015519320964813,0.20406480133533478,-0.041199907660484314,0.7471734881401062,-0.06212852895259857,-0.1954641044139862,0.03971415385603905,0.2685326337814331,-0.20357882976531982,-0.05566248670220375,0.6488638520240784,0.02595573663711548,-0.11842262744903564,-0.03229183331131935]","[-0.9264014959335327,0.4588211476802826,0.06907964497804642,1.4509648084640503,-0.01309812068939209,0.1451309770345688,0.16513913869857788,0.0369122251868248,-0.4304802119731903,-0.2801284193992615,-0.31246766448020935,0.13848207890987396,-0.11558756232261658,0.30327290296554565,-0.12916286289691925,-0.4526134729385376,0.0937245786190033,0.07443892955780029,-0.11791884899139404,-0.038369566202163696,0.048238638788461685,-0.01498666312545538,-0.012172386050224304,-0.295112282037735,-0.1071302741765976,-0.10809898376464844,0.0036922101862728596,-0.04703667014837265,0.00985957495868206]","[0.015821661800146103,-0.22250641882419586,0.45949557423591614,0.6958895325660706,0.36582982540130615,-0.126702219247818,0.4912065863609314,-0.28160184621810913,0.4231788218021393,-0.2445065975189209,-0.33639439940452576,0.01413921732455492,0.002194297267124057,-0.2139904499053955,-0.259519100189209,-0.09266798943281174,0.40042778849601746,-0.011107539758086205,0.007767173461616039,0.09077902138233185,-0.07627865672111511,0.014740677550435066,0.2371668517589569,-0.057942550629377365,0.012538980692625046,0.0007451333804056048,0.20222410559654236,-0.12359645962715149,0.15807607769966125]","[-0.9361065626144409,0.33111709356307983,0.004199974238872528,2.070821762084961,-0.03863892704248428,-0.2634579539299011,-0.13939505815505981,-0.32410991191864014,0.842787504196167,0.5169129967689514,0.09260477125644684,-0.4317947328090668,0.07347302883863449,-0.011940371245145798,-0.2519666850566864,-0.4354485869407654,0.4304444193840027,-0.0660453587770462,-0.448053777217865,-0.07282427698373795,-3.330629348754883,0.7694368958473206,-0.11351215839385986,-0.28603529930114746,-0.1290777027606964,-0.8115094900131226,0.09825047105550766,-2.361511468887329,0.05619700253009796]",0.039922744035720825,0.018000410869717598,0.019932730123400688,0.08777628093957901,0.09593658894300461,4.79682944715023,0,0,0,0.4915643334388733,0.4990035593509674,0.9945246577262878,0.9443105459213257,0.9421575665473938,0.9766256213188171,-0.051356565207242966,-0.0,-0.0,0.0,0.0,0.0,0.0
28,0.56,28,"[-0.38371503353118896,0.019082549959421158,-0.057600073516368866,0.8719802498817444,-0.4614451229572296,-0.03401937335729599,-0.3017027676105499,0.053768474608659744,-0.06385090947151184,0.7331681847572327,-0.45960986614227295,-0.13728320598602295,-0.03829744830727577,0.0023703635670244694,0.007400271017104387,0.17796850204467773,0.19773869216442108,0.00105537218041718,0.6127109527587891,-0.0011134871747344732,0.002436370123177767,0.003064484102651477,0.20569363236427307,-0.20417636632919312,0.0007142279646359384,0.6003648638725281,0.0005394525360316038,-0.003494489472359419,0.004573784302920103]","[-0.46591800451278687,0.1289658546447754,-0.010791994631290436,1.0131490230560303,-0.5295779705047607,-0.08032283186912537,-0.38905566930770874,0.11928623914718628,0.009883991442620754,0.8472000360488892,-0.546690821647644,-0.053411539644002914,0.029577897861599922,0.005503620021045208,-0.08566223084926605,0.18942148983478546,0.2128479778766632,-0.04115698114037514,0.7473795413970947,-0.059060484170913696,-0.19664344191551208,0.03992995619773865,0.2716754376888275,-0.20396408438682556,-0.054676603525877,0.6488770246505737,0.02902296371757984,-0.12014924734830856,-0.029547829180955887]","[-1.1335328817367554,0.4505794942378998,0.2391948401927948,2.035792112350464,0.3818817436695099,0.10238289833068848,0.19474998116493225,0.12799082696437836,-0.3102482259273529,-0.12888014316558838,-0.2052009105682373,0.1910082995891571,0.014006812125444412,0.2665625810623169,0.042311593890190125,-0.44301077723503113,0.018807873129844666,0.0563785694539547,-0.07687211036682129,-0.02827976830303669,0.03830034285783768,-0.023115642368793488,-0.06431862711906433,-0.24075917899608612,-0.10579624772071838,-0.005538761615753174,0.005289713852107525,-0.02542288973927498,-0.012234028428792953]","[-0.08099687844514847,-0.3997485637664795,0.6414865255355835,1.0753282308578491,1.0037559270858765,-0.11891910433769226,0.6650891304016113,-0.39713427424430847,0.8060721755027771,-0.42791369557380676,-0.2069937288761139,0.12848587334156036,0.14991594851016998,-0.4373544454574585,-0.16440045833587646,0.0037146778777241707,0.4528413712978363,0.007475772872567177,0.011011081747710705,0.15554411709308624,-0.051328543573617935,0.009752900339663029,0.11893556267023087,-0.00961807556450367,0.07583724707365036,-0.00340760569088161,0.1280169039964676,-0.07292312383651733,0.12442599982023239]","[-1.1158695220947266,0.30419403314590454,0.02199912816286087,2.195317029953003,0.03977104276418686,-0.25453877449035645,0.04869905114173889,-0.42601796984672546,1.026889681816101,0.46264293789863586,0.29765209555625916,-0.4593735933303833,0.09542571753263474,-0.06988096237182617,-0.24536097049713135,-0.42338448762893677,0.437156081199646,-0.025075897574424744,-0.43764007091522217,-0.057541050016880035,-3.2768306732177734,0.7419915795326233,-0.13361619412899017,-0.262667179107666,-0.11486893892288208,-0.8242968320846558,0.09762194752693176,-2.3401033878326416,0.07051482796669006]",0.03797921910881996,0.018853144720196724,0.018510185182094574,0.08834748715162277,0.09458553791046143,4.729276895523071,0,0,0,0.49240732192993164,0.4988851547241211,0.9948033690452576,0.9448490142822266,0.9325828552246094,0.961855411529541,-0.0961061418056488,-0.0,-0.0,0.0,0.0,0.0,0.0
29,0.58,29,"[-0.4079711437225342,0.02775324322283268,-0.05106988921761513,0.9178609848022461,-0.44852426648139954,-0.03223555162549019,-0.2969694435596466,0.05686667934060097,-0.0682973563671112,0.7319480776786804,-0.4626818597316742,-0.1331787109375,-0.03680306300520897,0.007147235795855522,0.009866321459412575,0.1696040779352188,0.19736310839653015,0.0018873201915994287,0.6115565299987793,-0.001546243904158473,0.003061790019273758,0.002509600482881069,0.20395343005657196,-0.20837195217609406,-0.0013735154643654823,0.6013225317001343,0.0006751762120984495,-0.0037487796507775784,0.004112971015274525]","[-0.472787082195282,0.11823960393667221,0.0031817113049328327,1.0399608612060547,-0.4954756796360016,-0.08264101296663284,-0.37567049264907837,0.10926016420125961,0.029788382351398468,0.8356468081474304,-0.5489675998687744,-0.048869628459215164,0.03399413824081421,-0.0058120544999837875,-0.09050160646438599,0.19053418934345245,0.22184769809246063,-0.04072960838675499,0.7476752400398254,-0.053972162306308746,-0.19737224280834198,0.04005292057991028,0.27380111813545227,-0.20395733416080475,-0.05209366977214813,0.6489067673683167,0.031062036752700806,-0.12129776924848557,-0.027317989617586136]","[-1.2638486623764038,0.3496305048465729,0.39821574091911316,2.3921520709991455,0.9780853986740112,0.09772758930921555,0.35555511713027954,0.12500286102294922,-0.10089445859193802,-0.11759847402572632,-0.12035742402076721,0.17901994287967682,0.12334790080785751,0.16813966631889343,0.16228777170181274,-0.34946873784065247,-0.039832666516304016,0.02233930677175522,-0.049661099910736084,-0.015603774227201939,0.022724870592355728,-0.034570302814245224,-0.09335391223430634,-0.16728080809116364,-0.09676975756883621,0.088520348072052,0.007116734981536865,0.002406106796115637,-0.03287741541862488]","[-0.4102379381656647,-0.5853778123855591,0.7526252269744873,1.4114247560501099,2.1013214588165283,-0.11500963568687439,0.7011434435844421,-0.5410469174385071,1.0985966920852661,-0.6660762429237366,-0.07557811588048935,0.2113754004240036,0.27181366086006165,-0.6167618632316589,-0.25869473814964294,0.09394422173500061,0.439025342464447,0.026920195668935776,0.014684868976473808,0.25640666484832764,-0.030806459486484528,0.005558718927204609,0.08908922970294952,-0.0011793742887675762,0.1521531045436859,-0.0018780697137117386,0.08505222946405411,-0.051749907433986664,0.10569623112678528]","[-1.3639917373657227,0.2758064866065979,0.03399680554866791,2.300919771194458,0.04559739679098129,-0.2432054728269577,0.24544654786586761,-0.5628582239151001,1.197352409362793,0.3894279897212982,0.5030590891838074,-0.48106902837753296,0.11677618324756622,-0.15235267579555511,-0.21595586836338043,-0.42112958431243896,0.44641831517219543,0.02434101328253746,-0.4292324483394623,-0.034167274832725525,-3.2011680603027344,0.7193540930747986,-0.15023446083068848,-0.23261012136936188,-0.09247086942195892,-0.8200675249099731,0.09781378507614136,-2.297053813934326,0.08509741723537445]",0.03708759695291519,0.02376430667936802,0.017093325033783913,0.08978733420372009,0.09376506507396698,4.688253253698349,0,0,0,0.4928358793258667,0.4983067512512207,0.9950429201126099,0.9454602599143982,0.927676260471344,0.943740725517273,-0.11480934917926788,-0.0,-0.0,0.0,0.0,0.0,0.0
30,0.6,30,"[-0.434268981218338,0.033067770302295685,-0.04167144373059273,0.9676663279533386,-0.42232170701026917,-0.030110269784927368,-0.28748056292533875,0.05876858904957771,-0.06788668781518936,0.7284642457962036,-0.46442416310310364,-0.13012240827083588,-0.03336353227496147,0.009095950052142143,0.01389178168028593,0.16398975253105164,0.19614538550376892,0.001948944409377873,0.6107245087623596,-0.0017376381438225508,0.00334536493755877,0.001681672059930861,0.20195947587490082,-0.21086759865283966,-0.0031565623357892036,0.6039056777954102,0.000824121932964772,-0.0033982452005147934,0.003258687676861882]","[-0.4869632124900818,0.10419821739196777,0.01671556942164898,1.0673227310180664,-0.4316537380218506,-0.08449430018663406,-0.3623839020729065,0.09602688252925873,0.05250263214111328,0.8185679912567139,-0.5487236976623535,-0.041894085705280304,0.038797784596681595,-0.018814105540513992,-0.09884656220674515,0.19349858164787292,0.22901928424835205,-0.0384003110229969,0.7479202151298523,-0.04706807807087898,-0.19773657619953156,0.040168751031160355,0.27615121006965637,-0.2040177285671234,-0.0490325503051281,0.6488674879074097,0.03294963389635086,-0.12215986102819443,-0.025142917409539223]","[-1.3982795476913452,0.10386990010738373,0.507764458656311,2.301299571990967,1.4977195262908936,0.09835991263389587,0.6104454398155212,0.025842897593975067,0.1433657556772232,-0.33613890409469604,-0.0535622239112854,0.10536536574363708,0.19652853906154633,0.010147656314074993,0.20023775100708008,-0.1978941261768341,-0.06519518792629242,-0.013003885746002197,-0.05051344633102417,-0.00510138925164938,0.010501354932785034,-0.0468001551926136,-0.09867101907730103,-0.08547380566596985,-0.07859721034765244,0.133475661277771,0.009128520265221596,0.034334808588027954,-0.04951666295528412]","[-0.7805489301681519,-0.7304241061210632,0.6843234896659851,1.3911080360412598,3.049443483352661,-0.0851760283112526,0.6765945553779602,-0.7115983963012695,1.175610899925232,-0.9455246925354004,0.05455324798822403,0.32162392139434814,0.2562182545661926,-0.6778698563575745,-0.4522930681705475,0.17370137572288513,0.32223767042160034,0.14872939884662628,0.011293638497591019,0.3356112837791443,-0.013445218093693256,0.005949202924966812,0.11388799548149109,-0.002248495351523161,0.15848447382450104,-0.00046464966726489365,0.08755216747522354,-0.03900103271007538,0.10377274453639984]","[-1.601293921470642,0.24253107607364655,0.029602818191051483,2.329890489578247,-0.02801612764596939,-0.2248360514640808,0.3937147259712219,-0.7029866576194763,1.2708827257156372,0.3420847952365875,0.6786705255508423,-0.4934810400009155,0.12783116102218628,-0.23238052427768707,-0.1923820972442627,-0.4290773868560791,0.43980175256729126,0.06403467804193497,-0.43186938762664795,-0.010625675320625305,-3.1211650371551514,0.7139055728912354,-0.17233030498027802,-0.20672954618930817,-0.07270169258117676,-0.7980649471282959,0.10259976238012314,-2.2451393604278564,0.124814972281456]",0.03752770647406578,0.030191998928785324,0.016717076301574707,0.09289819747209549,0.09394899010658264,4.697449505329132,0,0,0,0.4927738904953003,0.49733981490135193,0.9948413968086243,0.9435036182403564,0.9269351959228516,0.9252457618713379,-0.08319012075662613,-0.0,-0.0,0.0,0.0,0.0,0.0
31,0.62,31,"[-0.4639023244380951,0.03190803900361061,-0.030759312212467194,1.0099129676818848,-0.3886154890060425,-0.02830115519464016,-0.27255162596702576,0.05790039524435997,-0.0625627264380455,0.7185025215148926,-0.4648243486881256,-0.12896409630775452,-0.028941921889781952,0.00755314202979207,0.017875831574201584,0.16168831288814545,0.19475530087947845,0.0013671647757291794,0.6095359921455383,-0.0017502994742244482,0.0034818442072719336,0.0006375943776220083,0.20000658929347992,-0.21179090440273285,-0.004517403896898031,0.6066615581512451,0.0010403170017525554,-0.002375387353822589,0.0021323044784367085]","[-0.5105893611907959,0.0855630412697792,0.027112366631627083,1.0872776508331299,-0.37980765104293823,-0.08582230657339096,-0.34844228625297546,0.0788496807217598,0.0761086493730545,0.7937543392181396,-0.5477878451347351,-0.04134651646018028,0.040616389364004135,-0.033769939094781876,-0.11096855252981186,0.1963871270418167,0.23387150466442108,-0.033511675894260406,0.7479391098022461,-0.03940816596150398,-0.19776183366775513,0.0403166301548481,0.2794302701950073,-0.20407359302043915,-0.04591677710413933,0.6487340927124023,0.0357285812497139,-0.12283226102590561,-0.022487986832857132]","[-1.5779935121536255,-0.18950071930885315,0.5764385461807251,1.7578051090240479,1.735777497291565,0.06727948784828186,0.8687116503715515,-0.10524597018957138,0.35496270656585693,-0.6708577275276184,0.004322081804275513,0.03591813147068024,0.23476752638816833,-0.12706518173217773,0.1947750598192215,-0.047268345952034,-0.06682425737380981,-0.038381464779376984,-0.07485151290893555,0.001982585061341524,-0.0018158985767513514,-0.05582045018672943,-0.10336227715015411,-0.029764696955680847,-0.058969587087631226,0.11711269617080688,0.010729888454079628,0.05703544616699219,-0.060564517974853516]","[-1.3678644895553589,-1.053205966949463,0.5192295908927917,0.7464327812194824,2.4056358337402344,-0.05959852784872055,0.9633460640907288,-0.7790705561637878,1.5320895910263062,-1.6799805164337158,-0.11709335446357727,-1.1523489952087402,-0.0015162235358729959,-0.8707185387611389,-0.6155694127082825,0.09582895785570145,0.26109856367111206,0.24817104637622833,-0.01702505722641945,0.3604881763458252,0.00045964508899487555,0.005309236701577902,0.1881977617740631,0.002127894200384617,0.18466651439666748,-0.02276468835771084,0.14097155630588531,-0.03396536409854889,0.12836305797100067]","[-1.7842905521392822,0.19559261202812195,0.012227073311805725,2.2713778018951416,-0.12719979882240295,-0.20564034581184387,0.47260743379592896,-0.8128893971443176,1.2200735807418823,0.34752732515335083,0.7976314425468445,-0.496107280254364,0.12643954157829285,-0.29055529832839966,-0.180812805891037,-0.4453657865524292,0.41382962465286255,0.0833233892917633,-0.4401618540287018,0.008449014276266098,-3.0452218055725098,0.7341482043266296,-0.21425527334213257,-0.18743303418159485,-0.06156622990965843,-0.7629414796829224,0.11400079727172852,-2.2027902603149414,0.1905108541250229]",0.03925227001309395,0.0379570834338665,0.017580457031726837,0.0946432575583458,0.09499118477106094,4.749559238553047,0,0,0,0.4922061264514923,0.49569931626319885,0.9941040277481079,0.9403508901596069,0.9270642995834351,0.9530667066574097,-0.05293191224336624,-0.0,-0.0,0.0,0.0,0.0,0.0
32,0.64,32,"[-0.49738872051239014,0.025487741455435753,-0.0186139028519392,1.0379785299301147,-0.35289061069488525,-0.027419090270996094,-0.2527320981025696,0.05455875024199486,-0.053688179701566696,0.7016299366950989,-0.4642512798309326,-0.12868568301200867,-0.023972831666469574,0.004013342782855034,0.02168278396129608,0.16209901869297028,0.19347241520881653,0.000413685804232955,0.6077304482460022,-0.0016583347460255027,0.003272728994488716,-0.0005511458148248494,0.19782498478889465,-0.2120581865310669,-0.005515345837920904,0.6085901856422424,0.001253317459486425,-0.0011168273631483316,0.0008361070067621768]","[-0.5445785522460938,0.06547233462333679,0.03325103223323822,1.093603253364563,-0.3393924832344055,-0.08674309402704239,-0.33563432097435,0.0574442483484745,0.09328971058130264,0.7661609649658203,-0.5469009280204773,-0.04756287857890129,0.039648108184337616,-0.04669769108295441,-0.12278115749359131,0.1956581026315689,0.23497577011585236,-0.027594562619924545,0.7476867437362671,-0.033683858811855316,-0.19760237634181976,0.04061104729771614,0.28239381313323975,-0.20482484996318817,-0.044630248099565506,0.6491746306419373,0.04028996825218201,-0.12343980371952057,-0.01973186619579792]","[-1.7078020572662354,-0.37419968843460083,0.605478823184967,1.0782957077026367,1.711897611618042,0.038936130702495575,1.0575700998306274,-0.20558704435825348,0.4769273102283478,-0.9445473551750183,0.04759952425956726,0.031399354338645935,0.2624224126338959,-0.18603044748306274,0.18306900560855865,0.07097683846950531,-0.05916580557823181,-0.04774884134531021,-0.09811371564865112,0.003924811724573374,-0.014530227519571781,-0.06039333716034889,-0.1217823475599289,-0.012857094407081604,-0.04263480752706528,0.07944256067276001,0.007317442446947098,0.06698255240917206,-0.0656512901186943]","[-1.8098708391189575,-0.9347137212753296,0.2472710907459259,0.13953998684883118,1.7567297220230103,-0.04179711267352104,0.6211446523666382,-1.154778242111206,0.609381377696991,-1.3157905340194702,0.12990321218967438,0.10354261100292206,-0.04063040018081665,-0.5349417924880981,-0.49600642919540405,-0.11055275052785873,-0.028899651020765305,0.2881354093551636,-0.01864900067448616,0.24139054119586945,0.007961795665323734,0.016540884971618652,0.11065172404050827,-0.057878971099853516,0.028751898556947708,0.03216796740889549,0.2306029349565506,-0.029480529949069023,0.12326694279909134]","[-1.8236907720565796,0.14014209806919098,-0.003186441957950592,2.167917013168335,-0.11667396873235703,-0.1947668492794037,0.4489704370498657,-0.8126838207244873,1.018204689025879,0.413885235786438,0.9263347387313843,-0.3750843405723572,0.12764304876327515,-0.3056139051914215,-0.1956973522901535,-0.44683197140693665,0.3881472647190094,0.09373888373374939,-0.4391137659549713,0.006737608462572098,-3.021754264831543,0.802455723285675,-0.26244574785232544,-0.1680111438035965,-0.05930336192250252,-0.7179502248764038,0.13361048698425293,-2.210554361343384,0.2426004558801651]",0.04152282699942589,0.04253628849983215,0.019206751137971878,0.09411538392305374,0.09537795186042786,4.768897593021393,0,0,0,0.49127525091171265,0.4942582845687866,0.9929254651069641,0.9397847652435303,0.929192066192627,0.9749867916107178,-0.05352490022778511,-0.0,-0.0,0.0,0.0,0.0,0.0
33,0.66,33,"[-0.5322144031524658,0.016940051689743996,-0.0065401592291891575,1.0530447959899902,-0.3201395869255066,-0.026743710041046143,-0.23024882376194,0.049676913768053055,-0.04348563402891159,0.6807206273078918,-0.4629203677177429,-0.12770812213420868,-0.018445026129484177,0.00011192468809895217,0.025198591873049736,0.16452738642692566,0.19238866865634918,-0.0005427887081168592,0.6056114435195923,-0.0015933070098981261,0.002900635125115514,-0.0017781389178708196,0.19513529539108276,-0.2123051881790161,-0.006222796160727739,0.6098392605781555,0.0013330146903172135,0.00030391456675715744,-0.0004937470657750964]","[-0.5822281241416931,0.047776542603969574,0.03574472293257713,1.0903522968292236,-0.30689364671707153,-0.0874699130654335,-0.320671945810318,0.0331069678068161,0.10044078528881073,0.7393701076507568,-0.5427819490432739,-0.03705311566591263,0.038171593099832535,-0.055196672677993774,-0.12900058925151825,0.1913527548313141,0.23345457017421722,-0.02339177578687668,0.747148871421814,-0.02924494631588459,-0.19742794334888458,0.04101647064089775,0.2832423746585846,-0.20591795444488525,-0.04436306655406952,0.6505070924758911,0.04528483375906944,-0.12402167916297913,-0.01728656515479088]","[-1.6556934118270874,-0.4166676700115204,0.5495383739471436,0.39343833923339844,1.6749926805496216,0.02063135616481304,1.174391508102417,-0.25317835807800293,0.49813783168792725,-1.0788381099700928,0.08212700486183167,0.10248273611068726,0.2787601351737976,-0.17306435108184814,0.1816394329071045,0.14770440757274628,-0.0494685024023056,-0.04229983314871788,-0.09826868772506714,0.0007198250386863947,-0.017696049064397812,-0.05892033502459526,-0.14634691178798676,-0.018899887800216675,-0.03022734448313713,0.05791783332824707,-0.0011612573871389031,0.072423554956913,-0.06176959350705147]","[-1.907057285308838,-0.8156135678291321,0.10435032099485397,-0.27886682748794556,1.4542990922927856,-0.03517261520028114,0.8303040862083435,-1.2160462141036987,0.2698826789855957,-1.3584568500518799,0.23091353476047516,0.6855644583702087,-0.04644911363720894,-0.36820510029792786,-0.19739682972431183,-0.26819977164268494,-0.09485749155282974,0.16256876289844513,-0.03169013932347298,0.19976384937763214,0.007256483193486929,0.02190249226987362,0.017637643963098526,-0.051537010818719864,0.011370191350579262,0.050675928592681885,0.23196013271808624,-0.03188234940171242,0.11312940716743469]","[-1.7630650997161865,0.10093314945697784,-0.017206989228725433,2.067063808441162,-0.06781301647424698,-0.19311708211898804,0.3909232020378113,-0.7880923748016357,0.8988664746284485,0.45130354166030884,0.9486268758773804,-0.34285682439804077,0.10557831823825836,-0.33034756779670715,-0.22222284972667694,-0.47203508019447327,0.3838897943496704,0.08825337886810303,-0.44597548246383667,0.014243628829717636,-2.9902193546295166,0.8618019223213196,-0.29963016510009766,-0.15385012328624725,-0.05630910024046898,-0.6867783069610596,0.14404091238975525,-2.208343982696533,0.27387887239456177]",0.043877530843019485,0.04228183254599571,0.020758144557476044,0.09310100972652435,0.09611739963293076,4.805869981646538,0,0,0,0.49026477336883545,0.4940669536590576,0.9918034076690674,0.940231442451477,0.9309439659118652,0.9835013151168823,-0.02494186908006668,-0.0,-0.0,0.0,0.0,0.0,0.0
34,0.68,34,"[-0.5636164546012878,0.00882103480398655,0.0033676321618258953,1.0537160634994507,-0.2858909070491791,-0.026593836024403572,-0.20575644075870514,0.04443161562085152,-0.03376266732811928,0.6584764122962952,-0.46096619963645935,-0.12458637356758118,-0.012822425924241543,-0.002909230999648571,0.028948361054062843,0.16800719499588013,0.1914936751127243,-0.0012783075217157602,0.6037997007369995,-0.001629541744478047,0.002564887050539255,-0.00290795904584229,0.19197110831737518,-0.21281418204307556,-0.006724439561367035,0.6109068989753723,0.0012068671640008688,0.00178011495154351,-0.0016346765914931893]","[-0.6190640330314636,0.03276972845196724,0.03673238307237625,1.07731294631958,-0.277256578207016,-0.08803990483283997,-0.3020278513431549,0.00928390584886074,0.10437287390232086,0.7125964760780334,-0.5388231873512268,-0.02306181937456131,0.0377073809504509,-0.06177153065800667,-0.13061131536960602,0.1854328066110611,0.2319135069847107,-0.021716685965657234,0.7464990615844727,-0.0258545633405447,-0.19727157056331635,0.04168947786092758,0.2833603322505951,-0.20648464560508728,-0.04409467428922653,0.6512636542320251,0.04846646264195442,-0.12474363297224045,-0.014892641454935074]","[-1.417829155921936,-0.3623817265033722,0.4082206189632416,-0.3825366497039795,1.842505931854248,0.00940314494073391,1.2716726064682007,-0.24838587641716003,0.4551164507865906,-1.1249184608459473,0.10580047965049744,0.20532459020614624,0.27061963081359863,-0.12111181765794754,0.1678510159254074,0.18528401851654053,-0.03873780369758606,-0.031365636736154556,-0.07828176021575928,-0.005075943656265736,-0.005550805013626814,-0.05214481055736542,-0.15140734612941742,-0.028251856565475464,-0.019345875829458237,0.0514790415763855,-0.011531130410730839,0.07825012505054474,-0.0510634183883667]","[-1.8284789323806763,-0.6797671318054199,0.03183543309569359,-0.7705309987068176,1.3553626537322998,-0.02650025673210621,0.9723021984100342,-1.1508009433746338,0.17352014780044556,-1.3180325031280518,0.16683775186538696,0.6598330736160278,-0.006753255147486925,-0.29018333554267883,-0.03906590864062309,-0.2876568138599396,-0.07322634756565094,0.058205194771289825,-0.030479853972792625,0.14958421885967255,0.006842882838100195,0.03450864180922508,-0.002649834146723151,-0.01859188824892044,0.012276875786483288,0.02412729524075985,0.12575742602348328,-0.03842739760875702,0.11793626844882965]","[-1.6596373319625854,0.06839674711227417,-0.028536617755889893,1.9550411701202393,-0.0032526031136512756,-0.18574441969394684,0.3003726601600647,-0.7561492323875427,0.8009703159332275,0.473032683134079,0.9550044536590576,-0.3524131178855896,0.08195763826370239,-0.34815168380737305,-0.23828083276748657,-0.4929671287536621,0.3907226622104645,0.08338693529367447,-0.45446670055389404,0.01620522141456604,-2.9590628147125244,0.9138407111167908,-0.31690770387649536,-0.14652085304260254,-0.062386009842157364,-0.6566046476364136,0.14023643732070923,-2.218538522720337,0.29256004095077515]",0.0464191660284996,0.03852509707212448,0.021865958347916603,0.09206504374742508,0.09610462933778763,4.805231466889381,0,0,0,0.48914211988449097,0.49497732520103455,0.9909546971321106,0.9410931468009949,0.9330391883850098,0.9836384057998657,-0.027613172307610512,-0.0,-0.0,0.0,0.0,0.0,0.0
35,0.7000000000000001,35,"[-0.5889275670051575,0.0024447827599942684,0.009788665920495987,1.037743330001831,-0.2464393526315689,-0.026367584243416786,-0.17938192188739777,0.039741478860378265,-0.02528097666800022,0.635723888874054,-0.458688348531723,-0.11949513852596283,-0.007620241492986679,-0.004732548259198666,0.031912632286548615,0.17193874716758728,0.19083915650844574,-0.0017974141519516706,0.6024801731109619,-0.0017963447608053684,0.002678602933883667,-0.0038639314007014036,0.18907900154590607,-0.21343526244163513,-0.006996631156653166,0.6118984222412109,0.0008717695018276572,0.0034339195117354393,-0.0025362835731357336]","[-0.6526597738265991,0.02143573947250843,0.036266960203647614,1.0537561178207397,-0.24865545332431793,-0.08836416900157928,-0.28134554624557495,-0.011930510401725769,0.10712138563394547,0.6872348189353943,-0.5370149612426758,-0.012845654040575027,0.03781401365995407,-0.06603338569402695,-0.13107797503471375,0.18075841665267944,0.23053927719593048,-0.020846595987677574,0.7458934187889099,-0.023821881040930748,-0.19710078835487366,0.04301837831735611,0.2833336293697357,-0.2068241387605667,-0.0438871905207634,0.6519483327865601,0.04990231990814209,-0.12555530667304993,-0.012470199726521969]","[-1.1014775037765503,-0.2731517255306244,0.2505967319011688,-1.208484172821045,2.063725233078003,0.016900338232517242,1.3826165199279785,-0.2156876027584076,0.40641549229621887,-1.2069628238677979,0.03482028841972351,0.29426777362823486,0.23955267667770386,-0.09122037142515182,0.10237838327884674,0.20126141607761383,-0.007463246583938599,-0.021907566115260124,-0.06418675184249878,-0.0030703465454280376,0.018514884635806084,-0.03576677665114403,-0.11626109480857849,-0.009554252028465271,-9.570503607392311e-05,0.04106760025024414,-0.014015690423548222,0.08812347799539566,-0.0318986177444458]","[-1.61445951461792,-0.474936306476593,-0.04184851050376892,-1.2883671522140503,1.3150136470794678,-0.01279076561331749,1.0603477954864502,-0.9906809329986572,0.13663561642169952,-1.2303950786590576,0.044130101799964905,0.43035832047462463,0.026553522795438766,-0.15616077184677124,-0.015530409291386604,-0.19672386348247528,-0.06765729188919067,0.03751765564084053,-0.029688609763979912,0.08316534012556076,0.0083436518907547,0.06972431391477585,-0.005987066775560379,-0.01406886801123619,0.007948234677314758,0.030620640143752098,0.05092567205429077,-0.04194588586688042,0.11232616007328033]","[-1.5327037572860718,0.045588161796331406,-0.03565811365842819,1.8084074258804321,0.0649094358086586,-0.1732814460992813,0.20023883879184723,-0.7081981301307678,0.6868090629577637,0.4781521260738373,0.9561926126480103,-0.3533744513988495,0.06916356086730957,-0.3494681715965271,-0.25243327021598816,-0.507718026638031,0.39308416843414307,0.0763235092163086,-0.46937984228134155,0.011031512171030045,-2.938852071762085,0.9714539051055908,-0.3173922300338745,-0.1488451063632965,-0.07279662787914276,-0.6288861036300659,0.1280292272567749,-2.2362864017486572,0.3067147731781006]",0.049240678548812866,0.03337734565138817,0.02269775979220867,0.091171994805336,0.09595615416765213,4.7978077083826065,0,0,0,0.48784390091896057,0.49625131487846375,0.9903558492660522,0.9416787028312683,0.9353534579277039,0.9835920333862305,-0.03726787120103836,-0.0,-0.0,0.0,0.0,0.0,0.0
36,0.72,36,"[-0.6076755523681641,-0.002105034189298749,0.01339150220155716,1.0053766965866089,-0.20334190130233765,-0.025917822495102882,-0.15045177936553955,0.03580411151051521,-0.01750604808330536,0.610197901725769,-0.4595733880996704,-0.11281566321849823,-0.003240319201722741,-0.006558045744895935,0.03304349631071091,0.17605765163898468,0.19119514524936676,-0.0021546101197600365,0.6012322306632996,-0.0017523556016385555,0.0033054824452847242,-0.004338630009442568,0.18732066452503204,-0.21319635212421417,-0.006728267762809992,0.6125496029853821,0.0006462395540438592,0.005305054131895304,-0.0029106212314218283]","[-0.6801195740699768,0.014729445800185204,0.034133654087781906,1.0200139284133911,-0.22090978920459747,-0.088353231549263,-0.25877445936203003,-0.029316239058971405,0.1091388687491417,0.6639270186424255,-0.5378046631813049,-0.005868192762136459,0.03870905190706253,-0.0668434128165245,-0.1312662810087204,0.17813260853290558,0.2291020154953003,-0.020218053832650185,0.7452279925346375,-0.022564930841326714,-0.19692090153694153,0.04522766172885895,0.28324052691459656,-0.20716942846775055,-0.04378591477870941,0.6530059576034546,0.05039165914058685,-0.1264217048883438,-0.010375205427408218]","[-0.7542714476585388,-0.19932793080806732,0.13012082874774933,-1.9917160272598267,2.1609675884246826,0.03724028542637825,1.4534986019134521,-0.1821650266647339,0.3807700276374817,-1.340225338935852,-0.09667575359344482,0.34094324707984924,0.20983245968818665,-0.1011897623538971,-0.006498396396636963,0.204477459192276,0.0405091792345047,-0.008663849905133247,-0.06098896265029907,0.0013889075489714742,0.05260711908340454,-0.017394131049513817,-0.0517427921295166,0.038625672459602356,0.0383230522274971,0.016529858112335205,-0.01364806853234768,0.10634975135326385,-0.010171963833272457]","[-1.269988775253296,-0.2487301528453827,-0.15143808722496033,-1.7727444171905518,1.2736603021621704,0.00540572265163064,1.1537114381790161,-0.785700261592865,0.09696929901838303,-1.1147946119308472,-0.09257075190544128,0.3136163651943207,0.06029883027076721,0.034503839910030365,-0.011671986430883408,-0.09216126054525375,-0.07346659898757935,0.027750276029109955,-0.03367026895284653,0.055251140147447586,0.008587748743593693,0.11228212714195251,-0.005167641211301088,-0.015085767023265362,0.0028047978412359953,0.05512867122888565,0.014294786378741264,-0.044648218899965286,0.09848189353942871]","[-1.3967677354812622,0.03423924371600151,-0.03409178555011749,1.6379339694976807,0.12978699803352356,-0.1574435532093048,0.10132075846195221,-0.6406491994857788,0.5622069239616394,0.4890824854373932,0.9397343993186951,-0.3309873640537262,0.06561052799224854,-0.33485209941864014,-0.26576516032218933,-0.5195288062095642,0.38177213072776794,0.06294744461774826,-0.4854379892349243,0.0029199905693531036,-2.9391443729400635,1.0393154621124268,-0.3070812523365021,-0.155524343252182,-0.08193948864936829,-0.606673538684845,0.11324156820774078,-2.250593423843384,0.3128429651260376]",0.052116528153419495,0.028379781171679497,0.023143116384744644,0.09016332030296326,0.09583329409360886,4.791664704680443,0,0,0,0.4864502251148224,0.4973498582839966,0.9900791645050049,0.9420958161354065,0.9365668296813965,0.9840549826622009,-0.04493199661374092,-0.0,-0.0,0.0,0.0,0.0,0.0
37,0.74,37,"[-0.619098424911499,-0.005528334062546492,0.014993499033153057,0.958074688911438,-0.16000065207481384,-0.024877972900867462,-0.1212419793009758,0.032454878091812134,-0.010050175711512566,0.5821148753166199,-0.4625553786754608,-0.10585740953683853,0.0007730564102530479,-0.008780138567090034,0.031652696430683136,0.18011784553527832,0.19245952367782593,-0.002143968129530549,0.60004061460495,-0.0017407884588465095,0.004782887641340494,-0.004559696651995182,0.1870092898607254,-0.21189023554325104,-0.005463709123432636,0.6125596165657043,0.0003258467768318951,0.0076879095286130905,-0.0029431621078401804]","[-0.7000473141670227,0.012730447575449944,0.029835179448127747,0.978559136390686,-0.1947173923254013,-0.08795198053121567,-0.23503895103931427,-0.04209957271814346,0.11054594814777374,0.644343912601471,-0.5417674779891968,-9.087903890758753e-05,0.04063417389988899,-0.06342212110757828,-0.1312055140733719,0.17721211910247803,0.22743414342403412,-0.019728830084204674,0.7444966435432434,-0.021726498380303383,-0.19677142798900604,0.048253383487463,0.2831708490848541,-0.2076326161623001,-0.043761834502220154,0.654197096824646,0.05027277022600174,-0.1273518204689026,-0.008518697693943977]","[-0.37061572074890137,-0.13509202003479004,0.047788187861442566,-2.692030429840088,2.174781084060669,0.05968324840068817,1.4226326942443848,-0.164285346865654,0.3551824688911438,-1.4128655195236206,-0.1704595983028412,0.32658764719963074,0.19812467694282532,-0.12623926997184753,-0.16260050237178802,0.2076461911201477,0.08326619863510132,0.010150071233510971,-0.05000382661819458,0.0015683937817811966,0.08287397772073746,-0.0046768225729465485,0.03239437937736511,0.09260401129722595,0.09436171501874924,-0.012415647506713867,-0.017785273492336273,0.1190197765827179,0.008399569429457188]","[-0.8849971890449524,-0.030796688050031662,-0.276647686958313,-2.107553720474243,1.1958791017532349,0.025772515684366226,1.1916698217391968,-0.5505634546279907,0.055833298712968826,-0.8905647993087769,-0.26637887954711914,0.2874782085418701,0.10518128424882889,0.2583642899990082,-0.005062723997980356,-0.01571265235543251,-0.09001341462135315,0.0206313319504261,-0.0355357900261879,0.03722304850816727,0.006888636387884617,0.15016591548919678,-0.0038536833599209785,-0.028242871165275574,-0.0012359392130747437,0.061815641820430756,-0.013549447990953922,-0.04714479669928551,0.08963008970022202]","[-1.2722194194793701,0.034521978348493576,-0.02433391660451889,1.4789198637008667,0.18588992953300476,-0.13983063399791718,0.00658474862575531,-0.5533340573310852,0.45445168018341064,0.5224910378456116,0.8885197639465332,-0.2933889627456665,0.06883524358272552,-0.306794673204422,-0.27414199709892273,-0.5303158760070801,0.36158397793769836,0.046422239392995834,-0.4928022027015686,-0.006371498107910156,-2.950352907180786,1.112111210823059,-0.2942803204059601,-0.16156701743602753,-0.08938892185688019,-0.5914442539215088,0.09586507827043533,-2.2589235305786133,0.3130267858505249]",0.05496169999241829,0.024167198687791824,0.023246100172400475,0.08923216164112091,0.09579655528068542,4.789827764034271,0,0,0,0.4849986135959625,0.4981520473957062,0.9900922775268555,0.9423097372055054,0.9336068034172058,0.9835696816444397,-0.042901474982500076,-0.0,-0.0,0.0,0.0,0.0,0.0
38,0.76,38,"[-0.6225001811981201,-0.007508715149015188,0.015303029678761959,0.8976954817771912,-0.11635065823793411,-0.023530492559075356,-0.09354647248983383,0.029232697561383247,-0.0032987501472234726,0.5536832809448242,-0.46639177203178406,-0.09975215792655945,0.004684667568653822,-0.01160761620849371,0.026539476588368416,0.1843634992837906,0.1945257931947708,-0.0017486072611063719,0.5992320775985718,-0.0016896198503673077,0.006620441563427448,-0.00452570291236043,0.18861643970012665,-0.20949219167232513,-0.002953799208626151,0.6120529770851135,-6.517133442685008e-05,0.010065845213830471,-0.0025746384635567665]","[-0.7126298546791077,0.015667228028178215,0.023378616198897362,0.9325312972068787,-0.17011350393295288,-0.08713428676128387,-0.2118791788816452,-0.049395602196455,0.11164548993110657,0.6307662725448608,-0.5496869087219238,0.005750846583396196,0.04408244416117668,-0.05487185716629028,-0.13138195872306824,0.17729343473911285,0.2251555174589157,-0.019355788826942444,0.7437690496444702,-0.021210212260484695,-0.19665643572807312,0.05202189460396767,0.28313231468200684,-0.2086680829524994,-0.04377862066030502,0.6551727056503296,0.048201050609350204,-0.12831412255764008,-0.006798633374273777]","[-0.0018253922462463379,-0.05950237438082695,-0.027894625440239906,-3.253725290298462,2.1466712951660156,0.06394204497337341,1.301039218902588,-0.1647406816482544,0.3139883279800415,-1.3552114963531494,-0.19427239894866943,0.27006417512893677,0.19480100274085999,-0.14842991530895233,-0.36621737480163574,0.23120753467082977,0.11452101171016693,0.027388300746679306,-0.042116641998291016,0.0035269709769636393,0.10124369710683823,0.007932609878480434,0.13839490711688995,0.13729333877563477,0.15546442568302155,-0.05314648151397705,-0.01863488368690014,0.12008433789014816,0.027227254584431648]","[-0.5195071697235107,0.22394704818725586,-0.3778362274169922,-2.287343978881836,1.1253565549850464,0.04675428569316864,1.1449846029281616,-0.2608194053173065,0.03946368023753166,-0.5596839189529419,-0.4787435531616211,0.3136887550354004,0.18883995711803436,0.5346485376358032,-0.015126527287065983,0.01021672785282135,-0.12955085933208466,0.014138258062303066,-0.034364599734544754,0.02209162525832653,0.005900160409510136,0.18466556072235107,-0.0029559493996202946,-0.06934598088264465,-0.0037363034207373857,0.04571559652686119,-0.11555103212594986,-0.04807724803686142,0.08332135528326035]","[-1.160995602607727,0.053455572575330734,-0.015098750591278076,1.3334516286849976,0.2387905716896057,-0.12064553052186966,-0.08309866487979889,-0.44597846269607544,0.370132178068161,0.5784793496131897,0.7905800342559814,-0.245200514793396,0.08079894632101059,-0.25891557335853577,-0.2810133695602417,-0.5386332273483276,0.33751457929611206,0.027148686349391937,-0.49288448691368103,-0.015905965119600296,-2.962813138961792,1.192506194114685,-0.28225743770599365,-0.16991403698921204,-0.09587009251117706,-0.585440993309021,0.07445762306451797,-2.2607524394989014,0.3064079284667969]",0.05779574066400528,0.020625542849302292,0.023303678259253502,0.08831994235515594,0.09556885063648224,4.778442531824112,0,0,0,0.483493834733963,0.49873799085617065,0.9903178811073303,0.9424227476119995,0.9269007444381714,0.9815089702606201,-0.044939566403627396,-0.0,-0.0,0.0,0.0,0.0,0.0
39,0.78,39,"[-0.6191714406013489,-0.007908429019153118,0.013877714052796364,0.8279256820678711,-0.07413379848003387,-0.02232029102742672,-0.06920041143894196,0.025865251198410988,0.002509357873350382,0.5279064178466797,-0.4703262746334076,-0.09505484253168106,0.00856509618461132,-0.014717334881424904,0.017004001885652542,0.1893661469221115,0.1970403641462326,-0.0010484361555427313,0.5983559489250183,-0.0015997096197679639,0.00883263535797596,-0.004242392256855965,0.192545086145401,-0.20639850199222565,0.0007548675057478249,0.6104337573051453,-0.00041954853804782033,0.012491283006966114,-0.001854071975685656]","[-0.7179636359214783,0.02393188327550888,0.014952415600419044,0.8845321536064148,-0.14662311971187592,-0.08583301305770874,-0.19064131379127502,-0.05063080042600632,0.11220329999923706,0.6254176497459412,-0.5622925758361816,0.012177030555903912,0.04953128099441528,-0.040274810045957565,-0.1318153589963913,0.1776093691587448,0.2217816561460495,-0.019131457433104515,0.7430750131607056,-0.020922869443893433,-0.1965845823287964,0.05645356699824333,0.28310808539390564,-0.2109094113111496,-0.043847523629665375,0.6557141542434692,0.04357938840985298,-0.12928266823291779,-0.0052009341306984425]","[0.2853676676750183,0.01626834273338318,-0.12845909595489502,-3.5702602863311768,2.0530037879943848,0.06661741435527802,1.1058006286621094,-0.15154191851615906,0.25127312541007996,-1.1280462741851807,-0.264623761177063,0.20684358477592468,0.19137310981750488,-0.13154980540275574,-0.5774112343788147,0.2744253873825073,0.12441202998161316,0.038064807653427124,-0.050643086433410645,0.0063731917180120945,0.1131768599152565,0.019155483692884445,0.2516497075557709,0.15676170587539673,0.20571276545524597,-0.11228770017623901,-0.015364446677267551,0.11743894219398499,0.042980123311281204]","[-0.15112215280532837,0.47344473004341125,-0.4782658815383911,-2.3548920154571533,1.0805447101593018,0.07213323563337326,1.0517882108688354,0.03527814894914627,0.009953761473298073,-0.13653349876403809,-0.728204607963562,0.3737742602825165,0.277614027261734,0.8436715602874756,-0.028075212612748146,0.01825856976211071,-0.19194774329662323,0.005047110840678215,-0.03216094523668289,0.012251743115484715,0.003515560645610094,0.21538428962230682,0.0008681886829435825,-0.13643385469913483,-0.007585377432405949,0.025375934317708015,-0.23809809982776642,-0.047727320343256,0.07685057073831558]","[-1.0470643043518066,0.09648260474205017,-0.022395946085453033,1.2043249607086182,0.2918529808521271,-0.09528230875730515,-0.16952739655971527,-0.3238326609134674,0.3006500005722046,0.6679097414016724,0.6284976601600647,-0.19065040349960327,0.10043463110923767,-0.18926410377025604,-0.2935643792152405,-0.5354821681976318,0.3077912926673889,0.004867129027843475,-0.4890957474708557,-0.02134779468178749,-2.974655866622925,1.277483344078064,-0.26603543758392334,-0.18061231076717377,-0.10189729928970337,-0.5901366472244263,0.050769127905368805,-2.259351968765259,0.2959161400794983]",0.06080600246787071,0.018534155562520027,0.023876748979091644,0.0876753181219101,0.09504932165145874,4.752466082572937,0,0,0,0.4818376302719116,0.4990808665752411,0.9905088543891907,0.9422772526741028,0.9180150032043457,0.9781352281570435,-0.057388901710510254,-0.0,-0.0,0.0,0.0,0.0,0.0
40,0.8,40,"[-0.6110854744911194,-0.006857981439679861,0.01016466598957777,0.7548850774765015,-0.034230511635541916,-0.020865796133875847,-0.04931445047259331,0.023171020671725273,0.006752174813300371,0.5085614323616028,-0.4769767224788666,-0.09147841483354568,0.012339591979980469,-0.01686960831284523,0.003443027613684535,0.19534051418304443,0.19950227439403534,-0.00022601497767027467,0.5972063541412354,-0.0014346921816468239,0.011147515848279,-0.0037594835739582777,0.19868242740631104,-0.20322172343730927,0.0052747116424143314,0.607561469078064,-0.0006797491805627942,0.014763402752578259,-0.0008554336382076144]","[-0.7173296809196472,0.03745764121413231,0.0032837491016834974,0.8367505073547363,-0.12367229163646698,-0.08393149077892303,-0.1714547574520111,-0.04495478793978691,0.11172683537006378,0.6278964877128601,-0.5800422430038452,0.02028845250606537,0.05626685544848442,-0.018018441274762154,-0.13283103704452515,0.17803622782230377,0.21661798655986786,-0.01912904530763626,0.7423530220985413,-0.020737215876579285,-0.1965944468975067,0.061407893896102905,0.28310626745224,-0.21494437754154205,-0.0442081019282341,0.6560574173927307,0.0368274487555027,-0.13025031983852386,-0.003734916215762496]","[0.42328834533691406,0.0776979997754097,-0.2472686916589737,-3.5748021602630615,1.8620418310165405,0.08739563822746277,0.849649965763092,-0.12834370136260986,0.17376849055290222,-0.7347889542579651,-0.4205651581287384,0.18655528128147125,0.1789637953042984,-0.07390706241130829,-0.7207499742507935,0.31428784132003784,0.1115303486585617,0.03811512514948845,-0.07640570402145386,0.009251662530004978,0.11087949573993683,0.025599082931876183,0.34027957916259766,0.14414861798286438,0.23150984942913055,-0.17890334129333496,-0.010827861726284027,0.10465604811906815,0.05204223096370697]","[0.10794300585985184,0.7402500510215759,-0.6577615141868591,-2.3203468322753906,1.0620291233062744,0.10352657735347748,0.9177005290985107,0.40381523966789246,-0.03164141997694969,0.2560480535030365,-0.9886642694473267,0.4581899344921112,0.33636239171028137,1.2475475072860718,-0.08105690777301788,0.03105366788804531,-0.2885565757751465,-0.005585760809481144,-0.033895235508680344,0.009003708139061928,-0.0016548666171729565,0.23862534761428833,0.0003905427874997258,-0.23156823217868805,-0.023820700123906136,0.018128564581274986,-0.33193904161453247,-0.047296881675720215,0.07044222950935364]","[-0.9135295748710632,0.15970104932785034,-0.05110297352075577,1.0841033458709717,0.3446727991104126,-0.06321585178375244,-0.2601611614227295,-0.18961656093597412,0.2339116483926773,0.780206024646759,0.4055929183959961,-0.1298331916332245,0.12203603982925415,-0.10239620506763458,-0.31129103899002075,-0.5170422792434692,0.2730311155319214,-0.021809622645378113,-0.48673760890960693,-0.021437864750623703,-2.987206220626831,1.362500786781311,-0.2420034110546112,-0.1899871528148651,-0.10628288984298706,-0.6056855916976929,0.025703027844429016,-2.2575771808624268,0.2908868193626404]",0.06432194262742996,0.020232312381267548,0.0254959799349308,0.08747153729200363,0.09430526196956635,4.715263098478317,0,0,0,0.4798216223716736,0.4989725947380066,0.9903246760368347,0.9417311549186707,0.9080085754394531,0.9749860763549805,-0.07858142256736755,-0.0,-0.0,0.0,0.0,0.0,0.0
41,0.8200000000000001,41,"[-0.6022399067878723,-0.004800509195774794,0.003986966796219349,0.684933602809906,0.0003478770377114415,-0.018824465572834015,-0.035214412957429886,0.020731503143906593,0.009460097178816795,0.498514860868454,-0.48714888095855713,-0.08759263157844543,0.01572364754974842,-0.017673617228865623,-0.011825998313724995,0.20193766057491302,0.20150157809257507,0.0004761687887366861,0.5952997207641602,-0.0012296431232243776,0.013267815113067627,-0.0032184289302676916,0.20615626871585846,-0.20063255727291107,0.010015261359512806,0.6032776236534119,-0.0008526630117557943,0.016677524894475937,0.0002276172599522397]","[-0.711004912853241,0.05531025677919388,-0.011271029710769653,0.7945789098739624,-0.11668433994054794,-0.07850424200296402,-0.1565699428319931,-0.03329377621412277,0.11114681512117386,0.6404807567596436,-0.603573739528656,0.02910793200135231,0.06429723650217056,0.010180125012993813,-0.13541050255298615,0.17904143035411835,0.21029925346374512,-0.019292136654257774,0.741754949092865,-0.020524825900793076,-0.19671152532100677,0.0665653645992279,0.2831111252307892,-0.2197132557630539,-0.04512055218219757,0.6564022898674011,0.028596024960279465,-0.13117250800132751,-0.002390331821516156]","[0.3979191184043884,0.15639294683933258,-0.3802894353866577,-3.2982842922210693,1.6288139820098877,0.10784050077199936,0.5354512333869934,-0.10100710391998291,0.08891710638999939,-0.1914292573928833,-0.6427817344665527,0.2010328769683838,0.17828643321990967,0.03423118218779564,-0.7638033032417297,0.33971333503723145,0.07372796535491943,0.028913497924804688,-0.12483596801757812,0.00891575776040554,0.08947646617889404,0.029685907065868378,0.37707948684692383,0.09174682199954987,0.22689290344715118,-0.2548232674598694,-0.0056939260102808475,0.07870586216449738,0.05606071278452873]","[0.38400641083717346,0.8632442355155945,-0.7024340033531189,-1.4384424686431885,-1.8784184455871582,0.6342090368270874,0.6346587538719177,0.5669829845428467,0.010792490094900131,0.7976248860359192,-1.2980672121047974,0.4933202862739563,0.3376760184764862,1.3483103513717651,-0.21357741951942444,0.07049880921840668,-0.27569887042045593,-0.009155954234302044,-0.009941840544342995,0.012285790406167507,-0.004790276288986206,0.24464909732341766,-0.0008693269919604063,-0.16144536435604095,-0.05782033130526543,0.043543703854084015,-0.3961533308029175,-0.040637023746967316,0.06280746310949326]","[-0.7643852829933167,0.23480801284313202,-0.09397634118795395,1.0034573078155518,0.38663432002067566,-0.04315362125635147,-0.37148356437683105,-0.06780584901571274,0.1781773418188095,0.9116250276565552,0.14779889583587646,-0.07173851132392883,0.14515505731105804,-0.013392705470323563,-0.33407899737358093,-0.48300573229789734,0.23760105669498444,-0.051450908184051514,-0.48019248247146606,-0.017301559448242188,-2.9997613430023193,1.4347528219223022,-0.20971596240997314,-0.1924106925725937,-0.1075139045715332,-0.6315310001373291,0.0007764771580696106,-2.255927562713623,0.2958407402038574]",0.06864356994628906,0.026573073118925095,0.028528474271297455,0.08819938451051712,0.09371214359998703,4.6856071799993515,0,0,0,0.47711125016212463,0.49813488125801086,0.9893180727958679,0.9404336214065552,0.8945937156677246,0.9739668965339661,-0.08795148134231567,-0.0,-0.0,0.0,0.0,0.0,0.0
42,0.84,42,"[-0.5951687097549438,-0.0006022633169777691,-0.005046911537647247,0.6229537129402161,0.030922047793865204,-0.01655217632651329,-0.027896400541067123,0.019130736589431763,0.010308858938515186,0.5009042620658875,-0.5026879906654358,-0.08343710005283356,0.019471049308776855,-0.01550036109983921,-0.02710910513997078,0.20892904698848724,0.20245139300823212,0.0009305248968303204,0.5922129154205322,-0.0010780618758872151,0.014726574532687664,-0.0025720472913235426,0.21376560628414154,-0.19955185055732727,0.014350427314639091,0.5973685383796692,-0.0009075062116608024,0.01791163720190525,0.0013869948452338576]","[-0.7024877071380615,0.06430326402187347,-0.018785052001476288,0.7988107204437256,-0.20707862079143524,-0.056479863822460175,-0.152564138174057,-0.028659803792834282,0.1125769391655922,0.664170503616333,-0.6330270767211914,0.03739439323544502,0.06883177161216736,0.02725238725543022,-0.1430407613515854,0.17976786196231842,0.20792260766029358,-0.01942676305770874,0.7420402765274048,-0.02001885138452053,-0.1968129724264145,0.0715796947479248,0.2828981876373291,-0.2186877429485321,-0.04525895416736603,0.657451331615448,0.021130844950675964,-0.13175494968891144,-0.001164674642495811]","[0.19025355577468872,0.2552867829799652,-0.5456862449645996,-2.745913028717041,1.3766088485717773,0.11896809935569763,0.12748394906520844,-0.021520815789699554,0.04463738575577736,0.5211450457572937,-0.8932545781135559,0.20423290133476257,0.1962486207485199,0.21048235893249512,-0.7078761458396912,0.35153815150260925,0.01606568694114685,0.013991786167025566,-0.20065754652023315,0.0045118797570466995,0.046944595873355865,0.03217567503452301,0.33520573377609253,-0.006127357482910156,0.19229280948638916,-0.3435865044593811,-0.0012011616490781307,0.037458911538124084,0.0561772845685482]","[0.3341439664363861,0.07214993238449097,-0.046080101281404495,0.8588865399360657,-5.265063762664795,1.5626487731933594,0.05089561268687248,0.008820073679089546,0.0950116515159607,1.2837215662002563,-1.543233036994934,0.3848801255226135,0.10906827449798584,0.5523099303245544,-0.40616732835769653,-0.036518264561891556,-0.04261263832449913,-0.01062842272222042,0.01897401362657547,0.030484188348054886,-0.0013390842359513044,0.23450887203216553,-0.013527963310480118,0.17977288365364075,0.010512638837099075,0.0506332665681839,-0.3343478739261627,-0.02318050153553486,0.05865916982293129]","[-0.6325941681861877,0.2872352600097656,-0.1771845519542694,1.0443683862686157,0.49359583854675293,-0.050852738320827484,-0.5002063512802124,0.03661177307367325,0.13282881677150726,1.0835368633270264,-0.13340230286121368,-0.018351677805185318,0.17301899194717407,0.07939641177654266,-0.3635355234146118,-0.42852821946144104,0.21370112895965576,-0.08704686164855957,-0.4596499800682068,0.0016372278332710266,-3.04487681388855,1.4913440942764282,-0.1714836061000824,-0.19665808975696564,-0.10669942200183868,-0.688083291053772,-0.008196890354156494,-2.2426297664642334,0.27643197774887085]",0.07203683257102966,0.03051735833287239,0.0323135182261467,0.09582414478063583,0.09028267115354538,4.514133557677269,0,0,0,0.47448161244392395,0.49725431203842163,0.9868088364601135,0.9325411915779114,0.8764199018478394,0.8504341244697571,-0.10380658507347107,-0.0,-0.0,0.0,0.0,0.0,0.0
43,0.86,43,"[-0.5946297645568848,0.005410961341112852,-0.01784048229455948,0.5750970840454102,0.055412229150533676,-0.014065741561353207,-0.030115054920315742,0.01987067051231861,0.01124559249728918,0.5193606615066528,-0.5228790640830994,-0.07942331582307816,0.02357359230518341,-0.009254323318600655,-0.040141042321920395,0.21599918603897095,0.20214420557022095,0.0010358402505517006,0.5872734189033508,-0.0010491679422557354,0.015145598910748959,-0.0019314020173624158,0.2195644974708557,-0.20087765157222748,0.01770697347819805,0.5895341634750366,-0.0009007094777189195,0.0181758813560009,0.002474708715453744]","[-0.716861367225647,0.05488372966647148,-0.016837462782859802,0.8412461280822754,-0.2766614258289337,-0.03522055596113205,-0.15711656212806702,-0.03527884557843208,0.11490778625011444,0.6968796849250793,-0.6619696021080017,0.04153089225292206,0.06499557942152023,0.026870282366871834,-0.14549648761749268,0.17276442050933838,0.21054615080356598,-0.019696328788995743,0.7424642443656921,-0.015762561932206154,-0.19689524173736572,0.07654440402984619,0.280809223651886,-0.20897120237350464,-0.04451557993888855,0.6582556962966919,0.01655876263976097,-0.1320955604314804,-0.0001935842155944556]","[-0.19091367721557617,0.3936634957790375,-0.7238079905509949,-1.91280996799469,1.1087019443511963,0.14315688610076904,-0.3628551959991455,0.13674260675907135,0.04196341708302498,1.4480829238891602,-1.1982917785644531,0.22389516234397888,0.18666401505470276,0.4824634790420532,-0.523711085319519,0.34137555956840515,-0.05891956388950348,-0.009159596636891365,-0.28154104948043823,-0.0023532630875706673,-0.007220660336315632,0.02961428090929985,0.20878054201602936,-0.15801787376403809,0.12252447754144669,-0.43524205684661865,0.0006378410034812987,-0.015779584646224976,0.04817137122154236]","[-0.943098247051239,-0.6516713500022888,0.11424915492534637,2.386310338973999,-2.5741734504699707,0.8065480589866638,-0.29190218448638916,-0.4525012969970703,0.10861694067716599,1.7164422273635864,-1.3366940021514893,0.1254224181175232,-0.23000338673591614,-0.22851386666297913,0.0035831299610435963,-0.46577075123786926,0.17444339394569397,-0.0168279018253088,0.007508689537644386,0.2401352971792221,-0.006311533972620964,0.23197223246097565,-0.10330277681350708,0.5892562866210938,0.07701554149389267,0.023715799674391747,-0.1848488450050354,-0.014293036423623562,0.04889970272779465]","[-0.5976244807243347,0.30534857511520386,-0.3575010597705841,1.2722517251968384,0.8790977597236633,-0.08934589475393295,-0.5238962769508362,0.11247729510068893,0.11437486857175827,1.3843090534210205,-0.3829905688762665,0.03166456148028374,0.1645914912223816,0.1771439164876938,-0.40879514813423157,-0.33019888401031494,0.1854008436203003,-0.11096115410327911,-0.42870432138442993,0.05506550520658493,-3.0965449810028076,1.553115725517273,-0.13264888525009155,-0.2105182260274887,-0.11343590915203094,-0.716793417930603,-0.002406597137451172,-2.2082037925720215,0.2234664112329483]",0.0715612843632698,0.02663029171526432,0.033702537417411804,0.10287343710660934,0.08843492716550827,4.4217463582754135,0,0,0,0.4741484820842743,0.497653067111969,0.9845473766326904,0.9178873300552368,0.8852776885032654,0.8810393810272217,-0.2188066989183426,-0.0,-0.0,0.0,0.0,0.0,0.0
44,0.88,44,"[-0.6028052568435669,0.015144276432693005,-0.033999230712652206,0.5464413166046143,0.07527012377977371,-0.010825901292264462,-0.042410608381032944,0.0246004406362772,0.011987395584583282,0.5588275790214539,-0.5506196618080139,-0.0744812935590744,0.026937609538435936,0.003798176534473896,-0.04805754870176315,0.222584068775177,0.20009461045265198,0.0005641410243697464,0.5809512734413147,-0.001172192394733429,0.014437748119235039,-0.0013874761061742902,0.22211682796478271,-0.2058725655078888,0.01925140619277954,0.5799588561058044,-0.0008819925715215504,0.01728045381605625,0.0033138496801257133]","[-0.7414016127586365,0.03851050138473511,-0.021149270236492157,0.8918489217758179,-0.2927844226360321,-0.026781925931572914,-0.16668294370174408,-0.04232397675514221,0.11713793128728867,0.7347957491874695,-0.6742362380027771,0.04279777407646179,0.058585572987794876,0.022483790293335915,-0.14330366253852844,0.16426832973957062,0.21372319757938385,-0.020268399268388748,0.742419958114624,-0.008259274065494537,-0.19733558595180511,0.08141390234231949,0.2773907482624054,-0.19733519852161407,-0.041314031928777695,0.6584092378616333,0.01117042638361454,-0.13233235478401184,0.0007191973854787648]","[-0.5998536944389343,0.463470458984375,-0.778610110282898,-0.5101114511489868,-0.07804138958454132,0.07205083966255188,-0.87152498960495,0.2731897532939911,0.02326546236872673,2.552734375,-1.6449898481369019,0.3025593161582947,0.09869556128978729,0.7441767454147339,-0.27702832221984863,0.30115807056427,-0.12830011546611786,-0.038972482085227966,-0.28738081455230713,-0.011927352286875248,-0.05376811698079109,0.02084839902818203,0.0422406941652298,-0.3041498363018036,0.014161830767989159,-0.44234395027160645,-0.0034368380438536406,-0.06759872287511826,0.029115542769432068]","[-1.2334617376327515,-0.8452439308166504,-0.2805384695529938,2.487125873565674,0.06275557726621628,0.24135896563529968,-0.5163014531135559,-0.25540584325790405,0.1757333129644394,1.7712068557739258,0.7692604064941406,0.03182263672351837,-0.30815258622169495,-0.26377183198928833,0.20020566880702972,-0.39024683833122253,0.1738884449005127,-0.029251111671328545,-0.021187253296375275,0.3788014054298401,-0.029406072571873665,0.22520358860492706,-0.19888700544834137,0.5962420105934143,0.20184612274169922,-0.007580744568258524,-0.2682047188282013,-0.01031942293047905,0.04384952411055565]","[-0.5674422383308411,0.2535221576690674,-0.46278274059295654,1.544249415397644,0.9712173342704773,-0.07696615159511566,-0.5940094590187073,0.14327627420425415,0.10184545069932938,1.5626250505447388,-0.5690096616744995,0.07337729632854462,0.11305549740791321,0.21352608501911163,-0.47731900215148926,-0.22272393107414246,0.17959944903850555,-0.12049093842506409,-0.39547717571258545,0.08789866417646408,-3.1297290325164795,1.5994151830673218,-0.12534748017787933,-0.20223574340343475,-0.12071791291236877,-0.6696208715438843,-0.02367771416902542,-2.17557692527771,0.1496989130973816]",0.06812604516744614,0.01993715576827526,0.03240354359149933,0.1070285215973854,0.0905640497803688,4.52820248901844,0,0,0,0.47627654671669006,0.4987363815307617,0.9839791059494019,0.9042552709579468,0.8655893802642822,0.9026656746864319,-0.10330021381378174,-0.0,-0.0,0.0,0.0,0.0,0.0
45,0.9,45,"[-0.6186239123344421,0.02394977957010269,-0.04898488521575928,0.5546926259994507,0.052290573716163635,-0.011183707974851131,-0.0649760514497757,0.030798260122537613,0.01217621099203825,0.621470034122467,-0.5886786580085754,-0.06732094287872314,0.027521414682269096,0.020512744784355164,-0.05122217535972595,0.2280455082654953,0.19701220095157623,-0.0005230590468272567,0.5757781863212585,-0.0015262620290741324,0.012994874268770218,-0.0010974660981446505,0.2212541252374649,-0.21304364502429962,0.018273446708917618,0.5718404054641724,-0.0010381829924881458,0.015471932478249073,0.0036393303889781237]","[-0.7588308453559875,0.02787218987941742,-0.031790390610694885,0.9294917583465576,-0.26226213574409485,-0.023767339065670967,-0.1774917095899582,-0.04280989244580269,0.11695605516433716,0.7753515243530273,-0.6770948767662048,0.04315470531582832,0.05273116007447243,0.02496892772614956,-0.14181408286094666,0.16276587545871735,0.2151523381471634,-0.020984075963497162,0.7422394156455994,-0.0024889688938856125,-0.19834601879119873,0.08558494597673416,0.27370116114616394,-0.1890535056591034,-0.036532752215862274,0.6579525470733643,0.005861848592758179,-0.1325119137763977,0.0015522968024015427]","[-1.3580292463302612,0.06910514086484909,-0.48367998003959656,1.6295865774154663,-1.6550971269607544,-0.06685993075370789,-1.413048505783081,0.0822192057967186,-0.06705250591039658,3.6605255603790283,-2.1076321601867676,0.44196370244026184,-0.20290549099445343,0.565237283706665,-0.011296197772026062,0.08008219301700592,-0.07930472493171692,-0.04888774827122688,-0.10621100664138794,-0.020214147865772247,-0.06657766550779343,0.005522585939615965,-0.1737590879201889,-0.21406635642051697,-0.12714187800884247,-0.21024495363235474,-0.01075125951319933,-0.09548293799161911,-0.01176085788756609]","[-0.8676382303237915,-0.49322041869163513,-0.4420909285545349,2.1145453453063965,-0.15205584466457367,0.12505796551704407,-0.5141931176185608,-0.0157881248742342,-0.036024242639541626,2.0629029273986816,-0.5039071440696716,0.009197529405355453,-0.38604995608329773,0.16228701174259186,0.022082030773162842,0.04215339943766594,0.06433100998401642,-0.0357583612203598,0.009674045257270336,0.24485766887664795,-0.04529907554388046,0.18767708539962769,-0.1829192340373993,0.4127049446105957,0.2169843316078186,-0.00040539621841162443,-0.24252837896347046,-0.004530769307166338,0.035210926085710526]","[-0.566817581653595,0.19086341559886932,-0.4872588515281677,1.707898736000061,0.7941821217536926,-0.04229864478111267,-0.6879189610481262,0.1497720181941986,0.05889694392681122,1.6360284090042114,-0.709837794303894,0.0929112583398819,0.0554947555065155,0.22083602845668793,-0.5071310997009277,-0.17100512981414795,0.19458182156085968,-0.1122252494096756,-0.37793752551078796,0.08236537128686905,-3.145498037338257,1.6199935674667358,-0.1326279491186142,-0.16499562561511993,-0.11752104759216309,-0.6038293838500977,-0.030139632523059845,-2.1065640449523926,0.1381181925535202]",0.06439647823572159,0.01333403866738081,0.029834607616066933,0.10643954575061798,0.09220674633979797,4.610337316989899,0,0,0,0.4788404703140259,0.49947285652160645,0.9848293662071228,0.9007051587104797,0.9006807804107666,0.9053627848625183,-0.05955430865287781,-0.0,-0.0,0.0,0.0,0.0,0.0
46,0.92,46,"[-0.6571264266967773,0.017908481881022453,-0.0533464290201664,0.6116247773170471,0.009066241793334484,-0.013500298373401165,-0.09893254935741425,0.027889208868145943,0.009305295534431934,0.7052485942840576,-0.6349249482154846,-0.056802745908498764,0.018821390345692635,0.026407668367028236,-0.048509396612644196,0.22578735649585724,0.1969224214553833,-0.001391368918120861,0.5767028331756592,-0.001980758272111416,0.011774641461670399,-0.0011665726779028773,0.21516646444797516,-0.21443521976470947,0.014165731146931648,0.5715490579605103,-0.0013120429357513785,0.013461136259138584,0.0028434153646230698]","[-0.7771662473678589,0.018042171373963356,-0.04181201010942459,0.9742127060890198,-0.2942140996456146,-0.02166895940899849,-0.18924926221370697,-0.042819201946258545,0.11160948127508163,0.8187822699546814,-0.6912303566932678,0.04331206530332565,0.04185912385582924,0.02975580282509327,-0.14152905344963074,0.16591797769069672,0.21611542999744415,-0.021550407633185387,0.7424823045730591,0.000250661134487018,-0.19912070035934448,0.08886866271495819,0.2694041430950165,-0.1806679219007492,-0.032980773597955704,0.6583431363105774,0.002641781000420451,-0.1323002129793167,0.002163112163543701]","[-2.225849151611328,-0.5436824560165405,-0.0550687313079834,3.531341314315796,-2.2790629863739014,-0.05890652537345886,-1.794651985168457,-0.34732890129089355,-0.12390193343162537,4.447445392608643,-2.379445791244507,0.543357253074646,-0.4636368751525879,0.06338223069906235,0.3069196939468384,-0.2696968615055084,0.04075765609741211,-0.030693907290697098,0.11761337518692017,-0.020088782534003258,-0.04639476537704468,-0.00711990287527442,-0.3574565052986145,0.03838390111923218,-0.21080228686332703,0.06756484508514404,-0.010335245169699192,-0.08187196403741837,-0.052761830389499664]","[-0.9252102971076965,-0.4935256838798523,-0.5124363899230957,2.238030195236206,-2.1393396854400635,0.10164610296487808,-0.5894640684127808,0.004213453736156225,-0.3410114049911499,2.1546642780303955,-0.7705188393592834,0.007256702054291964,-0.6016814112663269,0.24916307628154755,0.010557441972196102,0.209234356880188,0.04209771007299423,-0.025550054386258125,0.009115266613662243,0.09591484814882278,-0.034627724438905716,0.14587317407131195,-0.2105095088481903,0.4335360527038574,0.15220122039318085,0.035029709339141846,-0.12661932408809662,0.017370902001857758,0.028634831309318542]","[-0.5983661413192749,0.1524297595024109,-0.5110280513763428,1.7936068773269653,0.6784206032752991,-0.04853705316781998,-0.7507680654525757,0.15551701188087463,0.004860067740082741,1.765005111694336,-0.7080253958702087,0.09760895371437073,0.03579217195510864,0.2379041165113449,-0.4732913374900818,-0.17173859477043152,0.20179778337478638,-0.09247316420078278,-0.3793447017669678,0.05533108860254288,-3.1317007541656494,1.6341129541397095,-0.16710969805717468,-0.13292254507541656,-0.10501115024089813,-0.5715034008026123,-0.025302641093730927,-2.0081164836883545,0.15564559400081635]",0.06235462427139282,0.005534645635634661,0.027387650683522224,0.1040172278881073,0.0941106379032135,4.705531895160675,0,0,0,0.48000338673591614,0.49988943338394165,0.9850037097930908,0.9032319188117981,0.9131408333778381,0.9563712477684021,-0.032108962535858154,-0.0,-0.0,0.0,0.0,0.0,0.0
47,0.9400000000000001,47,"[-0.7076578736305237,0.0022024826612323523,-0.05118763446807861,0.6959462761878967,-0.03887194022536278,-0.013539968989789486,-0.1367621272802353,0.016905104741454124,0.007220133673399687,0.7993678450584412,-0.6838564872741699,-0.04558665305376053,0.008975939825177193,0.02304803393781185,-0.03894538804888725,0.21725763380527496,0.19864250719547272,-0.0017508153105154634,0.5804827213287354,-0.002329813316464424,0.01113908365368843,-0.0013822622131556273,0.20695586502552032,-0.21150828897953033,0.009841355495154858,0.5745429992675781,-0.0014515927759930491,0.012197053991258144,0.0015288572758436203]","[-0.7966111302375793,0.00820955727249384,-0.05321050435304642,1.0178005695343018,-0.34124016761779785,-0.01975579373538494,-0.2046840488910675,-0.04217200726270676,0.10212980955839157,0.8663161396980286,-0.7043011784553528,0.04366208612918854,0.02997060865163803,0.0353548489511013,-0.14067605137825012,0.16971546411514282,0.2164309322834015,-0.021879589185118675,0.7425971627235413,0.0013384404592216015,-0.19965176284313202,0.09162424504756927,0.2652946412563324,-0.172246053814888,-0.030795417726039886,0.6589493751525879,0.0011607997585088015,-0.13165944814682007,0.002749078208580613]","[-2.530352830886841,-0.8224775195121765,0.17319825291633606,4.37916374206543,-2.4327871799468994,0.0693371519446373,-1.9160435199737549,-0.6128582954406738,-0.02721725031733513,4.770301342010498,-2.321347713470459,0.5120906829833984,-0.376114159822464,-0.248383030295372,0.5390101075172424,-0.4418444037437439,0.08230917155742645,-0.008915682323276997,0.161781907081604,-0.016712065786123276,-0.029208442196249962,-0.012202689424157143,-0.3931805491447449,0.16701817512512207,-0.1793035864830017,0.13576745986938477,-0.006127031520009041,-0.05267530307173729,-0.06549534946680069]","[-0.9685130715370178,-0.4927379786968231,-0.5921509265899658,2.1159353256225586,-2.3458914756774902,0.09436877816915512,-0.7956810593605042,0.05167215317487717,-0.505654513835907,2.402223587036133,-0.5760528445243835,0.02027818374335766,-0.5789027810096741,0.28548234701156616,0.066823810338974,0.17744192481040955,0.001874168636277318,-0.015134532004594803,0.0018069044454023242,0.03882286325097084,-0.022429408505558968,0.12545478343963623,-0.1870388388633728,0.4133785367012024,0.09027278423309326,0.033657222986221313,-0.053931400179862976,0.03834157437086105,0.029990829527378082]","[-0.6220201253890991,0.13810041546821594,-0.5836524963378906,1.8839348554611206,0.702853262424469,-0.058034107089042664,-0.7842502593994141,0.14616133272647858,-0.010274892672896385,1.973241925239563,-0.6749804019927979,0.10677540302276611,0.03786866366863251,0.26359233260154724,-0.4635375142097473,-0.2061905860900879,0.20655855536460876,-0.07836653292179108,-0.3780888617038727,0.03843022137880325,-3.1108970642089844,1.664182186126709,-0.20979169011116028,-0.13298632204532623,-0.10787810385227203,-0.5802402496337891,-0.0175933837890625,-1.9132375717163086,0.17383117973804474]",0.06171572580933571,0.010540798306465149,0.025760604068636894,0.09874505549669266,0.09389487653970718,4.694743826985359,0,0,0,0.4802217185497284,0.49952855706214905,0.9847195744514465,0.9108586311340332,0.9217879772186279,0.935603141784668,-0.03797611594200134,-0.0,-0.0,0.0,0.0,0.0,0.0
48,0.96,48,"[-0.7583405375480652,-0.014990619383752346,-0.04641849920153618,0.7867913246154785,-0.08824525028467178,-0.010726812295615673,-0.17557428777217865,0.003374876920133829,0.00821660552173853,0.8960606455802917,-0.7277788519859314,-0.03631911799311638,0.0037768245674669743,0.01647234708070755,-0.026948992162942886,0.20811358094215393,0.20021478831768036,-0.0017479961970821023,0.5831741094589233,-0.002649240894243121,0.010606303811073303,-0.0016546802362427115,0.19943924248218536,-0.2077544927597046,0.006993587594479322,0.5769797563552856,-0.0015571241965517402,0.011354124173521996,0.0002236013679066673]","[-0.8163861632347107,-0.0010237540118396282,-0.06601422280073166,1.0583646297454834,-0.383504182100296,-0.01814095862209797,-0.2244933843612671,-0.03903195261955261,0.09365268796682358,0.9195593595504761,-0.7108632326126099,0.04443816468119621,0.020629744976758957,0.041460320353507996,-0.1382288783788681,0.17162178456783295,0.21588777005672455,-0.022000042721629143,0.742664635181427,0.0017427467973902822,-0.19997155666351318,0.09456745535135269,0.26175960898399353,-0.16474053263664246,-0.029862506315112114,0.6595158576965332,-0.00025307154282927513,-0.13067661225795746,0.0033527021296322346]","[-2.4448513984680176,-0.7913075685501099,0.26450783014297485,4.429601192474365,-2.450636386871338,0.19736169278621674,-1.9462746381759644,-0.6789219975471497,0.09181395918130875,4.758727550506592,-1.7999247312545776,0.3555324077606201,-0.1533781737089157,-0.33028969168663025,0.5688042044639587,-0.3933582603931427,0.06230846047401428,0.007888084277510643,0.06486773490905762,-0.014613405801355839,-0.040476396679878235,-0.011323741637170315,-0.3418792188167572,0.1707758754491806,-0.10548519343137741,0.07377266883850098,-0.00025673070922493935,-0.04201994836330414,-0.05969138815999031]","[-0.9557819366455078,-0.4573865830898285,-0.6561129093170166,1.9640363454818726,-1.9427963495254517,0.07408993691205978,-0.9859951138496399,0.19833910465240479,-0.3872377872467041,2.6861040592193604,-0.20893295109272003,0.04445471242070198,-0.419854998588562,0.30194491147994995,0.18259286880493164,0.05143756791949272,-0.03746560215950012,-0.007090785074979067,0.0009768317686393857,0.013795632869005203,-0.013283651322126389,0.1426408290863037,-0.164924755692482,0.35376691818237305,0.032153744250535965,0.026374774053692818,-0.06760521233081818,0.053379230201244354,0.030649764463305473]","[-0.6317054629325867,0.15849189460277557,-0.689298152923584,1.94632089138031,0.7494409680366516,-0.04386448115110397,-0.8180658221244812,0.13580334186553955,0.008745292201638222,2.2041354179382324,-0.6536665558815002,0.1337408572435379,0.03941003978252411,0.289377361536026,-0.48417210578918457,-0.24738219380378723,0.20122839510440826,-0.07007582485675812,-0.3690374493598938,0.029029108583927155,-3.0955729484558105,1.7248615026474,-0.23162436485290527,-0.1446361094713211,-0.12140363454818726,-0.5885083675384521,-0.027816012501716614,-1.8501449823379517,0.16937844455242157]",0.061470892280340195,0.022531136870384216,0.02496003918349743,0.09680816531181335,0.09416762739419937,4.708381369709969,0,0,0,0.4801793396472931,0.4980936646461487,0.9843089580535889,0.9183374047279358,0.9314274191856384,0.9390259981155396,-0.042991168797016144,-0.0,-0.0,0.0,0.0,0.0,0.0
49,0.98,49,"[-0.8054519295692444,-0.029449818655848503,-0.04060732200741768,0.8731303215026855,-0.13689740002155304,-0.005645500961691141,-0.21461310982704163,-0.01025177352130413,0.010892692022025585,0.9897169470787048,-0.7558534741401672,-0.03136535733938217,0.0028408130165189505,0.00983644649386406,-0.016193220391869545,0.2015233039855957,0.2011348456144333,-0.0014352919533848763,0.5830774307250977,-0.0029143495485186577,0.009520027786493301,-0.0018352118786424398,0.19328069686889648,-0.2046772539615631,0.005621947813779116,0.5774939060211182,-0.0014618620043620467,0.010516256093978882,-0.0008587980410084128]","[-0.8367689251899719,-0.008499452844262123,-0.07700477540493011,1.0965811014175415,-0.4153185486793518,-0.01675019972026348,-0.24878302216529846,-0.0332062691450119,0.08906460553407669,0.975984513759613,-0.7009008526802063,0.04586424306035042,0.014947089366614819,0.04605896770954132,-0.13438701629638672,0.1714639812707901,0.2154722660779953,-0.021925266832113266,0.742740273475647,0.0018153222044929862,-0.20018117129802704,0.09831340610980988,0.25846752524375916,-0.15818899869918823,-0.029446180909872055,0.6603038311004639,-0.004291932098567486,-0.12953345477581024,0.003943025600165129]","[-2.219273090362549,-0.6191999912261963,0.2758610248565674,4.023231506347656,-2.312321186065674,0.3999600410461426,-1.9070309400558472,-0.6679131388664246,0.164901003241539,4.499261379241943,-0.8764952421188354,0.1599111557006836,0.00960598699748516,-0.2744130790233612,0.44893479347229004,-0.2386428415775299,0.029324740171432495,0.012759273871779442,-0.07343292236328125,-0.012707337737083435,-0.06425429880619049,-0.009209083393216133,-0.2617243826389313,0.11680386960506439,-0.04632490500807762,-0.03498345613479614,0.005685363430529833,-0.04643402248620987,-0.04791427403688431]","[-0.9880475401878357,-0.35846084356307983,-0.4996432065963745,1.8618351221084595,-1.3965847492218018,0.06229241564869881,-1.2170994281768799,0.30818289518356323,-0.18150505423545837,2.8121440410614014,0.8868098258972168,0.07679029554128647,-0.2386072427034378,0.17894800007343292,0.24796812236309052,-0.04033058136701584,-0.007301056291908026,0.0007893652655184269,0.004015362821519375,0.0008035507635213435,-0.009118034504354,0.18706971406936646,-0.16865696012973785,0.3126344680786133,0.015180669724941254,0.05014314875006676,-0.2159283459186554,0.05837145075201988,0.028408493846654892]","[-0.6331261992454529,0.21302488446235657,-0.8055028915405273,1.9700195789337158,0.7851669788360596,-0.005187734961509705,-0.8779444098472595,0.1251031458377838,0.032298289239406586,2.4310176372528076,-0.656715452671051,0.16514486074447632,0.044167518615722656,0.31656357645988464,-0.5165164470672607,-0.2759651243686676,0.19255362451076508,-0.06276747584342957,-0.35517454147338867,0.022614367306232452,-3.0721781253814697,1.8141850233078003,-0.23805415630340576,-0.15969102084636688,-0.1392659693956375,-0.5794224739074707,-0.05362159013748169,-1.8405613899230957,0.1420661211013794]",0.060886651277542114,0.03289717063307762,0.024762829765677452,0.09671266376972198,0.09450259804725647,4.7251299023628235,0,0,0,0.4803140163421631,0.49611207842826843,0.9840796589851379,0.9237310886383057,0.9394440650939941,0.9465612173080444,-0.04511260613799095,-0.0,-0.0,0.0,0.0,0.0,0.0
50,1.0,50,"[-0.8471114635467529,-0.03975861892104149,-0.03538405895233154,0.9477205872535706,-0.18073809146881104,0.005271587520837784,-0.2518555223941803,-0.023341648280620575,0.014812645502388477,1.0760310888290405,-0.7628386616706848,-0.029922671616077423,0.004161064047366381,0.005495823919773102,-0.008991600945591927,0.19856786727905273,0.20138777792453766,-0.0012376252561807632,0.5802367925643921,-0.0031575344037264585,0.008036131970584393,-0.0020230435766279697,0.18897026777267456,-0.20308233797550201,0.005140591412782669,0.5755804181098938,-0.0013297096593305469,0.009496763348579407,-0.0016929695848375559]","[-0.858169674873352,-0.015457816421985626,-0.08743496984243393,1.1323188543319702,-0.42868274450302124,-0.00345693901181221,-0.27661851048469543,-0.025887053459882736,0.08659207075834274,1.038132905960083,-0.690889835357666,0.047750622034072876,0.013296326622366905,0.04983873292803764,-0.13010843098163605,0.17018674314022064,0.21489626169204712,-0.021773556247353554,0.7430191040039062,0.001777712139301002,-0.20027558505535126,0.10288408398628235,0.25507664680480957,-0.1535385102033615,-0.029329797253012657,0.662198007106781,-0.009829992428421974,-0.1284709870815277,0.004445736296474934]","[-2.0132527351379395,-0.3945930600166321,0.19650636613368988,3.435271978378296,-1.9479360580444336,0.5849298238754272,-1.8397927284240723,-0.5622471570968628,0.16700083017349243,4.178758144378662,-0.21061450242996216,0.10825815051794052,0.07415632158517838,-0.1302216798067093,0.25871920585632324,-0.07543973624706268,0.007156655192375183,0.0034846714697778225,-0.18680542707443237,-0.01099614892154932,-0.08422566205263138,-0.010212679393589497,-0.1756615936756134,0.04538297653198242,-0.020104704424738884,-0.1394227147102356,0.00918683409690857,-0.06002630293369293,-0.03763270005583763]","[-1.0297106504440308,-0.3344520628452301,-0.5741917490959167,1.7450472116470337,-0.26439422369003296,1.0325663089752197,-1.3508634567260742,0.40181833505630493,-0.11043715476989746,3.1206157207489014,0.34803882241249084,0.10128909349441528,-0.026334481313824654,0.2106069028377533,0.2569466233253479,-0.06234437972307205,-0.03710763528943062,0.002346714958548546,0.014965450391173363,-0.002089723013341427,-0.002895315643399954,0.22746530175209045,-0.19080998003482819,0.1867097020149231,0.0020812598522752523,0.13091516494750977,-0.2691081464290619,0.05258916690945625,0.023604923859238625]","[-0.6389250159263611,0.2747516334056854,-0.9292778968811035,1.9803744554519653,0.8069584965705872,0.04912024736404419,-0.9622423648834229,0.11788817495107651,0.04730560630559921,2.648089647293091,-0.7093597054481506,0.192722350358963,0.05677865445613861,0.34782856702804565,-0.5357990860939026,-0.29062870144844055,0.18778719007968903,-0.055577680468559265,-0.3433750569820404,0.023545749485492706,-3.0373857021331787,1.9074455499649048,-0.2352016270160675,-0.17459683120250702,-0.16177643835544586,-0.556484580039978,-0.07027033716440201,-1.8808457851409912,0.10906784236431122]",0.05980804190039635,0.04048354923725128,0.02525346726179123,0.0956120416522026,0.09466353058815002,4.733176529407501,0,0,0,0.48081329464912415,0.4942961633205414,0.9843374490737915,0.9279929995536804,0.9408345222473145,0.9533168077468872,-0.048414573073387146,-0.0,-0.0,0.0,0.0,0.0,0.0
51,1.02,51,"[-0.8859820365905762,-0.04523354023694992,-0.032747067511081696,1.0105412006378174,-0.21481484174728394,0.01775169186294079,-0.2882048189640045,-0.03274165838956833,0.01757272519171238,1.156867265701294,-0.7642780542373657,-0.027035031467676163,0.00580706587061286,0.004627579357475042,-0.005844452418386936,0.1985057145357132,0.2014211118221283,-0.0012959050945937634,0.5756052136421204,-0.0033541955053806305,0.006151001434773207,-0.0022437190636992455,0.18625423312187195,-0.2028619349002838,0.004817759618163109,0.5719169974327087,-0.0010943886591121554,0.00811520405113697,-0.002364106010645628]","[-0.8792996406555176,-0.018376724794507027,-0.09942607581615448,1.1665529012680054,-0.44439443945884705,0.0015173418214544654,-0.3077008128166199,-0.01690470427274704,0.0843600332736969,1.1016151905059814,-0.6841651797294617,0.0519336462020874,0.014766167849302292,0.05437983572483063,-0.1273648738861084,0.16982844471931458,0.21423079073429108,-0.021637916564941406,0.7434763312339783,0.0018649231642484665,-0.2002210021018982,0.10784056037664413,0.2505303919315338,-0.15105518698692322,-0.029434245079755783,0.6666542291641235,-0.01681516505777836,-0.12759089469909668,0.004847188480198383]","[-1.975470781326294,-0.20773783326148987,0.10097362101078033,3.0706005096435547,-1.5717309713363647,0.5182666182518005,-1.7891168594360352,-0.40145397186279297,0.05960797518491745,3.9510459899902344,-0.1652732491493225,0.16210885345935822,0.05709368363022804,0.007018342148512602,0.09452077001333237,0.017854943871498108,0.006514415144920349,-0.005973113235086203,-0.2291366457939148,-0.008442130871117115,-0.09632646292448044,-0.011528737843036652,-0.11430904269218445,-0.004602968692779541,-0.02381511777639389,-0.18319934606552124,0.011139092966914177,-0.07498489320278168,-0.031623367220163345]","[-1.0536586046218872,-0.0742383748292923,-0.5698332786560059,1.6988990306854248,-0.9699642062187195,-0.088255874812603,-1.5440675020217896,0.45426279306411743,-0.1353387087583542,3.098052740097046,0.3340342342853546,0.23489715158939362,0.07676936686038971,0.22154393792152405,0.12909062206745148,-0.004046853166073561,-0.025368668138980865,0.0020908298902213573,0.024112356826663017,0.007577976211905479,0.005966022610664368,0.23703201115131378,-0.2514759600162506,0.09622140228748322,-0.009384981356561184,0.26965442299842834,-0.3370199203491211,0.0404740609228611,0.01766209490597248]","[-0.6753186583518982,0.35378679633140564,-1.0280258655548096,1.977872610092163,0.7216696739196777,0.030352875590324402,-1.058729887008667,0.1040114238858223,0.06895992904901505,2.8116416931152344,-0.7693718671798706,0.214850053191185,0.056358903646469116,0.3796597719192505,-0.5415236949920654,-0.3000737726688385,0.18333490192890167,-0.04584226757287979,-0.3460982143878937,0.03467760235071182,-3.002769708633423,1.976047158241272,-0.23299506306648254,-0.1825241893529892,-0.18579603731632233,-0.5247793197631836,-0.09301894903182983,-1.9383509159088135,0.08476562798023224]",0.05859103426337242,0.0463189072906971,0.026560325175523758,0.09498748183250427,0.09510259330272675,4.755129665136337,0,0,0,0.4813821017742157,0.49274423718452454,0.9844691753387451,0.9308022260665894,0.9346718788146973,0.9706185460090637,-0.039558567106723785,-0.0,-0.0,0.0,0.0,0.0,0.0
52,1.04,52,"[-0.9261302947998047,-0.04806813225150108,-0.03134511411190033,1.0705446004867554,-0.2436073273420334,0.026002250611782074,-0.3234201967716217,-0.039399806410074234,0.017196964472532272,1.2340729236602783,-0.7694495916366577,-0.023438317701220512,0.006444811355322599,0.005776557605713606,-0.005210770294070244,0.19928206503391266,0.20164835453033447,-0.0014765497762709856,0.5710713267326355,-0.0034952196292579174,0.004183073528110981,-0.0024841930717229843,0.18439790606498718,-0.2032664567232132,0.004187986720353365,0.568252444267273,-0.0008841459639370441,0.0064973677508533,-0.0029579042457044125]","[-0.9029214382171631,-0.01632290706038475,-0.11024335771799088,1.200448989868164,-0.4659932553768158,-0.005876666400581598,-0.34414276480674744,-0.005623488686978817,0.08223706483840942,1.1642088890075684,-0.6774125099182129,0.058415528386831284,0.019374726340174675,0.059622954577207565,-0.1260976642370224,0.16970698535442352,0.21337132155895233,-0.0213549192994833,0.7438499927520752,0.0021933678071945906,-0.2000100463628769,0.11294891685247421,0.24475589394569397,-0.15045759081840515,-0.03010144829750061,0.6721068024635315,-0.022804275155067444,-0.12712858617305756,0.005112273618578911]","[-2.078430414199829,-0.12475196272134781,0.0752575695514679,3.059950590133667,-1.4228366613388062,0.31615570187568665,-1.7487660646438599,-0.3094463646411896,-0.05376856029033661,3.8243563175201416,-0.37004202604293823,0.1628362536430359,0.014238397590816021,0.06611271947622299,0.004479987546801567,0.029070675373077393,0.015992671251296997,-0.00756277609616518,-0.19453316926956177,-0.006191374268382788,-0.09366888552904129,-0.013041350990533829,-0.08615218102931976,-0.026062875986099243,-0.03804817795753479,-0.1543298363685608,0.00877295434474945,-0.07878001034259796,-0.028704777359962463]","[-1.2108746767044067,0.15826456248760223,-0.5264101624488831,1.6675058603286743,-1.0977240800857544,-0.4781932532787323,-1.879220724105835,0.58730149269104,-0.11117691546678543,3.048516035079956,0.2895948588848114,0.318075954914093,0.2683490812778473,0.26538586616516113,0.044125255197286606,-0.002837528707459569,-0.04549376666545868,0.012378054670989513,0.017564797773957253,0.02042517252266407,0.013913697563111782,0.24376457929611206,-0.3068667948246002,0.011547362431883812,-0.05925312265753746,0.28305959701538086,-0.2652646005153656,0.018141698092222214,0.010027441196143627]","[-0.7086665034294128,0.444715291261673,-1.1235162019729614,2.0221571922302246,0.7520725131034851,0.07317399233579636,-1.189473032951355,0.12333153933286667,0.09227447956800461,2.9969005584716797,-0.8345264196395874,0.2349184900522232,0.0840059220790863,0.4435439705848694,-0.560477614402771,-0.3200857639312744,0.1729022115468979,-0.02845408022403717,-0.35427355766296387,0.04726500064134598,-2.957258462905884,2.0516209602355957,-0.24952352046966553,-0.20399872958660126,-0.19947364926338196,-0.511544942855835,-0.09769982099533081,-2.009281635284424,0.07032166421413422]",0.05758218094706535,0.05001407861709595,0.028746288269758224,0.0948324054479599,0.09465304017066956,4.732652008533478,0,0,0,0.4818069338798523,0.49156785011291504,0.9840452075004578,0.932020902633667,0.9253042936325073,0.9681968688964844,-0.05028979480266571,-0.0,-0.0,0.0,0.0,0.0,0.0
53,1.06,53,"[-0.9691192507743835,-0.05022361874580383,-0.02973676472902298,1.1329392194747925,-0.2717283070087433,0.030397919937968254,-0.3581554591655731,-0.0451195128262043,0.015421982854604721,1.309841513633728,-0.7790797352790833,-0.020521581172943115,0.006376601755619049,0.007272087968885899,-0.0056652529165148735,0.1996685415506363,0.20206081867218018,-0.0015984161291271448,0.5678238868713379,-0.003601850476115942,0.002404246013611555,-0.002765373094007373,0.18280814588069916,-0.20390444993972778,0.003295832546427846,0.5657438039779663,-0.0007434705039486289,0.0049640038050711155,-0.0035122970584779978]","[-0.9303464889526367,-0.008549671620130539,-0.11915759742259979,1.233817219734192,-0.48671120405197144,-0.016536770388484,-0.3912961483001709,0.008602151647210121,0.08094070851802826,1.2199517488479614,-0.6691665053367615,0.0647534504532814,0.02915956825017929,0.0652322992682457,-0.12607517838478088,0.16901104152202606,0.2123129814863205,-0.02078228071331978,0.7439212799072266,0.0027777208015322685,-0.1996155083179474,0.11822456866502762,0.2370673418045044,-0.15050698816776276,-0.032724909484386444,0.6773720979690552,-0.02754930965602398,-0.12709090113639832,0.005229409784078598]","[-2.1987946033477783,-0.09951945394277573,0.08450863510370255,3.186190128326416,-1.4132541418075562,0.1804070621728897,-1.7062753438949585,-0.2764204442501068,-0.09171997755765915,3.749901056289673,-0.5607664585113525,0.12770266830921173,-0.0038605881854891777,0.07066290080547333,-0.028959184885025024,0.008594617247581482,0.02227574586868286,-0.0026839175261557102,-0.12442320585250854,-0.0041212537325918674,-0.08413753658533096,-0.012184464372694492,-0.07475391030311584,-0.03559477627277374,-0.04592404514551163,-0.09167194366455078,0.006876228377223015,-0.0733022466301918,-0.024515995755791664]","[-1.3943051099777222,0.46577468514442444,-0.3890341818332672,1.6446881294250488,-0.977733314037323,-0.5387223362922668,-2.5290143489837646,0.7310708165168762,-0.04885474592447281,2.571692705154419,0.4052923619747162,0.2944497764110565,0.5434392690658569,0.25359487533569336,0.030671708285808563,-0.051559243351221085,-0.039351146668195724,0.02654283121228218,0.0016645245486870408,0.033377181738615036,0.02314559556543827,0.2539648413658142,-0.44290247559547424,-0.002891961019486189,-0.15001146495342255,0.26192039251327515,-0.20900747179985046,-0.0025751986540853977,0.005306912120431662]","[-0.7417849898338318,0.5554377436637878,-1.2124629020690918,2.067120313644409,0.820197582244873,0.11755319684743881,-1.3229807615280151,0.15705332159996033,0.11767841875553131,3.180941343307495,-0.9317528009414673,0.24522757530212402,0.11638146638870239,0.5164334177970886,-0.6040608882904053,-0.3520171344280243,0.15198807418346405,-0.007048472762107849,-0.3693660497665405,0.05999834090471268,-2.8957197666168213,2.124678134918213,-0.2654784917831421,-0.24057956039905548,-0.20999985933303833,-0.49255356192588806,-0.10288439691066742,-2.0883893966674805,0.06402568519115448]",0.05695725232362747,0.05125728249549866,0.0315752737224102,0.0945127084851265,0.09366282820701599,4.6831414103508,0,0,0,0.48195481300354004,0.4910154342651367,0.9831607341766357,0.9324196577072144,0.9075151681900024,0.9475839138031006,-0.06050795316696167,-0.0,-0.0,0.0,0.0,0.0,0.0
54,1.08,54,"[-1.0140820741653442,-0.05204891040921211,-0.027964768931269646,1.197992205619812,-0.3001374900341034,0.03321853280067444,-0.39167121052742004,-0.05045662447810173,0.01352816540747881,1.3840689659118652,-0.7918802499771118,-0.01833021081984043,0.006290387827903032,0.00860307365655899,-0.006369137670844793,0.19962584972381592,0.2025393843650818,-0.0015839064726606011,0.5660943984985352,-0.003660069778561592,0.0008175719412975013,-0.0029715716373175383,0.18140774965286255,-0.20469024777412415,0.0023510248865932226,0.5645855665206909,-0.0006090968381613493,0.0035652779042720795,-0.003938544075936079]","[-0.9615795612335205,0.00476272776722908,-0.12708647549152374,1.2670150995254517,-0.5042988657951355,-0.026570605114102364,-0.44924935698509216,0.0262437853962183,0.07989934831857681,1.2746020555496216,-0.6692944169044495,0.06904399394989014,0.04320059344172478,0.07238463312387466,-0.1269621104001999,0.16707508265972137,0.2104237824678421,-0.020056983456015587,0.7441093921661377,0.0035374683793634176,-0.19893376529216766,0.12372560799121857,0.22764427959918976,-0.15132151544094086,-0.037394728511571884,0.6819280385971069,-0.03247322887182236,-0.12751883268356323,0.0052708848379552364]","[-2.2872493267059326,-0.06403709203004837,0.0881146639585495,3.304171562194824,-1.4092572927474976,0.16608820855617523,-1.6538583040237427,-0.20944206416606903,-0.061869341880083084,3.7133426666259766,-0.6387710571289062,0.08675293624401093,0.035238008946180344,0.04864053428173065,-0.06369482725858688,0.015157833695411682,0.025574490427970886,0.0024144945200532675,-0.05260556936264038,-0.003613083390519023,-0.05986666679382324,-0.011348474770784378,-0.054137781262397766,-0.04378706216812134,-0.04237202927470207,-0.031231343746185303,0.00618714140728116,-0.05462758243083954,-0.019868912175297737]","[-1.569788932800293,0.7242146134376526,-0.37391674518585205,1.6439673900604248,-0.8152055144309998,-0.47564852237701416,-3.021603584289551,0.9050231575965881,-0.043097302317619324,2.529263973236084,-0.0032828382682055235,0.18075333535671234,0.7318745255470276,0.3557418882846832,-0.003933317493647337,-0.12552450597286224,-0.09827882796525955,0.03222773224115372,0.0059366775676608086,0.04023929685354233,0.03845373913645744,0.2650429606437683,-0.5182722210884094,-0.04840429499745369,-0.2514519989490509,0.224564790725708,-0.23171615600585938,-0.025352593511343002,0.0020927030127495527]","[-0.826690137386322,0.6665223836898804,-1.2697712182998657,2.127040386199951,0.8576756119728088,0.13489098846912384,-1.4099448919296265,0.19525763392448425,0.14963367581367493,3.3610005378723145,-1.0582422018051147,0.23805657029151917,0.149078369140625,0.5895013213157654,-0.6725805997848511,-0.39718374609947205,0.11882917582988739,0.011199213564395905,-0.3738088607788086,0.06579593569040298,-2.8246912956237793,2.2055740356445312,-0.26188570261001587,-0.2911186218261719,-0.23000147938728333,-0.46691563725471497,-0.1175481379032135,-2.1703543663024902,0.05417543649673462]",0.05687209963798523,0.05003255605697632,0.034927815198898315,0.09438353031873703,0.09251032769680023,4.625516384840012,0,0,0,0.48180878162384033,0.4912979006767273,0.9817538857460022,0.9313881397247314,0.884199321269989,0.9168269038200378,-0.06175854802131653,-0.0,-0.0,0.0,0.0,0.0,0.0
55,1.1,55,"[-1.060609221458435,-0.052785102277994156,-0.026212178170681,1.2651060819625854,-0.3280985951423645,0.037041448056697845,-0.42430979013442993,-0.05349719524383545,0.012947209179401398,1.4583752155303955,-0.8046305775642395,-0.017051463946700096,0.007786122150719166,0.009217709302902222,-0.008213046006858349,0.20027485489845276,0.203083798289299,-0.0015018363483250141,0.5657196640968323,-0.003746373811736703,9.579391189618036e-06,-0.0032193120568990707,0.18064263463020325,-0.20565593242645264,0.0016009514220058918,0.5644945502281189,-0.0004959848592989147,0.0027789005544036627,-0.00430705351755023]","[-0.9963780641555786,0.022501228377223015,-0.13452070951461792,1.3000257015228271,-0.5185588598251343,-0.037584271281957626,-0.5177385807037354,0.04623648151755333,0.07908326387405396,1.3236083984375,-0.6714573502540588,0.07182960212230682,0.06041023135185242,0.08053415268659592,-0.12917464971542358,0.16365322470664978,0.20755818486213684,-0.01922634057700634,0.7443451285362244,0.004367579240351915,-0.19797392189502716,0.12941420078277588,0.2170592099428177,-0.15401890873908997,-0.04243263974785805,0.6858558654785156,-0.0389736033976078,-0.12836673855781555,0.005381119903177023]","[-2.260071039199829,0.027510058134794235,0.06702449172735214,3.262326240539551,-1.3166592121124268,0.21266406774520874,-1.5308946371078491,-0.15708282589912415,-0.06516948342323303,3.6808252334594727,-0.6617903709411621,0.05436781793832779,0.052879855036735535,0.05872056633234024,-0.06884214282035828,0.035928189754486084,0.018895789980888367,0.007766989059746265,0.03163367509841919,-0.004068442154675722,-0.0445333793759346,-0.017201127484440804,-0.04497729241847992,-0.0516645610332489,-0.03851429745554924,0.04733353853225708,0.0030456744134426117,-0.03592667728662491,-0.014348491095006466]","[-1.7273808717727661,0.9103518128395081,-0.3623000383377075,1.6390323638916016,-0.6527464985847473,-0.5755229592323303,-3.4983811378479004,0.9915172457695007,-0.04496065899729729,2.316026210784912,-0.1318158060312271,0.1219354122877121,0.8552324771881104,0.4056326150894165,-0.052631109952926636,-0.2118941843509674,-0.15331628918647766,0.03548211604356766,0.012831442058086395,0.04279223829507828,0.05231147259473801,0.2730923295021057,-0.5670148134231567,-0.17085020244121552,-0.24727092683315277,0.19374942779541016,-0.31827473640441895,-0.04629211127758026,0.00600097794085741]","[-0.939333975315094,0.7680173516273499,-1.2916280031204224,2.177064895629883,0.8584533929824829,0.13496239483356476,-1.4910582304000854,0.23471510410308838,0.17394286394119263,3.507059097290039,-1.1805750131607056,0.22134852409362793,0.1795285940170288,0.644844651222229,-0.7534072399139404,-0.44163021445274353,0.09260869026184082,0.02505163848400116,-0.3678215444087982,0.06861562281847,-2.761042833328247,2.2877392768859863,-0.2603033185005188,-0.3484974503517151,-0.2533591389656067,-0.4446677565574646,-0.14213506877422333,-2.2538931369781494,0.050748929381370544]",0.057496581226587296,0.04498216137290001,0.03893504664301872,0.09756971895694733,0.0909244641661644,4.54622320830822,0,0,0,0.48122209310531616,0.49277570843696594,0.9793819189071655,0.9257846474647522,0.8587310314178467,0.8620429635047913,-0.05371489003300667,-0.0,-0.0,0.0,0.0,0.0,0.0
56,1.12,56,"[-1.1044849157333374,-0.05094850808382034,-0.02528378926217556,1.3284852504730225,-0.3528038561344147,0.041725095361471176,-0.452906996011734,-0.056739937514066696,0.010921386070549488,1.5313019752502441,-0.8183518648147583,-0.01615549810230732,0.008405582047998905,0.010951896198093891,-0.009122823365032673,0.20106297731399536,0.20329521596431732,-0.0012732269242405891,0.5673597455024719,-0.0038228074554353952,-0.0009637631010264158,-0.0036596166901290417,0.17960865795612335,-0.2067568302154541,0.0008104530279524624,0.5664789080619812,-0.00048726986278779805,0.002128210850059986,-0.004512483719736338]","[-1.0344030857086182,0.04258165881037712,-0.14175865054130554,1.3332374095916748,-0.5308125615119934,-0.04708448424935341,-0.5938559770584106,0.06701410561800003,0.07834123075008392,1.3674626350402832,-0.6839713454246521,0.07352285087108612,0.07920598238706589,0.08942728489637375,-0.13355650007724762,0.15869377553462982,0.20335610210895538,-0.017765827476978302,0.7448777556419373,0.0051558734849095345,-0.1960914433002472,0.13495351374149323,0.20635725557804108,-0.15955990552902222,-0.04747053608298302,0.6893504858016968,-0.04655078798532486,-0.1295364946126938,0.005548480432480574]","[-2.07025408744812,0.21309731900691986,0.039631687104701996,2.9532523155212402,-1.1034369468688965,0.25970637798309326,-1.3166033029556274,-0.1771632581949234,-0.20645993947982788,3.500154733657837,-0.6471708416938782,0.035298850387334824,-0.005323230288922787,0.13594888150691986,-0.016588345170021057,0.03419741988182068,-0.0033587217330932617,0.017177117988467216,0.12163370847702026,-0.011605077423155308,-0.05024849623441696,-0.026834536343812943,-0.051801279187202454,-0.0688895583152771,-0.04676038771867752,0.1404017210006714,-0.0056785475462675095,-0.032352205365896225,-0.016183290630578995]","[-1.8655768632888794,0.9982526302337646,-0.35846707224845886,1.658085823059082,-0.5922636985778809,-0.42210161685943604,-3.806645154953003,1.0063481330871582,-0.04167938604950905,2.05279541015625,-0.7034592032432556,0.06925444304943085,0.9091487526893616,0.44503676891326904,-0.14854773879051208,-0.29579731822013855,-0.22944778203964233,0.09128615260124207,0.026559215039014816,0.03887477144598961,0.10258792340755463,0.2627953290939331,-0.5637702941894531,-0.32290127873420715,-0.2553945779800415,0.17486733198165894,-0.3597022294998169,-0.06073801964521408,0.008060215041041374]","[-1.0886921882629395,0.8694729208946228,-1.285933256149292,2.2206525802612305,0.8396583199501038,0.1326352208852768,-1.5440350770950317,0.2701645493507385,0.19576454162597656,3.6051535606384277,-1.3068128824234009,0.19172266125679016,0.20921576023101807,0.685370147228241,-0.8431730270385742,-0.48711711168289185,0.077788345515728,0.03897453099489212,-0.34637707471847534,0.06658373028039932,-2.7020444869995117,2.3592958450317383,-0.26656898856163025,-0.4054328203201294,-0.27928051352500916,-0.43030163645744324,-0.1628294289112091,-2.3167412281036377,0.057817429304122925]",0.058695949614048004,0.03869343549013138,0.04346764460206032,0.10846167802810669,0.08924973756074905,4.462486878037453,0,0,0,0.48028817772865295,0.49450308084487915,0.9758843183517456,0.9113414287567139,0.8509601354598999,0.7978020310401917,-0.048292115330696106,-0.0,-0.0,0.0,0.0,0.0,0.0
57,1.1400000000000001,57,"[-1.1434193849563599,-0.04426120966672897,-0.02462691068649292,1.3832361698150635,-0.37223607301712036,0.047429703176021576,-0.47697392106056213,-0.060583725571632385,0.0046888114884495735,1.5983814001083374,-0.8305174112319946,-0.01563951000571251,0.007573192939162254,0.014655664563179016,-0.008876579813659191,0.20164275169372559,0.20294944941997528,-0.000814751663710922,0.5705850124359131,-0.004210576880723238,-0.002000360516831279,-0.004292693454772234,0.17857058346271515,-0.20841151475906372,-0.0002694640133995563,0.5701106190681458,-0.0007231267518363893,0.0014848123537376523,-0.004954385105520487]","[-1.0739442110061646,0.0633651539683342,-0.14896605908870697,1.3665567636489868,-0.5421360731124878,-0.055123865604400635,-0.6725097298622131,0.08638442307710648,0.07766132056713104,1.4030441045761108,-0.70196932554245,0.07419663667678833,0.09821387380361557,0.0982770323753357,-0.13956941664218903,0.15224765241146088,0.19833864271640778,-0.01617947407066822,0.7456215023994446,0.0058886948972940445,-0.19325099885463715,0.14020971953868866,0.19611018896102905,-0.16773000359535217,-0.05323614925146103,0.6927030682563782,-0.054814986884593964,-0.1308005005121231,0.005736524239182472]","[-1.8868595361709595,0.4153401553630829,-0.014183484017848969,2.6285619735717773,-0.8848749399185181,0.24980492889881134,-1.1258989572525024,-0.19242028892040253,-0.40540388226509094,3.2701611518859863,-0.37947744131088257,0.01696632243692875,-0.0576695092022419,0.21631120145320892,-0.00500695314258337,0.04073679447174072,-0.020524486899375916,0.018309973180294037,0.17952173948287964,-0.014562387019395828,-0.04096870496869087,-0.02909078076481819,-0.02406388521194458,-0.09486712515354156,-0.057147007435560226,0.1967787742614746,-0.01347222737967968,-0.02422369457781315,-0.01900137960910797]","[-1.9122817516326904,1.0124074220657349,-0.35738086700439453,1.6604290008544922,-0.5472137928009033,-0.398307204246521,-3.84521484375,0.8960310816764832,-0.03899553418159485,1.6031951904296875,-0.8994402289390564,0.01944287307560444,0.90314120054245,0.42951592803001404,-0.21884386241436005,-0.3684961497783661,-0.2549961507320404,0.0776747614145279,0.03674702346324921,0.03632780909538269,0.144187793135643,0.2474651336669922,-0.5312362909317017,-0.4476569890975952,-0.3019877076148987,0.16885626316070557,-0.3885515034198761,-0.06266631931066513,0.009097754955291748]","[-1.2513093948364258,0.9537649750709534,-1.2386871576309204,2.275838851928711,0.8001290559768677,0.10669757425785065,-1.5501904487609863,0.2900593876838684,0.20414628088474274,3.6229310035705566,-1.3708099126815796,0.16153310239315033,0.23993536829948425,0.6857284307479858,-0.9259806871414185,-0.5119491815567017,0.07715733349323273,0.043489351868629456,-0.3146330714225769,0.06498295813798904,-2.640246629714966,2.41658878326416,-0.2911083996295929,-0.44340360164642334,-0.30253085494041443,-0.42764827609062195,-0.18429051339626312,-2.332974910736084,0.07177554070949554]",0.059882842004299164,0.032313063740730286,0.04801326245069504,0.1235569566488266,0.08776426315307617,4.388213157653809,0,0,0,0.47936326265335083,0.49606752395629883,0.9714404940605164,0.8842971324920654,0.8515188694000244,0.7390010356903076,-0.03347506374120712,-0.0,-0.0,0.0,0.0,0.0,0.0
58,1.16,58,"[-1.1799592971801758,-0.034334901720285416,-0.02585112862288952,1.433627724647522,-0.3881988525390625,0.05171729251742363,-0.4979429543018341,-0.06443674862384796,-0.00529476860538125,1.6621084213256836,-0.8335309624671936,-0.01547684520483017,0.006098801735788584,0.01960434392094612,-0.009323101490736008,0.202692449092865,0.20247423648834229,-0.000540827983058989,0.5745406150817871,-0.004405302926898003,-0.002602511318400502,-0.004823247902095318,0.17864610254764557,-0.21055151522159576,-0.0014754271833226085,0.5743500590324402,-0.001026158919557929,0.001159263076260686,-0.0052725388668477535]","[-1.1121196746826172,0.08370493352413177,-0.1553776115179062,1.3994933366775513,-0.5526514053344727,-0.06352275609970093,-0.7475711107254028,0.10157185047864914,0.07706136256456375,1.425759196281433,-0.7150583863258362,0.07403367012739182,0.11682640761137009,0.10555613785982132,-0.14553861320018768,0.14387641847133636,0.1934719979763031,-0.015142790041863918,0.7481756806373596,0.006686353124678135,-0.19002914428710938,0.145043283700943,0.18635694682598114,-0.1776234209537506,-0.060219425708055496,0.6963744163513184,-0.06283275783061981,-0.13191653788089752,0.0059363991022109985]","[-1.767963171005249,0.4830659329891205,-0.13592155277729034,2.4360954761505127,-0.727871835231781,0.1486489623785019,-1.046226143836975,-0.19652657210826874,-0.5922051072120667,3.011941909790039,0.21926462650299072,0.023520225659012794,-0.08039761334657669,0.24244804680347443,-0.07582186162471771,0.07392913103103638,-0.017564743757247925,0.010524995625019073,0.2170473337173462,-0.005618087016046047,-0.016025081276893616,-0.024060778319835663,0.042099133133888245,-0.10653659701347351,-0.05768550559878349,0.2306237816810608,-0.021334698423743248,-0.006813215557485819,-0.010253023356199265]","[-1.8110501766204834,0.9823702573776245,-0.29399171471595764,1.6327887773513794,-0.5118645429611206,-0.4343549311161041,-3.586827516555786,0.6503547430038452,-0.025936340913176537,0.9141279458999634,-0.5754140019416809,-0.018769539892673492,0.884662389755249,0.32046887278556824,-0.21343769133090973,-0.4602424204349518,-0.22606401145458221,0.036137379705905914,0.15162040293216705,0.04166654124855995,0.16072197258472443,0.2271958589553833,-0.50141841173172,-0.5152313709259033,-0.3620702624320984,0.18959161639213562,-0.36747103929519653,-0.05301690474152565,0.010246776975691319]","[-1.3947943449020386,1.01628839969635,-1.1480485200881958,2.3247601985931396,0.7446826100349426,0.0749763548374176,-1.525680661201477,0.2934763729572296,0.1954534351825714,3.5349411964416504,-1.3335928916931152,0.14040863513946533,0.27797025442123413,0.65367192029953,-0.9850760698318481,-0.5136721134185791,0.0934557244181633,0.042315706610679626,-0.2848801612854004,0.07177562266588211,-2.567227602005005,2.467867374420166,-0.3382359445095062,-0.457139253616333,-0.31830522418022156,-0.43268850445747375,-0.19998452067375183,-2.3152108192443848,0.08831453323364258]",0.06102403998374939,0.024609697982668877,0.052596841007471085,0.14091521501541138,0.08626856654882431,4.3134283274412155,0,0,0,0.47846701741218567,0.4976457953453064,0.9658662676811218,0.8417079448699951,0.8602437376976013,0.7035455703735352,-0.034048162400722504,-0.0,-0.0,0.0,0.0,0.0,0.0
59,1.18,59,"[-1.2141379117965698,-0.024938572198152542,-0.030063772574067116,1.480679988861084,-0.4013509452342987,0.05337566137313843,-0.518822968006134,-0.06844478845596313,-0.01899939402937889,1.718859076499939,-0.821746826171875,-0.014698700979351997,0.004357288591563702,0.02435358613729477,-0.011909454129636288,0.20459991693496704,0.20224685966968536,-0.00039375186315737665,0.5792669057846069,-0.00443530036136508,-0.0026413637679070234,-0.005255124531686306,0.18025454878807068,-0.21267297863960266,-0.002576884115114808,0.5793355703353882,-0.0015765146818012,0.0012122837360948324,-0.005364506039768457]","[-1.1467463970184326,0.10311431437730789,-0.15981525182724,1.4314990043640137,-0.5626910924911499,-0.07352785766124725,-0.8144022226333618,0.11088088154792786,0.07686522603034973,1.4327774047851562,-0.7212921977043152,0.07335657626390457,0.13472135365009308,0.1096622571349144,-0.15030796825885773,0.1342308223247528,0.18967628479003906,-0.01450568251311779,0.7520418763160706,0.00796263013035059,-0.18636269867420197,0.14936310052871704,0.17706482112407684,-0.18816128373146057,-0.06820576637983322,0.700318455696106,-0.06894329935312271,-0.1328454464673996,0.006132046226412058]","[-1.618829369544983,0.4153421223163605,-0.2820168137550354,2.249664068222046,-0.6040647625923157,0.03771074116230011,-1.0388516187667847,-0.22261609137058258,-0.702823281288147,2.7836620807647705,0.6525099277496338,0.026514707133173943,-0.10067201405763626,0.22203433513641357,-0.16182483732700348,0.10753907263278961,-0.001150369644165039,0.010401815176010132,0.2474278211593628,-0.001894135493785143,0.006716297008097172,-0.019248878583312035,0.10823123157024384,-0.10026507079601288,-0.051706962287425995,0.25939643383026123,-0.02800038829445839,0.008680325001478195,-8.98377038538456e-05]","[-1.6250426769256592,0.9340987801551819,-0.17163001000881195,1.5800906419754028,-0.4967755377292633,-0.5284523367881775,-3.1418867111206055,0.3409254550933838,-0.0023733617272228003,0.15101301670074463,-0.20634980499744415,-0.039330609142780304,0.8491349816322327,0.13182705640792847,-0.16622363030910492,-0.4976794719696045,-0.15567289292812347,0.026112819090485573,0.190627783536911,0.06365440040826797,0.18048334121704102,0.20171751081943512,-0.47033971548080444,-0.5271946787834167,-0.4040999710559845,0.19470719993114471,-0.26328951120376587,-0.04448053240776062,0.010064247064292431]","[-1.5135096311569214,1.0472246408462524,-1.0403244495391846,2.3812344074249268,0.6820655465126038,0.05448758602142334,-1.50092351436615,0.29023778438568115,0.183837890625,3.3678135871887207,-1.22745680809021,0.13143669068813324,0.318447083234787,0.6072871088981628,-1.0128765106201172,-0.5057229995727539,0.1202174574136734,0.043866246938705444,-0.26571717858314514,0.08766836673021317,-2.498905658721924,2.513789415359497,-0.3900246322154999,-0.4590423107147217,-0.3298271894454956,-0.4417000114917755,-0.20240609347820282,-2.301015853881836,0.09455318748950958]",0.06186361238360405,0.015153322368860245,0.05673033371567726,0.15865880250930786,0.08484192192554474,4.242096096277237,0,0,0,0.4777648448944092,0.4990593492984772,0.9596909284591675,0.7861675024032593,0.8735612034797668,0.6909059286117554,-0.04505361244082451,-0.0,-0.0,0.0,0.0,0.0,0.0
60,1.2,60,"[-1.244712471961975,-0.01772121712565422,-0.03713180124759674,1.5236142873764038,-0.4123614430427551,0.053225722163915634,-0.5394970178604126,-0.07334139198064804,-0.033407699316740036,1.7734549045562744,-0.8074305653572083,-0.014416256919503212,0.0020719210151582956,0.028485717251896858,-0.01579609513282776,0.20699401199817657,0.20242822170257568,-0.00012475537369027734,0.5844377279281616,-0.004481068346649408,-0.002333859447389841,-0.005593203008174896,0.18297535181045532,-0.21456211805343628,-0.003543705679476261,0.5847259163856506,-0.002146174432709813,0.0015064760809764266,-0.005276132375001907]","[-1.1799235343933105,0.12190370261669159,-0.16640324890613556,1.4627212285995483,-0.5722874402999878,-0.08411545306444168,-0.8659908771514893,0.11624555289745331,0.07657238841056824,1.4418035745620728,-0.7471026182174683,0.07271760702133179,0.1515970379114151,0.1157955601811409,-0.1569899618625641,0.1251225620508194,0.18503797054290771,-0.014095628634095192,0.7572159767150879,0.011035483330488205,-0.18236660957336426,0.15316110849380493,0.16959872841835022,-0.20038644969463348,-0.07703287154436111,0.7044389843940735,-0.07211904972791672,-0.13367265462875366,0.006266387179493904]","[-1.4186322689056396,0.30677321553230286,-0.4066879451274872,2.002197504043579,-0.5305126309394836,-0.01692064106464386,-0.9881466627120972,-0.2556474804878235,-0.7295546531677246,2.6707470417022705,0.6052717566490173,-0.00958670862019062,-0.13315781950950623,0.21353159844875336,-0.22244246304035187,0.12075603008270264,0.009694322943687439,0.015172741375863552,0.2759978175163269,-0.003336917143315077,0.027684349566698074,-0.016096968203783035,0.16230791807174683,-0.09625665843486786,-0.04543587192893028,0.2758890390396118,-0.03139638155698776,0.021680695936083794,0.007969711907207966]","[-1.5840929746627808,0.9139519333839417,-0.317393034696579,1.533056378364563,-0.46443629264831543,-0.5353902578353882,-2.301853895187378,0.16388025879859924,0.018553191795945168,0.017451569437980652,-0.3434823751449585,-0.03761223703622818,0.8150057792663574,0.26554834842681885,-0.30270084738731384,-0.4354144036769867,-0.2095920592546463,0.017763016745448112,0.22466729581356049,0.15883907675743103,0.19377335906028748,0.1762392520904541,-0.3720109164714813,-0.6075166463851929,-0.44632095098495483,0.20470228791236877,-0.11987029016017914,-0.039197325706481934,0.005633457563817501]","[-1.6320579051971436,1.0417356491088867,-0.9365500211715698,2.4780774116516113,0.6041015982627869,0.04751845821738243,-1.4831175804138184,0.28572309017181396,0.18701913952827454,3.155327081680298,-1.1009317636489868,0.13024304807186127,0.3537476360797882,0.554803729057312,-1.0162131786346436,-0.49672457575798035,0.15018810331821442,0.04884135723114014,-0.2560572326183319,0.10639379173517227,-2.446720838546753,2.5508017539978027,-0.4235939681529999,-0.4581491947174072,-0.3388623595237732,-0.45085999369621277,-0.19450613856315613,-2.305783748626709,0.07739414274692535]",0.06272388249635696,0.009268922731280327,0.0599803701043129,0.17437368631362915,0.08589368313550949,4.2946841567754745,0,0,0,0.47716689109802246,0.49972790479660034,0.954132080078125,0.726798415184021,0.9259008765220642,0.7675039768218994,-0.056546106934547424,-0.0,-0.0,0.0,0.0,0.0,0.0
61,1.22,61,"[-1.2708832025527954,-0.012667643837630749,-0.046331290155649185,1.5607678890228271,-0.42257145047187805,0.05269883573055267,-0.5583488345146179,-0.0786706879734993,-0.048181578516960144,1.8256889581680298,-0.7975359559059143,-0.015082169324159622,-0.0009690237347967923,0.03289484977722168,-0.02080715261399746,0.20943015813827515,0.20263463258743286,0.00021315774938557297,0.59030681848526,-0.004568777047097683,-0.0015339897945523262,-0.005899003241211176,0.18674686551094055,-0.21652324497699738,-0.004394318908452988,0.5903711318969727,-0.00283236987888813,0.0020795115269720554,-0.00504571758210659]","[-1.2133032083511353,0.141361802816391,-0.17602472007274628,1.4919893741607666,-0.5809109807014465,-0.0961703211069107,-0.9017879366874695,0.11953968554735184,0.07522309571504593,1.4419877529144287,-0.7763871550559998,0.07254096120595932,0.1682858020067215,0.12376461923122406,-0.16763512790203094,0.11922228336334229,0.1800917088985443,-0.01377585344016552,0.7603378891944885,0.015831658616662025,-0.17852334678173065,0.156334787607193,0.16351649165153503,-0.21313230693340302,-0.08584710955619812,0.7090787887573242,-0.07341670989990234,-0.1344500184059143,0.0063308244571089745]","[-1.196238398551941,0.21741949021816254,-0.48893773555755615,1.670178771018982,-0.5135223269462585,-0.05008699372410774,-0.8945807814598083,-0.26225167512893677,-0.7234318256378174,2.509352684020996,0.36181360483169556,-0.06577838212251663,-0.16650626063346863,0.233195498585701,-0.27987030148506165,0.11553764343261719,0.003921985626220703,0.01692250929772854,0.3042653203010559,-0.006359408143907785,0.04984816908836365,-0.015260814689099789,0.2114526927471161,-0.10530464351177216,-0.041150279343128204,0.2842932939529419,-0.036451831459999084,0.034593962132930756,0.013170566409826279]","[-1.6193735599517822,0.978775680065155,-0.4655427932739258,1.4010634422302246,-0.4014555513858795,-0.6507967114448547,-1.5231828689575195,0.10685394704341888,-0.06836290657520294,-0.4129081666469574,-0.45936450362205505,-0.009016578085720539,0.8147098422050476,0.3378748893737793,-0.531929612159729,-0.24040746688842773,-0.20859025418758392,0.01536704320460558,0.09193751215934753,0.23782911896705627,0.16894856095314026,0.1453697383403778,-0.3144872188568115,-0.6022877097129822,-0.4301154613494873,0.23610058426856995,-0.04332272335886955,-0.03823747858405113,0.001886487938463688]","[-1.673287272453308,1.0029805898666382,-0.8305585980415344,2.5828897953033447,0.4864543676376343,0.027778103947639465,-1.54604971408844,0.3184277415275574,0.13750705122947693,2.8874683380126953,-0.9916203618049622,0.12808173894882202,0.37448495626449585,0.4802674651145935,-1.0191112756729126,-0.4816253185272217,0.17463600635528564,0.04960209131240845,-0.26989611983299255,0.12624692916870117,-2.422466516494751,2.567413330078125,-0.43734264373779297,-0.441203236579895,-0.33526426553726196,-0.4525258243083954,-0.1770494431257248,-2.3385508060455322,0.05999964475631714]",0.0634564757347107,0.01457002479583025,0.06261427700519562,0.18848182260990143,0.08502639085054398,4.251319542527199,0,0,0,0.4766692519187927,0.4994681477546692,0.9496268630027771,0.6714069843292236,0.9434109330177307,0.7813766598701477,-0.07063938677310944,-0.0,-0.0,0.0,0.0,0.0,0.0
62,1.24,62,"[-1.2925620079040527,-0.009024437516927719,-0.0566893108189106,1.590421438217163,-0.43290233612060547,0.051222242414951324,-0.5752802491188049,-0.08383145928382874,-0.06234497204422951,1.8738290071487427,-0.7929580211639404,-0.017047392204403877,-0.00458832923322916,0.03781353682279587,-0.02699090726673603,0.21161551773548126,0.2025851011276245,0.000552144949324429,0.5966083407402039,-0.00473544467240572,-0.00033993279794231057,-0.006203635595738888,0.19143345952033997,-0.21877430379390717,-0.005189716815948486,0.5960976481437683,-0.0036042477004230022,0.0028902345802634954,-0.004749309737235308]","[-1.2468557357788086,0.16250409185886383,-0.18711598217487335,1.5180126428604126,-0.5850423574447632,-0.11127538233995438,-0.9247572422027588,0.12434583902359009,0.06681642681360245,1.435044527053833,-0.8137227892875671,0.07673066854476929,0.18434618413448334,0.1309266984462738,-0.18083412945270538,0.11658176779747009,0.17665675282478333,-0.013402121141552925,0.7614696621894836,0.0205435398966074,-0.17575937509536743,0.15868912637233734,0.15767087042331696,-0.22412459552288055,-0.09289156645536423,0.7139118313789368,-0.07361075282096863,-0.13531243801116943,0.006349937058985233]","[-0.9874224662780762,0.17369191348552704,-0.5097556114196777,1.2721061706542969,-0.500755786895752,-0.12800627946853638,-0.7911428809165955,-0.24373997747898102,-0.67899489402771,2.225857973098755,0.1175418496131897,-0.1127130389213562,-0.1877090185880661,0.2552494406700134,-0.33370670676231384,0.09725727140903473,-0.01361854374408722,0.013697322458028793,0.31443238258361816,-0.009980996139347553,0.06949339807033539,-0.01694023422896862,0.25146231055259705,-0.12004002928733826,-0.036824099719524384,0.2817794680595398,-0.04303419217467308,0.047841157764196396,0.015225214883685112]","[-1.7478049993515015,1.1036018133163452,-0.5528391599655151,1.302188754081726,0.24922633171081543,-0.6613442897796631,-0.9397686123847961,0.32419952750205994,-0.6405208110809326,-0.26234325766563416,-2.3139631748199463,0.2732282280921936,0.769782304763794,0.3434771001338959,-0.6241697072982788,-0.10476386547088623,-0.13546225428581238,0.020316587761044502,0.04804593324661255,0.21523414552211761,0.1163773387670517,0.10607517510652542,-0.3166210949420929,-0.4965248107910156,-0.31791216135025024,0.2422543168067932,0.0037120222114026546,-0.0442243292927742,-0.0006491727544926107]","[-1.6895922422409058,0.9592142701148987,-0.7386259436607361,2.6799509525299072,0.35908743739128113,-0.004612959921360016,-1.5886249542236328,0.3629794716835022,0.08365448564291,2.624154567718506,-0.8428849577903748,0.11384722590446472,0.381777286529541,0.4178794026374817,-1.0380592346191406,-0.4783649444580078,0.1870340257883072,0.04944390058517456,-0.2996467053890228,0.13319677114486694,-2.408564329147339,2.5600996017456055,-0.4344102442264557,-0.4134889245033264,-0.31220704317092896,-0.4527786374092102,-0.15134669840335846,-2.3848092555999756,0.042901962995529175]",0.06377000361680984,0.021279264241456985,0.06456153839826584,0.2008802443742752,0.08279936015605927,4.139968007802963,0,0,0,0.4764734208583832,0.49874839186668396,0.9463222622871399,0.6213667392730713,0.9462735652923584,0.8323118090629578,-0.0728660523891449,-0.10866224765777588,-0.0,0.0,0.0,0.0,0.0
63,1.26,63,"[-1.3103801012039185,-0.005719967186450958,-0.06672151386737823,1.611652135848999,-0.44260168075561523,0.047578584402799606,-0.5899945497512817,-0.08842028677463531,-0.0753413736820221,1.91472327709198,-0.7928342819213867,-0.01959069073200226,-0.008477384224534035,0.04310482740402222,-0.03415542095899582,0.21332044899463654,0.20208989083766937,0.000761050614528358,0.6028841137886047,-0.004968016874045134,0.001245745806954801,-0.006576612591743469,0.19680535793304443,-0.2213248461484909,-0.00586728285998106,0.6016423106193542,-0.004553737584501505,0.003993157763034105,-0.004436708986759186]","[-1.2772191762924194,0.18476538360118866,-0.2036101222038269,1.5368257761001587,-0.588618814945221,-0.12254495173692703,-0.9532582759857178,0.14226661622524261,0.052914585918188095,1.4478672742843628,-0.8376827836036682,0.07762303948402405,0.19714225828647614,0.1457311511039734,-0.19486328959465027,0.11544377356767654,0.17111480236053467,-0.0132709676399827,0.7626894116401672,0.024997791275382042,-0.17263269424438477,0.16021333634853363,0.15306055545806885,-0.2352094054222107,-0.0974842756986618,0.7185288071632385,-0.07318997383117676,-0.13630636036396027,0.006213734392076731]","[-0.8123934268951416,0.16644969582557678,-0.4662289321422577,0.8658051490783691,-0.39302632212638855,-0.23601661622524261,-0.6561025977134705,-0.21933597326278687,-0.6209378242492676,1.7747938632965088,-0.06113499402999878,-0.12879297137260437,-0.19507960975170135,0.260127991437912,-0.3524395227432251,0.06150975823402405,-0.0360243022441864,0.009715884923934937,0.29422491788864136,-0.01618390716612339,0.0824480801820755,-0.017053179442882538,0.2694331109523773,-0.13025514781475067,-0.029902545735239983,0.25743991136550903,-0.047980621457099915,0.054424531757831573,0.016094639897346497]","[-1.4344005584716797,0.971279501914978,-1.0081615447998047,0.857754647731781,-0.1895977109670639,-0.5739983320236206,-1.4688935279846191,1.0449261665344238,-0.735569953918457,0.875892162322998,-0.5917385220527649,-0.11167396605014801,0.5403575897216797,0.909898042678833,-0.659159779548645,-0.047347571700811386,-0.3603002429008484,0.001286596991121769,0.05134766921401024,0.20748168230056763,0.1674441546201706,0.062227457761764526,-0.18898653984069824,-0.5695619583129883,-0.2098173201084137,0.22534094750881195,0.025207556784152985,-0.05021258816123009,-0.011545658111572266]","[-1.7816731929779053,0.927417516708374,-0.6751372218132019,2.781237840652466,0.1734209656715393,-0.0490652471780777,-1.5272454023361206,0.37508440017700195,0.12862907350063324,2.3382070064544678,-0.48504629731178284,0.09536342322826385,0.3881708085536957,0.3520057797431946,-1.0808004140853882,-0.4894756078720093,0.2080676406621933,0.05751362442970276,-0.3605014383792877,0.14205724000930786,-2.393160581588745,2.5520904064178467,-0.4312516152858734,-0.3829078674316406,-0.2753404974937439,-0.46183279156684875,-0.14580494165420532,-2.418980360031128,-0.0022975802421569824]",0.06439054012298584,0.03063032776117325,0.06640937924385071,0.2091236710548401,0.07841897755861282,3.920948877930641,0,0,0,0.4763399660587311,0.4973626136779785,0.9442251920700073,0.5852290391921997,0.9698717594146729,0.9426172971725464,-0.14643479883670807,-0.3482621908187866,-0.0,0.0,0.0,0.0,0.0
64,1.28,64,"[-1.3250577449798584,-0.002366449683904648,-0.0753384679555893,1.6250536441802979,-0.448623389005661,0.041781578212976456,-0.6015243530273438,-0.09260489791631699,-0.08718248456716537,1.944820761680603,-0.7954034209251404,-0.022199111059308052,-0.012391513213515282,0.048218656331300735,-0.04108848795294762,0.21407590806484222,0.20114412903785706,0.0009407803299836814,0.6083773374557495,-0.005382800940424204,0.0029579903930425644,-0.006885762792080641,0.20221078395843506,-0.2239845097064972,-0.006385818589478731,0.6063952445983887,-0.005523472558706999,0.005067215766757727,-0.004105524159967899]","[-1.3025811910629272,0.20047391951084137,-0.2254808247089386,1.549981951713562,-0.5898721814155579,-0.13465774059295654,-0.9800447821617126,0.16078899800777435,0.03663189709186554,1.4630581140518188,-0.8350822925567627,0.07170974463224411,0.2067389190196991,0.165225550532341,-0.20845529437065125,0.11538815498352051,0.16221962869167328,-0.013207241892814636,0.7629695534706116,0.029567766934633255,-0.16984723508358002,0.16117776930332184,0.1520335078239441,-0.24647954106330872,-0.10105521976947784,0.7216840386390686,-0.0713057890534401,-0.1373814344406128,0.005844653118401766]","[-0.6592661142349243,0.1647869497537613,-0.37112051248550415,0.4575997591018677,-0.14772936701774597,-0.28854450583457947,-0.5255118012428284,-0.20073410868644714,-0.5549238920211792,1.2511879205703735,-0.167044997215271,-0.12956145405769348,-0.189855694770813,0.23753131926059723,-0.3328760266304016,0.012694671750068665,-0.05741417407989502,0.00785773154348135,0.24075955152511597,-0.026325125247240067,0.08179549127817154,-0.01689239963889122,0.263599693775177,-0.13099424540996552,-0.019364921376109123,0.20827949047088623,-0.05150417611002922,0.048563722521066666,0.013900630176067352]","[-1.118571400642395,0.6980045437812805,-1.076500654220581,0.5136881470680237,0.014299585483968258,-0.6098593473434448,-1.2066737413406372,0.8226372003555298,-0.8301097750663757,0.6341992616653442,0.46090641617774963,-0.3784647285938263,0.4358407258987427,0.971145749092102,-0.6479959487915039,0.013680956326425076,-0.4744303822517395,0.003971778322011232,-0.0009220633655786514,0.21568666398525238,0.11471235007047653,0.042355015873909,-0.005283713806420565,-0.5400387644767761,-0.17051228880882263,0.1470552384853363,0.10133897513151169,-0.05095308646559715,-0.021304743364453316]","[-1.8817518949508667,0.9192906618118286,-0.6041839718818665,2.8746554851531982,0.01870032399892807,-0.11588636785745621,-1.4725916385650635,0.340279757976532,0.15834607183933258,2.17850399017334,-0.41622573137283325,0.049210142344236374,0.38885748386383057,0.264787882566452,-1.0859990119934082,-0.49453920125961304,0.2577829360961914,0.06925550103187561,-0.4127717912197113,0.1524779200553894,-2.4176862239837646,2.5389254093170166,-0.4375530779361725,-0.4008244276046753,-0.2755283713340759,-0.5067027807235718,-0.13200125098228455,-2.4679198265075684,-0.040240347385406494]",0.06563859432935715,0.03980671614408493,0.06843798607587814,0.2139364629983902,0.08104898780584335,4.052449390292168,0,0,0,0.4757515490055084,0.4954364597797394,0.9417181611061096,0.5686079859733582,0.9720714688301086,0.9761133193969727,-0.054992008954286575,-0.32225725054740906,-0.0,0.0,0.0,0.0,0.0
65,1.3,65,"[-1.3367507457733154,0.0008715105359442532,-0.08156633377075195,1.6299561262130737,-0.4485108554363251,0.03603680431842804,-0.6110150218009949,-0.09644965082406998,-0.09753832966089249,1.964770793914795,-0.7995160818099976,-0.02477314881980419,-0.016071612015366554,0.05260607972741127,-0.04747046157717705,0.21382823586463928,0.19979332387447357,0.001075359876267612,0.6125144958496094,-0.006021021865308285,0.004517565481364727,-0.007252308540046215,0.20734934508800507,-0.22656461596488953,-0.006641879677772522,0.6099734902381897,-0.006613904610276222,0.005935706663876772,-0.003880683798342943]","[-1.3195995092391968,0.2146727442741394,-0.24293294548988342,1.5542619228363037,-0.5843551754951477,-0.1524292528629303,-0.9998143315315247,0.17343023419380188,0.02038973942399025,1.4713704586029053,-0.8164623975753784,0.05439155548810959,0.21354977786540985,0.1825101673603058,-0.22017095983028412,0.1164591908454895,0.1532885581254959,-0.01315071526914835,0.7626350522041321,0.033000651746988297,-0.1682676523923874,0.1618500053882599,0.15255384147167206,-0.2564169466495514,-0.10306483507156372,0.7239623069763184,-0.06661371141672134,-0.13846394419670105,0.005354915279895067]","[-0.510522723197937,0.1392371505498886,-0.2609497010707855,0.07221996784210205,0.24468526244163513,-0.2593153119087219,-0.4321634769439697,-0.19418597221374512,-0.4702868163585663,0.8208930492401123,-0.2264454960823059,-0.1094135046005249,-0.1641898900270462,0.21302784979343414,-0.30471208691596985,-0.02274438738822937,-0.07616877555847168,0.004312802106142044,0.16843676567077637,-0.03593752533197403,0.07520738244056702,-0.019113941118121147,0.25113487243652344,-0.1344136893749237,-0.0050356145948171616,0.13844668865203857,-0.05809393525123596,0.03551296144723892,0.009012897498905659]","[-0.653497576713562,0.7723713517189026,-0.6852394342422485,-0.01992453821003437,0.2735917866230011,-0.8889344930648804,-0.8227075934410095,0.5444080233573914,-0.7669438719749451,0.30600643157958984,0.8957474231719971,-0.7401358485221863,0.26174601912498474,0.8421447277069092,-0.5621867775917053,0.07376263290643692,-0.4322182834148407,5.3203541028779e-05,-0.020804181694984436,0.14904417097568512,0.06526504456996918,0.029491029679775238,0.04411057382822037,-0.47291144728660583,-0.08195053786039352,0.09798004478216171,0.24400284886360168,-0.05440562590956688,-0.026255784556269646]","[-2.0085129737854004,0.8989989161491394,-0.5532099604606628,2.9780075550079346,-0.11948003619909286,-0.1710699200630188,-1.403889536857605,0.3309943974018097,0.21780414879322052,2.0855233669281006,-0.4885668456554413,0.013134803622961044,0.38240689039230347,0.1658654659986496,-1.0346392393112183,-0.5001367926597595,0.2955312132835388,0.06758779287338257,-0.45035699009895325,0.1508825421333313,-2.4546611309051514,2.513472080230713,-0.4373835325241089,-0.418600857257843,-0.2676358222961426,-0.5474554300308228,-0.10532501339912415,-2.5371158123016357,-0.07572153210639954]",0.06702340394258499,0.04606577754020691,0.07044156640768051,0.2168775051832199,0.08463025093078613,4.231512546539307,0,0,0,0.4749584496021271,0.49372753500938416,0.9390809535980225,0.5635293126106262,0.9757224321365356,0.97133868932724,-0.05078636854887009,-0.13605833053588867,-0.0,0.0,0.0,0.0,0.0
66,1.32,66,"[-1.3454786539077759,0.0032030362635850906,-0.08577645570039749,1.627942442893982,-0.4388359785079956,0.03140896558761597,-0.6188108921051025,-0.10037233680486679,-0.10599395632743835,1.9776564836502075,-0.8044612407684326,-0.02657565101981163,-0.018959108740091324,0.056739769876003265,-0.053276970982551575,0.21316613256931305,0.1980973780155182,0.0011132924119010568,0.6151148080825806,-0.006820301990956068,0.0059662857092916965,-0.007650320418179035,0.21225617825984955,-0.22936105728149414,-0.006587243173271418,0.6119331121444702,-0.007847229950129986,0.006487734150141478,-0.003745008260011673]","[-1.3296993970870972,0.22500799596309662,-0.2542005479335785,1.5537217855453491,-0.579659640789032,-0.16313181817531586,-1.0123480558395386,0.18256501853466034,0.00933048129081726,1.4759571552276611,-0.8042426109313965,0.04404382035136223,0.21709248423576355,0.19569994509220123,-0.22992666065692902,0.11823676526546478,0.14596068859100342,-0.01311924122273922,0.7620664834976196,0.03512074425816536,-0.16732355952262878,0.16227838397026062,0.15332050621509552,-0.26505228877067566,-0.10373707860708237,0.7251439690589905,-0.05912771821022034,-0.1397126317024231,0.00474066287279129]","[-0.3356337547302246,0.08574103564023972,-0.16519203782081604,-0.22710859775543213,0.5825221538543701,-0.18587839603424072,-0.31852275133132935,-0.1899791955947876,-0.3900470435619354,0.48359930515289307,-0.2756774425506592,-0.09814245253801346,-0.12064660340547562,0.20498968660831451,-0.26227375864982605,-0.04137791693210602,-0.08879490196704865,0.005174151621758938,0.09910762310028076,-0.04413222149014473,0.06258441507816315,-0.016392000019550323,0.23144185543060303,-0.14582127332687378,0.005210365634411573,0.06373375654220581,-0.05780342221260071,0.015342398546636105,0.009133509360253811]","[-0.4046921730041504,0.42226314544677734,-0.48253244161605835,-0.06379010528326035,0.22269761562347412,-0.37912604212760925,-0.5207310914993286,0.4289582073688507,-0.44004061818122864,0.1884637027978897,0.4348105192184448,-0.42801547050476074,0.13739244639873505,0.5660926103591919,-0.4543735980987549,0.09540063142776489,-0.32601258158683777,0.0021906900219619274,-0.030715562403202057,0.08805938810110092,0.04011652246117592,0.01797802932560444,0.03796030953526497,-0.4048246145248413,-0.01385621726512909,0.03603268042206764,0.37225544452667236,-0.06467504054307938,-0.03195084258913994]","[-2.165055751800537,0.8485696315765381,-0.5262483358383179,3.1038200855255127,-0.24151736497879028,-0.20245255529880524,-1.324462652206421,0.3163965940475464,0.3136017620563507,2.001636028289795,-0.6420629024505615,0.007115703076124191,0.38741156458854675,0.04576442763209343,-0.9317169785499573,-0.5070928335189819,0.32868629693984985,0.05942206084728241,-0.4663514196872711,0.14782404899597168,-2.4930903911590576,2.4693455696105957,-0.43891462683677673,-0.4259924292564392,-0.2447349578142166,-0.5803141593933105,-0.07502302527427673,-2.62149977684021,-0.11085669696331024]",0.06817957013845444,0.04943119361996651,0.07193207740783691,0.2188943773508072,0.08688879758119583,4.344439879059792,0,0,0,0.47425803542137146,0.49267643690109253,0.93700110912323,0.5616738200187683,0.9800871014595032,0.9859517216682434,-0.07334797084331512,-0.013860463164746761,-0.0,0.0,0.0,0.0,0.0
67,1.34,67,"[-1.3501760959625244,0.004301151726394892,-0.0881740152835846,1.6208717823028564,-0.42520996928215027,0.028601668775081635,-0.623755931854248,-0.10404881834983826,-0.11314021050930023,1.9841147661209106,-0.8105431795120239,-0.028698846697807312,-0.020897476002573967,0.06080566719174385,-0.05796141177415848,0.21217311918735504,0.19624152779579163,0.0012823259457945824,0.6164788007736206,-0.0077863107435405254,0.007020941935479641,-0.007907988503575325,0.2166070193052292,-0.23239746689796448,-0.006433465052396059,0.6125228404998779,-0.008926041424274445,0.006549402605742216,-0.003515343414619565]","[-1.3345149755477905,0.2314317226409912,-0.26026520133018494,1.550215721130371,-0.5752804279327393,-0.16803324222564697,-1.0198239088058472,0.18876899778842926,0.0031162314116954803,1.4787375926971436,-0.7997211217880249,0.03710049390792847,0.21823439002037048,0.203896626830101,-0.23755626380443573,0.11992937326431274,0.14108474552631378,-0.01320363488048315,0.761293351650238,0.03655986115336418,-0.16676566004753113,0.1624452769756317,0.15438969433307648,-0.2723170518875122,-0.10370825231075287,0.7252449989318848,-0.05081663280725479,-0.14207084476947784,0.003987305797636509]","[-0.16975998878479004,0.01643878035247326,-0.09019095450639725,-0.4018127918243408,0.6854035258293152,-0.11304142326116562,-0.1892372965812683,-0.18987861275672913,-0.3225671052932739,0.1989990472793579,-0.3257825970649719,-0.10125530511140823,-0.08240612596273422,0.20114630460739136,-0.21942351758480072,-0.04707500338554382,-0.09047351777553558,0.013655680231750011,0.04627257585525513,-0.050476811826229095,0.046306535601615906,-0.010362453758716583,0.2086140215396881,-0.1611117273569107,0.00970102846622467,0.007411837577819824,-0.053880900144577026,-0.004655483644455671,0.014171632938086987]","[-0.16048502922058105,0.30561625957489014,-0.1972166746854782,-0.24727793037891388,0.20531582832336426,-0.19085955619812012,-0.29920902848243713,0.24864129722118378,-0.26261642575263977,0.1032821536064148,0.13044770061969757,-0.31160199642181396,0.028860460966825485,0.34055212140083313,-0.35933735966682434,0.07677068561315536,-0.20239844918251038,-0.0057180095463991165,-0.04146638140082359,0.06521538645029068,0.023193977773189545,0.00464237853884697,0.06693318486213684,-0.34584543108940125,0.007702370639890432,-0.0020835918840020895,0.39085784554481506,-0.1345093995332718,-0.03920292854309082]","[-2.320286750793457,0.7987399697303772,-0.5173119306564331,3.171363592147827,-0.3399834930896759,-0.23511850833892822,-1.2201824188232422,0.28501492738723755,0.4189324975013733,1.9005171060562134,-0.7771617770195007,-0.008151952177286148,0.37834566831588745,-0.06304223835468292,-0.824988842010498,-0.5131181478500366,0.3618263006210327,0.04300950467586517,-0.47906312346458435,0.1446564793586731,-2.5400400161743164,2.4108731746673584,-0.44642096757888794,-0.4233440160751343,-0.212216317653656,-0.6019718647003174,-0.05560119450092316,-2.716681957244873,-0.1492752581834793]",0.06896292418241501,0.05026938393712044,0.07287657260894775,0.2201555222272873,0.08736550807952881,4.36827540397644,0,0,0,0.47380387783050537,0.4923461079597473,0.9356881380081177,0.5612101554870605,0.9839495420455933,0.9896084666252136,-0.06833069771528244,-0.0,-0.0,0.0,0.0,0.0,0.0
68,1.36,68,"[-1.3522690534591675,0.0038605874869972467,-0.08938409388065338,1.6118699312210083,-0.4114198386669159,0.026887308806180954,-0.6263803839683533,-0.10796748101711273,-0.11889664083719254,1.9856164455413818,-0.8174925446510315,-0.03062586300075054,-0.02225535362958908,0.06478562206029892,-0.06205391138792038,0.2112831324338913,0.19447843730449677,0.0016595196211710572,0.6169657111167908,-0.008839374408125877,0.007818547077476978,-0.008064818568527699,0.22060073912143707,-0.23580552637577057,-0.006199202034622431,0.612229585647583,-0.010002465918660164,0.006301514804363251,-0.0031781429424881935]","[-1.3357651233673096,0.23502574861049652,-0.26192930340766907,1.5438209772109985,-0.5701908469200134,-0.17072448134422302,-1.0234915018081665,0.19118793308734894,-0.00045458279782906175,1.4798096418380737,-0.7997373342514038,0.032167404890060425,0.2178645133972168,0.20809583365917206,-0.24354784190654755,0.12087593972682953,0.1385323405265808,-0.013440928421914577,0.7603322267532349,0.03773324936628342,-0.16650904715061188,0.16232770681381226,0.15642113983631134,-0.2790212333202362,-0.1025480180978775,0.7250246405601501,-0.04257607087492943,-0.1467147022485733,0.00313569069840014]","[-0.07148087024688721,-0.051633402705192566,-0.03498252481222153,-0.3265172243118286,0.629734992980957,-0.08526468276977539,-0.0750914216041565,-0.19795727729797363,-0.247307687997818,-0.027930736541748047,-0.3339514136314392,-0.06513959169387817,-0.0661517009139061,0.20842227339744568,-0.17866119742393494,-0.039010122418403625,-0.0837322324514389,0.025739898905158043,0.01554638147354126,-0.05388631299138069,0.0356830433011055,-0.004345807246863842,0.1954890787601471,-0.17891675233840942,0.011924421414732933,-0.02256929874420166,-0.053608208894729614,-0.016843505203723907,0.019947288557887077]","[-0.02849198691546917,0.13691017031669617,-0.03278656676411629,-0.35074079036712646,0.2989386320114136,-0.11265188455581665,-0.14562909305095673,0.06479715555906296,-0.1626565307378769,0.038001347333192825,-0.023597734048962593,-0.25217169523239136,-0.028909722343087196,0.15720534324645996,-0.28516703844070435,0.03675980120897293,-0.09100513905286789,-0.012938451021909714,-0.04913195222616196,0.05555424466729164,0.00867704302072525,-0.009667733684182167,0.11862567812204361,-0.3294403851032257,0.06838862597942352,-0.007732286583632231,0.3799041211605072,-0.24963493645191193,-0.04426892474293709]","[-2.4438204765319824,0.74796062707901,-0.5230367183685303,3.212615489959717,-0.4165995717048645,-0.2533225417137146,-1.1164993047714233,0.24925443530082703,0.5376270413398743,1.8049989938735962,-0.8924095630645752,-0.02813694253563881,0.3655673861503601,-0.14503628015518188,-0.7303381562232971,-0.5176265835762024,0.39293843507766724,0.027935564517974854,-0.4869275689125061,0.14289498329162598,-2.589491367340088,2.3391661643981934,-0.46136993169784546,-0.41289037466049194,-0.18001176416873932,-0.6149461269378662,-0.03900141268968582,-2.8214128017425537,-0.18405009806156158]",0.06946461647748947,0.04942404478788376,0.07339057326316833,0.22075307369232178,0.08774591982364655,4.387295991182327,0,0,0,0.4735525846481323,0.49252933263778687,0.9349821209907532,0.5622130036354065,0.9881049394607544,0.9926153421401978,-0.056701019406318665,-0.0,-0.0,0.0,0.0,0.0,0.0
69,1.3800000000000001,69,"[-1.3530353307724,0.002235815627500415,-0.08957331627607346,1.6078110933303833,-0.400020569562912,0.025191081687808037,-0.6267595887184143,-0.11196710914373398,-0.12303251773118973,1.9829975366592407,-0.8239012360572815,-0.03130443021655083,-0.023543544113636017,0.06914255768060684,-0.06510785967111588,0.2106127142906189,0.19289223849773407,0.00231192191131413,0.6171006560325623,-0.009941763244569302,0.008448263630270958,-0.008081820793449879,0.22442658245563507,-0.23955413699150085,-0.005956488195806742,0.6116200685501099,-0.011070369742810726,0.005875662434846163,-0.0027174518909305334]","[-1.3344343900680542,0.23666270077228546,-0.26105356216430664,1.5342882871627808,-0.5547119975090027,-0.17175306379795074,-1.024585485458374,0.1911597102880478,-0.0028350604698061943,1.4799796342849731,-0.8006748557090759,0.027055880054831505,0.2161506861448288,0.20984826982021332,-0.24788451194763184,0.12198062241077423,0.13825835287570953,-0.013813359662890434,0.7593177556991577,0.038709789514541626,-0.16651694476604462,0.16192249953746796,0.15848030149936676,-0.285574734210968,-0.09952663630247116,0.7247342467308044,-0.03473012521862984,-0.15294794738292694,0.0022372037637978792]","[0.08002519607543945,-0.09988155215978622,0.02601630985736847,-0.2560347318649292,0.47262609004974365,-0.03543207421898842,0.006499886512756348,-0.21465495228767395,-0.19275937974452972,-0.1790761947631836,-0.2934187650680542,-0.09587924182415009,-0.07145176827907562,0.1748979091644287,-0.14175382256507874,-0.04282742738723755,-0.06679743528366089,0.04257415235042572,0.01686960458755493,-0.061555441468954086,0.03426950424909592,-0.00048321671783924103,0.17226934432983398,-0.1836296170949936,0.008686305955052376,-0.02055913209915161,-0.0585382804274559,-0.02855457179248333,0.02378910407423973]","[0.11705311387777328,0.0666428804397583,0.0790145993232727,-0.5369746088981628,1.0278680324554443,-0.017603598535060883,-0.022711914032697678,-0.023827238008379936,-0.09075827896595001,-0.004897234030067921,-0.056192547082901,-0.25334495306015015,-0.09159969538450241,0.0446220301091671,-0.20787343382835388,0.0753912553191185,0.02905402146279812,-0.017810843884944916,-0.05168616399168968,0.045649949461221695,-0.00442926911637187,-0.023762378841638565,0.09854056686162949,-0.3188244104385376,0.1698995679616928,-0.010290051810443401,0.3586246073246002,-0.3145141005516052,-0.04617077112197876]","[-2.536569595336914,0.706282377243042,-0.5312588810920715,3.2387402057647705,-0.4773429036140442,-0.26001274585723877,-1.0160706043243408,0.21553638577461243,0.6583129167556763,1.7075759172439575,-0.9899144172668457,-0.051994744688272476,0.34287890791893005,-0.20936624705791473,-0.6574839353561401,-0.5214008092880249,0.4194128215312958,0.019367769360542297,-0.4908437430858612,0.13716238737106323,-2.6249136924743652,2.257521390914917,-0.48459097743034363,-0.3993867039680481,-0.15113896131515503,-0.6184700727462769,-0.023426726460456848,-2.931910276412964,-0.2075049728155136]",0.06947634369134903,0.047365784645080566,0.07331380248069763,0.2204142063856125,0.08797866106033325,4.398933053016663,0,0,0,0.4736483097076416,0.49306610226631165,0.9351944327354431,0.5655693411827087,0.9898999929428101,0.988288402557373,-0.04673393443226814,-0.0,-0.0,0.0,0.0,0.0,0.0
70,1.4000000000000001,70,"[-1.34906804561615,-0.0001346747885691002,-0.08834344148635864,1.6016285419464111,-0.39251479506492615,0.025470025837421417,-0.626120388507843,-0.11655367910861969,-0.1266070157289505,1.9784533977508545,-0.8292292952537537,-0.03446103259921074,-0.0251134242862463,0.07178153842687607,-0.0677240639925003,0.2095700353384018,0.19180653989315033,0.00336248567327857,0.617640495300293,-0.011301591992378235,0.009189327247440815,-0.008084147237241268,0.22749151289463043,-0.2431507110595703,-0.005851749796420336,0.6114072203636169,-0.0123439971357584,0.005159331951290369,-0.0022265787702053785]","[-1.3309487104415894,0.23586992919445038,-0.25842270255088806,1.5257583856582642,-0.5450100898742676,-0.1719864159822464,-1.0234404802322388,0.18892042338848114,-0.0034736995585262775,1.479546070098877,-0.8023258447647095,0.02225377783179283,0.21237020194530487,0.20889584720134735,-0.2505364418029785,0.1241617202758789,0.14055195450782776,-0.014272652566432953,0.7581191062927246,0.03940388560295105,-0.16670013964176178,0.160769522190094,0.15958362817764282,-0.2912460267543793,-0.09501791000366211,0.7245610952377319,-0.02712763100862503,-0.15996959805488586,0.0012934039114043117]","[0.29489994049072266,-0.13948434591293335,0.061957165598869324,-0.3563880920410156,0.31394362449645996,0.03436622396111488,0.07167309522628784,-0.2081921398639679,-0.14604759216308594,-0.3364861011505127,-0.21692514419555664,-0.14529265463352203,-0.10546083003282547,0.12568478286266327,-0.08892081677913666,-0.07280372083187103,-0.04982464015483856,0.058652687817811966,0.03480762243270874,-0.06629659235477448,0.030963752418756485,0.002339598722755909,0.13860687613487244,-0.18213093280792236,-0.0006623449735343456,-0.012445449829101562,-0.059010881930589676,-0.038653403520584106,0.023008249700069427]","[0.1894274353981018,-0.07548180222511292,0.15935087203979492,-0.3857516348361969,0.2570628821849823,-0.005885278340429068,0.09023342281579971,-0.15048174560070038,-0.010716556571424007,-0.0367659255862236,-0.09370733797550201,-0.22988192737102509,-0.22031202912330627,-0.09307622164487839,-0.11151706427335739,0.12188507616519928,0.15819159150123596,-0.020795881748199463,-0.05594230070710182,0.02974608913064003,-0.010309870354831219,-0.06232697144150734,0.03766334056854248,-0.2568509876728058,0.2292676866054535,-0.003121043322607875,0.35081854462623596,-0.34125393629074097,-0.04848049581050873]","[-2.618865489959717,0.6637016534805298,-0.5299280881881714,3.251607656478882,-0.5494509339332581,-0.2636868357658386,-0.9014448523521423,0.17732203006744385,0.7643373608589172,1.6051501035690308,-1.093476414680481,-0.08029599487781525,0.3201449513435364,-0.2718583643436432,-0.5966066718101501,-0.5273643136024475,0.43823641538619995,0.016846127808094025,-0.4948578476905823,0.12453643232584,-2.644865036010742,2.162790060043335,-0.5106552839279175,-0.3866748809814453,-0.12627848982810974,-0.6140375137329102,-0.006795793771743774,-3.040231466293335,-0.21007047593593597]",0.06927646696567535,0.04532801732420921,0.07284288108348846,0.21957266330718994,0.08817259222269058,4.408629611134529,0,0,0,0.47390303015708923,0.49360156059265137,0.9360174536705017,0.5701985359191895,0.9909959435462952,0.9906081557273865,-0.04669554904103279,-0.0,-0.0,0.0,0.0,0.0,0.0
71,1.42,71,"[-1.341239333152771,-0.0033435579389333725,-0.08709502965211868,1.5935555696487427,-0.3874628245830536,0.026565730571746826,-0.6238926649093628,-0.12029479444026947,-0.12887442111968994,1.9695380926132202,-0.8325782418251038,-0.03711613640189171,-0.027761977165937424,0.07416994869709015,-0.06866469234228134,0.20770056545734406,0.19089925289154053,0.004658029414713383,0.6184929609298706,-0.012593626976013184,0.009686813689768314,-0.007988236844539642,0.22997085750102997,-0.24683937430381775,-0.0059829819947481155,0.6111222505569458,-0.013430804945528507,0.0043295263312757015,-0.001797121949493885]","[-1.3250843286514282,0.23134104907512665,-0.2544102668762207,1.5174684524536133,-0.5429127216339111,-0.17172257602214813,-1.018896460533142,0.18341068923473358,-0.0031263011042028666,1.4776865243911743,-0.8048447370529175,0.01822724938392639,0.20587576925754547,0.20575982332229614,-0.25151634216308594,0.12673445045948029,0.14470237493515015,-0.01486082375049591,0.7571491003036499,0.0397583544254303,-0.1668856143951416,0.15823818743228912,0.16027460992336273,-0.295722633600235,-0.08975671976804733,0.7245463132858276,-0.019010121002793312,-0.1669045239686966,0.0003485417691990733]","[0.516548752784729,-0.1710835099220276,0.04477351903915405,-0.5053162574768066,0.15260428190231323,0.07348493486642838,0.19612759351730347,-0.160332590341568,-0.09917318820953369,-0.647464394569397,-0.06837248802185059,-0.16223928332328796,-0.1604107767343521,0.10173115879297256,0.013686716556549072,-0.12566335499286652,-0.047200918197631836,0.06880344450473785,0.04922151565551758,-0.06705818325281143,0.02299640327692032,0.011641590856015682,0.11186935007572174,-0.17707198858261108,-0.011358526535332203,-0.018329918384552002,-0.05246172845363617,-0.054180409759283066,0.022812042385339737]","[0.3331332206726074,-0.2652624249458313,0.2234489619731903,-0.42498597502708435,0.06020848825573921,0.023503364995121956,0.29509612917900085,-0.31831666827201843,0.025138387456536293,-0.13549230992794037,-0.13736294209957123,-0.1831664890050888,-0.3484344184398651,-0.182646706700325,-0.02799646556377411,0.1343677043914795,0.229010209441185,-0.026275329291820526,-0.04770636558532715,0.012119575403630733,-0.009476988576352596,-0.13247455656528473,0.029284372925758362,-0.20095767080783844,0.2597416341304779,0.005354657303541899,0.38185009360313416,-0.321828693151474,-0.047021664679050446]","[-2.648620843887329,0.6077465415000916,-0.5145101547241211,3.205496072769165,-0.5598184466362,-0.251238077878952,-0.7798922657966614,0.1301366090774536,0.863029420375824,1.471945881843567,-1.1424788236618042,-0.1019333004951477,0.298007994890213,-0.3115423917770386,-0.5574860572814941,-0.5360210537910461,0.4562360644340515,0.011029087007045746,-0.5004608035087585,0.11134252697229385,-2.663320302963257,2.0641424655914307,-0.5480220317840576,-0.3831323981285095,-0.10470321774482727,-0.6163531541824341,0.015009062364697456,-3.131202220916748,-0.19719673693180084]",0.06868453323841095,0.04221475496888161,0.07182010263204575,0.2176847755908966,0.08796826004981995,4.398413002490997,0,0,0,0.47450336813926697,0.49440884590148926,0.9377357363700867,0.5775017738342285,0.9873915314674377,0.98630291223526,-0.039549604058265686,-0.019881725311279297,-0.0,0.0,0.0,0.0,0.0
72,1.44,72,"[-1.3284060955047607,-0.006978014949709177,-0.08655250072479248,1.5814158916473389,-0.3864106237888336,0.028409423306584358,-0.6182752847671509,-0.12296698242425919,-0.13057394325733185,1.9525548219680786,-0.8319641947746277,-0.040950603783130646,-0.031529854983091354,0.07585078477859497,-0.06717659533023834,0.20454350113868713,0.18991850316524506,0.006114623509347439,0.6196093559265137,-0.01398391928523779,0.010109183378517628,-0.007618483621627092,0.2319662868976593,-0.25023359060287476,-0.006306090857833624,0.6106740236282349,-0.01444246619939804,0.002992115681990981,-0.0013140970841050148]","[-1.3143248558044434,0.2229490727186203,-0.24883447587490082,1.5067238807678223,-0.5418306589126587,-0.17081689834594727,-1.0085796117782593,0.17432008683681488,-0.0019361951854079962,1.4728596210479736,-0.8081278204917908,0.015325319953262806,0.19687223434448242,0.20100709795951843,-0.24975775182247162,0.12925973534584045,0.14964784681797028,-0.015546529553830624,0.756221354007721,0.03979906067252159,-0.16702900826931,0.1543985903263092,0.16095876693725586,-0.29910391569137573,-0.08396105468273163,0.7246446013450623,-0.01041188184171915,-0.17298230528831482,-0.0005325906095094979]","[0.7431566715240479,-0.20574021339416504,0.057098641991615295,-0.7008939981460571,0.11004433035850525,0.1828623116016388,0.3627464175224304,-0.08074529469013214,-0.048042088747024536,-1.108616590499878,0.1625746488571167,-0.1760067492723465,-0.19827625155448914,0.060702674090862274,0.1355009227991104,-0.1810956746339798,-0.05192495882511139,0.07387425750494003,0.050520896911621094,-0.06894771754741669,0.013696495443582535,0.01996486634016037,0.08064396679401398,-0.1557372510433197,-0.015169603750109673,-0.03224015235900879,-0.04702448099851608,-0.07803939282894135,0.023482946678996086]","[0.6036632657051086,-0.44913211464881897,0.3104488253593445,-0.5821658968925476,0.0748065784573555,0.05639823153614998,0.604856550693512,-0.4943472743034363,0.07333528250455856,-0.3142218291759491,-0.16825632750988007,-0.1238735243678093,-0.4663604497909546,-0.2626621127128601,0.1036124974489212,0.1385451704263687,0.25495535135269165,-0.02938382513821125,-0.046077847480773926,-0.0027828316669911146,-0.007346624042838812,-0.19229541718959808,0.02857464924454689,-0.14482569694519043,0.2883230745792389,0.011842528358101845,0.4010730981826782,-0.2654561996459961,-0.04286494478583336]","[-2.6386632919311523,0.541688859462738,-0.4805794358253479,3.1210036277770996,-0.5488340258598328,-0.2306712120771408,-0.6661706566810608,0.07381414622068405,0.9611057043075562,1.3029695749282837,-1.1432684659957886,-0.11680188775062561,0.26948633790016174,-0.35000336170196533,-0.5187139511108398,-0.5373716354370117,0.4718245565891266,0.006426498293876648,-0.5071267485618591,0.10118023306131363,-2.6731784343719482,1.957465410232544,-0.5892821550369263,-0.383928120136261,-0.08476898074150085,-0.6214984655380249,0.03633171319961548,-3.2042648792266846,-0.18338511884212494]",0.0673830509185791,0.03870890289545059,0.06998631358146667,0.21454410254955292,0.0871763676404953,4.358818382024765,0,0,0,0.4756661057472229,0.4953015148639679,0.9406970739364624,0.5884028077125549,0.977663516998291,0.9795955419540405,-0.04579625278711319,-0.05271255970001221,-0.0,0.0,0.0,0.0,0.0
73,1.46,73,"[-1.311513066291809,-0.011573166586458683,-0.08481108397245407,1.5655198097229004,-0.3830610513687134,0.03388022258877754,-0.6093828082084656,-0.12352460622787476,-0.13079610466957092,1.925193428993225,-0.8260752558708191,-0.044156406074762344,-0.03569302707910538,0.07659805566072464,-0.06324465572834015,0.20045673847198486,0.18882225453853607,0.007612999528646469,0.6205137968063354,-0.015351535752415657,0.010234673507511616,-0.007189642172306776,0.23319661617279053,-0.25306886434555054,-0.006589766126126051,0.6098326444625854,-0.015311784110963345,0.001207950757816434,-0.0008578040869906545]","[-1.2963734865188599,0.2110675424337387,-0.24048174917697906,1.4913651943206787,-0.5396387577056885,-0.1692771315574646,-0.9910796284675598,0.1616654396057129,0.0011401697993278503,1.4636503458023071,-0.811383068561554,0.013006554916501045,0.18575766682624817,0.1938367635011673,-0.24417273700237274,0.13161616027355194,0.15484817326068878,-0.01627517119050026,0.75527423620224,0.03964054957032204,-0.16711272299289703,0.1494404375553131,0.16164171695709229,-0.30117267370224,-0.07753598690032959,0.7247440814971924,-0.001653609098866582,-0.17796459794044495,-0.0013315322576090693]","[1.0287702083587646,-0.22766026854515076,0.10232832282781601,-1.0375678539276123,0.22768303751945496,0.31037262082099915,0.5488529801368713,0.016018934547901154,0.033974647521972656,-1.6637831926345825,0.4155963659286499,-0.18136277794837952,-0.20140419900417328,-0.007959268987178802,0.2572854161262512,-0.2215847373008728,-0.049404799938201904,0.07563433796167374,0.03221333026885986,-0.06306388229131699,-0.0008146045729517937,0.02863210439682007,0.0304248183965683,-0.11663660407066345,-0.01511555165052414,-0.058420002460479736,-0.03387755900621414,-0.09746495634317398,0.02251310646533966]","[0.9892382025718689,-0.6214795112609863,0.4744926393032074,-0.8423209190368652,0.15232957899570465,0.08823700249195099,0.9796423316001892,-0.6585584878921509,0.19081969559192657,-0.5622954964637756,-0.1148785650730133,-0.18516720831394196,-0.5694733262062073,-0.40490639209747314,0.30561894178390503,0.1338004767894745,0.2623164653778076,-0.030739570036530495,-0.046835798770189285,-0.010812276042997837,-0.0043981741182506084,-0.2437436282634735,0.0281596127897501,-0.07529114186763763,0.32465746998786926,0.010416537523269653,0.40497443079948425,-0.2131040245294571,-0.03860773518681526]","[-2.6043999195098877,0.4664731025695801,-0.4260078966617584,3.0003535747528076,-0.525802731513977,-0.20876578986644745,-0.572778582572937,0.007098071277141571,1.043709635734558,1.1078969240188599,-1.1018720865249634,-0.12156914174556732,0.2412610948085785,-0.3896408975124359,-0.4662332534790039,-0.533111572265625,0.483341783285141,0.0037648677825927734,-0.5141449570655823,0.09679172188043594,-2.66802716255188,1.8418034315109253,-0.6314505338668823,-0.38728272914886475,-0.0653306096792221,-0.6298537254333496,0.05640580505132675,-3.2620174884796143,-0.1762567013502121]",0.0652237981557846,0.035308584570884705,0.06724006682634354,0.21012668311595917,0.08624275773763657,4.312137886881828,0,0,0,0.47743743658065796,0.4961633086204529,0.9449397921562195,0.6034138798713684,0.961155891418457,0.9692636132240295,-0.054970644414424896,-0.08526504039764404,-0.0,0.0,0.0,0.0,0.0
74,1.48,74,"[-1.2872552871704102,-0.016084425151348114,-0.08245936781167984,1.5399131774902344,-0.3773033022880554,0.04082432761788368,-0.596321165561676,-0.12232622504234314,-0.12921495735645294,1.8860034942626953,-0.8153403401374817,-0.048205114901065826,-0.03958602249622345,0.07553241401910782,-0.05688517913222313,0.19568011164665222,0.18794231116771698,0.009139996953308582,0.6208978891372681,-0.01650647446513176,0.010076599195599556,-0.006473199464380741,0.23318327963352203,-0.2548990547657013,-0.0069107129238545895,0.6083372235298157,-0.0157975684851408,-0.0009064824553206563,-0.00041357288137078285]","[-1.2707667350769043,0.19637426733970642,-0.22850191593170166,1.4695804119110107,-0.5357950329780579,-0.16701188683509827,-0.9661012291908264,0.14521168172359467,0.007103273179382086,1.4481945037841797,-0.8134361505508423,0.01563311368227005,0.1730380803346634,0.18392795324325562,-0.2350456714630127,0.13412274420261383,0.15973550081253052,-0.01701088808476925,0.7542893886566162,0.03945515304803848,-0.16711510717868805,0.14347000420093536,0.16222591698169708,-0.3020796477794647,-0.07023220509290695,0.7248235940933228,0.006757712457329035,-0.18178632855415344,-0.002058746526017785]","[1.4070242643356323,-0.2140260636806488,0.17617642879486084,-1.5927791595458984,0.35367831587791443,0.3752286732196808,0.7797718048095703,0.12204684317111969,0.1482425332069397,-2.2891461849212646,0.6339401006698608,-0.17978447675704956,-0.1644158810377121,-0.08763093501329422,0.3765121102333069,-0.24940073490142822,-0.04316605627536774,0.07106461375951767,-0.004029273986816406,-0.04607555642724037,-0.020452287048101425,0.040409937500953674,-0.040731579065322876,-0.0687234103679657,-0.01903645507991314,-0.09484738111495972,-0.009414576925337315,-0.10802024602890015,0.019217655062675476]","[1.350749135017395,-0.7339456081390381,0.6551189422607422,-1.1919522285461426,0.2467362880706787,0.12168863415718079,1.3409332036972046,-0.8624227643013,0.3342687487602234,-0.9067659974098206,-0.0822426900267601,0.3255822956562042,-0.6284818649291992,-0.5305173397064209,0.4605781137943268,0.15081089735031128,0.23438887298107147,-0.029542502015829086,-0.04900205507874489,-0.009760805405676365,-0.00021968355576973408,-0.2909323275089264,0.019146990031003952,-0.027098681777715683,0.37615135312080383,0.00963895209133625,0.38372403383255005,-0.1587931364774704,-0.035002145916223526]","[-2.553424835205078,0.39235472679138184,-0.35425665974617004,2.8449079990386963,-0.494909405708313,-0.18710805475711823,-0.498863160610199,-0.072989322245121,1.0997191667556763,0.8858703970909119,-1.0408040285110474,-0.10547219216823578,0.22021469473838806,-0.4225533902645111,-0.40108048915863037,-0.527990996837616,0.4889127016067505,0.002814479172229767,-0.5240997076034546,0.10026729851961136,-2.6501431465148926,1.7154415845870972,-0.6759480834007263,-0.3951486349105835,-0.04559014365077019,-0.6456190347671509,0.07311101257801056,-3.305177927017212,-0.17891927063465118]",0.06232302635908127,0.03327830135822296,0.06362288445234299,0.2043931633234024,0.08541813492774963,4.270906746387482,0,0,0,0.47967013716697693,0.4967106878757477,0.9501698613166809,0.6227356195449829,0.9404280185699463,0.9540799856185913,-0.0670912116765976,-0.10579586029052734,-0.0,0.0,0.0,0.0,0.0
75,1.5,75,"[-1.2552320957183838,-0.020134208723902702,-0.07776402682065964,1.5018086433410645,-0.3689139187335968,0.048889368772506714,-0.5781919360160828,-0.11864273250102997,-0.12486640363931656,1.8336275815963745,-0.8007176518440247,-0.05134778469800949,-0.04226966202259064,0.07309281826019287,-0.048184171319007874,0.19048070907592773,0.18709561228752136,0.010455584153532982,0.6203526258468628,-0.017194557934999466,0.009416582062840462,-0.0055732447654008865,0.2315673530101776,-0.25581780076026917,-0.007351224310696125,0.6060387492179871,-0.015688367187976837,-0.0031128590926527977,-8.90978699317202e-05]","[-1.2374329566955566,0.17989473044872284,-0.21259497106075287,1.4367763996124268,-0.5202569961547852,-0.16121092438697815,-0.9333377480506897,0.12612882256507874,0.013765551149845123,1.425036907196045,-0.8141806125640869,0.015468432568013668,0.15976454317569733,0.1728406399488449,-0.22276128828525543,0.13708503544330597,0.16323170065879822,-0.017757022753357887,0.7531859278678894,0.0393964946269989,-0.16702373325824738,0.13649438321590424,0.1627158671617508,-0.3027211129665375,-0.06208289787173271,0.7248009443283081,0.014790141955018044,-0.18471693992614746,-0.0027410516049712896]","[1.8199920654296875,-0.20115934312343597,0.2962647080421448,-2.4096429347991943,0.5145944952964783,0.3487263023853302,1.0706603527069092,0.22193212807178497,0.28862878680229187,-2.992504835128784,0.9006425738334656,-0.11714278161525726,-0.06927382200956345,-0.14366209506988525,0.5264219045639038,-0.2774182856082916,-0.05162470042705536,0.05383295938372612,-0.05837380886077881,-0.023964978754520416,-0.04902591556310654,0.04132409766316414,-0.1498013734817505,-0.02447068691253662,-0.03181315213441849,-0.1301407814025879,0.016771746799349785,-0.11003611236810684,-0.0026017690543085337]","[1.732818365097046,-0.8264853954315186,0.8271179795265198,-1.6119722127914429,0.4578644633293152,0.2453685849905014,1.7114768028259277,-0.9955499172210693,0.3679332435131073,-1.2989007234573364,0.005451616365462542,0.02310691401362419,-0.6465190649032593,-0.5879741311073303,0.5986021757125854,0.18300695717334747,0.15179844200611115,-0.02877979353070259,-0.05202097073197365,-0.0015674039022997022,0.004584720358252525,-0.33897337317466736,0.012504608370363712,-0.018811896443367004,0.4129985272884369,0.008992156945168972,0.36634644865989685,-0.11740679293870926,-0.03360680118203163]","[-2.4691619873046875,0.3183237612247467,-0.2742949426174164,2.64953875541687,-0.4513486623764038,-0.16757354140281677,-0.4413573741912842,-0.1548260748386383,1.1136201620101929,0.6670563817024231,-0.9695332646369934,-0.1108727753162384,0.20766331255435944,-0.4360756278038025,-0.33507978916168213,-0.5211054086685181,0.48250505328178406,0.002710506319999695,-0.5396169424057007,0.10889504104852676,-2.6278810501098633,1.5747910737991333,-0.7215750217437744,-0.3993312120437622,-0.023449312895536423,-0.6709929704666138,0.08970490097999573,-3.3358962535858154,-0.18187640607357025]",0.0588562972843647,0.0344674326479435,0.05916279926896095,0.1969822496175766,0.08511538803577423,4.2557694017887115,0,0,0,0.48216184973716736,0.4965935945510864,0.9560985565185547,0.647101640701294,0.9163711071014404,0.9469071626663208,-0.07622402906417847,-0.11324048042297363,-0.0,0.0,0.0,0.0,0.0
76,1.52,76,"[-1.2144556045532227,-0.024130798876285553,-0.07060877978801727,1.4435274600982666,-0.3567195236682892,0.05477337911725044,-0.5534947514533997,-0.11344894021749496,-0.11766980588436127,1.766303300857544,-0.7793146371841431,-0.052890826016664505,-0.04235697537660599,0.06978593021631241,-0.035828303545713425,0.184583380818367,0.18587732315063477,0.011293315328657627,0.6185629367828369,-0.017465073615312576,0.008115562610328197,-0.004820235539227724,0.22719122469425201,-0.25587788224220276,-0.00818323902785778,0.6031315922737122,-0.015126698650419712,-0.005307926796376705,-0.0005176436388865113]","[-1.1972193717956543,0.16216756403446198,-0.19374646246433258,1.4005120992660522,-0.5146936178207397,-0.15594983100891113,-0.8935200572013855,0.10315646231174469,0.022879255935549736,1.392592191696167,-0.8107326030731201,0.028072215616703033,0.14640671014785767,0.1596449315547943,-0.20787584781646729,0.14026318490505219,0.16528648138046265,-0.018425364047288895,0.7520120739936829,0.03954123333096504,-0.16687652468681335,0.1285799741744995,0.16308200359344482,-0.3029130697250366,-0.053299326449632645,0.7247472405433655,0.022139228880405426,-0.18705567717552185,-0.003396117826923728]","[2.2029848098754883,-0.1516103744506836,0.3959313929080963,-3.3167989253997803,0.634552538394928,0.24481527507305145,1.371045470237732,0.3335125744342804,0.40982067584991455,-3.7057876586914062,1.1755287647247314,-0.026778504252433777,0.08888803422451019,-0.16226433217525482,0.6680604815483093,-0.29178112745285034,-0.07186196744441986,0.018376043066382408,-0.11991113424301147,0.00885198824107647,-0.06724875420331955,0.03363417834043503,-0.28741955757141113,0.013568997383117676,-0.04418604075908661,-0.15894323587417603,0.046321168541908264,-0.09465645998716354,-0.021576663479208946]","[2.053086996078491,-0.8593454360961914,1.0088443756103516,-1.9085335731506348,0.25837185978889465,0.2930050492286682,2.0546529293060303,-1.1588432788848877,0.4219096899032593,-1.769503116607666,0.16056087613105774,0.35764068365097046,-0.6353755593299866,-0.6830300688743591,0.7162871360778809,0.18734300136566162,0.0726708397269249,-0.02467680722475052,-0.05788836255669594,0.009173239581286907,0.006317229010164738,-0.3821859657764435,0.007848725654184818,-0.009254672564566135,0.44582438468933105,0.0006485694320872426,0.33068883419036865,-0.09816896915435791,-0.03174930438399315]","[-2.3855581283569336,0.2602740228176117,-0.19587227702140808,2.4454081058502197,-0.41553983092308044,-0.1463252604007721,-0.381015419960022,-0.2487843632698059,1.1179970502853394,0.4714391231536865,-0.8721727728843689,-0.096342071890831,0.20761476457118988,-0.43338167667388916,-0.2511310577392578,-0.5125746726989746,0.46742263436317444,0.005590461194515228,-0.5513109564781189,0.11853189021348953,-2.627167224884033,1.4278324842453003,-0.7487509846687317,-0.3978949785232544,-0.006630793213844299,-0.702020525932312,0.1025754064321518,-3.3682854175567627,-0.1837942749261856]",0.05486663803458214,0.03355056792497635,0.054213859140872955,0.1899433434009552,0.08562200516462326,4.281100258231163,0,0,0,0.48477938771247864,0.4968969523906708,0.9615931510925293,0.6714575290679932,0.8916875123977661,0.9298218488693237,-0.07637602090835571,-0.07876038551330566,-0.0,0.0,0.0,0.0,0.0
77,1.54,77,"[-1.1671127080917358,-0.026198623701930046,-0.06192677095532417,1.3691366910934448,-0.3435318171977997,0.05868197977542877,-0.5233501195907593,-0.10530222952365875,-0.10847357660531998,1.6853960752487183,-0.7536965012550354,-0.05241892486810684,-0.03871414065361023,0.06660224497318268,-0.02146175317466259,0.17880946397781372,0.18422113358974457,0.011190625838935375,0.6155561804771423,-0.016840478405356407,0.00672663189470768,-0.004227877594530582,0.22007057070732117,-0.25527504086494446,-0.00911866594105959,0.59968101978302,-0.01383552048355341,-0.0068991174921393394,-0.0009521644096821547]","[-1.151452660560608,0.14373506605625153,-0.17068105936050415,1.3561997413635254,-0.5083605051040649,-0.14854061603546143,-0.8475731611251831,0.07810083031654358,0.03168025612831116,1.3501745462417603,-0.8046286702156067,0.024404795840382576,0.13423030078411102,0.1449449509382248,-0.1913241297006607,0.14343005418777466,0.16525816917419434,-0.019011542201042175,0.7506688237190247,0.040028274059295654,-0.16677822172641754,0.12010546773672104,0.1633036583662033,-0.30319827795028687,-0.045091211795806885,0.724484384059906,0.028599390760064125,-0.18917644023895264,-0.00404572207480669]","[2.4876177310943604,-0.06721644103527069,0.48410046100616455,-3.9562582969665527,0.8420094847679138,0.1449640840291977,1.6494929790496826,0.42308366298675537,0.514577329158783,-4.363182067871094,1.3885334730148315,0.061767082661390305,0.2512437403202057,-0.18315613269805908,0.7263894081115723,-0.2687491476535797,-0.09255371987819672,-0.03536413609981537,-0.17750561237335205,0.0500965416431427,-0.07209177315235138,0.020625628530979156,-0.4144165813922882,0.051052868366241455,-0.048998184502124786,-0.1803085207939148,0.08264444768428802,-0.059434760361909866,-0.030846375972032547]","[2.30265474319458,-0.8922469615936279,1.2295407056808472,-2.3404924869537354,0.3979223668575287,0.4302966594696045,2.3292899131774902,-1.2952876091003418,0.48142996430397034,-2.30889630317688,0.46685585379600525,0.03123127855360508,-0.5519484281539917,-0.7387980222702026,0.7857975959777832,0.18544380366802216,-0.04263613373041153,-0.021135225892066956,-0.06959801912307739,0.02865014597773552,0.0019063379149883986,-0.4053686559200287,-0.0009266901179216802,-0.01778586581349373,0.3812379539012909,-0.011337694711983204,0.28937503695487976,-0.09395460784435272,-0.032401762902736664]","[-2.2949774265289307,0.2061079889535904,-0.12442540377378464,2.217519521713257,-0.37879616022109985,-0.1175508201122284,-0.3188491463661194,-0.3386067748069763,1.0929096937179565,0.32526692748069763,-0.7503857612609863,-0.10722601413726807,0.21580511331558228,-0.410119891166687,-0.1801614761352539,-0.5005912780761719,0.4493368864059448,0.0057128071784973145,-0.5598370432853699,0.13754701614379883,-2.654334306716919,1.2956314086914062,-0.7630159258842468,-0.39212262630462646,0.0024392791092395782,-0.7360208034515381,0.11319170147180557,-3.3912224769592285,-0.17293597757816315]",0.050850674510002136,0.03521518409252167,0.04885333031415939,0.18300460278987885,0.08703569322824478,4.351784661412239,0,0,0,0.487185001373291,0.49658864736557007,0.9666113257408142,0.6979340314865112,0.8759762048721313,0.9183257818222046,-0.0731152594089508,-0.017721056938171387,-0.0,0.0,0.0,0.0,0.0
78,1.56,78,"[-1.1149508953094482,-0.02681945636868477,-0.05124476179480553,1.2852771282196045,-0.32303914427757263,0.06057194247841835,-0.48751503229141235,-0.09652559459209442,-0.09708671271800995,1.5917760133743286,-0.7237733006477356,-0.05042014271020889,-0.032307226210832596,0.062459684908390045,-0.006772727705538273,0.17383341491222382,0.1821751743555069,0.009878749959170818,0.6114627122879028,-0.015461212024092674,0.005231891758739948,-0.003995210397988558,0.21061456203460693,-0.2538357675075531,-0.010143166407942772,0.5959192514419556,-0.011820920743048191,-0.007685317192226648,-0.0017514986684545875]","[-1.1024852991104126,0.12688417732715607,-0.14346244931221008,1.3019603490829468,-0.49036452174186707,-0.1377585083246231,-0.796995222568512,0.05006086826324463,0.04103129357099533,1.297026515007019,-0.7942060828208923,0.0403590090572834,0.12490412592887878,0.1307016909122467,-0.17430882155895233,0.14699876308441162,0.16310706734657288,-0.0194377601146698,0.7488824129104614,0.041435606777668,-0.16688305139541626,0.11157374829053879,0.1633303463459015,-0.30360448360443115,-0.03869274631142616,0.7238233685493469,0.03451094031333923,-0.1912619173526764,-0.004642187152057886]","[2.6772916316986084,0.01153312623500824,0.6168801188468933,-4.3111443519592285,1.196332335472107,0.11922251433134079,1.9480429887771606,0.42034053802490234,0.6470827460289001,-4.960960388183594,1.6452745199203491,0.12536244094371796,0.3689546287059784,-0.24746684730052948,0.655639111995697,-0.1989610493183136,-0.1022040843963623,-0.10159282386302948,-0.22516697645187378,0.08766172081232071,-0.07467924058437347,-0.0020308070816099644,-0.48999080061912537,0.09145885705947876,-0.05179671570658684,-0.1867726445198059,0.11424101144075394,-0.012937583960592747,-0.05112527310848236]","[2.412325620651245,-0.7673604488372803,1.3992701768875122,-2.8458337783813477,1.2254067659378052,0.5966364741325378,2.542598009109497,-1.3765562772750854,0.42376255989074707,-2.8397152423858643,0.6075736880302429,1.0710692405700684,-0.3810192346572876,-0.6769894957542419,0.7895203232765198,0.2238609939813614,-0.13358449935913086,-0.012058326043188572,-0.11383891850709915,0.07707685232162476,-0.01134764589369297,-0.4038061201572418,-0.011060635559260845,-0.017857449129223824,0.28571876883506775,-0.03470773249864578,0.2686934471130371,-0.09753961116075516,-0.027985289692878723]","[-2.221531629562378,0.17838305234909058,-0.07381872087717056,2.0235249996185303,-0.33833345770835876,-0.0938379168510437,-0.24866996705532074,-0.425582617521286,1.0650774240493774,0.23920688033103943,-0.5856037735939026,-0.10240915417671204,0.22135624289512634,-0.3985549807548523,-0.12368960678577423,-0.48700374364852905,0.4290080666542053,0.01337890699505806,-0.5596804022789001,0.16032317280769348,-2.699500799179077,1.182580590248108,-0.7509433627128601,-0.38141387701034546,0.007645055651664734,-0.7557460069656372,0.12461011111736298,-3.4026541709899902,-0.1417427808046341]",0.04729847237467766,0.03940917178988457,0.04326658695936203,0.1761932522058487,0.08812721073627472,4.406360536813736,0,0,0,0.4890874922275543,0.49555882811546326,0.9706836938858032,0.7245288491249084,0.8705414533615112,0.9147922396659851,-0.05883242189884186,-0.0,-0.0,0.0,0.0,0.0,0.0
79,1.58,79,"[-1.0600210428237915,-0.025737298652529716,-0.03725156560540199,1.1966909170150757,-0.2956785261631012,0.0634508803486824,-0.44542840123176575,-0.0884886085987091,-0.0825902670621872,1.4869576692581177,-0.6878855228424072,-0.04740442708134651,-0.02395595610141754,0.05670357123017311,0.004763810429722071,0.17085102200508118,0.18013297021389008,0.0071269129402935505,0.6065495014190674,-0.013334009796380997,0.0037394624669104815,-0.004309109877794981,0.2004709392786026,-0.2516166865825653,-0.011190534569323063,0.5922101140022278,-0.009265880100429058,-0.007416620850563049,-0.0029971753247082233]","[-1.0520312786102295,0.11049102991819382,-0.11347072571516037,1.2432870864868164,-0.47319990396499634,-0.1253359615802765,-0.7452244758605957,0.020529039204120636,0.04953299090266228,1.230946660041809,-0.7410845160484314,0.052042070776224136,0.11805099993944168,0.11404318362474442,-0.15776778757572174,0.15130862593650818,0.16149553656578064,-0.01964021846652031,0.7462679147720337,0.045459847897291183,-0.16721569001674652,0.1035585030913353,0.163287952542305,-0.30363523960113525,-0.032496411353349686,0.7220245003700256,0.03904116898775101,-0.19298402965068817,-0.004948922898620367]","[2.7426512241363525,0.12388914078474045,0.7754005193710327,-4.59720516204834,1.449507474899292,0.18095290660858154,2.238290786743164,0.3934996426105499,0.8160269260406494,-5.3719401359558105,1.8991336822509766,0.17558355629444122,0.49761298298835754,-0.3517133295536041,0.4168802499771118,-0.05282163619995117,-0.06558038294315338,-0.16685214638710022,-0.26128143072128296,0.12737391889095306,-0.0681244432926178,-0.02332645282149315,-0.48365482687950134,0.14411062002182007,-0.04679490998387337,-0.17475634813308716,0.14285226166248322,0.04353351145982742,-0.05936281755566597]","[2.4287796020507812,-0.7600275874137878,1.46986985206604,-2.9409074783325195,0.7738867998123169,0.6079413294792175,2.5620739459991455,-1.4404869079589844,0.3463902175426483,-3.154849052429199,1.634093999862671,0.48527511954307556,-0.2726564109325409,-0.8015482425689697,0.7103927731513977,0.26075389981269836,-0.08839192241430283,-0.00014143672888167202,-0.1293800324201584,0.21630388498306274,-0.01937367580831051,-0.37406831979751587,-0.012927120551466942,-0.009629243984818459,0.293896347284317,-0.08560504019260406,0.19122138619422913,-0.07836507260799408,-0.011944322846829891]","[-2.1192259788513184,0.16521817445755005,-0.04580726474523544,1.7861531972885132,-0.30328547954559326,-0.07956597208976746,-0.21047867834568024,-0.4920944571495056,0.9887449145317078,0.21896573901176453,-0.43012234568595886,-0.1660050004720688,0.22240108251571655,-0.3801221251487732,-0.10445931553840637,-0.48485296964645386,0.4073699712753296,0.02324039116501808,-0.5576468110084534,0.18617591261863708,-2.724583387374878,1.1009442806243896,-0.7180179357528687,-0.36664879322052,0.009637635201215744,-0.7554975748062134,0.12656398117542267,-3.3972342014312744,-0.08049730956554413]",0.04416608065366745,0.04409274831414223,0.03780830651521683,0.16791917383670807,0.08838333934545517,4.4191669672727585,0,0,0,0.4905170798301697,0.49429643154144287,0.9733842015266418,0.7563537955284119,0.8734642267227173,0.8930891752243042,-0.061938341706991196,-0.0,-0.0,0.0,0.0,0.0,0.0
80,1.6,80,"[-1.0052448511123657,-0.021863890811800957,-0.020228741690516472,1.101388931274414,-0.26505884528160095,0.06781005859375,-0.3979834020137787,-0.0807856097817421,-0.06444563716650009,1.3768984079360962,-0.6478079557418823,-0.04339680075645447,-0.01240270771086216,0.048391152173280716,0.00990248192101717,0.17172054946422577,0.17955195903778076,0.003204663982614875,0.6010114550590515,-0.010366255417466164,0.002506914082914591,-0.004928268492221832,0.19126836955547333,-0.2480713427066803,-0.0120149627327919,0.5889289975166321,-0.006106830667704344,-0.005943976808339357,-0.004126011393964291]","[-1.0044302940368652,0.09553112834692001,-0.08450096845626831,1.1799293756484985,-0.4539235234260559,-0.1124449074268341,-0.6913822889328003,-0.006855185609310865,0.056297846138477325,1.1619888544082642,-0.7348248362541199,0.059245381504297256,0.11405879259109497,0.09847014397382736,-0.14580120146274567,0.156482994556427,0.15989552438259125,-0.01950690895318985,0.7445291876792908,0.050574660301208496,-0.1676410287618637,0.09677844494581223,0.1629861295223236,-0.30380532145500183,-0.027807889506220818,0.7199695110321045,0.04248076677322388,-0.19463959336280823,-0.005059386603534222]","[2.7537927627563477,0.13450589776039124,0.8132849335670471,-4.989650726318359,1.4214706420898438,0.2558195888996124,2.3872406482696533,0.37190935015678406,1.004866123199463,-5.463242530822754,2.106793165206909,0.1969798505306244,0.6659207940101624,-0.49026376008987427,0.0863015353679657,0.16366876661777496,0.031657516956329346,-0.208690345287323,-0.2933517098426819,0.16326051950454712,-0.06470213085412979,-0.03947945311665535,-0.4249371588230133,0.2097245305776596,-0.03401078283786774,-0.15555471181869507,0.16965460777282715,0.09304189682006836,-0.057969044893980026]","[2.2907965183258057,-0.6625322103500366,1.4073032140731812,-3.3659327030181885,1.6227703094482422,0.5978559255599976,2.513784170150757,-1.3481113910675049,0.19818934798240662,-3.421292781829834,0.2954084277153015,0.3494136929512024,-0.09612783789634705,-0.69703209400177,0.498945951461792,0.28630807995796204,-0.09728487581014633,0.014172895811498165,-0.07124593108892441,0.24441273510456085,-0.024395249783992767,-0.30766212940216064,-0.029666947200894356,-0.021014422178268433,0.17599943280220032,-0.13514971733093262,0.14991198480129242,-0.081528440117836,-0.004032655153423548]","[-2.000027894973755,0.12808379530906677,-0.014586322009563446,1.5681830644607544,-0.23594558238983154,-0.05708815157413483,-0.19371692836284637,-0.5089684128761292,0.8894839882850647,0.2350650429725647,-0.3337099254131317,-0.16649632155895233,0.2171223759651184,-0.3443445563316345,-0.09894376993179321,-0.4828666150569916,0.3935049772262573,0.036928940564394,-0.5388612151145935,0.1997794210910797,-2.759739637374878,1.0692298412322998,-0.6725756525993347,-0.34122830629348755,0.0029693767428398132,-0.7265416383743286,0.1311996728181839,-3.397785186767578,-0.02720145881175995]",0.04251498356461525,0.0440777949988842,0.03336384519934654,0.16333052515983582,0.09003369510173798,4.501684755086899,0,0,0,0.4911900460720062,0.49422308802604675,0.9747743606567383,0.7739185094833374,0.8958538174629211,0.921747088432312,-0.05002196878194809,-0.0,-0.0,0.0,0.0,0.0,0.0
81,1.62,81,"[-0.9498693346977234,-0.02035706304013729,-0.004720170516520739,0.9971048831939697,-0.23881970345973969,0.07368366420269012,-0.3499387800693512,-0.07361223548650742,-0.04239562526345253,1.2684279680252075,-0.6036137938499451,-0.03952523320913315,0.0026808753609657288,0.03709302097558975,0.008215871639549732,0.17739777266979218,0.18139927089214325,-0.001220700447447598,0.5948154330253601,-0.006803589407354593,0.001151377335190773,-0.0058882879093289375,0.18347345292568207,-0.24322770535945892,-0.012550965882837772,0.58598792552948,-0.00247969594784081,-0.003694945015013218,-0.005315937101840973]","[-0.9587720036506653,0.08144218474626541,-0.05900499224662781,1.1122373342514038,-0.4326833188533783,-0.09665395319461823,-0.6422452926635742,-0.033161766827106476,0.05844344571232796,1.0905183553695679,-0.7256417274475098,0.06624146550893784,0.11303898692131042,0.08519043773412704,-0.13753445446491241,0.16236796975135803,0.15876315534114838,-0.019107036292552948,0.7433649301528931,0.05434172973036766,-0.16815558075904846,0.09140314161777496,0.16255155205726624,-0.30380913615226746,-0.025379199534654617,0.7171046733856201,0.04422405734658241,-0.1975700557231903,-0.005053841974586248]","[2.803218364715576,0.010547274723649025,0.6777446269989014,-5.250679016113281,1.1419252157211304,0.3336088955402374,2.2731735706329346,0.32360443472862244,1.1513683795928955,-5.225536346435547,2.3522958755493164,0.18615807592868805,0.8070627450942993,-0.6148484945297241,-0.22614751756191254,0.3930930197238922,0.16467571258544922,-0.20976492762565613,-0.33200234174728394,0.1819716989994049,-0.07627975940704346,-0.05254984274506569,-0.36209970712661743,0.25913679599761963,-0.013665203005075455,-0.13723969459533691,0.1841696947813034,0.12812195718288422,-0.05534945800900459]","[2.17226505279541,-0.708631157875061,1.201094627380371,-3.3172545433044434,0.9247965216636658,0.7819498777389526,2.3844680786132812,-1.2360905408859253,0.11836197972297668,-3.6895945072174072,0.5762896537780762,0.3572579324245453,-0.02491827681660652,-0.6507269740104675,0.3006134629249573,0.32537299394607544,-0.014694901183247566,0.024589138105511665,-0.05270104855298996,0.1588764786720276,-0.028192302212119102,-0.2399178445339203,-0.027724111452698708,0.010710165835916996,0.11456622183322906,-0.15585856139659882,0.06165456399321556,-0.1531023532152176,0.0034803408198058605]","[-1.8430789709091187,0.06230480596423149,0.017312832176685333,1.3488173484802246,-0.2209247350692749,-0.025631114840507507,-0.19940273463726044,-0.48701125383377075,0.7476473450660706,0.329287052154541,-0.11774985492229462,-0.15929177403450012,0.19269758462905884,-0.2996349334716797,-0.13870348036289215,-0.4932830333709717,0.38117074966430664,0.05167871713638306,-0.5240285992622375,0.1977829933166504,-2.7677834033966064,1.0556851625442505,-0.6047469973564148,-0.30695658922195435,-0.0029987022280693054,-0.6739298105239868,0.11893510818481445,-3.4287190437316895,-0.015327543020248413]",0.042456045746803284,0.037466488778591156,0.03094726987183094,0.1604638546705246,0.08974822610616684,4.487411305308342,0,0,0,0.49109625816345215,0.49576064944267273,0.9746145606040955,0.7816587686538696,0.9164488911628723,0.9130665063858032,-0.08523416519165039,-0.0,-0.0,0.0,0.0,0.0,0.0
82,1.6400000000000001,82,"[-0.8931161165237427,-0.021441999822854996,0.0068810428492724895,0.8913617730140686,-0.21938183903694153,0.08115441352128983,-0.3070564568042755,-0.06784143298864365,-0.018390905112028122,1.167876958847046,-0.5537161231040955,-0.03595047816634178,0.01987980306148529,0.023797212168574333,0.0008565810858272016,0.187444269657135,0.18613898754119873,-0.005185932852327824,0.5877313613891602,-0.003087387653067708,-0.0005442760302685201,-0.007030262146145105,0.17678438127040863,-0.23770587146282196,-0.012561570852994919,0.5834394097328186,0.0012599572073668242,-0.0008190987282432616,-0.006339989602565765]","[-0.9157309532165527,0.06403228640556335,-0.03768967092037201,1.0441107749938965,-0.41701364517211914,-0.07732655107975006,-0.5964685082435608,-0.05563020706176758,0.06396768987178802,1.0151621103286743,-0.7114793658256531,0.07046834379434586,0.11225458234548569,0.07038606703281403,-0.13297918438911438,0.16818632185459137,0.16102081537246704,-0.018593065440654755,0.7425249218940735,0.05640391260385513,-0.1687154620885849,0.08722367137670517,0.16217657923698425,-0.3028632700443268,-0.023034486919641495,0.7135604023933411,0.045035470277071,-0.20188146829605103,-0.004967308137565851]","[2.801060676574707,-0.13637998700141907,0.5825827717781067,-5.014148235321045,0.8589100241661072,0.3267057240009308,1.915339469909668,0.15782974660396576,1.1521828174591064,-4.691416263580322,2.675614595413208,0.16106051206588745,0.8472655415534973,-0.7003613114356995,-0.43000662326812744,0.5695652365684509,0.3010265529155731,-0.17464450001716614,-0.36613941192626953,0.18071450293064117,-0.09430534392595291,-0.05587099865078926,-0.32568275928497314,0.27864018082618713,0.006826850585639477,-0.129835307598114,0.18418075144290924,0.1425185203552246,-0.043566059321165085]","[2.047621011734009,-0.9052654504776001,0.9830352067947388,-3.3831870555877686,0.7513583898544312,0.993804931640625,2.1488282680511475,-1.076393723487854,0.3032243549823761,-3.75260591506958,0.8415057063102722,0.13834215700626373,-0.02299472875893116,-0.7639117240905762,0.1509680598974228,0.28832122683525085,0.18181949853897095,0.028735976666212082,-0.036719828844070435,0.08109009265899658,-0.02980482019484043,-0.18413367867469788,-0.02928663231432438,0.04744165390729904,0.13102270662784576,-0.20936204493045807,0.031210992485284805,-0.21650440990924835,0.006058176513761282]","[-1.620793342590332,-0.01651715114712715,0.032519541680812836,1.132807731628418,-0.1876150667667389,0.012274079024791718,-0.2766386866569519,-0.43155723810195923,0.5777466893196106,0.5354741215705872,0.13268394768238068,-0.1682915836572647,0.16515451669692993,-0.22318880259990692,-0.2008073776960373,-0.5065070986747742,0.36170780658721924,0.042964868247509,-0.48866063356399536,0.18928790092468262,-2.7620608806610107,1.0404295921325684,-0.5165905952453613,-0.2808484435081482,-0.011491358280181885,-0.6223101615905762,0.11653372645378113,-3.462714910507202,-0.03791055083274841]",0.043139632791280746,0.027565985918045044,0.030548319220542908,0.15865522623062134,0.08962301164865494,4.481150582432747,0,0,0,0.49061620235443115,0.49763694405555725,0.9738538265228271,0.7824727296829224,0.9339517951011658,0.9395283460617065,-0.13690927624702454,-0.0,-0.0,0.0,0.0,0.0,0.0
83,1.6600000000000001,83,"[-0.8378269076347351,-0.025812262669205666,0.018583141267299652,0.7965389490127563,-0.20446330308914185,0.08675189316272736,-0.27332520484924316,-0.06729904562234879,0.0036916828248649836,1.0807713270187378,-0.49658921360969543,-0.033082813024520874,0.03657149523496628,0.009078568778932095,-0.008984393440186977,0.20018038153648376,0.19344033300876617,-0.00820648018270731,0.5801698565483093,0.0004249904886819422,-0.00262083625420928,-0.008123127743601799,0.17044614255428314,-0.23208209872245789,-0.012277891859412193,0.5807945132255554,0.0048875343054533005,0.0020057957153767347,-0.007058579474687576]","[-0.8766903877258301,0.0409780777990818,-0.01961708813905716,0.9770023226737976,-0.4005676507949829,-0.05374804139137268,-0.5573544502258301,-0.07465597987174988,0.08073724806308746,0.9429655075073242,-0.6538320183753967,0.06071818247437477,0.11059610545635223,0.05026506632566452,-0.12941695749759674,0.17164956033229828,0.16913695633411407,-0.018084606155753136,0.741989254951477,0.05765354260802269,-0.16933651268482208,0.08396150171756744,0.16183285415172577,-0.2996843755245209,-0.02154388092458248,0.7078388929367065,0.0460965558886528,-0.2071639895439148,-0.0050827213563025]","[2.637660503387451,-0.28370293974876404,0.589983344078064,-4.44791316986084,0.575862467288971,0.26303884387016296,1.3287931680679321,-0.05683302879333496,1.0442618131637573,-3.7602813243865967,2.975247859954834,0.14159893989562988,0.8155059218406677,-0.7368274331092834,-0.4831019937992096,0.6485134363174438,0.4019737243652344,-0.13005588948726654,-0.37617236375808716,0.17243793606758118,-0.11744500696659088,-0.05304581671953201,-0.33325889706611633,0.27367809414863586,0.005639554001390934,-0.14484822750091553,0.1801464557647705,0.13766109943389893,-0.03775707632303238]","[1.750556468963623,-1.2206149101257324,0.8235484957695007,-3.1677756309509277,0.9644182324409485,1.1363956928253174,1.79410982131958,-0.8914902210235596,1.0180673599243164,-3.3483870029449463,2.5714759826660156,-0.5203524231910706,-0.08559563010931015,-1.0881683826446533,0.15245573222637177,0.10851382464170456,0.5105993747711182,0.02785254642367363,-0.01185689214617014,0.05453209951519966,-0.03155846893787384,-0.14482273161411285,-0.026082176715135574,0.18830548226833344,0.06343178451061249,-0.3093339204788208,0.05510415509343147,-0.2639204263687134,-0.007870201021432877]","[-1.3446160554885864,-0.0977855920791626,0.0326848104596138,0.9493287205696106,-0.13364118337631226,0.06549294292926788,-0.4303770065307617,-0.3429495692253113,0.39324331283569336,0.87282794713974,0.4269592761993408,-0.1471342295408249,0.15229104459285736,-0.11790807545185089,-0.26229774951934814,-0.5027597546577454,0.3322888910770416,0.013599120080471039,-0.4393767714500427,0.18435657024383545,-2.7512660026550293,1.0244563817977905,-0.4207063913345337,-0.26976102590560913,-0.02540827915072441,-0.5742378830909729,0.13073696196079254,-3.4863173961639404,-0.10762892663478851]",0.04359421879053116,0.01842455193400383,0.031228024512529373,0.15381315350532532,0.08853134512901306,4.426567256450653,0,0,0,0.49015945196151733,0.49892765283584595,0.9733924865722656,0.7902954816818237,0.9397025108337402,0.946943998336792,-0.2128540277481079,-0.0,-0.0,0.0,0.0,0.0,0.0
84,1.68,84,"[-0.7876096963882446,-0.03279011696577072,0.03048037737607956,0.713445246219635,-0.19634734094142914,0.09167596697807312,-0.2539047300815582,-0.07011475414037704,0.02337956614792347,1.0174657106399536,-0.4347062110900879,-0.030286520719528198,0.05250003933906555,-0.005675883963704109,-0.018467498943209648,0.21338480710983276,0.2022179365158081,-0.010388168506324291,0.5726844668388367,0.0038101300597190857,-0.005242076236754656,-0.009152094833552837,0.16345402598381042,-0.22675874829292297,-0.012335988692939281,0.577645480632782,0.008465815335512161,0.0046873451210558414,-0.007850272580981255]","[-0.8455640077590942,0.015842607244849205,-0.005532993469387293,0.9180014729499817,-0.3813037574291229,-0.03716288506984711,-0.5324664115905762,-0.09283292293548584,0.10284733772277832,0.8954975605010986,-0.6233778595924377,0.05416755750775337,0.10938785970211029,0.028238236904144287,-0.12485074251890182,0.17121194303035736,0.18075953423976898,-0.017769014462828636,0.7423526048660278,0.058658417314291,-0.16996540129184723,0.08165362477302551,0.1612289398908615,-0.2958678901195526,-0.021148018538951874,0.7006344795227051,0.05017063766717911,-0.2127152979373932,-0.005510440096259117]","[2.227436065673828,-0.5139497518539429,0.5094436407089233,-3.7690372467041016,0.3794260323047638,0.24703797698020935,0.6095197200775146,-0.26624295115470886,0.8251595497131348,-2.5345489978790283,3.234718084335327,0.10885494202375412,0.6775243282318115,-0.7165340185165405,-0.36404871940612793,0.5858782529830933,0.4414580762386322,-0.07788261771202087,-0.3378152847290039,0.1509546935558319,-0.1299571841955185,-0.039377786219120026,-0.39133429527282715,0.2546396255493164,-0.010684947483241558,-0.1611262559890747,0.16403687000274658,0.11151137202978134,-0.029362225905060768]","[1.4083253145217896,-1.2270015478134155,0.5843673944473267,-2.7962234020233154,0.9238239526748657,0.6795210838317871,1.0002796649932861,-0.8420006036758423,1.1058634519577026,-1.9313596487045288,1.115190029144287,-0.2640017867088318,-0.05951324850320816,-1.0096461772918701,0.2359371781349182,-0.07287706434726715,0.5860652923583984,0.007918343879282475,0.02386634238064289,0.047822412103414536,-0.03104332461953163,-0.09952664375305176,-0.030550075694918633,0.1570894867181778,0.004098839126527309,-0.37407928705215454,0.22171954810619354,-0.2642343044281006,-0.02430945634841919]","[-1.0339299440383911,-0.18965092301368713,0.023070640861988068,0.7790257334709167,-0.0321011021733284,0.11124058067798615,-0.6563887000083923,-0.24905499815940857,0.2289571911096573,1.2235647439956665,0.6342966556549072,-0.07463252544403076,0.14231717586517334,-0.01020597293972969,-0.304095983505249,-0.46738773584365845,0.2892102301120758,-0.035717591643333435,-0.37774500250816345,0.18837490677833557,-2.7493083477020264,1.0148158073425293,-0.3367924392223358,-0.2748848795890808,-0.04203636571764946,-0.5285135507583618,0.15927240252494812,-3.499300956726074,-0.20052208006381989]",0.04398460313677788,0.01445497665554285,0.03200116381049156,0.1516607254743576,0.08878281712532043,4.439140856266022,0,0,0,0.48983198404312134,0.49947667121887207,0.973548173904419,0.7922152876853943,0.95215904712677,0.9551873207092285,-0.22327832877635956,-0.0,-0.0,0.0,0.0,0.0,0.0
85,1.7,85,"[-0.7487294673919678,-0.0463702529668808,0.038960885256528854,0.6457774639129639,-0.1892862617969513,0.0966334119439125,-0.24894441664218903,-0.07794876396656036,0.03669806569814682,0.9793893694877625,-0.36720049381256104,-0.02872861549258232,0.06367246806621552,-0.01958278939127922,-0.023546341806650162,0.22361551225185394,0.21109865605831146,-0.011321784928441048,0.5666572451591492,0.006463177967816591,-0.007819123566150665,-0.009698239155113697,0.15479277074337006,-0.22189651429653168,-0.012705289758741856,0.5743494629859924,0.01144900918006897,0.006466250400990248,-0.008233068510890007]","[-0.8203206062316895,-0.007516548503190279,0.003090588841587305,0.8653150200843811,-0.36406874656677246,-0.025915933772921562,-0.5247353911399841,-0.10997223854064941,0.11759296804666519,0.8784002661705017,-0.599604070186615,0.050604306161403656,0.10706731677055359,0.011623254045844078,-0.1184045597910881,0.16855934262275696,0.19195005297660828,-0.018036983907222748,0.7432276606559753,0.05946899205446243,-0.1705022156238556,0.07952544093132019,0.15920422971248627,-0.29384759068489075,-0.021296106278896332,0.693632185459137,0.057991620153188705,-0.21648840606212616,-0.006212123669683933]","[1.7108231782913208,-0.8057888746261597,0.23406483232975006,-3.0837016105651855,0.2910155951976776,0.33480024337768555,-0.12020617723464966,-0.4670478403568268,0.5395716428756714,-1.2705862522125244,3.468086004257202,0.05362434312701225,0.47624465823173523,-0.6014787554740906,-0.12354008108377457,0.41748398542404175,0.42727887630462646,-0.024891551584005356,-0.24994462728500366,0.12361274659633636,-0.11797092109918594,-0.009348243474960327,-0.45257696509361267,0.2276785671710968,-0.021447405219078064,-0.1676008105278015,0.1341782510280609,0.0694068893790245,-0.0048478832468390465]","[1.1777937412261963,-1.1111946105957031,0.28897130489349365,-2.512141227722168,0.8148547410964966,0.520374596118927,0.17572982609272003,-0.803394615650177,0.5263860821723938,-0.4157169461250305,1.2989857196807861,-0.14861954748630524,-0.15912826359272003,-0.6523188948631287,0.36968913674354553,-0.15474271774291992,0.512317955493927,-0.02252860553562641,0.042914677411317825,0.03683491796255112,-0.0244580190628767,-0.10192497819662094,-0.12524816393852234,0.05317606031894684,-0.014516405761241913,-0.3269784450531006,0.40167930722236633,-0.15267175436019897,-0.037841424345970154]","[-0.7358320355415344,-0.2350810468196869,-0.03499031811952591,0.6825115084648132,0.1280825138092041,0.13031676411628723,-0.9065594673156738,-0.20426741242408752,0.1207302138209343,1.5207306146621704,0.7774224877357483,-0.014522213488817215,0.10957732796669006,0.07141195237636566,-0.3642376661300659,-0.4232303202152252,0.26648837327957153,-0.08243303000926971,-0.349746435880661,0.1812860667705536,-2.724457263946533,0.9639694094657898,-0.2866498529911041,-0.302193284034729,-0.0567387156188488,-0.5056260824203491,0.19652369618415833,-3.466566324234009,-0.2807123064994812]",0.04443326219916344,0.017472244799137115,0.032678570598363876,0.1510205715894699,0.08999475836753845,4.499737918376923,0,0,0,0.48954012989997864,0.4993709623813629,0.9740198254585266,0.7871488332748413,0.9639087915420532,0.9613848924636841,-0.17563548684120178,-0.0,-0.0,0.0,0.0,0.0,0.0
86,1.72,86,"[-0.7191767692565918,-0.06502167135477066,0.03984297066926956,0.590097188949585,-0.18470671772956848,0.10506797581911087,-0.2587129771709442,-0.08879666775465012,0.044962432235479355,0.9666422605514526,-0.2959827780723572,-0.028141546994447708,0.07154982537031174,-0.029735032469034195,-0.023409102112054825,0.23008416593074799,0.21930909156799316,-0.011383830569684505,0.5626866817474365,0.008754639886319637,-0.009960913099348545,-0.00952602457255125,0.14535094797611237,-0.2176516056060791,-0.013193884864449501,0.5709414482116699,0.013832945376634598,0.007463620509952307,-0.008044187910854816]","[-0.7980469465255737,-0.028345465660095215,0.005800291430205107,0.8171989917755127,-0.3486751914024353,-0.01621665433049202,-0.529932975769043,-0.12560029327869415,0.12093302607536316,0.8857839703559875,-0.5649269223213196,0.04843677207827568,0.10162074118852615,0.002686932682991028,-0.10992148518562317,0.16621088981628418,0.20104873180389404,-0.018763041123747826,0.7441482543945312,0.059870146214962006,-0.17088067531585693,0.07682183384895325,0.15504971146583557,-0.2934499680995941,-0.021388329565525055,0.6889083981513977,0.06838004291057587,-0.21830415725708008,-0.007107347249984741]","[1.2552366256713867,-1.0728927850723267,-0.27704742550849915,-2.4696900844573975,0.11866949498653412,0.49248433113098145,-0.7913451790809631,-0.5712134838104248,0.2852904796600342,-0.05250275135040283,3.495389699935913,-0.002122344449162483,0.2960784435272217,-0.38358524441719055,0.1277076154947281,0.2427663654088974,0.3571678102016449,0.013489602133631706,-0.1605600118637085,0.07631256431341171,-0.10735951364040375,-0.005539925768971443,-0.45281052589416504,0.19023194909095764,-0.011296267621219158,-0.17724484205245972,0.08348654955625534,0.0212112907320261,0.005325977690517902]","[1.073257565498352,-0.9790868759155273,0.03391484171152115,-2.326476573944092,0.7366259098052979,0.4670264720916748,-0.42047378420829773,-0.7098908424377441,0.04723336920142174,0.6789509057998657,1.986361026763916,-0.09433677047491074,-0.31702888011932373,-0.30464300513267517,0.440565824508667,-0.0891021341085434,0.40643930435180664,-0.038129452615976334,0.04059454798698425,0.01286972314119339,-0.01643618941307068,-0.13625332713127136,-0.22631528973579407,0.010149048641324043,-0.009747293777763844,-0.19030442833900452,0.507546603679657,-0.06894580274820328,-0.046962492167949677]","[-0.4823216199874878,-0.2507359981536865,-0.12127882987260818,0.6277464032173157,0.26872962713241577,0.1476833075284958,-1.1357039213180542,-0.2031831443309784,0.06311970204114914,1.7724007368087769,0.8431079983711243,0.018423613160848618,0.07711233198642731,0.10993392765522003,-0.4470387101173401,-0.36667075753211975,0.25795596837997437,-0.10619817674160004,-0.3580394387245178,0.16046300530433655,-2.682512044906616,0.8878182768821716,-0.26088857650756836,-0.3469697833061218,-0.060515861958265305,-0.5055189728736877,0.2309054434299469,-3.392169952392578,-0.33277326822280884]",0.044716592878103256,0.02082476206123829,0.03280156850814819,0.15013249218463898,0.09108736366033554,4.554368183016777,0,0,0,0.48934468626976013,0.4990924596786499,0.974962592124939,0.7834963798522949,0.9701654314994812,0.9638106226921082,-0.12650366127490997,-0.0,-0.0,0.0,0.0,0.0,0.0
87,1.74,87,"[-0.6985200047492981,-0.0892859622836113,0.027878988534212112,0.5469898581504822,-0.18453948199748993,0.11633278429508209,-0.2805982232093811,-0.10079730302095413,0.04810968413949013,0.9772892594337463,-0.22738490998744965,-0.02881350927054882,0.07551560550928116,-0.03492619842290878,-0.018438037484884262,0.23332616686820984,0.2253853678703308,-0.01078220084309578,0.5602348446846008,0.009515680372714996,-0.012113504111766815,-0.009919836185872555,0.13668034970760345,-0.21428723633289337,-0.013157140463590622,0.567259669303894,0.014788471162319183,0.007314702030271292,-0.008020029403269291]","[-0.7779636979103088,-0.0461314395070076,0.005491168703883886,0.7722519040107727,-0.33482179045677185,-0.007276594638824463,-0.5468653440475464,-0.13843756914138794,0.11987468600273132,0.9114331603050232,-0.51560378074646,0.046845756471157074,0.09431614726781845,-0.0014284392818808556,-0.10229509323835373,0.16632471978664398,0.2085282802581787,-0.019562022760510445,0.7447720766067505,0.05976460129022598,-0.1710910201072693,0.07326402515172958,0.15050794184207916,-0.2933957576751709,-0.020990267395973206,0.6859186291694641,0.07846739143133163,-0.21908801794052124,-0.00801568478345871]","[0.9153276681900024,-1.2525256872177124,-0.9444461464881897,-1.939442753791809,0.276685506105423,0.603610098361969,-1.3552889823913574,-0.46435949206352234,0.031215418130159378,1.244238018989563,2.7696149349212646,-0.030155573040246964,0.13059546053409576,-0.09926418215036392,0.29841482639312744,0.12889206409454346,0.25052502751350403,0.038735754787921906,-0.06006956100463867,0.03356088325381279,-0.08043933659791946,0.005924096331000328,-0.3773484528064728,0.1541193574666977,0.013798126019537449,-0.16488134860992432,0.029712729156017303,-0.024891505017876625,0.015923578292131424]","[0.9788419008255005,-0.8278183937072754,-0.0658874437212944,-2.1783180236816406,0.6575383543968201,0.4363853335380554,-0.9707752466201782,-0.5711289644241333,-0.08104850351810455,1.490618109703064,2.7109463214874268,-0.07588973641395569,-0.39048469066619873,-0.11401064693927765,0.3644968271255493,0.05360833927989006,0.3367135226726532,-0.038681816309690475,0.021466001868247986,-0.01278521865606308,-0.0072811017744243145,-0.17736661434173584,-0.20721174776554108,0.0013894466683268547,0.01268315315246582,-0.13103482127189636,0.46208515763282776,-0.029264740645885468,-0.04565110430121422]","[-0.28851667046546936,-0.23413878679275513,-0.19726720452308655,0.6206408739089966,0.38447999954223633,0.1550154834985733,-1.3202608823776245,-0.2203580141067505,0.015380064025521278,1.972347617149353,0.8456368446350098,0.03247995302081108,0.050317853689193726,0.1096496731042862,-0.5315359830856323,-0.2952776253223419,0.26237866282463074,-0.11598683893680573,-0.39806845784187317,0.1399499773979187,-2.631057024002075,0.8033581376075745,-0.23649555444717407,-0.39543670415878296,-0.058579426258802414,-0.5173461437225342,0.24851471185684204,-3.279289484024048,-0.3434180021286011]",0.044571615755558014,0.02119395323097706,0.03196117654442787,0.14901554584503174,0.09156475961208344,4.578237980604172,0,0,0,0.4893699586391449,0.49897757172584534,0.9763631820678711,0.7841211557388306,0.9654596447944641,0.9514756202697754,-0.0875290036201477,-0.0,-0.0,0.0,0.0,0.0,0.0
88,1.76,88,"[-0.6825636625289917,-0.11512269824743271,0.0020651265513151884,0.5125194787979126,-0.17363929748535156,0.1292123794555664,-0.3129245340824127,-0.10737104713916779,0.04621104896068573,1.0164117813110352,-0.18519818782806396,-0.029347769916057587,0.07677364349365234,-0.03370559960603714,-0.011472509242594242,0.23523984849452972,0.22933009266853333,-0.00983440037816763,0.560283899307251,0.010097075253725052,-0.013178486377000809,-0.009289060719311237,0.1302570104598999,-0.2114868313074112,-0.012641959823668003,0.564346194267273,0.01502145454287529,0.006467960309237242,-0.007407244760543108]","[-0.7585506439208984,-0.060937922447919846,0.00372030446305871,0.7309575080871582,-0.32320740818977356,0.0008800652576610446,-0.5706628561019897,-0.14950495958328247,0.11466109752655029,0.9462348818778992,-0.4437704086303711,0.04534180834889412,0.08588209748268127,-0.0025033901911228895,-0.09568125754594803,0.1698969304561615,0.21511143445968628,-0.020368946716189384,0.74467533826828,0.05920231714844704,-0.17115303874015808,0.06862884014844894,0.1475858986377716,-0.2932925224304199,-0.01999935694038868,0.6828211545944214,0.08601915836334229,-0.21916164457798004,-0.008809161372482777]","[0.8004039525985718,-1.0420805215835571,-1.3779202699661255,-1.6222723722457886,0.9036500453948975,0.5396105647087097,-1.711010217666626,-0.1443617045879364,-0.22873878479003906,2.1857454776763916,1.6238927841186523,0.07848483324050903,-0.056533701717853546,0.22111517190933228,0.4375312626361847,0.0583697110414505,0.1576654613018036,0.062270089983940125,0.05162954330444336,0.008717132732272148,-0.039521604776382446,0.03800853341817856,-0.24348124861717224,0.12511871755123138,0.02638762816786766,-0.10769814252853394,-0.007028784602880478,-0.06768767535686493,0.028804562985897064]","[0.9819996953010559,-0.7143540978431702,-0.0947880670428276,-1.9756934642791748,0.5234477519989014,0.3890838325023651,-1.2100151777267456,-0.5086771249771118,-0.3246542811393738,1.6067659854888916,5.239809036254883,-0.08091329783201218,-0.45003727078437805,-0.05254734680056572,0.33578044176101685,0.23835556209087372,0.34443339705467224,-0.0375213548541069,-0.02816036343574524,-0.03437985107302666,-0.001545023056678474,-0.23191995918750763,-0.09480784833431244,0.01949043571949005,0.07251577824354172,-0.169588103890419,0.3265186846256256,0.004968613851815462,-0.03701549023389816]","[-0.13477742671966553,-0.19522270560264587,-0.24765431880950928,0.6335740089416504,0.5124994516372681,0.15030112862586975,-1.4449585676193237,-0.2302911877632141,-0.038479484617710114,2.1204309463500977,0.8222352266311646,0.039237361401319504,0.0386427640914917,0.09033088386058807,-0.5951803922653198,-0.21033474802970886,0.2812967598438263,-0.11620275676250458,-0.44634103775024414,0.12246037274599075,-2.5748298168182373,0.6963806748390198,-0.2103266417980194,-0.44341182708740234,-0.058206360787153244,-0.5398076772689819,0.2506609559059143,-3.1252286434173584,-0.3293030858039856]",0.04420905187726021,0.020719673484563828,0.030694428831338882,0.14685174822807312,0.0915549173951149,4.577745869755745,0,0,0,0.48948824405670166,0.4988873302936554,0.9777101874351501,0.7926967740058899,0.9629244208335876,0.927111029624939,-0.07107168436050415,-0.0,-0.0,0.0,0.0,0.0,0.0
89,1.78,89,"[-0.6665038466453552,-0.13096918165683746,-0.027237823233008385,0.4820989668369293,-0.14839348196983337,0.13791720569133759,-0.34903863072395325,-0.10657177120447159,0.038960132747888565,1.0647190809249878,-0.16242919862270355,-0.025674115866422653,0.07325425744056702,-0.026081591844558716,-0.0009367874590680003,0.23566095530986786,0.23169198632240295,-0.008291397243738174,0.5623000264167786,0.009864365682005882,-0.013694368302822113,-0.008399494923651218,0.12694109976291656,-0.20928248763084412,-0.012101635336875916,0.5629517436027527,0.014507319778203964,0.004607195034623146,-0.006867846939712763]","[-0.7377666234970093,-0.07377534359693527,0.0016606275457888842,0.6943511962890625,-0.31466731429100037,0.0084839491173625,-0.5949417352676392,-0.16038717329502106,0.10785596072673798,0.9853322505950928,-0.35902997851371765,0.04175133630633354,0.07688641548156738,-0.002654185751453042,-0.08810631185770035,0.17671111226081848,0.2217981368303299,-0.0211448036134243,0.7425690293312073,0.058241840451955795,-0.17103372514247894,0.06264932453632355,0.14697840809822083,-0.293231725692749,-0.017751086503267288,0.6794017553329468,0.09151792526245117,-0.2184339463710785,-0.009425679221749306]","[0.879998505115509,-0.6443636417388916,-1.3897137641906738,-1.5169904232025146,1.3119686841964722,0.34368598461151123,-1.853179931640625,0.10977275669574738,-0.48876336216926575,2.2980363368988037,0.8040447235107422,0.18543405830860138,-0.29475894570350647,0.4105684459209442,0.5963670015335083,-0.014762580394744873,0.11019371449947357,0.07894314080476761,0.13041943311691284,-0.017057662829756737,-0.019952259957790375,0.05059787258505821,-0.08619986474514008,0.11621713638305664,0.019883062690496445,-0.03969818353652954,-0.028756819665431976,-0.10106596350669861,0.028647109866142273]","[1.0547757148742676,-0.5824042558670044,-0.1350981742143631,-1.7296650409698486,0.3611060380935669,0.37174010276794434,-1.1694384813308716,-0.5064290761947632,-0.3228932321071625,2.02181077003479,3.8060715198516846,-0.17533011734485626,-0.4512900710105896,0.054396819323301315,0.37963634729385376,0.39005038142204285,0.3092460632324219,-0.03468826413154602,-0.10892663896083832,-0.05174421891570091,0.012393796816468239,-0.29344800114631653,-0.007007125299423933,0.0002916513185482472,0.1070171371102333,-0.1280606985092163,0.2368454486131668,0.05138300359249115,-0.030404536053538322]","[8.624792098999023e-05,-0.12065312266349792,-0.32417601346969604,0.5994488596916199,0.7149301767349243,0.16642604768276215,-1.5242515802383423,-0.21972498297691345,-0.08265570551156998,2.252920627593994,0.7432670593261719,0.03804175183176994,0.0467042475938797,0.0939791351556778,-0.6304740905761719,-0.14171895384788513,0.2946898937225342,-0.10884098708629608,-0.4926131069660187,0.109342060983181,-2.499136209487915,0.5584609508514404,-0.202480748295784,-0.48474276065826416,-0.05650552734732628,-0.5650635957717896,0.25485849380493164,-2.9562478065490723,-0.29771679639816284]",0.04408950358629227,0.021356534212827682,0.029423648491501808,0.14194321632385254,0.09066197276115417,4.533098638057709,0,0,0,0.48948949575424194,0.4985966384410858,0.9791198968887329,0.8168558478355408,0.9639380574226379,0.8698286414146423,-0.08472961187362671,-0.0,-0.0,0.0,0.0,0.0,0.0
90,1.8,90,"[-0.6473637223243713,-0.1408972442150116,-0.05352342128753662,0.4518398642539978,-0.12116055190563202,0.1429598182439804,-0.3870517313480377,-0.10298013687133789,0.026660514995455742,1.1083332300186157,-0.15303640067577362,-0.021930407732725143,0.06498328596353531,-0.017282862216234207,0.012382171116769314,0.23464934527873993,0.23373784124851227,-0.006676674820482731,0.5655006766319275,0.009414768777787685,-0.01397657673805952,-0.007265145890414715,0.1268090158700943,-0.20683814585208893,-0.011846637353301048,0.5627582669258118,0.01387118175625801,0.0024253218434751034,-0.006261360365897417]","[-0.7154620885848999,-0.08299551159143448,-0.0019212124170735478,0.6617380380630493,-0.30937084555625916,0.015609677881002426,-0.6185141801834106,-0.1677088886499405,0.10131468623876572,1.0267959833145142,-0.2897157669067383,0.038891687989234924,0.06855996698141098,-0.0001973127364180982,-0.07992151379585266,0.18655537068843842,0.22767134010791779,-0.021835189312696457,0.7376765012741089,0.05628983676433563,-0.17064633965492249,0.055488184094429016,0.1469825655221939,-0.29318857192993164,-0.015017902478575706,0.6778244972229004,0.09470083564519882,-0.21549281477928162,-0.009891270659863949]","[1.039937138557434,-0.40339940786361694,-1.1986697912216187,-1.5684038400650024,1.245361089706421,0.21825283765792847,-1.924970030784607,0.2064250409603119,-0.6663511395454407,1.9788175821304321,0.3108382225036621,0.18367037177085876,-0.4540751874446869,0.4487329125404358,0.6735310554504395,-0.0575333833694458,0.08909255266189575,0.07485314458608627,0.15991032123565674,-0.03376384451985359,-0.014796224422752857,0.04789157584309578,0.0744357705116272,0.10251067578792572,0.012719794176518917,-0.015704333782196045,-0.03692752122879028,-0.11288435757160187,0.023874174803495407]","[1.1450767517089844,-0.39017292857170105,-0.21910396218299866,-1.5743852853775024,0.20544302463531494,0.34993410110473633,-1.1483784914016724,-0.2642175257205963,-0.3349064290523529,2.02852201461792,3.2924435138702393,-0.12748022377490997,-0.4021575152873993,0.17681947350502014,0.40942519903182983,0.5346152186393738,0.27351099252700806,-0.029514312744140625,-0.2750544548034668,-0.09761128574609756,0.025447871536016464,-0.34833386540412903,0.00439833477139473,0.0042267353273928165,0.14091800153255463,-0.03783101588487625,0.12610134482383728,0.1747565120458603,-0.02156301587820053]","[0.13307444751262665,-0.021940086036920547,-0.4312819242477417,0.5345283150672913,0.9299283623695374,0.1830541044473648,-1.6130692958831787,-0.18504014611244202,-0.12863565981388092,2.40278959274292,0.6481788158416748,0.05087065324187279,0.05776996910572052,0.12783236801624298,-0.6574681997299194,-0.08009596914052963,0.2982402443885803,-0.09863077104091644,-0.531822681427002,0.09714965522289276,-2.4267218112945557,0.41157448291778564,-0.21569010615348816,-0.5126152634620667,-0.0517955981194973,-0.5836580991744995,0.25004303455352783,-2.830073595046997,-0.25799381732940674]",0.04460776224732399,0.025471961125731468,0.02815910056233406,0.1354937106370926,0.09075404703617096,4.537702351808548,0,0,0,0.4891565442085266,0.4977400302886963,0.9808692932128906,0.8413534760475159,0.9579559564590454,0.8635007739067078,-0.09287365525960922,-0.0,-0.0,0.0,0.0,0.0,0.0
91,1.82,91,"[-0.6249063611030579,-0.1471051573753357,-0.07518461346626282,0.4193628132343292,-0.098579041659832,0.14664731919765472,-0.42603743076324463,-0.09831476956605911,0.012306085787713528,1.143871784210205,-0.14999566972255707,-0.018327301368117332,0.0550912506878376,-0.008132276125252247,0.026004454120993614,0.23335961997509003,0.23525568842887878,-0.0052972715348005295,0.5686964392662048,0.008513811975717545,-0.014286217279732227,-0.006483831908553839,0.12991853058338165,-0.2051820605993271,-0.011592843569815159,0.5623235702514648,0.01303021889179945,9.182090434478596e-05,-0.0059128799475729465]","[-0.6911894083023071,-0.08884726464748383,-0.006375541910529137,0.6306481957435608,-0.30629339814186096,0.021759619936347008,-0.6426891088485718,-0.16899323463439941,0.09249898046255112,1.0658345222473145,-0.23370690643787384,0.036999382078647614,0.06197579577565193,0.003267461434006691,-0.07147996127605438,0.1980973184108734,0.23330947756767273,-0.022314032539725304,0.7304080724716187,0.05308593064546585,-0.16977070271968842,0.047252994030714035,0.14702601730823517,-0.2930460274219513,-0.01132576260715723,0.6775684356689453,0.09618805348873138,-0.21013663709163666,-0.010169382207095623]","[1.1690974235534668,-0.2356652170419693,-1.0185177326202393,-1.6346484422683716,0.9131118655204773,0.1590784639120102,-1.9454494714736938,0.2376742660999298,-0.7188926339149475,1.546052098274231,0.11453069746494293,0.1898692101240158,-0.46192407608032227,0.4863381087779999,0.6308361291885376,-0.02069808542728424,0.05957484245300293,0.05498257279396057,0.14124512672424316,-0.04301634803414345,-0.01808786764740944,0.03018784336745739,0.22053681313991547,0.04011504352092743,0.010597542859613895,-0.04196465015411377,-0.03924146294593811,-0.11359349638223648,0.016994459554553032]","[1.2622075080871582,-0.24764208495616913,-0.24086815118789673,-1.555594563484192,0.11845620721578598,0.28969067335128784,-1.2211164236068726,0.04247695952653885,-0.5447250604629517,1.7982008457183838,2.706113815307617,-0.07770247757434845,-0.295377641916275,0.174533411860466,0.4209168255329132,0.5920944213867188,0.280821830034256,-0.017116118222475052,-0.3794511556625366,-0.1599593162536621,0.04589749127626419,-0.3974802494049072,0.00280920322984457,0.010706505738198757,0.19531330466270447,-0.007323700003325939,0.05485761910676956,0.288337379693985,-0.01194034330546856]","[0.24255122244358063,0.08189305663108826,-0.5378528833389282,0.4906395971775055,1.1481554508209229,0.2113863229751587,-1.693411946296692,-0.16881591081619263,-0.13586945831775665,2.541478395462036,0.49424034357070923,0.06055663153529167,0.08174444735050201,0.18312938511371613,-0.6834450364112854,-0.03178461641073227,0.3030760884284973,-0.08316420018672943,-0.5558563470840454,0.08211880922317505,-2.3498103618621826,0.25949805974960327,-0.22438156604766846,-0.536441445350647,-0.04875395819544792,-0.6079422235488892,0.24321995675563812,-2.752180337905884,-0.22167491912841797]",0.04524810239672661,0.03251504898071289,0.026854341849684715,0.12882530689239502,0.09173653274774551,4.586826637387276,0,0,0,0.48871660232543945,0.49626636505126953,0.9826685190200806,0.8634964823722839,0.9579126834869385,0.8876143097877502,-0.08984851837158203,-0.0,-0.0,0.0,0.0,0.0,0.0
92,1.84,92,"[-0.6005998253822327,-0.15032385289669037,-0.09426412731409073,0.38645392656326294,-0.08463607728481293,0.14932295680046082,-0.4648697078227997,-0.0934731662273407,-0.002095191041007638,1.170175313949585,-0.1484551727771759,-0.014335639774799347,0.04650632292032242,0.002170660998672247,0.037615615874528885,0.23382142186164856,0.23612083494663239,-0.0044773719273507595,0.5711504817008972,0.0076941149309277534,-0.014700091443955898,-0.006057632155716419,0.13563048839569092,-0.20523354411125183,-0.011422735638916492,0.5610796809196472,0.012301523238420486,-0.0021184179931879044,-0.005581581965088844]","[-0.6652432084083557,-0.09214054048061371,-0.010540234856307507,0.5998925566673279,-0.30418968200683594,0.026212802156805992,-0.669081449508667,-0.16383591294288635,0.07948993891477585,1.0983940362930298,-0.19650016725063324,0.03567779064178467,0.05798684433102608,0.006587372161448002,-0.06350433826446533,0.20944051444530487,0.23906685411930084,-0.022526217624545097,0.7229377031326294,0.04817533865571022,-0.1679178923368454,0.038311321288347244,0.1470382809638977,-0.2929360568523407,-0.00738760968670249,0.6774473786354065,0.09690805524587631,-0.20441220700740814,-0.01033370103687048]","[1.211552381515503,-0.12694858014583588,-0.950562596321106,-1.522853970527649,0.4332125186920166,-0.006635114550590515,-1.8984615802764893,0.20603910088539124,-0.6780256032943726,1.0935306549072266,0.05411282181739807,0.20142395794391632,-0.355432391166687,0.5327786207199097,0.5396949648857117,0.07285475730895996,0.0275488942861557,0.029116997495293617,0.10003149509429932,-0.03959432989358902,-0.03157281503081322,0.012249755673110485,0.29445701837539673,-0.04083067178726196,-0.0026808353140950203,-0.07414966821670532,-0.030131498351693153,-0.10842804610729218,0.00909692607820034]","[1.3340507745742798,-0.1280772089958191,-0.21841147541999817,-1.537921667098999,0.08678466081619263,0.1781362146139145,-1.3561515808105469,0.3691960871219635,-0.7280372977256775,1.4971323013305664,1.5678614377975464,-0.0605744831264019,-0.15608720481395721,0.17326687276363373,0.3831094205379486,0.5490453839302063,0.2825142443180084,-0.0055833980441093445,-0.345721036195755,-0.24479225277900696,0.09277461469173431,-0.42665764689445496,0.0030436483211815357,0.002890287432819605,0.18147124350070953,-0.008180955424904823,0.02933328226208687,0.2629777491092682,-0.007905077189207077]","[0.31841886043548584,0.19487842917442322,-0.6311800479888916,0.48925745487213135,1.3497551679611206,0.24474622309207916,-1.7461491823196411,-0.1851857602596283,-0.10428702086210251,2.6178691387176514,0.3378826677799225,0.049459006637334824,0.10579477250576019,0.25063657760620117,-0.7193912267684937,-0.01211073249578476,0.3235834836959839,-0.06661663949489594,-0.5677180290222168,0.060294605791568756,-2.2623019218444824,0.12001688033342361,-0.21997445821762085,-0.5565465688705444,-0.04892125353217125,-0.6296067237854004,0.23685553669929504,-2.7246463298797607,-0.19525165855884552]",0.045592233538627625,0.04076429829001427,0.0255177803337574,0.12347283214330673,0.09343846142292023,4.671923071146011,0,0,0,0.48841172456741333,0.49432045221328735,0.9844884276390076,0.879808783531189,0.9632918834686279,0.9321371912956238,-0.07053530961275101,-0.0,-0.0,0.0,0.0,0.0,0.0
93,1.86,93,"[-0.5764442682266235,-0.15218310058116913,-0.11320711672306061,0.35844865441322327,-0.08125054091215134,0.1463819146156311,-0.5019758939743042,-0.09007320553064346,-0.014814936555922031,1.1876130104064941,-0.14783115684986115,-0.010270343162119389,0.04087395593523979,0.013178868219256401,0.04759225249290466,0.23627381026744843,0.236357644200325,-0.004132591653615236,0.5726976990699768,0.006930038798600435,-0.01554912980645895,-0.005993841681629419,0.14169681072235107,-0.20681528747081757,-0.01170007698237896,0.5593575835227966,0.011824958957731724,-0.004245300777256489,-0.005549002904444933]","[-0.6381992101669312,-0.09357146173715591,-0.015221523120999336,0.5699642896652222,-0.30289793014526367,0.02909657172858715,-0.6974324584007263,-0.1532406359910965,0.06369222700595856,1.1248081922531128,-0.17947256565093994,0.034115567803382874,0.0565984845161438,0.011131727136671543,-0.057255301624536514,0.21921810507774353,0.24427469074726105,-0.022553861141204834,0.7173790335655212,0.04127860814332962,-0.1648232489824295,0.029121674597263336,0.1477556675672531,-0.29306456446647644,-0.005151072051376104,0.6772303581237793,0.09728427976369858,-0.20058105885982513,-0.010495671071112156]","[1.1348992586135864,-0.08374564349651337,-0.9306429028511047,-1.1640101671218872,-0.042987242341041565,-0.3300085663795471,-1.8298797607421875,0.12477617710828781,-0.5236436724662781,0.6577491760253906,-0.004972890019416809,0.20093117654323578,-0.1840439736843109,0.5314338803291321,0.46271851658821106,0.16104988753795624,0.010710954666137695,0.0092160077765584,0.06477832794189453,-0.03063962794840336,-0.04932393878698349,-0.004439358599483967,0.267385333776474,-0.09311586618423462,-0.027630921453237534,-0.07596313953399658,-0.016480522230267525,-0.09676167368888855,-0.003348034806549549]","[1.4012349843978882,-0.05868697166442871,-0.318549245595932,-1.5008463859558105,0.01809089072048664,0.12205759435892105,-1.4337306022644043,0.6102299690246582,-0.8383251428604126,1.2009778022766113,0.6022502779960632,-0.08412770181894302,-0.0335928313434124,0.2695005536079407,0.27215415239334106,0.46921786665916443,0.2425818145275116,0.0010522676166146994,-0.23830431699752808,-0.34135037660598755,0.15793633460998535,-0.4326207637786865,0.050530243664979935,-0.00990619882941246,0.06789059937000275,-0.01363157294690609,0.01490875519812107,0.1517050862312317,-0.008505882695317268]","[0.3668532371520996,0.3114372193813324,-0.69956374168396,0.5158137083053589,1.5200272798538208,0.2643586993217468,-1.7657440900802612,-0.22254210710525513,-0.05497913807630539,2.644681930541992,0.21396881341934204,0.016200024634599686,0.12418472766876221,0.3128206133842468,-0.7675278186798096,-0.010271422564983368,0.35466256737709045,-0.047975651919841766,-0.5753138661384583,0.032707296311855316,-2.1780292987823486,8.777529001235962e-05,-0.209005206823349,-0.5726546049118042,-0.05194086953997612,-0.6480474472045898,0.22759589552879333,-2.732072353363037,-0.17793484032154083]",0.04568222537636757,0.04874375835061073,0.024108964949846268,0.11953940242528915,0.09437540173530579,4.718770086765289,0,0,0,0.4882570505142212,0.4922131597995758,0.9863386154174805,0.8909503817558289,0.9577168226242065,0.9549906253814697,-0.05169670283794403,-0.0,-0.0,0.0,0.0,0.0,0.0
94,1.8800000000000001,94,"[-0.5552038550376892,-0.1536736786365509,-0.1314898431301117,0.33989351987838745,-0.08635556697845459,0.13612261414527893,-0.5380648970603943,-0.08848211914300919,-0.02304093725979328,1.1964852809906006,-0.14865408837795258,-0.006298393476754427,0.03914456441998482,0.023428017273545265,0.056124355643987656,0.2402634173631668,0.2365492731332779,-0.004108731634914875,0.573741614818573,0.006468529812991619,-0.016673048958182335,-0.006235206499695778,0.14632590115070343,-0.20895817875862122,-0.01252797245979309,0.5580411553382874,0.011642302386462688,-0.0059888847172260284,-0.005715503357350826]","[-0.610541582107544,-0.0942564457654953,-0.02031957358121872,0.5419977903366089,-0.3026423752307892,0.03120971843600273,-0.726510763168335,-0.13987255096435547,0.04701951891183853,1.144486665725708,-0.1732557862997055,0.0302582960575819,0.05636637657880783,0.017345203086733818,-0.053514644503593445,0.22762365639209747,0.2488682121038437,-0.022505883127450943,0.713900089263916,0.03264446184039116,-0.16090568900108337,0.020244978368282318,0.14935007691383362,-0.2934865951538086,-0.004527639131993055,0.6768526434898376,0.09734547138214111,-0.19850455224514008,-0.010624021291732788]","[0.980241596698761,-0.09459890425205231,-0.8488044142723083,-0.659691572189331,-0.3788687288761139,-0.6273342370986938,-1.761499047279358,0.05536805838346481,-0.27613329887390137,0.26043951511383057,-0.05185343325138092,0.20776385068893433,-0.007321499288082123,0.4698615074157715,0.40346458554267883,0.22358223795890808,0.016165897250175476,-0.0026757479645311832,0.0403478741645813,-0.018358265981078148,-0.06452489644289017,-0.022377120330929756,0.17479732632637024,-0.09951069951057434,-0.04954252019524574,-0.04491358995437622,-0.0038128113374114037,-0.07496033608913422,-0.01798144169151783]","[1.3932085037231445,-0.03110836260020733,-0.24333837628364563,-1.3447664976119995,0.0009116814471781254,0.0975906029343605,-1.4488983154296875,0.6863006949424744,-0.8353257179260254,0.861819326877594,0.19776934385299683,-0.19437946379184723,-0.004119356162846088,0.3380890488624573,0.14397040009498596,0.3892664313316345,0.2182808220386505,0.003336570458486676,-0.13308805227279663,-0.41788578033447266,0.19349221885204315,-0.4158121347427368,0.10001412779092789,-0.03438250720500946,0.018088247627019882,-0.02282346785068512,-0.0017008304130285978,0.08559473603963852,-0.0051539381965994835]","[0.40317219495773315,0.41685259342193604,-0.7128479480743408,0.5547064542770386,1.673890471458435,0.2658439874649048,-1.773962378501892,-0.25346654653549194,-0.011639690026640892,2.6378836631774902,0.12513917684555054,-0.021655548363924026,0.13474416732788086,0.3493160605430603,-0.8081904649734497,-0.011848084628582,0.3860856294631958,-0.0308065265417099,-0.582209050655365,0.004053972661495209,-2.115494966506958,-0.09599243849515915,-0.19250845909118652,-0.5815756916999817,-0.05480290576815605,-0.6662648916244507,0.2166990339756012,-2.7514774799346924,-0.1693691611289978]",0.045745428651571274,0.055288929492235184,0.022696787491440773,0.11617615073919296,0.09467792510986328,4.733896255493164,0,0,0,0.4881194829940796,0.4903281033039093,0.9880877733230591,0.9001399278640747,0.9464083909988403,0.9556729197502136,-0.03486066311597824,-0.0,-0.0,0.0,0.0,0.0,0.0
95,1.9000000000000001,95,"[-0.5372346043586731,-0.15596705675125122,-0.14715929329395294,0.3320609927177429,-0.09640529006719589,0.12128854542970657,-0.5724358558654785,-0.08785848319530487,-0.025860268622636795,1.1980305910110474,-0.14990529417991638,-0.001959789777174592,0.04058109596371651,0.031973328441381454,0.06373083591461182,0.24521709978580475,0.23700428009033203,-0.004239621572196484,0.5743116140365601,0.006195708177983761,-0.018130125477910042,-0.00688892649486661,0.14868870377540588,-0.21079571545124054,-0.013681777752935886,0.5575610399246216,0.011672446504235268,-0.007243714295327663,-0.006268260534852743]","[-0.5814639329910278,-0.09465104341506958,-0.024550169706344604,0.5165555477142334,-0.3035579323768616,0.03286333754658699,-0.7548919916152954,-0.12572774291038513,0.03181202709674835,1.1570371389389038,-0.17167289555072784,0.02411455288529396,0.05691780522465706,0.024655262008309364,-0.05173241347074509,0.23506587743759155,0.25313499569892883,-0.02240585908293724,0.7116143703460693,0.023209691047668457,-0.1569942981004715,0.01226155087351799,0.15180639922618866,-0.2945806682109833,-0.004297940526157618,0.6757214069366455,0.09705927222967148,-0.19713491201400757,-0.010689083486795425]","[0.84410160779953,-0.14664344489574432,-0.7017701864242554,-0.11511370539665222,-0.5970979332923889,-0.8515663743019104,-1.672484040260315,0.03538783639669418,-0.026964396238327026,-0.11922121047973633,-0.07594749331474304,0.22002197802066803,0.13189037144184113,0.3809344470500946,0.34024500846862793,0.27954915165901184,0.039640069007873535,-0.007409881800413132,0.01681596040725708,-0.006804685108363628,-0.07363394647836685,-0.035106390714645386,0.08014515042304993,-0.07552094757556915,-0.05608974024653435,-0.004327297210693359,0.008305534720420837,-0.04675959050655365,-0.028132915496826172]","[1.4852876663208008,-0.023141074925661087,-0.20814253389835358,-1.224143624305725,-0.07988310605287552,0.0754651203751564,-1.3966500759124756,0.6989181637763977,-0.7301123738288879,0.5115453004837036,0.0343795046210289,-0.300581693649292,0.029442202299833298,0.3885311782360077,0.04937560856342316,0.36114493012428284,0.20710548758506775,0.0050027924589812756,-0.09743434190750122,-0.4466058313846588,0.18224170804023743,-0.3682235777378082,0.1403033435344696,-0.07080616801977158,0.007637882139533758,-0.0735141709446907,-0.018842635676264763,0.0615205243229866,-0.0026587429456412792]","[0.4366183876991272,0.512349009513855,-0.6870888471603394,0.5809147357940674,1.8020120859146118,0.2525980472564697,-1.7807888984680176,-0.27297964692115784,0.018282780423760414,2.606201171875,0.060953289270401,-0.051163699477910995,0.13746866583824158,0.3554573059082031,-0.8276116847991943,-0.00708877295255661,0.4123016595840454,-0.018511131405830383,-0.59017413854599,-0.020185448229312897,-2.086517572402954,-0.15762591361999512,-0.17641940712928772,-0.5815105438232422,-0.05627312883734703,-0.6802978515625,0.20474952459335327,-2.7792506217956543,-0.17033815383911133]",0.045937612652778625,0.060351017862558365,0.021586570888757706,0.11379115283489227,0.09477751702070236,4.738875851035118,0,0,0,0.4879254400730133,0.48882681131362915,0.9894465804100037,0.9070339798927307,0.936475932598114,0.9508876204490662,-0.021721050143241882,-0.0,-0.0,0.0,0.0,0.0,0.0
96,1.92,96,"[-0.521439790725708,-0.15953941643238068,-0.1595606505870819,0.33528897166252136,-0.11023948341608047,0.10205996036529541,-0.6049642562866211,-0.08706660568714142,-0.024119513109326363,1.1917164325714111,-0.1516919881105423,0.002502485876902938,0.04442017897963524,0.038665395230054855,0.06973415613174438,0.25144538283348083,0.23813487589359283,-0.0044051269069314,0.5744142532348633,0.006196342408657074,-0.019618406891822815,-0.007639462128281593,0.14953170716762543,-0.21197901666164398,-0.014771562069654465,0.5578680634498596,0.011974523775279522,-0.007859268225729465,-0.006840819958597422]","[-0.5503372550010681,-0.09464294463396072,-0.028699563816189766,0.4940815567970276,-0.30723270773887634,0.03411993384361267,-0.7818943858146667,-0.11161412298679352,0.018713708966970444,1.1632086038589478,-0.1722262054681778,0.016937248408794403,0.05849847197532654,0.033129069954156876,-0.05149636045098305,0.24254392087459564,0.25712069869041443,-0.022231150418519974,0.7086589932441711,0.01413569226861,-0.1537066549062729,0.00573378149420023,0.15495391190052032,-0.29650118947029114,-0.0041572703048586845,0.673407793045044,0.09561855345964432,-0.19609765708446503,-0.010708722285926342]","[0.7570788264274597,-0.19856542348861694,-0.4510626196861267,0.37446990609169006,-0.6446212530136108,-1.2557728290557861,-1.5342012643814087,0.04446487873792648,0.15479210019111633,-0.4674255847930908,-0.06888285279273987,0.23755475878715515,0.1747090369462967,0.2824656665325165,0.23078545928001404,0.33933931589126587,0.08051730692386627,-0.008008861914277077,0.0004157423973083496,-0.00323212007060647,-0.0667034164071083,-0.05043478682637215,0.0360049307346344,-0.03506392240524292,-0.043842848390340805,0.04516243934631348,0.0072584254667162895,-0.007498264312744141,-0.03648136183619499]","[1.5957098007202148,-0.0005203458131290972,-0.2030045986175537,-1.0554999113082886,-0.244487002491951,0.05398886278271675,-1.312031626701355,0.67853844165802,-0.6225379109382629,0.21729084849357605,-0.04957619309425354,-0.33827561140060425,0.08337612450122833,0.4428654611110687,-0.002897420432418585,0.36990582942962646,0.1951276659965515,0.008369000628590584,-0.15965504944324493,-0.4196711480617523,0.14322833716869354,-0.294801265001297,0.16486705839633942,-0.10987173020839691,0.004378658253699541,-0.13287793099880219,-0.07799240946769714,0.04806293919682503,-0.00111877778545022]","[0.45493048429489136,0.6013969779014587,-0.6440252065658569,0.6136650443077087,1.8963027000427246,0.22933727502822876,-1.791561245918274,-0.27480101585388184,0.02714281715452671,2.5721566677093506,0.005470318719744682,-0.07276885211467743,0.13509507477283478,0.34603577852249146,-0.8343484401702881,-0.0004206821322441101,0.42234480381011963,-0.006577938795089722,-0.608165979385376,-0.03697960823774338,-2.0841710567474365,-0.17980825901031494,-0.1584644913673401,-0.5788651704788208,-0.06041872128844261,-0.6897380352020264,0.18968339264392853,-2.8056023120880127,-0.16814158856868744]",0.04636456444859505,0.06462319940328598,0.020966727286577225,0.11201680451631546,0.09495922923088074,4.747961461544037,0,0,0,0.4876207113265991,0.4875679910182953,0.9904015064239502,0.9124297499656677,0.9378961324691772,0.946254551410675,-0.01420923788100481,-0.0,-0.0,0.0,0.0,0.0,0.0
97,1.94,97,"[-0.5069514513015747,-0.1639096736907959,-0.165201798081398,0.3470397889614105,-0.12219014018774033,0.07105763256549835,-0.6338039040565491,-0.08607988804578781,-0.019668584689497948,1.1793335676193237,-0.15266060829162598,0.007542400620877743,0.047569457441568375,0.043271955102682114,0.07296225428581238,0.25879067182540894,0.24022497236728668,-0.004559976048767567,0.5743282437324524,0.006066423375159502,-0.02079826220870018,-0.008906317874789238,0.15012890100479126,-0.21219827234745026,-0.015435491688549519,0.5593675374984741,0.01196278352290392,-0.007543644867837429,-0.007727514952421188]","[-0.5179551839828491,-0.09369346499443054,-0.03162197396159172,0.4767006039619446,-0.3144097328186035,0.03480056673288345,-0.8069810271263123,-0.09810134768486023,0.007289247587323189,1.1648342609405518,-0.17574068903923035,0.010188847780227661,0.06009389087557793,0.04287196695804596,-0.05179394781589508,0.25094255805015564,0.26084110140800476,-0.022018978372216225,0.7030077576637268,0.005828844849020243,-0.1511053442955017,0.0010483742225915194,0.15769171714782715,-0.29888150095939636,-0.004122323822230101,0.67046719789505,0.09211753308773041,-0.19522255659103394,-0.01068669930100441]","[0.7570311427116394,-0.2562031149864197,-0.12268051505088806,0.6719246506690979,-0.6339000463485718,-1.593262791633606,-1.3684556484222412,0.12705326080322266,0.21534904837608337,-0.7818102836608887,-0.030292198061943054,0.21737627685070038,0.12829099595546722,0.20560091733932495,0.06724614650011063,0.38830041885375977,0.10200254619121552,-0.00894587766379118,0.004506111145019531,-0.01399465836584568,-0.049643732607364655,-0.06841116398572922,0.06616897881031036,-0.0042203813791275024,-0.014170142821967602,0.0891074538230896,-0.011143321171402931,0.02733476087450981,-0.04358972609043121]","[1.6451621055603027,0.05621909350156784,-0.12795358896255493,-0.7741002440452576,-0.42691969871520996,0.025690238922834396,-1.2175363302230835,0.6437336206436157,-0.5461862087249756,0.03666476905345917,-0.20209912955760956,-0.3080765902996063,0.06533070653676987,0.5059284567832947,-0.023728013038635254,0.4282853901386261,0.18218815326690674,0.009585789404809475,-0.31378769874572754,-0.3812423050403595,0.10708262771368027,-0.20649847388267517,0.13131029903888702,-0.12283752858638763,-0.0012223452795296907,-0.15414106845855713,-0.18177509307861328,0.041435662657022476,0.0009601894998922944]","[0.45672327280044556,0.69097501039505,-0.5915381908416748,0.6544973850250244,1.9616937637329102,0.19628946483135223,-1.8018690347671509,-0.25705820322036743,0.019620800390839577,2.5287370681762695,-0.0498274490237236,-0.08409684896469116,0.11712750792503357,0.3322410583496094,-0.8430567383766174,0.007895953953266144,0.4180119037628174,-0.0006659924983978271,-0.6403597593307495,-0.050808392465114594,-2.0823400020599365,-0.1693246066570282,-0.14249497652053833,-0.574876070022583,-0.07097780704498291,-0.6931774616241455,0.17055758833885193,-2.8164188861846924,-0.1557491570711136]",0.04698571562767029,0.06811563670635223,0.020890383049845695,0.11072469502687454,0.09536872804164886,4.768436402082443,0,0,0,0.4872138202190399,0.4865111708641052,0.9908702373504639,0.9164677858352661,0.9543135762214661,0.9462851285934448,-0.013225119560956955,-0.0,-0.0,0.0,0.0,0.0,0.0
98,1.96,98,"[-0.49115854501724243,-0.16978754103183746,-0.16446787118911743,0.3621659576892853,-0.13559548556804657,0.03832945600152016,-0.659702479839325,-0.08198447525501251,-0.015505551360547543,1.1604440212249756,-0.15290367603302002,0.011197537183761597,0.049551818519830704,0.04688943177461624,0.07242400199174881,0.2669773995876312,0.24221497774124146,-0.004762961994856596,0.5745944976806641,0.005636556074023247,-0.021604156121611595,-0.010375908575952053,0.15217846632003784,-0.21214783191680908,-0.015338367782533169,0.5614323616027832,0.011528790928423405,-0.006765877828001976,-0.008584409020841122]","[-0.4854578971862793,-0.09109803289175034,-0.033472318202257156,0.4651227593421936,-0.3258334696292877,0.03493872657418251,-0.8308960795402527,-0.08460710197687149,-0.002657761797308922,1.1631927490234375,-0.18193554878234863,0.005798994563519955,0.06078151986002922,0.053993433713912964,-0.05376196280121803,0.261709600687027,0.26429373025894165,-0.021859586238861084,0.6938124299049377,-0.0018932669190689921,-0.14883045852184296,-0.001920827548019588,0.1591862291097641,-0.3010067045688629,-0.004228757228702307,0.6683697700500488,0.08672257512807846,-0.19438548386096954,-0.010638289153575897]","[0.806551456451416,-0.31494125723838806,0.20484328269958496,0.7815614342689514,-0.7698329091072083,-1.4484730958938599,-1.2801603078842163,0.3267647624015808,0.13079577684402466,-1.0538965463638306,0.011487677693367004,0.1719287633895874,0.050432514399290085,0.19067861139774323,-0.18216241896152496,0.441470742225647,0.08132830262184143,-0.01755935326218605,0.026363134384155273,-0.02864811196923256,-0.019223429262638092,-0.07710829377174377,0.18568001687526703,-0.005535781383514404,0.03182913735508919,0.0990062952041626,-0.036702025681734085,0.04799651354551315,-0.03478159382939339]","[1.6280555725097656,0.15195101499557495,-0.07455725222826004,-0.48559823632240295,-0.6516419649124146,-0.0020137550309300423,-1.1778079271316528,0.6540971398353577,-0.47645607590675354,-0.12708768248558044,-0.32238754630088806,-0.18201006948947906,0.019700942561030388,0.571904718875885,-0.145053431391716,0.5623366236686707,0.16699041426181793,0.006460142321884632,-0.4795773923397064,-0.35514482855796814,0.09558822214603424,-0.12944737076759338,0.06997126340866089,-0.09728768467903137,-0.007299113553017378,-0.08859860152006149,-0.2641613483428955,0.04023231938481331,0.002080518752336502]","[0.45051437616348267,0.7814080119132996,-0.5273483991622925,0.6999960541725159,2.018831491470337,0.17007577419281006,-1.815787672996521,-0.22741711139678955,0.009961659088730812,2.4605565071105957,-0.08295074850320816,-0.0726625919342041,0.08410054445266724,0.3117981553077698,-0.8422225117683411,0.02855703979730606,0.41085320711135864,-0.012160733342170715,-0.6770588159561157,-0.0649559274315834,-2.0542266368865967,-0.1474262773990631,-0.12475696206092834,-0.5647445917129517,-0.08348728716373444,-0.677391529083252,0.1501956284046173,-2.818087100982666,-0.14881277084350586]",0.047692008316516876,0.07082958519458771,0.021278033033013344,0.11004237830638885,0.09581232815980911,4.790616407990456,0,0,0,0.48674169182777405,0.48577770590782166,0.9910354614257812,0.918718695640564,0.9711285829544067,0.9530272483825684,-0.015813054516911507,-0.0,-0.0,0.0,0.0,0.0,0.0
99,1.98,99,"[-0.47468939423561096,-0.17650732398033142,-0.1570080667734146,0.3783022463321686,-0.15298345685005188,0.013118710368871689,-0.6850103139877319,-0.07300929725170135,-0.01443675346672535,1.1371777057647705,-0.1522011011838913,0.014419551007449627,0.04958675801753998,0.05089909955859184,0.0656757578253746,0.2764495015144348,0.24347810447216034,-0.00526235019788146,0.5753827691078186,0.004920498933643103,-0.021567199379205704,-0.011990649625658989,0.15755610167980194,-0.21241970360279083,-0.014162326231598854,0.5633277893066406,0.010494702495634556,-0.005623784381896257,-0.009118778631091118]","[-0.45510607957839966,-0.0859711542725563,-0.03412730246782303,0.4604356288909912,-0.3420845568180084,0.034423209726810455,-0.8546634912490845,-0.07033485919237137,-0.011443143710494041,1.157050371170044,-0.18789227306842804,0.003270234912633896,0.06086162477731705,0.06672601401805878,-0.059472110122442245,0.27526867389678955,0.26725783944129944,-0.021812869235873222,0.6814629435539246,-0.008751889690756798,-0.14639709889888763,-0.0036802992690354586,0.160159632563591,-0.3024226725101471,-0.004745957441627979,0.6675847768783569,0.08077096194028854,-0.19359853863716125,-0.010635025799274445]","[0.7760703563690186,-0.3131859004497528,0.5707007050514221,0.8889712691307068,-0.9806275367736816,-1.021849513053894,-1.2913703918457031,0.5147193670272827,-0.08978268504142761,-1.2522786855697632,0.05991160869598389,0.16333875060081482,-0.08727479726076126,0.2550163269042969,-0.500777542591095,0.494297593832016,0.03998875617980957,-0.034312739968299866,0.04457980394363403,-0.04424367472529411,0.025997404009103775,-0.08003974705934525,0.3794342279434204,-0.03443695604801178,0.07931853085756302,0.07525831460952759,-0.06570285558700562,0.0603213906288147,-0.017915969714522362]","[1.4998798370361328,0.28587010502815247,-0.01045806985348463,-0.12747864425182343,-0.8977767825126648,-0.037715088576078415,-1.1750102043151855,0.6955047845840454,-0.42089733481407166,-0.3628787696361542,-0.28730422258377075,-0.10281527042388916,-0.0096903620287776,0.6483355760574341,-0.3436020314693451,0.6978987455368042,0.14115215837955475,0.00048638819134794176,-0.6247743964195251,-0.3115663230419159,0.10458973795175552,-0.07344124466180801,0.05570972338318825,-0.05048193037509918,-0.03963102772831917,-0.022055301815271378,-0.27740636467933655,0.03755264729261398,-0.0013504090020433068]","[0.42786937952041626,0.8605032563209534,-0.4571000933647156,0.7934156060218811,2.085989236831665,0.1593795269727707,-1.84453547000885,-0.19039899110794067,0.004015455022454262,2.3897008895874023,-0.0888456329703331,-0.041014980524778366,0.048427388072013855,0.286472350358963,-0.8208793997764587,0.05991078168153763,0.4027847349643707,-0.03445230424404144,-0.7165724039077759,-0.07508166879415512,-2.0037693977355957,-0.12548857927322388,-0.10382428765296936,-0.5528976917266846,-0.09562821686267853,-0.6442087888717651,0.13622784614562988,-2.809034585952759,-0.16206981241703033]",0.04841921851038933,0.07227517664432526,0.02195168472826481,0.10970000922679901,0.09593773633241653,4.796886816620827,0,0,0,0.48624187707901,0.4855818450450897,0.9910308718681335,0.9197282791137695,0.9754464030265808,0.960972249507904,-0.022114936262369156,-0.0,-0.0,0.0,0.0,0.0,0.0
100,2.0,100,"[-0.4601157307624817,-0.18231497704982758,-0.141639843583107,0.39772480726242065,-0.17482058703899384,-0.0025445232167840004,-0.7113572955131531,-0.06139570102095604,-0.01909685879945755,1.110352873802185,-0.15050721168518066,0.017731087282299995,0.04606082662940025,0.05709008499979973,0.05239289999008179,0.28674930334091187,0.24381452798843384,-0.006135471630841494,0.5763776898384094,0.0038668091874569654,-0.020564259961247444,-0.013577498495578766,0.16735583543777466,-0.21352531015872955,-0.012165626510977745,0.5644426941871643,0.008900676853954792,-0.004353022202849388,-0.009301047772169113]","[-0.42823338508605957,-0.07857081294059753,-0.032201774418354034,0.46315357089042664,-0.3628159463405609,0.0331849604845047,-0.8791904449462891,-0.056020673364400864,-0.01841195486485958,1.1471476554870605,-0.1921186000108719,0.002235239604488015,0.05967433750629425,0.08014333248138428,-0.06913815438747406,0.2914409637451172,0.2699463963508606,-0.021938234567642212,0.6666024327278137,-0.01451164111495018,-0.14400000870227814,-0.0047699762508273125,0.16101276874542236,-0.30283787846565247,-0.005428283475339413,0.6673779487609863,0.07582664489746094,-0.19284267723560333,-0.010731353424489498]","[0.6438024640083313,-0.2196691930294037,0.9717222452163696,1.1200159788131714,-1.1795811653137207,-0.5819916129112244,-1.3356298208236694,0.5988001823425293,-0.30021995306015015,-1.434868574142456,0.15160180628299713,0.19230714440345764,-0.27433839440345764,0.37328964471817017,-0.7975199222564697,0.496944785118103,0.014839693903923035,-0.043872956186532974,0.04765838384628296,-0.06358234584331512,0.07855957746505737,-0.07373350858688354,0.596308708190918,-0.06903260946273804,0.11235526949167252,0.04429072141647339,-0.09090514481067657,0.06442298740148544,0.009098206646740437]","[1.3153133392333984,0.3909654915332794,0.14202207326889038,0.2455177903175354,-1.1087383031845093,-0.07424482703208923,-1.2218049764633179,0.6808091402053833,-0.3121967315673828,-0.5272610187530518,-0.18861843645572662,-0.030619215220212936,-0.09036073088645935,0.6643333435058594,-0.5250186920166016,0.8201575875282288,0.13046003878116608,-0.008413153700530529,-0.7350241541862488,-0.2578873932361603,0.10197661072015762,-0.047017842531204224,0.047109637409448624,-0.008984871208667755,-0.026851389557123184,-0.005317521281540394,-0.21665020287036896,0.037166744470596313,-0.005705435760319233]","[0.3733614683151245,0.9264910817146301,-0.3875434994697571,0.9377626776695251,2.1484105587005615,0.16054916381835938,-1.882262945175171,-0.1679161787033081,0.013888711109757423,2.3292713165283203,-0.07954265177249908,0.0009919218719005585,0.02426055073738098,0.25942957401275635,-0.7727017402648926,0.09840170294046402,0.394269198179245,-0.056917138397693634,-0.7522277235984802,-0.08140643686056137,-1.9567632675170898,-0.09885772317647934,-0.09890025854110718,-0.5438191890716553,-0.09963344037532806,-0.6077111959457397,0.1320669949054718,-2.7797553539276123,-0.20073114335536957]",0.0489300973713398,0.07173489779233932,0.02265247516334057,0.10889753699302673,0.09567340463399887,4.7836702316999435,0,0,0,0.485844224691391,0.48606768250465393,0.9909237027168274,0.9210899472236633,0.9684708714485168,0.960361659526825,-0.029087992385029793,-0.0,-0.0,0.0,0.0,0.0,0.0
101,2.02,101,"[-0.4489372968673706,-0.18529409170150757,-0.11813917756080627,0.42310288548469543,-0.2001667022705078,-0.010160954669117928,-0.7384355068206787,-0.04905728995800018,-0.026445550844073296,1.0797829627990723,-0.1461370289325714,0.022111836820840836,0.038613222539424896,0.06583068519830704,0.0337749607861042,0.29632729291915894,0.24407169222831726,-0.00701726833358407,0.5772891044616699,0.0023772050626575947,-0.01842481642961502,-0.014939989894628525,0.18140845000743866,-0.21518100798130035,-0.00966811552643776,0.5650994181632996,0.006858496926724911,-0.003046864876523614,-0.0087548503652215]","[-0.4079258143901825,-0.06978023052215576,-0.02531130239367485,0.4774550795555115,-0.3866456151008606,0.0312931090593338,-0.9046803712844849,-0.04366891086101532,-0.02251407504081726,1.134968638420105,-0.19494421780109406,0.0025278667453676462,0.05591887980699539,0.09335624426603317,-0.08144775032997131,0.30849727988243103,0.2724566161632538,-0.022185005247592926,0.6503832340240479,-0.019362539052963257,-0.1419600397348404,-0.005495487246662378,0.16194231808185577,-0.30286216735839844,-0.005880602635443211,0.6674550771713257,0.07274265587329865,-0.19207806885242462,-0.010980276390910149]","[0.3623649477958679,-0.08131265640258789,1.2770997285842896,1.6207687854766846,-1.3351407051086426,-0.21288953721523285,-1.3935641050338745,0.565801739692688,-0.37701085209846497,-1.5316158533096313,0.18633082509040833,0.23143231868743896,-0.4528253972530365,0.48745229840278625,-1.02787184715271,0.4345335066318512,0.03394559025764465,-0.04390586540102959,0.04619807004928589,-0.07696253806352615,0.11831279844045639,-0.06900569796562195,0.7898669838905334,-0.08871816098690033,0.12505963444709778,0.03045797348022461,-0.10971935838460922,0.05616538226604462,0.03344228118658066]","[0.9520319104194641,0.4470306634902954,0.4371773898601532,0.9013076424598694,-1.2359776496887207,-0.10527633130550385,-1.257188320159912,0.5528414249420166,-0.1352977752685547,-0.6197969913482666,-0.12002162635326385,0.032629404217004776,-0.22698955237865448,0.6343588829040527,-0.6153162121772766,0.8195860981941223,0.12294532358646393,-0.013220172375440598,-0.7834941744804382,-0.21799236536026,0.08802507817745209,-0.032075800001621246,0.058739256113767624,-0.0008708631503395736,-0.016139766201376915,0.00793167483061552,-0.12393904477357864,0.038514912128448486,-0.0141500448808074]","[0.28729480504989624,0.9611974954605103,-0.3328510820865631,1.1226786375045776,2.1698741912841797,0.16089214384555817,-1.9164680242538452,-0.16795426607131958,0.0418926402926445,2.275653600692749,-0.06397579610347748,0.03943755850195885,0.018269866704940796,0.23161454498767853,-0.7093896865844727,0.14272311329841614,0.3884562849998474,-0.07218238711357117,-0.7817686200141907,-0.08824407309293747,-1.9266486167907715,-0.058707766234874725,-0.11389634013175964,-0.5377416610717773,-0.0944516658782959,-0.5791149139404297,0.13477681577205658,-2.742990255355835,-0.251939594745636]",0.049264710396528244,0.06856810301542282,0.023249631747603416,0.10774102061986923,0.09546062350273132,4.773031175136566,0,0,0,0.48555269837379456,0.48736217617988586,0.9906896352767944,0.922516942024231,0.9614822268486023,0.9596185684204102,-0.034191347658634186,-0.0,-0.0,0.0,0.0,0.0,0.0
102,2.04,102,"[-0.445621132850647,-0.1855674833059311,-0.09055585414171219,0.46255555748939514,-0.2282262146472931,-0.011060104705393314,-0.7670998573303223,-0.038763631135225296,-0.03417729213833809,1.0490882396697998,-0.14305397868156433,0.026988379657268524,0.027947811409831047,0.07658817619085312,0.011278023943305016,0.3041306436061859,0.24517235159873962,-0.007891706191003323,0.5782256126403809,0.000788307748734951,-0.01583174802362919,-0.016337726265192032,0.19895051419734955,-0.21707403659820557,-0.007163241505622864,0.5656610131263733,0.004511902574449778,-0.002106406958773732,-0.00796335656195879]","[-0.3955197334289551,-0.06102830916643143,-0.013450994156301022,0.5066544413566589,-0.4118420481681824,0.02850143052637577,-0.9303043484687805,-0.035931363701820374,-0.0227908194065094,1.1217437982559204,-0.19692666828632355,0.003809570334851742,0.04929034411907196,0.10476663708686829,-0.09442630410194397,0.3240906298160553,0.2751292586326599,-0.022450927644968033,0.6340352296829224,-0.024259306490421295,-0.14051871001720428,-0.005967509467154741,0.16366922855377197,-0.30280736088752747,-0.006177722010761499,0.6677908897399902,0.07123784720897675,-0.1912534087896347,-0.011422119103372097]","[-0.08033886551856995,0.050783902406692505,1.3654446601867676,2.505225658416748,-1.4799505472183228,0.07401391863822937,-1.4643207788467407,0.41100671887397766,-0.2760813236236572,-1.451900601387024,0.1601390540599823,0.2836776077747345,-0.5476736426353455,0.5394272804260254,-1.1408112049102783,0.32378360629081726,0.09172670543193817,-0.03127487376332283,0.05268454551696777,-0.07925909012556076,0.12451682984828949,-0.0639738067984581,0.9097661972045898,-0.09353794157505035,0.11345762759447098,0.04427134990692139,-0.12355343252420425,0.031101124361157417,0.03187090530991554]","[0.5589495301246643,0.4289792478084564,0.6614750027656555,1.671939730644226,-1.2759119272232056,-0.1585160344839096,-1.240417242050171,0.2737271189689636,0.02785247005522251,-0.6615020036697388,-0.08911941200494766,0.07614999264478683,-0.36023539304733276,0.5217384099960327,-0.618327260017395,0.7135252952575684,0.1360275149345398,-0.013467793352901936,-0.7758455276489258,-0.23070739209651947,0.06729714572429657,-0.020376073196530342,0.1147715374827385,0.001726407092064619,-0.008970644325017929,0.02101125754415989,-0.05661901831626892,0.042625024914741516,-0.024150460958480835]","[0.19938375055789948,0.9548795819282532,-0.3034741282463074,1.3241398334503174,2.120039939880371,0.1531604379415512,-1.947523593902588,-0.18918102979660034,0.08128485828638077,2.2281723022460938,-0.05557480454444885,0.06416663527488708,0.023668020963668823,0.1964169591665268,-0.6552567481994629,0.19482582807540894,0.3931705951690674,-0.08092707395553589,-0.8027508854866028,-0.10192472487688065,-1.924884557723999,-0.011831395328044891,-0.14650818705558777,-0.5305376052856445,-0.08636671304702759,-0.5657534599304199,0.14070934057235718,-2.705448627471924,-0.30570006370544434]",0.049393776804208755,0.06299005448818207,0.023770855739712715,0.1062968298792839,0.09545675665140152,4.772837832570076,0,0,0,0.48537421226501465,0.4893171489238739,0.9902758598327637,0.9232891798019409,0.9603807926177979,0.9607997536659241,-0.03659912198781967,-0.0,-0.0,0.0,0.0,0.0,0.0
103,2.06,103,"[-0.4521508514881134,-0.18326273560523987,-0.06352139264345169,0.5233119130134583,-0.2593647241592407,-0.00720039801672101,-0.7970083355903625,-0.03261702135205269,-0.03748880326747894,1.0217069387435913,-0.13973146677017212,0.03345894068479538,0.016706276684999466,0.08740777522325516,-0.011857487261295319,0.3092786371707916,0.2477407604455948,-0.008268263190984726,0.5793964862823486,-0.0007931586005724967,-0.01344414334744215,-0.017498942092061043,0.2177990972995758,-0.21892252564430237,-0.00512981042265892,0.5668702721595764,0.0019163595279678702,-0.0018028198974207044,-0.007480014115571976]","[-0.39013659954071045,-0.05320752039551735,0.0008405030239373446,0.5516505837440491,-0.43715769052505493,0.0250592902302742,-0.9548000693321228,-0.03410205990076065,-0.019544024020433426,1.1089849472045898,-0.1985558718442917,0.0056002940982580185,0.0411299504339695,0.11286338418722153,-0.1065349131822586,0.3366519510746002,0.27848803997039795,-0.022645894438028336,0.6189666390419006,-0.030769668519496918,-0.13944563269615173,-0.006207388360053301,0.16705171763896942,-0.30271562933921814,-0.006267864257097244,0.668367326259613,0.0704471543431282,-0.19029708206653595,-0.012043196707963943]","[-0.590128481388092,0.1477602869272232,1.3033156394958496,3.7007622718811035,-1.616136074066162,0.2882678806781769,-1.4913842678070068,0.18719537556171417,0.036688242107629776,-1.166391372680664,0.16651302576065063,0.32157087326049805,-0.5127936005592346,0.4874972701072693,-1.1114742755889893,0.18672198057174683,0.1683957874774933,0.0006178626790642738,0.06514042615890503,-0.07616794854402542,0.13368666172027588,-0.051788799464702606,0.9347435235977173,-0.08820369839668274,0.08787022531032562,0.08498430252075195,-0.1279657483100891,0.012875651009380817,0.02502637356519699]","[0.22236494719982147,0.38125836849212646,0.7605240345001221,2.4588160514831543,-1.2667330503463745,-0.1856834888458252,-1.1825920343399048,0.025974949821829796,0.2685525119304657,-0.6166765093803406,-0.07830033451318741,0.09358243644237518,-0.3889400064945221,0.3242109417915344,-0.5753495097160339,0.5600071549415588,0.18468435108661652,-0.009550182148814201,-0.6952024698257446,-0.3225785195827484,0.051050830632448196,-0.009020854718983173,0.2122439295053482,0.002825391013175249,0.002494065323844552,0.03134528920054436,-0.03324652463197708,0.05058827996253967,-0.0323973074555397]","[0.10065032541751862,0.9143007397651672,-0.28966787457466125,1.5426901578903198,1.9789966344833374,0.14902371168136597,-1.9578008651733398,-0.23140454292297363,0.1348601132631302,2.206406354904175,-0.05798768252134323,0.07310718297958374,0.037499576807022095,0.1467636376619339,-0.6186079978942871,0.24956384301185608,0.4047955274581909,-0.08772560954093933,-0.8041660189628601,-0.1284450888633728,-1.9546644687652588,0.041219957172870636,-0.18921607732772827,-0.5206170678138733,-0.07435084879398346,-0.5669642090797424,0.14431236684322357,-2.662801504135132,-0.3568389415740967]",0.049209680408239365,0.057413551956415176,0.024150077253580093,0.1045602336525917,0.09521351754665375,4.760675877332687,0,0,0,0.48536252975463867,0.4910878837108612,0.9898318648338318,0.9235814213752747,0.9615404605865479,0.9606106281280518,-0.051338836550712585,-0.0,-0.0,0.0,0.0,0.0,0.0
104,2.08,104,"[-0.46922627091407776,-0.17965707182884216,-0.03842322900891304,0.6105860471725464,-0.2928716540336609,0.0004706107429228723,-0.8267552256584167,-0.03127581626176834,-0.0327097624540329,1.0024325847625732,-0.1363934576511383,0.03985121473670006,0.007436069194227457,0.09608806669712067,-0.033180948346853256,0.3115995228290558,0.25190818309783936,-0.007866991683840752,0.5808312296867371,-0.0022584102116525173,-0.010484281927347183,-0.018409278243780136,0.2363402545452118,-0.22060218453407288,-0.0036484324373304844,0.5690603852272034,-0.0006067275535315275,-0.0015913809183984995,-0.006962301675230265]","[-0.38950276374816895,-0.0469198077917099,0.016865016892552376,0.6119506359100342,-0.4614719748497009,0.021571312099695206,-0.9764736890792847,-0.036774642765522,-0.009448819793760777,1.0980204343795776,-0.20007163286209106,0.0075418115593492985,0.03306901827454567,0.11552955955266953,-0.11622992902994156,0.3454764485359192,0.2834279537200928,-0.022780777886509895,0.6070687770843506,-0.03982650861144066,-0.13864187896251678,-0.006213577929884195,0.17238689959049225,-0.3025938868522644,-0.006096322555094957,0.6690632700920105,0.06979798525571823,-0.18917441368103027,-0.012800793163478374]","[-0.9779252409934998,0.270998477935791,1.3103491067886353,4.865595817565918,-1.704353928565979,0.47778943181037903,-1.3360291719436646,0.02555539831519127,0.3689671456813812,-0.7100239396095276,-0.09961463510990143,0.2452210634946823,-0.3155038058757782,0.32764914631843567,-0.9927969574928284,0.0757269561290741,0.2495836466550827,0.033825285732746124,0.08199214935302734,-0.055535800755023956,0.1495743840932846,-0.04367111250758171,0.8647270798683167,-0.06133429706096649,0.06903768330812454,0.1536846160888672,-0.11021492630243301,0.0285253394395113,0.04060547798871994]","[0.016072744503617287,0.2929553687572479,0.8532994389533997,3.2066421508789062,-1.189147710800171,-0.19256186485290527,-1.0137065649032593,-0.20742352306842804,0.639202892780304,-0.5141721963882446,-0.07542839646339417,0.09754357486963272,-0.3758084774017334,0.0161631740629673,-0.4468343257904053,0.3771093785762787,0.27764299511909485,-0.007989686913788319,-0.5103567838668823,-0.448589950799942,0.03749978169798851,0.0025829977821558714,0.315007746219635,0.004765485413372517,0.013883212581276894,0.03556673973798752,-0.0321757011115551,0.05888083949685097,-0.03900652751326561]","[-0.04113501310348511,0.8284879326820374,-0.267918199300766,1.7761462926864624,1.7604423761367798,0.146266907453537,-1.92288076877594,-0.27040863037109375,0.17746959626674652,2.1996798515319824,-0.06198659539222717,0.07681675255298615,0.05170091986656189,0.0745658427476883,-0.5875000953674316,0.29309338331222534,0.41872429847717285,-0.09197776019573212,-0.7820839285850525,-0.16386082768440247,-1.9933531284332275,0.10402927547693253,-0.2299155294895172,-0.5053163766860962,-0.05752081796526909,-0.5733605027198792,0.13798759877681732,-2.6236252784729004,-0.4008398652076721]",0.04859841242432594,0.05356249958276749,0.02449750527739525,0.1029367670416832,0.09468339383602142,4.734169691801071,0,0,0,0.485583633184433,0.4922289252281189,0.9893751740455627,0.9234336018562317,0.9644333124160767,0.9572374820709229,-0.07812235504388809,-0.0,-0.0,0.0,0.0,0.0,0.0
105,2.1,105,"[-0.4912678599357605,-0.17242279648780823,-0.011107430793344975,0.7179357409477234,-0.3275388777256012,0.01191117987036705,-0.8504495024681091,-0.03159480541944504,-0.022730117663741112,0.9933059811592102,-0.14371605217456818,0.043267782777547836,0.004086124710738659,0.10051374137401581,-0.051569364964962006,0.3123077154159546,0.2577241063117981,-0.006915251724421978,0.5826761722564697,-0.0030145905911922455,-0.007461168337613344,-0.01924578659236431,0.2523881793022156,-0.22137589752674103,-0.0023683030158281326,0.5730176568031311,-0.002492237603291869,-0.0006618063780479133,-0.005855794996023178]","[-0.3940240442752838,-0.04242805391550064,0.03381909802556038,0.6873185038566589,-0.48307815194129944,0.018601203337311745,-0.9947012066841125,-0.04396797716617584,0.008090674877166748,1.0880182981491089,-0.20171527564525604,0.009586751461029053,0.02499743364751339,0.11156526952981949,-0.12475818395614624,0.3512892723083496,0.2906150221824646,-0.02288043312728405,0.5995221138000488,-0.05106014385819435,-0.13812647759914398,-0.005967822857201099,0.18005125224590302,-0.30236393213272095,-0.005351142026484013,0.6698216795921326,0.06837578117847443,-0.1879434585571289,-0.013668244704604149]","[-1.2091017961502075,0.4675690233707428,1.4016220569610596,5.68679141998291,-1.6340874433517456,0.6480967402458191,-1.1630445718765259,-0.05990499630570412,0.5614525079727173,-0.33700764179229736,-0.3004174828529358,0.1717270463705063,-0.08232690393924713,0.1271221786737442,-0.9413431882858276,0.04711747169494629,0.3168463706970215,0.06918796896934509,0.09875744581222534,-0.030919689685106277,0.1572888046503067,-0.04389602690935135,0.7455505728721619,-0.016672909259796143,0.07500290125608444,0.2501562237739563,-0.09123586863279343,0.07266819477081299,0.06042798236012459]","[-0.21637429296970367,0.20474936068058014,0.8875963091850281,3.9345619678497314,-1.029962420463562,-0.1332155168056488,-0.8116127252578735,-0.4187438189983368,1.0109070539474487,-0.48605555295944214,-0.08444681018590927,0.1030966192483902,-0.3726593852043152,-0.33214497566223145,-0.3860084116458893,0.2440209686756134,0.4003804326057434,-0.007291716989129782,-0.2858063876628876,-0.5456540584564209,0.022342447191476822,0.01549928355962038,0.4245609939098358,0.010357419028878212,0.059915270656347275,0.041226185858249664,-0.07475979626178741,0.06407902389764786,-0.04376217722892761]","[-0.20842763781547546,0.7085448503494263,-0.23571616411209106,2.0270118713378906,1.4927970170974731,0.1559736728668213,-1.8606642484664917,-0.29265373945236206,0.21163105964660645,2.1748716831207275,-0.07283782213926315,0.08635160326957703,0.0555134117603302,-0.007469091564416885,-0.5519298911094666,0.31448692083358765,0.43640831112861633,-0.09168204665184021,-0.75384920835495,-0.19994249939918518,-2.0401523113250732,0.1781153380870819,-0.25359833240509033,-0.48704326152801514,-0.042228978127241135,-0.5797209739685059,0.12697379291057587,-2.5992369651794434,-0.4436054825782776]",0.04767792299389839,0.051721662282943726,0.0251621101051569,0.101971834897995,0.09409434348344803,4.704717174172401,0,0,0,0.4859599769115448,0.49281632900238037,0.9886873960494995,0.9231417179107666,0.9670892953872681,0.9503731727600098,-0.10335042327642441,-0.0,-0.0,0.0,0.0,0.0,0.0
106,2.12,106,"[-0.517590343952179,-0.1609543114900589,0.017641650512814522,0.8380576968193054,-0.3582351505756378,0.026394478976726532,-0.8732770085334778,-0.033672016113996506,-0.010251661762595177,0.9889522790908813,-0.1484101563692093,0.046720296144485474,0.004142993129789829,0.10117295384407043,-0.0708346739411354,0.31348422169685364,0.2645820379257202,-0.005099473055452108,0.5847815275192261,-0.003495197743177414,-0.004192729946225882,-0.02016511932015419,0.26616227626800537,-0.22126910090446472,-0.0006483165780082345,0.5790666341781616,-0.004256162326782942,0.0013153465697541833,-0.004545182455331087]","[-0.4023703932762146,-0.03940226510167122,0.05123472958803177,0.7757207155227661,-0.5002401471138,0.016379594802856445,-1.0081104040145874,-0.05487747862935066,0.03346728906035423,1.0772403478622437,-0.20450498163700104,0.012158923782408237,0.016639210283756256,0.10008855164051056,-0.13231618702411652,0.35553866624832153,0.3007362186908722,-0.023011744022369385,0.5957506895065308,-0.06319071352481842,-0.13794364035129547,-0.005441565532237291,0.18968163430690765,-0.3020078241825104,-0.003193389158695936,0.6705929040908813,0.06667348742485046,-0.18671327829360962,-0.014645122922956944]","[-1.3069615364074707,0.710043728351593,1.3718371391296387,5.987423896789551,-1.2173287868499756,0.7777273654937744,-1.1804312467575073,-0.1103052869439125,0.7058089375495911,-0.23800134658813477,-0.11865310370922089,0.16319938004016876,0.027269020676612854,-0.018861517310142517,-0.9770573973655701,0.08738487958908081,0.36280304193496704,0.1098586767911911,0.10984838008880615,-0.020665694028139114,0.16062329709529877,-0.043327875435352325,0.6289944052696228,0.013130903244018555,0.0894801914691925,0.34233927726745605,-0.0843963772058487,0.11473701149225235,0.06963200122117996]","[-0.38760748505592346,0.1458839327096939,0.90328449010849,4.531341075897217,-0.763852059841156,-0.0864792913198471,-0.5567616820335388,-0.5889546871185303,1.3994543552398682,-0.549710214138031,-0.14800076186656952,0.1237267330288887,-0.39382362365722656,-0.7193930745124817,-0.3495568037033081,0.19935081899166107,0.5593515634536743,-0.008740708231925964,-0.12037447094917297,-0.5743758082389832,0.005198287311941385,0.030125120654702187,0.5145766735076904,0.01689857430756092,0.13914965093135834,0.044602006673812866,-0.08199554681777954,0.06236955150961876,-0.04961860179901123]","[-0.36581212282180786,0.5695322751998901,-0.1918574571609497,2.284580945968628,1.1870169639587402,0.17899096012115479,-1.786981225013733,-0.3165629506111145,0.2591477334499359,2.1241421699523926,-0.09087476134300232,0.09854868054389954,0.04585714638233185,-0.09449484944343567,-0.5146895051002502,0.3234209418296814,0.46279385685920715,-0.09141959249973297,-0.7324424982070923,-0.22972524166107178,-2.0845067501068115,0.2666877210140228,-0.25650936365127563,-0.4719456434249878,-0.03002205118536949,-0.5788228511810303,0.12294630706310272,-2.602649450302124,-0.4951479434967041]",0.046557094901800156,0.053687553852796555,0.025941578671336174,0.10191451758146286,0.09346026182174683,4.673013091087341,0,0,0,0.48642870783805847,0.4922104477882385,0.9880508184432983,0.9224472641944885,0.9668869972229004,0.9378666281700134,-0.12087763845920563,-0.0,-0.0,0.0,0.0,0.0,0.0
107,2.14,107,"[-0.5435463190078735,-0.14402104914188385,0.04376605525612831,0.9574326872825623,-0.3762320280075073,0.04302027449011803,-0.8976667523384094,-0.03600701689720154,0.005502238404005766,0.9837859272956848,-0.148462176322937,0.04979575797915459,0.005176885519176722,0.09975928068161011,-0.09065166115760803,0.3158031105995178,0.2722362279891968,-0.0025209051091223955,0.587070107460022,-0.0038412183057516813,-0.0010362367611378431,-0.0209789015352726,0.2775479555130005,-0.22085066139698029,0.0012109046801924706,0.5867112278938293,-0.005868092644959688,0.0039276741445064545,-0.003070515114814043]","[-0.4119633138179779,-0.036717165261507034,0.06607169657945633,0.8713642358779907,-0.48354199528694153,0.016408728435635567,-1.0143156051635742,-0.06828618794679642,0.06563100218772888,1.0636128187179565,-0.207834392786026,0.014472801238298416,0.007488269824534655,0.08161287009716034,-0.13835184276103973,0.35986506938934326,0.3144036531448364,-0.023179231211543083,0.5939315557479858,-0.07439708709716797,-0.13810044527053833,-0.0038293960969895124,0.20053251087665558,-0.3015848696231842,0.00041642977157607675,0.6715946793556213,0.06564223766326904,-0.18561412394046783,-0.015749752521514893]","[-1.2472599744796753,0.9958608150482178,1.1337352991104126,5.878742218017578,-0.5669251084327698,0.7766834497451782,-1.2301743030548096,-0.19162121415138245,0.8255883455276489,-0.2052098512649536,0.001554936170578003,0.2645389139652252,0.033903516829013824,-0.06953272968530655,-0.9732956290245056,0.13514384627342224,0.3859303891658783,0.12865303456783295,0.11698603630065918,-0.0074800048023462296,0.14076748490333557,-0.03690268099308014,0.5158081650733948,0.011555105447769165,0.06837418675422668,0.37889331579208374,-0.0711129903793335,0.11863522231578827,0.057956647127866745]","[-0.3878447115421295,0.3396698534488678,0.6451147198677063,4.524816513061523,5.1173882484436035,0.08875095844268799,-0.14992788434028625,-0.6152151823043823,1.6146212816238403,-0.7065751552581787,-0.16828227043151855,0.1125420480966568,-0.4312845766544342,-0.9204689860343933,-0.27491551637649536,0.25952669978141785,0.7387505173683167,-0.01440988015383482,-0.11443857103586197,-0.5139092803001404,-0.01641208678483963,0.08788894861936569,0.578018844127655,-0.003043601056560874,0.17823804914951324,0.02234608121216297,-0.038575462996959686,0.048142530024051666,-0.05766371637582779]","[-0.5229227542877197,0.40816351771354675,-0.1479831337928772,2.536842107772827,0.8818522095680237,0.1981828212738037,-1.6613975763320923,-0.34648674726486206,0.3151848614215851,2.0474491119384766,-0.09813620150089264,0.09870009124279022,0.02845606952905655,-0.1967533677816391,-0.4865344762802124,0.330474853515625,0.5042189359664917,-0.08881756663322449,-0.714097261428833,-0.24727997183799744,-2.1160595417022705,0.34592491388320923,-0.253572940826416,-0.45625388622283936,-0.014570530503988266,-0.5640486478805542,0.1344243586063385,-2.6280624866485596,-0.5369035601615906]",0.04531398043036461,0.062153853476047516,0.026195663958787918,0.10153540968894958,0.09281901270151138,4.640950635075569,0,0,0,0.48699769377708435,0.48933419585227966,0.987846851348877,0.9217454791069031,0.9597549438476562,0.9252698421478271,-0.129998117685318,-0.0,-0.0,0.0,0.0,0.0,0.0
108,2.16,108,"[-0.567480742931366,-0.12111987918615341,0.06299106031656265,1.0732073783874512,-0.3809121549129486,0.05746181681752205,-0.9224839806556702,-0.04133686423301697,0.022771870717406273,0.9807438850402832,-0.14834795892238617,0.057301852852106094,0.005499133840203285,0.09839164465665817,-0.10976649820804596,0.3188899755477905,0.28001925349235535,4.6648052375530824e-05,0.5894609689712524,-0.0037943979259580374,0.001437969389371574,-0.02164122648537159,0.28679460287094116,-0.22080689668655396,0.0020866510458290577,0.594222366809845,-0.007100681774318218,0.006060755345970392,-0.0022269166074693203]","[-0.4170023798942566,-0.03540916368365288,0.07366422563791275,0.9723097085952759,-0.45414650440216064,0.017580782994627953,-1.0101099014282227,-0.08401869237422943,0.09875524044036865,1.0435298681259155,-0.21064940094947815,0.01612904481589794,-0.0034738231915980577,0.05802029371261597,-0.14229071140289307,0.36709967255592346,0.33202096819877625,-0.023366166278719902,0.5922088623046875,-0.08342625200748444,-0.13849295675754547,-0.0015315781347453594,0.2102091908454895,-0.30077704787254333,0.0044466545805335045,0.6752738356590271,0.06521234661340714,-0.18464528024196625,-0.016904864460229874]","[-1.150710940361023,1.2606961727142334,0.8155790567398071,5.739645957946777,-0.21822825074195862,0.6450298428535461,-1.2878761291503906,-0.37642011046409607,0.8880447149276733,-0.003489851951599121,-0.22531449794769287,0.4088222086429596,0.045861199498176575,-0.07479488849639893,-0.931936502456665,0.17333179712295532,0.3743976354598999,0.11621839553117752,0.11464506387710571,0.011254509910941124,0.11242381483316422,-0.031540729105472565,0.3987327218055725,-0.026175379753112793,0.016466496512293816,0.3517761826515198,-0.05496804416179657,0.10413593053817749,0.0302442479878664]","[-0.13049843907356262,-0.04243379458785057,0.35656073689460754,5.178758144378662,-0.1158996969461441,0.046513039618730545,0.3427739143371582,-0.8552364706993103,1.7125262022018433,-1.0901702642440796,-0.12647052109241486,0.06976336985826492,-0.5487245917320251,-1.3897151947021484,-0.22711209952831268,0.43630021810531616,0.9722305536270142,-0.004708743654191494,-0.05172973498702049,-0.4013127386569977,-0.019085796549916267,0.1147901639342308,0.4662621021270752,0.0701506957411766,0.23635545372962952,0.27398210763931274,-0.015658985823392868,0.04959617182612419,-0.05548982322216034]","[-0.6221243143081665,0.19984859228134155,-0.08381731063127518,2.782338857650757,0.45944130420684814,0.20029683411121368,-1.4507709741592407,-0.35862892866134644,0.3083522915840149,1.8888088464736938,-0.09266134351491928,0.06766988337039948,-0.03715492784976959,-0.34061896800994873,-0.49318015575408936,0.3222547173500061,0.5469528436660767,-0.0682106763124466,-0.7018031477928162,-0.2534165680408478,-2.108128309249878,0.386355459690094,-0.24101506173610687,-0.42671144008636475,0.0003248937427997589,-0.5025399923324585,0.14663538336753845,-2.676321506500244,-0.5368647575378418]",0.04402848333120346,0.07236927002668381,0.025881940498948097,0.10144530236721039,0.09080540388822556,4.540270194411278,0,0,0,0.4876059591770172,0.48515233397483826,0.9878965020179749,0.9237428307533264,0.935104489326477,0.9225375652313232,-0.20176967978477478,-0.0,-0.0,0.0,0.0,0.0,0.0
109,2.18,109,"[-0.5895747542381287,-0.09359320253133774,0.07638921588659286,1.1870185136795044,-0.38496115803718567,0.06882146745920181,-0.9491817951202393,-0.05106382071971893,0.04102402552962303,0.9836463332176208,-0.15747475624084473,0.06614864617586136,0.007011333480477333,0.09676748514175415,-0.12792912125587463,0.32273638248443604,0.2872121334075928,0.0021278306376188993,0.5916559100151062,-0.003391037927940488,0.003460715524852276,-0.0222405306994915,0.2934972643852234,-0.2218976765871048,0.0018695645267143846,0.6007822751998901,-0.0080668143928051,0.008093111217021942,-0.0018607452511787415]","[-0.42009350657463074,-0.04017508402466774,0.07783163338899612,1.0816428661346436,-0.4772750735282898,0.018453534692525864,-0.9964566826820374,-0.1045353040099144,0.13464364409446716,1.0139319896697998,-0.2131934016942978,0.016283519566059113,-0.015985501930117607,0.02339754067361355,-0.14707371592521667,0.3762412667274475,0.3546734154224396,-0.023371541872620583,0.5916752815246582,-0.09011999517679214,-0.1388930380344391,0.0009097658912651241,0.2198944091796875,-0.29783904552459717,0.00974050909280777,0.6818876266479492,0.06623359769582748,-0.18391473591327667,-0.017993466928601265]","[-1.0358498096466064,1.416993498802185,0.5380029082298279,5.5555853843688965,-0.34072473645210266,0.5258477330207825,-1.4439926147460938,-0.5353808403015137,0.9538438320159912,0.31349658966064453,-0.7102813720703125,0.39229756593704224,0.13138067722320557,-0.11700056493282318,-0.8463908433914185,0.18529966473579407,0.33952444791793823,0.09716496616601944,0.10105818510055542,0.022170111536979675,0.0863100215792656,-0.027634762227535248,0.23898035287857056,-0.06416179239749908,0.008401455357670784,0.31652897596359253,-0.03961450606584549,0.09968868643045425,0.04338502511382103]","[-0.09822667390108109,-0.3186596632003784,0.21227863430976868,5.487297058105469,-1.5087231397628784,0.03703780472278595,0.824271023273468,-1.0716842412948608,1.8511930704116821,-1.58156418800354,-0.12294205278158188,-0.01739303208887577,-0.6037142276763916,-1.9494359493255615,-0.2837493121623993,0.4897407293319702,1.2213553190231323,0.0038149943575263023,-0.013896741904318333,-0.2935413420200348,-0.020224425941705704,0.11921537667512894,0.5142952799797058,0.20037642121315002,0.2714731693267822,0.3579202890396118,0.05986930429935455,0.03218023478984833,-0.05332111194729805]","[-0.7550696730613708,0.03473181650042534,-0.025384746491909027,3.0642378330230713,0.3031414747238159,0.1800612062215805,-1.2868112325668335,-0.3798689842224121,0.32963067293167114,1.7120596170425415,-0.09660973399877548,0.0002693347632884979,-0.07342562079429626,-0.40626809000968933,-0.47907495498657227,0.2539217174053192,0.5944818258285522,-0.07089121639728546,-0.665181040763855,-0.256664514541626,-2.1638975143432617,0.4202006757259369,-0.1864336133003235,-0.3811821937561035,0.028420012444257736,-0.48146799206733704,0.17895491421222687,-2.717726469039917,-0.5195360779762268]",0.042296648025512695,0.08094005286693573,0.025900568813085556,0.10312719643115997,0.09101983904838562,4.550991952419281,0,0,0,0.4884727895259857,0.4815566837787628,0.9878984689712524,0.9230904579162598,0.8845120668411255,0.9074393510818481,-0.12197794765233994,-0.0,-0.0,0.0,0.0,0.0,0.0
110,2.2,110,"[-0.6089147329330444,-0.06444013863801956,0.0845111757516861,1.2954307794570923,-0.3945411443710327,0.07849572598934174,-0.9802436828613281,-0.06275209784507751,0.060925621539354324,0.993283748626709,-0.17675921320915222,0.07299375534057617,0.010754360817372799,0.09371162205934525,-0.14362213015556335,0.3263019621372223,0.2936002314090729,0.003933246713131666,0.5935032963752747,-0.0029075935017317533,0.004890370182693005,-0.022746616974473,0.296353816986084,-0.22337336838245392,0.0024227092508226633,0.6068835258483887,-0.008685261942446232,0.010048302821815014,-0.0004915156168863177]","[-0.4272235333919525,-0.040699489414691925,0.0763361006975174,1.1928654909133911,-0.504885733127594,0.019115639850497246,-0.9892098307609558,-0.11674633622169495,0.15955017507076263,1.0293782949447632,-0.2699444591999054,0.027116088196635246,-0.023170234635472298,-0.007983936928212643,-0.15368252992630005,0.3821934759616852,0.3729201555252075,-0.02342233993113041,0.5951030850410461,-0.09352711588144302,-0.13903594017028809,0.003889968618750572,0.22716540098190308,-0.29598525166511536,0.013453959487378597,0.6918256878852844,0.0713120847940445,-0.1831788271665573,-0.01909518800675869]","[-0.8340433239936829,1.445246934890747,0.30111968517303467,5.115556716918945,-0.688914954662323,0.4485752582550049,-1.6146421432495117,-0.5033262372016907,0.8788400292396545,0.5150452256202698,-1.3904941082000732,0.2733880579471588,0.2031961977481842,-0.20779874920845032,-0.7079828977584839,0.12753009796142578,0.31393617391586304,0.09689298272132874,0.06872564554214478,0.0308906901627779,0.053467825055122375,-0.01719011925160885,0.040496885776519775,-0.03905631601810455,0.03154945373535156,0.2601742744445801,-0.011177035048604012,0.0717526525259018,0.058399830013513565]","[-0.4944775700569153,0.37201324105262756,-0.30479735136032104,5.444183349609375,-1.2062093019485474,0.035232361406087875,-0.5854299664497375,0.017446499317884445,0.30424192547798157,3.5776045322418213,-3.5582494735717773,0.7702180743217468,0.023325741291046143,-0.9761938452720642,-0.30111706256866455,0.08688947558403015,0.43268144130706787,-0.009497201070189476,0.40582120418548584,-0.12464964389801025,0.012012089602649212,0.16858915984630585,0.11988647282123566,-0.07235502451658249,0.08373486250638962,0.6688061356544495,0.2818663716316223,0.0513729602098465,-0.05701703578233719]","[-0.8968318104743958,-0.07371094822883606,0.016070827841758728,3.2642199993133545,0.22642511129379272,0.15917763113975525,-1.1383941173553467,-0.4128711223602295,0.3719632625579834,1.5127289295196533,-0.15720580518245697,-0.05082489922642708,-0.11327025294303894,-0.44690459966659546,-0.4415019154548645,0.1691916584968567,0.6500120759010315,-0.07968311011791229,-0.6471789479255676,-0.24125057458877563,-2.264636516571045,0.4540088474750519,-0.154967799782753,-0.3294816017150879,0.047799404710531235,-0.47273698449134827,0.2140742838382721,-2.7493226528167725,-0.48870354890823364]",0.04107653722167015,0.08683118969202042,0.02613605186343193,0.10524526983499527,0.09035228937864304,4.517614468932152,0,0,0,0.48937588930130005,0.47859251499176025,0.987421452999115,0.9205517172813416,0.8603536486625671,0.8737963438034058,-0.09247713536024094,-0.0,-0.0,0.0,0.0,0.0,0.0
111,2.22,111,"[-0.622936487197876,-0.035783328115940094,0.08843400329351425,1.3916407823562622,-0.4125177562236786,0.08676447719335556,-1.0137674808502197,-0.07119686901569366,0.07617762684822083,1.0042481422424316,-0.21309451758861542,0.07708416879177094,0.015139181166887283,0.08845553547143936,-0.15624843537807465,0.32783758640289307,0.2997695803642273,0.006003549788147211,0.594404935836792,-0.002155410358682275,0.005599428433924913,-0.022928135469555855,0.2951171398162842,-0.22345992922782898,0.0031315425876528025,0.6111892461776733,-0.00851389579474926,0.010963217355310917,0.0004752479726448655]","[-0.4422162175178528,-0.02657264471054077,0.05984874814748764,1.295959234237671,-0.5156334042549133,0.01984935626387596,-1.0088627338409424,-0.10423751920461655,0.15113584697246552,1.1218010187149048,-0.3312346339225769,0.03912476450204849,-0.01758280023932457,-0.011568594723939896,-0.1596020609140396,0.38225463032722473,0.36845842003822327,-0.024365898221731186,0.6017326712608337,-0.09485433995723724,-0.13893595337867737,0.006162256933748722,0.22622205317020416,-0.2998170256614685,0.011362189427018166,0.7040728330612183,0.07690628618001938,-0.1826174408197403,-0.02037326991558075]","[-0.5765199661254883,1.3529337644577026,0.05720425397157669,4.474306106567383,-0.9932853579521179,0.3667677044868469,-1.7385274171829224,-0.359035849571228,0.36860787868499756,0.8435845375061035,-1.830260157585144,0.24489052593708038,0.16268549859523773,-0.29732418060302734,-0.5620423555374146,-0.02609342336654663,0.27826055884361267,0.11435220390558243,0.03179311752319336,0.03172298148274422,0.03186320140957832,0.0002802349627017975,-0.1485474407672882,0.032343342900276184,0.012428168207406998,0.15182644128799438,0.005553173832595348,0.03715220466256142,0.020679013803601265]","[-0.7819852232933044,0.7791877388954163,-1.0881972312927246,4.8734893798828125,-0.10958261042833328,0.04124801978468895,-0.9161578416824341,0.8378701210021973,-0.668599545955658,4.595656394958496,-2.758679151535034,0.4640076458454132,0.33652037382125854,0.14642253518104553,-0.2566732168197632,-0.004940901417285204,-0.5383901000022888,-0.06389238685369492,0.24521352350711823,-0.044151727110147476,0.00034552832948975265,0.08867289870977402,-0.11120650172233582,-0.2121766060590744,-0.1753244400024414,0.5534659624099731,0.2601609528064728,0.01773805357515812,-0.06432924419641495]","[-1.0026466846466064,-0.09869071841239929,0.04833061993122101,3.484098196029663,0.06156996637582779,0.10900198668241501,-1.0283297300338745,-0.35698583722114563,0.4866078495979309,1.4324907064437866,-0.2899612486362457,-0.11369135975837708,-0.15332362055778503,-0.5114930868148804,-0.513087272644043,0.13360261917114258,0.7540647387504578,-0.07940636575222015,-0.7243608236312866,-0.2047174572944641,-2.352874755859375,0.42129746079444885,-0.1361967921257019,-0.30139899253845215,0.03088400885462761,-0.4954104423522949,0.22019660472869873,-2.828127145767212,-0.5094046592712402]",0.04222371429204941,0.08752015978097916,0.02609250880777836,0.10277073830366135,0.08683926612138748,4.341963306069374,0,0,0,0.48898565769195557,0.4774710237979889,0.9869871735572815,0.9236171841621399,0.7939618229866028,0.7684690356254578,-0.09752845764160156,-0.0,-0.0,0.0,0.0,0.0,0.0
112,2.24,112,"[-0.631975531578064,-0.010322789661586285,0.08679934591054916,1.4744030237197876,-0.43427255749702454,0.09316643327474594,-1.049784779548645,-0.07711353152990341,0.07566993683576584,1.0270271301269531,-0.24996961653232574,0.08278937637805939,0.01726178079843521,0.08181865513324738,-0.16610382497310638,0.3252582252025604,0.3047306537628174,0.008507334627211094,0.5947750210762024,-0.0016386742936447263,0.006164898164570332,-0.022735407575964928,0.29041191935539246,-0.22207963466644287,0.0029198359698057175,0.6129565834999084,-0.008463134989142418,0.011534390971064568,0.00033564490149728954]","[-0.46189576387405396,-0.010668812319636345,0.0360802598297596,1.379821538925171,-0.48042941093444824,0.0201529860496521,-1.0244905948638916,-0.08316657692193985,0.1350337713956833,1.1981325149536133,-0.3763505220413208,0.04348192736506462,-0.0100028021261096,-0.003909951075911522,-0.16903623938560486,0.38441821932792664,0.35242968797683716,-0.0256205927580595,0.6028748154640198,-0.09465835243463516,-0.13916127383708954,0.007252627518028021,0.22390751540660858,-0.3027780055999756,0.006170075386762619,0.711378812789917,0.08128336817026138,-0.18261289596557617,-0.02154538966715336]","[-0.42343586683273315,1.2249085903167725,-0.2205587923526764,3.9295613765716553,-0.9840570688247681,0.22755806148052216,-1.612919569015503,-0.2078268676996231,-0.4881795644760132,1.7895698547363281,-1.4139059782028198,0.33129510283470154,0.06888332217931747,-0.2576993703842163,-0.48784950375556946,-0.23211389780044556,0.15759319067001343,0.12036234885454178,0.044633448123931885,0.025145376101136208,0.027936896309256554,0.02219555899500847,-0.27324482798576355,0.04712343215942383,-0.02686109021306038,0.07082968950271606,-0.010198238305747509,0.043314557522535324,-0.016374634578824043]","[-0.9666109681129456,0.7435176372528076,-1.2325109243392944,3.943263530731201,1.9873205423355103,0.01016490999609232,-0.6383443474769592,1.1238633394241333,-0.814175546169281,3.3296127319335938,-1.9755654335021973,0.08512977510690689,0.3754757046699524,0.41687774658203125,-0.5110470652580261,0.14697884023189545,-0.8992311358451843,-0.060444362461566925,0.002344140550121665,0.028383512049913406,-0.013618082739412785,0.03972726687788963,-0.13822175562381744,-0.08125504851341248,-0.27390435338020325,0.26871371269226074,0.19392260909080505,-0.004563909024000168,-0.05400160327553749]","[-1.1534854173660278,-0.08946891129016876,0.08350200206041336,3.6049864292144775,-0.01735115796327591,0.03999939560890198,-0.9526719450950623,-0.2556472420692444,0.6060500741004944,1.3620539903640747,-0.46959826350212097,-0.17968720197677612,-0.16700610518455505,-0.5533893704414368,-0.5989996194839478,0.11632106453180313,0.831646203994751,-0.05125230550765991,-0.8036869168281555,-0.15387922525405884,-2.3915891647338867,0.3373497724533081,-0.15419848263263702,-0.29926246404647827,0.003145616501569748,-0.5179570317268372,0.2225724756717682,-2.8695101737976074,-0.48038965463638306]",0.04538022726774216,0.08740733563899994,0.026268603280186653,0.10415779054164886,0.08907241374254227,4.453620687127113,0,0,0,0.4873926639556885,0.47675958275794983,0.9864315390586853,0.9215013980865479,0.8315764665603638,0.8297327160835266,-0.0797739028930664,-0.0,-0.0,0.0,0.0,0.0,0.0
113,2.2600000000000002,113,"[-0.6398739218711853,0.013213016092777252,0.0796116515994072,1.5488232374191284,-0.4518800377845764,0.09586679935455322,-1.0782842636108398,-0.07950994372367859,0.056650444865226746,1.0758309364318848,-0.26965075731277466,0.09033597260713577,0.01789451390504837,0.07814756035804749,-0.17576241493225098,0.31855303049087524,0.30607330799102783,0.01081804372370243,0.5961902737617493,-0.0011495953658595681,0.006716904230415821,-0.022040313109755516,0.28418734669685364,-0.22157499194145203,0.0020570990163832903,0.614022433757782,-0.00892182532697916,0.012695799581706524,-0.00017973739886656404]","[-0.4851556718349457,0.0007350016385316849,0.013331875205039978,1.4535672664642334,-0.44201624393463135,0.019623151049017906,-1.0369126796722412,-0.05947418138384819,0.12226308882236481,1.251022458076477,-0.40698274970054626,0.04108009487390518,-0.0029425625689327717,0.0011989630293101072,-0.18358351290225983,0.3884355127811432,0.3346341550350189,-0.02661866694688797,0.6024407148361206,-0.08914569020271301,-0.13936907052993774,0.007586668711155653,0.22165632247924805,-0.3028484880924225,0.00275446311570704,0.7141053080558777,0.0833679586648941,-0.18275970220565796,-0.022190501913428307]","[-0.4619508981704712,1.150217890739441,-0.4346221685409546,3.6268861293792725,-0.6469383835792542,0.034422799944877625,-1.349446177482605,0.11657718569040298,-1.0361144542694092,2.7278482913970947,-0.7936317920684814,0.2813832759857178,0.11004796624183655,-0.08413419127464294,-0.4737880229949951,-0.41038990020751953,-0.02965778112411499,0.1048019677400589,0.08914470672607422,0.027577172964811325,0.034638531506061554,0.04521263763308525,-0.3749065101146698,-0.013752654194831848,-0.029334263876080513,0.045461952686309814,-0.010164058767259121,0.054817602038383484,-0.0007730508805252612]","[-1.1709054708480835,0.4502289891242981,-1.054442048072815,3.4592220783233643,1.9790793657302856,-0.04164167866110802,-0.5484740138053894,1.1823228597640991,-0.5107974410057068,2.2736053466796875,-1.2311404943466187,-0.16286492347717285,0.31290698051452637,0.13314098119735718,-0.7514888644218445,0.20363076031208038,-0.864941418170929,-0.0460723415017128,-0.029612431302666664,0.31398913264274597,-0.007909671403467655,0.007628786377608776,-0.11652987450361252,0.028717949986457825,-0.08672186732292175,0.06646326929330826,0.0687316358089447,-0.007689816411584616,-0.022129300981760025]","[-1.3654556274414062,-0.055689629167318344,0.056860677897930145,3.7002689838409424,-0.04723680764436722,-0.010687395930290222,-0.8371602892875671,-0.21183663606643677,0.758364737033844,1.3744951486587524,-0.6371810436248779,-0.2872604429721832,-0.1334075778722763,-0.5660045742988586,-0.626879096031189,0.13840049505233765,0.8727234601974487,-0.01073947548866272,-0.8206772804260254,-0.10692795366048813,-2.340088367462158,0.2739684581756592,-0.20373371243476868,-0.2970051169395447,-0.0133356973528862,-0.5266281366348267,0.20901146531105042,-2.8745813369750977,-0.39964163303375244]",0.050240591168403625,0.08890578150749207,0.026996558532118797,0.10621999204158783,0.09135758131742477,4.567879065871239,0,0,0,0.48474207520484924,0.4754549264907837,0.9863328337669373,0.9199020266532898,0.8770204186439514,0.9055145978927612,-0.08108780533075333,-0.0,-0.0,0.0,0.0,0.0,0.0
114,2.2800000000000002,114,"[-0.6504535675048828,0.03568592295050621,0.06941445916891098,1.619478464126587,-0.4601500928401947,0.09454334527254105,-1.1037626266479492,-0.07245044410228729,0.03422535955905914,1.136141061782837,-0.28171488642692566,0.09404470771551132,0.02166369929909706,0.07845328748226166,-0.18505534529685974,0.30884262919425964,0.3035443425178528,0.012699413113296032,0.5983408093452454,-0.0005355874309316278,0.007550439331680536,-0.020926902070641518,0.27541565895080566,-0.22262974083423615,0.0017464654520154,0.6147750616073608,-0.008869697339832783,0.013727094978094101,0.0003047228674404323]","[-0.5130242109298706,0.004934399388730526,-0.005236115772277117,1.5133353471755981,-0.3928450345993042,0.017397364601492882,-1.0460299253463745,-0.040247730910778046,0.11463839560747147,1.2851847410202026,-0.4057534337043762,0.033246152102947235,0.0007250038324855268,-0.0013965594116598368,-0.198585644364357,0.39027994871139526,0.3204154074192047,-0.027277741581201553,0.6016568541526794,-0.08075389266014099,-0.13937954604625702,0.007493231445550919,0.2207006812095642,-0.30055561661720276,0.0011901119723916054,0.7143012881278992,0.08404131978750229,-0.1829294115304947,-0.022449182346463203]","[-0.6134554743766785,1.0225112438201904,-0.5271744132041931,3.3111155033111572,-0.06407797336578369,-0.10210704058408737,-1.1474370956420898,0.5366611480712891,-0.9882823824882507,2.9857277870178223,-0.7411718368530273,0.07785242050886154,0.27261149883270264,0.017218105494976044,-0.46820008754730225,-0.49526095390319824,-0.1802198588848114,0.07345907390117645,0.12663155794143677,0.03754077106714249,0.05596191808581352,0.051201462745666504,-0.49777403473854065,-0.04792697727680206,0.020546169951558113,0.05873143672943115,0.00498620793223381,0.07553638517856598,0.03772938996553421]","[-1.513359546661377,0.16369616985321045,-0.8302567005157471,2.4664039611816406,2.7117979526519775,-0.1555180549621582,-0.48776987195014954,0.8443382978439331,-0.4138777554035187,1.8419088125228882,-0.6313876509666443,-0.4282635450363159,0.16026000678539276,-0.1533042937517166,-0.680679202079773,-0.005557294934988022,-0.6900560855865479,-0.030127808451652527,-0.03498924523591995,0.41211163997650146,0.0034167692065238953,-0.008301449939608574,-0.03937314823269844,0.10262687504291534,-0.07251571118831635,-0.010150890797376633,0.01993905007839203,-0.007984351366758347,-0.008663211017847061]","[-1.6195522546768188,0.0011644773185253143,-0.03017408400774002,3.7997829914093018,-0.08896399289369583,-0.046012237668037415,-0.6817362308502197,-0.2505171298980713,0.9374066591262817,1.4341404438018799,-0.8008040189743042,-0.39311081171035767,-0.04803396761417389,-0.5719166398048401,-0.5951879620552063,0.19788622856140137,0.8944995999336243,0.02600257098674774,-0.7893412709236145,-0.08160386234521866,-2.241990089416504,0.2608184516429901,-0.2784128487110138,-0.27355384826660156,-0.020531971007585526,-0.5467892289161682,0.18958090245723724,-2.8580873012542725,-0.30760836601257324]",0.055111587047576904,0.09323561936616898,0.028333265334367752,0.10893721878528595,0.0919167622923851,4.595838114619255,0,0,0,0.4819556176662445,0.4733688235282898,0.9862470626831055,0.918477475643158,0.9203580021858215,0.9295928478240967,-0.11416137963533401,-0.0,-0.0,0.0,0.0,0.0,0.0
115,2.3000000000000003,115,"[-0.6644121408462524,0.05411346256732941,0.05852467566728592,1.6812678575515747,-0.45444315671920776,0.09178251773118973,-1.1241817474365234,-0.058043498545885086,0.017119150608778,1.1952600479125977,-0.29929763078689575,0.09345006942749023,0.028798973187804222,0.07883628457784653,-0.19449041783809662,0.2987425923347473,0.2988645136356354,0.013756406493484974,0.6012555360794067,0.00035203536390326917,0.008955380879342556,-0.019992254674434662,0.264276385307312,-0.2234920710325241,0.0028789457865059376,0.6163716912269592,-0.008722377009689808,0.01571725495159626,0.0013294382952153683]","[-0.5479669570922852,0.006243862211704254,-0.020818063989281654,1.5699474811553955,-0.3535805642604828,0.012006674893200397,-1.0565526485443115,-0.025942372158169746,0.10752486437559128,1.3206621408462524,-0.431527704000473,0.024230774492025375,0.003199704922735691,-0.007123623043298721,-0.21250635385513306,0.38878098130226135,0.308841735124588,-0.027613526210188866,0.6011413335800171,-0.07199570536613464,-0.13921549916267395,0.007287315558642149,0.22014310956001282,-0.29671019315719604,-0.0020499867387115955,0.7145798802375793,0.08405282348394394,-0.18295106291770935,-0.02251659892499447]","[-0.9491100907325745,0.7667689919471741,-0.5503117442131042,2.790776014328003,0.2494417130947113,-0.19007697701454163,-0.7456868886947632,0.8109050989151001,-0.6734496355056763,2.6713759899139404,-1.1710971593856812,-0.2581162452697754,0.3962053954601288,-0.04080832004547119,-0.4776019752025604,-0.46708211302757263,-0.24507194757461548,0.024172011762857437,0.13889968395233154,0.05714057758450508,0.06489794701337814,0.042431291192770004,-0.5807742476463318,-0.013659149408340454,0.0659901425242424,0.07872581481933594,0.022436190396547318,0.11042836308479309,0.04635021463036537]","[-1.858927607536316,0.036019761115312576,-0.7387864589691162,2.5691349506378174,1.5376814603805542,-0.27416756749153137,-0.454071581363678,0.6881125569343567,-0.2715661823749542,1.67210853099823,-1.5991066694259644,-0.41562217473983765,0.08524132519960403,-0.35692960023880005,-0.6329574584960938,-0.1374894082546234,-0.5025575160980225,-0.01628633588552475,-0.03210732340812683,0.4090718924999237,0.011241423897445202,-0.011345838196575642,-0.016688290983438492,0.24083946645259857,-0.18595215678215027,0.0011898132506757975,-0.006949178874492645,-0.00017283167107962072,-8.158931450452656e-05]","[-1.8522988557815552,0.07121632993221283,-0.16343125700950623,3.913491725921631,-0.226060688495636,-0.06934242695569992,-0.6045972108840942,-0.314323753118515,1.1178356409072876,1.504624843597412,-1.0641427040100098,-0.45623302459716797,0.019981369376182556,-0.588893711566925,-0.5487340688705444,0.2849167585372925,0.8905397057533264,0.042822495102882385,-0.7490142583847046,-0.06376909464597702,-2.138857364654541,0.2806505858898163,-0.38054436445236206,-0.22804640233516693,-0.03352249041199684,-0.554245114326477,0.17260432243347168,-2.8513553142547607,-0.22696228325366974]",0.059334926307201385,0.09792810678482056,0.029219791293144226,0.10886456817388535,0.09272904694080353,4.636452347040176,0,0,0,0.4794139266014099,0.47112059593200684,0.9863619804382324,0.919298529624939,0.9554925560951233,0.9634966850280762,-0.1387319415807724,-0.0,-0.0,0.0,0.0,0.0,0.0
116,2.32,116,"[-0.6884179711341858,0.06635668128728867,0.04740199074149132,1.7311094999313354,-0.45017242431640625,0.08694026619195938,-1.1335901021957397,-0.04001424089074135,0.007287375628948212,1.242996096611023,-0.3285587728023529,0.08372005820274353,0.0375119149684906,0.07682095468044281,-0.2041594237089157,0.29015934467315674,0.29374146461486816,0.01366629358381033,0.6038967967033386,0.0017500354442745447,0.010146357119083405,-0.019229650497436523,0.2521846890449524,-0.22317610681056976,0.004386071115732193,0.6179240942001343,-0.007972249761223793,0.01814422942698002,0.0021587314549833536]","[-0.5969076156616211,0.006388519424945116,-0.037516191601753235,1.611140251159668,-0.35507839918136597,0.005953097715973854,-1.0653623342514038,-0.015930062159895897,0.10209839791059494,1.3506077527999878,-0.46754464507102966,0.017875246703624725,0.0026887867134064436,-0.01513400487601757,-0.22334498167037964,0.38255617022514343,0.3010599911212921,-0.02789228782057762,0.600382387638092,-0.06339789927005768,-0.13882824778556824,0.007035593502223492,0.2196110039949417,-0.2911197543144226,-0.006359088234603405,0.714992344379425,0.08295784890651703,-0.18282833695411682,-0.022463839501142502]","[-1.5917853116989136,0.553902804851532,-0.5583181977272034,1.857045292854309,-0.12134835124015808,-0.2617904841899872,-0.09530484676361084,0.9208558201789856,-0.22351762652397156,1.988103985786438,-1.8553048372268677,-0.5967391729354858,0.43526074290275574,-0.22878703474998474,-0.43066853284835815,-0.3782302141189575,-0.2228759229183197,-0.03319156914949417,0.11643916368484497,0.08504754304885864,0.04017592966556549,0.023697176948189735,-0.614793598651886,0.06573125720024109,0.0654623955488205,0.04449039697647095,0.07508810609579086,0.09499365091323853,0.049952954053878784]","[-2.6593358516693115,0.005671018268913031,-0.8137767910957336,1.7402524948120117,-0.4594905376434326,-0.2863214910030365,-0.3945339620113373,0.3379580080509186,-0.3343562185764313,1.4312666654586792,-1.7785158157348633,-0.303918719291687,-0.019690856337547302,-0.44425168633461,-0.36711761355400085,-0.43147286772727966,-0.3319312632083893,-0.010683838278055191,-0.04419916495680809,0.40059953927993774,0.02132251486182213,-0.012186877429485321,-0.03287342190742493,0.2835540175437927,-0.20998264849185944,0.011608493514358997,-0.05866697430610657,0.0065541574731469154,0.005972214974462986]","[-2.0602221488952637,0.13237962126731873,-0.272594153881073,4.0102338790893555,-0.45576944947242737,-0.08161281049251556,-0.5490357875823975,-0.4179946780204773,1.2845219373703003,1.5189226865768433,-1.1273250579833984,-0.48473113775253296,0.06530842930078506,-0.5919066667556763,-0.5259125828742981,0.34799283742904663,0.8819889426231384,0.0508822500705719,-0.715212345123291,-0.046256594359874725,-2.0400867462158203,0.2885116636753082,-0.48051661252975464,-0.1822071522474289,-0.02039390429854393,-0.5537101030349731,0.15578541159629822,-2.824856996536255,-0.2084350734949112]",0.06288713961839676,0.10020601749420166,0.02907983399927616,0.10478480160236359,0.09370367228984833,4.685183614492416,0,0,0,0.4773019254207611,0.470663458108902,0.9868462681770325,0.9235290884971619,0.961312472820282,0.9652090072631836,-0.09967867285013199,-0.0,-0.0,0.0,0.0,0.0,0.0
117,2.34,117,"[-0.7280835509300232,0.07626957446336746,0.036191947758197784,1.755549669265747,-0.4592970907688141,0.08131089806556702,-1.1279939413070679,-0.021209267899394035,0.008178445510566235,1.2747842073440552,-0.37350982427597046,0.06958050280809402,0.04620940238237381,0.06968480348587036,-0.2117171585559845,0.283613383769989,0.2899494767189026,0.01242874376475811,0.6059131026268005,0.0037539368495345116,0.010562418028712273,-0.019044367596507072,0.23968464136123657,-0.22086282074451447,0.005497441627085209,0.6181513071060181,-0.005718852858990431,0.019517000764608383,0.0033275564201176167]","[-0.6576027870178223,0.007395172491669655,-0.05465726554393768,1.6385477781295776,-0.3820069432258606,-0.0005634655244648457,-1.072937250137329,-0.013718975707888603,0.09239847213029861,1.376985788345337,-0.49826154112815857,0.011868903413414955,0.0027527904603630304,-0.02420545183122158,-0.2274540513753891,0.3726479411125183,0.2960568964481354,-0.028063857927918434,0.5995608568191528,-0.05618886277079582,-0.13829997181892395,0.006779187824577093,0.21817955374717712,-0.2856016755104065,-0.009934675879776478,0.7152107357978821,0.08088165521621704,-0.1825626641511917,-0.022319016978144646]","[-2.274923086166382,0.5335396528244019,-0.6583029627799988,0.5816787481307983,-0.7100686430931091,-0.24722908437252045,0.5025625228881836,0.9385423064231873,0.22172914445400238,1.3351619243621826,-2.204479217529297,-0.6861507296562195,0.44254186749458313,-0.4333060383796692,-0.21060742437839508,-0.28181150555610657,-0.15947222709655762,-0.08245397359132767,0.06913840770721436,0.12013249099254608,-0.001325341872870922,-0.002586282789707184,-0.6564494371414185,0.12290589511394501,0.024979189038276672,-0.036810338497161865,0.13504792749881744,0.06543509662151337,0.04009435325860977]","[-3.170536518096924,0.08784151077270508,-0.8418388962745667,1.1336497068405151,-1.4640824794769287,-0.3109349012374878,-0.3107750415802002,0.038280706852674484,-0.5208606123924255,1.2508434057235718,-1.3924555778503418,-0.29081302881240845,0.03102743811905384,-0.47230640053749084,-0.06736373901367188,-0.5086196064949036,-0.19324620068073273,-0.008511011488735676,-0.03923537954688072,0.31978553533554077,0.02741984650492668,-0.01275919284671545,-0.10779406130313873,0.275419682264328,-0.1418808251619339,0.006042746361345053,-0.10712379962205887,0.01633518934249878,0.009013421833515167]","[-2.1175708770751953,0.19125840067863464,-0.37293872237205505,4.038510322570801,-0.6196126937866211,-0.09729741513729095,-0.6068534255027771,-0.49007439613342285,1.334191918373108,1.538735270500183,-1.124060869216919,-0.4753444790840149,0.08749611675739288,-0.5695455074310303,-0.5519780516624451,0.38638240098953247,0.8749980926513672,0.056382905691862106,-0.699217677116394,-0.0389537438750267,-1.9549846649169922,0.2758013904094696,-0.5638294816017151,-0.1561347246170044,-0.018070634454488754,-0.5586790442466736,0.14645889401435852,-2.799933671951294,-0.22973674535751343]",0.06625430285930634,0.09707995504140854,0.02765662968158722,0.09883883595466614,0.0942380353808403,4.711901769042015,0,0,0,0.47521600127220154,0.4729817509651184,0.9879536032676697,0.9312514066696167,0.9475978016853333,0.9348825812339783,-0.03798103705048561,-0.0,-0.0,0.0,0.0,0.0,0.0
118,2.36,118,"[-0.7794148921966553,0.08769826591014862,0.021069873124361038,1.7543766498565674,-0.4785751700401306,0.07705110311508179,-1.1134876012802124,-0.0024725510738790035,0.01615654118359089,1.2964025735855103,-0.41673794388771057,0.05627403035759926,0.05521358922123909,0.05948871374130249,-0.2125837206840515,0.2788868844509125,0.28736257553100586,0.010368134826421738,0.6066623330116272,0.006555335130542517,0.010093343444168568,-0.01933310180902481,0.2259267121553421,-0.21825987100601196,0.00538523867726326,0.6164516806602478,-0.002570333192124963,0.020761633291840553,0.0037625054828822613]","[-0.7165947556495667,0.010955092497169971,-0.07020760327577591,1.6702669858932495,-0.40693244338035583,-0.0074120014905929565,-1.0776010751724243,-0.01322091557085514,0.0842394083738327,1.3998193740844727,-0.5218555331230164,0.007009092252701521,0.004968990571796894,-0.03665335476398468,-0.22838935256004333,0.3657051920890808,0.29485252499580383,-0.028144625946879387,0.5991740822792053,-0.05135204270482063,-0.13761594891548157,0.0064575024880468845,0.21515923738479614,-0.2785815894603729,-0.011791198514401913,0.7166371941566467,0.07800984382629395,-0.18198660016059875,-0.0221716221421957]","[-2.507528781890869,0.6599571704864502,-0.8470680117607117,-0.31611621379852295,-0.877764105796814,-0.19647590816020966,0.821840763092041,0.947686493396759,0.48935776948928833,0.9802043437957764,-1.9144461154937744,-0.6216416954994202,0.4935756325721741,-0.5597978830337524,0.09437166154384613,-0.15206485986709595,-0.0963851809501648,-0.11339222639799118,0.01714378595352173,0.15455025434494019,-0.03880041092634201,-0.021586939692497253,-0.7176406979560852,0.10823346674442291,-0.04122287034988403,-0.09634345769882202,0.17180517315864563,0.07497873157262802,0.004399905446916819]","[-2.9679887294769287,0.22607895731925964,-0.7954474091529846,1.0546084642410278,-1.3309845924377441,-0.33195894956588745,-0.16281431913375854,0.005195301491767168,-0.3831830322742462,1.0750017166137695,-1.0571523904800415,-0.19116593897342682,0.10619113594293594,-0.638188898563385,0.0018291972810402513,-0.2794484794139862,8.026286195672583e-06,-0.007742953486740589,-0.02112714573740959,0.2036295235157013,0.037741225212812424,-0.017486948519945145,-0.18261684477329254,0.3639478385448456,-0.0633893832564354,0.07254981994628906,-0.13916057348251343,0.03019113838672638,0.006225184071809053]","[-2.0580437183380127,0.25435611605644226,-0.4508112668991089,4.022744178771973,-0.6596983075141907,-0.11400479823350906,-0.7398540377616882,-0.5165969729423523,1.3096343278884888,1.5830708742141724,-1.1303880214691162,-0.46409279108047485,0.0951971635222435,-0.5061054825782776,-0.5901137590408325,0.3743756413459778,0.8586455583572388,0.06322444975376129,-0.7004042863845825,-0.04039900749921799,-1.890364646911621,0.2321752905845642,-0.6159525513648987,-0.16126935184001923,-0.031773995608091354,-0.5681877136230469,0.13862653076648712,-2.7699646949768066,-0.2598004937171936]",0.06874459236860275,0.08709381520748138,0.02573385089635849,0.09510890394449234,0.09289820492267609,4.644910246133804,0,0,0,0.47351181507110596,0.47841766476631165,0.9890718460083008,0.937427282333374,0.9188133478164673,0.8745759725570679,-0.02690764330327511,-0.0,-0.0,0.0,0.0,0.0,0.0
119,2.38,119,"[-0.8283846974372864,0.10266786068677902,0.0023092275951057673,1.7429050207138062,-0.49440765380859375,0.07345186173915863,-1.0951203107833862,0.016698192805051804,0.02775275707244873,1.3139923810958862,-0.45008766651153564,0.04471483454108238,0.06595242768526077,0.047292888164520264,-0.20794229209423065,0.2775307893753052,0.286094069480896,0.007893054746091366,0.6065988540649414,0.009935947135090828,0.00901040155440569,-0.019907845184206963,0.21097901463508606,-0.21653348207473755,0.0038485268596559763,0.6142975687980652,0.0011533541837707162,0.022516150027513504,0.0035035526379942894]","[-0.7765141129493713,0.018402522429823875,-0.08851554244756699,1.6798220872879028,-0.4300796687602997,-0.013722032308578491,-1.0785176753997803,-0.013065203092992306,0.07505301386117935,1.4190694093704224,-0.5389745831489563,0.004494127817451954,0.007639658637344837,-0.04665520787239075,-0.2273784726858139,0.36187508702278137,0.2954970896244049,-0.02835089899599552,0.5987495183944702,-0.04763322323560715,-0.13667145371437073,0.005988631397485733,0.2110416293144226,-0.2726229429244995,-0.012822063639760017,0.7170376777648926,0.07535812258720398,-0.18140511214733124,-0.02211475744843483]","[-2.150599718093872,0.7864319086074829,-0.8967105746269226,-0.5264490842819214,-0.6186217069625854,-0.19983872771263123,0.9523004293441772,0.9319992661476135,0.6740314364433289,0.8076190948486328,-1.3705819845199585,-0.5367523431777954,0.5608224272727966,-0.660207986831665,0.21010078489780426,0.07184147834777832,-0.02524852752685547,-0.13363316655158997,0.012798607349395752,0.18256941437721252,-0.06042315065860748,-0.0379173569381237,-0.7354177832603455,0.06813071668148041,-0.10961653292179108,-0.07938742637634277,0.19364359974861145,0.10700738430023193,-0.026345940306782722]","[-2.9827117919921875,0.43314629793167114,-0.9522989988327026,0.21958117187023163,-1.0569877624511719,-0.2889859676361084,0.020541604608297348,0.00815607700496912,-0.4793608784675598,0.9373870491981506,-0.8295457363128662,-0.10599415749311447,0.16369713842868805,-0.444959431886673,0.09328605234622955,-0.1334831416606903,0.055692192167043686,-0.009790790267288685,-0.01875419169664383,0.16598692536354065,0.04973343759775162,-0.025337904691696167,-0.2332698404788971,0.25891968607902527,-0.03925550729036331,0.004769730847328901,-0.12056875973939896,0.02947920933365822,0.0020577479153871536]","[-2.007089376449585,0.29299187660217285,-0.4918849468231201,3.9921677112579346,-0.6505367159843445,-0.1210760846734047,-0.8698292970657349,-0.4993458390235901,1.2418104410171509,1.6384190320968628,-1.117968201637268,-0.46051734685897827,0.09763041138648987,-0.4058748781681061,-0.5885709524154663,0.3026141822338104,0.8338713645935059,0.05564587935805321,-0.7073172330856323,-0.0350656732916832,-1.8428953886032104,0.1707281768321991,-0.6359815001487732,-0.1934502124786377,-0.0518273264169693,-0.5732111930847168,0.13630186021327972,-2.739997386932373,-0.288659930229187]",0.07121140509843826,0.07295871526002884,0.02355731837451458,0.09076359868049622,0.09322560578584671,4.6612802892923355,0,0,0,0.4718318581581116,0.48507484793663025,0.9901517033576965,0.9425622224807739,0.9177311062812805,0.8826522827148438,-0.028723906725645065,-0.0,-0.0,0.0,0.0,0.0,0.0
120,2.4,120,"[-0.8654388785362244,0.11915554106235504,-0.014798548072576523,1.7333186864852905,-0.503320038318634,0.06905755400657654,-1.0753955841064453,0.03480742126703262,0.04311779886484146,1.3287073373794556,-0.4715612232685089,0.03480393812060356,0.07764648646116257,0.03308039531111717,-0.20417968928813934,0.2817605435848236,0.28635263442993164,0.005022808443754911,0.607174277305603,0.013858111575245857,0.007676417473703623,-0.020849796012043953,0.19651000201702118,-0.21553464233875275,0.0010005778167396784,0.6132761836051941,0.005175410769879818,0.02504192851483822,0.002708667889237404]","[-0.827285885810852,0.029446367174386978,-0.10705216228961945,1.6929693222045898,-0.4343426525592804,-0.020089782774448395,-1.0758821964263916,-0.010280713438987732,0.06768392026424408,1.4372217655181885,-0.5560452938079834,0.0018458844861015677,0.01442293543368578,-0.055703055113554,-0.22478432953357697,0.3616616427898407,0.2976217269897461,-0.028507256880402565,0.5987941026687622,-0.044755686074495316,-0.13478709757328033,0.0053746518678963184,0.2051546573638916,-0.2681397795677185,-0.013652981258928776,0.7176085710525513,0.07252861559391022,-0.1807055026292801,-0.02208343893289566]","[-1.6457483768463135,0.8354188799858093,-0.9860284924507141,-0.7772505283355713,-0.28681010007858276,-0.1592317670583725,0.9974360466003418,0.9451387524604797,0.799371600151062,0.6974786520004272,-0.9086765646934509,-0.4339648187160492,0.5547797679901123,-0.6767318248748779,0.15737637877464294,0.30647143721580505,0.04643052816390991,-0.1504203826189041,0.022323429584503174,0.20073890686035156,-0.07326081395149231,-0.052629925310611725,-0.7075522541999817,0.02519749104976654,-0.17003357410430908,-0.05109161138534546,0.20644474029541016,0.13778814673423767,-0.04757637158036232]","[-2.320431709289551,0.5799600481987,-0.9223995208740234,0.4853249788284302,0.07532884925603867,-0.2715817093849182,0.19189593195915222,0.17953269183635712,-0.29233893752098083,0.8904716372489929,-0.8677488565444946,-0.13278664648532867,0.38369348645210266,-0.4574347734451294,0.1395113319158554,0.05605555698275566,0.13949134945869446,-0.01116415485739708,0.006383928470313549,0.1263565868139267,0.11360739171504974,-0.0328369177877903,-0.3215326964855194,0.20623961091041565,-0.03831940144300461,0.016922717913985252,-0.133232980966568,0.03442733362317085,0.0007993961335159838]","[-1.8832074403762817,0.3078652024269104,-0.4818631410598755,3.9358866214752197,-0.4952915906906128,-0.1265614628791809,-1.0312834978103638,-0.4256812334060669,1.1139379739761353,1.6984800100326538,-1.0935677289962769,-0.4668448567390442,0.08971192687749863,-0.3030205965042114,-0.5864883065223694,0.2074638307094574,0.8138688802719116,0.038347259163856506,-0.7209848761558533,-0.03192322701215744,-1.8104736804962158,0.11237818002700806,-0.6417918801307678,-0.2403518706560135,-0.07977548986673355,-0.5656033158302307,0.13008823990821838,-2.727447271347046,-0.3058629631996155]",0.07437054067850113,0.05650213360786438,0.021277161315083504,0.08659029752016068,0.09210316091775894,4.605158045887947,0,0,0,0.4694712460041046,0.49114036560058594,0.9914982318878174,0.9474231600761414,0.9108927845954895,0.856567919254303,-0.06183561682701111,-0.0,-0.0,0.0,0.0,0.0,0.0
121,2.42,121,"[-0.8942146301269531,0.13608461618423462,-0.037131909281015396,1.7118149995803833,-0.5058800578117371,0.06708259135484695,-1.0552228689193726,0.05450374260544777,0.05972762033343315,1.3418915271759033,-0.4864347279071808,0.027356242761015892,0.08814361691474915,0.02022361569106579,-0.20164723694324493,0.2897896468639374,0.2879512906074524,0.0018762398976832628,0.6074917912483215,0.01796550303697586,0.006079968996345997,-0.022013042122125626,0.18267692625522614,-0.2155255824327469,-0.002952815964818001,0.6122539043426514,0.009411144070327282,0.028027676045894623,0.001600497867912054]","[-0.8641652464866638,0.04273016005754471,-0.12623761594295502,1.705095648765564,-0.41979774832725525,-0.024527885019779205,-1.069101095199585,-0.004315919242799282,0.06290494650602341,1.4535127878189087,-0.573188066482544,-0.0008233103435486555,0.024287134408950806,-0.06284090876579285,-0.22060368955135345,0.36370357871055603,0.3004447817802429,-0.028890883550047874,0.5990463495254517,-0.04165180027484894,-0.1316128522157669,0.004034250974655151,0.19731837511062622,-0.26591742038726807,-0.01418333686888218,0.7183046340942383,0.07056393474340439,-0.1799960881471634,-0.022087743505835533]","[-1.2160495519638062,0.7680230140686035,-1.141891598701477,-1.0138720273971558,0.1353345811367035,-0.11006761342287064,0.9824752807617188,0.998368501663208,0.833554744720459,0.6725221872329712,-0.7212035655975342,-0.33730828762054443,0.4672674536705017,-0.5937855839729309,0.11520981788635254,0.434102863073349,0.09697601199150085,-0.16134944558143616,0.019328296184539795,0.20721136033535004,-0.08572326600551605,-0.058423589915037155,-0.6695770025253296,-0.02800673246383667,-0.21984489262104034,-0.04897713661193848,0.21136684715747833,0.15114085376262665,-0.05576670542359352]","[-1.412074089050293,0.6451070308685303,-0.9423568844795227,1.4446101188659668,0.5670340061187744,-0.22343303263187408,0.3580542504787445,0.340005099773407,-0.08285926282405853,0.776809811592102,-0.8510066866874695,-0.1259823739528656,0.5425977110862732,-0.4618087112903595,0.13297264277935028,0.19260962307453156,0.19438306987285614,-0.012817496433854103,0.030290616676211357,0.14894075691699982,0.16455435752868652,-0.06847644597291946,-0.4092981517314911,0.13613779842853546,-0.015704158693552017,0.0932883769273758,-0.08526160567998886,0.03980302810668945,-0.0011085422011092305]","[-1.8020663261413574,0.29031872749328613,-0.44351255893707275,3.8317182064056396,-0.32863229513168335,-0.12252259999513626,-1.1432915925979614,-0.3288302421569824,0.9647632241249084,1.7274409532546997,-1.0098369121551514,-0.47211456298828125,0.0847117155790329,-0.2123464047908783,-0.5362319350242615,0.10540375858545303,0.7922317981719971,0.01522114872932434,-0.746279239654541,-0.020810864865779877,-1.7951234579086304,0.03358689695596695,-0.6348316073417664,-0.29926204681396484,-0.09883620589971542,-0.5469142198562622,0.13275116682052612,-2.721665143966675,-0.3316546678543091]",0.07811911404132843,0.03950756788253784,0.019674085080623627,0.08445767313241959,0.09184502065181732,4.592251032590866,0,0,0,0.4665051996707916,0.4957408607006073,0.9926682114601135,0.9489498138427734,0.9132937788963318,0.8417918086051941,-0.06669876724481583,-0.0,-0.0,0.0,0.0,0.0,0.0
122,2.44,122,"[-0.9140808582305908,0.1498764604330063,-0.0604742132127285,1.6927638053894043,-0.4979066550731659,0.06465484946966171,-1.0360965728759766,0.0747421607375145,0.07645998895168304,1.3556082248687744,-0.5004093647003174,0.021311607211828232,0.09633718430995941,0.009328973479568958,-0.19957129657268524,0.29912465810775757,0.2902316749095917,-0.0014311692211776972,0.6079474091529846,0.022146565839648247,0.004247487057000399,-0.023186739534139633,0.1697269231081009,-0.2166549116373062,-0.007793217431753874,0.6113170981407166,0.013630084693431854,0.031087562441825867,0.0004779996525030583]","[-0.8849504590034485,0.05508513003587723,-0.14516997337341309,1.717947244644165,-0.38628140091896057,-0.02967166155576706,-1.0601917505264282,0.0030972864478826523,0.061279576271772385,1.4660965204238892,-0.589060366153717,-0.002905088011175394,0.034755028784275055,-0.06861317157745361,-0.21807043254375458,0.36706286668777466,0.3034130334854126,-0.02949683368206024,0.599404513835907,-0.03798370063304901,-0.12755826115608215,0.001808473840355873,0.18890896439552307,-0.26524263620376587,-0.014829352498054504,0.719075620174408,0.06972327828407288,-0.1793249398469925,-0.022202521562576294]","[-0.7818505167961121,0.4911251366138458,-0.9352537989616394,-0.513795018196106,0.7909685373306274,-0.22266191244125366,0.9169101715087891,0.8575498461723328,0.8112677335739136,0.6674796342849731,-0.675597071647644,-0.30843105912208557,0.3539949655532837,-0.5366878509521484,0.10156035423278809,0.433957576751709,0.09914785623550415,-0.16036869585514069,0.06727725267410278,0.2017386257648468,-0.08662034571170807,-0.050073444843292236,-0.6204031705856323,-0.08019320666790009,-0.2562333941459656,-0.020487606525421143,0.20315682888031006,0.14544633030891418,-0.05188419297337532]","[-0.7434629797935486,0.5591942667961121,-0.8542066812515259,1.0403560400009155,1.2126959562301636,-0.3776915371417999,0.45527732372283936,0.36091238260269165,-0.014671256765723228,0.5432358980178833,-0.7585657238960266,-0.0897514820098877,0.5034502744674683,-0.29197391867637634,0.04698804393410683,0.19347700476646423,0.15225474536418915,-0.02723243087530136,0.025377308949828148,0.17798689007759094,0.19851231575012207,-0.11448100954294205,-0.41082707047462463,0.028787240386009216,-0.0340903103351593,0.04664696380496025,-0.02614361234009266,0.03352120891213417,-0.007573683280497789]","[-1.7846559286117554,0.23684918880462646,-0.39026758074760437,3.6716129779815674,-0.10718225687742233,-0.13024987280368805,-1.1818169355392456,-0.22464942932128906,0.8326755166053772,1.7178891897201538,-0.8533419966697693,-0.4848412871360779,0.07941935956478119,-0.11948560178279877,-0.45942461490631104,0.006044633686542511,0.765713095664978,-0.011399857699871063,-0.775178074836731,-0.008979879319667816,-1.7929410934448242,-0.04616353660821915,-0.6213887333869934,-0.371759831905365,-0.10805338621139526,-0.5423259735107422,0.15606610476970673,-2.7000856399536133,-0.3602985739707947]",0.08189109712839127,0.024782124906778336,0.018798405304551125,0.08600397408008575,0.09268709272146225,4.6343546360731125,0,0,0,0.4634140431880951,0.49840155243873596,0.9932034611701965,0.9439985156059265,0.9397255182266235,0.8835147023200989,-0.08790329098701477,-0.0,-0.0,0.0,0.0,0.0,0.0
123,2.46,123,"[-0.9254886507987976,0.15572962164878845,-0.07454206049442291,1.691263198852539,-0.47424131631851196,0.05817611515522003,-1.018546462059021,0.08880573511123657,0.0921783298254013,1.3685907125473022,-0.5134586095809937,0.015019000507891178,0.1023034155368805,-0.0012438967823982239,-0.1975848227739334,0.30714794993400574,0.29191720485687256,-0.004538507666438818,0.6101828813552856,0.026035048067569733,0.0026151551865041256,-0.02401597984135151,0.15786080062389374,-0.2187333106994629,-0.013202151283621788,0.6114344000816345,0.017537416890263557,0.033845528960227966,-0.0004748697974719107]","[-0.8920257091522217,0.0632428228855133,-0.15392597019672394,1.7322156429290771,-0.3462858498096466,-0.04286428540945053,-1.0482697486877441,0.009411409497261047,0.060714442282915115,1.472091555595398,-0.6018276214599609,-0.0038687451742589474,0.04317047446966171,-0.07162999361753464,-0.21684637665748596,0.3689444661140442,0.305061399936676,-0.030212553218007088,0.5997781157493591,-0.035137198865413666,-0.12303046137094498,-0.0008696424774825573,0.1809816062450409,-0.2655083239078522,-0.015972228720784187,0.7197147011756897,0.06992936134338379,-0.178671196103096,-0.022405870258808136]","[-0.3661632537841797,0.11260770261287689,-0.49094417691230774,0.1684814691543579,1.452702283859253,-0.2798278033733368,0.8473485708236694,0.5411392450332642,0.731839656829834,0.6086409091949463,-0.6540268659591675,-0.21115046739578247,0.2701209783554077,-0.5192328095436096,0.10761544108390808,0.3369368612766266,0.06015673279762268,-0.1432429850101471,0.1690894365310669,0.18696986138820648,-0.0689273253083229,-0.028075743466615677,-0.5704313516616821,-0.10814890265464783,-0.27249976992607117,0.05429089069366455,0.1858762949705124,0.13536420464515686,-0.03788500279188156]","[-0.16726531088352203,0.33461058139801025,-0.29910361766815186,0.4369617700576782,2.449369192123413,-0.5747820138931274,0.6335092186927795,0.3005622327327728,-0.05294513702392578,0.1610165387392044,-0.5694608688354492,-0.02888619340956211,0.37477537989616394,-0.055353231728076935,0.02315894328057766,0.05483756586909294,0.04412868618965149,-0.03420970216393471,0.009295638650655746,0.12389018386602402,0.2049691081047058,-0.1324135959148407,-0.3744215965270996,-0.02509586699306965,-0.09582013636827469,0.01300616655498743,0.02183796651661396,0.029813382774591446,-0.013122512958943844]","[-1.7327523231506348,0.17297658324241638,-0.32623064517974854,3.5013844966888428,0.2331129014492035,-0.14658834040164948,-1.184247612953186,-0.12793582677841187,0.7135424017906189,1.6790682077407837,-0.690924346446991,-0.48709219694137573,0.07082628458738327,-0.049818072468042374,-0.4041503369808197,-0.07806014269590378,0.732641339302063,-0.028398685157299042,-0.8022173047065735,-0.009692631661891937,-1.791086196899414,-0.10111961513757706,-0.6026809811592102,-0.4450669288635254,-0.1145344227552414,-0.541515588760376,0.18172653019428253,-2.6823203563690186,-0.35969239473342896]",0.08535453677177429,0.013816893100738525,0.01813185028731823,0.08745239675045013,0.0935746282339096,4.67873141169548,0,0,0,0.46049413084983826,0.4995579719543457,0.9933279752731323,0.9396786093711853,0.9614954590797424,0.9413267374038696,-0.11714942753314972,-0.0,-0.0,0.0,0.0,0.0,0.0
124,2.48,124,"[-0.928727388381958,0.15438076853752136,-0.08011198043823242,1.6995030641555786,-0.4397985637187958,0.05346173793077469,-1.0022026300430298,0.09638772904872894,0.10573357343673706,1.3799538612365723,-0.5265704393386841,0.012865589000284672,0.10714202374219894,-0.011440339498221874,-0.19526667892932892,0.31260213255882263,0.2926379442214966,-0.007160888519138098,0.6147109866142273,0.029625359922647476,0.0014903940027579665,-0.02430976927280426,0.1469096690416336,-0.22098086774349213,-0.018693208694458008,0.6134887337684631,0.021065136417746544,0.03650213032960892,-0.0010374003322795033]","[-0.8902117609977722,0.06606215238571167,-0.15762542188167572,1.7426395416259766,-0.31259873509407043,-0.05237531289458275,-1.033362865447998,0.014683387242257595,0.06059085577726364,1.4701361656188965,-0.6102829575538635,-0.0039610289968550205,0.04867319390177727,-0.07263369113206863,-0.21584723889827728,0.3683737516403198,0.30583325028419495,-0.03078356944024563,0.5999302268028259,-0.032917819917201996,-0.119492307305336,-0.0035051279701292515,0.1735033541917801,-0.2656298577785492,-0.01689625158905983,0.7202104330062866,0.07187596708536148,-0.17803943157196045,-0.022492757067084312]","[0.05389302968978882,-0.19079037010669708,-0.22181682288646698,0.4176825284957886,1.7134934663772583,-0.17947889864444733,0.8706748485565186,0.27026888728141785,0.5997346639633179,0.4257321357727051,-0.6606504321098328,0.019008271396160126,0.21929703652858734,-0.49039775133132935,0.14968402683734894,0.1867055892944336,0.01850426197052002,-0.11081992834806442,0.2743735909461975,0.16811732947826385,-0.040345095098018646,0.000531412661075592,-0.5288302898406982,-0.08889585733413696,-0.2610872983932495,0.15396922826766968,0.16200296580791473,0.12820111215114594,-0.021607518196105957]","[0.17758655548095703,0.05073367431759834,-0.17651350796222687,0.4614295959472656,1.3305742740631104,-0.38110780715942383,0.7847874164581299,0.24499782919883728,0.011938484385609627,-0.260090172290802,-0.29421359300613403,0.007296552881598473,0.21125350892543793,-0.0441826768219471,0.031127071008086205,-0.06982513517141342,0.044498153030872345,-0.024311097338795662,0.0032693000975996256,0.10012459754943848,0.1508769989013672,-0.12575973570346832,-0.35118386149406433,-0.0012641794746741652,-0.023294607177376747,0.01611809805035591,0.1031993106007576,0.02985004149377346,-0.0003384496085345745]","[-1.6249057054519653,0.125915065407753,-0.289089560508728,3.288726568222046,0.5875780582427979,-0.1487332433462143,-1.1906390190124512,-0.05753568559885025,0.6295970678329468,1.6193698644638062,-0.5303976535797119,-0.47482019662857056,0.05331785976886749,-0.006033424288034439,-0.35722583532333374,-0.13762503862380981,0.6995134949684143,-0.0317075252532959,-0.8196197152137756,-0.006256408989429474,-1.7890839576721191,-0.13997623324394226,-0.5763070583343506,-0.5083755850791931,-0.1183239221572876,-0.5312837362289429,0.19652637839317322,-2.6819875240325928,-0.319482684135437]",0.0883977934718132,0.006966135464608669,0.017485367134213448,0.08652421832084656,0.09427004307508469,4.713502153754234,0,0,0,0.4578068256378174,0.4998984634876251,0.9934267997741699,0.9388290643692017,0.9695761799812317,0.9765623807907104,-0.12259741872549057,-0.0,-0.0,0.0,0.0,0.0,0.0
125,2.5,125,"[-0.923332929611206,0.14809800684452057,-0.08341473340988159,1.7079704999923706,-0.40570157766342163,0.05099695920944214,-0.9837194681167603,0.09961649030447006,0.11616771668195724,1.3856199979782104,-0.539884626865387,0.01577933132648468,0.11107529699802399,-0.02085980586707592,-0.19159746170043945,0.3146161735057831,0.29265737533569336,-0.008971304632723331,0.6211578249931335,0.03275974094867706,0.0010013513965532184,-0.023994723334908485,0.1367075890302658,-0.22228914499282837,-0.023645643144845963,0.6175931692123413,0.024017535150051117,0.038973573595285416,-0.0013391704997047782]","[-0.8812916874885559,0.06500464677810669,-0.16155637800693512,1.7462730407714844,-0.289497047662735,-0.05965575948357582,-1.0123844146728516,0.019214363768696785,0.061324141919612885,1.4588347673416138,-0.6137605309486389,-0.0033516730181872845,0.05217684805393219,-0.0733662024140358,-0.21124091744422913,0.36401164531707764,0.3063364326953888,-0.03118307515978813,0.599981427192688,-0.031387366354465485,-0.11653656512498856,-0.005510962102562189,0.16632023453712463,-0.26562580466270447,-0.016676001250743866,0.7206776142120361,0.07486801594495773,-0.1774003803730011,-0.022292103618383408]","[0.49440711736679077,-0.3760751485824585,-0.18073228001594543,0.20966827869415283,1.5834033489227295,-0.10874355584383011,1.066654920578003,0.08269231766462326,0.40847456455230713,-0.027257204055786133,-0.6119027733802795,0.18258051574230194,0.17626826465129852,-0.4338725507259369,0.24398230016231537,-0.001586228609085083,-0.020563602447509766,-0.06528842449188232,0.34921467304229736,0.13892865180969238,-0.0023773289285600185,0.028987135738134384,-0.49376562237739563,-0.02707354724407196,-0.2188832014799118,0.23332536220550537,0.12881286442279816,0.1196661964058876,-0.011490355245769024]","[0.5111257433891296,-0.10255716741085052,-0.20137301087379456,0.023166975006461143,1.1496270895004272,-0.31846630573272705,1.1431758403778076,0.2136576920747757,0.04356291890144348,-0.7411115169525146,-0.10058754682540894,0.031003626063466072,0.14149783551692963,-0.026395078748464584,0.26660823822021484,-0.27335885167121887,0.019190996885299683,-0.017888592556118965,-9.839155245572329e-05,0.0672808513045311,0.12287024408578873,-0.09058389812707901,-0.33632931113243103,-0.00043541481136344373,0.021160494536161423,0.012502074241638184,0.145563006401062,0.029449298977851868,0.013504255563020706]","[-1.4963585138320923,0.08329367637634277,-0.2483426332473755,3.035324811935425,0.8888460993766785,-0.1587217152118683,-1.1795475482940674,-0.011657051742076874,0.5663873553276062,1.4756193161010742,-0.3778477609157562,-0.44834738969802856,0.039786532521247864,0.04734275862574577,-0.32566872239112854,-0.1850796937942505,0.6730809211730957,-0.03567557781934738,-0.827298104763031,-0.008918054401874542,-1.795323133468628,-0.1420067846775055,-0.5451902151107788,-0.5468310713768005,-0.11066962778568268,-0.5349204540252686,0.20883357524871826,-2.6846537590026855,-0.26595643162727356]",0.09122735261917114,0.006308676674962044,0.01700153946876526,0.08363307267427444,0.0946517065167427,4.732585325837135,0,0,0,0.4553166627883911,0.4998582899570465,0.9935302734375,0.9420756101608276,0.9794736504554749,0.9816214442253113,-0.11929085105657578,-0.0,-0.0,0.0,0.0,0.0,0.0
126,2.52,126,"[-0.9089511036872864,0.13933776319026947,-0.08734127134084702,1.7078897953033447,-0.3764624297618866,0.049111995846033096,-0.9595364332199097,0.09969542175531387,0.12207255512475967,1.3788635730743408,-0.5510465502738953,0.020168809220194817,0.11419275403022766,-0.028795242309570312,-0.1855073869228363,0.31253868341445923,0.2918154001235962,-0.009772425517439842,0.6286795735359192,0.03518250584602356,0.0013953008456155658,-0.023150283843278885,0.12715904414653778,-0.222063809633255,-0.027448536828160286,0.6228217482566833,0.02621765062212944,0.04128877818584442,-0.0014970145421102643]","[-0.865685760974884,0.06253521889448166,-0.1653260737657547,1.7390110492706299,-0.26397937536239624,-0.06645409762859344,-0.9834924340248108,0.02465863712131977,0.06358861923217773,1.4354742765426636,-0.6106405258178711,-0.00010829290840774775,0.05463747680187225,-0.073659747838974,-0.20313997566699982,0.3564525246620178,0.30624112486839294,-0.031482845544815063,0.6001394987106323,-0.03028879128396511,-0.11413998156785965,-0.006781543605029583,0.16056689620018005,-0.26555171608924866,-0.014644987881183624,0.7208325862884521,0.0774703174829483,-0.17685973644256592,-0.021801531314849854]","[0.9496942162513733,-0.4535820484161377,-0.20339563488960266,-0.423508882522583,1.379498839378357,-0.11022324115037918,1.3953298330307007,-0.12247096747159958,0.08504446595907211,-0.8422404527664185,-0.3654569387435913,0.14489372074604034,0.14762376248836517,-0.3608507513999939,0.363081693649292,-0.19851699471473694,-0.07379204034805298,-0.017112260684370995,0.3697395324707031,0.10307300835847855,0.04051612317562103,0.05698837339878082,-0.4513207972049713,0.056021660566329956,-0.14700163900852203,0.2603381872177124,0.09197337180376053,0.11084191501140594,-0.00256560742855072]","[0.8460667729377747,-0.14136195182800293,-0.17218676209449768,-0.5782728791236877,1.396459698677063,-0.31418707966804504,1.5380921363830566,0.2805522084236145,0.13250526785850525,-1.381654143333435,0.27472907304763794,0.15323133766651154,0.09330499172210693,-0.011629133485257626,0.39411792159080505,-0.404802531003952,-0.011628818698227406,-0.013433119282126427,0.00932173989713192,0.050088148564100266,0.09913738071918488,-0.05282299965620041,-0.23571796715259552,0.003567836480215192,0.1354544460773468,0.0010645854054018855,0.1116257905960083,0.023685887455940247,0.027686843648552895]","[-1.387184739112854,0.06515417993068695,-0.2190954089164734,2.741748094558716,1.0792738199234009,-0.17350172996520996,-1.1470930576324463,0.02715497463941574,0.5242708325386047,1.2617939710617065,-0.2605007588863373,-0.41907942295074463,0.033631809055805206,0.10785548388957977,-0.3108922839164734,-0.2247994840145111,0.6400324702262878,-0.032569676637649536,-0.8211607933044434,-0.015338078141212463,-1.8001151084899902,-0.11213015764951706,-0.5130742788314819,-0.5687185525894165,-0.10094728320837021,-0.5425177812576294,0.21074847877025604,-2.7137391567230225,-0.21923445165157318]",0.09377959370613098,0.010880055837333202,0.016948722302913666,0.08057763427495956,0.09505824744701385,4.752912372350693,0,0,0,0.4529668390750885,0.4995999336242676,0.9937872290611267,0.9457806348800659,0.9862141609191895,0.9809340238571167,-0.10637038946151733,-0.0,-0.0,0.0,0.0,0.0,0.0
127,2.54,127,"[-0.8853451609611511,0.1299547255039215,-0.0915505588054657,1.6910301446914673,-0.35052162408828735,0.04658802971243858,-0.9279062747955322,0.09471765160560608,0.11956949532032013,1.3519303798675537,-0.5545029044151306,0.0215750802308321,0.11698024719953537,-0.035293836146593094,-0.17707419395446777,0.3066754937171936,0.28970569372177124,-0.009655795060098171,0.6359474062919617,0.036882661283016205,0.0026219962164759636,-0.021715188398957253,0.1186547577381134,-0.22004827857017517,-0.02952570840716362,0.6280066967010498,0.02769646979868412,0.04340725019574165,-0.001441794796846807]","[-0.8424693942070007,0.060938511043787,-0.1683879792690277,1.7174279689788818,-0.23335124552249908,-0.07333377748727798,-0.9468532800674438,0.03166588023304939,0.06697621941566467,1.3978931903839111,-0.6007422208786011,0.005431618075817823,0.057024456560611725,-0.072736956179142,-0.19467343389987946,0.3465661108493805,0.3045218586921692,-0.03166268765926361,0.6024786829948425,-0.029393931850790977,-0.11226712912321091,-0.0074913473799824715,0.158113494515419,-0.2654663622379303,-0.010812489315867424,0.7207685112953186,0.0786954015493393,-0.17651686072349548,-0.021118832752108574]","[1.456777811050415,-0.42853301763534546,-0.19353702664375305,-1.4506429433822632,1.300518274307251,-0.1413099467754364,1.8158584833145142,-0.3522232174873352,-0.3635522127151489,-2.0496726036071777,0.24790912866592407,-0.05009407177567482,0.1490062177181244,-0.2685585021972656,0.475117951631546,-0.3597274422645569,-0.1583188772201538,0.022531673312187195,0.3158584237098694,0.06114179268479347,0.07684458047151566,0.08462677150964737,-0.39156174659729004,0.13793036341667175,-0.04790034145116806,0.23000389337539673,0.05184449255466461,0.09582880884408951,0.007024325896054506]","[1.2394884824752808,-0.07045628875494003,-0.13964198529720306,-1.341209053993225,1.6341053247451782,-0.3141065537929535,1.9133423566818237,0.37677496671676636,0.1804812103509903,-2.1510517597198486,0.6932986378669739,0.25999704003334045,0.08892055600881577,0.06769608706235886,0.35705214738845825,-0.48546674847602844,-0.10980243980884552,-0.009611890651285648,0.1040157899260521,0.042649418115615845,0.08796124160289764,-0.029188966378569603,-0.052982147783041,0.005234535317867994,0.2182462364435196,-0.006099178455770016,0.042217597365379333,0.013058915734291077,0.035399723798036575]","[-1.2875139713287354,0.06587272882461548,-0.20463326573371887,2.397045135498047,1.1871510744094849,-0.18641866743564606,-1.094450831413269,0.06393923610448837,0.4935431480407715,0.9775844216346741,-0.1669476479291916,-0.39365026354789734,0.037355467677116394,0.17454056441783905,-0.3011362552642822,-0.266618937253952,0.5938141345977783,-0.026074320077896118,-0.8002098798751831,-0.016000457108020782,-1.7979635000228882,-0.04335352033376694,-0.4815179109573364,-0.5789635181427002,-0.09258778393268585,-0.5559884309768677,0.19656746089458466,-2.771679162979126,-0.18393881618976593]",0.09578003734350204,0.017436930909752846,0.016979550942778587,0.07805727422237396,0.09441814571619034,4.720907285809517,0,0,0,0.451025128364563,0.4990710914134979,0.9941849708557129,0.9482026100158691,0.9853450655937195,0.970990002155304,-0.12791208922863007,-0.0,-0.0,0.0,0.0,0.0,0.0
128,2.56,128,"[-0.8506799936294556,0.12219644337892532,-0.09508275240659714,1.6498640775680542,-0.32444170117378235,0.04345959797501564,-0.8869020938873291,0.08560649305582047,0.10753046721220016,1.2968766689300537,-0.5411301851272583,0.018165046349167824,0.12015300244092941,-0.03953758254647255,-0.1665026694536209,0.29814958572387695,0.28548264503479004,-0.008871158584952354,0.641313910484314,0.0376281775534153,0.004469084087759256,-0.019765213131904602,0.11149657517671585,-0.21654659509658813,-0.02936455048620701,0.6320219039916992,0.028291430324316025,0.045121930539608,-0.001216041506268084]","[-0.8074373602867126,0.06223194673657417,-0.1728346049785614,1.6657370328903198,-0.1599191129207611,-0.07717789709568024,-0.9007659554481506,0.04180317744612694,0.06947292387485504,1.3423149585723877,-0.583565354347229,0.013458766043186188,0.05864477902650833,-0.06603918224573135,-0.18724578619003296,0.33567818999290466,0.298933744430542,-0.03195517882704735,0.6069760322570801,-0.02852529101073742,-0.11063866317272186,-0.007737068925052881,0.1583213061094284,-0.2658640742301941,-0.007535187527537346,0.7204813957214355,0.07900720089673996,-0.17638131976127625,-0.020456578582525253]","[1.9918650388717651,-0.3484809994697571,-0.1946769654750824,-2.706611156463623,1.3508379459381104,-0.15819603204727173,2.309940814971924,-0.4135357439517975,-0.6420232653617859,-3.4919590950012207,1.225745677947998,-0.25305628776550293,0.12255199253559113,-0.1069813072681427,0.5140110850334167,-0.4464253783226013,-0.2768285572528839,0.03679327294230461,0.19581615924835205,0.016931351274251938,0.10563312470912933,0.10835877805948257,-0.28792712092399597,0.1908276230096817,0.06168210133910179,0.15683025121688843,0.008529704064130783,0.07406286895275116,0.018832076340913773]","[1.9180636405944824,0.09384290128946304,-0.28705114126205444,-2.565281629562378,3.177506685256958,-0.1556827872991562,2.4982590675354004,0.6064777374267578,0.18486057221889496,-3.215954542160034,0.6712601184844971,0.34326666593551636,0.03988920897245407,0.40744152665138245,0.24978981912136078,-0.47956258058547974,-0.3257075846195221,-0.012911905534565449,0.1905079036951065,0.04319050535559654,0.06840164214372635,-0.00637961458414793,0.021890783682465553,0.00766118336468935,0.12553860247135162,0.0243711955845356,0.005348659120500088,0.007305053528398275,0.03041078709065914]","[-1.1806493997573853,0.0672745406627655,-0.19138917326927185,2.056020498275757,1.2370539903640747,-0.1927897036075592,-1.0091967582702637,0.09814246743917465,0.4757557213306427,0.6372556090354919,-0.048955559730529785,-0.3756503760814667,0.046417511999607086,0.22530965507030487,-0.28989988565444946,-0.3031601309776306,0.5349074602127075,-0.02457069605588913,-0.7770786285400391,-0.010315902531147003,-1.7858271598815918,0.05911394953727722,-0.45412296056747437,-0.5688052177429199,-0.08478522300720215,-0.5765580534934998,0.17448464035987854,-2.8337271213531494,-0.15722528100013733]",0.0972760021686554,0.026750754565000534,0.016677044332027435,0.07896468043327332,0.0925123393535614,4.62561696767807,0,0,0,0.44952109456062317,0.4979645907878876,0.9947164058685303,0.9447940587997437,0.969558596611023,0.9162859320640564,-0.14722347259521484,-0.0,-0.0,0.0,0.0,0.0,0.0
129,2.58,129,"[-0.8056705594062805,0.1160154864192009,-0.099337637424469,1.5827656984329224,-0.29648810625076294,0.0402601882815361,-0.8355086445808411,0.07817622274160385,0.09388856589794159,1.2122520208358765,-0.5054730772972107,0.011452829465270042,0.12188232690095901,-0.03957308828830719,-0.1565137505531311,0.28881847858428955,0.2786325514316559,-0.00818406417965889,0.6437800526618958,0.03755991533398628,0.006847321055829525,-0.017380837351083755,0.10713767260313034,-0.2124151736497879,-0.027058424428105354,0.6342799067497253,0.02803765796124935,0.0463697649538517,-0.0006885117618367076]","[-0.7601932883262634,0.06457363069057465,-0.17743650078773499,1.6146847009658813,-0.13007676601409912,-0.07985566556453705,-0.8471425175666809,0.05314932018518448,0.07356312870979309,1.2706278562545776,-0.556599497795105,0.019082337617874146,0.060007430613040924,-0.05790804326534271,-0.18111857771873474,0.32599231600761414,0.2902039885520935,-0.03208135440945625,0.6123301386833191,-0.027607649564743042,-0.10895929485559464,-0.007490311283618212,0.158925861120224,-0.2652305066585541,-0.003969668410718441,0.7220006585121155,0.07849681377410889,-0.17627203464508057,-0.019715653732419014]","[2.4492695331573486,-0.27454495429992676,-0.2718847393989563,-3.8846611976623535,1.4070175886154175,-0.15797969698905945,2.8374345302581787,-0.2589831054210663,-0.6005950570106506,-4.887232303619385,2.1025969982147217,-0.3618822395801544,0.005698204040527344,0.14255568385124207,0.40887147188186646,-0.4553377628326416,-0.42588338255882263,0.01346091739833355,0.050956010818481445,-0.027469545602798462,0.13512147963047028,0.12342163920402527,-0.1029888167977333,0.18431395292282104,0.1517842561006546,0.06303489208221436,-0.0353998988866806,0.049247127026319504,0.032401591539382935]","[2.437504291534424,0.09451545774936676,-0.1801440268754959,-2.649482488632202,0.9030361175537109,-0.12338471412658691,2.7214293479919434,0.5260339379310608,0.24614739418029785,-3.8218939304351807,1.6512651443481445,0.20593537390232086,0.03242991119623184,0.38103359937667847,0.21405340731143951,-0.4218636155128479,-0.4716557264328003,-0.005956614390015602,0.2358592003583908,0.046917498111724854,0.08678901195526123,0.01857413351535797,0.029281703755259514,0.04628409072756767,0.20726178586483002,0.11734365671873093,-0.033829569816589355,0.005451384000480175,0.038364194333553314]","[-1.0553348064422607,0.07008539140224457,-0.16157856583595276,1.8449206352233887,1.234750509262085,-0.18848192691802979,-0.8728570342063904,0.10984238237142563,0.48433777689933777,0.3254270851612091,0.184234157204628,-0.3753848671913147,0.04758814722299576,0.22710876166820526,-0.2910202145576477,-0.3150935769081116,0.46249452233314514,-0.025076478719711304,-0.7649428248405457,-0.004352450370788574,-1.74521803855896,0.18053412437438965,-0.4283711314201355,-0.5250567197799683,-0.07295569777488708,-0.5810073614120483,0.15818537771701813,-2.876533269882202,-0.13902267813682556]",0.0983339175581932,0.03845292329788208,0.016539258882403374,0.08239765465259552,0.09325268119573593,4.662634059786797,0,0,0,0.4483324885368347,0.4958887994289398,0.9948397874832153,0.9382173418998718,0.9602349400520325,0.9544877409934998,-0.12936703860759735,-0.0,-0.0,0.0,0.0,0.0,0.0
130,2.6,130,"[-0.7527092099189758,0.11121464520692825,-0.10595814138650894,1.49447762966156,-0.26816099882125854,0.037140410393476486,-0.7734047174453735,0.07524716854095459,0.08350666612386703,1.10138738155365,-0.45702630281448364,0.003689757315441966,0.1203809306025505,-0.03383535519242287,-0.15014781057834625,0.2799360752105713,0.26844730973243713,-0.008332721889019012,0.6433521509170532,0.03652939572930336,0.009873943403363228,-0.014828347600996494,0.10737702250480652,-0.2091740369796753,-0.023293180391192436,0.6345432996749878,0.026875434443354607,0.04709181562066078,8.00221532699652e-05]","[-0.7057514786720276,0.06576129794120789,-0.17887145280838013,1.554357886314392,-0.11527669429779053,-0.08186020702123642,-0.7839924097061157,0.061809998005628586,0.07996610552072525,1.175744652748108,-0.4823648929595947,0.015839044004678726,0.06003710627555847,-0.05101238936185837,-0.17497092485427856,0.3178640305995941,0.2793804109096527,-0.03212762996554375,0.6156426072120667,-0.026704462245106697,-0.10682635754346848,-0.005810013972222805,0.1605883091688156,-0.26298224925994873,-0.0010628618765622377,0.7231616973876953,0.0777517706155777,-0.1763344705104828,-0.019043978303670883]","[2.7210967540740967,-0.2409542053937912,-0.37945789098739624,-4.788869857788086,1.4876410961151123,-0.11126483231782913,3.338024139404297,-0.04094913601875305,-0.3642842173576355,-6.146055698394775,2.6608824729919434,-0.3666141927242279,-0.17041563987731934,0.39433372020721436,0.17083622515201569,-0.4008769989013672,-0.5752511620521545,-0.04042556881904602,-0.09082406759262085,-0.07227268069982529,0.16883982717990875,0.12498351186513901,0.15750770270824432,0.12024715542793274,0.20588263869285583,-0.03154724836349487,-0.07769288867712021,0.02620043233036995,0.04462198540568352]","[2.715068817138672,0.03546467795968056,-0.02391054481267929,-3.2206735610961914,0.8359578847885132,-0.08744265139102936,3.2190792560577393,0.3853105306625366,0.37405577301979065,-4.809922218322754,3.506953716278076,-0.2088497132062912,-0.029753059148788452,0.3363233506679535,0.21016187965869904,-0.3564381003379822,-0.5713817477226257,-0.0039908685721457005,0.10191761702299118,0.045535117387771606,0.09425831586122513,0.0858943834900856,0.14362846314907074,0.11866427958011627,0.13127771019935608,0.028794709593057632,-0.03485944867134094,-0.008518622256815434,0.032997939735651016]","[-1.0047754049301147,0.07447129487991333,-0.14710623025894165,1.7178263664245605,1.2388453483581543,-0.17485551536083221,-0.6616125106811523,0.11778034269809723,0.5006833076477051,0.023910291492938995,0.3669781982898712,-0.3660517930984497,0.06433777511119843,0.20991460978984833,-0.293470174074173,-0.31580662727355957,0.41008374094963074,-0.035091742873191833,-0.7632297277450562,-0.005217123776674271,-1.7052581310272217,0.31437060236930847,-0.40436843037605286,-0.46745628118515015,-0.06448560208082199,-0.6010057926177979,0.15648354589939117,-2.87795090675354,-0.1295456737279892]",0.09922654181718826,0.04955882579088211,0.017058445140719414,0.08621890842914581,0.09272442758083344,4.636221379041672,0,0,0,0.44720587134361267,0.49318307638168335,0.994511604309082,0.9327895045280457,0.9464088678359985,0.9300684332847595,-0.10794629156589508,-0.0,-0.0,0.0,0.0,0.0,0.0
131,2.62,131,"[-0.696826696395874,0.10637731850147247,-0.11451595276594162,1.391210913658142,-0.23698246479034424,0.03580959513783455,-0.7019876837730408,0.07653825730085373,0.07931719720363617,0.9664098024368286,-0.39903777837753296,-0.003211737610399723,0.11506570130586624,-0.02379973977804184,-0.14968030154705048,0.27278339862823486,0.2556225061416626,-0.009801086969673634,0.6401470899581909,0.03466900810599327,0.013600913807749748,-0.012381496839225292,0.11343798041343689,-0.2076052874326706,-0.01882311888039112,0.6330180168151855,0.024929942563176155,0.0474177822470665,0.0010963676031678915]","[-0.6513388156890869,0.06733814626932144,-0.17963889241218567,1.4831969738006592,-0.08990637212991714,-0.08284111320972443,-0.7115150094032288,0.06975385546684265,0.08886747062206268,1.0711047649383545,-0.44397208094596863,0.013836323283612728,0.05925111472606659,-0.042002514004707336,-0.17221896350383759,0.31066200137138367,0.26552850008010864,-0.032127298414707184,0.6168965101242065,-0.025711093097925186,-0.10520797967910767,-0.0024984064511954784,0.16550298035144806,-0.26059699058532715,5.7081939303316176e-05,0.7233681678771973,0.0767996683716774,-0.17650862038135529,-0.01844647526741028]","[2.7353198528289795,-0.262633353471756,-0.4173062741756439,-5.29225492477417,1.7842050790786743,-0.008756108582019806,3.752397060394287,0.12353658676147461,-0.0016294419765472412,-7.247081756591797,3.2142646312713623,-0.3468106985092163,-0.35336950421333313,0.5311405658721924,-0.13900287449359894,-0.28586313128471375,-0.6539859175682068,-0.10384833812713623,-0.23320019245147705,-0.10669082403182983,0.197499617934227,0.11427309364080429,0.448831170797348,0.03616921603679657,0.22614216804504395,-0.12124627828598022,-0.10849293321371078,0.009015947580337524,0.05552108585834503]","[2.641794443130493,0.08548910170793533,-0.02265120856463909,-3.726074695587158,1.5895591974258423,-0.029958032071590424,3.6854732036590576,0.3776049017906189,0.48704981803894043,-5.4580254554748535,1.3928195238113403,-0.04019154980778694,-0.03836412727832794,0.48214223980903625,0.06369808316230774,-0.3592716455459595,-0.7357772588729858,-0.001513563678599894,0.031459368765354156,0.051429808139801025,0.0655503049492836,0.16932323575019836,0.28529679775238037,0.10446447134017944,0.02740516886115074,0.001607153215445578,-0.04588596150279045,-0.010539302602410316,0.029663274064660072]","[-1.0016834735870361,0.07181745767593384,-0.14021268486976624,1.6654984951019287,1.2020119428634644,-0.15089665353298187,-0.4603922963142395,0.09294363856315613,0.5301246643066406,-0.2215673327445984,0.44450870156288147,-0.32684820890426636,0.0822007805109024,0.14392022788524628,-0.30083420872688293,-0.29542234539985657,0.3592042028903961,-0.043889038264751434,-0.752744734287262,0.003984734416007996,-1.6889406442642212,0.44317230582237244,-0.39288991689682007,-0.39978140592575073,-0.06435719132423401,-0.6005353331565857,0.15152890980243683,-2.8564422130584717,-0.11351030319929123]",0.10020120441913605,0.05849628150463104,0.01842276193201542,0.09102354943752289,0.09371142834424973,4.685571417212486,0,0,0,0.44599679112434387,0.4904226064682007,0.9938321113586426,0.9246814846992493,0.9536640644073486,0.9493898749351501,-0.072415292263031,-0.0,-0.0,0.0,0.0,0.0,0.0
132,2.64,132,"[-0.6432964205741882,0.10070931166410446,-0.1226503923535347,1.2827874422073364,-0.19679279625415802,0.036790166050195694,-0.6233088374137878,0.08018863201141357,0.08344148844480515,0.8115041255950928,-0.32845571637153625,-0.010182670317590237,0.10624615103006363,-0.012589734978973866,-0.1557079255580902,0.26850154995918274,0.24228787422180176,-0.01248665526509285,0.6340241432189941,0.03226176276803017,0.017773928120732307,-0.010257423855364323,0.12533026933670044,-0.20772726833820343,-0.01424749381840229,0.6296934485435486,0.022535717114806175,0.04745245352387428,0.002300865715369582]","[-0.601561427116394,0.06803186982870102,-0.17959754168987274,1.404311180114746,-0.0470501109957695,-0.08268468081951141,-0.6377175450325012,0.07486183941364288,0.09932439774274826,0.955073893070221,-0.41216468811035156,0.015009770169854164,0.05757046490907669,-0.03243369981646538,-0.17313885688781738,0.30343055725097656,0.24974825978279114,-0.03215569257736206,0.6170638799667358,-0.0231581199914217,-0.10421981662511826,0.0017595827812328935,0.17194750905036926,-0.2588927447795868,0.00025003813789226115,0.7233142256736755,0.07401541620492935,-0.17675739526748657,-0.017808977514505386]","[2.5260777473449707,-0.35350844264030457,-0.29287654161453247,-5.250319957733154,2.225196123123169,0.11136606335639954,3.9922029972076416,0.14422033727169037,0.4444325566291809,-7.976988315582275,3.850008726119995,-0.401962012052536,-0.4995107650756836,0.46794116497039795,-0.44133737683296204,-0.1452229917049408,-0.6027795672416687,-0.1429886370897293,-0.3778800368309021,-0.12795743346214294,0.2006758451461792,0.09454791992902756,0.7095821499824524,-0.025717169046401978,0.22097539901733398,-0.20656287670135498,-0.12376686185598373,-0.012014899402856827,0.05952395126223564]","[2.323284149169922,-0.017829060554504395,0.040183715522289276,-4.036008834838867,2.4776642322540283,0.023286109790205956,3.7178492546081543,0.18154598772525787,0.6134608387947083,-6.080732345581055,1.6138783693313599,0.06179168075323105,-0.13263197243213654,0.4275384247303009,-0.16458186507225037,-0.3501448631286621,-0.7770056128501892,-0.0030324396211653948,-0.005741919856518507,0.1348552107810974,0.03913992643356323,0.20127496123313904,0.35083144903182983,0.07681167870759964,0.0008148772758431733,-0.009950192645192146,-0.15050505101680756,-0.016163649037480354,0.03204703703522682]","[-1.0354653596878052,0.05518428608775139,-0.1349198818206787,1.6858549118041992,1.1006416082382202,-0.1354249268770218,-0.2857275903224945,0.025629587471485138,0.5755251049995422,-0.3585220277309418,0.6351569890975952,-0.3129555284976959,0.0944613367319107,0.04617210850119591,-0.336322546005249,-0.25330090522766113,0.3127226233482361,-0.04643498361110687,-0.7436954379081726,0.022845406085252762,-1.6651967763900757,0.5352890491485596,-0.4116167426109314,-0.33372509479522705,-0.053541723638772964,-0.5747379064559937,0.13191285729408264,-2.852160692214966,-0.08906488865613937]",0.10163307189941406,0.06240670382976532,0.01985226571559906,0.09565404802560806,0.09382939338684082,4.691469669342041,0,0,0,0.4443742334842682,0.4889940917491913,0.9931105971336365,0.9156288504600525,0.9685742855072021,0.9486183524131775,-0.06783097982406616,-0.0,-0.0,0.0,0.0,0.0,0.0
133,2.66,133,"[-0.5957835912704468,0.09223698079586029,-0.12623101472854614,1.1811981201171875,-0.1479746252298355,0.04026423767209053,-0.5422995686531067,0.08230707049369812,0.09709449857473373,0.6473302841186523,-0.24503743648529053,-0.019290216267108917,0.0950852707028389,-0.005082093179225922,-0.16733379662036896,0.26697447896003723,0.23151132464408875,-0.015520632266998291,0.6250318884849548,0.029550710693001747,0.021627947688102722,-0.008599580265581608,0.1418212652206421,-0.20863397419452667,-0.00998410303145647,0.6247555017471313,0.019979268312454224,0.046937186270952225,0.003477325662970543]","[-0.561465859413147,0.06513926386833191,-0.17577150464057922,1.3188145160675049,0.014267483726143837,-0.0817730501294136,-0.5684289932250977,0.07369336485862732,0.11322341859340668,0.8275404572486877,-0.3592442274093628,0.013363937847316265,0.05408812314271927,-0.02719990536570549,-0.18151246011257172,0.29615533351898193,0.234897643327713,-0.03206825628876686,0.6166896224021912,-0.01982232928276062,-0.10369737446308136,0.006063778884708881,0.17968523502349854,-0.25810518860816956,0.00015525224443990737,0.7230281829833984,0.0697975754737854,-0.17719228565692902,-0.017127756029367447]","[2.152986764907837,-0.5133562088012695,0.10359007865190506,-4.695925235748291,2.28120756149292,0.14394550025463104,3.921794891357422,-0.0187726691365242,0.8572485446929932,-8.013400077819824,4.270293235778809,-0.49984660744667053,-0.5443708896636963,0.19440117478370667,-0.6583698391914368,-0.0385873019695282,-0.427844375371933,-0.1278771609067917,-0.484311580657959,-0.1363145262002945,0.16664616763591766,0.0728546679019928,0.873345136642456,-0.03542415797710419,0.19806423783302307,-0.26139169931411743,-0.12383218854665756,-0.04635751247406006,0.05322102829813957]","[1.8379924297332764,-0.2915586829185486,0.32307854294776917,-4.088832378387451,2.963474988937378,0.056770823895931244,3.368800401687622,-0.28731733560562134,0.852176308631897,-6.789483547210693,4.581686496734619,-0.5999470353126526,-0.1900835782289505,0.001994658261537552,-0.5296288728713989,-0.36328208446502686,-0.6385906338691711,0.010226499289274216,-0.041224654763936996,0.15838003158569336,0.014843733049929142,0.20078502595424652,0.3836946487426758,0.05811798572540283,-0.0013482890790328383,-0.021035166457295418,-0.2092938870191574,-0.025737013667821884,0.03472649306058884]","[-1.0939265489578247,0.0422804020345211,-0.13950881361961365,1.7349737882614136,0.882171630859375,-0.12528470158576965,-0.1605047732591629,-0.10790476948022842,0.6148523688316345,-0.3967321515083313,0.8329273462295532,-0.31511664390563965,0.11468774825334549,-0.08784697949886322,-0.3898727595806122,-0.21868085861206055,0.2661150097846985,-0.04385770112276077,-0.7131645083427429,0.032620131969451904,-1.627695083618164,0.6016284227371216,-0.43667110800743103,-0.27212899923324585,-0.03218546137213707,-0.545097827911377,0.1154758632183075,-2.8468635082244873,-0.0608963668346405]",0.1032189205288887,0.061561547219753265,0.0206065122038126,0.09908579289913177,0.09365345537662506,4.682672768831253,0,0,0,0.4426589608192444,0.48914891481399536,0.9928143620491028,0.9080411791801453,0.9793785214424133,0.9545232057571411,-0.08389245718717575,-0.0,-0.0,0.0,0.0,0.0,0.0
134,2.68,134,"[-0.557176947593689,0.08017506450414658,-0.1185067892074585,1.0949504375457764,-0.10554449260234833,0.042547985911369324,-0.46643704175949097,0.0794377252459526,0.11773142963647842,0.49096813797950745,-0.15764398872852325,-0.03017653338611126,0.08447131514549255,-0.004813688341528177,-0.18204271793365479,0.2669580578804016,0.22517409920692444,-0.0176017414778471,0.6146516799926758,0.02680918201804161,0.024439774453639984,-0.007343237288296223,0.16026407480239868,-0.2091442346572876,-0.006324924994260073,0.6192377805709839,0.017582429572939873,0.04559815302491188,0.004429706837981939]","[-0.5343031883239746,0.055236585438251495,-0.16190733015537262,1.242296814918518,0.03767644241452217,-0.08080113679170609,-0.5117528438568115,0.06060520187020302,0.1302066445350647,0.7041520476341248,-0.29198095202445984,0.009201142936944962,0.04866555333137512,-0.03359546884894371,-0.19741426408290863,0.287169486284256,0.2241562008857727,-0.03173370286822319,0.6168407797813416,-0.017713015899062157,-0.10350880026817322,0.010233113542199135,0.1881449818611145,-0.2567569613456726,-4.084766624146141e-05,0.7229328155517578,0.06661718338727951,-0.17771406471729279,-0.01636621169745922]","[1.6415551900863647,-0.6834391951560974,0.6768848896026611,-3.904205560684204,1.6309435367584229,0.05533285439014435,3.4677894115448,-0.3271428942680359,0.9387018084526062,-7.173676013946533,4.229179859161377,-0.5282986164093018,-0.48354753851890564,-0.1669105589389801,-0.7340520620346069,-0.007559359073638916,-0.2105712890625,-0.062005966901779175,-0.5096957087516785,-0.13053669035434723,0.10714461654424667,0.05583563074469566,0.886853814125061,-0.0006858259439468384,0.16130535304546356,-0.2688586711883545,-0.10880953818559647,-0.08775284886360168,0.03787509724497795]","[1.044950246810913,-0.5705587863922119,0.8631601333618164,-3.8164749145507812,0.5205733180046082,0.045535698533058167,2.6205763816833496,-0.8083023428916931,0.8581702709197998,-5.934467792510986,2.681216239929199,-0.11679961532354355,-0.32115527987480164,-0.447045236825943,-0.8812016844749451,-0.5203922986984253,-0.4845011234283447,0.013637537136673927,0.00910226535052061,0.08506019413471222,0.005305911879986525,0.19705547392368317,0.41994526982307434,0.04572616517543793,-0.013594906777143478,-0.009735245257616043,-0.13220983743667603,-0.0280513484030962,0.03941687196493149]","[-1.156511664390564,0.021045159548521042,-0.13376057147979736,1.726534366607666,0.5677199363708496,-0.11401508003473282,-0.060854509472846985,-0.26549389958381653,0.590587854385376,-0.3605559170246124,0.9409605264663696,-0.2752400040626526,0.12582075595855713,-0.23006941378116608,-0.4618217945098877,-0.20911824703216553,0.2214028388261795,-0.03968840837478638,-0.6499154567718506,0.02376691997051239,-1.6170977354049683,0.6538936495780945,-0.43185001611709595,-0.21729706227779388,0.0010110214352607727,-0.5330688953399658,0.11599153280258179,-2.810464382171631,0.0039007216691970825]",0.10460733622312546,0.05838054418563843,0.020790278911590576,0.09967068582773209,0.09366875141859055,4.683437570929527,0,0,0,0.4412626326084137,0.49004101753234863,0.992686927318573,0.9071257710456848,0.9785067439079285,0.9726953506469727,-0.09888060390949249,-0.0,-0.0,0.0,0.0,0.0,0.0
135,2.7,135,"[-0.530121386051178,0.06489941477775574,-0.09915561974048615,1.0250298976898193,-0.08273688703775406,0.042477551847696304,-0.4035879969596863,0.06922135502099991,0.1346425712108612,0.3603832423686981,-0.07587025314569473,-0.04042216017842293,0.07574336975812912,-0.011758515611290932,-0.19669587910175323,0.2666721045970917,0.22308847308158875,-0.018000870943069458,0.6046440601348877,0.02432924322783947,0.02591373212635517,-0.006366155110299587,0.17729541659355164,-0.20866140723228455,-0.0035318892914801836,0.6140011548995972,0.01562688685953617,0.04342707246541977,0.004992329515516758]","[-0.5233209729194641,0.041241079568862915,-0.14122462272644043,1.1683515310287476,0.019074123352766037,-0.07998162508010864,-0.4693450629711151,0.037943035364151,0.1420387327671051,0.5964291095733643,-0.24672897160053253,0.008603567257523537,0.04041251912713051,-0.046184711158275604,-0.21627767384052277,0.2739277184009552,0.216002956032753,-0.03148520365357399,0.6172475814819336,-0.01627347618341446,-0.1034315973520279,0.01413791999220848,0.19509319961071014,-0.2560853958129883,-0.0003574672737158835,0.72271329164505,0.06481799483299255,-0.17820458114147186,-0.015486354939639568]","[1.092904806137085,-0.774478554725647,1.0925768613815308,-3.3474581241607666,0.7168870568275452,-0.06130291149020195,2.7736291885375977,-0.5811846852302551,0.5987374186515808,-5.670348644256592,3.6489434242248535,-0.4605911374092102,-0.40262043476104736,-0.3875357210636139,-0.6660722494125366,-0.06866678595542908,-0.053779780864715576,0.015435880050063133,-0.45648813247680664,-0.11678780615329742,0.0413648784160614,0.04274492338299751,0.7587134838104248,0.02657175064086914,0.1088130995631218,-0.24472475051879883,-0.08485140651464462,-0.12615565955638885,0.015168450772762299]","[0.2857080399990082,-0.7188518047332764,1.1116546392440796,-3.541010856628418,-1.213119626045227,0.039046190679073334,1.888479471206665,-1.2122284173965454,0.5243179202079773,-5.08321475982666,2.1075384616851807,-0.006388903129845858,-0.4368828237056732,-0.6859528422355652,-0.9030416011810303,-0.7605159282684326,-0.37070152163505554,0.00970084685832262,0.016568098217248917,0.06652654707431793,0.0017886137356981635,0.18256063759326935,0.2832188308238983,0.017992759123444557,-0.01560719683766365,-0.01876164972782135,-0.06947548687458038,-0.02409663423895836,0.045450564473867416]","[-1.155727744102478,0.0010402165353298187,-0.1411416232585907,1.6561223268508911,0.33992090821266174,-0.11605549603700638,-0.016753986477851868,-0.39822322130203247,0.5430748462677002,-0.2777775824069977,1.113322138786316,-0.2506111264228821,0.11163046211004257,-0.29884564876556396,-0.5521498918533325,-0.21395134925842285,0.21811433136463165,-0.03749760240316391,-0.6077082753181458,0.02796763926744461,-1.5913350582122803,0.6892666220664978,-0.4478795528411865,-0.17175249755382538,0.012593947350978851,-0.5428671836853027,0.11688242852687836,-2.793001174926758,0.058091603219509125]",0.1060875728726387,0.053010620176792145,0.0200505368411541,0.09762527793645859,0.09345497936010361,4.67274896800518,0,0,0,0.44002658128738403,0.49149221181869507,0.9930546283721924,0.9154680967330933,0.9668816924095154,0.9352977275848389,-0.06947202235460281,-0.0,-0.0,0.0,0.0,0.0,0.0
136,2.72,136,"[-0.5134607553482056,0.049195922911167145,-0.07480371743440628,0.9610521197319031,-0.07686901092529297,0.040095869451761246,-0.35549187660217285,0.05619033798575401,0.14168092608451843,0.26415419578552246,-0.011686252430081367,-0.048600178211927414,0.06836649775505066,-0.02031511627137661,-0.20868560671806335,0.26421138644218445,0.22302290797233582,-0.016984306275844574,0.5963921546936035,0.02213766984641552,0.02609436959028244,-0.005633440334349871,0.19061261415481567,-0.20808136463165283,-0.0019724012818187475,0.6094487905502319,0.0141883734613657,0.04055192694067955,0.005036444868892431]","[-0.5215514898300171,0.02584238350391388,-0.11740761250257492,1.0988178253173828,-0.01645027846097946,-0.07948169112205505,-0.4380352199077606,0.010297279804944992,0.14807845652103424,0.506682276725769,-0.20873332023620605,0.008898419328033924,0.03067469596862793,-0.06215914338827133,-0.23162682354450226,0.2562592029571533,0.21036802232265472,-0.03132454305887222,0.617656409740448,-0.015052743256092072,-0.1033593937754631,0.01748601719737053,0.19785849750041962,-0.2556404173374176,-0.0006483113393187523,0.7220699191093445,0.0636293962597847,-0.17857640981674194,-0.01447538286447525]","[0.6606444716453552,-0.782939076423645,1.1864826679229736,-3.134582996368408,-0.018315203487873077,-0.13164328038692474,2.023827314376831,-0.6864797472953796,0.11688061058521271,-4.0559797286987305,2.843344211578369,-0.3797537684440613,-0.35030293464660645,-0.43588048219680786,-0.4875011742115021,-0.1932583749294281,0.02250559628009796,0.07313308119773865,-0.3721892833709717,-0.10236180573701859,-0.01250063069164753,0.03305274248123169,0.5379945039749146,0.031213462352752686,0.05148759484291077,-0.20865648984909058,-0.061448756605386734,-0.15196865797042847,-0.00676687341183424]","[0.008167335763573647,-0.7455784678459167,1.2077791690826416,-3.3460693359375,-1.7972073554992676,0.019480040296912193,1.4257521629333496,-1.3932929039001465,0.22909899055957794,-4.141972064971924,1.7882734537124634,0.020250869914889336,-0.4706396460533142,-0.8058469295501709,-0.6290501952171326,-0.9640001058578491,-0.24911342561244965,0.0071890754625201225,0.01545512955635786,0.05830647423863411,0.0033713276498019695,0.15271423757076263,0.056081850081682205,0.01282891258597374,-0.019926205277442932,-0.06162277236580849,-0.050433553755283356,-0.0192998219281435,0.05178103595972061]","[-1.1015338897705078,-0.011966321617364883,-0.14469969272613525,1.5131443738937378,0.20363721251487732,-0.13582207262516022,-0.01778082549571991,-0.48308706283569336,0.478047251701355,-0.1878887414932251,1.2682520151138306,-0.22234219312667847,0.08867751061916351,-0.31648653745651245,-0.6440505981445312,-0.2286655306816101,0.2350381761789322,-0.025081008672714233,-0.5832580924034119,0.027235545217990875,-1.5540249347686768,0.7066336274147034,-0.46022456884384155,-0.14660044014453888,0.008593212813138962,-0.5509512424468994,0.1158505454659462,-2.7729649543762207,0.10019205510616302]",0.10768057405948639,0.045853134244680405,0.018950529396533966,0.09558060020208359,0.09381907433271408,4.690953716635704,0,0,0,0.438754677772522,0.493389368057251,0.9935195446014404,0.9243135452270508,0.951333224773407,0.9407001733779907,-0.05105680227279663,-0.0,-0.0,0.0,0.0,0.0,0.0
137,2.74,137,"[-0.5036956071853638,0.03358185291290283,-0.05169631540775299,0.8996465802192688,-0.08346949517726898,0.0372118204832077,-0.32263490557670593,0.04176216572523117,0.13931779563426971,0.1981440633535385,0.03786351904273033,-0.05561231076717377,0.0617312528192997,-0.029193734750151634,-0.21619592607021332,0.25894176959991455,0.22398869693279266,-0.015075547620654106,0.5897564888000488,0.020234771072864532,0.02541370689868927,-0.005044045392423868,0.19881519675254822,-0.20741286873817444,-0.0014723856002092361,0.6056548953056335,0.013168936595320702,0.03734832629561424,0.004721654579043388]","[-0.5218005180358887,0.011748116463422775,-0.09397094696760178,1.0293922424316406,-0.05707225948572159,-0.07946886122226715,-0.4155944585800171,-0.017444072291254997,0.14949758350849152,0.43665266036987305,-0.17729029059410095,0.009826110675930977,0.021744299679994583,-0.07802489399909973,-0.24248871207237244,0.23617811501026154,0.2064877599477768,-0.03112916648387909,0.6180589199066162,-0.014071608893573284,-0.10319539159536362,0.020260849967598915,0.19812171161174774,-0.2554381191730499,-0.0014197780983522534,0.7191334962844849,0.061967235058546066,-0.17899936437606812,-0.013339115306735039]","[0.46798139810562134,-0.7410308718681335,1.013059377670288,-3.1312108039855957,-0.5399823188781738,-0.16302987933158875,1.3391026258468628,-0.7214173078536987,-0.23844987154006958,-2.6288321018218994,2.0313141345977783,-0.2612541615962982,-0.3196505904197693,-0.4335406720638275,-0.2705305814743042,-0.32375529408454895,0.056024640798568726,0.11073986440896988,-0.27955472469329834,-0.09214784950017929,-0.048307470977306366,0.028812548145651817,0.28896594047546387,0.0449497252702713,0.01255879458039999,-0.16644150018692017,-0.04586409777402878,-0.16129595041275024,-0.022363092750310898]","[-0.03483334556221962,-0.6391885876655579,1.106420874595642,-3.4037868976593018,-1.9625275135040283,-0.00621291808784008,0.9805698394775391,-1.3136765956878662,0.011086776852607727,-3.1443305015563965,1.434766173362732,0.06104335933923721,-0.4053368866443634,-0.7199082374572754,-0.46266457438468933,-1.029313087463379,-0.18599432706832886,0.010301420465111732,0.01723571866750717,0.04497862979769707,0.00944118294864893,0.12679091095924377,-0.00340182613581419,0.0032564832363277674,-0.07536092400550842,-0.21135587990283966,-0.08361321687698364,-0.0239596888422966,0.0562383197247982]","[-1.007977843284607,-0.026608888059854507,-0.1374659240245819,1.3004182577133179,0.09649600833654404,-0.16131936013698578,-0.05139489471912384,-0.5342733860015869,0.41595029830932617,-0.12193923443555832,1.3761788606643677,-0.19147318601608276,0.05949167162179947,-0.3048790693283081,-0.7169709205627441,-0.2567308843135834,0.2528652548789978,-0.010859325528144836,-0.5767405033111572,0.018067412078380585,-1.5152652263641357,0.7242401242256165,-0.46042436361312866,-0.1387808471918106,-0.005490642040967941,-0.5521553754806519,0.1087200716137886,-2.7559001445770264,0.14458239078521729]",0.10911352932453156,0.03917093202471733,0.01781395636498928,0.09378548711538315,0.0941166803240776,4.70583401620388,0,0,0,0.437557190656662,0.4951164722442627,0.9939120411872864,0.9306663870811462,0.9452158808708191,0.9549069404602051,-0.05154082924127579,-0.0,-0.0,0.0,0.0,0.0,0.0
138,2.7600000000000002,138,"[-0.4947414994239807,0.019554687663912773,-0.03428134322166443,0.8358036875724792,-0.09846830368041992,0.033574674278497696,-0.301927775144577,0.02733364701271057,0.13214293122291565,0.1590009182691574,0.06956630945205688,-0.05905034393072128,0.05558047443628311,-0.037656743079423904,-0.21950682997703552,0.2512611746788025,0.22526389360427856,-0.012554711662232876,0.5852099657058716,0.018451755866408348,0.02416207082569599,-0.0044809384271502495,0.20217125117778778,-0.20628337562084198,-0.001470049493946135,0.6027911305427551,0.012353809550404549,0.034100089222192764,0.004141921177506447]","[-0.5211934447288513,0.0009090518578886986,-0.07409332692623138,0.9552971124649048,-0.09783363342285156,-0.07986551523208618,-0.40212640166282654,-0.0412384569644928,0.14844389259815216,0.3858747184276581,-0.1537056863307953,0.014145164750516415,0.014300872571766376,-0.08986128121614456,-0.2520948052406311,0.21692143380641937,0.2032090574502945,-0.030895762145519257,0.6184912323951721,-0.013425850309431553,-0.10290670394897461,0.022880159318447113,0.1979290395975113,-0.2554745674133301,-0.0037031190004199743,0.7135300636291504,0.059629183262586594,-0.17943671345710754,-0.012097920291125774]","[0.562081515789032,-0.6623128652572632,0.6665602326393127,-3.4472482204437256,-0.839329719543457,-0.1933007538318634,0.8165672421455383,-0.6893030405044556,-0.42754635214805603,-1.4509100914001465,1.1133060455322266,-0.04508756101131439,-0.3153313994407654,-0.3871121108531952,-0.14017373323440552,-0.417473167181015,0.05090534687042236,0.13610856235027313,-0.15860199928283691,-0.08824500441551208,-0.06536491960287094,0.031071098521351814,0.09438395500183105,0.07643364369869232,0.004359643440693617,-0.11781752109527588,-0.03975227102637291,-0.15681815147399902,-0.030002476647496223]","[0.0347035676240921,-0.4553273618221283,0.8772500157356262,-3.6878230571746826,-1.9385184049606323,-0.024342577904462814,0.5373564958572388,-1.0635961294174194,-0.07890284806489944,-2.217087745666504,1.0222387313842773,0.3195297420024872,-0.34094327688217163,-0.45124679803848267,-0.4573296010494232,-0.9311357736587524,-0.1745063215494156,0.010532541200518608,0.019112464040517807,0.027157630771398544,0.01613232120871544,0.12364272028207779,-0.014791227877140045,-0.003966179676353931,-0.16763828694820404,-0.32172349095344543,-0.11362417042255402,-0.02218041941523552,0.06107502803206444]","[-0.8809031844139099,-0.039200518280267715,-0.1214965358376503,1.0304217338562012,0.009301476180553436,-0.17709508538246155,-0.10650040209293365,-0.5657723546028137,0.3737010955810547,-0.06972777098417282,1.4425166845321655,-0.16011418402194977,0.023818660527467728,-0.27489277720451355,-0.7715203762054443,-0.2992420196533203,0.26762640476226807,0.0004666745662689209,-0.5921889543533325,0.0049335286021232605,-1.4921658039093018,0.7547122836112976,-0.4584944546222687,-0.1456383764743805,-0.0245308019220829,-0.5601564645767212,0.10116434097290039,-2.7467710971832275,0.19548530876636505]",0.1102183535695076,0.03510057553648949,0.017129935324192047,0.09162331372499466,0.09444994479417801,4.7224972397089005,0,0,0,0.4366084337234497,0.4961037039756775,0.9941977262496948,0.935571551322937,0.9560925960540771,0.9657326936721802,-0.06180910766124725,-0.0,-0.0,0.0,0.0,0.0,0.0
139,2.7800000000000002,139,"[-0.4812123477458954,0.007089339662343264,-0.02503390610218048,0.7617566585540771,-0.11704268306493759,0.02947979047894478,-0.2899722158908844,0.014190043322741985,0.12221594154834747,0.140107661485672,0.0823957622051239,-0.05741581320762634,0.04911799728870392,-0.0446782186627388,-0.22180287539958954,0.24224284291267395,0.22602491080760956,-0.009631205350160599,0.5834124088287354,0.016704970970749855,0.022799110040068626,-0.003801201470196247,0.20259055495262146,-0.20435552299022675,-0.0012979998718947172,0.6009421944618225,0.011578845791518688,0.031075600534677505,0.003521555569022894]","[-0.5154042840003967,-0.005176262464374304,-0.05995228514075279,0.8725221157073975,-0.13339102268218994,-0.08044188469648361,-0.39502114057540894,-0.058199647814035416,0.14622677862644196,0.3523238003253937,-0.1383543610572815,0.02525230310857296,0.007932319305837154,-0.09386050701141357,-0.26048246026039124,0.2006087452173233,0.19942960143089294,-0.03075067140161991,0.6188292503356934,-0.013115782290697098,-0.10247340053319931,0.02559531480073929,0.19716696441173553,-0.25574377179145813,-0.007783655077219009,0.7062345147132874,0.05673862621188164,-0.17978473007678986,-0.010739504359662533]","[0.87649005651474,-0.5811376571655273,0.27150148153305054,-4.094456195831299,-0.9255871176719666,-0.19956272840499878,0.42268335819244385,-0.5997141003608704,-0.5905585289001465,-0.610392153263092,0.2497512847185135,0.141183003783226,-0.3473556637763977,-0.28196173906326294,-0.15490762889385223,-0.45953989028930664,0.009940192103385925,0.1487482339143753,-0.0403285026550293,-0.08691372722387314,-0.06499830633401871,0.04070279747247696,-0.00638328492641449,0.10690204799175262,0.021390661597251892,-0.0989571213722229,-0.03865782544016838,-0.14791838824748993,-0.02707963064312935]","[0.3447559177875519,-0.20056572556495667,0.5656906962394714,-4.150028705596924,-1.6476517915725708,-0.02993263490498066,0.2507491409778595,-0.684906005859375,-0.14030227065086365,-1.3952828645706177,0.6203059554100037,0.6720959544181824,-0.29627227783203125,-0.0037943467032164335,-0.41211560368537903,-0.7476924657821655,-0.2160044014453888,0.0055892374366521835,0.014664573594927788,0.010930612683296204,0.023334907367825508,0.12883542478084564,-0.05111691355705261,-0.010948040522634983,-0.2574805021286011,-0.38074827194213867,-0.13835322856903076,-0.015867602080106735,0.06694924831390381]","[-0.7310578227043152,-0.040851298719644547,-0.10529705137014389,0.713391125202179,-0.030590631067752838,-0.18130935728549957,-0.17643822729587555,-0.5747036337852478,0.3356311321258545,-0.021676145493984222,1.4796074628829956,-0.12983933091163635,-0.012197747826576233,-0.22902892529964447,-0.8116535544395447,-0.3502598702907562,0.2735890746116638,0.004576951265335083,-0.6290920972824097,-0.006113775074481964,-1.4839704036712646,0.7907335162162781,-0.46289461851119995,-0.1662614792585373,-0.04195449873805046,-0.5830074548721313,0.09237773716449738,-2.741415023803711,0.24551548063755035]",0.11126167327165604,0.03313655033707619,0.016900604590773582,0.0891391783952713,0.0947546660900116,4.73773330450058,0,0,0,0.435714989900589,0.49650105834007263,0.9944083094596863,0.939535915851593,0.9733226299285889,0.9733766317367554,-0.07512625306844711,-0.0,-0.0,0.0,0.0,0.0,0.0
140,2.8000000000000003,140,"[-0.459681898355484,-0.003690817393362522,-0.023421283811330795,0.6720254421234131,-0.13549178838729858,0.02559216506779194,-0.2850204408168793,0.003345083212479949,0.10852058976888657,0.13458523154258728,0.07955636084079742,-0.05340302363038063,0.041686248034238815,-0.048935212194919586,-0.2257031351327896,0.23287957906723022,0.225661501288414,-0.006604782305657864,0.5835968255996704,0.014975206926465034,0.021562138572335243,-0.002852826612070203,0.2019159197807312,-0.20200729370117188,-0.0006144230137579143,0.5988328456878662,0.01080749649554491,0.028183354064822197,0.00305873597972095]","[-0.5016877055168152,-0.005576576106250286,-0.05257922783493996,0.7804874777793884,-0.15769977867603302,-0.080974280834198,-0.3917463719844818,-0.06636185199022293,0.1427137702703476,0.33312517404556274,-0.130696639418602,0.04132380336523056,0.002603425644338131,-0.08717169612646103,-0.2674187123775482,0.18847423791885376,0.19421249628067017,-0.030735008418560028,0.6189354062080383,-0.013080808334052563,-0.10189052671194077,0.02841268479824066,0.19504228234291077,-0.25635865330696106,-0.013429535552859306,0.6982349753379822,0.05303850397467613,-0.17999306321144104,-0.009240863844752312]","[1.2775987386703491,-0.4991532266139984,-0.06821677088737488,-4.811746120452881,-0.8636633157730103,-0.17969520390033722,0.08887723088264465,-0.48202788829803467,-0.7752057313919067,-0.04660747945308685,-0.4041660726070404,0.20353618264198303,-0.3920031785964966,-0.10431511700153351,-0.2563096582889557,-0.46050846576690674,-0.06540119647979736,0.14340095221996307,0.025093555450439453,-0.08900657296180725,-0.05839597433805466,0.05402454361319542,-0.027066096663475037,0.09612254798412323,0.045379746705293655,-0.1532137393951416,-0.04120827838778496,-0.1503080129623413,-0.015816204249858856]","[0.756030261516571,0.07967701554298401,0.20505046844482422,-4.581969261169434,-1.064131736755371,-0.02467305213212967,0.1026836484670639,-0.23053744435310364,-0.22136881947517395,-0.7514435648918152,0.25776875019073486,0.8658542633056641,-0.2551252841949463,0.571077287197113,-0.3470916450023651,-0.5277910828590393,-0.30488449335098267,-0.0017652781680226326,0.00207719043828547,-0.001675645587965846,0.03128764405846596,0.13148590922355652,-0.12264791876077652,-0.04656105116009712,-0.3108183741569519,-0.4090505838394165,-0.1775357723236084,-0.009657224640250206,0.07561758905649185]","[-0.5759762525558472,-0.024119291454553604,-0.09512405842542648,0.3896337151527405,-0.00721750408411026,-0.1769535392522812,-0.2608634829521179,-0.5501905083656311,0.2881395220756531,0.017091311514377594,1.4816337823867798,-0.101218581199646,-0.03559771925210953,-0.1643659621477127,-0.8302010893821716,-0.3976321220397949,0.26741570234298706,0.0003323107957839966,-0.6802539229393005,-0.014478065073490143,-1.4705002307891846,0.8278930187225342,-0.46980834007263184,-0.2035685032606125,-0.060728561133146286,-0.6176176071166992,0.07948114722967148,-2.7398080825805664,0.2958793044090271]",0.11249219626188278,0.032698094844818115,0.0168206375092268,0.086869977414608,0.0949268564581871,4.746342822909355,0,0,0,0.43464022874832153,0.49650412797927856,0.9946663975715637,0.9424135088920593,0.9821770787239075,0.9756649136543274,-0.07972312718629837,-0.0,-0.0,0.0,0.0,0.0,0.0
141,2.82,141,"[-0.4301083981990814,-0.012876790016889572,-0.027762576937675476,0.5692868232727051,-0.15158921480178833,0.022291982546448708,-0.2864171266555786,-0.005091072991490364,0.09120771288871765,0.13824336230754852,0.06622911989688873,-0.04927436634898186,0.03343787044286728,-0.04885082319378853,-0.23205526173114777,0.22382250428199768,0.22340886294841766,-0.003895167261362076,0.5844161510467529,0.01314470823854208,0.02046327106654644,-0.001640219590626657,0.20150791108608246,-0.20051062107086182,0.0005171899101696908,0.5948136448860168,0.009930514730513096,0.025063280016183853,0.0028889074455946684]","[-0.48053666949272156,0.00018400780390948057,-0.05136548727750778,0.682732880115509,-0.16780827939510345,-0.08132486045360565,-0.39024409651756287,-0.0652511715888977,0.13714814186096191,0.3240726888179779,-0.1290222555398941,0.059058237820863724,-0.0017217437271028757,-0.06815607100725174,-0.27311572432518005,0.18020492792129517,0.18654116988182068,-0.03086494281888008,0.6187095642089844,-0.013250477612018585,-0.10113342106342316,0.0312252938747406,0.192476287484169,-0.25850629806518555,-0.01960914395749569,0.6888954639434814,0.04871048033237457,-0.18017540872097015,-0.007552181836217642]","[1.6587541103363037,-0.40158742666244507,-0.3005986213684082,-5.30558967590332,-0.7603560090065002,-0.13846759498119354,-0.1949802041053772,-0.36218327283859253,-0.9576464295387268,0.336291640996933,-0.8162428140640259,0.19863173365592957,-0.42266613245010376,0.14240294694900513,-0.3631647825241089,-0.43537208437919617,-0.16551576554775238,0.11773443967103958,0.02294182777404785,-0.09507925808429718,-0.05813762545585632,0.06518323719501495,-0.0027511268854141235,0.02238340675830841,0.05580350384116173,-0.2650246024131775,-0.047162014991045,-0.16996851563453674,-0.0014301331248134375]","[1.1101211309432983,0.39294514060020447,-0.04408610984683037,-4.794469356536865,-0.35796403884887695,-0.014572209678590298,0.04578656330704689,0.21647919714450836,-0.342993825674057,-0.30608099699020386,-0.009184299036860466,0.8790283203125,-0.21172505617141724,1.1892517805099487,-0.28074178099632263,-0.35599765181541443,-0.4393722712993622,-0.009818118996918201,-0.014425274915993214,-0.010766307823359966,0.040332309901714325,0.1297561377286911,-0.11908796429634094,-0.1557033360004425,-0.3051357567310333,-0.48748689889907837,-0.20467866957187653,-0.009157250635325909,0.08649425208568573]","[-0.43086743354797363,0.014939051121473312,-0.0929495319724083,0.1029663011431694,0.06309094280004501,-0.16777975857257843,-0.3480222821235657,-0.5018911957740784,0.22920897603034973,0.038762666285037994,1.4497393369674683,-0.07083208858966827,-0.046228647232055664,-0.09912754595279694,-0.8254225254058838,-0.4339790940284729,0.2535220682621002,-0.011843785643577576,-0.7324236035346985,-0.02101266384124756,-1.4479591846466064,0.869142472743988,-0.46483880281448364,-0.25383371114730835,-0.0788339227437973,-0.6583603620529175,0.06640614569187164,-2.7393741607666016,0.34936952590942383]",0.11391421407461166,0.03392723947763443,0.01675533317029476,0.08542268723249435,0.09475819021463394,4.737909510731697,0,0,0,0.433392733335495,0.4962215721607208,0.9950379133224487,0.9440609216690063,0.9761385917663574,0.9651602506637573,-0.07210236042737961,-0.0,-0.0,0.0,0.0,0.0,0.0
142,2.84,142,"[-0.39333173632621765,-0.01975431479513645,-0.03544522821903229,0.4598018527030945,-0.16590602695941925,0.02005346119403839,-0.29281964898109436,-0.0111422473564744,0.07021473348140717,0.1480368971824646,0.04690665006637573,-0.04545775428414345,0.024779602885246277,-0.04323909431695938,-0.24022972583770752,0.21546469628810883,0.2190408706665039,-0.0018954050028696656,0.5845144987106323,0.01117203664034605,0.01923663355410099,-0.00024549703812226653,0.20180587470531464,-0.20111195743083954,0.0016177170909941196,0.5882318615913391,0.00892101600766182,0.02138461358845234,0.0030015306547284126]","[-0.4534704387187958,0.012015010230243206,-0.05342214182019234,0.5881208181381226,-0.17375698685646057,-0.08142830431461334,-0.3890245854854584,-0.056173551827669144,0.128768190741539,0.32149332761764526,-0.13165321946144104,0.07544177770614624,-0.005089666694402695,-0.037654925137758255,-0.2778822183609009,0.17482517659664154,0.17624753713607788,-0.03111838921904564,0.618196427822113,-0.013526697643101215,-0.10022346675395966,0.03399636223912239,0.1911592036485672,-0.26339390873908997,-0.025052962824702263,0.6778255105018616,0.044551536440849304,-0.18035247921943665,-0.005447902716696262]","[1.9509711265563965,-0.2551860213279724,-0.42029452323913574,-5.4055891036987305,-0.7150024175643921,-0.09688446670770645,-0.4009351134300232,-0.25833529233932495,-1.1018458604812622,0.5738579034805298,-1.0291593074798584,0.2150062471628189,-0.41665083169937134,0.4210788905620575,-0.4269830882549286,-0.39139315485954285,-0.26505813002586365,0.07738600671291351,-0.026613473892211914,-0.10130703449249268,-0.06759748607873917,0.07120000571012497,0.029879063367843628,-0.10087154805660248,0.04304236173629761,-0.3787219524383545,-0.054785192012786865,-0.19872477650642395,0.011198066174983978]","[1.4199186563491821,0.6496259570121765,-0.10211647301912308,-4.172855854034424,-1.4614521265029907,0.005620295647531748,0.03096374124288559,0.5266669392585754,-0.445658415555954,-0.06169537082314491,-0.18784457445144653,0.7753017544746399,-0.16879989206790924,1.6383484601974487,-0.2953947186470032,-0.20183628797531128,-0.5326516628265381,-0.012465893290936947,-0.01813022792339325,-0.0144940922036767,0.04768170788884163,0.12779617309570312,-0.025610651820898056,-0.2511843740940094,-0.26034867763519287,-0.5172470211982727,-0.19199654459953308,-0.0024998753797262907,0.10256023705005646]","[-0.29353517293930054,0.07311668992042542,-0.09688407927751541,-0.11138037592172623,0.14409849047660828,-0.16008947789669037,-0.43522965908050537,-0.4542011618614197,0.17394722998142242,0.03369433432817459,1.3822096586227417,-0.04120505228638649,-0.05221182107925415,-0.05013226345181465,-0.8094608187675476,-0.45191824436187744,0.24221228063106537,-0.027394697070121765,-0.7735036015510559,-0.023451007902622223,-1.420965313911438,0.9144749045372009,-0.45349442958831787,-0.30877381563186646,-0.09201329946517944,-0.7032164335250854,0.058840468525886536,-2.7430617809295654,0.40492695569992065]",0.11538596451282501,0.03689948096871376,0.01684398204088211,0.0852753296494484,0.09445104748010635,4.722552374005318,0,0,0,0.43203094601631165,0.49562063813209534,0.9954413175582886,0.9437395334243774,0.9615709781646729,0.948935866355896,-0.054786693304777145,-0.0,-0.0,0.0,0.0,0.0,0.0
143,2.86,143,"[-0.35206955671310425,-0.023084230720996857,-0.04457435756921768,0.3530632555484772,-0.180189311504364,0.01841660402715206,-0.30245453119277954,-0.015424484387040138,0.047133877873420715,0.16119767725467682,0.025062745437026024,-0.0406741164624691,0.016771838068962097,-0.032007668167352676,-0.2491345852613449,0.20816677808761597,0.21280653774738312,-0.0007997272768989205,0.5833516120910645,0.009092426858842373,0.017759371548891068,0.0012077806750312448,0.2027030736207962,-0.20454548299312592,0.002238884335383773,0.5796647667884827,0.007739107124507427,0.017114289104938507,0.0033368300646543503]","[-0.41764575242996216,0.02562309242784977,-0.05113273859024048,0.5161697268486023,-0.2270888239145279,-0.07516995817422867,-0.38948243856430054,-0.04725198447704315,0.12115906924009323,0.32112833857536316,-0.13638389110565186,0.08879011124372482,-0.009851143695414066,-0.006971296854317188,-0.28640905022621155,0.17363332211971283,0.16751597821712494,-0.031424619257450104,0.617975115776062,-0.013760391622781754,-0.0989212691783905,0.036812860518693924,0.1914626657962799,-0.26640862226486206,-0.02871752344071865,0.6699559688568115,0.04232309013605118,-0.18008780479431152,-0.0027491645887494087]","[2.0358569622039795,-0.1444610357284546,-0.4240557551383972,-4.972140789031982,-0.4718787968158722,-0.0684555172920227,-0.5207866430282593,-0.246681347489357,-1.1799099445343018,0.6512280702590942,-1.105404257774353,0.3251408338546753,-0.40749499201774597,0.612948477268219,-0.46542659401893616,-0.3407903015613556,-0.31980201601982117,0.036266908049583435,-0.07064789533615112,-0.1032097265124321,-0.07865340262651443,0.070525161921978,0.050353631377220154,-0.207485631108284,0.00906007457524538,-0.4117235541343689,-0.06285791844129562,-0.21851998567581177,0.01799369975924492]","[1.8803462982177734,0.6097838282585144,0.11009974777698517,-3.5097134113311768,-3.0393970012664795,0.6149755120277405,-0.058695510029792786,0.3696701228618622,-0.3840178847312927,-0.005838632117956877,-0.2550961375236511,0.6028392910957336,-0.3153103291988373,1.4753295183181763,-0.4883483052253723,-0.01954432763159275,-0.38657671213150024,-0.018852608278393745,-0.00938293244689703,-0.010279952548444271,0.07938403636217117,0.13228970766067505,0.02175249718129635,-0.09709256142377853,-0.15466023981571198,-0.3078543245792389,-0.07865671068429947,0.0201298538595438,0.1313432902097702]","[-0.18089520931243896,0.1371668130159378,-0.0998542532324791,-0.25534191727638245,0.26923081278800964,-0.15903694927692413,-0.5328949689865112,-0.4183104634284973,0.1325659304857254,0.013487651944160461,1.286613941192627,-0.022099461406469345,-0.05615010857582092,0.004598658531904221,-0.774563193321228,-0.4531441926956177,0.23830045759677887,-0.050095707178115845,-0.8050147891044617,-0.019770629703998566,-1.3918707370758057,0.9597432017326355,-0.4489201605319977,-0.36782634258270264,-0.1012767106294632,-0.7601913213729858,0.06946614384651184,-2.7386646270751953,0.462219774723053]",0.11587809771299362,0.04208940267562866,0.01723591983318329,0.08596720546483994,0.09426277875900269,4.713138937950134,0,0,0,0.4314725697040558,0.4943509101867676,0.9953641295433044,0.9422472715377808,0.9708868265151978,0.9260931015014648,-0.04727601632475853,-0.0,-0.0,0.0,0.0,0.0,0.0
144,2.88,144,"[-0.3118974566459656,-0.025532756000757217,-0.052407458424568176,0.26091623306274414,-0.18478117883205414,0.01731524057686329,-0.31365111470222473,-0.021009501069784164,0.02301833964884281,0.17408601939678192,0.0026904791593551636,-0.03245212137699127,0.008479802869260311,-0.01872115582227707,-0.25884678959846497,0.2018330842256546,0.20624879002571106,-0.0004447287356015295,0.5816885828971863,0.007043647579848766,0.016090497374534607,0.002575509250164032,0.20382001996040344,-0.2094113826751709,0.0019801200833171606,0.5717629194259644,0.0064066993072628975,0.012643814086914062,0.003721278626471758]","[-0.38477879762649536,0.03130112215876579,-0.04736871272325516,0.44780486822128296,-0.2841135859489441,-0.05126062035560608,-0.39279627799987793,-0.04593983292579651,0.11346879601478577,0.3212013244628906,-0.14143705368041992,0.0985935777425766,-0.01947343349456787,0.01646573282778263,-0.2971656322479248,0.17334045469760895,0.1627495139837265,-0.03182677924633026,0.6178128123283386,-0.013837427832186222,-0.09699953347444534,0.03957057744264603,0.19172360002994537,-0.26591944694519043,-0.030182886868715286,0.6654768586158752,0.04163395240902901,-0.17946872115135193,0.0005835772608406842]","[1.6276822090148926,-0.29358360171318054,-0.21464136242866516,-4.223994255065918,0.5225714445114136,0.01958310604095459,-0.5920701026916504,-0.49188002943992615,-1.0756157636642456,0.5786035060882568,-1.0445879697799683,0.4696893095970154,-0.4720720052719116,0.44127386808395386,-0.48113951086997986,-0.3363456726074219,-0.25284290313720703,0.025637168437242508,-0.008888542652130127,-0.09492097795009613,-0.07254097610712051,0.06745442748069763,0.04030205309391022,-0.14654211699962616,-0.027377255260944366,-0.2449139952659607,-0.06890334188938141,-0.2005034238100052,0.019229507073760033]","[1.1250948905944824,-0.19062577188014984,0.24560803174972534,-2.929654359817505,-2.1241366863250732,1.7794578075408936,-0.28921952843666077,-0.3229896128177643,-0.2730942368507385,0.009293497540056705,-0.23758292198181152,0.4411727488040924,-0.6075271964073181,0.6857224106788635,-0.6079109907150269,-0.014392383396625519,-0.05714128538966179,-0.005861208308488131,0.019631393253803253,-0.0012204911326989532,0.12031129747629166,0.1282239705324173,-0.0019986475817859173,0.22622694075107574,-0.01975717395544052,-0.09105625748634338,-0.016976645216345787,0.04991663992404938,0.16599340736865997]","[-0.11111262440681458,0.1687038093805313,-0.07651350647211075,-0.31872183084487915,0.5541761517524719,-0.18588833510875702,-0.602855384349823,-0.38746434450149536,0.08104067295789719,0.013782642781734467,1.215142846107483,-0.005484465509653091,-0.054687634110450745,0.05615685507655144,-0.7419710159301758,-0.43701663613319397,0.233147531747818,-0.08923673629760742,-0.8306519389152527,-0.012045390903949738,-1.376678705215454,0.9981188774108887,-0.4565148949623108,-0.42837953567504883,-0.11024937033653259,-0.8072026968002319,0.09873369336128235,-2.7174785137176514,0.526793360710144]",0.11536452919244766,0.04638400301337242,0.016983816400170326,0.08466256409883499,0.0930490642786026,4.65245321393013,0,0,0,0.4319467544555664,0.49305829405784607,0.9952093362808228,0.9423522353172302,0.9702714085578918,0.8824543952941895,-0.06283888220787048,-0.0,-0.0,0.0,0.0,0.0,0.0
145,2.9,145,"[-0.28696227073669434,-0.0348275750875473,-0.053160011768341064,0.18410348892211914,-0.15928645431995392,0.019199928268790245,-0.32613733410835266,-0.035099685192108154,0.004109248518943787,0.18434181809425354,-0.01672077178955078,-0.021886544302105904,-0.0021110414527356625,-0.01435671467334032,-0.26838016510009766,0.19471295177936554,0.20269282162189484,0.00022575950424652547,0.5829960703849792,0.005295587703585625,0.014857732690870762,0.0039059575647115707,0.2043151557445526,-0.21040716767311096,0.0011437941575422883,0.5698682069778442,0.004982973448932171,0.009094152599573135,0.004106010310351849]","[-0.3715440332889557,0.01395825669169426,-0.03664820268750191,0.405047208070755,-0.28667137026786804,-0.023058274760842323,-0.39910006523132324,-0.0666876956820488,0.1092769205570221,0.3215411305427551,-0.144229456782341,0.10363663733005524,-0.03029605746269226,0.009775280952453613,-0.30723467469215393,0.17425450682640076,0.16913796961307526,-0.03165508061647415,0.6179236173629761,-0.013639979995787144,-0.09434975683689117,0.04247305914759636,0.191605806350708,-0.25503551959991455,-0.026229891926050186,0.6658931970596313,0.041343022137880325,-0.17824113368988037,0.004161349032074213]","[0.9751312732696533,-0.5910606980323792,0.09735729545354843,-3.3388493061065674,1.5809228420257568,0.1421736180782318,-0.5768805742263794,-0.8384137749671936,-0.7651030421257019,0.40966421365737915,-0.736420750617981,0.4514670670032501,-0.5030909180641174,0.0272408127784729,-0.39364397525787354,-0.3543846309185028,-0.12245476245880127,0.05114622414112091,0.11814981698989868,-0.0817798301577568,-0.04253809154033661,0.06476064771413803,0.025911256670951843,0.02781599760055542,-0.023340759798884392,0.005647540092468262,-0.07104647159576416,-0.1414543092250824,0.020398421213030815]","[0.7088120579719543,-1.0129355192184448,0.7421576380729675,-1.9560960531234741,0.7812392115592957,1.1891506910324097,-0.2548700273036957,-1.2752048969268799,-0.4618995189666748,0.010198711417615414,-0.02031128667294979,0.16004379093647003,-0.3600006103515625,-0.6684995293617249,-0.3505222797393799,0.07952454686164856,0.4543359577655792,0.007624759338796139,-0.028913259506225586,0.013377903029322624,0.10865064710378647,0.14523810148239136,-0.00951606035232544,0.5876111388206482,0.31917527318000793,0.006965868640691042,-0.015345359221100807,0.05390946567058563,0.18496310710906982]","[-0.07876339554786682,0.15959428250789642,-0.028537161648273468,-0.3280307650566101,0.7962400317192078,-0.25714343786239624,-0.6132237911224365,-0.35132938623428345,0.02368931658565998,0.07350575178861618,1.1393102407455444,0.018269430845975876,-0.06554704904556274,0.06774523854255676,-0.7635425329208374,-0.4133656919002533,0.2173766791820526,-0.11645828187465668,-0.8525708317756653,0.0031906887888908386,-1.3661069869995117,1.027694821357727,-0.46488964557647705,-0.4836769700050354,-0.10803323984146118,-0.8078435659408569,0.09558677673339844,-2.700265645980835,0.5450036525726318]",0.11315204948186874,0.047477640211582184,0.015582695603370667,0.08263565599918365,0.09511265158653259,4.75563257932663,0,0,0,0.43403613567352295,0.49242740869522095,0.9951410889625549,0.9411724209785461,0.9771144986152649,0.9604966044425964,-0.044755470007658005,-0.0,-0.0,0.0,0.0,0.0,0.0
146,2.92,146,"[-0.27289220690727234,-0.04917518422007561,-0.04851316660642624,0.12736226618289948,-0.1215442642569542,0.02300218492746353,-0.3367263376712799,-0.0545460507273674,-0.0075857811607420444,0.1904725879430771,-0.026766350492835045,-0.014393439516425133,-0.011643833480775356,-0.017631523311138153,-0.2745925486087799,0.1876576989889145,0.201350599527359,0.001601120107807219,0.5864145755767822,0.003772454336285591,0.014388973824679852,0.005165935028344393,0.20485647022724152,-0.20829874277114868,0.001046489691361785,0.5719888210296631,0.003564840415492654,0.006985641550272703,0.004537215456366539]","[-0.3546212315559387,-0.005530961323529482,-0.018950043246150017,0.3675430119037628,-0.2552757263183594,-0.005350635387003422,-0.4011889696121216,-0.09262692183256149,0.1003541499376297,0.3207142651081085,-0.11673404276371002,0.09815989434719086,-0.03540727123618126,-0.005059231072664261,-0.31015485525131226,0.17629027366638184,0.17922215163707733,-0.03178936615586281,0.6162906885147095,-0.013472276739776134,-0.0928528904914856,0.04559966176748276,0.1916944533586502,-0.24676965177059174,-0.017090076580643654,0.6646515130996704,0.04072737321257591,-0.17765109241008759,0.007806709967553616]","[0.5750336050987244,-0.7298495769500732,0.3077843189239502,-2.394815444946289,1.8450723886489868,0.22706417739391327,-0.44450610876083374,-0.9769914746284485,-0.4342295229434967,0.2006005495786667,-0.19976864755153656,0.29277926683425903,-0.4120286703109741,-0.2399214804172516,-0.21966174244880676,-0.3137108087539673,-0.03317892551422119,0.0761539563536644,0.16950219869613647,-0.06722499430179596,-0.014935177750885487,0.06127774342894554,0.04227831959724426,0.13585947453975677,0.021714748814702034,0.13531744480133057,-0.06578855961561203,-0.08275096118450165,0.02691713161766529]","[0.8471876382827759,-0.83196622133255,0.8763869404792786,-1.7955008745193481,1.819657325744629,0.6920865178108215,-0.052843838930130005,-1.1389994621276855,-0.2802584767341614,-0.047179996967315674,0.6971979737281799,-0.1777721792459488,-0.18704380095005035,-0.5919346809387207,-0.08653571456670761,0.11668931692838669,0.4521072506904602,-0.015733784064650536,-0.06707480549812317,0.006135567557066679,0.06508797407150269,0.1512136459350586,0.003076440654695034,0.26192277669906616,0.47905877232551575,-0.07945038378238678,-0.03462335467338562,0.021306300535798073,0.17935332655906677]","[-0.1394662857055664,0.11654536426067352,-0.05795819312334061,-0.3487393260002136,0.9290329813957214,-0.2755134701728821,-0.543904185295105,-0.31345459818840027,0.007246321067214012,0.09762471169233322,1.0357511043548584,0.05571752414107323,-0.07012753188610077,0.05178223177790642,-0.7711434960365295,-0.4287528395652771,0.17553985118865967,-0.11131921410560608,-0.8623331189155579,-0.006486453115940094,-1.385528326034546,1.056950569152832,-0.44351935386657715,-0.5203679203987122,-0.10588866472244263,-0.7811460494995117,0.07404372096061707,-2.734118700027466,0.5422778725624084]",0.11055663228034973,0.04663630947470665,0.014581259340047836,0.07961455732584,0.09574124962091446,4.787062481045723,0,0,0,0.4368942677974701,0.49267226457595825,0.9950780272483826,0.9429287314414978,0.9841649532318115,0.9612893462181091,-0.025964755564928055,-0.0,-0.0,0.0,0.0,0.0,0.0
147,2.94,147,"[-0.26396092772483826,-0.06402155756950378,-0.040848638862371445,0.08831087499856949,-0.08548355847597122,0.028282495215535164,-0.343917578458786,-0.07417934387922287,-0.013259932398796082,0.1923658400774002,-0.024711517617106438,-0.010175374336540699,-0.018592188134789467,-0.023953573778271675,-0.2771666347980499,0.1821645200252533,0.201365664601326,0.003271917812526226,0.5897761583328247,0.002606587950140238,0.014260325580835342,0.006357067264616489,0.20600628852844238,-0.2049727886915207,0.0020123841241002083,0.5752809047698975,0.0023514311760663986,0.005784114357084036,0.00518269557505846]","[-0.33921194076538086,-0.01924944296479225,-0.004639757797122002,0.33457013964653015,-0.21994861960411072,0.003014463698491454,-0.40153968334198,-0.11119519919157028,0.09576951712369919,0.31873366236686707,-0.1132388561964035,0.09635160118341446,-0.03794153034687042,-0.012616808526217937,-0.3115961253643036,0.17842115461826324,0.1860906332731247,-0.03210924193263054,0.6151303052902222,-0.013529885560274124,-0.09179199486970901,0.048419930040836334,0.1917668730020523,-0.2450975626707077,-0.009433052502572536,0.6638834476470947,0.0374518521130085,-0.1774526983499527,0.011131887324154377]","[0.3722652792930603,-0.6970587372779846,0.3994198739528656,-1.607043743133545,1.6152700185775757,0.2891785502433777,-0.272967666387558,-0.9104920625686646,-0.16946296393871307,0.016428157687187195,0.31816428899765015,0.14710219204425812,-0.2957609295845032,-0.3172573149204254,-0.060405582189559937,-0.22945180535316467,0.022320449352264404,0.08227920532226562,0.14870017766952515,-0.05129757896065712,-0.0062501756474375725,0.056114792823791504,0.07392540574073792,0.17142295837402344,0.06334520131349564,0.16386061906814575,-0.053779054433107376,-0.053923867642879486,0.03511703014373779]","[0.723697304725647,-0.6071255803108215,0.6285613179206848,-1.5510913133621216,1.6279815435409546,0.2452400177717209,-0.00856600422412157,-0.8170305490493774,-0.22818653285503387,-0.1301276832818985,-0.003004120895639062,-0.05620671808719635,-0.08670228719711304,-0.2695543169975281,-0.065059132874012,0.10156571865081787,0.28580912947654724,-0.014895512722432613,-0.05586930364370346,-0.006217588670551777,0.047568000853061676,0.13022637367248535,0.0012481859885156155,0.02008771151304245,0.28216230869293213,-0.01814582385122776,-0.18160668015480042,0.005408124998211861,0.15146923065185547]","[-0.19215935468673706,0.09993146359920502,-0.09328299015760422,-0.38523048162460327,0.9987047910690308,-0.2566463351249695,-0.4996793270111084,-0.28639060258865356,0.00304441899061203,0.056812696158885956,0.8897416591644287,0.08857046067714691,-0.06064389646053314,0.024790268391370773,-0.7380833625793457,-0.4570479691028595,0.13797210156917572,-0.10602395236492157,-0.8488775491714478,-0.0168837308883667,-1.4264190196990967,1.0701686143875122,-0.4383889436721802,-0.5137487649917603,-0.09723831713199615,-0.7551107406616211,0.0500800758600235,-2.786872386932373,0.5622853636741638]",0.10832179337739944,0.045653436332941055,0.01411084271967411,0.07855486869812012,0.09637527912855148,4.818763956427574,0,0,0,0.4393569529056549,0.4930865466594696,0.9948699474334717,0.9426451325416565,0.9878362417221069,0.9852085113525391,-0.02423974871635437,-0.0,-0.0,0.0,0.0,0.0,0.0
148,2.96,148,"[-0.2580015957355499,-0.07705753296613693,-0.03253637254238129,0.06308051943778992,-0.056933462619781494,0.03456932678818703,-0.3476450443267822,-0.09096573293209076,-0.014364299364387989,0.19112971425056458,-0.014039779081940651,-0.008509351871907711,-0.02347427047789097,-0.030321815982460976,-0.2770087718963623,0.1784796267747879,0.20224341750144958,0.004892288241535425,0.5923625826835632,0.0017205511685460806,0.014138966798782349,0.007410526741296053,0.20781348645687103,-0.20144182443618774,0.003580297576263547,0.5785432457923889,0.0014136782847344875,0.004828686825931072,0.005941896699368954]","[-0.32566529512405396,-0.029772425070405006,0.005445640534162521,0.3064119219779968,-0.19597548246383667,0.0073196422308683395,-0.40058526396751404,-0.1249912679195404,0.0904822051525116,0.3139526844024658,-0.11436202377080917,0.09567973017692566,-0.038938943296670914,-0.01599728688597679,-0.3122544288635254,0.17974646389484406,0.19047099351882935,-0.03233238682150841,0.6140602827072144,-0.013734664767980576,-0.09099099040031433,0.05074648931622505,0.19183439016342163,-0.24518805742263794,-0.0068602608516812325,0.6637613773345947,0.032126639038324356,-0.17760278284549713,0.013684986159205437]","[0.27147382497787476,-0.5551759004592896,0.3906310200691223,-0.9956892728805542,1.0498733520507812,0.3288932740688324,-0.11251941323280334,-0.7199442386627197,-0.013943691737949848,-0.10523609817028046,0.6303582191467285,0.04359455779194832,-0.2014276087284088,-0.26233023405075073,0.05201995372772217,-0.1484353095293045,0.05116499960422516,0.07330617308616638,0.1016274094581604,-0.03790654242038727,-0.010637426748871803,0.04803922772407532,0.10203979909420013,0.1584663987159729,0.08104094117879868,0.14400482177734375,-0.03943131864070892,-0.047763846814632416,0.03843051567673683]","[0.6433716416358948,-0.4855613708496094,0.45022761821746826,-1.3317114114761353,0.9652895927429199,0.19712033867835999,0.052176639437675476,-0.6291635036468506,-0.2858567237854004,-0.27612027525901794,-0.04880938306450844,-0.029903873801231384,-0.028644051402807236,-0.13471823930740356,-0.02014782465994358,0.04650406911969185,0.19252395629882812,-0.009206567890942097,-0.05185455456376076,-0.011547191068530083,0.03614053875207901,0.10656950622797012,0.0029152140486985445,-0.0099931750446558,0.06344202160835266,-0.003612987231463194,-0.25898441672325134,-0.012407397851347923,0.10971573740243912]","[-0.20103882253170013,0.09830491244792938,-0.10597916692495346,-0.39376920461654663,1.0264465808868408,-0.22198349237442017,-0.47445088624954224,-0.26350200176239014,-0.003896113485097885,0.011221162974834442,0.8023056387901306,0.10505747050046921,-0.06110541522502899,-0.006084699183702469,-0.7206096053123474,-0.4792329967021942,0.11896024644374847,-0.10512907803058624,-0.8402678370475769,-0.01966620236635208,-1.4545422792434692,1.0743076801300049,-0.44074779748916626,-0.48560965061187744,-0.08404575288295746,-0.7451006174087524,0.028376400470733643,-2.8606679439544678,0.5918890833854675]",0.10638782382011414,0.04454083740711212,0.013944064266979694,0.07737009972333908,0.09670573472976685,4.835286736488342,0,0,0,0.4414139688014984,0.49350395798683167,0.9945698976516724,0.9431569576263428,0.9889578223228455,0.9858638048171997,-0.012179351411759853,-0.0,-0.0,0.0,0.0,0.0,0.0
149,2.98,149,"[-0.25310197472572327,-0.08622859418392181,-0.025223398581147194,0.04848330467939377,-0.043488625437021255,0.04143822565674782,-0.34841835498809814,-0.10297711193561554,-0.013817680068314075,0.188156396150589,0.0005028105806559324,-0.008431592024862766,-0.026649292558431625,-0.03444678336381912,-0.27508583664894104,0.17622710764408112,0.203412264585495,0.006204164586961269,0.5938412547111511,0.0010903262300416827,0.01383482851088047,0.008278636261820793,0.2100878804922104,-0.19863413274288177,0.005254021845757961,0.5810410976409912,0.0007741784793324769,0.0038735605776309967,0.0067199161276221275]","[-0.31410712003707886,-0.03839331120252609,0.013054290786385536,0.2826341986656189,-0.18220986425876617,0.012062450870871544,-0.398438423871994,-0.13623864948749542,0.08341258764266968,0.30642861127853394,-0.11454305052757263,0.09488188475370407,-0.039368581026792526,-0.018222464248538017,-0.3124392032623291,0.1801430583000183,0.1938093602657318,-0.03249364346265793,0.6130846738815308,-0.013984084129333496,-0.09036613255739212,0.05257396027445793,0.191950261592865,-0.24530115723609924,-0.006292575504630804,0.6636883020401001,0.026099571958184242,-0.17810051143169403,0.015645122155547142]","[0.2604779005050659,-0.32805725932121277,0.292455792427063,-0.5635546445846558,0.16361288726329803,0.3421662449836731,0.0061355531215667725,-0.450066477060318,-0.0028665410354733467,-0.15919692814350128,0.7204808592796326,-0.011944328434765339,-0.11498397588729858,-0.0997714251279831,0.11423155665397644,-0.08819885551929474,0.050285086035728455,0.054074544459581375,0.04074126482009888,-0.025407901033759117,-0.020076358690857887,0.04039575532078743,0.11439695954322815,0.09989626705646515,0.07680073380470276,0.0939682126045227,-0.024863678961992264,-0.05050143972039223,0.04009303078055382]","[0.5371074080467224,-0.4077129364013672,0.35959404706954956,-1.1072018146514893,0.5536718368530273,0.2555544972419739,0.11428025364875793,-0.5366747379302979,-0.41256099939346313,-0.4057624340057373,0.012470115907490253,-0.046860478818416595,-0.009665011428296566,-0.12042930722236633,-0.0050936476327478886,0.009956113994121552,0.16082173585891724,-0.006226284895092249,-0.04761696606874466,-0.012705763801932335,0.028055701404809952,0.08316620439291,0.004683600272983313,-0.002407046966254711,0.016772357746958733,-0.004109781701117754,-0.2866874039173126,-0.02917676605284214,0.09336891025304794]","[-0.18354582786560059,0.10757270455360413,-0.1106281653046608,-0.37537264823913574,1.0213254690170288,-0.1852358877658844,-0.4652780294418335,-0.24405652284622192,-0.014129901304841042,-0.04123132675886154,0.7438592910766602,0.11021213233470917,-0.0630144327878952,-0.020667407661676407,-0.7191064953804016,-0.497122585773468,0.11166705191135406,-0.10665726661682129,-0.8363574147224426,-0.0201323963701725,-1.4684268236160278,1.0729039907455444,-0.4395606219768524,-0.4534817934036255,-0.07478819787502289,-0.7426965236663818,0.01091255247592926,-2.9410767555236816,0.6136595010757446]",0.10453532636165619,0.043049219995737076,0.014007605612277985,0.07632827758789062,0.09684725850820541,4.842362925410271,0,0,0,0.4432962238788605,0.4939571022987366,0.9942793250083923,0.9447104334831238,0.9908846616744995,0.9842667579650879,-0.009031674824655056,-0.0,-0.0,0.0,0.0,0.0,0.0
150,3.0,150,"[-0.24758248031139374,-0.09017982333898544,-0.020838141441345215,0.04053833335638046,-0.05038894712924957,0.04825597628951073,-0.34739962220191956,-0.10896839201450348,-0.014478961005806923,0.18476183712482452,0.014779453165829182,-0.008987125009298325,-0.0280736293643713,-0.03431267291307449,-0.27243950963020325,0.1749516725540161,0.20425482094287872,0.00705527001991868,0.5939922332763672,0.0007042351644486189,0.013335912488400936,0.009026356972754002,0.21238936483860016,-0.19744597375392914,0.006652326788753271,0.5823019742965698,0.0004191311018075794,0.0028086293023079634,0.007545617874711752]","[-0.3048933148384094,-0.045605823397636414,0.01986362785100937,0.26393768191337585,-0.17449544370174408,0.01816077157855034,-0.39522847533226013,-0.14623168110847473,0.07262274622917175,0.2965658903121948,-0.11393801122903824,0.09364388883113861,-0.03927985578775406,-0.02091926708817482,-0.31247419118881226,0.18028126657009125,0.19694572687149048,-0.032601870596408844,0.6122121810913086,-0.014284300617873669,-0.08985372632741928,0.05406097322702408,0.1920289695262909,-0.24520398676395416,-0.005958860274404287,0.6635962128639221,0.020019253715872765,-0.17890788614749908,0.01748458668589592]","[0.2462279051542282,-0.12554749846458435,0.16083265841007233,-0.337098091840744,-0.49065640568733215,0.37112441658973694,0.05314275622367859,-0.20319148898124695,-0.07074067741632462,-0.158633291721344,0.6383872628211975,-0.02391960099339485,-0.05708993598818779,0.06360653787851334,0.11907517910003662,-0.055928900837898254,0.04287697374820709,0.034143030643463135,-0.0050768256187438965,-0.014477405697107315,-0.02921917475759983,0.0348370298743248,0.10152384638786316,0.04098080098628998,0.05562858656048775,0.06348490715026855,-0.012683477252721786,-0.05452382192015648,0.040238212794065475]","[0.4165981113910675,-0.3376564383506775,0.3406185805797577,-0.841424822807312,0.30335533618927,0.3250482678413391,0.1624894142150879,-0.47639790177345276,-0.5621343851089478,-0.517471194267273,0.03839736059308052,-0.06808920204639435,0.009008600376546383,-0.15336273610591888,-0.00030013054492883384,0.00546698784455657,0.15796981751918793,-0.004833529237657785,-0.039721086621284485,-0.01574709825217724,0.02467028796672821,0.06949031352996826,0.00268572848290205,0.007761911954730749,0.02248382940888405,-0.006213989108800888,-0.2834204435348511,-0.04445464909076691,0.09105785936117172]","[-0.1619168370962143,0.11704763770103455,-0.11334700137376785,-0.35219722986221313,0.9902195334434509,-0.15516017377376556,-0.46730780601501465,-0.22258144617080688,-0.029613634571433067,-0.0938643291592598,0.6975331902503967,0.10753050446510315,-0.06581544876098633,-0.023104477673768997,-0.720841646194458,-0.5112821459770203,0.11383132636547089,-0.11046788096427917,-0.8329494595527649,-0.023504678159952164,-1.4720478057861328,1.0751687288284302,-0.43427982926368713,-0.4244898557662964,-0.07263199985027313,-0.73900306224823,-0.0019820481538772583,-3.0143887996673584,0.6326860189437866]",0.10259929299354553,0.04015757516026497,0.01396805141121149,0.07555821537971497,0.09681911766529083,4.840955883264542,0,0,0,0.4452028274536133,0.49468210339546204,0.9942520260810852,0.9467388391494751,0.9902989268302917,0.977616012096405,-0.00783507525920868,-0.0,-0.0,0.0,0.0,0.0,0.0
151,3.02,151,"[-0.24325285851955414,-0.09125049412250519,-0.018790092319250107,0.03499938175082207,-0.06311488151550293,0.05628320202231407,-0.346292644739151,-0.11110477149486542,-0.016647307202219963,0.18181106448173523,0.02603830024600029,-0.009388376027345657,-0.02893288992345333,-0.03190252184867859,-0.2703228294849396,0.17398995161056519,0.20512734353542328,0.007569885812699795,0.5936381816864014,0.0005112300277687609,0.012666061520576477,0.009672117419540882,0.21414883434772491,-0.19699490070343018,0.007479165215045214,0.583580493927002,0.0002668394008651376,0.0016926077660173178,0.00832944456487894]","[-0.2981036901473999,-0.051451243460178375,0.026854628697037697,0.2503302991390228,-0.17028921842575073,0.024261636659502983,-0.3917240798473358,-0.15467728674411774,0.06229286640882492,0.2852720320224762,-0.11304164677858353,0.09205970168113708,-0.03909173607826233,-0.024564577266573906,-0.3124863803386688,0.1803741306066513,0.20015771687030792,-0.032727666199207306,0.6115298867225647,-0.014716943725943565,-0.08936432003974915,0.05531420558691025,0.19211821258068085,-0.24495655298233032,-0.005360804032534361,0.6634975671768188,0.014769121073186398,-0.1799440234899521,0.019316988065838814]","[0.1491900533437729,-0.0489482656121254,0.08333195000886917,-0.24081818759441376,-0.45536330342292786,0.4343605637550354,0.04191100597381592,-0.08274521678686142,-0.11249208450317383,-0.12870915234088898,0.4609610140323639,-0.008756713941693306,-0.05005756393074989,0.0955333486199379,0.08755475282669067,-0.05269050598144531,0.054983049631118774,0.02615324966609478,-0.004641711711883545,-0.008641500025987625,-0.034612253308296204,0.029422925785183907,0.06675012409687042,0.037446990609169006,0.03016701713204384,0.09298473596572876,-0.0063950358889997005,-0.0526358038187027,0.03421959653496742]","[0.29534202814102173,-0.2592169940471649,0.3526706099510193,-0.5963809490203857,0.1670771688222885,0.27957770228385925,0.1579846441745758,-0.3734075427055359,-0.3917066752910614,-0.5612059235572815,0.054216768592596054,-0.0783582329750061,0.004571750294417143,-0.18709173798561096,-0.00011987156176473945,0.003210860537365079,0.1533859223127365,-0.007947618141770363,-0.029166920110583305,-0.02365008369088173,0.02492438443005085,0.05848390609025955,0.005704236216843128,0.0116491774097085,0.03154066950082779,-0.004827665630728006,-0.23580622673034668,-0.054140470921993256,0.0906248390674591]","[-0.15488676726818085,0.11926227807998657,-0.11520738154649734,-0.3428478240966797,0.9705333113670349,-0.1371927708387375,-0.46682512760162354,-0.19606298208236694,-0.04508353769779205,-0.1317977011203766,0.6614798307418823,0.10259218513965607,-0.06784316897392273,-0.024649906903505325,-0.721738338470459,-0.5268319845199585,0.12299628555774689,-0.11543391644954681,-0.8338918089866638,-0.032004933804273605,-1.4770095348358154,1.0800232887268066,-0.4251195192337036,-0.4028627872467041,-0.07510058581829071,-0.7335828542709351,-0.007980480790138245,-3.067298650741577,0.6577655673027039]",0.10039479285478592,0.037245187908411026,0.014356311410665512,0.07607020437717438,0.09697028249502182,4.848514124751091,0,0,0,0.4473388195037842,0.4953504204750061,0.9938720464706421,0.9472482800483704,0.9908257722854614,0.978424608707428,-0.004546072334051132,-0.0,-0.0,0.0,0.0,0.0,0.0
152,3.04,152,"[-0.24161487817764282,-0.09213775396347046,-0.017504863440990448,0.030905606225132942,-0.06860347837209702,0.06563039869070053,-0.3457231819629669,-0.11227820068597794,-0.018978644162416458,0.17961347103118896,0.0332178920507431,-0.009337393566966057,-0.030075931921601295,-0.030491339042782784,-0.2689373195171356,0.1728440523147583,0.20645414292812347,0.00810139998793602,0.5938065648078918,0.00035857516922988,0.011951422318816185,0.010203273966908455,0.21505936980247498,-0.19594809412956238,0.007859007455408573,0.586021363735199,0.0001633296924410388,0.0007031972636468709,0.0089144017547369]","[-0.2932903468608856,-0.05535357818007469,0.033529460430145264,0.24022696912288666,-0.1676681637763977,0.02884168177843094,-0.3890979588031769,-0.1601713001728058,0.058004871010780334,0.27451494336128235,-0.11116570234298706,0.09064464271068573,-0.039163652807474136,-0.02809029631316662,-0.3125702738761902,0.18036213517189026,0.20275074243545532,-0.032962873578071594,0.6109674572944641,-0.015285085886716843,-0.08888666331768036,0.05632247030735016,0.19234897196292877,-0.2447163164615631,-0.005073285195976496,0.6634768843650818,0.010853846557438374,-0.1810908168554306,0.02118874527513981]","[0.02970471978187561,-0.06261318922042847,0.06816494464874268,-0.15741610527038574,-0.10299459099769592,0.5100632905960083,0.026325881481170654,-0.049851275980472565,-0.10143495351076126,-0.10007843375205994,0.2670748233795166,0.0075120944529771805,-0.06834487617015839,0.020771240815520287,0.05788728594779968,-0.06046965718269348,0.07630549371242523,0.029051396995782852,0.024974346160888672,-0.003964264877140522,-0.03218622878193855,0.026133237406611443,0.034052878618240356,0.07506497204303741,0.01679397001862526,0.1431480050086975,-0.002673563314601779,-0.04008696228265762,0.02761809155344963]","[0.21406127512454987,-0.1610093116760254,0.32287007570266724,-0.461328387260437,0.1167365089058876,0.1945410519838333,0.1111716628074646,-0.22355440258979797,-0.14270980656147003,-0.512758195400238,0.11940285563468933,-0.06684180349111557,-0.007172074634581804,-0.17540967464447021,-0.005814998876303434,-0.0020371379796415567,0.11613409221172333,-0.012870708480477333,-0.028091788291931152,-0.029946807771921158,0.023026607930660248,0.04605886712670326,0.0138240410014987,0.0123310387134552,0.008220361545681953,0.000505763862747699,-0.1692337840795517,-0.05775971710681915,0.09149285405874252]","[-0.16321362555027008,0.11073598265647888,-0.10644195228815079,-0.3533692955970764,0.9696776270866394,-0.1237141489982605,-0.4658190608024597,-0.17222559452056885,-0.065631203353405,-0.15496113896369934,0.6320034861564636,0.10385413467884064,-0.06718870997428894,-0.027182001620531082,-0.720075786113739,-0.5432310700416565,0.13109560310840607,-0.12162047624588013,-0.8387893438339233,-0.03792010620236397,-1.4903130531311035,1.0844554901123047,-0.41335856914520264,-0.38856440782546997,-0.07805508375167847,-0.7313084602355957,-0.009731769561767578,-3.103058099746704,0.6884492635726929]",0.09842976182699203,0.032901689410209656,0.014614076353609562,0.07658647745847702,0.09731593728065491,4.865796864032745,0,0,0,0.44921204447746277,0.49631786346435547,0.9936476349830627,0.9471911787986755,0.9928834438323975,0.9896089434623718,-0.0030641877092421055,-0.0,-0.0,0.0,0.0,0.0,0.0
153,3.06,153,"[-0.2420646697282791,-0.09375502169132233,-0.016063494607806206,0.028702737763524055,-0.06723466515541077,0.07668573409318924,-0.3452396094799042,-0.11309882253408432,-0.020704705268144608,0.17780792713165283,0.03672129288315773,-0.00908789224922657,-0.03166668489575386,-0.031071672216057777,-0.2680073380470276,0.17157116532325745,0.2081795632839203,0.008731941692531109,0.5946371555328369,0.0003526594373397529,0.011378612369298935,0.01071744691580534,0.21551094949245453,-0.19399230182170868,0.008150923997163773,0.5893064141273499,0.0001598968665348366,8.9129367552232e-05,0.009434168227016926]","[-0.28989487886428833,-0.05770931765437126,0.03957804664969444,0.23165491223335266,-0.16536559164524078,0.03195727989077568,-0.3877842426300049,-0.1636536419391632,0.0553353913128376,0.2651306986808777,-0.10803792625665665,0.08948767185211182,-0.03950158879160881,-0.03170996159315109,-0.3132113814353943,0.18026120960712433,0.20462407171726227,-0.03327372297644615,0.6103727221488953,-0.015863468870520592,-0.0884789228439331,0.05716553330421448,0.1928124576807022,-0.24445681273937225,-0.005001002456992865,0.6635127663612366,0.008466662839055061,-0.18228431046009064,0.023106306791305542]","[-0.03777444362640381,-0.08493270725011826,0.07618309557437897,-0.07192432135343552,0.10388847440481186,0.5703566670417786,0.035597383975982666,-0.014621764421463013,-0.07567960023880005,-0.08594617247581482,0.09789206087589264,0.025817332789301872,-0.08459384739398956,-0.054602839052677155,0.04113391041755676,-0.06060972809791565,0.08582919836044312,0.03155414015054703,0.04719644784927368,0.0028040995821356773,-0.023882394656538963,0.02624206244945526,0.023804977536201477,0.1073058694601059,0.01721312291920185,0.16098469495773315,0.0020398078486323357,-0.02330925315618515,0.02689599059522152]","[0.13310804963111877,-0.0865180715918541,0.268533855676651,-0.4012058973312378,0.11619435995817184,0.13494089245796204,0.04319338873028755,-0.13424955308437347,-0.09826049953699112,-0.4434750974178314,0.19251777231693268,-0.05212169885635376,-0.04310569167137146,-0.16405567526817322,-0.04705012962222099,-0.008957907557487488,0.0706290677189827,-0.01851048693060875,-0.02874162793159485,-0.028274524956941605,0.019982468336820602,0.04014836996793747,0.03238138556480408,0.011997181922197342,-0.0009138722089119256,0.00217073829844594,-0.09554370492696762,-0.06016204133629799,0.09269896894693375]","[-0.172504723072052,0.089641273021698,-0.0813308134675026,-0.36674100160598755,0.9708139300346375,-0.10497594624757767,-0.4704815745353699,-0.1596958339214325,-0.08498726040124893,-0.16998925805091858,0.6144503951072693,0.11003673076629639,-0.06848400831222534,-0.03261043503880501,-0.7232697010040283,-0.556557297706604,0.13565878570079803,-0.129389226436615,-0.848297119140625,-0.035792555660009384,-1.510366439819336,1.0884530544281006,-0.39868366718292236,-0.38001781702041626,-0.07937909662723541,-0.7316066026687622,-0.007822275161743164,-3.127220392227173,0.7202177047729492]",0.09649726748466492,0.031128715723752975,0.015445039607584476,0.07749471813440323,0.0973982959985733,4.869914799928665,0,0,0,0.45101818442344666,0.49669063091278076,0.9931092262268066,0.9466227293014526,0.9933556318283081,0.9918774366378784,-0.002759377472102642,-0.0,-0.0,0.0,0.0,0.0,0.0
154,3.08,154,"[-0.24312585592269897,-0.09553506225347519,-0.014457539655268192,0.028028633445501328,-0.06444793939590454,0.08844466507434845,-0.3442992866039276,-0.11286307126283646,-0.022005828097462654,0.17617562413215637,0.03713357448577881,-0.008304700255393982,-0.03345968574285507,-0.032675452530384064,-0.26729196310043335,0.17041966319084167,0.2098873108625412,0.009363565593957901,0.5956944227218628,0.0004707391490228474,0.01099612656980753,0.011252956464886665,0.21601156890392303,-0.19165585935115814,0.008547532372176647,0.5924607515335083,0.0002449220046401024,-0.00022917288879398257,0.009990241378545761]","[-0.28796425461769104,-0.05882910639047623,0.04356706514954567,0.22432513535022736,-0.16289299726486206,0.03420988470315933,-0.3872673809528351,-0.16534945368766785,0.05434491112828255,0.2572712302207947,-0.10327903181314468,0.08860296756029129,-0.04122142493724823,-0.03478477895259857,-0.31438347697257996,0.1797918975353241,0.20529809594154358,-0.033714283257722855,0.6097172498703003,-0.01633896678686142,-0.08813579380512238,0.05792321637272835,0.19400788843631744,-0.24422587454319,-0.005053895525634289,0.6635463833808899,0.007271298673003912,-0.18354344367980957,0.02493361569941044]","[-0.040435791015625,-0.07728878408670425,0.07501272857189178,-0.018299464136362076,0.053571537137031555,0.5759881734848022,0.06708577275276184,0.06027240306138992,-0.06482256948947906,-0.08319728076457977,-0.020824838429689407,0.03614523634314537,-0.09081783145666122,-0.0693683996796608,0.035356730222702026,-0.05153156816959381,0.07216855883598328,0.028053043410182,0.04497319459915161,0.004400666803121567,-0.0179759468883276,0.02420952171087265,0.03252364695072174,0.10557509958744049,0.020678551867604256,0.13410747051239014,0.0036649496760219336,-0.014385697431862354,0.02544722519814968]","[0.085222989320755,-0.044227566570043564,0.1651732176542282,-0.3491550087928772,0.12781402468681335,0.09948873519897461,0.019570857286453247,-0.06440787017345428,-0.03602102771401405,-0.3593416213989258,0.24971897900104523,-0.04234645888209343,-0.10136029124259949,-0.1596948355436325,-0.05642062425613403,-0.03533424064517021,0.015416654758155346,-0.022408585995435715,-0.03482871875166893,-0.021922923624515533,0.01573552004992962,0.03677563741803169,0.07325324416160583,0.011345879174768925,-0.0017760429764166474,0.0016395160928368568,-0.045991115272045135,-0.06316974014043808,0.09054960310459137]","[-0.17008458077907562,0.06728391349315643,-0.055485643446445465,-0.3646799921989441,0.9571555852890015,-0.08216756582260132,-0.47903352975845337,-0.15650638937950134,-0.09070312231779099,-0.17640995979309082,0.6046397686004639,0.11420361697673798,-0.0730518102645874,-0.03382254019379616,-0.73442143201828,-0.5643581748008728,0.13722728192806244,-0.1380644589662552,-0.8612605929374695,-0.030703630298376083,-1.5310178995132446,1.0898715257644653,-0.38423261046409607,-0.37190914154052734,-0.08114011585712433,-0.7295646667480469,-0.0011331290006637573,-3.153343439102173,0.7452329397201538]",0.0948084369301796,0.028725283220410347,0.016054484993219376,0.0778183713555336,0.09753650426864624,4.876825213432312,0,0,0,0.45257458090782166,0.49717986583709717,0.9927648305892944,0.9464986324310303,0.9938091039657593,0.9963476061820984,-0.0023490027524530888,-0.0,-0.0,0.0,0.0,0.0,0.0
155,3.1,155,"[-0.2436821013689041,-0.0968465730547905,-0.013062985613942146,0.027970759198069572,-0.0650918036699295,0.09972526133060455,-0.3425561785697937,-0.11068792641162872,-0.023297607898712158,0.17448003590106964,0.035888299345970154,-0.007642082870006561,-0.0352993980050087,-0.0338464081287384,-0.2665930688381195,0.1695099025964737,0.21106630563735962,0.009854063391685486,0.596436083316803,0.0005286860978230834,0.010659574531018734,0.011685827746987343,0.2168118953704834,-0.18976929783821106,0.00897806603461504,0.5946707129478455,0.00030649485415779054,-0.000486298551550135,0.010452057234942913]","[-0.28636011481285095,-0.05952690541744232,0.046322088688611984,0.21788789331912994,-0.1603795886039734,0.035909254103899,-0.3870108127593994,-0.1663229763507843,0.053806405514478683,0.2510811984539032,-0.09864380210638046,0.08788847923278809,-0.04352768510580063,-0.03839125111699104,-0.3155708611011505,0.17911173403263092,0.20519956946372986,-0.03421869874000549,0.6089450716972351,-0.016658863052725792,-0.08788692951202393,0.058627720922231674,0.19572097063064575,-0.2439911961555481,-0.005066750105470419,0.663584291934967,0.0067073749378323555,-0.18486182391643524,0.026749560609459877]","[-0.007011741399765015,-0.06068386137485504,0.058881498873233795,-0.010957987979054451,-0.1584285944700241,0.5624419450759888,0.10614171624183655,0.15769638121128082,-0.0627814307808876,-0.07577985525131226,-0.043002236634492874,0.04471496492624283,-0.09887628257274628,-0.03371313214302063,0.028993934392929077,-0.0392179936170578,0.04510805010795593,0.017596548423171043,0.022283196449279785,0.0031504621729254723,-0.016141707077622414,0.02081787772476673,0.050847604870796204,0.07468052208423615,0.019093533977866173,0.08208155632019043,0.0033710391726344824,-0.014127448201179504,0.023131422698497772]","[0.07822517305612564,-0.028403127565979958,0.1239444762468338,-0.30433955788612366,0.12203580141067505,0.07549892365932465,0.01020397711545229,-0.039735518395900726,-0.024883590638637543,-0.2804144620895386,0.21489891409873962,-0.032359667122364044,-0.12060115486383438,-0.19238974153995514,-0.05916333198547363,-0.03433774784207344,-0.01743863709270954,-0.025973770767450333,-0.03968071565032005,-0.013681786134839058,0.011218911036849022,0.03438691049814224,0.09202488511800766,0.01168513111770153,-5.397044151322916e-05,0.002339924918487668,-0.021278785541653633,-0.06615765392780304,0.0902266576886177]","[-0.1541566103696823,0.04528866335749626,-0.027251489460468292,-0.3578701913356781,0.9177335500717163,-0.0567939430475235,-0.4961991310119629,-0.1645304262638092,-0.09005513042211533,-0.18759018182754517,0.6034200191497803,0.11402688920497894,-0.08255858719348907,-0.032761070877313614,-0.7513720393180847,-0.5645694136619568,0.13767491281032562,-0.14888860285282135,-0.8736647963523865,-0.024464741349220276,-1.5448827743530273,1.0903050899505615,-0.3734999895095825,-0.36261987686157227,-0.08198535442352295,-0.7228553295135498,0.009121909737586975,-3.1881871223449707,0.7655315399169922]",0.09307043999433517,0.029052847996354103,0.01684916391968727,0.07847566902637482,0.09749282151460648,4.874641075730324,0,0,0,0.4541509747505188,0.4971163272857666,0.9923277497291565,0.9460613131523132,0.9926943182945251,0.9958527088165283,-0.0035624324809759855,-0.0,-0.0,0.0,0.0,0.0,0.0
156,3.12,156,"[-0.24340632557868958,-0.09796241670846939,-0.01210227981209755,0.02759031392633915,-0.07078508287668228,0.11094234138727188,-0.34005361795425415,-0.10655521601438522,-0.024517085403203964,0.17314442992210388,0.035413485020399094,-0.006516101770102978,-0.03741473704576492,-0.03402397781610489,-0.2661322057247162,0.16885094344615936,0.21169163286685944,0.010067427530884743,0.596585750579834,0.000596757628954947,0.010350458323955536,0.012085671536624432,0.21804547309875488,-0.1886686384677887,0.009311273694038391,0.5957440137863159,0.0003797635727096349,-0.0007942707743495703,0.010915498249232769]","[-0.2849006652832031,-0.05987057834863663,0.04859594628214836,0.2122059315443039,-0.1581677347421646,0.03719967231154442,-0.38688570261001587,-0.1668751984834671,0.05334273353219032,0.2459416538476944,-0.0949699729681015,0.08747008442878723,-0.04613965377211571,-0.04240582138299942,-0.3172798156738281,0.17886926233768463,0.20435398817062378,-0.03480753302574158,0.6081156134605408,-0.01682836189866066,-0.08769355714321136,0.05929946154356003,0.19774167239665985,-0.24375559389591217,-0.005082006566226482,0.6636775732040405,0.006565977819263935,-0.1862582564353943,0.028558533638715744]","[0.024306774139404297,-0.054471008479595184,0.0361977145075798,-0.04545343294739723,-0.3349423408508301,0.5595225691795349,0.13654083013534546,0.23878347873687744,-0.05680355429649353,-0.052031129598617554,-0.006774347275495529,0.06242826581001282,-0.11692959815263748,0.0111396424472332,0.01255422830581665,-0.03031715750694275,0.0219099223613739,0.0041516730561852455,-0.003445148468017578,0.0029347576200962067,-0.016284314915537834,0.017718855291604996,0.06995871663093567,0.03881007432937622,0.011887471191585064,0.03612637519836426,0.003011921187862754,-0.01706673949956894,0.02140933647751808]","[0.07151485979557037,-0.009119382128119469,0.10879348963499069,-0.2702037990093231,0.10233043134212494,0.0568401925265789,0.004593042656779289,-0.019366078078746796,-0.02328309416770935,-0.24006155133247375,0.16426050662994385,-0.015332730486989021,-0.13321425020694733,-0.20536258816719055,-0.09495913237333298,-0.005016686394810677,-0.05758640170097351,-0.030446229502558708,-0.041803598403930664,-0.00648811599239707,0.009387986734509468,0.033029329031705856,0.10534447431564331,0.011521592736244202,-0.0008068723254837096,0.0057549006305634975,-0.0016621585236862302,-0.07043253630399704,0.08983194828033447]","[-0.14383423328399658,0.023407723754644394,-0.00873497873544693,-0.36144334077835083,0.8634176254272461,-0.03184153139591217,-0.5113356113433838,-0.17726007103919983,-0.08898269385099411,-0.2072964310646057,0.6083047389984131,0.11158300936222076,-0.09073424339294434,-0.03054683282971382,-0.7656150460243225,-0.5611304044723511,0.13822032511234283,-0.15976005792617798,-0.8848040699958801,-0.01939341053366661,-1.550368070602417,1.094583511352539,-0.3664151132106781,-0.35330384969711304,-0.0812324732542038,-0.7094566822052002,0.021302133798599243,-3.2297728061676025,0.7894136309623718]",0.09129738062620163,0.02678127959370613,0.01739276573061943,0.07921236753463745,0.09741055220365524,4.870527610182762,0,0,0,0.45573514699935913,0.4975222945213318,0.9920398592948914,0.9453768730163574,0.9905750751495361,0.9936243295669556,-0.004346271976828575,-0.0,-0.0,0.0,0.0,0.0,0.0
157,3.14,157,"[-0.24270983040332794,-0.0990254133939743,-0.011615077033638954,0.02615262195467949,-0.07848949730396271,0.1221061646938324,-0.3370945453643799,-0.10113658756017685,-0.025569749996066093,0.17239879071712494,0.03561732545495033,-0.005144952330738306,-0.0399765819311142,-0.033400822430849075,-0.26609089970588684,0.16829721629619598,0.21194270253181458,0.010020130313932896,0.5962982773780823,0.0006460763979703188,0.01000820193439722,0.01239458192139864,0.21961024403572083,-0.188216894865036,0.009453564882278442,0.59611576795578,0.0004269717028364539,-0.0011689681559801102,0.011308430694043636]","[-0.28361478447914124,-0.059882521629333496,0.05061214044690132,0.20680740475654602,-0.1562785804271698,0.03816218674182892,-0.3868672847747803,-0.16711270809173584,0.05282730236649513,0.24114695191383362,-0.09215730428695679,0.08743845671415329,-0.04891805723309517,-0.046521108597517014,-0.3199929893016815,0.1789030283689499,0.20259349048137665,-0.03547964245080948,0.6072682738304138,-0.01687118224799633,-0.08748483657836914,0.05995839461684227,0.20017379522323608,-0.24354490637779236,-0.005119676236063242,0.6638472676277161,0.00678569870069623,-0.188096821308136,0.03037411719560623]","[0.022541359066963196,-0.07401593029499054,0.024719420820474625,-0.09501837193965912,-0.3257330656051636,0.5882902145385742,0.146406888961792,0.2637569010257721,-0.05109454691410065,-0.03170967102050781,-0.002679601311683655,0.07249987125396729,-0.14130659401416779,0.026292353868484497,-0.015804171562194824,-0.028822943568229675,0.010570511221885681,-0.005494779907166958,-0.015279650688171387,0.0033537247218191624,-0.01615886576473713,0.01484965905547142,0.08369386196136475,0.017883628606796265,0.003753555938601494,0.01858919858932495,0.002106165047734976,-0.017528783529996872,0.0195458997040987]","[0.06257127970457077,0.0044864933006465435,0.09592591971158981,-0.2663837671279907,0.08964723348617554,0.04185191169381142,-0.000724318902939558,-0.007386565208435059,-0.027673305943608284,-0.2323320358991623,0.1263173669576645,0.00529493810608983,-0.14226554334163666,-0.20556537806987762,-0.1499491184949875,0.0020118297543376684,-0.10541196167469025,-0.03487192839384079,-0.042576853185892105,-0.0004924927488900721,0.010785623453557491,0.03262575715780258,0.1254866123199463,0.00991027057170868,-0.0022634880151599646,0.01051192544400692,0.015638329088687897,-0.09122436493635178,0.09017007052898407]","[-0.14570461213588715,0.002070065587759018,0.004549823701381683,-0.3785283863544464,0.8100228905677795,-0.00923854112625122,-0.5232861042022705,-0.19041207432746887,-0.09214271605014801,-0.2324696183204651,0.6161125302314758,0.10770672559738159,-0.09709306061267853,-0.029992271214723587,-0.7739627361297607,-0.5557717680931091,0.1398339718580246,-0.1689913123846054,-0.8952378630638123,-0.015080783516168594,-1.550140142440796,1.1056365966796875,-0.36261406540870667,-0.3469665050506592,-0.07953634858131409,-0.6923972368240356,0.03312772512435913,-3.273369073867798,0.8199409246444702]",0.08939135074615479,0.026133475825190544,0.017912549898028374,0.08043266832828522,0.09738108515739441,4.8690542578697205,0,0,0,0.45742344856262207,0.49764350056648254,0.9916832447052002,0.944016695022583,0.9898081421852112,0.9930399060249329,-0.004561037756502628,-0.0,-0.0,0.0,0.0,0.0,0.0
158,3.16,158,"[-0.24250467121601105,-0.10092305392026901,-0.011113503016531467,0.023789579048752785,-0.08381440490484238,0.13447394967079163,-0.33419734239578247,-0.09600494056940079,-0.026560867205262184,0.17187604308128357,0.03530630096793175,-0.003616106929257512,-0.043067000806331635,-0.03297228366136551,-0.266764372587204,0.16769802570343018,0.21211445331573486,0.009847636334598064,0.5959745645523071,0.0007309066131711006,0.00970410369336605,0.012679657898843288,0.22139322757720947,-0.18795329332351685,0.00946141593158245,0.5964875817298889,0.00046401016879826784,-0.0014954220969229937,0.011697334237396717]","[-0.2826460599899292,-0.05967693775892258,0.05234064161777496,0.2014237642288208,-0.15456439554691315,0.03885604813694954,-0.3870263993740082,-0.16717864573001862,0.05215168744325638,0.23636502027511597,-0.08992484211921692,0.0877850130200386,-0.05201096087694168,-0.050388403236866,-0.32384762167930603,0.17924392223358154,0.19985778629779816,-0.03623368218541145,0.6063768863677979,-0.01680026389658451,-0.08727972954511642,0.060623615980148315,0.202849879860878,-0.24337144196033478,-0.005202241707593203,0.6640937924385071,0.007428751792758703,-0.19047965109348297,0.03221139311790466]","[-0.0036269426345825195,-0.10634046047925949,0.032548628747463226,-0.12425794452428818,-0.17115716636180878,0.6255164742469788,0.13747885823249817,0.22068992257118225,-0.04778727889060974,-0.03422945737838745,-0.07944824546575546,0.07300087064504623,-0.15306240320205688,0.009464472532272339,-0.045652687549591064,-0.03181099891662598,0.006379559636116028,-0.00696815550327301,-0.009992718696594238,0.0023162211291491985,-0.013751257210969925,0.013358728028833866,0.08763372898101807,0.01389719545841217,0.00017685815691947937,0.028574466705322266,-0.0005684742354787886,-0.013507355935871601,0.017746701836586]","[0.043694790452718735,0.013490891084074974,0.08188264816999435,-0.26702383160591125,0.08308474719524384,0.029456639662384987,-0.012179665267467499,-0.0011672297259792686,-0.03729357197880745,-0.2344784438610077,0.10339441895484924,0.023850802332162857,-0.15930932760238647,-0.18732312321662903,-0.20655719935894012,0.02010090835392475,-0.1540912687778473,-0.038754671812057495,-0.0452478788793087,0.005038227885961533,0.010112601332366467,0.03319820389151573,0.1328323930501938,0.00788125116378069,-0.004425397142767906,0.014490160159766674,0.03406473249197006,-0.11904741823673248,0.09088975936174393]","[-0.1587148755788803,-0.014979306608438492,0.016279153525829315,-0.3971577286720276,0.7651167511940002,0.011920779943466187,-0.5349975228309631,-0.20178401470184326,-0.09623550623655319,-0.2533831298351288,0.618984580039978,0.10283485800027847,-0.1006459891796112,-0.02772654965519905,-0.7755883932113647,-0.5477085113525391,0.14036867022514343,-0.17536242306232452,-0.904300332069397,-0.010773558169603348,-1.552103042602539,1.1222379207611084,-0.3614637851715088,-0.34507155418395996,-0.07919727265834808,-0.6762850284576416,0.04305531084537506,-3.318781614303589,0.849170446395874]",0.08741150051355362,0.025927333161234856,0.018420901149511337,0.08200143277645111,0.09737475961446762,4.868737980723381,0,0,0,0.45916125178337097,0.49769002199172974,0.991245448589325,0.9422138333320618,0.9892496466636658,0.9931517839431763,-0.003973862621933222,-0.0,-0.0,0.0,0.0,0.0,0.0
159,3.18,159,"[-0.24285490810871124,-0.10327903181314468,-0.010313131846487522,0.021182304248213768,-0.08533578366041183,0.14712682366371155,-0.33159539103507996,-0.09230899065732956,-0.027481241151690483,0.17102961242198944,0.032439395785331726,-0.002224917523562908,-0.04609907791018486,-0.03302224352955818,-0.2679170072078705,0.16702477633953094,0.21219788491725922,0.009741404093801975,0.5958985686302185,0.0007387252408079803,0.009458151645958424,0.012928931042551994,0.22311559319496155,-0.18766100704669952,0.009460639208555222,0.5972587466239929,0.0004042327345814556,-0.0017092623747885227,0.012018298730254173]","[-0.2821784019470215,-0.059349242597818375,0.05403035134077072,0.1961454600095749,-0.15297913551330566,0.03934145346283913,-0.387909471988678,-0.1671719253063202,0.051358629018068314,0.23209208250045776,-0.088068887591362,0.08838802576065063,-0.055178895592689514,-0.05388551205396652,-0.32857367396354675,0.17985793948173523,0.19624130427837372,-0.037072185426950455,0.605426549911499,-0.016617299988865852,-0.08711958676576614,0.06131633743643761,0.20534753799438477,-0.243246391415596,-0.005332570988684893,0.6646754145622253,0.008837449364364147,-0.19343115389347076,0.034013278782367706]","[-0.02589970827102661,-0.12630559504032135,0.05054231733083725,-0.12283153086900711,-0.008513778448104858,0.6402481198310852,0.12343078851699829,0.15487894415855408,-0.035865604877471924,-0.05668364465236664,-0.17668624222278595,0.07717199623584747,-0.1476755440235138,-0.015187636017799377,-0.06613507866859436,-0.03294013440608978,0.006056204438209534,-0.004397123120725155,0.0023186206817626953,0.004020445514470339,-0.0100370729342103,0.014085625298321247,0.08355304598808289,0.020401552319526672,0.0013609882444143295,0.048479437828063965,-0.000769292120821774,-0.005406863056123257,0.01775340735912323]","[0.016377726569771767,0.018399186432361603,0.08495248854160309,-0.2581806182861328,0.0763140618801117,0.02033022791147232,-0.05554932728409767,0.001416542800143361,-0.04080009087920189,-0.19962552189826965,0.08678298443555832,0.03411737084388733,-0.15795202553272247,-0.16693633794784546,-0.24191492795944214,0.03186791017651558,-0.19464699923992157,-0.04581022635102272,-0.04830117151141167,0.01066230982542038,0.007383295334875584,0.0347684770822525,0.1182108148932457,0.0053017036989331245,-0.006234734319150448,0.029517246410250664,0.07379080355167389,-0.14157244563102722,0.08932727575302124]","[-0.17950263619422913,-0.027030382305383682,0.027630768716335297,-0.41006356477737427,0.7288475036621094,0.03274925798177719,-0.54892498254776,-0.21085986495018005,-0.09841062873601913,-0.26283544301986694,0.6132545471191406,0.09679189324378967,-0.10097652673721313,-0.02244452014565468,-0.768581748008728,-0.5392619371414185,0.1387447714805603,-0.17911893129348755,-0.9111712574958801,-0.006087187677621841,-1.5633710622787476,1.1453773975372314,-0.36258071660995483,-0.3481006622314453,-0.08051982522010803,-0.6637499332427979,0.050528451800346375,-3.3651349544525146,0.8697523474693298]",0.08544925600290298,0.026859957724809647,0.018885284662246704,0.08361316472291946,0.09737741947174072,4.868870973587036,0,0,0,0.46086931228637695,0.497547447681427,0.9908287525177002,0.9404217600822449,0.989521861076355,0.9930599331855774,-0.003378000808879733,-0.0,-0.0,0.0,0.0,0.0,0.0
160,3.2,160,"[-0.2435406595468521,-0.10597527772188187,-0.009091810323297977,0.018876317888498306,-0.08415495604276657,0.16008387506008148,-0.32926011085510254,-0.08980978280305862,-0.02799549140036106,0.1696086972951889,0.028238851577043533,-0.0005292270798236132,-0.04897402226924896,-0.033579789102077484,-0.26940977573394775,0.16638042032718658,0.21235670149326324,0.009671751409769058,0.5960673093795776,0.0008917244267649949,0.009302620775997639,0.013243082910776138,0.2247353494167328,-0.18713723123073578,0.009515855461359024,0.5984267592430115,0.0004332384851295501,-0.001711696619167924,0.012407470494508743]","[-0.28205785155296326,-0.05892594903707504,0.055913619697093964,0.19161631166934967,-0.15173295140266418,0.039692822843790054,-0.3895423114299774,-0.16711437702178955,0.05058194324374199,0.22914338111877441,-0.08663994073867798,0.08910022675991058,-0.05811663717031479,-0.05694945156574249,-0.3330138027667999,0.18044331669807434,0.19192883372306824,-0.03816788271069527,0.6042999625205994,-0.01632319949567318,-0.0870385468006134,0.0621030293405056,0.2071237862110138,-0.24317732453346252,-0.00548413535580039,0.6657871603965759,0.010790565051138401,-0.1968841403722763,0.035767875611782074]","[-0.03047846257686615,-0.12221094220876694,0.06571682542562485,-0.10260157287120819,0.07586441934108734,0.6195776462554932,0.1170918345451355,0.11688582599163055,-0.011694245040416718,-0.07745400071144104,-0.23253895342350006,0.08442629128694534,-0.13308413326740265,-0.02355361357331276,-0.06924793124198914,-0.03131479024887085,0.00408366322517395,-0.002711871638894081,0.009936094284057617,0.0040229628793895245,-0.00799128320068121,0.01174136996269226,0.07470659911632538,0.025246664881706238,0.0034868717193603516,0.05998462438583374,-0.0013259254628792405,0.0012331351172178984,0.014614872634410858]","[0.002550818957388401,0.023280004039406776,0.09718815982341766,-0.20833541452884674,0.05351948365569115,0.014971356838941574,-0.08909188210964203,0.004337602760642767,-0.03766529634594917,-0.12350070476531982,0.06302045285701752,0.03713029623031616,-0.14172646403312683,-0.14342425763607025,-0.2086631953716278,0.025167247280478477,-0.22627444565296173,-0.061645690351724625,-0.05533234402537346,0.016163723543286324,0.00322834774851799,0.03859580308198929,0.07503263652324677,0.0026933709159493446,-0.0071113938465714455,0.05879994481801987,0.09557262808084488,-0.16382251679897308,0.08664407581090927]","[-0.19880610704421997,-0.030709031969308853,0.030896447598934174,-0.4075695872306824,0.6965485215187073,0.05667341500520706,-0.5643594861030579,-0.21544113755226135,-0.09529444575309753,-0.254474937915802,0.6003578305244446,0.09122587740421295,-0.0988379567861557,-0.014438245445489883,-0.7566757202148438,-0.530975878238678,0.13260354101657867,-0.18088462948799133,-0.9167547821998596,-0.0013073831796646118,-1.583760142326355,1.1710528135299683,-0.3649769425392151,-0.3522549867630005,-0.08403533697128296,-0.6529010534286499,0.056886106729507446,-3.416715145111084,0.8797252178192139]",0.08359868079423904,0.027514241635799408,0.019465336576104164,0.08554074913263321,0.09737540036439896,4.868770018219948,0,0,0,0.46247607469558716,0.4974508285522461,0.9903339743614197,0.9384163618087769,0.9903661012649536,0.9932053089141846,-0.0034785454627126455,-0.0,-0.0,0.0,0.0,0.0,0.0
161,3.22,161,"[-0.2440740466117859,-0.10816746950149536,-0.00768445897847414,0.01707824133336544,-0.08230120688676834,0.17190992832183838,-0.32691171765327454,-0.08763355761766434,-0.027949010953307152,0.1679314523935318,0.023137837648391724,0.0011521339183673263,-0.051422443240880966,-0.03396438807249069,-0.27068692445755005,0.1657721847295761,0.21236123144626617,0.009632929228246212,0.5962960124015808,0.0008996437536552548,0.009138500317931175,0.013398585841059685,0.22610385715961456,-0.18665114045143127,0.009600114077329636,0.5996581315994263,0.0003511957183945924,-0.0016599369700998068,0.012602893635630608]","[-0.28215768933296204,-0.05834207311272621,0.05801305174827576,0.1886364370584488,-0.15121956169605255,0.03997165709733963,-0.39159494638442993,-0.1669098436832428,0.049924060702323914,0.22791653871536255,-0.08578812330961227,0.08976816385984421,-0.06071940064430237,-0.05943197384476662,-0.3362278342247009,0.1809079945087433,0.18700726330280304,-0.0394502729177475,0.6027801632881165,-0.01592026650905609,-0.08706243336200714,0.06302272528409958,0.20786619186401367,-0.2431359440088272,-0.005743465851992369,0.6675555109977722,0.013051635585725307,-0.2007945328950882,0.03744896128773689]","[-0.025642290711402893,-0.10108295828104019,0.0693451389670372,-0.07603783160448074,0.08483827114105225,0.5825087428092957,0.12319982051849365,0.13031643629074097,0.016948487609624863,-0.08777603507041931,-0.24882960319519043,0.09240400046110153,-0.12999242544174194,-0.008746981620788574,-0.06305649876594543,-0.029876455664634705,-0.003489851951599121,-0.003910623490810394,0.008662045001983643,0.0007708062184974551,-0.008396734483540058,0.0057119643315672874,0.06623417139053345,0.020414963364601135,0.003377394750714302,0.059345364570617676,-0.0038205450400710106,0.004503439646214247,0.007804809138178825]","[-0.007470224052667618,0.0325569286942482,0.10704386979341507,-0.1213296577334404,0.010180923156440258,0.012145224027335644,-0.1032317504286766,0.013522778637707233,-0.030420653522014618,-0.038882382214069366,0.03228212893009186,0.03261348232626915,-0.12338235229253769,-0.11156860738992691,-0.13951510190963745,0.02063651941716671,-0.2554445266723633,-0.06923404335975647,-0.07877887040376663,0.021600624546408653,-0.0021951545495539904,0.04404052719473839,0.024885954335331917,0.001674239756539464,-0.017202939838171005,0.08929683268070221,0.10775870829820633,-0.1842404156923294,0.08257978409528732]","[-0.21113762259483337,-0.026216883212327957,0.025154195725917816,-0.3940448760986328,0.6608338952064514,0.08429276198148727,-0.5801420211791992,-0.21521466970443726,-0.0896751657128334,-0.23439675569534302,0.5832226276397705,0.08674859255552292,-0.09811940789222717,-0.0061858780682086945,-0.7460160255432129,-0.5233708620071411,0.12238900363445282,-0.182289719581604,-0.9221405982971191,0.003871046006679535,-1.6092286109924316,1.1933071613311768,-0.36744245886802673,-0.35387080907821655,-0.08890174329280853,-0.6404848098754883,0.06334780156612396,-3.475037097930908,0.8830727934837341]",0.08190950006246567,0.028374705463647842,0.020054884254932404,0.08759725838899612,0.09735303372144699,4.8676516860723495,0,0,0,0.4639277756214142,0.4973086416721344,0.9898629784584045,0.9363219141960144,0.9909793734550476,0.9935564994812012,-0.004305535927414894,-0.0,-0.0,0.0,0.0,0.0,0.0
162,3.24,162,"[-0.24456635117530823,-0.11001859605312347,-0.006318004801869392,0.015834804624319077,-0.08076142519712448,0.1833842247724533,-0.3243321180343628,-0.08459712564945221,-0.027317551895976067,0.16609765589237213,0.018285667523741722,0.0031669328454881907,-0.05417371913790703,-0.03392966836690903,-0.27193203568458557,0.1651853621006012,0.21221710741519928,0.009515326470136642,0.596413791179657,0.0009225566755048931,0.008966751396656036,0.01347156148403883,0.22738471627235413,-0.18632063269615173,0.009650951251387596,0.6008005738258362,0.00028041668701916933,-0.0015315590426325798,0.012719662860035896]","[-0.28294646739959717,-0.057519394904375076,0.060088034719228745,0.1873372495174408,-0.15162599086761475,0.040205296128988266,-0.3938981592655182,-0.16646471619606018,0.04931928962469101,0.22753360867500305,-0.08542587608098984,0.09032170474529266,-0.06301230192184448,-0.06108701601624489,-0.3388376235961914,0.18151862919330597,0.18154259026050568,-0.04098203778266907,0.6008293032646179,-0.015396987088024616,-0.08718714118003845,0.06404875963926315,0.2082461416721344,-0.24309998750686646,-0.006361483130604029,0.6697338223457336,0.015455523505806923,-0.205119326710701,0.03904528170824051]","[-0.020440667867660522,-0.08679348975419998,0.06729556620121002,-0.04943127557635307,0.060482509434223175,0.5703274011611938,0.1324102282524109,0.16560256481170654,0.027708569541573524,-0.08201152086257935,-0.23146304488182068,0.09905119985342026,-0.1450134515762329,0.008586887270212173,-0.06381943821907043,-0.032186880707740784,-0.008725747466087341,-0.007988465949892998,0.002333521842956543,-0.0001123451511375606,-0.008362764492630959,0.0015104422345757484,0.06447918713092804,0.012876465916633606,0.00019150320440530777,0.05325824022293091,-0.004242471884936094,0.006569651421159506,0.0031716423109173775]","[-0.04604870080947876,0.04448200762271881,0.10277958959341049,-0.04288627207279205,-0.0354047529399395,0.010093305259943008,-0.1147550642490387,0.025562865659594536,-0.02958887256681919,-0.012065711431205273,0.011173095554113388,0.02638365887105465,-0.10766313225030899,-0.06837362051010132,-0.12031947821378708,0.03237837180495262,-0.2804425358772278,-0.08140378445386887,-0.09925969690084457,0.027750859037041664,-0.007062191609293222,0.048500753939151764,0.016855468973517418,0.0016588525613769889,-0.03592287376523018,0.1095038577914238,0.11338573694229126,-0.20317894220352173,0.07855915278196335]","[-0.22121556103229523,-0.022328857332468033,0.01788695901632309,-0.38829532265663147,0.6223539113998413,0.11223620921373367,-0.5961771607398987,-0.21200713515281677,-0.09107151627540588,-0.21802645921707153,0.5685065984725952,0.08325698971748352,-0.09959825873374939,-0.0006838478147983551,-0.7390913367271423,-0.5168699622154236,0.11193843185901642,-0.1842888444662094,-0.927531898021698,0.009986117482185364,-1.634037733078003,1.2147243022918701,-0.37096479535102844,-0.35389429330825806,-0.09233157336711884,-0.6254396438598633,0.06934981048107147,-3.535255193710327,0.8875361680984497]",0.08032860606908798,0.03016793541610241,0.02065214328467846,0.08975894749164581,0.09732221066951752,4.866110533475876,0,0,0,0.4652474522590637,0.49698740243911743,0.9893922209739685,0.9340345859527588,0.9911404252052307,0.9935781359672546,-0.004269711673259735,-0.0,-0.0,0.0,0.0,0.0,0.0
163,3.2600000000000002,163,"[-0.2448916733264923,-0.11163920909166336,-0.004992636386305094,0.015100990422070026,-0.07988190650939941,0.19472302496433258,-0.3216153085231781,-0.08100945502519608,-0.02684066817164421,0.16465099155902863,0.013879315927624702,0.005114181898534298,-0.05722298100590706,-0.033620912581682205,-0.27323970198631287,0.16448470950126648,0.21201220154762268,0.009313390590250492,0.5963893532752991,0.0008951499476097524,0.008803989738225937,0.013459003530442715,0.22868302464485168,-0.18613608181476593,0.009607774205505848,0.6017884612083435,0.00018149684183299541,-0.0013971509179100394,0.012729759328067303]","[-0.28458109498023987,-0.0565558522939682,0.06203656643629074,0.1868930608034134,-0.1526595503091812,0.04040057584643364,-0.396784245967865,-0.1658836454153061,0.04861060157418251,0.22750787436962128,-0.08536343276500702,0.0907149389386177,-0.06504698097705841,-0.06189234182238579,-0.34159204363822937,0.18249012529850006,0.17557305097579956,-0.042469605803489685,0.5986860990524292,-0.014761069789528847,-0.0873960629105568,0.06512405723333359,0.20856089890003204,-0.2430659830570221,-0.007270838133990765,0.6725217700004578,0.01778358966112137,-0.20972341299057007,0.04056178033351898]","[-0.0038307160139083862,-0.08958671241998672,0.07070337235927582,-0.024381304159760475,0.029744207859039307,0.5483009219169617,0.12235641479492188,0.13403035700321198,-9.583309292793274e-05,-0.06702542304992676,-0.16787859797477722,0.0709414929151535,-0.1489575058221817,0.004301965236663818,-0.0643320381641388,-0.036161020398139954,-0.006170943379402161,-0.010336167179048061,-0.005193054676055908,-0.0015097437426447868,-0.008467398583889008,-0.001843925565481186,0.062162429094314575,0.00946037471294403,-0.0032937387004494667,0.04519522190093994,-0.004867152310907841,0.006360950879752636,-0.000896095298230648]","[-0.0903034582734108,0.04921463876962662,0.09470859915018082,-0.01454275380820036,-0.05868540704250336,0.008204543963074684,-0.15025989711284637,0.029912615194916725,-0.037165142595767975,0.0026274051051586866,-0.001078070024959743,0.017562296241521835,-0.09599678963422775,-0.026030655950307846,-0.1348794400691986,0.05084162950515747,-0.30461516976356506,-0.07370545715093613,-0.10318158566951752,0.03317819535732269,-0.01099350955337286,0.05090244486927986,0.014911586418747902,0.0014473798219114542,-0.04882604628801346,0.14302106201648712,0.10778091847896576,-0.21335576474666595,0.07451854646205902]","[-0.23687048256397247,-0.016188818961381912,0.00784679502248764,-0.38209646940231323,0.5905539393424988,0.14026294648647308,-0.6111128330230713,-0.20808207988739014,-0.09997125715017319,-0.19450485706329346,0.5592913627624512,0.0803154930472374,-0.09864838421344757,0.00772051140666008,-0.7307336926460266,-0.5094960927963257,0.09857212007045746,-0.18423867225646973,-0.9301164746284485,0.015590924769639969,-1.6567184925079346,1.2346047163009644,-0.3793107271194458,-0.3556322455406189,-0.09508170187473297,-0.611053466796875,0.07390229403972626,-3.597038745880127,0.8880934119224548]",0.07879599928855896,0.03276063874363899,0.02127460576593876,0.09199388325214386,0.09731187671422958,4.865593835711479,0,0,0,0.4664943516254425,0.4964800477027893,0.9888975620269775,0.9315940737724304,0.9920729398727417,0.9943705797195435,-0.004315436817705631,-0.0,-0.0,0.0,0.0,0.0,0.0
164,3.2800000000000002,164,"[-0.24471957981586456,-0.11360206454992294,-0.0034898698795586824,0.01485955249518156,-0.07957165688276291,0.20531626045703888,-0.3194378614425659,-0.07923591136932373,-0.027321385219693184,0.16341663897037506,0.011570523492991924,0.006004592403769493,-0.060132019221782684,-0.033757589757442474,-0.2745053172111511,0.1637389212846756,0.2119702696800232,0.00910187978297472,0.5962060689926147,0.0008621669257991016,0.008628055453300476,0.013397804461419582,0.2298712134361267,-0.18594221770763397,0.009519201703369617,0.6026083827018738,8.573060040362179e-05,-0.0012771210167557001,0.01268381904810667]","[-0.28726163506507874,-0.055628109723329544,0.06381592899560928,0.18688370287418365,-0.15394584834575653,0.040567293763160706,-0.4009331166744232,-0.1653585433959961,0.04767517372965813,0.2284517139196396,-0.08561409264802933,0.09086659550666809,-0.06668912619352341,-0.06196574866771698,-0.3444744050502777,0.18347321450710297,0.1690744310617447,-0.04347354546189308,0.596822202205658,-0.014058253727853298,-0.08768023550510406,0.06615608185529709,0.2088301032781601,-0.24306154251098633,-0.008479158394038677,0.6758005023002625,0.0199896190315485,-0.2144806981086731,0.04196672886610031]","[0.016932934522628784,-0.11278316378593445,0.0836273580789566,-0.00799188856035471,0.02968963235616684,0.48397296667099,0.09442344307899475,0.0187823548913002,-0.026222597807645798,-0.07649995386600494,-0.04989255964756012,0.026442786678671837,-0.1373666375875473,-0.023594219237565994,-0.059857964515686035,-0.034374743700027466,0.0024527311325073242,-0.00973525457084179,-0.008003413677215576,-0.0018276143819093704,-0.009033456444740295,-0.005358248017728329,0.053780898451805115,0.0122852623462677,-0.004801270551979542,0.03933161497116089,-0.004916312173008919,0.006258356850594282,-0.004667113535106182]","[-0.14526553452014923,0.04438803344964981,0.08426212519407272,0.004793252795934677,-0.06579167395830154,0.007025361992418766,-0.22068892419338226,0.023934509605169296,-0.04975549131631851,0.06240959092974663,-0.019207164645195007,0.004674973431974649,-0.07315979152917862,0.008846312761306763,-0.1348329782485962,0.04320044815540314,-0.33155539631843567,-0.04328618198633194,-0.08144021034240723,0.03574322536587715,-0.014775850810110569,0.04854493960738182,0.012849465943872929,-0.0003353754582349211,-0.06511044502258301,0.162791907787323,0.10217585414648056,-0.21969343721866608,0.06837143748998642]","[-0.2625587582588196,-0.005092207342386246,-0.009215869009494781,-0.3621448576450348,0.5710830092430115,0.16967909038066864,-0.6218599677085876,-0.20787835121154785,-0.10867635160684586,-0.14614975452423096,0.5571842193603516,0.07557801902294159,-0.09079781174659729,0.020833652466535568,-0.7172147631645203,-0.49986428022384644,0.08159633725881577,-0.18096238374710083,-0.9280505776405334,0.018519334495067596,-1.6816025972366333,1.2499823570251465,-0.39378082752227783,-0.36185067892074585,-0.09857439994812012,-0.6009535789489746,0.0782293826341629,-3.663031816482544,0.8763647079467773]",0.07732716202735901,0.03412903472781181,0.0218613650649786,0.09415421634912491,0.0972452238202095,4.862261191010475,0,0,0,0.4676763415336609,0.4962253272533417,0.9884344339370728,0.9292665719985962,0.9928226470947266,0.993747353553772,-0.005911633372306824,-0.0,-0.0,0.0,0.0,0.0,0.0
165,3.3000000000000003,165,"[-0.24421435594558716,-0.11615053564310074,-0.001647542230784893,0.014781314879655838,-0.07869432121515274,0.21408194303512573,-0.3178383708000183,-0.08025816082954407,-0.027889572083950043,0.16159099340438843,0.011883613653481007,0.006171893328428268,-0.06271764636039734,-0.034564681351184845,-0.2756340205669403,0.16310971975326538,0.21211031079292297,0.00892398040741682,0.5960692167282104,0.000822045374661684,0.008442651480436325,0.013244673609733582,0.2308342605829239,-0.18564467132091522,0.009415723383426666,0.6033617258071899,-1.5155637811403722e-05,-0.001146816648542881,0.012543074786663055]","[-0.29173290729522705,-0.05482209101319313,0.06529723852872849,0.18862250447273254,-0.15570473670959473,0.040720053017139435,-0.407176673412323,-0.16507776081562042,0.04618973657488823,0.23210176825523376,-0.08657927811145782,0.0907047763466835,-0.06778174638748169,-0.061370935291051865,-0.34663811326026917,0.18388158082962036,0.16227971017360687,-0.04421441629528999,0.5953229069709778,-0.013340961188077927,-0.08807305246591568,0.06715100258588791,0.20901575684547424,-0.2431042343378067,-0.010066554881632328,0.6788763403892517,0.022489065304398537,-0.21933020651340485,0.04321397840976715]","[0.02336651086807251,-0.13918150961399078,0.09748980402946472,0.0029755057767033577,0.04871878772974014,0.4065547287464142,0.07696077227592468,-0.0912228599190712,-0.009019067510962486,-0.1154433935880661,0.025320937857031822,0.02708134800195694,-0.13419091701507568,-0.04926575347781181,-0.054013729095458984,-0.028825178742408752,0.010354071855545044,-0.0077514443546533585,-0.0026687979698181152,-0.00011272932169958949,-0.008724327199161053,-0.007477938197553158,0.04470236599445343,0.018672645092010498,-0.004589743912220001,0.03711283206939697,-0.0033861349802464247,0.007562234532088041,-0.006915931589901447]","[-0.2412687987089157,0.036430723965168,0.06722850352525711,0.11547578126192093,-0.09751544147729874,0.006560267880558968,-0.3320552706718445,0.008525240235030651,-0.08046568185091019,0.22384323179721832,-0.06568744033575058,-0.011218138039112091,-0.04367193952202797,0.04078829288482666,-0.08298777788877487,0.011485524475574493,-0.3410196006298065,-0.03606672212481499,-0.06743092834949493,0.03570607677102089,-0.020972689613699913,0.04673980921506882,0.009301322512328625,-0.002684494713321328,-0.08290524780750275,0.14216116070747375,0.12031219154596329,-0.22494986653327942,0.06021511182188988]","[-0.28629255294799805,0.006147783249616623,-0.026615925133228302,-0.3299667239189148,0.5557101368904114,0.1995801031589508,-0.6334124803543091,-0.21195170283317566,-0.11125562340021133,-0.07227704674005508,0.560667872428894,0.06720287352800369,-0.08222734928131104,0.034905146807432175,-0.7064101696014404,-0.4884425699710846,0.06637610495090485,-0.17690205574035645,-0.9249127507209778,0.019057709723711014,-1.7121598720550537,1.2620006799697876,-0.4107705354690552,-0.37219786643981934,-0.10224559903144836,-0.5945438146591187,0.08589066565036774,-3.729776382446289,0.8531867861747742]",0.07597113400697708,0.039030276238918304,0.022537263110280037,0.09663573652505875,0.09713433682918549,4.856716841459274,0,0,0,0.4687720835208893,0.49517181515693665,0.9879395365715027,0.9267189502716064,0.9930912256240845,0.9931285977363586,-0.008105263113975525,-0.0,-0.0,0.0,0.0,0.0,0.0
166,3.3200000000000003,166,"[-0.24378491938114166,-0.11916932463645935,0.0004097222990822047,0.014978572726249695,-0.0776229053735733,0.221578449010849,-0.31635943055152893,-0.08288482576608658,-0.027682147920131683,0.15879890322685242,0.012583361007273197,0.007087846286594868,-0.06549965590238571,-0.03572821989655495,-0.2766658663749695,0.16258591413497925,0.212384432554245,0.008791822008788586,0.596099317073822,0.000857657752931118,0.008279082365334034,0.013098686933517456,0.23165930807590485,-0.18519531190395355,0.009335611946880817,0.6040928959846497,-4.97147993883118e-05,-0.0009746316354721785,0.012407181784510612]","[-0.298717737197876,-0.05414504557847977,0.06656177341938019,0.193966805934906,-0.1586996167898178,0.04085715115070343,-0.4164237380027771,-0.16502200067043304,0.044480569660663605,0.24056030809879303,-0.08913758397102356,0.09010466933250427,-0.06818678975105286,-0.060210179537534714,-0.3474489748477936,0.1839643269777298,0.15557758510112762,-0.044861163944005966,0.5936582684516907,-0.012654152698814869,-0.08864402770996094,0.06807223707437515,0.20911948382854462,-0.24318398535251617,-0.011806213296949863,0.6810540556907654,0.025659479200839996,-0.2242256999015808,0.04426480084657669]","[0.0186234712600708,-0.14620274305343628,0.10933776199817657,0.011496897786855698,0.03895033150911331,0.34726375341415405,0.07911175489425659,-0.17593614757061005,0.009870249778032303,-0.16782619059085846,-0.0590195432305336,0.04395633190870285,-0.11027883738279343,-0.051212869584560394,-0.04269704222679138,-0.02275332808494568,0.01498386263847351,-0.007175724022090435,0.0037670135498046875,0.0024489331990480423,-0.009283702820539474,-0.009439862333238125,0.03395602107048035,0.022307410836219788,-0.00590556301176548,0.029864907264709473,0.0005090481135994196,0.008320922031998634,-0.009429547935724258]","[-0.37605831027030945,0.03091767430305481,0.05858011171221733,0.31969544291496277,-0.17441308498382568,0.005340087227523327,-0.4914287328720093,0.00012136596342315897,-0.08048884570598602,0.4858667850494385,-0.16238492727279663,-0.03555242344737053,-0.009979418478906155,0.06883076578378677,-0.019175762310624123,0.0048811729066073895,-0.32923510670661926,-0.032075077295303345,-0.07388148456811905,0.03356371819972992,-0.02945825457572937,0.04350089281797409,0.005964736919850111,-0.004114625044167042,-0.08416827023029327,0.09535504132509232,0.15409813821315765,-0.22761160135269165,0.050052791833877563]","[-0.3084900379180908,0.01733572408556938,-0.048192597925662994,-0.26940083503723145,0.5371317267417908,0.22969184815883636,-0.6508377194404602,-0.21540483832359314,-0.1042792871594429,0.0312923863530159,0.5628718137741089,0.05804717540740967,-0.07229346036911011,0.0482439361512661,-0.7009462118148804,-0.4774538576602936,0.05646299943327904,-0.17012062668800354,-0.9202162623405457,0.01814020425081253,-1.7507967948913574,1.2722967863082886,-0.4245586395263672,-0.3854219913482666,-0.10525184869766235,-0.5927561521530151,0.09680071473121643,-3.795530319213867,0.8116532564163208]",0.07475617527961731,0.04237910732626915,0.023068424314260483,0.0984375849366188,0.0969400629401207,4.847003147006035,0,0,0,0.46974337100982666,0.49442258477211,0.9876100420951843,0.924808144569397,0.9925237894058228,0.9908555150032043,-0.012960575520992279,-0.0,-0.0,0.0,0.0,0.0,0.0
167,3.34,167,"[-0.24346941709518433,-0.12199864536523819,0.0027259683702141047,0.015241190791130066,-0.07713630795478821,0.22797249257564545,-0.31467390060424805,-0.08729560673236847,-0.02749476209282875,0.1548779457807541,0.009522831998765469,0.007930146530270576,-0.06712879985570908,-0.03661319613456726,-0.27734190225601196,0.16219958662986755,0.21270966529846191,0.008636951446533203,0.5962198972702026,0.0009200026979669929,0.008071303367614746,0.012867079116404057,0.2321925014257431,-0.18475237488746643,0.009179500862956047,0.6045563220977783,5.2062869144720025e-06,-0.0008139797719195485,0.012165892869234085]","[-0.31004324555397034,-0.05350102111697197,0.06780530512332916,0.20618563890457153,-0.164434552192688,0.04094543308019638,-0.4301180839538574,-0.1652381420135498,0.042137663811445236,0.25626426935195923,-0.09477981925010681,0.08888260275125504,-0.06806071847677231,-0.05858083814382553,-0.34710147976875305,0.18391306698322296,0.14954328536987305,-0.0453711599111557,0.5921491384506226,-0.01205994002521038,-0.08941932767629623,0.06894584000110626,0.2090822011232376,-0.2432730346918106,-0.013284900225698948,0.6819919347763062,0.029540106654167175,-0.22938893735408783,0.04504488781094551]","[0.007734820246696472,-0.11309552937746048,0.11672592163085938,0.0019882572814822197,0.01138877123594284,0.26586130261421204,0.07101893424987793,-0.27708932757377625,0.03157453611493111,-0.2132616937160492,-0.28255563974380493,0.025665387511253357,-0.026965700089931488,-0.027166306972503662,-0.024003535509109497,-0.005678087472915649,0.02068839967250824,-0.008439435623586178,0.006850063800811768,0.007207365706562996,-0.011376943439245224,-0.011755619198083878,0.01095496118068695,0.025056302547454834,-0.010326225310564041,0.018143653869628906,0.008312937803566456,0.008789729326963425,-0.01279760617762804]","[-0.617653489112854,0.029035406187176704,0.06798740476369858,0.7101638913154602,-0.3412003219127655,0.001670973259024322,-0.7332379817962646,-0.01981918141245842,-0.13272503018379211,0.8751054406166077,-0.3496321141719818,-0.06792930513620377,0.01573225110769272,0.08525606244802475,0.019086163491010666,0.006647138390690088,-0.28243082761764526,-0.02439740113914013,-0.057808518409729004,0.02799256704747677,-0.03946007415652275,0.04210052266716957,-0.0008171708323061466,-0.003960127476602793,-0.058679986745119095,0.034965407103300095,0.18613843619823456,-0.24096189439296722,0.03579523786902428]","[-0.33993107080459595,0.034596022218465805,-0.08258622139692307,-0.13884422183036804,0.5181503295898438,0.2643304467201233,-0.679469645023346,-0.21392512321472168,-0.07955166697502136,0.19052594900131226,0.5556095838546753,0.05025111883878708,-0.05416838824748993,0.06467980146408081,-0.6890982389450073,-0.46553418040275574,0.05048736557364464,-0.1561654657125473,-0.9055020213127136,0.014093529433012009,-1.8064645528793335,1.283591866493225,-0.43419820070266724,-0.40311282873153687,-0.10653100907802582,-0.5995274186134338,0.1091369092464447,-3.8659653663635254,0.7357478141784668]",0.0737241730093956,0.04828635975718498,0.02364962175488472,0.10124549269676208,0.09630066901445389,4.815033450722694,0,0,0,0.4705556631088257,0.4928660988807678,0.9873691201210022,0.921454668045044,0.9898465871810913,0.9848793745040894,-0.031938012689352036,-0.0,-0.0,0.0,0.0,0.0,0.0
168,3.36,168,"[-0.2434755265712738,-0.12369314581155777,0.005078759044408798,0.015058103017508984,-0.07716735452413559,0.23221290111541748,-0.3135186731815338,-0.09396839886903763,-0.02641916647553444,0.15026843547821045,0.0012811360647901893,0.008114461787045002,-0.06657828390598297,-0.03681487217545509,-0.27762600779533386,0.16235879063606262,0.21321196854114532,0.008454244583845139,0.5963733196258545,0.0011459523811936378,0.007824004627764225,0.012628462165594101,0.23209750652313232,-0.18419305980205536,0.008922562934458256,0.6048186421394348,0.0002828026772476733,-0.0006230424623936415,0.011895277537405491]","[-0.3278392553329468,-0.05259738862514496,0.06915505975484848,0.2296876609325409,-0.17506159842014313,0.040961768478155136,-0.45025599002838135,-0.16535764932632446,0.04066263139247894,0.2830078899860382,-0.10499490052461624,0.08658463507890701,-0.06682740896940231,-0.05653120204806328,-0.34543395042419434,0.18298080563545227,0.1444246619939804,-0.04571177810430527,0.5912851095199585,-0.011639967560768127,-0.09070717543363571,0.06976841390132904,0.20897531509399414,-0.2435285598039627,-0.014633224345743656,0.6824199557304382,0.035114042460918427,-0.2353881299495697,0.04538716748356819]","[-0.0068556517362594604,-0.03025289624929428,0.10354781895875931,-0.023931078612804413,-0.008892826735973358,0.14384351670742035,0.04584118723869324,-0.33613482117652893,0.07644659280776978,-0.21905042231082916,-0.437448650598526,0.029254449531435966,0.08176136761903763,0.021152105182409286,-0.004473328590393066,0.027378275990486145,0.025925040245056152,-0.009272480383515358,0.009840726852416992,0.012699887156486511,-0.014432764612138271,-0.01808798499405384,-0.028637796640396118,0.028222426772117615,-0.015386613085865974,0.014171004295349121,0.016031036153435707,0.012010686099529266,-0.01947428099811077]","[-0.9394612312316895,0.04513471573591232,0.06177562475204468,1.3347893953323364,-0.6218164563179016,-0.0026125474832952023,-1.0448957681655884,-0.006683873478323221,-0.04174739494919777,1.4767374992370605,-0.590067982673645,-0.10764548182487488,0.07926370203495026,0.10915149748325348,0.12145375460386276,-0.04789899289608002,-0.23928844928741455,-0.01728258654475212,-0.036066729575395584,0.018125778064131737,-0.06206163763999939,0.04004982113838196,0.000781663169618696,-0.013005118817090988,-0.06642550975084305,0.020916718989610672,0.2763559818267822,-0.27989354729652405,0.011342127807438374]","[-0.3764238953590393,0.06246904656291008,-0.1434856355190277,0.07860153168439865,0.4940003752708435,0.3105885982513428,-0.7251394391059875,-0.20748108625411987,-0.024712925776839256,0.43951427936553955,0.5387324690818787,0.04026910290122032,-0.022471487522125244,0.0816793292760849,-0.6710741519927979,-0.45381706953048706,0.051339056342840195,-0.1348269134759903,-0.8775981664657593,0.0057185739278793335,-1.890517234802246,1.3004244565963745,-0.4347606599330902,-0.42606502771377563,-0.10696321725845337,-0.6147670745849609,0.13152249157428741,-3.9454169273376465,0.6208334565162659]",0.07281356304883957,0.0518786795437336,0.023972321301698685,0.1041647419333458,0.09485624730587006,4.742812365293503,0,0,0,0.4713016152381897,0.4920104146003723,0.9873902201652527,0.9173701405525208,0.9810016751289368,0.9710007309913635,-0.07726231962442398,-0.0,-0.0,0.0,0.0,0.0,0.0
