step,sim_time_s,motion_frame,reference_joint_pos,actual_joint_pos,reference_joint_vel,actual_joint_vel,policy_action,anchor_position_error,anchor_rotation_error,body_position_error,body_rotation_error,total_reward,total_reward_rate,terminated,truncated,done,reward/motion_global_root_pos,reward/motion_global_root_ori,reward/motion_body_pos,reward/motion_body_ori,reward/motion_body_lin_vel,reward/motion_body_ang_vel,reward/action_rate_l2,reward/joint_limit,reward/self_collisions
0,0.0,0,"[-0.296705961227417,0.004737286362797022,-0.0013266908936202526,0.2617993950843811,0.04300042241811752,-0.004824476316571236,-0.296705961227417,0.006154305301606655,-0.00314427656121552,0.2617993950843811,0.0775047242641449,-0.006836346350610256,0.0018495345721021295,0.0038947169668972492,-0.3242895007133484,0.38706204295158386,0.16934576630592346,-0.15657861530780792,-0.5902451276779175,1.299651861190796,0.15138322114944458,1.2486987113952637,0.3491489887237549,-0.10730870813131332,0.06960361450910568,-0.5908880829811096,-1.656898856163025,0.10044843703508377,-1.229791522026062]","[-0.2796114683151245,0.0065672313794493675,-0.0004772823886014521,0.2990867793560028,-0.018725743517279625,-0.0016667733434587717,-0.27085769176483154,0.0061583989299833775,-0.007626254577189684,0.2713184356689453,0.02717660740017891,-0.011228146031498909,0.0018349995370954275,0.004592561163008213,-0.2945414185523987,0.3554855287075043,0.16755712032318115,-0.1418706327676773,-0.5178614258766174,1.1479142904281616,0.09316436201334,1.2339881658554077,0.3323196470737457,-0.11807948350906372,0.0614687018096447,-0.5198796391487122,-1.4712389707565308,0.05686665326356888,-1.1843996047973633]","[-0.07328391075134277,-0.009029684588313103,-0.02259872853755951,0.1747623085975647,-0.1409066915512085,-0.0007148599252104759,-0.07437020540237427,0.03395744040608406,0.03645308315753937,0.15519410371780396,-0.11394135653972626,-0.0034931814298033714,-0.013448856770992279,-0.02754470333456993,0.012902915477752686,-0.033020973205566406,-0.010648369789123535,0.04236400127410889,0.2472519874572754,-0.03206133842468262,0.021705031394958496,0.18950104713439941,-0.044561922550201416,-0.004683434963226318,-0.11994168162345886,0.4377633333206177,0.03619790077209473,0.053662434220314026,-0.11110305786132812]","[1.1324424743652344,0.11728078871965408,0.05916494503617287,2.2816994190216064,-3.394441843032837,0.1742003858089447,1.6282116174697876,-0.011123872362077236,-0.25432610511779785,0.5839745402336121,-2.8605990409851074,-0.24153092503547668,-0.08367052674293518,0.08212441205978394,1.6729546785354614,-2.0051157474517822,-0.018524279817938805,0.8261075615882874,3.9531400203704834,-7.130833625793457,-4.2716875076293945,4.093407154083252,-0.4858866035938263,-1.1126489639282227,-0.7389551401138306,2.0442683696746826,8.32043170928955,-3.1744003295898438,-0.14435136318206787]","[-0.3097167909145355,0.04267065227031708,0.03201885148882866,0.3190804123878479,-0.05001569539308548,0.08014848828315735,-0.14242050051689148,-0.08049285411834717,-0.01788477972149849,0.0689697265625,0.11140091717243195,-0.0792020782828331,0.06638745218515396,0.15738099813461304,-0.048406392335891724,-0.2695873975753784,-0.1425842046737671,0.0334729366004467,-0.7802923917770386,0.99932861328125,0.05492742359638214,-0.016972817480564117,-0.12884767353534698,-0.034372881054878235,-0.07531814277172089,-0.27762237191200256,-1.4300583600997925,0.05905772000551224,-0.12545287609100342]",0.0008927571470849216,0.0020404537208378315,0.026307256892323494,0.10094113647937775,0.04080064967274666,2.040032483637333,0,0,0,0.4999973773956299,0.4999740421772003,0.9883168935775757,0.9346750378608704,0.9480513334274292,0.24967803061008453,-2.080660104751587,-0.0,-0.0
1,0.02,1,"[-0.29817163944244385,0.00455669267103076,-0.0017786654643714428,0.2652946412563324,0.040182288736104965,-0.004838773515075445,-0.2981933653354645,0.006833454128354788,-0.0024152148980647326,0.2649032771587372,0.07522589713335037,-0.006906209979206324,0.0015805574366822839,0.0033438229002058506,-0.32403144240379333,0.38640162348747253,0.169132798910141,-0.15573133528232574,-0.585300087928772,1.2990106344223022,0.15181732177734375,1.2524887323379517,0.34825775027275085,-0.10740237683057785,0.0672047808766365,-0.5821328163146973,-1.656174898147583,0.10152168571949005,-1.2320135831832886]","[-0.2641989290714264,0.01031961664557457,0.003179352032020688,0.35520854592323303,-0.06426653265953064,0.004636881873011589,-0.23980285227298737,0.007172251585870981,-0.009243734180927277,0.29228898882865906,-0.007422655820846558,-0.011821468360722065,0.00024267876869998872,0.003691901220008731,-0.269167423248291,0.35265105962753296,0.1680217683315277,-0.12670119106769562,-0.49092233180999756,1.0759567022323608,0.027897313237190247,1.2796039581298828,0.33470311760902405,-0.1355758160352707,0.054070331156253815,-0.5010675191879272,-1.369354009628296,0.0010338788852095604,-1.2052909135818481]","[-0.08632689714431763,-0.011697947047650814,-0.023916754871606827,0.20680055022239685,-0.15141983330249786,-0.000736583024263382,-0.08946284651756287,0.04378720372915268,0.03694741427898407,0.1833789050579071,-0.12195184826850891,-0.003660644870251417,-0.016635634005069733,-0.04084054008126259,0.023145973682403564,-0.04024729132652283,-0.013225153088569641,0.0552397221326828,0.33337920904159546,-0.04031062126159668,0.02921074628829956,0.20829439163208008,-0.049558281898498535,-0.011127255856990814,-0.1612948328256607,0.5910173058509827,0.04546940326690674,0.06388295441865921,-0.11494755744934082]","[0.7401368618011475,0.18623335659503937,0.18112251162528992,3.039059638977051,-1.768714189529419,0.3011210262775421,1.6579989194869995,0.08227334916591644,-0.008892906829714775,1.3369332551956177,-1.2966593503952026,0.027198078110814095,-0.04728896915912628,-0.1104736179113388,1.0186707973480225,0.4882979393005371,0.027781860902905464,0.7850494384765625,0.7126284241676331,-2.2973151206970215,-2.9445927143096924,1.5593476295471191,0.35205259919166565,-0.7418045997619629,-0.3343125581741333,0.7680539488792419,3.827316999435425,-2.675949811935425,-1.138473391532898]","[-0.5397111773490906,0.0762503519654274,0.07726481556892395,0.4356129467487335,0.06706414371728897,0.12271226942539215,-0.23476606607437134,-0.05081348121166229,0.01812749356031418,0.034611303359270096,0.25276628136634827,-0.02551606297492981,0.08449917286634445,0.008118811994791031,0.06961911916732788,-0.13079586625099182,-0.055339980870485306,0.08543123304843903,-1.3673112392425537,1.7758550643920898,0.17000091075897217,-0.0243096724152565,-0.06934337317943573,0.036016687750816345,-0.08805882930755615,-0.8151871562004089,-2.3220057487487793,0.1568039357662201,-0.16991637647151947]",0.0013241998385637999,0.010113016702234745,0.007035179063677788,0.07277499884366989,0.06924940645694733,3.4624703228473663,0,0,0,0.4999871253967285,0.4998891055583954,0.9993845820426941,0.9388340711593628,0.9461355209350586,0.7040648460388184,-1.12582528591156,-0.0,-0.0
2,0.04,2,"[-0.3001590371131897,0.004269368480890989,-0.002283361041918397,0.270071417093277,0.03694362938404083,-0.004853939637541771,-0.3002844750881195,0.007905793376266956,-0.0016663800925016403,0.2691345512866974,0.07262665033340454,-0.006982772145420313,0.0011841092491522431,0.0022610954474657774,-0.32336366176605225,0.38545215129852295,0.16881676018238068,-0.1543690264225006,-0.5769099593162537,1.298039436340332,0.15255165100097656,1.2570304870605469,0.34716665744781494,-0.10775379836559296,0.06315182149410248,-0.5672473907470703,-1.6550800800323486,0.10300375521183014,-1.2343894243240356]","[-0.24877679347991943,0.012359008193016052,0.008254017680883408,0.4172898828983307,-0.08760734647512436,0.008066356182098389,-0.20589527487754822,0.0077844103798270226,-0.005425674840807915,0.31594499945640564,-0.025714851915836334,-0.0115758515894413,0.0005709108081646264,-0.00135192577727139,-0.2592794597148895,0.37339186668395996,0.16673032939434052,-0.11691944301128387,-0.4858236610889435,1.0565755367279053,-0.009672529995441437,1.297264575958252,0.34653356671333313,-0.14054200053215027,0.056406453251838684,-0.48653772473335266,-1.3290748596191406,-0.03216707333922386,-1.221978783607483]","[-0.05964338779449463,-0.036337994039058685,-0.022548338398337364,0.25130361318588257,-0.1432548314332962,-0.0014763209037482738,-0.1093149185180664,0.019988708198070526,0.034481510519981384,0.17604082822799683,-0.08952245116233826,-0.009242434054613113,-0.006818980909883976,-0.0489393025636673,0.03721937537193298,-0.1368798315525055,-0.015126913785934448,0.08206889033317566,0.6566762924194336,-0.11319518089294434,0.05817189812660217,-1.7268508672714233,-0.11397823691368103,-0.030229240655899048,-0.13903184235095978,0.8562356233596802,0.08077621459960938,0.006050430238246918,0.031566619873046875]","[0.8512978553771973,0.07045763731002808,0.293333500623703,2.9639012813568115,-0.8745027780532837,0.11902353167533875,1.7078813314437866,0.009245308116078377,0.28208833932876587,1.0463413000106812,-0.7289908528327942,0.006366838235408068,0.046929020434617996,-0.3109903037548065,0.21397151052951813,1.3060932159423828,-0.11692731827497482,0.4706006944179535,0.12808722257614136,-0.47739702463150024,-1.5079632997512817,0.6051598191261292,0.6848364472389221,-0.08236925303936005,0.2301899641752243,0.7761918902397156,1.294649362564087,-1.3163233995437622,-0.6711046695709229]","[-0.7002256512641907,0.040270186960697174,0.09112749993801117,0.4283706247806549,0.11646673083305359,0.07472321391105652,-0.24112144112586975,-0.05854813754558563,0.05519350618124008,-0.019559677690267563,0.26746129989624023,-0.04219629615545273,0.14349189400672913,-0.0022670887410640717,0.20288002490997314,-0.04608480632305145,-0.05102438107132912,-0.04523738846182823,-1.7046290636062622,2.2151875495910645,0.4129917621612549,0.1349518597126007,-0.1533888429403305,-0.02266857773065567,0.024796083569526672,-1.1352729797363281,-2.862435817718506,0.25011226534843445,0.032280221581459045]",0.0020318811293691397,0.03429388254880905,0.00970445480197668,0.08634171634912491,0.08305717259645462,4.152858629822731,0,0,0,0.49998512864112854,0.4976685047149658,0.9986978769302368,0.9156765341758728,0.9274576902389526,0.7839353084564209,-0.4705621302127838,-0.0,-0.0
3,0.06,3,"[-0.30055737495422363,0.0031031728722155094,-0.0026805989909917116,0.2753467857837677,0.03445209562778473,-0.004897826351225376,-0.30256596207618713,0.00763300247490406,-0.0010359544539824128,0.27194491028785706,0.07164499908685684,-0.007275907322764397,0.0013077982002869248,0.0013862509513273835,-0.322542667388916,0.3809264302253723,0.1685277223587036,-0.15244857966899872,-0.5590330362319946,1.2944828271865845,0.15414419770240784,1.1834146976470947,0.3436986207962036,-0.10861154645681381,0.061643507331609726,-0.5478833913803101,-1.6529438495635986,0.10176370292901993,-1.2307509183883667]","[-0.22890402376651764,0.012244478799402714,0.011352453380823135,0.46266165375709534,-0.0976942628622055,0.00928645022213459,-0.17301540076732635,0.007300050463527441,0.0005812548333778977,0.33031368255615234,-0.035334136337041855,-0.012793902307748795,0.0017841942608356476,-0.007895472459495068,-0.26106998324394226,0.4016357660293579,0.16130055487155914,-0.11190829426050186,-0.48576128482818604,1.0593348741531372,-0.026460004970431328,1.3032705783843994,0.36437296867370605,-0.14066176116466522,0.06441143155097961,-0.4740048050880432,-1.3178443908691406,-0.04555932804942131,-1.2322629690170288]","[0.019374489784240723,-0.0680919960141182,-0.0101110665127635,0.26606693863868713,-0.10815057903528214,-0.0017998740077018738,-0.12396872043609619,-0.03319617733359337,0.03899376839399338,0.1307666301727295,-0.016578100621700287,-0.014758285135030746,-0.01621568761765957,-0.010530106723308563,0.034196674823760986,-0.31989365816116333,-0.001125037670135498,0.10357089340686798,1.0585993528366089,-0.17264485359191895,0.05650445818901062,-2.8504819869995117,-0.09225830435752869,-0.052403658628463745,-0.010059960186481476,0.7535964250564575,0.07882118225097656,-0.060882605612277985,0.2440929412841797]","[0.8153561353683472,-0.11477363854646683,-0.21783089637756348,1.3129829168319702,-0.3190770447254181,0.04041554778814316,1.2273144721984863,-0.07472626864910126,0.01701323688030243,0.5479230284690857,-0.3406027555465698,-0.09713692963123322,-0.46103811264038086,-0.25691136717796326,-0.4535173177719116,1.2244952917099,-0.3049282133579254,0.1308489590883255,0.011127362959086895,0.3659942150115967,-0.5902121663093567,0.13047559559345245,1.0249371528625488,0.0435701422393322,0.3120264708995819,0.46264609694480896,0.2875013053417206,-0.4368143677711487,-0.47826820611953735]","[-0.8229960203170776,-0.013600163161754608,0.09081639349460602,0.383470743894577,0.123056560754776,0.037684474140405655,-0.16993126273155212,-0.06020545959472656,0.06593509018421173,-0.0718071460723877,0.2721255123615265,-0.06491076201200485,0.2393074929714203,0.006812993437051773,0.279813289642334,-0.02652890980243683,-0.023853633552789688,-0.13239499926567078,-1.9366257190704346,2.461981773376465,0.6529572010040283,0.5065884590148926,-0.34127065539360046,-0.09456134587526321,0.16765552759170532,-1.3677453994750977,-3.173631191253662,0.26687923073768616,0.016644015908241272]",0.004844052717089653,0.06268507242202759,0.012975005432963371,0.09563979506492615,0.0858812928199768,4.29406464099884,0,0,0,0.4999241828918457,0.49017640948295593,0.9974464774131775,0.8992322683334351,0.922721266746521,0.7728013396263123,-0.2882370948791504,-0.0,-0.0
4,0.08,4,"[-0.29938405752182007,0.0015456886030733585,-0.002687803702428937,0.28071409463882446,0.03261760622262955,-0.004925934597849846,-0.30524322390556335,0.006577946245670319,-0.00010662947170203552,0.27436521649360657,0.07196352630853653,-0.007573103532195091,0.0005354817258194089,0.0018398911925032735,-0.3219957947731018,0.3726564049720764,0.16877175867557526,-0.1502261906862259,-0.5345659852027893,1.2911336421966553,0.154811829328537,1.143011212348938,0.3434763252735138,-0.1098499447107315,0.06274942308664322,-0.537103533744812,-1.6519272327423096,0.10056845098733902,-1.2246257066726685]","[-0.2187216877937317,0.006642463617026806,-0.0019230395555496216,0.4566445052623749,-0.10118266195058823,0.009723665192723274,-0.16172710061073303,0.004785670433193445,-0.004102296195924282,0.3395494818687439,-0.037151772528886795,-0.014273928478360176,-0.016004594042897224,-0.013666603714227676,-0.2708388864994049,0.41409924626350403,0.1576176881790161,-0.11307324469089508,-0.4851778447628021,1.0697253942489624,-0.03271877393126488,1.302834153175354,0.38679176568984985,-0.13776549696922302,0.06835656613111496,-0.47289058566093445,-1.318652629852295,-0.0447826124727726,-1.244316816329956]","[0.08460208773612976,-0.017257733270525932,0.03939877822995186,0.27076229453086853,-0.10618311911821365,0.025723759084939957,-0.07209330797195435,-0.050729479640722275,0.047210097312927246,0.22983476519584656,-0.016178376972675323,-0.014705769717693329,-0.05979575216770172,0.0364823117852211,-0.02042725682258606,-0.09455159306526184,0.034455955028533936,0.06766282021999359,0.8156701922416687,-0.11691153049468994,0.04272833466529846,-1.5597879886627197,0.2766557037830353,-0.06281919777393341,0.10570185631513596,0.22547543048858643,0.0386357307434082,-0.04963371902704239,0.27619898319244385]","[0.3887551426887512,-0.25711318850517273,-0.7555066347122192,-0.6750403046607971,-0.0964554101228714,0.014758748933672905,0.3512924611568451,-0.08131323009729385,-0.25143003463745117,0.4328273832798004,0.021853167563676834,-0.06783854216337204,-0.8825482130050659,-0.26796165108680725,-0.30796489119529724,0.30942341685295105,-0.1345525085926056,-0.12418485432863235,0.022136172279715538,0.5657466650009155,-0.19961369037628174,-0.07277891039848328,1.1165112257003784,0.16407276690006256,0.088785819709301,-0.1559322625398636,-0.13779336214065552,0.1910548061132431,-0.6531071066856384]","[-0.8382842540740967,-0.04119569808244705,0.08511170744895935,0.24233369529247284,0.16430813074111938,0.03422145918011665,-0.1689341962337494,-0.06977823376655579,0.03175272047519684,-0.06628431379795074,0.3078262209892273,-0.05663859099149704,0.3004615306854248,-0.04766812548041344,0.30383285880088806,0.1579999476671219,0.04222222790122032,-0.23632796108722687,-2.063619613647461,2.522942543029785,0.6672362089157104,0.2464042603969574,-0.4073691964149475,-0.1284148395061493,0.26949119567871094,-1.4388728141784668,-3.309575319290161,0.2959632873535156,0.018262043595314026]",0.006154621485620737,0.0760841891169548,0.014880124479532242,0.09666220098733902,0.09196162968873978,4.598081484436989,0,0,0,0.49983513355255127,0.48321932554244995,0.9969103932380676,0.8915019035339355,0.9642490148544312,0.867274284362793,-0.10490848124027252,-0.0,-0.0
5,0.1,5,"[-0.29717329144477844,0.002412863541394472,-0.001104647875763476,0.28617727756500244,0.0302047710865736,-0.003868876025080681,-0.3054496943950653,0.005603823345154524,0.0008524495060555637,0.2811383008956909,0.07099786400794983,-0.00786413811147213,-0.001084031886421144,0.002845543436706066,-0.32335975766181946,0.37714436650276184,0.16990596055984497,-0.14974206686019897,-0.5264062285423279,1.2898063659667969,0.15585333108901978,1.121023178100586,0.354764848947525,-0.11112431436777115,0.06587158143520355,-0.5388643741607666,-1.6513984203338623,0.09977835416793823,-1.219702959060669]","[-0.21028980612754822,0.003047298640012741,-0.010727430693805218,0.44115301966667175,-0.09791858494281769,0.009974200278520584,-0.1607540100812912,0.0028550259303301573,-0.00919982511550188,0.3512909412384033,-0.03508562222123146,-0.014683201909065247,-0.026750996708869934,-0.021042605862021446,-0.27367913722991943,0.41803640127182007,0.15654560923576355,-0.11461742222309113,-0.4861474335193634,1.0807589292526245,-0.03490673005580902,1.301576018333435,0.408370703458786,-0.13417571783065796,0.0711117535829544,-0.47894689440727234,-1.3236627578735352,-0.03815160319209099,-1.258250117301941]","[0.15847459435462952,0.050111062824726105,0.04271075129508972,0.30922815203666687,-0.1424993872642517,0.03601774200797081,0.07312372326850891,-0.04140493646264076,0.055353663861751556,0.40490105748176575,-0.09920820593833923,-0.006283214315772057,-0.07621359825134277,0.055015891790390015,-0.1241639256477356,0.5567841529846191,0.06617829203605652,-0.021060556173324585,0.0715896487236023,-0.02390444278717041,0.044245645403862,-0.7884681224822998,0.7926404476165771,-0.06312243640422821,0.17908309400081635,-0.2998962998390198,0.018146634101867676,-0.037922151386737823,0.15891492366790771]","[0.40940457582473755,-0.11327694356441498,-0.26569870114326477,-0.7721596360206604,0.2572208344936371,0.010272207669913769,-0.04536973685026169,-0.07918480038642883,-0.2596549987792969,0.6194819808006287,0.14552628993988037,-0.00211270060390234,-0.37332969903945923,-0.37378787994384766,-0.04423806816339493,0.16226926445960999,-0.028102688491344452,-0.04953230544924736,-0.09503460675477982,0.5338219404220581,-0.07506456226110458,-0.049670036882162094,1.056109070777893,0.15287400782108307,0.1446724683046341,-0.37877771258354187,-0.26847273111343384,0.34885287284851074,-0.7032842636108398]","[-0.806872546672821,-0.07300076633691788,0.0672389417886734,0.13364829123020172,0.19343960285186768,0.04148970916867256,-0.22456547617912292,-0.12532305717468262,-0.027715086936950684,0.030056405812501907,0.3366343677043915,-0.037557072937488556,0.316201776266098,-0.0832420289516449,0.2576884925365448,0.41491061449050903,0.10668414831161499,-0.3321879208087921,-2.0842061042785645,2.5213146209716797,0.6622726917266846,-0.09478030353784561,-0.4233831763267517,-0.14017724990844727,0.3070560097694397,-1.391143560409546,-3.3784210681915283,0.35320714116096497,-0.11055825650691986]",0.006869408767670393,0.07848608493804932,0.015803489834070206,0.0991390123963356,0.09275173395872116,4.637586697936058,0,0,0,0.4997796416282654,0.4815150499343872,0.996772289276123,0.8886532187461853,0.9663258790969849,0.9364244341850281,-0.13188354671001434,-0.0,-0.0
6,0.12,6,"[-0.2930450737476349,0.003550131106749177,-0.0009793736971914768,0.29308322072029114,0.026917630806565285,-0.0034852249082177877,-0.302318274974823,0.004921748768538237,0.002107517095282674,0.2905612587928772,0.06799519807100296,-0.007824432104825974,-0.0025130619760602713,0.004040526691824198,-0.32696235179901123,0.3949277698993683,0.17141889035701752,-0.15106861293315887,-0.5317023992538452,1.2901774644851685,0.15658165514469147,1.111472487449646,0.3751819431781769,-0.11237484216690063,0.06991274654865265,-0.5490993857383728,-1.6512013673782349,0.0990515649318695,-1.2182691097259521]","[-0.20690888166427612,0.00142454553861171,-0.008945421315729618,0.4271230101585388,-0.09164977073669434,0.010064108297228813,-0.16619771718978882,0.0006415055831894279,-0.00939900055527687,0.3581335246562958,-0.032303985208272934,-0.013805927708745003,-0.029230808839201927,-0.02849384769797325,-0.2748710513114929,0.42507457733154297,0.15603242814540863,-0.11292285472154617,-0.49368786811828613,1.090330719947815,-0.034958526492118835,1.3019382953643799,0.4241827428340912,-0.13276636600494385,0.07650087773799896,-0.48771581053733826,-1.3294801712036133,-0.03141050040721893,-1.2698471546173096]","[0.24701058864593506,0.049580007791519165,-0.015869854018092155,0.3760233521461487,-0.1889910101890564,0.0020585954189300537,0.2187296748161316,-0.028747402131557465,0.05779184401035309,0.4966028034687042,-0.19800905883312225,0.00724131241440773,-0.05430416390299797,0.028805680572986603,-0.24627000093460083,1.1258430480957031,0.04905126988887787,-0.1036863774061203,-0.46084076166152954,0.05554556846618652,0.012991577386856079,-0.0515669584274292,1.2128114700317383,-0.05806349217891693,0.2126416265964508,-0.6517186760902405,0.010606646537780762,-0.03261305391788483,0.010392069816589355]","[0.030762432143092155,-0.07439570128917694,0.3090430200099945,-0.6343449950218201,0.3230823874473572,0.0010979801882058382,-0.3843163847923279,-0.10646523535251617,0.27150341868400574,8.225287456298247e-05,0.05249033123254776,0.03610982373356819,0.029502172023057938,-0.3654504418373108,-0.008107420057058334,0.45234328508377075,-0.03688691928982735,0.18535538017749786,-0.5605370998382568,0.4343026876449585,0.03636781871318817,0.07281000912189484,0.5561844706535339,0.0334850437939167,0.3167004883289337,-0.45167532563209534,-0.29751497507095337,0.2877500355243683,-0.48786383867263794]","[-0.8405229449272156,-0.0962512269616127,0.05451369285583496,0.11639626324176788,0.1995847523212433,0.04040609672665596,-0.24660718441009521,-0.16505107283592224,-0.04656054079532623,0.11617898941040039,0.3566078841686249,-0.02667512744665146,0.28162485361099243,-0.10377711057662964,0.20003394782543182,0.5550318360328674,0.14145734906196594,-0.37056678533554077,-2.089022636413574,2.5448012351989746,0.6472777128219604,-0.2174207866191864,-0.395478755235672,-0.11670675128698349,0.3220507800579071,-1.3815789222717285,-3.4113078117370605,0.3884751796722412,-0.4201078414916992]",0.008397131226956844,0.07339166104793549,0.016254303976893425,0.09963415563106537,0.09471395611763,4.7356978058815,0,0,0,0.4996313750743866,0.48300623893737793,0.9965077042579651,0.8884648084640503,0.9672590494155884,0.9785362482070923,-0.07770753651857376,-0.0,-0.0
7,0.14,7,"[-0.28729286789894104,0.00439606374129653,-0.0017394419992342591,0.3012182116508484,0.02264513075351715,-0.0037865322083234787,-0.29670050740242004,0.004453927278518677,0.0031641232781112194,0.3010024130344391,0.06307750195264816,-0.007574485614895821,-0.0032561984844505787,0.003997770603746176,-0.3332105576992035,0.42217808961868286,0.17186801135540009,-0.1538895219564438,-0.5448398590087891,1.2920281887054443,0.15637299418449402,1.1189604997634888,0.40327730774879456,-0.11344685405492783,0.07437724620103836,-0.5649331212043762,-1.650974154472351,0.09847383201122284,-1.2192872762680054]","[-0.21204844117164612,6.712245522066951e-06,-0.0020363337825983763,0.41906970739364624,-0.08630060404539108,0.010029992088675499,-0.17756198346614838,-0.0014493032358586788,-0.0026678494177758694,0.36024489998817444,-0.03151753172278404,-0.012425968423485756,-0.028775740414857864,-0.03368576988577843,-0.2755276560783386,0.43693506717681885,0.15455405414104462,-0.10828084498643875,-0.5090625882148743,1.0982204675674438,-0.03353593870997429,1.3044580221176147,0.43257641792297363,-0.13226601481437683,0.08286485821008682,-0.4989559054374695,-1.3364166021347046,-0.026200521737337112,-1.276705265045166]","[0.3336198627948761,0.0352320671081543,-0.046011388301849365,0.41469112038612366,-0.23666056990623474,-0.02254290133714676,0.34142881631851196,-0.01941050961613655,0.04347795248031616,0.5099788308143616,-0.2818495035171509,0.014992163516581059,-0.019586924463510513,-0.02641063742339611,-0.37555769085884094,1.5203670263290405,0.006834045052528381,-0.16379281878471375,-0.7739871740341187,0.11983513832092285,-0.03892965614795685,0.5635946989059448,1.549789309501648,-0.04873927682638168,0.22770017385482788,-0.8751064538955688,0.014001131057739258,-0.02735629677772522,-0.09130239486694336]","[-0.35217028856277466,-0.07587013393640518,0.3173758387565613,-0.28568559885025024,0.22622227668762207,-0.002491082064807415,-0.6278954744338989,-0.11125049740076065,0.3203122019767761,0.16224893927574158,0.03644973412156105,0.06757818907499313,0.016855310648679733,-0.1954042911529541,-0.0010029504774138331,0.642315685749054,-0.08621525764465332,0.23641563951969147,-0.8439152240753174,0.3611626923084259,0.07146169990301132,0.17101992666721344,0.36925119161605835,0.019593099132180214,0.2879067063331604,-0.6256000995635986,-0.3703514337539673,0.23540277779102325,-0.28513023257255554]","[-0.9127940535545349,-0.10506106168031693,0.048668667674064636,0.13827891647815704,0.20843005180358887,0.039148662239313126,-0.21511489152908325,-0.16563215851783752,-0.03417368233203888,0.17018593847751617,0.3884974420070648,-0.018865562975406647,0.2098669409751892,-0.14804622530937195,0.09263509511947632,0.5754755139350891,0.14758792519569397,-0.3656410276889801,-2.1070103645324707,2.5894949436187744,0.6103438138961792,-0.17143234610557556,-0.2763419449329376,-0.06587957590818405,0.3390151858329773,-1.4469037055969238,-3.41921067237854,0.3961898386478424,-0.7732143998146057]",0.010964103043079376,0.059607312083244324,0.01643325388431549,0.09634425491094589,0.09443991631269455,4.7219958156347275,0,0,0,0.499324768781662,0.488242506980896,0.9963511228561401,0.8939328789710999,0.9625419974327087,0.9726501703262329,-0.0910477489233017,-0.0,-0.0
8,0.16,8,"[-0.27970027923583984,0.004959413781762123,-0.0028198291547596455,0.3096708655357361,0.0174512080848217,-0.004386940971016884,-0.2886611223220825,0.004145328421145678,0.0038466351106762886,0.31096041202545166,0.056721217930316925,-0.007224745582789183,-0.003296538954600692,0.0029841011855751276,-0.34198465943336487,0.4557424485683441,0.17169225215911865,-0.15762032568454742,-0.56266188621521,1.2949708700180054,0.1550244688987732,1.1340162754058838,0.4371735155582428,-0.1143244132399559,0.07902075350284576,-0.5841036438941956,-1.6506413221359253,0.0979573130607605,-1.2219212055206299]","[-0.22358858585357666,-0.001909125130623579,0.0016424877103418112,0.41649341583251953,-0.08303268253803253,0.010023080743849277,-0.19306573271751404,-0.004197839647531509,0.0015376692172139883,0.3639792799949646,-0.029040032997727394,-0.010833028703927994,-0.028646571561694145,-0.036018602550029755,-0.2785034477710724,0.4513503611087799,0.1521204710006714,-0.10502045601606369,-0.5271698236465454,1.1056702136993408,-0.03200821578502655,1.3081278800964355,0.442190557718277,-0.13177525997161865,0.08749940246343613,-0.5143061280250549,-1.3448309898376465,-0.020990446209907532,-1.281177282333374]","[0.41989758610725403,0.024984801188111305,-0.04300650581717491,0.41314661502838135,-0.27392101287841797,-0.036273933947086334,0.44811591506004333,-0.013194303028285503,0.009019183926284313,0.47117993235588074,-0.33864399790763855,0.021716056391596794,0.014266285113990307,-0.06863944977521896,-0.48319771885871887,1.7863303422927856,-0.016739964485168457,-0.19988305866718292,-0.9656131267547607,0.16430020332336426,-0.09470507502555847,0.8243054151535034,1.8059909343719482,-0.04407558590173721,0.23637060821056366,-1.0126099586486816,0.020495057106018066,-0.023334845900535583,-0.16300976276397705]","[-0.6270681619644165,-0.10707247257232666,0.11881514638662338,-0.0710047036409378,0.130270317196846,0.0006185835809446871,-0.8011237382888794,-0.1507381647825241,0.15252234041690826,0.19008828699588776,0.14516036212444305,0.07482016086578369,0.001993437297642231,-0.08314277976751328,-0.1601191610097885,0.7513400912284851,-0.1326836347579956,0.1359775811433792,-0.9289311170578003,0.3683308959007263,0.06422051042318344,0.20776663720607758,0.5150992274284363,0.02361989952623844,0.19443286955356598,-0.8217348456382751,-0.4358499050140381,0.2557663321495056,-0.20883823931217194]","[-0.9805493950843811,-0.11625824123620987,0.04848308861255646,0.15287251770496368,0.21833938360214233,0.04234706237912178,-0.19458067417144775,-0.15981659293174744,-0.02382764220237732,0.18164153397083282,0.4189745783805847,-0.013131566345691681,0.15885379910469055,-0.1946793794631958,-0.024087190628051758,0.5440419912338257,0.13781705498695374,-0.3525086045265198,-2.1235404014587402,2.6503727436065674,0.5887501239776611,-0.03027520328760147,-0.1522183120250702,-0.028206132352352142,0.35561054944992065,-1.5192105770111084,-3.4365155696868896,0.3866383731365204,-1.091205358505249]",0.014502543024718761,0.043146904557943344,0.016576752066612244,0.09104800969362259,0.09460940957069397,4.7304704785346985,0,0,0,0.4987809658050537,0.49369052052497864,0.9963967800140381,0.9018008708953857,0.9608084559440613,0.9662722945213318,-0.08727986365556717,-0.0,-0.0
9,0.18,9,"[-0.2704969644546509,0.005395455751568079,-0.003459702245891094,0.31774407625198364,0.011688290163874626,-0.005237489473074675,-0.2787758708000183,0.003926155157387257,0.003524890635162592,0.3198496103286743,0.04953174293041229,-0.0067058433778584,-0.0026855471078306437,0.0012521925382316113,-0.35253846645355225,0.4936313033103943,0.17119841277599335,-0.1618848443031311,-0.5834643840789795,1.298600196838379,0.15258479118347168,1.151932716369629,0.4755169451236725,-0.11520987749099731,0.08383207023143768,-0.6054375171661377,-1.6501543521881104,0.09754043817520142,-1.2258076667785645]","[-0.23920109868049622,-0.00440480001270771,0.0028390451334416866,0.41557371616363525,-0.08086993545293808,0.01013293769210577,-0.21179866790771484,-0.007523491512984037,0.0032496904022991657,0.3658605217933655,-0.024195047095417976,-0.009012767113745213,-0.028664132580161095,-0.03769466280937195,-0.28615638613700867,0.468201607465744,0.1491386890411377,-0.10360558331012726,-0.5465589165687561,1.1139442920684814,-0.030433788895606995,1.311828374862671,0.45540526509284973,-0.13075722754001617,0.09106207638978958,-0.5320608019828796,-1.354297161102295,-0.015194556675851345,-1.2850136756896973]","[0.4758305847644806,0.02261164039373398,-0.01689288206398487,0.3737054765224457,-0.2868673503398895,-0.039523955434560776,0.5127452611923218,-0.009426870383322239,-0.030526624992489815,0.3999650478363037,-0.36157676577568054,0.021935593336820602,0.04418353736400604,-0.09901666641235352,-0.5753182172775269,1.957572340965271,-0.02545081079006195,-0.2217944711446762,-1.0765568017959595,0.1939147710800171,-0.14166347682476044,0.9090393781661987,1.9886114597320557,-0.042899325489997864,0.24135318398475647,-1.0896921157836914,0.028502941131591797,-0.020492076873779297,-0.22014379501342773]","[-0.8052290081977844,-0.12703396379947662,0.03167464956641197,-0.04390859976410866,0.09742066264152527,0.007417707238346338,-0.9397104978561401,-0.16598178446292877,0.04835309460759163,0.09560971707105637,0.23368391394615173,0.08639261871576309,-0.005678946152329445,-0.08178354054689407,-0.42306965589523315,0.8677834272384644,-0.1549283117055893,0.050637632608413696,-0.9776596426963806,0.42691323161125183,0.06788552552461624,0.18629367649555206,0.7077730298042297,0.06668179482221603,0.15230318903923035,-0.9024487733840942,-0.4812639355659485,0.2855924665927887,-0.19875429570674896]","[-1.0275267362594604,-0.12354778498411179,0.051669880747795105,0.14553339779376984,0.23131904006004333,0.04864327982068062,-0.18760138750076294,-0.1511434018611908,-0.02073642611503601,0.17529064416885376,0.44287267327308655,-0.007406406104564667,0.13029953837394714,-0.23444944620132446,-0.14568260312080383,0.5099373459815979,0.12660446763038635,-0.3501772880554199,-2.1346986293792725,2.710127592086792,0.5739449262619019,0.1362837255001068,-0.061104144901037216,-0.015874095261096954,0.3697633147239685,-1.580209493637085,-3.4631757736206055,0.3779924213886261,-1.3522709608078003]",0.018553372472524643,0.030865591019392014,0.016716431826353073,0.08491817116737366,0.09510034322738647,4.755017161369324,0,0,0,0.4979819059371948,0.49689188599586487,0.996504545211792,0.9103744029998779,0.9603788256645203,0.9602651000022888,-0.06737931072711945,-0.0,-0.0
10,0.2,10,"[-0.2606670558452606,0.005863879341632128,-0.0034955444280058146,0.3246190845966339,0.005976514890789986,-0.005967899225652218,-0.26815131306648254,0.003768253605812788,0.0026255701668560505,0.3269590139389038,0.04225814715027809,-0.006347321905195713,-0.0015291974414139986,-0.0009765655267983675,-0.36499738693237305,0.5340453386306763,0.17067421972751617,-0.16649210453033447,-0.6057241559028625,1.302727460861206,0.14935792982578278,1.1703778505325317,0.5167179703712463,-0.11604038625955582,0.0886748805642128,-0.6276913285255432,-1.6495012044906616,0.09713762998580933,-1.230726957321167]","[-0.2557606101036072,-0.006748693063855171,0.0030105572659522295,0.4133630692958832,-0.07863877713680267,0.010356955230236053,-0.23042890429496765,-0.010551943443715572,0.0036735241301357746,0.3654951751232147,-0.01753348298370838,-0.007922723889350891,-0.028796274214982986,-0.039493121206760406,-0.29765912890434265,0.4868573844432831,0.14576059579849243,-0.10338804870843887,-0.5657872557640076,1.123290777206421,-0.029538972303271294,1.3151204586029053,0.4723808765411377,-0.12855033576488495,0.09415008872747421,-0.5502947568893433,-1.3647816181182861,-0.008470254018902779,-1.2894935607910156]","[0.26682019233703613,0.022155432030558586,0.0046743894927203655,0.15876814723014832,-0.22873464226722717,-0.028395572677254677,0.3024652600288391,-0.004573888145387173,-0.04493103176355362,0.1711912453174591,-0.3030952215194702,0.003779411781579256,0.05255421996116638,-0.11324828863143921,-0.7641538977622986,1.941813588142395,-0.05108080804347992,-0.2228032797574997,-1.0942399501800537,0.2156585454940796,-0.17424672842025757,0.9313493967056274,1.9977041482925415,-0.029925070703029633,0.22839568555355072,-1.0879085063934326,0.037664175033569336,-0.012713111937046051,-0.2893298864364624]","[-0.8046424388885498,-0.11460357904434204,0.004790948238223791,-0.14615680277347565,0.12214761972427368,0.012508251704275608,-0.9172844290733337,-0.1471644788980484,0.017970329150557518,-0.1680726259946823,0.3458485007286072,0.04120757430791855,-0.002746839076280594,-0.103818878531456,-0.5870198607444763,0.9424165487289429,-0.1707053780555725,-0.0011427418794482946,-0.9527376294136047,0.48304444551467896,0.03163593262434006,0.1618243008852005,0.8844187259674072,0.13221971690654755,0.1393248289823532,-0.8998596668243408,-0.5322844982147217,0.3374456763267517,-0.24629800021648407]","[-1.0450464487075806,-0.12219182401895523,0.05787868797779083,0.12541867792606354,0.23808875679969788,0.052969831973314285,-0.16455918550491333,-0.15016043186187744,-0.00372909102588892,0.13666196167469025,0.4673938453197479,-0.01595432311296463,0.12264075130224228,-0.2522197365760803,-0.25126683712005615,0.5116873383522034,0.12155497074127197,-0.3723863959312439,-2.171874523162842,2.7455031871795654,0.5672889947891235,0.267424613237381,0.004166845232248306,-0.020263127982616425,0.3719883859157562,-1.6707698106765747,-3.494265079498291,0.4043152630329132,-1.611520528793335]",0.02278919517993927,0.03036586195230484,0.01728777401149273,0.08102619647979736,0.0958942323923111,4.794711619615555,0,0,0,0.49695414304733276,0.497261106967926,0.9963747262954712,0.9180784225463867,0.9744437336921692,0.9701394438743591,-0.05853981152176857,-0.0,-0.0
11,0.22,11,"[-0.25982415676116943,0.006281672976911068,-0.0032727266661822796,0.3240948021411896,0.0025389043148607016,-0.006373312324285507,-0.26667726039886475,0.0037431996315717697,0.0017276494763791561,0.3266972601413727,0.03740793466567993,-0.00655466690659523,-0.0005833784816786647,-0.0032777392771095037,-0.3831046223640442,0.5713038444519043,0.16915518045425415,-0.1707969754934311,-0.6272339820861816,1.307226538658142,0.14561492204666138,1.189186692237854,0.5554251074790955,-0.1164068803191185,0.09296789765357971,-0.6489538550376892,-1.6486477851867676,0.09703191369771957,-1.237380862236023]","[-0.27058836817741394,-0.008772860281169415,0.002885319059714675,0.4087424576282501,-0.07558199763298035,0.010674899443984032,-0.24651101231575012,-0.013286869041621685,0.003958274144679308,0.36175137758255005,-0.008648589253425598,-0.007482871413230896,-0.028955716639757156,-0.04153863340616226,-0.3102652132511139,0.5061336159706116,0.14257922768592834,-0.10446709394454956,-0.5841142535209656,1.1334067583084106,-0.028491098433732986,1.3184428215026855,0.4914803206920624,-0.1251874715089798,0.09676790982484818,-0.5676504373550415,-1.3760265111923218,-0.0012857218971475959,-1.295013189315796]","[-0.09176880121231079,0.02296636812388897,0.008809828199446201,-0.16267597675323486,-0.11186069250106812,-0.008377188816666603,-0.06368383765220642,7.175840437412262e-05,-0.03437971696257591,-0.15256628394126892,-0.1655920445919037,-0.019991502165794373,0.045012783259153366,-0.11731524020433426,-0.8797973394393921,1.7295688390731812,-0.09839385747909546,-0.19950233399868011,-1.0413334369659424,0.23218095302581787,-0.19038543105125427,0.9485810995101929,1.814451813697815,0.0009600073099136353,0.19306857883930206,-1.0225862264633179,0.046706199645996094,0.003355182707309723,-0.38553178310394287]","[-0.6909107565879822,-0.09060145169496536,-0.01189812645316124,-0.267460435628891,0.1682908684015274,0.017335450276732445,-0.7313589453697205,-0.12744437158107758,0.012220114469528198,-0.22096829116344452,0.4444462060928345,0.014276952482759953,-0.00895956065505743,-0.10005595535039902,-0.6120454668998718,0.9521804451942444,-0.14786888659000397,-0.07130115479230881,-0.8829723000526428,0.5065021514892578,0.047581687569618225,0.17537444829940796,0.9741628170013428,0.18163719773292542,0.11187528818845749,-0.841313362121582,-0.5637185573577881,0.352220356464386,-0.30073168873786926]","[-1.0250927209854126,-0.12492812424898148,0.06388776004314423,0.10944531857967377,0.24364760518074036,0.05621497705578804,-0.13576847314834595,-0.16575130820274353,0.01768401265144348,0.10078670084476471,0.503484845161438,-0.02695726603269577,0.131758451461792,-0.2374984323978424,-0.3574594259262085,0.5030089616775513,0.12352004647254944,-0.3954501450061798,-2.264946699142456,2.7635395526885986,0.5959323644638062,0.4793534576892853,-0.023596640676259995,-0.023708321154117584,0.34272444248199463,-1.7897255420684814,-3.522691488265991,0.4628351628780365,-1.880892276763916]",0.025894401594996452,0.03744324669241905,0.017554664984345436,0.07914672791957855,0.09604327380657196,4.802163690328598,0,0,0,0.4960811734199524,0.4958794116973877,0.9962233901023865,0.9242883920669556,0.9904429316520691,0.9814843535423279,-0.08223631978034973,-0.0,-0.0
12,0.24,12,"[-0.26433780789375305,0.0067825340665876865,-0.0031431512907147408,0.3181120455265045,0.0015020875725895166,-0.0063029867596924305,-0.2706986665725708,0.003771123941987753,0.0012503815814852715,0.32085636258125305,0.035634465515613556,-0.0071469820104539394,0.0002713138237595558,-0.005669174715876579,-0.40018928050994873,0.6032280921936035,0.16673846542835236,-0.17447219789028168,-0.6473774909973145,1.3120146989822388,0.1417425125837326,1.2083210945129395,0.5892960429191589,-0.11600198596715927,0.09639762341976166,-0.6685947775840759,-1.6476329565048218,0.09727183729410172,-1.2461482286453247]","[-0.2828575372695923,-0.010431786999106407,0.002571349497884512,0.4024808704853058,-0.07176439464092255,0.01109115406870842,-0.259345680475235,-0.015768099576234818,0.004375502932816744,0.3545505106449127,0.0017182270530611277,-0.007449106313288212,-0.029040999710559845,-0.043420951813459396,-0.3219802677631378,0.5245728492736816,0.1403564214706421,-0.10747760534286499,-0.6010153293609619,1.1439297199249268,-0.025590959936380386,1.3222509622573853,0.510947048664093,-0.12127657979726791,0.09909088164567947,-0.583638608455658,-1.387817144393921,0.006438438314944506,-1.301277756690979]","[-0.2534501254558563,0.02749471552670002,0.007838406600058079,-0.3576010465621948,-0.011452444829046726,0.013712852261960506,-0.23088455200195312,0.005070562474429607,-0.023386981338262558,-0.35293102264404297,-0.020540505647659302,-0.03262041136622429,0.03897017613053322,-0.12296818196773529,-0.7157474756240845,1.438324213027954,-0.14033280313014984,-0.16220100224018097,-0.9567797183990479,0.24020075798034668,-0.19362308084964752,0.9548425674438477,1.5309005975723267,0.038008950650691986,0.15021935105323792,-0.910148024559021,0.056171417236328125,0.023989379405975342,-0.5030393600463867]","[-0.5663062930107117,-0.07615487277507782,-0.01840459555387497,-0.32358866930007935,0.19839337468147278,0.02203384041786194,-0.5769619941711426,-0.1174260750412941,0.020040201023221016,-0.36415135860443115,0.5166861414909363,-0.0025966353714466095,-0.005825235042721033,-0.0887141227722168,-0.5428892374038696,0.8891228437423706,-0.09370482712984085,-0.16162140667438507,-0.8088971972465515,0.5179646015167236,0.1606481373310089,0.2001119703054428,0.9535203576087952,0.19606758654117584,0.10364019125699997,-0.7674227952957153,-0.5858206748962402,0.3813682794570923,-0.3227548897266388]","[-0.997794508934021,-0.1365533471107483,0.06436187028884888,0.10465677082538605,0.25717201828956604,0.05886155739426613,-0.12536847591400146,-0.1726442277431488,0.022678270936012268,0.06751851737499237,0.527729868888855,-0.03521361202001572,0.15104758739471436,-0.21976327896118164,-0.4448004364967346,0.46277689933776855,0.1317586600780487,-0.41056761145591736,-2.354517936706543,2.790719985961914,0.6431665420532227,0.7168110013008118,-0.11935344338417053,-0.03544653207063675,0.3119637370109558,-1.9036482572555542,-3.561352252960205,0.5278371572494507,-2.173480272293091]",0.027633177116513252,0.04274366796016693,0.017352020367980003,0.07733595371246338,0.09601223468780518,4.800611734390259,0,0,0,0.49556344747543335,0.49459537863731384,0.9962131977081299,0.9299148917198181,0.9961197972297668,0.9858076572418213,-0.09760260581970215,-0.0,-0.0
13,0.26,13,"[-0.2699621617794037,0.007381461560726166,-0.0029591904021799564,0.3097907602787018,0.0020808065310120583,-0.0058247982524335384,-0.27591264247894287,0.003946022130548954,0.000792170234490186,0.31258001923561096,0.03658631443977356,-0.007859483361244202,0.0009754284401424229,-0.008196466602385044,-0.41173452138900757,0.6288368105888367,0.16354186832904816,-0.17728501558303833,-0.6655051708221436,1.316834568977356,0.13786999881267548,1.227380394935608,0.6166611313819885,-0.11488652229309082,0.09897667169570923,-0.68535977602005,-1.6464009284973145,0.09799148887395859,-1.2575024366378784]","[-0.2923014461994171,-0.011629188433289528,0.0020405228715389967,0.396045446395874,-0.06768278777599335,0.011551514267921448,-0.26835760474205017,-0.017694324254989624,0.004472553730010986,0.3470882475376129,0.011774774640798569,-0.007663771975785494,-0.029156111180782318,-0.044688403606414795,-0.3309262692928314,0.5407794713973999,0.13900206983089447,-0.11154947429895401,-0.6157687902450562,1.154302954673767,-0.021062839776277542,1.326512098312378,0.52897709608078,-0.11749016493558884,0.10153435170650482,-0.5980023145675659,-1.3999985456466675,0.015190418809652328,-1.3077794313430786]","[-0.2635538578033447,0.0328294113278389,0.011378975585103035,-0.4139810800552368,0.032780297100543976,0.026665255427360535,-0.24539083242416382,0.01052798517048359,-0.023233244195580482,-0.41331350803375244,0.06419765204191208,-0.034295082092285156,0.034471895545721054,-0.13000637292861938,-0.41079968214035034,1.115886926651001,-0.17157457768917084,-0.1260034739971161,-0.841742753982544,0.2355515956878662,-0.190068781375885,0.9536534547805786,1.2001127004623413,0.07296856492757797,0.1054711639881134,-0.7554605603218079,0.07109940052032471,0.04427265375852585,-0.6374955177307129]","[-0.42126742005348206,-0.051067814230918884,-0.028217332437634468,-0.31150174140930176,0.20258809626102448,0.02323867380619049,-0.38638946413993835,-0.08397002518177032,-0.002016840036958456,-0.3775158226490021,0.48545894026756287,-0.013428858481347561,-0.0059229233302176,-0.05247022211551666,-0.3859654366970062,0.7588858604431152,-0.05243133008480072,-0.2022354006767273,-0.6888169646263123,0.5015270709991455,0.23150129616260529,0.21829472482204437,0.8622147440910339,0.1812698394060135,0.11353901028633118,-0.6828023791313171,-0.6019532084465027,0.4373992383480072,-0.3261082172393799]","[-0.9673798680305481,-0.1454581916332245,0.060293227434158325,0.10555790364742279,0.2834973633289337,0.05822514370083809,-0.11556395143270493,-0.16141238808631897,0.01532325055450201,0.04621591046452522,0.5353924036026001,-0.04180386662483215,0.16847944259643555,-0.21027716994285583,-0.5008122324943542,0.41340017318725586,0.14192253351211548,-0.41057294607162476,-2.422272205352783,2.8233540058135986,0.6804934740066528,0.8858469128608704,-0.22799083590507507,-0.053224824368953705,0.2971571683883667,-2.010364294052124,-3.6055853366851807,0.5782711505889893,-2.410548210144043]",0.028206076472997665,0.04415861889719963,0.01676662638783455,0.07515847682952881,0.096829853951931,4.84149269759655,0,0,0,0.49541395902633667,0.4942179322242737,0.996374249458313,0.9354268312454224,0.9976277351379395,0.9867669939994812,-0.06433456391096115,-0.0,-0.0
14,0.28,14,"[-0.27487996220588684,0.008095710538327694,-0.0026879922952502966,0.30155280232429504,0.0028132994193583727,-0.005236376542598009,-0.28051429986953735,0.004192243330180645,0.0003210518043488264,0.30432382225990295,0.03820237144827843,-0.008518785238265991,0.0016501896316185594,-0.01086942944675684,-0.41662126779556274,0.6478635668754578,0.15987548232078552,-0.17951233685016632,-0.6810472011566162,1.3214367628097534,0.1341397613286972,1.2464672327041626,0.6373005509376526,-0.11308324337005615,0.1006164699792862,-0.6988131999969482,-1.6447889804840088,0.09904274344444275,-1.2716480493545532]","[-0.29863446950912476,-0.012549145147204399,0.0015252615557983518,0.3905768394470215,-0.06375432014465332,0.012014612555503845,-0.2739861011505127,-0.019125519320368767,0.004082140047103167,0.3389880657196045,0.019032152369618416,-0.008032874204218388,-0.0292283333837986,-0.04539469629526138,-0.3354056179523468,0.5537903308868408,0.13782943785190582,-0.11560165137052536,-0.6281929612159729,1.1643598079681396,-0.015467689372599125,1.3308775424957275,0.5437668561935425,-0.11439572274684906,0.10463867336511612,-0.6105415225028992,-1.4124523401260376,0.025449950248003006,-1.3139128684997559]","[-0.20066499710083008,0.034444522112607956,0.01979885809123516,-0.3703020513057709,0.02198806032538414,0.023699332028627396,-0.1861579716205597,0.017864443361759186,-0.030422862619161606,-0.3764614462852478,0.0768117606639862,-0.030087564140558243,0.033086057752370834,-0.13281233608722687,-0.08486658334732056,0.7777035236358643,-0.19109807908535004,-0.10255053639411926,-0.6885334849357605,0.20881593227386475,-0.18730200827121735,0.9846597909927368,0.8556187152862549,0.0989627093076706,0.057555921375751495,-0.5798608064651489,0.0899195671081543,0.05851350724697113,-0.7398784160614014]","[-0.26846036314964294,-0.03898173198103905,-0.026991212740540504,-0.24577444791793823,0.18499809503555298,0.02308511734008789,-0.21702280640602112,-0.057510651648044586,-0.03909195214509964,-0.3438462018966675,0.3418593108654022,-0.01923699863255024,-0.0064624459482729435,-0.02265535481274128,-0.1500016152858734,0.5896127820014954,-0.05689499154686928,-0.18780355155467987,-0.5718889236450195,0.4870324730873108,0.2808054983615875,0.2155226469039917,0.6770692467689514,0.13876810669898987,0.15085025131702423,-0.5885397791862488,-0.612617552280426,0.514617919921875,-0.29587265849113464]","[-0.9376347064971924,-0.1492379903793335,0.058022335171699524,0.10868902504444122,0.31154173612594604,0.058344800025224686,-0.10374628752470016,-0.1480950117111206,-0.001195535995066166,0.042322028428316116,0.5285471677780151,-0.04512351006269455,0.18050512671470642,-0.20832374691963196,-0.5253767967224121,0.35915952920913696,0.14230963587760925,-0.4082488417625427,-2.4754185676574707,2.862962484359741,0.7024192810058594,0.987365186214447,-0.32788336277008057,-0.07248806208372116,0.30205637216567993,-2.1081697940826416,-3.6535186767578125,0.6115171313285828,-2.591256618499756]",0.02809826284646988,0.04232195392251015,0.01598254218697548,0.0728922188282013,0.09745471179485321,4.8727355897426605,0,0,0,0.49550071358680725,0.4947236180305481,0.9966413378715515,0.9407444000244141,0.9972309470176697,0.9865148663520813,-0.03862044960260391,-0.0,-0.0
15,0.3,15,"[-0.2779887616634369,0.008759242482483387,-0.0021672360599040985,0.29497867822647095,0.002960328944027424,-0.004876825027167797,-0.28335896134376526,0.0046605998650193214,-0.0004247442993801087,0.29752156138420105,0.03965878486633301,-0.009062985889613628,0.002298870589584112,-0.013508959673345089,-0.4151291847229004,0.6599449515342712,0.15589794516563416,-0.1813870370388031,-0.693046510219574,1.3251872062683105,0.13037791848182678,1.2667667865753174,0.6508858799934387,-0.110928013920784,0.10127890855073929,-0.708554208278656,-1.6428041458129883,0.10033202916383743,-1.2870975732803345]","[-0.30282527208328247,-0.013401838950812817,0.0011060356628149748,0.38665568828582764,-0.05980366840958595,0.01248851977288723,-0.27703890204429626,-0.019968504086136818,0.0023402213118970394,0.3334125876426697,0.02384529449045658,-0.00837351381778717,-0.02933516539633274,-0.045525528490543365,-0.3367431163787842,0.5635982155799866,0.13630007207393646,-0.11935630440711975,-0.6381563544273376,1.1742169857025146,-0.009057411924004555,1.3346484899520874,0.5551597476005554,-0.11225306242704391,0.10851175338029861,-0.621139645576477,-1.425083041191101,0.03729816526174545,-1.319053292274475]","[-0.11207461357116699,0.031260982155799866,0.03286794573068619,-0.28173699975013733,0.003404368180781603,0.015122117474675179,-0.10150820016860962,0.026967855170369148,-0.043142080307006836,-0.29547736048698425,0.06865747272968292,-0.024630991742014885,0.031126724556088448,-0.1308753937482834,0.1990675926208496,0.4542320966720581,-0.20072199404239655,-0.09585879743099213,-0.5178540945053101,0.1616746187210083,-0.18223263323307037,1.043844223022461,0.5366817116737366,0.11070799082517624,0.014929287135601044,-0.4162520170211792,0.1061558723449707,0.06753001362085342,-0.7415741682052612]","[-0.18388254940509796,-0.045275576412677765,-0.017865648493170738,-0.1695612221956253,0.19968292117118835,0.02397097460925579,-0.12745822966098785,-0.03964558616280556,-0.105827696621418,-0.2460045963525772,0.1923593431711197,-0.01706862635910511,-0.0046615879982709885,-0.0013299136189743876,-0.03868798911571503,0.4382784962654114,-0.08330751210451126,-0.1725180596113205,-0.44984301924705505,0.481746107339859,0.31830477714538574,0.17057421803474426,0.5116152763366699,0.08775904774665833,0.18832115828990936,-0.4877254366874695,-0.6183846592903137,0.5919240713119507,-0.2337779998779297]","[-0.917635977268219,-0.15123936533927917,0.056403160095214844,0.11412163078784943,0.33238014578819275,0.06271590292453766,-0.09347955137491226,-0.1340802013874054,-0.023563072085380554,0.053625185042619705,0.5161138772964478,-0.04127999395132065,0.18607527017593384,-0.21599572896957397,-0.5382354855537415,0.3078467845916748,0.1355704367160797,-0.4116467833518982,-2.512561798095703,2.901278495788574,0.7188900709152222,1.0407434701919556,-0.41114240884780884,-0.08653571456670761,0.3186079263687134,-2.183426856994629,-3.7049520015716553,0.631811261177063,-2.726759910583496]",0.027475519105792046,0.037672508507966995,0.015198759734630585,0.07024192810058594,0.09788110852241516,4.894055426120758,0,0,0,0.4957316815853119,0.49580666422843933,0.996928870677948,0.9460821747779846,0.9969156980514526,0.985284149646759,-0.022693751379847527,-0.0,-0.0
16,0.32,16,"[-0.2793629467487335,0.009346149861812592,-0.0013732744846493006,0.29028332233428955,0.002949474146589637,-0.004631491843611002,-0.28457462787628174,0.0052709574811160564,-0.001404631300829351,0.2925047278404236,0.040948670357465744,-0.009504024870693684,0.0028952585998922586,-0.01610444486141205,-0.40865856409072876,0.6660328507423401,0.15184660255908966,-0.183346688747406,-0.7017613649368286,1.3279037475585938,0.1268504559993744,1.288221001625061,0.658767819404602,-0.1086549237370491,0.10121364146471024,-0.7154632806777954,-1.64054274559021,0.10174394398927689,-1.3013110160827637]","[-0.3059220612049103,-0.014582601375877857,0.0008439606754109263,0.384107381105423,-0.05564268305897713,0.013041706755757332,-0.2792767286300659,-0.020958157256245613,-0.00025402498431503773,0.32980507612228394,0.02646062523126602,-0.008589822798967361,-0.02941613830626011,-0.045460090041160583,-0.33704519271850586,0.5707263946533203,0.13408346474170685,-0.12265674769878387,-0.6458046436309814,1.1839818954467773,-0.0021234778687357903,1.3371869325637817,0.5631981492042542,-0.1108686625957489,0.11296146363019943,-0.6295081377029419,-1.4378745555877686,0.050347935408353806,-1.3225136995315552]","[-0.028759241104125977,0.021624170243740082,0.046860791742801666,-0.19053369760513306,-0.013721263036131859,0.00978738535195589,-0.024987012147903442,0.033492326736450195,-0.05380963161587715,-0.20311176776885986,0.04991833120584488,-0.019506365060806274,0.027418311685323715,-0.12404702603816986,0.40678009390830994,0.18279999494552612,-0.19928328692913055,-0.0988248735666275,-0.3592252731323242,0.11266171932220459,-0.1643594354391098,1.0803371667861938,0.2743467688560486,0.10870136320590973,-0.016979500651359558,-0.27792155742645264,0.11509060859680176,0.07055886089801788,-0.6678789854049683]","[-0.1390773504972458,-0.06414975970983505,-0.011900708079338074,-0.10456346720457077,0.20581088960170746,0.029141757637262344,-0.10236134380102158,-0.05422867462038994,-0.13804906606674194,-0.14599867165088654,0.10074995458126068,-0.008648780174553394,-0.0041104527190327644,0.00448991684243083,-0.00786830298602581,0.30909264087677,-0.11979665607213974,-0.14780168235301971,-0.3364359736442566,0.47807133197784424,0.3414227068424225,0.10198834538459778,0.34109461307525635,0.059253424406051636,0.21270649135112762,-0.37100622057914734,-0.6301637887954712,0.6444176435470581,-0.13998612761497498]","[-0.9035160541534424,-0.1557137668132782,0.05302315950393677,0.11720509827136993,0.3420640528202057,0.07012398540973663,-0.08913931995630264,-0.12012925744056702,-0.04633241891860962,0.07172967493534088,0.5067676305770874,-0.030808545649051666,0.18635189533233643,-0.2290738821029663,-0.5427470803260803,0.26843881607055664,0.1271200180053711,-0.41596519947052,-2.5415544509887695,2.9336371421813965,0.7356288433074951,1.0667366981506348,-0.4711860418319702,-0.09121546894311905,0.33737385272979736,-2.2306859493255615,-3.758118152618408,0.6454660296440125,-2.8088269233703613]",0.026514168828725815,0.030572941526770592,0.014516055583953857,0.06742624938488007,0.09821218252182007,4.910609126091003,0,0,0,0.4960499107837677,0.4972101151943207,0.9971868395805359,0.9512701034545898,0.9964229464530945,0.9836114645004272,-0.011142240837216377,-0.0,-0.0
17,0.34,17,"[-0.27913913130760193,0.009624209254980087,-0.0002928044705186039,0.2873573303222656,0.0024114784318953753,-0.0044853296130895615,-0.2843584418296814,0.006000292953103781,-0.0025771295186132193,0.28939709067344666,0.0416555181145668,-0.00984324049204588,0.0033956030383706093,-0.01847084052860737,-0.398857980966568,0.6672569513320923,0.14792661368846893,-0.1853400319814682,-0.7074155211448669,1.3296936750411987,0.12380354106426239,1.3099802732467651,0.6618597507476807,-0.10657995939254761,0.1005997285246849,-0.7196710705757141,-1.6382005214691162,0.10315438359975815,-1.3138127326965332]","[-0.3082190454006195,-0.016220377758145332,0.0006675613694824278,0.3813624083995819,-0.05230865627527237,0.013825156725943089,-0.2809540629386902,-0.022202003747224808,-0.0035201855935156345,0.3281763195991516,0.027652541175484657,-0.008546872064471245,-0.02955305017530918,-0.04516684636473656,-0.33660009503364563,0.5751153230667114,0.13145017623901367,-0.12549707293510437,-0.6510819792747498,1.1933552026748657,0.005032021086663008,1.3385810852050781,0.5677181482315063,-0.10963203012943268,0.11733448505401611,-0.6354488730430603,-1.4509226083755493,0.0637856274843216,-1.3240472078323364]","[0.04041492938995361,0.006599654443562031,0.05872277542948723,-0.10596513748168945,-0.026632286608219147,0.0059950631111860275,0.03653094172477722,0.03879200667142868,-0.06435804814100266,-0.11225640773773193,0.03220811486244202,-0.015064701437950134,0.01937022991478443,-0.11071707308292389,0.5343243479728699,-0.0031888484954833984,-0.18657110631465912,-0.0978812575340271,-0.24015754461288452,0.07378160953521729,-0.13526995480060577,1.044398546218872,0.09456425905227661,0.09429194033145905,-0.0357968732714653,-0.17736554145812988,0.1154184341430664,0.0693323090672493,-0.5661755800247192]","[-0.07609830051660538,-0.08311554789543152,-0.006633073557168245,-0.06230730935931206,0.18091005086898804,0.042586203664541245,-0.07146381586790085,-0.06729134917259216,-0.16184645891189575,-0.050558701157569885,0.04262836277484894,0.0059060705825686455,-0.004566884133964777,0.007710945792496204,0.025290625169873238,0.18013206124305725,-0.12479718774557114,-0.12335336953401566,-0.2189081311225891,0.4489969313144684,0.3512634336948395,0.054983291774988174,0.16504791378974915,0.06336908787488937,0.20830397307872772,-0.24076910316944122,-0.6472222805023193,0.6519414186477661,-0.04839811101555824]","[-0.8890702128410339,-0.16115641593933105,0.046678707003593445,0.11798478662967682,0.3451787233352661,0.07764753699302673,-0.08836381882429123,-0.10448160767555237,-0.06590260565280914,0.09311525523662567,0.5018194913864136,-0.018263541162014008,0.18234685063362122,-0.24377474188804626,-0.5383105278015137,0.2444181591272354,0.1206311285495758,-0.42174944281578064,-2.567330837249756,2.9548985958099365,0.7487465143203735,1.0776125192642212,-0.5055374503135681,-0.08843318372964859,0.34934696555137634,-2.2518675327301025,-3.804896831512451,0.6611630916595459,-2.836503028869629]",0.02544795349240303,0.022521700710058212,0.014024888165295124,0.06483583897352219,0.09845569729804993,4.922784864902496,0,0,0,0.49638617038726807,0.4984622895717621,0.9973697662353516,0.955881655216217,0.9962275624275208,0.9829098582267761,-0.004452361259609461,-0.0,-0.0
18,0.36,18,"[-0.2777463495731354,0.009610136039555073,0.0009756364743225276,0.286044716835022,0.001884182682260871,-0.004391689319163561,-0.28311339020729065,0.006822637747973204,-0.00397895323112607,0.2880144715309143,0.042236994951963425,-0.010106612928211689,0.003670067759230733,-0.020533127710223198,-0.38728559017181396,0.6659052968025208,0.1443837583065033,-0.1872619390487671,-0.711367666721344,1.3308550119400024,0.12143965810537338,1.329996943473816,0.6625503897666931,-0.10488324612379074,0.09978176653385162,-0.7225579023361206,-1.6359260082244873,0.10451723635196686,-1.3239580392837524]","[-0.30879369378089905,-0.017868971452116966,0.000442571472376585,0.38093748688697815,-0.04905453696846962,0.014917227439582348,-0.28169479966163635,-0.023530185222625732,-0.006892765872180462,0.32784906029701233,0.028437525033950806,-0.008229788392782211,-0.029690086841583252,-0.04508734866976738,-0.3357585072517395,0.5774630904197693,0.1294364482164383,-0.12774895131587982,-0.6541795134544373,1.2015886306762695,0.0121235940605402,1.3393038511276245,0.5691949725151062,-0.10819932073354721,0.12142392247915268,-0.6385630965232849,-1.4641073942184448,0.07645668089389801,-1.3243151903152466]","[0.0872783362865448,-0.011234544217586517,0.062099870294332504,-0.026863068342208862,-0.03435301408171654,0.002526526805013418,0.07776021957397461,0.0433005653321743,-0.06949838250875473,-0.027686357498168945,0.028302893042564392,-0.012505939230322838,0.010281940922141075,-0.09200889617204666,0.589461624622345,-0.0989273190498352,-0.1615423709154129,-0.08702389895915985,-0.16855299472808838,0.04666149616241455,-0.10260455310344696,0.9238362312316895,-0.0011608004570007324,0.07385220378637314,-0.044238753616809845,-0.12146681547164917,0.10856091976165771,0.06361007690429688,-0.45470893383026123]","[-0.013354174792766571,-0.0798456147313118,-0.014683042652904987,-0.008289322257041931,0.14806996285915375,0.052836645394563675,-0.023278839886188507,-0.06357172876596451,-0.1727055013179779,-0.003949011210352182,0.04404059052467346,0.019521431997418404,-0.007337905000895262,0.002663872204720974,0.03485029190778732,0.0835474357008934,-0.08017265051603317,-0.10348338633775711,-0.11471179127693176,0.3817436993122101,0.34410831332206726,0.02418270707130432,0.034618813544511795,0.07029835134744644,0.18733520805835724,-0.1097307950258255,-0.6491005420684814,0.6019896268844604,0.006564078386873007]","[-0.8734890222549438,-0.16629910469055176,0.03800579905509949,0.11814258992671967,0.3454752266407013,0.08261536061763763,-0.08831644803285599,-0.08941981196403503,-0.0799027532339096,0.1138775497674942,0.4994294345378876,-0.008322104811668396,0.1760653555393219,-0.2592819631099701,-0.5253016948699951,0.2361157089471817,0.11528047919273376,-0.4317608177661896,-2.589801549911499,2.960115671157837,0.7576664686203003,1.0815768241882324,-0.5189458131790161,-0.08319806307554245,0.353340744972229,-2.2543392181396484,-3.8358306884765625,0.6822026968002319,-2.8338778018951416]",0.024431411176919937,0.015775345265865326,0.013724951073527336,0.06287170946598053,0.09863203763961792,4.931601881980896,0,0,0,0.49668556451797485,0.49922382831573486,0.9974637031555176,0.9595306515693665,0.9970174431800842,0.9837998151779175,-0.0021189022809267044,-0.0,-0.0
19,0.38,19,"[-0.27564799785614014,0.009174827486276627,0.002191190142184496,0.28628280758857727,0.0010373578406870365,-0.004384268540889025,-0.2812480330467224,0.007732315454632044,-0.00535706477239728,0.2882896363735199,0.04278763383626938,-0.010343478061258793,0.0038068806752562523,-0.022151196375489235,-0.3752795159816742,0.6632998585700989,0.14146491885185242,-0.1888209879398346,-0.7141576409339905,1.3315601348876953,0.11969935894012451,1.3469337224960327,0.6618133187294006,-0.10362587124109268,0.09883017838001251,-0.7245297431945801,-1.63385808467865,0.10569878667593002,-1.3320010900497437]","[-0.3088378310203552,-0.019322896376252174,7.082715455908328e-06,0.38095834851264954,-0.046679891645908356,0.01588933914899826,-0.2819884717464447,-0.024581091478466988,-0.010572570376098156,0.3276824355125427,0.028977718204259872,-0.007451504468917847,-0.029747219756245613,-0.04510630667209625,-0.33517640829086304,0.578167200088501,0.128683403134346,-0.12990716099739075,-0.6556493043899536,1.208182454109192,0.01882568560540676,1.339434266090393,0.569267988204956,-0.10664728283882141,0.12462663650512695,-0.6398612260818481,-1.47678804397583,0.08750368654727936,-1.323735237121582]","[0.11403784155845642,-0.03248883783817291,0.0550207756459713,0.037826597690582275,-0.03899678960442543,-0.0003870227374136448,0.10093972086906433,0.04895223677158356,-0.06591954082250595,0.04146397113800049,0.030066538602113724,-0.01092574093490839,0.003502453910186887,-0.07046055793762207,0.586418092250824,-0.12841224670410156,-0.12549161911010742,-0.07032640278339386,-0.12742429971694946,0.024783611297607422,-0.07323995232582092,0.7519423961639404,-0.04944056272506714,0.052631646394729614,-0.04719402641057968,-0.08423179388046265,0.09752511978149414,0.05349945276975632,-0.3502190113067627]","[0.000854367099236697,-0.0664541944861412,-0.021768223494291306,0.004152898211032152,0.09815848618745804,0.04510301351547241,-0.02495839074254036,-0.038251396268606186,-0.1919717639684677,-0.05884968116879463,-0.0432446151971817,0.055998437106609344,0.0019036921439692378,-0.006102179177105427,0.024162963032722473,0.014282590709626675,-0.021120650693774223,-0.10198143869638443,-0.05633620545268059,0.3021204173564911,0.32381436228752136,-0.005661002825945616,-0.012070795521140099,0.07924122363328934,0.14126810431480408,-0.042322248220443726,-0.6150311231613159,0.512310266494751,0.04133925959467888]","[-0.8589267134666443,-0.17149826884269714,0.02942804992198944,0.11842639744281769,0.3447231948375702,0.08332283794879913,-0.08633310347795486,-0.07782170176506042,-0.08805342018604279,0.12833677232265472,0.4962485730648041,-0.0026749074459075928,0.17017677426338196,-0.2729012072086334,-0.5027150511741638,0.24140425026416779,0.10778510570526123,-0.4455081820487976,-2.6080188751220703,2.9513280391693115,0.7649445533752441,1.0911942720413208,-0.5201776027679443,-0.07757800072431564,0.35373297333717346,-2.2484655380249023,-3.849909543991089,0.7076442837715149,-2.81789493560791]",0.023454658687114716,0.014173384755849838,0.013619789853692055,0.06199580803513527,0.09877825528383255,4.9389127641916275,0,0,0,0.49695321917533875,0.499363511800766,0.9974865913391113,0.9621075391769409,0.9979050755500793,0.9868449568748474,-0.0017482441617175937,-0.0,-0.0
20,0.4,20,"[-0.2731848359107971,0.008310582488775253,0.0031764674931764603,0.28755778074264526,0.00032431111321784556,-0.004407170228660107,-0.2790758013725281,0.008780727162957191,-0.006615734659135342,0.2896730303764343,0.043439656496047974,-0.010543642565608025,0.0038101659156382084,-0.023351550102233887,-0.3638288676738739,0.6607688069343567,0.139364093542099,-0.19007499516010284,-0.716464638710022,1.3318463563919067,0.11851006001234055,1.3600746393203735,0.6605727672576904,-0.10277798026800156,0.09789400547742844,-0.7259271740913391,-1.6320250034332275,0.10665721446275711,-1.337966799736023]","[-0.3087240159511566,-0.02055472880601883,-0.0005783725064247847,0.38121291995048523,-0.04531443119049072,0.01668756641447544,-0.28207939863204956,-0.025342706590890884,-0.01450163684785366,0.3280482590198517,0.02955504320561886,-0.006603132467716932,-0.029849866405129433,-0.045154865831136703,-0.33450764417648315,0.5782039165496826,0.12839916348457336,-0.13174869120121002,-0.6565595865249634,1.2135004997253418,0.024806348606944084,1.3391456604003906,0.5684880018234253,-0.10550464689731598,0.12709379196166992,-0.6402688026428223,-1.488242506980896,0.0967840775847435,-1.322669267654419]","[0.11734142899513245,-0.05601051077246666,0.04182722419500351,0.07229447364807129,-0.044661521911621094,-0.0003487570211291313,0.10283440351486206,0.05526453256607056,-0.05434221774339676,0.08438602089881897,0.018737465143203735,-0.010165572166442871,-0.0001745938789099455,-0.04904768615961075,0.5424864888191223,-0.1331046223640442,-0.08651837706565857,-0.053764134645462036,-0.09208619594573975,0.0052422285079956055,-0.04922747611999512,0.5726039409637451,-0.08643567562103271,0.033335573971271515,-0.04769451916217804,-0.0447005033493042,0.0852346420288086,0.041991472244262695,-0.2515643835067749]","[0.0077874683775007725,-0.05854334682226181,-0.032177284359931946,0.014358649030327797,0.053797874599695206,0.03744370862841606,0.0005083387368358672,-0.03627188876271248,-0.19659018516540527,0.04466748982667923,0.03955124691128731,0.03684709966182709,-0.0076051135547459126,-0.0020219124853610992,0.03219703212380409,-0.0025928127579391003,-0.011908521875739098,-0.08552177250385284,-0.03948119282722473,0.2488933652639389,0.28315427899360657,-0.019429098814725876,-0.04944595322012901,0.04179035499691963,0.11159195005893707,-0.008520243689417839,-0.541710615158081,0.43245747685432434,0.057803913950920105]","[-0.8462621569633484,-0.17816847562789917,0.022889822721481323,0.12081094086170197,0.340194970369339,0.0800463855266571,-0.07947779446840286,-0.07198795676231384,-0.08938656747341156,0.1358635574579239,0.4918224513530731,-0.000766463577747345,0.16289100050926208,-0.2826201021671295,-0.47572898864746094,0.2570178508758545,0.09726282954216003,-0.45684581995010376,-2.6243724822998047,2.9388139247894287,0.7738766670227051,1.12546968460083,-0.5171562433242798,-0.07326441258192062,0.35556280612945557,-2.242290496826172,-3.8520331382751465,0.7335268259048462,-2.798898458480835]",0.02258123829960823,0.017683135345578194,0.013594080694019794,0.061805371195077896,0.09889619052410126,4.944809526205063,0,0,0,0.4971798062324524,0.49901580810546875,0.9974766373634338,0.9638389348983765,0.9988222122192383,0.9907705783843994,-0.0022946030367165804,-0.0,-0.0
21,0.42,21,"[-0.27095434069633484,0.006934407167136669,0.003864279016852379,0.2891745865345001,-0.0007491030846722424,-0.00439821882173419,-0.27713465690612793,0.009942896664142609,-0.007530753500759602,0.29166507720947266,0.04353713244199753,-0.010750100947916508,0.0037998969200998545,-0.02411310374736786,-0.3535800576210022,0.6579756736755371,0.13800418376922607,-0.19097155332565308,-0.7178410887718201,1.3317698240280151,0.11773025989532471,1.3698378801345825,0.6583558917045593,-0.10229244828224182,0.09692239761352539,-0.7263177633285522,-1.6304486989974976,0.10737844556570053,-1.3420636653900146]","[-0.30813324451446533,-0.021641923114657402,-0.0012581286719068885,0.3815705180168152,-0.04455907642841339,0.01731852814555168,-0.2816043496131897,-0.025983458384871483,-0.018331579864025116,0.3291706144809723,0.030025815591216087,-0.0059727770276367664,-0.030091963708400726,-0.045210566371679306,-0.33311185240745544,0.5779195427894592,0.12817849218845367,-0.13327708840370178,-0.6573044061660767,1.2181141376495361,0.030120594426989555,1.3387653827667236,0.5670614242553711,-0.10496348887681961,0.12905040383338928,-0.6401749849319458,-1.4980720281600952,0.10459238290786743,-1.321541428565979]","[0.10137557983398438,-0.0790911540389061,0.028324313461780548,0.07767677307128906,-0.05330595374107361,0.0005198759026825428,0.08830204606056213,0.06145748868584633,-0.040171295404434204,0.09940415620803833,0.001279544085264206,-0.009768735617399216,-0.0009978015441447496,-0.026601506397128105,0.47516748309135437,-0.14764368534088135,-0.05019195377826691,-0.03838054835796356,-0.04561692476272583,-0.016549229621887207,-0.03130529075860977,0.40719807147979736,-0.1362621784210205,0.016812607645988464,-0.04981867969036102,0.006186962127685547,0.07160305976867676,0.029878877103328705,-0.1535356044769287]","[0.03610188141465187,-0.05185125768184662,-0.03408363461494446,0.019233549013733864,0.030707336962223053,0.028852982446551323,0.030552497133612633,-0.029393477365374565,-0.1877436488866806,0.05721675232052803,0.016516348347067833,0.029190028086304665,-0.013732309453189373,-0.0033619077876210213,0.08087018877267838,-0.019154565408825874,-0.010594223625957966,-0.06873917579650879,-0.03491658717393875,0.22035887837409973,0.2518489360809326,-0.019481830298900604,-0.07802819460630417,0.022380566224455833,0.08612712472677231,0.01021195761859417,-0.4638293385505676,0.36067885160446167,0.0546693429350853]","[-0.8371928334236145,-0.18523284792900085,0.021589085459709167,0.1247071772813797,0.33370062708854675,0.0744200199842453,-0.06938531249761581,-0.06995829939842224,-0.08688792586326599,0.13169144093990326,0.4835951030254364,-0.0013255253434181213,0.15719938278198242,-0.2893889546394348,-0.44719165563583374,0.2772486209869385,0.08568418025970459,-0.4663693904876709,-2.6353118419647217,2.932494878768921,0.789229154586792,1.1947077512741089,-0.5164161324501038,-0.07049841433763504,0.3590748608112335,-2.2366905212402344,-3.848723888397217,0.7587556838989258,-2.775385618209839]",0.02179030328989029,0.021945813670754433,0.01348615437746048,0.0612628236413002,0.09895537048578262,4.947768524289131,0,0,0,0.49737998843193054,0.49848100543022156,0.9974900484085083,0.9654392600059509,0.9991821050643921,0.9939905405044556,-0.004194266628473997,-0.0,-0.0
22,0.44,22,"[-0.26912981271743774,0.005146936513483524,0.004309440031647682,0.2906648516654968,-0.001807927037589252,-0.004386375192552805,-0.2755437195301056,0.011239026673138142,-0.00822258647531271,0.29364919662475586,0.04349083825945854,-0.010934391990303993,0.0037702538538724184,-0.02441561035811901,-0.3448221683502197,0.6548630595207214,0.13735641539096832,-0.1916102170944214,-0.718289315700531,1.3311843872070312,0.11725784838199615,1.3763625621795654,0.6551222801208496,-0.10210547596216202,0.095901258289814,-0.7256796956062317,-1.6291608810424805,0.10785236954689026,-1.3441082239151]","[-0.30667760968208313,-0.022664589807391167,-0.0018263997044414282,0.3821174204349518,-0.04415641352534294,0.017756758257746696,-0.2804461419582367,-0.026492230594158173,-0.02193925343453884,0.3295808434486389,0.02882237732410431,-0.005329878535121679,-0.030410610139369965,-0.04541124776005745,-0.33007457852363586,0.5770627856254578,0.12796825170516968,-0.13437572121620178,-0.6580201387405396,1.2222825288772583,0.03497178107500076,1.3384703397750854,0.5647209882736206,-0.10459012538194656,0.13046519458293915,-0.6396989822387695,-1.5065466165542603,0.11089836806058884,-1.320566177368164]","[0.0688798725605011,-0.0948815792798996,0.021349791437387466,0.057025253772735596,-0.06073234975337982,-0.002144835889339447,0.05910545587539673,0.062189530581235886,-0.03188236057758331,0.08591189980506897,-0.011877249926328659,-0.007096957415342331,-0.0005739100743085146,-0.001794053241610527,0.40293559432029724,-0.18613934516906738,-0.018631666898727417,-0.024916231632232666,0.008654594421386719,-0.04565417766571045,-0.01780763268470764,0.23707151412963867,-0.20262748003005981,0.0016592442989349365,-0.05567055195569992,0.05985051393508911,0.05689561367034912,0.018643774092197418,-0.05041062831878662]","[0.08323164284229279,-0.04989444464445114,-0.029823197051882744,0.030542882159352303,0.015500977635383606,0.019209936261177063,0.07752812653779984,-0.02976861223578453,-0.1716168373823166,0.05261462181806564,-0.016261275857686996,0.026876317337155342,-0.019079523161053658,-0.007925963029265404,0.1693587303161621,-0.04995988681912422,-0.01086339820176363,-0.05025076866149902,-0.03252441808581352,0.20098772644996643,0.23298923671245575,-0.013334475457668304,-0.12445573508739471,0.016779502853751183,0.057544808834791183,0.027776189148426056,-0.40197134017944336,0.28773045539855957,0.04616641253232956]","[-0.8337587714195251,-0.1912555694580078,0.02457241714000702,0.1291642040014267,0.3220347464084625,0.06726934015750885,-0.05504118651151657,-0.07108566164970398,-0.08228898048400879,0.1254434436559677,0.47494611144065857,-0.0025853514671325684,0.15371093153953552,-0.2900961637496948,-0.4265827536582947,0.29540926218032837,0.07678645849227905,-0.47812098264694214,-2.638812303543091,2.929053544998169,0.8046911954879761,1.289043664932251,-0.5299903750419617,-0.06916936486959457,0.3581165075302124,-2.2298049926757812,-3.843031406402588,0.7831481099128723,-2.7570860385894775]",0.021185914054512978,0.02462376095354557,0.013329852372407913,0.06048004329204559,0.09897566586732864,4.948783293366432,0,0,0,0.49753421545028687,0.49807009100914,0.997528612613678,0.967150092124939,0.9988343119621277,0.9956420660018921,-0.005975598469376564,-0.0,-0.0
23,0.46,23,"[-0.2681991457939148,0.003139144042506814,0.004718270618468523,0.29145559668540955,-0.00317839696072042,-0.004484012257307768,-0.27477043867111206,0.012430477887392044,-0.008806047961115837,0.2951015532016754,0.04306204244494438,-0.011033979244530201,0.003776940517127514,-0.02418486587703228,-0.3374626338481903,0.6505300998687744,0.13725891709327698,-0.19196820259094238,-0.7174949049949646,1.3299436569213867,0.1170179545879364,1.379320740699768,0.6502507925033569,-0.10222607851028442,0.0946955755352974,-0.7239237427711487,-1.6281728744506836,0.10812419652938843,-1.3440800905227661]","[-0.3045167028903961,-0.023509345948696136,-0.002424962120130658,0.3829042315483093,-0.04402889683842659,0.018013697117567062,-0.27810510993003845,-0.0270442645996809,-0.024975458160042763,0.33060935139656067,0.0286544281989336,-0.004889835603535175,-0.031157447025179863,-0.045493971556425095,-0.32593849301338196,0.5758655667304993,0.1277671754360199,-0.13531643152236938,-0.6586341261863708,1.2262165546417236,0.03956863284111023,1.3382712602615356,0.5617503523826599,-0.10427723824977875,0.13121724128723145,-0.6387359499931335,-1.5138415098190308,0.11571945250034332,-1.3197864294052124]","[0.0229567289352417,-0.10369514673948288,0.020979100838303566,0.018724799156188965,-0.06999414414167404,-0.005597586277872324,0.017964094877243042,0.05682225152850151,-0.029788050800561905,0.053112953901290894,-0.025415513664484024,-0.004049227572977543,-5.959300324320793e-05,0.02466263249516487,0.3361254930496216,-0.2544477581977844,0.004554912447929382,-0.012736395001411438,0.07046312093734741,-0.08099079132080078,-0.005596689879894257,0.05345046520233154,-0.28918832540512085,-0.012526102364063263,-0.06517097353935242,0.11465251445770264,0.0413745641708374,0.009691715240478516,0.05473494529724121]","[0.11176981031894684,-0.03797227144241333,-0.029159026220440865,0.04265976697206497,0.0024263644590973854,0.010186005383729935,0.1263946145772934,-0.026246078312397003,-0.13892626762390137,0.04509131610393524,-0.006925821304321289,0.020019542425870895,-0.045476317405700684,-0.0034536852035671473,0.21034382283687592,-0.06111442670226097,-0.00955043826252222,-0.04071382060647011,-0.02907431125640869,0.19199644029140472,0.22000473737716675,-0.010729107074439526,-0.15353870391845703,0.015340911224484444,0.028593843802809715,0.05676740035414696,-0.3449718952178955,0.21671733260154724,0.03633773699402809]","[-0.8355305790901184,-0.19426706433296204,0.030275240540504456,0.13428767025470734,0.30440554022789,0.060191381722688675,-0.03828730434179306,-0.07413998246192932,-0.07590101659297943,0.12040407955646515,0.46585455536842346,-0.003649279475212097,0.15242770314216614,-0.2836207151412964,-0.4168877899646759,0.30872201919555664,0.07215887308120728,-0.49286484718322754,-2.635161876678467,2.9273288249969482,0.8179690837860107,1.3953874111175537,-0.562056303024292,-0.06810463219881058,0.3487260639667511,-2.219602346420288,-3.83815860748291,0.8066320419311523,-2.7432522773742676]",0.020606638863682747,0.025920817628502846,0.013080883771181107,0.058802805840969086,0.09894866496324539,4.94743324816227,0,0,0,0.4976722002029419,0.4978649318218231,0.9975994825363159,0.9693334102630615,0.997412383556366,0.995008647441864,-0.007457656320184469,-0.0,-0.0
24,0.48,24,"[-0.2682115435600281,0.0009991307742893696,0.005148604046553373,0.2914138436317444,-0.004607692826539278,-0.004610278643667698,-0.27482515573501587,0.013511916622519493,-0.009414108470082283,0.2957737147808075,0.04247421771287918,-0.011096361093223095,0.00376787013374269,-0.023429105058312416,-0.33137714862823486,0.6446851491928101,0.1375386118888855,-0.19211967289447784,-0.7154707908630371,1.3279447555541992,0.11703398078680038,1.3785005807876587,0.6435547471046448,-0.10260652005672455,0.0932944193482399,-0.7210935950279236,-1.627505898475647,0.1082400381565094,-1.3419188261032104]","[-0.3019450604915619,-0.024114146828651428,-0.0029248343780636787,0.383900910615921,-0.04415479302406311,0.01811416819691658,-0.2750728726387024,-0.027527859434485435,-0.027205992490053177,0.33120593428611755,0.028307292610406876,-0.00454607093706727,-0.032487720251083374,-0.04553927481174469,-0.32139095664024353,0.5745311379432678,0.12760329246520996,-0.13593770563602448,-0.6591458916664124,1.2299244403839111,0.043805673718452454,1.338043451309204,0.5580466389656067,-0.10400623083114624,0.13148774206638336,-0.636999785900116,-1.5200237035751343,0.11917077004909515,-1.3190845251083374]","[-0.03639236092567444,-0.10488978773355484,0.024061476811766624,-0.03129243850708008,-0.05071452632546425,-0.005084427539259195,-0.03563836216926575,0.045848384499549866,-0.03305179998278618,0.01073107123374939,-0.027922913432121277,-0.002919812686741352,-0.0014940393157303333,0.04832884296774864,0.2871781587600708,-0.3547683358192444,0.017946213483810425,0.0005867332220077515,0.13602524995803833,-0.11557936668395996,0.004092603921890259,-0.11099576950073242,-0.3970101475715637,-0.02477690577507019,-0.07827151566743851,0.16830861568450928,0.026661157608032227,0.004206225275993347,0.15381276607513428]","[0.12843726575374603,-0.026176657527685165,-0.022751355543732643,0.05292871594429016,-0.010137938894331455,0.0029093753546476364,0.1552225649356842,-0.023053474724292755,-0.09620490670204163,0.02218656614422798,-0.024260876700282097,0.016107462346553802,-0.07587637007236481,-0.0022020891774445772,0.2217652052640915,-0.06667447090148926,-0.007661968469619751,-0.024317938834428787,-0.0232669897377491,0.18046309053897858,0.2026606798171997,-0.01452679093927145,-0.19412097334861755,0.013000383973121643,0.008487366139888763,0.09985847026109695,-0.2916203737258911,0.15246552228927612,0.03609738498926163]","[-0.8349114060401917,-0.19523721933364868,0.036194995045661926,0.13830913603305817,0.28456398844718933,0.0550353117287159,-0.020794697105884552,-0.07663288712501526,-0.06995764374732971,0.11904014647006989,0.4575287699699402,-0.0049924105405807495,0.15800896286964417,-0.27196094393730164,-0.41828757524490356,0.31526005268096924,0.07054159045219421,-0.505085289478302,-2.6207752227783203,2.923412561416626,0.8309837579727173,1.489192008972168,-0.6170061230659485,-0.06935841590166092,0.3322802484035492,-2.204756259918213,-3.8313400745391846,0.8260881900787354,-2.7273240089416504]",0.01998097449541092,0.02642611600458622,0.012928714044392109,0.05669728294014931,0.09891994297504425,4.9459971487522125,0,0,0,0.49781519174575806,0.49780037999153137,0.9976824522018433,0.9718611836433411,0.9953716993331909,0.9927855730056763,-0.007319376338273287,-0.0,-0.0
25,0.5,25,"[-0.2696548402309418,-0.0010564472759142518,0.0056807296350598335,0.29020389914512634,-0.00520697794854641,-0.004687389358878136,-0.2761959731578827,0.01426441315561533,-0.010128119960427284,0.2955307960510254,0.04194512590765953,-0.011150771751999855,0.0037171789444983006,-0.022251712158322334,-0.3259755074977875,0.6363393664360046,0.1379767656326294,-0.19194473326206207,-0.7120538949966431,1.3253204822540283,0.11718165874481201,1.3748809099197388,0.6343703866004944,-0.10321715474128723,0.09156471490859985,-0.7171913981437683,-1.6271064281463623,0.10829244554042816,-1.3379275798797607]","[-0.2993243634700775,-0.024521293118596077,-0.003247593529522419,0.38503262400627136,-0.04447324573993683,0.01807386428117752,-0.27202966809272766,-0.027839668095111847,-0.028757330030202866,0.33095961809158325,0.026300333440303802,-0.004238029941916466,-0.03427574783563614,-0.045625343918800354,-0.31721827387809753,0.5731490254402161,0.12749919295310974,-0.1362609714269638,-0.6594867706298828,1.2332968711853027,0.047730784863233566,1.337604284286499,0.5535649061203003,-0.10379976779222488,0.13154476881027222,-0.634353518486023,-1.5252511501312256,0.12156297266483307,-1.318222999572754]","[-0.0745229423046112,-0.0891367495059967,0.025467179715633392,-0.007734447717666626,-0.01452680490911007,0.012803858146071434,-0.08324682712554932,0.029474962502717972,-0.030533084645867348,0.008744001388549805,0.002480391412973404,-0.004485505633056164,-0.002984341699630022,0.05732560530304909,0.24507567286491394,-0.4658937454223633,0.028508901596069336,0.01843981444835663,0.19985884428024292,-0.14374852180480957,0.012769922614097595,-0.22422075271606445,-0.5106568336486816,-0.030196085572242737,-0.08760113269090652,0.22496581077575684,0.012493133544921875,0.0011917203664779663,0.2406597137451172]","[0.1251288205385208,-0.018265871331095695,-0.01266506314277649,0.059185292571783066,-0.018692780286073685,-0.0040322281420230865,0.14438989758491516,-0.012258119881153107,-0.07111617922782898,-0.020153764635324478,-0.14657294750213623,0.015300674363970757,-0.09403236210346222,-0.004629681818187237,0.19347430765628815,-0.07016395777463913,-0.004536507651209831,-0.012791180051863194,-0.013441650196909904,0.16235187649726868,0.19370292127132416,-0.027417602017521858,-0.23579566180706024,0.00907241553068161,0.0008798754424788058,0.14569179713726044,-0.24789674580097198,0.10392087697982788,0.04963008686900139]","[-0.8309805393218994,-0.19375845789909363,0.03658391535282135,0.14196477830410004,0.2773968577384949,0.05017085745930672,-0.0027841702103614807,-0.07453653216362,-0.06682942807674408,0.12363488972187042,0.45664340257644653,-0.006576091051101685,0.1700974404811859,-0.2691274583339691,-0.43500322103500366,0.3272058963775635,0.07238912582397461,-0.5130127668380737,-2.6038155555725098,2.912461996078491,0.8334754705429077,1.5163753032684326,-0.6693549156188965,-0.07396893948316574,0.3192654550075531,-2.186201572418213,-3.8204970359802246,0.8376239538192749,-2.698392152786255]",0.0191391222178936,0.027202069759368896,0.013019693084061146,0.05456842854619026,0.0990472212433815,4.952361062169075,0,0,0,0.49799737334251404,0.49770382046699524,0.9977512955665588,0.9745046496391296,0.9952955842018127,0.9924221634864807,-0.0033136894926428795,-0.0,-0.0
26,0.52,26,"[-0.2711924612522125,-0.0025663392152637243,0.006167291197925806,0.2911044657230377,-0.005188765004277229,-0.004098124336451292,-0.27815502882003784,0.014690915122628212,-0.010635431855916977,0.2961234748363495,0.04257343336939812,-0.011275781318545341,0.003648496465757489,-0.021136080846190453,-0.3215741217136383,0.6260493993759155,0.13867896795272827,-0.19138208031654358,-0.7074764370918274,1.3221948146820068,0.11754477769136429,1.3695317506790161,0.6231284737586975,-0.10381436347961426,0.08979037404060364,-0.7120949625968933,-1.62700617313385,0.10828770697116852,-1.3322924375534058]","[-0.29728057980537415,-0.024791639298200607,-0.003547613974660635,0.38637182116508484,-0.04490145668387413,0.017894038930535316,-0.26934710144996643,-0.028021344915032387,-0.030053291469812393,0.33151739835739136,0.024724220857024193,-0.003949157427996397,-0.036367520689964294,-0.045687321573495865,-0.3144248425960541,0.5717623829841614,0.12747257947921753,-0.13644982874393463,-0.6594760417938232,1.2361739873886108,0.0512356199324131,1.336717963218689,0.5487487316131592,-0.1036597192287445,0.13150912523269653,-0.6309269070625305,-1.5298869609832764,0.12340813875198364,-1.3170274496078491]","[-0.06728693842887878,-0.06185062229633331,0.02113720402121544,0.11032223701477051,-0.008947588503360748,0.03614511713385582,-0.09406358003616333,0.010353419929742813,-0.0175938718020916,0.0949181616306305,0.02614269033074379,-0.006804987788200378,-0.00331951305270195,0.04862342029809952,0.19377917051315308,-0.562267005443573,0.038982927799224854,0.038880854845047,0.2649262547492981,-0.16478002071380615,0.022271089255809784,-0.27755796909332275,-0.6087809801101685,-0.02857111394405365,-0.0886525958776474,0.29215067625045776,-0.00020563602447509766,-0.0006916001439094543,0.30401647090911865]","[0.09061724692583084,-0.011151661165058613,-0.01582876592874527,0.06829038262367249,-0.02245151251554489,-0.010917088016867638,0.12600643932819366,-0.007471808232367039,-0.06098775193095207,0.039658721536397934,-0.056463904678821564,0.014013055711984634,-0.11005595326423645,-0.0031973496079444885,0.10857022553682327,-0.06724057346582413,-0.00011015906784450635,-0.008462155237793922,0.007419784553349018,0.13626231253147125,0.16557736694812775,-0.05349746719002724,-0.2397950291633606,0.006364347413182259,-0.002548934891819954,0.18428853154182434,-0.22386255860328674,0.08702245354652405,0.06506482511758804]","[-0.8279141187667847,-0.19352009892463684,0.03014625608921051,0.15656839311122894,0.2865504324436188,0.044330958276987076,0.014491386711597443,-0.07338771224021912,-0.06608948111534119,0.1398441642522812,0.46524080634117126,-0.006212085485458374,0.18705877661705017,-0.28195270895957947,-0.46508049964904785,0.35021066665649414,0.07578092813491821,-0.5127362608909607,-2.586228847503662,2.8969171047210693,0.8299340009689331,1.4863712787628174,-0.6989822387695312,-0.08205581456422806,0.317448228597641,-2.157637596130371,-3.8158745765686035,0.8451944589614868,-2.6489429473876953]",0.01807386241853237,0.028174787759780884,0.01310716476291418,0.05232466757297516,0.09907986223697662,4.953993111848831,0,0,0,0.4982101619243622,0.49758437275886536,0.997815728187561,0.9771037101745605,0.9956560134887695,0.9919559359550476,-0.004333390388637781,-0.0,-0.0
27,0.54,27,"[-0.2723463177680969,-0.0035304720513522625,0.006526217795908451,0.29461678862571716,-0.0055648814886808395,-0.003241584636271,-0.2799585163593292,0.014678549952805042,-0.010831874795258045,0.2993275225162506,0.04299083352088928,-0.01142297126352787,0.0035843984223902225,-0.020306775346398354,-0.31822434067726135,0.6138486862182617,0.1395360827445984,-0.1903894990682602,-0.7014568448066711,1.318729281425476,0.1180725023150444,1.3637785911560059,0.6100191473960876,-0.10435999929904938,0.08801861107349396,-0.70550537109375,-1.6271146535873413,0.10826478153467178,-1.325766921043396]","[-0.29607829451560974,-0.0250602588057518,-0.0038755901623517275,0.3881387710571289,-0.04536634311079979,0.01758093386888504,-0.26746270060539246,-0.028235696256160736,-0.031184053048491478,0.33276131749153137,0.023618005216121674,-0.0036225379444658756,-0.03847869858145714,-0.04583969712257385,-0.31308647990226746,0.5700381398200989,0.12752439081668854,-0.13652712106704712,-0.658973217010498,1.2384591102600098,0.054006028920412064,1.3351995944976807,0.5437842011451721,-0.10357721894979477,0.13144372403621674,-0.6269052028656006,-1.5342518091201782,0.12532174587249756,-1.3154542446136475]","[-0.040393322706222534,-0.0396234504878521,0.013810594566166401,0.21840929985046387,-0.030260765925049782,0.0364331416785717,-0.07347241044044495,-0.005968916229903698,-0.0036704586818814278,0.2119891345500946,0.007512327283620834,-0.002800789661705494,-0.003092503175139427,0.03721443936228752,0.13009458780288696,-0.6303951144218445,0.043306127190589905,0.0534694641828537,0.33606141805648804,-0.17757713794708252,0.03142952919006348,-0.29268860816955566,-0.6751030683517456,-0.028665177524089813,-0.08628815412521362,0.3657236695289612,-0.009861588478088379,-0.0020503997802734375,0.3460407257080078]","[0.04795461893081665,-0.014686770737171173,-0.01631971448659897,0.09541845321655273,-0.023663939908146858,-0.017480194568634033,0.07986968755722046,-0.012095289304852486,-0.05389450490474701,0.07033021003007889,-0.05562368407845497,0.017198510468006134,-0.10442827641963959,-0.011231569573283195,0.04535851627588272,-0.09429487586021423,0.0036925815511494875,-0.0026800218038260937,0.0329849049448967,0.1056874543428421,0.12723545730113983,-0.08753399550914764,-0.25181034207344055,0.003319044364616275,-0.003726251656189561,0.21060195565223694,-0.21457715332508087,0.09898240864276886,0.0867530032992363]","[-0.8284225463867188,-0.19618919491767883,0.02660296857357025,0.18080414831638336,0.30007705092430115,0.03835867717862129,0.030764035880565643,-0.08033004403114319,-0.0658157467842102,0.16364552080631256,0.46949315071105957,-0.0033069029450416565,0.21206143498420715,-0.2926761209964752,-0.4901072382926941,0.3653638958930969,0.07576519250869751,-0.5007316470146179,-2.554325580596924,2.8802788257598877,0.8337084054946899,1.456331729888916,-0.7243561744689941,-0.0935940369963646,0.32245638966560364,-2.1136035919189453,-3.8220438957214355,0.8531409502029419,-2.594381332397461]",0.01683242805302143,0.02915007248520851,0.013007905334234238,0.0498025082051754,0.09913667291402817,4.956833645701408,0,0,0,0.49844732880592346,0.4974415600299835,0.997909426689148,0.9796760082244873,0.9968981146812439,0.9922124147415161,-0.005751363467425108,-0.0,-0.0
28,0.56,28,"[-0.2728081941604614,-0.004151277244091034,0.006719714961946011,0.2998408377170563,-0.006399195641279221,-0.0026407986879348755,-0.28109392523765564,0.014452158473432064,-0.010782250203192234,0.30460304021835327,0.04287392646074295,-0.011387812905013561,0.003524796338751912,-0.01964750327169895,-0.3163703382015228,0.6008335947990417,0.14041121304035187,-0.18924330174922943,-0.6940339803695679,1.3150917291641235,0.11880195885896683,1.3578242063522339,0.5961243510246277,-0.10496097058057785,0.08633884787559509,-0.6974660158157349,-1.6274006366729736,0.10820569097995758,-1.3184508085250854]","[-0.29552993178367615,-0.02553064376115799,-0.004152214620262384,0.3907617926597595,-0.04574873670935631,0.01713116466999054,-0.2663685083389282,-0.02860953100025654,-0.0322720967233181,0.33493340015411377,0.02219860628247261,-0.0031794332899153233,-0.04024326428771019,-0.04625687748193741,-0.31223592162132263,0.5671659111976624,0.1276164948940277,-0.1365046501159668,-0.6578866243362427,1.2402209043502808,0.05607154220342636,1.332772970199585,0.5382619500160217,-0.10355419665575027,0.13131961226463318,-0.622444748878479,-1.5385417938232422,0.1278010755777359,-1.3133653402328491]","[-0.004163384437561035,-0.027623901143670082,0.006170710548758507,0.28166770935058594,-0.051005639135837555,0.022161776199936867,-0.03911927342414856,-0.015744706615805626,0.005404092371463776,0.29540956020355225,-0.019236188381910324,0.0064969295635819435,-0.001633819192647934,0.028152065351605415,0.06573349237442017,-0.670991837978363,0.04482977092266083,0.06053820252418518,0.4072219133377075,-0.18561482429504395,0.03988463431596756,-0.30135512351989746,-0.7124677300453186,-0.030993111431598663,-0.0826168805360794,0.4380151629447937,-0.016564130783081055,-0.003493949770927429,0.37747323513031006]","[0.02062085084617138,-0.027200235053896904,-0.013036561198532581,0.14542260766029358,-0.017351532354950905,-0.024316487833857536,0.04505772516131401,-0.021430183202028275,-0.0546085387468338,0.125071719288826,-0.07874414324760437,0.023875270038843155,-0.08121106028556824,-0.02614365704357624,0.037047818303108215,-0.1664474606513977,0.0050533367320895195,0.002005669055506587,0.06628432124853134,0.08110414445400238,0.09263747930526733,-0.13878312706947327,-0.2862566411495209,0.000400415388867259,-0.00826356466859579,0.23145213723182678,-0.21318836510181427,0.1351848840713501,0.11466529965400696]","[-0.8365949988365173,-0.2009103000164032,0.0265159010887146,0.20676089823246002,0.3094107508659363,0.03232850506901741,0.046461693942546844,-0.0901239812374115,-0.06435932219028473,0.18898718059062958,0.4671300947666168,0.0014579370617866516,0.23810288310050964,-0.2925461530685425,-0.5004754662513733,0.36550259590148926,0.07149967551231384,-0.4855380058288574,-2.5082921981811523,2.8633739948272705,0.8427448272705078,1.4476289749145508,-0.7527838349342346,-0.10182685405015945,0.32574960589408875,-2.059889316558838,-3.832232713699341,0.860957682132721,-2.5626330375671387]",0.015675172209739685,0.029267705976963043,0.012789246626198292,0.04720032587647438,0.09921447932720184,4.960723966360092,0,0,0,0.4986587464809418,0.49742478132247925,0.9980208873748779,0.982051432132721,0.9975680112838745,0.992221474647522,-0.005221543833613396,-0.0,-0.0
29,0.58,29,"[-0.27251285314559937,-0.004635428078472614,0.006773046217858791,0.3058834969997406,-0.00760510703548789,-0.0023551136255264282,-0.28152328729629517,0.014048761688172817,-0.010615711100399494,0.3111439049243927,0.04222138598561287,-0.011163094080984592,0.003519045654684305,-0.019180692732334137,-0.31559500098228455,0.5870090126991272,0.14132927358150482,-0.18796797096729279,-0.6851679682731628,1.3113046884536743,0.1196678876876831,1.35172438621521,0.5815204381942749,-0.10559972375631332,0.08471393585205078,-0.6879847645759583,-1.6277772188186646,0.10812502354383469,-1.3106679916381836]","[-0.2952210605144501,-0.02622533217072487,-0.004417896270751953,0.3945005536079407,-0.04600468650460243,0.016564659774303436,-0.2655479907989502,-0.029134612530469894,-0.03350222483277321,0.33821189403533936,0.02025253139436245,-0.002277043415233493,-0.04125194996595383,-0.046838607639074326,-0.31114479899406433,0.562203049659729,0.12771224975585938,-0.13640698790550232,-0.6554993987083435,1.2415107488632202,0.05731138586997986,1.3293852806091309,0.5320169925689697,-0.10357887297868729,0.13074740767478943,-0.617561399936676,-1.5427883863449097,0.13087333738803864,-1.3106985092163086]","[0.02888888120651245,-0.02278805524110794,-4.032626748085022e-05,0.3057219088077545,-0.06387825310230255,0.00703147379681468,-0.006475299596786499,-0.022340077906847,0.010497192852199078,0.33759698271751404,-0.03997981548309326,0.01251385547220707,-0.0008422124665230513,0.022181030362844467,0.003084540367126465,-0.6943598389625549,0.04309043288230896,0.061915069818496704,0.4767969250679016,-0.19011199474334717,0.04681553691625595,-0.31491518020629883,-0.730527937412262,-0.035065412521362305,-0.07911417633295059,0.5062878131866455,-0.020495057106018066,-0.004689767956733704,0.4003793001174927]","[0.014502814039587975,-0.0374959297478199,-0.013749232515692711,0.20304183661937714,-0.010885448195040226,-0.02966301143169403,0.04020193964242935,-0.027491219341754913,-0.06513102352619171,0.17927536368370056,-0.10559165477752686,0.0454866886138916,-0.03667809069156647,-0.03061802126467228,0.05318168178200722,-0.28426894545555115,0.004773731809109449,0.005105930380523205,0.1469464898109436,0.05721043795347214,0.04802749678492546,-0.18740913271903992,-0.3218958079814911,-0.0014031962491571903,-0.04037659242749214,0.25361368060112,-0.21028615534305573,0.15765102207660675,0.14559456706047058]","[-0.8522440791130066,-0.2056470513343811,0.028417229652404785,0.22798092663288116,0.3124520480632782,0.026888851076364517,0.05863060802221298,-0.09922969341278076,-0.06175564229488373,0.20995213091373444,0.46140721440315247,0.006038986146450043,0.26052793860435486,-0.2824361324310303,-0.494812548160553,0.3577156066894531,0.06514522433280945,-0.4729193449020386,-2.451242446899414,2.8480470180511475,0.8567057847976685,1.4633100032806396,-0.7829135060310364,-0.1046433225274086,0.32451578974723816,-1.9992908239364624,-3.840198516845703,0.8694815635681152,-2.555340528488159]",0.014655781909823418,0.028458401560783386,0.012517092749476433,0.04475937411189079,0.09927286952733994,4.963643476366997,0,0,0,0.4988350570201874,0.4975549876689911,0.9981357455253601,0.9841027855873108,0.9979380965232849,0.9926256537437439,-0.005548820365220308,-0.0,-0.0
30,0.6,30,"[-0.2716526389122009,-0.0050627994351089,0.006718101911246777,0.31206971406936646,-0.008954325690865517,-0.0023595397360622883,-0.2813529372215271,0.013558555394411087,-0.010362362489104271,0.31810691952705383,0.04127473384141922,-0.010887258686125278,0.00349110784009099,-0.018760262057185173,-0.31624695658683777,0.5730592012405396,0.14213483035564423,-0.18676669895648956,-0.6749621033668518,1.3074872493743896,0.12067458033561707,1.345227599143982,0.5669032335281372,-0.10636358708143234,0.08317428082227707,-0.677214503288269,-1.6282204389572144,0.10801810026168823,-1.3024356365203857]","[-0.29506540298461914,-0.027117140591144562,-0.004694688133895397,0.39871230721473694,-0.047404881566762924,0.01564975455403328,-0.26439860463142395,-0.029627222567796707,-0.035241689532995224,0.3424540162086487,0.017824308946728706,-0.0010769503423944116,-0.04174310714006424,-0.04707850515842438,-0.30930694937705994,0.554678738117218,0.12779730558395386,-0.1363440304994583,-0.6513261198997498,1.242347240447998,0.057950105518102646,1.325152039527893,0.5245853662490845,-0.10361660271883011,0.12928001582622528,-0.612062394618988,-1.5469310283660889,0.13400496542453766,-1.3072187900543213]","[0.05558580160140991,-0.022665703669190407,-0.0028410926461219788,0.3025047481060028,-0.061186533421278,-0.0058446661569178104,0.02197176218032837,-0.029126252979040146,0.01214712392538786,0.346306711435318,-0.04500364884734154,0.01603688672184944,-0.0023697561118751764,0.01785089261829853,-0.0528872013092041,-0.7184699177742004,0.034624338150024414,0.06708316504955292,0.5619630217552185,-0.19599497318267822,0.041393935680389404,-0.3249645233154297,-0.7512688636779785,-0.03911759704351425,-0.07863007485866547,0.5888223648071289,-0.018894672393798828,-0.005268864333629608,0.40532052516937256]","[0.01939176395535469,-0.04303392395377159,-0.013115889392793179,0.2714056968688965,-0.03756215050816536,-0.04051322862505913,0.059422750025987625,-0.025048168376088142,-0.08643487095832825,0.22319594025611877,-0.12698842585086823,0.05683062598109245,-0.017644722014665604,-0.012797189876437187,0.08080831915140152,-0.4011034071445465,0.005021958611905575,0.00521094910800457,0.23632119596004486,0.03489299863576889,0.02706182934343815,-0.22723890841007233,-0.3884701132774353,-0.0008414289331994951,-0.08050522208213806,0.2956485450267792,-0.20532777905464172,0.15185673534870148,0.1901801973581314]","[-0.8727692365646362,-0.2079058587551117,0.029573187232017517,0.24224485456943512,0.3100488781929016,0.023423675447702408,0.06455636769533157,-0.10756555199623108,-0.05947597324848175,0.22591952979564667,0.4548351466655731,0.009105153381824493,0.27796828746795654,-0.26826679706573486,-0.47463124990463257,0.352261483669281,0.057527538388967514,-0.46709388494491577,-2.383578300476074,2.833137273788452,0.8749651908874512,1.4906270503997803,-0.8155952095985413,-0.10266593843698502,0.3200123906135559,-1.9294174909591675,-3.8415298461914062,0.8785672187805176,-2.5723414421081543]",0.0138980308547616,0.026648366823792458,0.012226331979036331,0.042617134749889374,0.09930038452148438,4.965019226074219,0,0,0,0.49896132946014404,0.497848778963089,0.9982478618621826,0.9857500195503235,0.9980814456939697,0.9932940006256104,-0.007164265029132366,-0.0,-0.0
31,0.62,31,"[-0.27028942108154297,-0.005542056169360876,0.006659402512013912,0.3179836869239807,-0.010052568279206753,-0.0025889002718031406,-0.28064441680908203,0.012883711606264114,-0.01012982614338398,0.3249961733818054,0.04042124003171921,-0.010521618649363518,0.003424255410209298,-0.018466657027602196,-0.3177104890346527,0.5582702159881592,0.1427142471075058,-0.18528464436531067,-0.6626894474029541,1.3034648895263672,0.12132364511489868,1.3387258052825928,0.5514696836471558,-0.1071644276380539,0.08156873285770416,-0.6644318699836731,-1.6285330057144165,0.1079142689704895,-1.2944551706314087]","[-0.29436495900154114,-0.027994194999337196,-0.004991078283637762,0.4047794044017792,-0.04780981317162514,0.014923721551895142,-0.26296496391296387,-0.03017105534672737,-0.03695034980773926,0.34722766280174255,0.015161911025643349,5.782322841696441e-05,-0.04201272502541542,-0.047263361513614655,-0.3079538345336914,0.5458400249481201,0.12790678441524506,-0.13614718616008759,-0.6454651355743408,1.2427470684051514,0.05843069776892662,1.3203436136245728,0.5159338712692261,-0.10363488644361496,0.12740102410316467,-0.6051334142684937,-1.5509295463562012,0.13665351271629333,-1.3029210567474365]","[0.0740937888622284,-0.024524960666894913,-0.0020022387616336346,0.27939751744270325,-0.04289371520280838,-0.014185079373419285,0.04300922155380249,-0.03666728734970093,0.011254847049713135,0.3311820328235626,-0.03240508958697319,0.016703316941857338,-0.004989991430193186,0.015199091285467148,-0.0974997878074646,-0.7520973682403564,0.02187676727771759,0.07123388350009918,0.658831000328064,-0.20132362842559814,0.03054589033126831,-0.3312408924102783,-0.7806062698364258,-0.04291534423828125,-0.0815410166978836,0.6819948554039001,-0.012794137001037598,-0.0044209882616996765,0.3988325595855713]","[0.043668750673532486,-0.04446512088179588,-0.01574993133544922,0.30435746908187866,-0.014368579722940922,-0.03437274694442749,0.07752514630556107,-0.028419500216841698,-0.08373002707958221,0.24116073548793793,-0.13318099081516266,0.051678113639354706,-0.012229439802467823,-0.009066491387784481,0.04778740182518959,-0.4553503096103668,0.005473867990076542,0.011923570185899734,0.3219487965106964,0.013313633389770985,0.023601237684488297,-0.2515931725502014,-0.4494340121746063,-0.0008278333116322756,-0.09767527878284454,0.3753106892108917,-0.1974303275346756,0.12168797105550766,0.2300887405872345]","[-0.8954789638519287,-0.20670917630195618,0.02767057716846466,0.2502465844154358,0.3048895597457886,0.022694233804941177,0.0639866515994072,-0.11423811316490173,-0.05857463181018829,0.23671899735927582,0.4497833549976349,0.010382689535617828,0.2916058897972107,-0.2555568814277649,-0.44427919387817383,0.35443657636642456,0.05113553628325462,-0.4682334065437317,-2.3030002117156982,2.8153393268585205,0.896346926689148,1.5077595710754395,-0.8483050465583801,-0.09718994051218033,0.3140709102153778,-1.8482731580734253,-3.8350672721862793,0.8866391181945801,-2.611548662185669]",0.013119414448738098,0.025150395929813385,0.011879227124154568,0.04084949940443039,0.09930875897407532,4.965437948703766,0,0,0,0.49907928705215454,0.4980989396572113,0.9983611106872559,0.987002432346344,0.9981637001037598,0.9942532777786255,-0.009520556777715683,-0.0,-0.0
32,0.64,32,"[-0.2686888873577118,-0.006043797824531794,0.006638012360781431,0.3232456147670746,-0.010670074261724949,-0.002926942892372608,-0.279632568359375,0.01209186390042305,-0.009912168607115746,0.33135420083999634,0.03997853025794029,-0.010219126008450985,0.0032915081828832626,-0.018152298405766487,-0.32014694809913635,0.5429753065109253,0.14300990104675293,-0.1839173436164856,-0.6486088633537292,1.2994343042373657,0.1218964159488678,1.3319779634475708,0.5356789827346802,-0.10808020085096359,0.07991264015436172,-0.649934709072113,-1.6287322044372559,0.10784126073122025,-1.286482334136963]","[-0.29312554001808167,-0.028866209089756012,-0.005389833357185125,0.4107585847377777,-0.04808786138892174,0.014298559166491032,-0.261109858751297,-0.030756477266550064,-0.03862210363149643,0.3521735668182373,0.01253656018525362,0.0009073909604921937,-0.04223344475030899,-0.04736296832561493,-0.30736735463142395,0.5360627770423889,0.12803393602371216,-0.13582052290439606,-0.6378674507141113,1.242732286453247,0.05888940393924713,1.31510591506958,0.5061266422271729,-0.10365522652864456,0.1252336949110031,-0.5965121388435364,-1.554728627204895,0.13864199817180634,-1.2979024648666382]","[0.08168444037437439,-0.026427512988448143,-0.00044407788664102554,0.24699270725250244,-0.024833181872963905,-0.014368235133588314,0.048882514238357544,-0.04237408563494682,0.007393909618258476,0.3082066774368286,-0.014227069914340973,0.013792631216347218,-0.0043677110224962234,0.015640445053577423,-0.13124868273735046,-0.7881402969360352,0.005416199564933777,0.07286258041858673,0.7490724325180054,-0.20318329334259033,0.021255947649478912,-0.33891797065734863,-0.80537348985672,-0.04320479929447174,-0.08467976003885269,0.7619500160217285,-0.004377961158752441,-0.00164862722158432,0.3968656063079834]","[0.075056292116642,-0.04333798587322235,-0.021686887368559837,0.2893390655517578,-0.013814601115882397,-0.02981143444776535,0.10283243656158447,-0.03004910983145237,-0.08207079023122787,0.24676701426506042,-0.12803709506988525,0.03758935630321503,-0.010524786077439785,-0.004696457181125879,0.015411957167088985,-0.5020915269851685,0.00653079291805625,0.019078172743320465,0.4089537262916565,-0.006982816848903894,0.02301670052111149,-0.270893931388855,-0.50760817527771,-0.0010396968573331833,-0.11065348982810974,0.46086379885673523,-0.18683744966983795,0.08913126587867737,0.26318031549453735]","[-0.9205259680747986,-0.20312118530273438,0.02389480173587799,0.25480639934539795,0.29823991656303406,0.024443674832582474,0.0586680993437767,-0.11902746558189392,-0.05903084576129913,0.24474968016147614,0.44602012634277344,0.01024753600358963,0.301439106464386,-0.24768245220184326,-0.40975794196128845,0.3638858199119568,0.048700299113988876,-0.47469115257263184,-2.21596622467041,2.797431230545044,0.9164190292358398,1.5052688121795654,-0.8780862092971802,-0.08672349900007248,0.30999648571014404,-1.7641792297363281,-3.8228001594543457,0.8947386741638184,-2.6612565517425537]",0.012341448105871677,0.024226034060120583,0.011541617102921009,0.03945332020521164,0.09933117777109146,4.966558888554573,0,0,0,0.49919021129608154,0.4982380270957947,0.9984588027000427,0.9878976345062256,0.9981844425201416,0.9952980875968933,-0.010708257555961609,-0.0,-0.0
33,0.66,33,"[-0.267022043466568,-0.006599156651645899,0.006641639396548271,0.3278633952140808,-0.011045895516872406,-0.003163629677146673,-0.27868911623954773,0.01118874829262495,-0.00983406975865364,0.33732444047927856,0.03985215723514557,-0.009969913400709629,0.003249546978622675,-0.0178410392254591,-0.32296043634414673,0.5267446041107178,0.14293089509010315,-0.1823701411485672,-0.6327265501022339,1.2953375577926636,0.12217388302087784,1.3251690864562988,0.519254744052887,-0.10889261960983276,0.07818154245615005,-0.633953869342804,-1.6287081241607666,0.10784832388162613,-1.2785805463790894]","[-0.2918020188808441,-0.02978316880762577,-0.005866723600775003,0.4155367612838745,-0.04973002150654793,0.013748456723988056,-0.258918821811676,-0.03131839632987976,-0.040449440479278564,0.35741591453552246,0.009976085275411606,0.0015520715387538075,-0.04247738793492317,-0.047370005398988724,-0.30714845657348633,0.5250181555747986,0.12817849218845367,-0.13545289635658264,-0.6286761164665222,1.242400884628296,0.05927427485585213,1.309313178062439,0.4951983094215393,-0.10367437452077866,0.12271872907876968,-0.586409866809845,-1.5582735538482666,0.1402444839477539,-1.292307734489441]","[0.08110478520393372,-0.027167052030563354,0.0012887758202850819,0.21205618977546692,-0.012641632929444313,-0.010423718020319939,0.04374608397483826,-0.047357894480228424,0.00016118865460157394,0.28315410017967224,0.004701036959886551,0.009895325638353825,-0.0018105667550116777,0.017519667744636536,-0.15147104859352112,-0.827518105506897,-0.013339146971702576,0.07504448294639587,0.8295148611068726,-0.20209550857543945,0.013604387640953064,-0.3413200378417969,-0.8321687579154968,-0.04005171358585358,-0.08815303444862366,0.8295729756355286,0.0055849552154541016,0.002514757215976715,0.39466917514801025]","[0.08121813088655472,-0.043648526072502136,-0.02307192236185074,0.2760332226753235,-0.0734713077545166,-0.025608235970139503,0.1156773641705513,-0.027483375743031502,-0.09075387567281723,0.2667912244796753,-0.12614263594150543,0.02963729202747345,-0.009276391938328743,-0.003220600076019764,0.0033378361258655787,-0.5721789598464966,0.008521598763763905,0.018545523285865784,0.4842720925807953,-0.020171180367469788,0.01818166859447956,-0.30193719267845154,-0.5614579916000366,-0.00011352542787790298,-0.12887175381183624,0.5303504467010498,-0.17286033928394318,0.07806050032377243,0.2881973683834076]","[-0.949344277381897,-0.1975151002407074,0.019611865282058716,0.2593523859977722,0.29107576608657837,0.028413262218236923,0.04794345051050186,-0.12354758381843567,-0.060946449637413025,0.2529500424861908,0.4427306354045868,0.009041957557201385,0.3080417513847351,-0.24387121200561523,-0.3727971613407135,0.3787742257118225,0.0507391057908535,-0.4849441647529602,-2.1240437030792236,2.7816712856292725,0.9346832036972046,1.485971450805664,-0.9072755575180054,-0.07088471204042435,0.3091031014919281,-1.6785552501678467,-3.809062957763672,0.9055874943733215,-2.7165277004241943]",0.011543873697519302,0.02387673780322075,0.011196292005479336,0.038275040686130524,0.09933342784643173,4.966671392321587,0,0,0,0.4992978274822235,0.49827295541763306,0.9985501170158386,0.9885941743850708,0.9979564547538757,0.9960712194442749,-0.012071184813976288,-0.0,-0.0
34,0.68,34,"[-0.26544469594955444,-0.007130479905754328,0.0066895633935928345,0.33172786235809326,-0.011175739578902721,-0.0033438915852457285,-0.27788272500038147,0.010197548195719719,-0.009905721060931683,0.3426803648471832,0.040166571736335754,-0.009823312982916832,0.0032190855126827955,-0.017451511695981026,-0.3262057900428772,0.5098745822906494,0.14247633516788483,-0.18091556429862976,-0.6154282689094543,1.2913504838943481,0.12244059145450592,1.318325161933899,0.5023922324180603,-0.10968226939439774,0.07638651877641678,-0.6167517900466919,-1.6285088062286377,0.10794185101985931,-1.2706955671310425]","[-0.2897021472454071,-0.030603650957345963,-0.00631924020126462,0.4220999479293823,-0.050670329481363297,0.013325137086212635,-0.25638338923454285,-0.03189459070563316,-0.042116377502679825,0.3630501627922058,0.007482730783522129,0.002077322220429778,-0.04264665022492409,-0.04743924364447594,-0.30719074606895447,0.5131200551986694,0.12838022410869598,-0.13490530848503113,-0.6180673837661743,1.2417805194854736,0.05962306261062622,1.3032937049865723,0.48314204812049866,-0.10366077721118927,0.12010813504457474,-0.574741542339325,-1.5615917444229126,0.1415458470582962,-1.2863103151321411]","[0.07841065526008606,-0.023787446320056915,0.0008635572157800198,0.1803569495677948,-0.005141552537679672,-0.011407001875340939,0.03508180379867554,-0.052125707268714905,-0.007747765630483627,0.2653099596500397,0.023735221475362778,0.008025788702070713,-0.0037485675420612097,0.019201310351490974,-0.15561506152153015,-0.8645110130310059,-0.027055293321609497,0.07586628198623657,0.8902326226234436,-0.20038485527038574,0.010712817311286926,-0.34217536449432373,-0.8624136447906494,-0.03522932529449463,-0.09066052734851837,0.8854135870933533,0.013977289199829102,0.009624473750591278,0.39284825325012207]","[0.1215413436293602,-0.040411949157714844,-0.02295643836259842,0.3347979784011841,-0.03810003027319908,-0.01932189054787159,0.1383560448884964,-0.02975577674806118,-0.07905703783035278,0.2838193476200104,-0.1213606745004654,0.024713916704058647,-0.008634636178612709,-0.003171775722876191,-0.005968036595731974,-0.6006081700325012,0.01018002349883318,0.03202268108725548,0.5531365275382996,-0.03622087091207504,0.017692551016807556,-0.3014080822467804,-0.6194615364074707,0.0006093610427342355,-0.12911738455295563,0.6102643609046936,-0.16345486044883728,0.057711705565452576,0.3066751956939697]","[-0.9817931056022644,-0.1893775761127472,0.016921430826187134,0.2671298384666443,0.2841014862060547,0.033037517219781876,0.034084759652614594,-0.12828338146209717,-0.0634511262178421,0.2649562954902649,0.4388945400714874,0.007928408682346344,0.3131844997406006,-0.2357633113861084,-0.33119529485702515,0.3933919668197632,0.05410226806998253,-0.4983494281768799,-2.0226523876190186,2.7662155628204346,0.9562602043151855,1.4597057104110718,-0.9406818747520447,-0.05040767043828964,0.3075295686721802,-1.5872268676757812,-3.7958714962005615,0.9171930551528931,-2.77677583694458]",0.010759459808468819,0.02414955198764801,0.010914714075624943,0.037679918110370636,0.09930546581745148,4.965273290872574,0,0,0,0.49939537048339844,0.4982184171676636,0.9986116290092468,0.988989531993866,0.9981890320777893,0.9965474605560303,-0.014678536914288998,-0.0,-0.0
35,0.7000000000000001,35,"[-0.26388561725616455,-0.0075506544671952724,0.006676181685179472,0.3350776731967926,-0.011251557618379593,-0.0036199097521603107,-0.2772858440876007,0.00910372007638216,-0.010143980383872986,0.34793683886528015,0.04080156609416008,-0.0096488818526268,0.0030996042769402266,-0.01707298681139946,-0.32918503880500793,0.49216416478157043,0.14184868335723877,-0.17933548986911774,-0.5971172451972961,1.2873221635818481,0.12260239571332932,1.3114820718765259,0.484758198261261,-0.11030179262161255,0.07455512136220932,-0.5985373258590698,-1.6281490325927734,0.10823330283164978,-1.2628666162490845]","[-0.28727367520332336,-0.031265269964933395,-0.006846886593848467,0.429142028093338,-0.05170610174536705,0.013015243224799633,-0.253629595041275,-0.03243960812687874,-0.043596286326646805,0.36919036507606506,0.0050303274765610695,0.0025239053647965193,-0.042832665145397186,-0.04747627303004265,-0.30729252099990845,0.5005026459693909,0.12860989570617676,-0.13413406908512115,-0.606239378452301,1.2408705949783325,0.05995701998472214,1.2971904277801514,0.46997150778770447,-0.1036192998290062,0.11746272444725037,-0.5616744160652161,-1.5647462606430054,0.1425512284040451,-1.2799991369247437]","[0.07445216178894043,-0.01838248036801815,-0.0027368194423615932,0.1571744680404663,-0.003047916106879711,-0.014552701264619827,0.025398284196853638,-0.055327873677015305,-0.01409177202731371,0.257275253534317,0.039162393659353256,0.008259317837655544,-0.00891673844307661,0.019825762137770653,-0.14793872833251953,-0.8981391787528992,-0.03598332405090332,0.0771649181842804,0.9334295988082886,-0.19870102405548096,0.010648742318153381,-0.3385871648788452,-0.8940317034721375,-0.02831239253282547,-0.09336862713098526,0.9307727217674255,0.021722912788391113,0.018010102212429047,0.38676559925079346]","[0.12725268304347992,-0.030682068318128586,-0.027583526447415352,0.3521393835544586,-0.05589029937982559,-0.014038117602467537,0.14219902455806732,-0.02633281797170639,-0.07096005976200104,0.3137642443180084,-0.12102220207452774,0.02121182531118393,-0.009422953240573406,-0.0014263365883380175,-0.00747543852776289,-0.6406413912773132,0.011646940372884274,0.041107989847660065,0.6098363995552063,-0.04941021278500557,0.016630223020911217,-0.30866649746894836,-0.6721269488334656,0.0022632235195487738,-0.1322474479675293,0.6742174029350281,-0.15537351369857788,0.04675930365920067,0.32049110531806946]","[-1.0209901332855225,-0.17977559566497803,0.01596333086490631,0.2804899215698242,0.27573689818382263,0.036613721400499344,0.023415379226207733,-0.13261500000953674,-0.06644351780414581,0.27965572476387024,0.43376624584198,0.0073465630412101746,0.3188576400279999,-0.22486603260040283,-0.2865665555000305,0.4007619619369507,0.0565238855779171,-0.5123311877250671,-1.917728304862976,2.7512905597686768,0.9830355644226074,1.4349801540374756,-0.9803106784820557,-0.025675900280475616,0.30595672130584717,-1.4961574077606201,-3.7848055362701416,0.9286466836929321,-2.8377795219421387]",0.009945102035999298,0.024792909622192383,0.010670462623238564,0.03752513602375984,0.09929264336824417,4.964632168412209,0,0,0,0.4994892477989197,0.4981050193309784,0.9986504912376404,0.9891778230667114,0.9981627464294434,0.9968897104263306,-0.015843383967876434,-0.0,-0.0
36,0.72,36,"[-0.2624666094779968,-0.007865779101848602,0.006580090615898371,0.3380148410797119,-0.01129765622317791,-0.003925999626517296,-0.2768667936325073,0.007984433323144913,-0.010469391942024231,0.3529713749885559,0.041733067482709885,-0.00949294026941061,0.002862415974959731,-0.0166584812104702,-0.332123339176178,0.47394901514053345,0.1410370022058487,-0.17782896757125854,-0.5780910849571228,1.283402442932129,0.12286654114723206,1.3047816753387451,0.4666309654712677,-0.11081476509571075,0.07265177369117737,-0.5795208811759949,-1.627639889717102,0.10866225510835648,-1.2552249431610107]","[-0.28502437472343445,-0.03164094686508179,-0.007465579081326723,0.4367927312850952,-0.05335094779729843,0.012793811969459057,-0.2509811222553253,-0.03281870111823082,-0.04494108259677887,0.3760412335395813,0.0025765178725123405,0.0029025564435869455,-0.0430118553340435,-0.04747961089015007,-0.3073962330818176,0.4869193136692047,0.1288725733757019,-0.13326598703861237,-0.5933509469032288,1.2397644519805908,0.060248032212257385,1.2908474206924438,0.4558362066745758,-0.10353735834360123,0.11474399268627167,-0.5474398136138916,-1.5677382946014404,0.14358030259609222,-1.2734971046447754]","[0.06944611668586731,-0.013666030019521713,-0.009670819155871868,0.13481974601745605,-0.0004231231287121773,-0.014501333236694336,0.012423098087310791,-0.05458319932222366,-0.01789056695997715,0.25221705436706543,0.054845958948135376,0.008238758891820908,-0.010463333688676357,0.01776362769305706,-0.13828203082084656,-0.938752293586731,-0.040570273995399475,0.08105263113975525,0.9760841727256775,-0.19785165786743164,0.008559972047805786,-0.32463669776916504,-0.9313486814498901,-0.02077203243970871,-0.09931474924087524,0.9779095649719238,0.029140710830688477,0.02461206167936325,0.3678053617477417]","[0.1128816232085228,-0.0150389913469553,-0.031523413956165314,0.3898308277130127,-0.08934018015861511,-0.010055926628410816,0.1339370757341385,-0.01602371782064438,-0.06506405770778656,0.35087382793426514,-0.12111411988735199,0.01794854737818241,-0.008688670583069324,0.00028111616848036647,-0.007719492074102163,-0.6915377974510193,0.013410322368144989,0.043411917984485626,0.661431074142456,-0.05745440348982811,0.013954008929431438,-0.3221997320652008,-0.7170562744140625,0.0043258084915578365,-0.13691985607147217,0.7300571799278259,-0.14690041542053223,0.053127139806747437,0.3276669681072235]","[-1.0619175434112549,-0.17074739933013916,0.01558336615562439,0.2989445924758911,0.26873812079429626,0.03929229453206062,0.0155697762966156,-0.13696911931037903,-0.07049389183521271,0.2943595051765442,0.42855075001716614,0.0064803436398506165,0.32565999031066895,-0.21482247114181519,-0.2396218478679657,0.40474390983581543,0.057301875203847885,-0.5224122405052185,-1.810747742652893,2.7369229793548584,1.0169275999069214,1.4085410833358765,-1.0224723815917969,-0.00018484145402908325,0.307817280292511,-1.405356526374817,-3.774766206741333,0.9398118257522583,-2.895498037338257]",0.009178348816931248,0.025610439479351044,0.010459300130605698,0.03777478262782097,0.0992835983633995,4.964179918169975,0,0,0,0.4995707869529724,0.4979628026485443,0.9986721873283386,0.9891819357872009,0.9980099201202393,0.9971300363540649,-0.016347525641322136,-0.0,-0.0
37,0.74,37,"[-0.26110777258872986,-0.00809729564934969,0.006289348937571049,0.34047046303749084,-0.01126848254352808,-0.004199963063001633,-0.2767889201641083,0.006920392159372568,-0.010859603062272072,0.35802552103996277,0.042995404452085495,-0.009319331496953964,0.002681070938706398,-0.016362441703677177,-0.3347163200378418,0.4546140730381012,0.1402258723974228,-0.17609338462352753,-0.558073878288269,1.2794080972671509,0.12294479459524155,1.2984966039657593,0.4475042521953583,-0.1111326739192009,0.07058253139257431,-0.5594209432601929,-1.626983404159546,0.10921778529882431,-1.2481544017791748]","[-0.28311824798583984,-0.03177855536341667,-0.008141976781189442,0.44538068771362305,-0.05544590577483177,0.012634689919650555,-0.24846020340919495,-0.032999634742736816,-0.04629945755004883,0.3835880756378174,0.00013147556455805898,0.0032136428635567427,-0.043166063725948334,-0.04738522693514824,-0.3074936866760254,0.47227129340171814,0.12916088104248047,-0.13242511451244354,-0.5793663263320923,1.2385125160217285,0.06046566367149353,1.2842679023742676,0.44087329506874084,-0.10342937707901001,0.11190323531627655,-0.5321460962295532,-1.570582628250122,0.14487603306770325,-1.2668681144714355]","[0.06319060921669006,-0.009613577276468277,-0.018352141603827477,0.11457875370979309,0.0025411369279026985,-0.01358815934509039,-0.002609938383102417,-0.05058342590928078,-0.021001044660806656,0.24895668029785156,0.06919205188751221,0.008533382788300514,-0.01013781875371933,0.013464502990245819,-0.12681782245635986,-0.983650267124176,-0.04111863672733307,0.0860750675201416,1.0165379047393799,-0.19762814044952393,0.005980394780635834,-0.307503342628479,-0.9719498753547668,-0.013406947255134583,-0.10681282728910446,1.0255411863327026,0.03657639026641846,0.030351802706718445,0.34275949001312256]","[0.09594370424747467,-0.004780256189405918,-0.033335860818624496,0.43891772627830505,-0.10586629062891006,-0.007331058848649263,0.12839742004871368,-0.0066487593576312065,-0.0667370930314064,0.3841489255428314,-0.12017761170864105,0.014512154273688793,-0.007166682276874781,0.004219614434987307,-0.007461439352482557,-0.7445141673088074,0.014619878493249416,0.040677912533283234,0.7166680097579956,-0.06398330628871918,0.00979457888752222,-0.33347466588020325,-0.7570073008537292,0.0054649063386023045,-0.14326773583889008,0.7835240364074707,-0.13959451019763947,0.06945372372865677,0.33230316638946533]","[-1.1019220352172852,-0.16240793466567993,0.014861688017845154,0.32095569372177124,0.26331230998039246,0.041209716349840164,0.010326214134693146,-0.14099407196044922,-0.07565997540950775,0.30866244435310364,0.4236446022987366,0.004914440214633942,0.33434227108955383,-0.2059020698070526,-0.18956142663955688,0.4066758155822754,0.05608099326491356,-0.5254936814308167,-1.7026727199554443,2.7219815254211426,1.0581015348434448,1.3805654048919678,-1.0665234327316284,0.02366790920495987,0.314005583524704,-1.3151483535766602,-3.7647905349731445,0.9498483538627625,-2.9470841884613037]",0.008366227149963379,0.02639658749103546,0.01026079524308443,0.03834952786564827,0.09927096962928772,4.963548481464386,0,0,0,0.4996490180492401,0.4978247880935669,0.998681902885437,0.988998532295227,0.99772709608078,0.9972136616706848,-0.01654662750661373,-0.0,-0.0
38,0.76,38,"[-0.2599389851093292,-0.008250322192907333,0.00584600493311882,0.34259799122810364,-0.011196010746061802,-0.004469526000320911,-0.2769711911678314,0.005961096379905939,-0.011309433728456497,0.36292964220046997,0.04450074955821037,-0.00915160495787859,0.002456903224810958,-0.016119901090860367,-0.3371960520744324,0.4346030056476593,0.13939225673675537,-0.17438596487045288,-0.5374295711517334,1.275497317314148,0.12310575693845749,1.292481541633606,0.4277529716491699,-0.11135104298591614,0.06837926059961319,-0.5384992361068726,-1.6261768341064453,0.10987632721662521,-1.2415145635604858]","[-0.277863085269928,-0.032552383840084076,-0.008373701013624668,0.4487471878528595,-0.05834629014134407,0.01246883999556303,-0.2452283799648285,-0.03395620733499527,-0.04696379974484444,0.3910996913909912,-0.0016850059619173408,0.003448442555963993,-0.04328475520014763,-0.047903820872306824,-0.3082517087459564,0.4591841995716095,0.12941740453243256,-0.13074855506420135,-0.564044177532196,1.2369385957717896,0.06067429855465889,1.2791295051574707,0.42486572265625,-0.10336543619632721,0.110146664083004,-0.5141792893409729,-1.5734299421310425,0.1458548754453659,-1.2607090473175049]","[0.05647242069244385,-0.005977530963718891,-0.028198212385177612,0.09398758411407471,0.008850009180605412,-0.013871340081095695,-0.014870613813400269,-0.045133091509342194,-0.02479676716029644,0.24254992604255676,0.07958021014928818,0.009118323214352131,-0.010797055438160896,0.00959509052336216,-0.11290609836578369,-1.0303430557250977,-0.039948150515556335,0.09007565677165985,1.0549604892730713,-0.19728541374206543,0.0051878392696380615,-0.29182732105255127,-1.0152369737625122,-0.0068848952651023865,-0.11509433388710022,1.0731801986694336,0.04378855228424072,0.03620851784944534,0.31646788120269775]","[0.33790427446365356,-0.04462355747818947,-0.007597345858812332,0.04392340034246445,-0.16767393052577972,-0.009018142707645893,0.163530170917511,-0.05551251024007797,-0.026326987892389297,0.38787463307380676,-0.06287731230258942,0.010374875739216805,-0.004431463312357664,-0.018505480140447617,-0.05912575125694275,-0.6049993634223938,0.01180236041545868,0.09310559928417206,0.795369029045105,-0.08813196420669556,0.011243763379752636,-0.21696379780769348,-0.8073593378067017,0.0020031447056680918,-0.07163389027118683,0.9492884278297424,-0.14531756937503815,0.03095676563680172,0.29806357622146606]","[-1.1413694620132446,-0.15424177050590515,0.01333993673324585,0.3454417586326599,0.2582751214504242,0.04243529960513115,0.008118011057376862,-0.14373254776000977,-0.08096064627170563,0.3225015699863434,0.41875526309013367,0.0026693716645240784,0.34564051032066345,-0.19717255234718323,-0.1361982226371765,0.40585941076278687,0.052426453679800034,-0.5207406282424927,-1.5952115058898926,2.705989360809326,1.105058193206787,1.3555032014846802,-1.1127434968948364,0.04544328898191452,0.3221356272697449,-1.2248305082321167,-3.7535181045532227,0.9570564031600952,-2.9917664527893066]",0.0074083637446165085,0.027792800217866898,0.010086235590279102,0.03894628956913948,0.09924910217523575,4.962455108761787,0,0,0,0.49972453713417053,0.49763065576553345,0.9986728429794312,0.9887669086456299,0.9973939657211304,0.9968893527984619,-0.016623344272375107,-0.0,-0.0
39,0.78,39,"[-0.2588488757610321,-0.008336396887898445,0.005161420442163944,0.34422996640205383,-0.010914482176303864,-0.004754816647619009,-0.2773837447166443,0.005115068517625332,-0.011851473711431026,0.36772751808166504,0.04617861285805702,-0.008954598568379879,0.002249188721179962,-0.01597863808274269,-0.33923256397247314,0.4134003520011902,0.13862794637680054,-0.17249035835266113,-0.5158754587173462,1.2715166807174683,0.12315230816602707,1.2868235111236572,0.4068947732448578,-0.11140806972980499,0.0659787580370903,-0.5164937376976013,-1.6252318620681763,0.11066612601280212,-1.235495686531067]","[-0.26975664496421814,-0.03327220678329468,-0.00834948942065239,0.44972485303878784,-0.060229867696762085,0.012276514433324337,-0.24155870079994202,-0.03498750552535057,-0.047511808574199677,0.39865297079086304,-0.0022476634476333857,0.003554532304406166,-0.04309023916721344,-0.04795684665441513,-0.3096054792404175,0.4476759433746338,0.12968091666698456,-0.12872827053070068,-0.5472536683082581,1.234836220741272,0.060816358774900436,1.2756959199905396,0.4083135724067688,-0.10331743210554123,0.10896578431129456,-0.49393391609191895,-1.576351523399353,0.14616228640079498,-1.255082130432129]","[0.047219544649124146,-0.0025357818230986595,-0.03756894916296005,0.07170364260673523,0.01675104722380638,-0.014356942847371101,-0.027383118867874146,-0.0391707643866539,-0.029295800253748894,0.23099184036254883,0.08640997111797333,0.009459815919399261,-0.01184706948697567,0.0058282166719436646,-0.09654685854911804,-1.078900694847107,-0.03756508231163025,0.09412616491317749,1.0912262201309204,-0.1972883939743042,0.005644746124744415,-0.27899742126464844,-1.060141682624817,-0.0012420117855072021,-0.12403838336467743,1.1191136837005615,0.05081892013549805,0.04197247326374054,0.2915024757385254]","[0.4197300672531128,-0.030430546030402184,0.004704030696302652,0.04567597433924675,-0.06478267908096313,-0.01015803124755621,0.18315981328487396,-0.048091500997543335,-0.029697684571146965,0.3695944845676422,-0.00864575244486332,0.0031478938180953264,0.01405215822160244,0.007136418018490076,-0.0848318561911583,-0.5525399446487427,0.012980620376765728,0.10022298246622086,0.8519164323806763,-0.11138534545898438,0.005625543650239706,-0.1562166064977646,-0.8275778293609619,0.0022210581228137016,-0.05461181327700615,1.0369288921356201,-0.14654865860939026,0.007248890120536089,0.27527520060539246]","[-1.199470043182373,-0.14284613728523254,0.014950782060623169,0.381811261177063,0.25541743636131287,0.04226043447852135,0.030081123113632202,-0.14417067170143127,-0.08054982125759125,0.33879122138023376,0.40836435556411743,-0.0014735087752342224,0.3625926673412323,-0.20109057426452637,-0.09367454051971436,0.3738621473312378,0.04642569646239281,-0.5058872103691101,-1.4940152168273926,2.691711187362671,1.1499890089035034,1.3435393571853638,-1.1667026281356812,0.0672752782702446,0.33090314269065857,-1.1570631265640259,-3.7388296127319336,0.9598139524459839,-3.0351436138153076]",0.006162647157907486,0.029612718150019646,0.009877036325633526,0.039656903594732285,0.09920700639486313,4.960350319743156,0,0,0,0.49980980157852173,0.49736112356185913,0.9986740350723267,0.9885521531105042,0.9968125224113464,0.9950767159461975,-0.01593632809817791,-0.0,-0.0
40,0.8,40,"[-0.25805020332336426,-0.00835175346583128,0.004343247041106224,0.34546613693237305,-0.010525968857109547,-0.0050438037142157555,-0.2780665159225464,0.004394265823066235,-0.01248126570135355,0.3721693158149719,0.047957148402929306,-0.00877321232110262,0.001983020454645157,-0.01588677242398262,-0.3410579264163971,0.391446977853775,0.13788965344429016,-0.17062091827392578,-0.4937805235385895,1.2676057815551758,0.12333154678344727,1.28132164478302,0.38534730672836304,-0.11140072345733643,0.06341772526502609,-0.4937346875667572,-1.6241440773010254,0.11155522614717484,-1.2298544645309448]","[-0.26141357421875,-0.033544350415468216,-0.008302807807922363,0.45099514722824097,-0.061218954622745514,0.012099456042051315,-0.23779110610485077,-0.03561021760106087,-0.04828200489282608,0.40621984004974365,-0.0018012365326285362,0.003501858562231064,-0.04253918677568436,-0.04736624285578728,-0.31088149547576904,0.43584609031677246,0.12992694973945618,-0.12711961567401886,-0.5292811989784241,1.2325053215026855,0.06077982112765312,1.2729026079177856,0.3917868435382843,-0.10328542441129684,0.10750667750835419,-0.4728497564792633,-1.5791805982589722,0.146503284573555,-1.2500137090682983]","[0.03496482968330383,-0.0006106216460466385,-0.045325037091970444,0.04442855715751648,0.026899995282292366,-0.01335084717720747,-0.03866702318191528,-0.03370731323957443,-0.03379401937127113,0.20789504051208496,0.08843643963336945,0.008122669532895088,-0.009843206964433193,0.003394298255443573,-0.08374303579330444,-1.129099726676941,-0.03528967499732971,0.0970650464296341,1.1324673891067505,-0.1973867416381836,0.007057376205921173,-0.26454031467437744,-1.1085138320922852,0.006177462637424469,-0.13429886102676392,1.1705331802368164,0.056037306785583496,0.048188306391239166,0.26384294033050537]","[0.4079888164997101,-0.00614563561975956,-0.00032311302493326366,0.07259038090705872,-0.046364735811948776,-0.007818047888576984,0.1803453117609024,-0.02227339893579483,-0.042243752628564835,0.3886696696281433,0.04066090285778046,-0.004925347398966551,0.032526448369026184,0.04320640116930008,-0.06599795818328857,-0.6039102077484131,0.01154597569257021,0.06353183090686798,0.918700635433197,-0.11687176674604416,-0.004704013001173735,-0.1349145919084549,-0.8119972348213196,0.0010481401113793254,-0.08646465092897415,1.0554540157318115,-0.13869573175907135,0.02105865254998207,0.2438591569662094]","[-1.2612736225128174,-0.13081905245780945,0.015612438321113586,0.41689276695251465,0.2508072555065155,0.042440567165613174,0.05701392889022827,-0.14423474669456482,-0.0786605030298233,0.35288694500923157,0.4005594849586487,-0.006101839244365692,0.3832574784755707,-0.2088192105293274,-0.051052629947662354,0.32724612951278687,0.038113292306661606,-0.4856637120246887,-1.3982734680175781,2.6804144382476807,1.1938656568527222,1.33706533908844,-1.2285982370376587,0.08724446594715118,0.3408895432949066,-1.0981913805007935,-3.727295398712158,0.9626994132995605,-3.0708844661712646]",0.004845974035561085,0.03147450089454651,0.009602852165699005,0.04045881703495979,0.09917622059583664,4.958811029791832,0,0,0,0.49988240003585815,0.4970354437828064,0.9987022876739502,0.9881587028503418,0.9958544969558716,0.9950065016746521,-0.015828333795070648,-0.0,-0.0
41,0.8200000000000001,41,"[-0.25745028257369995,-0.00836082175374031,0.003348418977111578,0.3460071086883545,-0.009838482365012169,-0.005288850516080856,-0.2789304256439209,0.0037667760625481606,-0.013203234411776066,0.37604331970214844,0.04971607029438019,-0.008629691787064075,0.001855460461229086,-0.015842866152524948,-0.3425822854042053,0.36823636293411255,0.13721635937690735,-0.16860775649547577,-0.47057676315307617,1.263621211051941,0.12343460321426392,1.2762418985366821,0.3625542223453522,-0.11116097122430801,0.06060680374503136,-0.46967241168022156,-1.622990369796753,0.11259365826845169,-1.2249419689178467]","[-0.25408345460891724,-0.03356184437870979,-0.008293180726468563,0.45359620451927185,-0.06314244121313095,0.011949332430958748,-0.2340874969959259,-0.03581046685576439,-0.049580808728933334,0.41374319791793823,-0.0006985916988924146,0.003300115466117859,-0.041574038565158844,-0.046041734516620636,-0.3114560544490814,0.42200741171836853,0.13014204800128937,-0.1264800727367401,-0.509804368019104,1.2300829887390137,0.060453854501247406,1.2702925205230713,0.3755928575992584,-0.10328548401594162,0.10502082109451294,-0.4520377218723297,-1.581860065460205,0.1474795639514923,-1.2454508543014526]","[0.01847594976425171,0.00042903702706098557,-0.05082211643457413,0.013591349124908447,0.03905082121491432,-0.011605525389313698,-0.051872432231903076,-0.029349414631724358,-0.037763502448797226,0.17574653029441833,0.0867190808057785,0.00584055669605732,-0.005596116650849581,0.0024067703634500504,-0.07159262895584106,-1.1818289756774902,-0.0338185578584671,0.10057799518108368,1.1779122352600098,-0.19797086715698242,0.009305961430072784,-0.24813711643218994,-1.1602438688278198,0.014078058302402496,-0.14553098380565643,1.2246906757354736,0.05932152271270752,0.054357387125492096,0.23055076599121094]","[0.34045079350471497,0.0021456151735037565,-0.0011601797305047512,0.1572514772415161,-0.11746244877576828,-0.006470756605267525,0.17798736691474915,-0.0052280486561357975,-0.07684853672981262,0.37562811374664307,0.061845529824495316,-0.011798609048128128,0.05175504460930824,0.0761323869228363,-0.016436783596873283,-0.7266913652420044,0.010400728322565556,0.01907750777900219,0.9939495325088501,-0.12281784415245056,-0.02507583424448967,-0.13178253173828125,-0.8035529851913452,-0.00019733051885850728,-0.14308926463127136,1.0297282934188843,-0.13134343922138214,0.06021266430616379,0.22237445414066315]","[-1.317851185798645,-0.11937897652387619,0.015026405453681946,0.44792383909225464,0.24610179662704468,0.04307444021105766,0.0786120817065239,-0.14639222621917725,-0.07810060679912567,0.3634961247444153,0.3959295153617859,-0.011403791606426239,0.40705981850624084,-0.21452796459197998,-0.00547298789024353,0.28028106689453125,0.028841909021139145,-0.4622923731803894,-1.304563045501709,2.6683509349823,1.2372050285339355,1.3291308879852295,-1.2985728979110718,0.10384774208068848,0.352150022983551,-1.034503698348999,-3.7166342735290527,0.9673851132392883,-3.105046272277832]",0.0035992851480841637,0.0325910709798336,0.009414907544851303,0.041362252086400986,0.0991632342338562,4.95816171169281,0,0,0,0.49993231892585754,0.4967947006225586,0.998724639415741,0.987587034702301,0.9953853487968445,0.9957334995269775,-0.01599595695734024,-0.0,-0.0
42,0.84,42,"[-0.2573111653327942,-0.00833459198474884,0.002310362411662936,0.3460097908973694,-0.008963936008512974,-0.005508024711161852,-0.2801414132118225,0.003220289247110486,-0.013991805724799633,0.37919917702674866,0.051425911486148834,-0.008539590053260326,0.0017591757932677865,-0.015790501609444618,-0.34392163157463074,0.3441738188266754,0.13653691112995148,-0.16659779846668243,-0.446664035320282,1.2596869468688965,0.12370378524065018,1.2713961601257324,0.33893755078315735,-0.11083760112524033,0.05759648606181145,-0.44474706053733826,-1.621771216392517,0.11372952163219452,-1.2206324338912964]","[-0.2485625296831131,-0.03333573415875435,-0.008381025865674019,0.4579988420009613,-0.06648153066635132,0.011851318180561066,-0.23104406893253326,-0.03577737137675285,-0.052123554050922394,0.4213881492614746,0.0007709113415330648,0.0029855144675821066,-0.04037948697805405,-0.044074784964323044,-0.3114928603172302,0.40575554966926575,0.1303536742925644,-0.12623542547225952,-0.4886903464794159,1.2271758317947388,0.05893586203455925,1.267683744430542,0.35940825939178467,-0.10331025719642639,0.10143888741731644,-0.4315900504589081,-1.5843656063079834,0.149204283952713,-1.2412034273147583]","[-0.001738220453262329,0.002685259096324444,-0.0533769316971302,-0.016801804304122925,0.05680476501584053,-0.01171786617487669,-0.06448030471801758,-0.025811703875660896,-0.0394175760447979,0.13669058680534363,0.08420012891292572,0.004762015305459499,-0.0029056333005428314,0.004776241257786751,-0.06069988012313843,-1.2358896732330322,-0.03330893814563751,0.1061268150806427,1.232008695602417,-0.19929707050323486,0.010745413601398468,-0.2264469861984253,-1.2141145467758179,0.02397000789642334,-0.15945611894130707,1.2855403423309326,0.05951523780822754,0.0586535781621933,0.18039941787719727]","[0.24230845272541046,0.014990231022238731,-0.005768169648945332,0.24611356854438782,-0.1796349436044693,-0.00341780879534781,0.14109498262405396,0.0034968804102391005,-0.14409928023815155,0.3774586021900177,0.07545141875743866,-0.0171357449144125,0.061644311994314194,0.10322273522615433,0.0012656917097046971,-0.8452528715133667,0.0100920544937253,0.008434931747615337,1.0747935771942139,-0.15207834541797638,-0.09589328616857529,-0.13501310348510742,-0.810973048210144,-0.0014087219024077058,-0.19311977922916412,1.018205165863037,-0.12205374240875244,0.09701500087976456,0.20974206924438477]","[-1.3651041984558105,-0.10724238306283951,0.012371033430099487,0.47568419575691223,0.24199500679969788,0.04414820298552513,0.09117912501096725,-0.14807239174842834,-0.07918427884578705,0.36946889758110046,0.3945877254009247,-0.01725488156080246,0.4307006299495697,-0.21632757782936096,0.043845921754837036,0.23850245773792267,0.017284628003835678,-0.43924909830093384,-1.210089087486267,2.6504557132720947,1.2805631160736084,1.3201347589492798,-1.3732194900512695,0.11600727587938309,0.3613443970680237,-0.9578894376754761,-3.702557325363159,0.9731699824333191,-3.145397186279297]",0.0027266840916126966,0.03276095911860466,0.009422970935702324,0.04243915528059006,0.0991215854883194,4.95607927441597,0,0,0,0.4999527633190155,0.4967397451400757,0.9987229704856873,0.9868247509002686,0.9949238896369934,0.9956924319267273,-0.016777239739894867,-0.0,-0.0
43,0.86,43,"[-0.25751981139183044,-0.008253411389887333,0.0012133417185395956,0.3453350365161896,-0.007566291838884354,-0.005757565144449472,-0.2815096378326416,0.002734307898208499,-0.014779937453567982,0.3815109431743622,0.05308407545089722,-0.008439211174845695,0.0017392351292073727,-0.015651816502213478,-0.34501028060913086,0.31880077719688416,0.13588400185108185,-0.16436268389225006,-0.4212964177131653,1.2556493282318115,0.12386441975831985,1.2671840190887451,0.31398963928222656,-0.11020217090845108,0.054228559136390686,-0.41825079917907715,-1.6206097602844238,0.11493980139493942,-1.2177259922027588]","[-0.2452821433544159,-0.03270985186100006,-0.008546137250959873,0.46329233050346375,-0.0709795281291008,0.011808468960225582,-0.22867795825004578,-0.03536244481801987,-0.055440500378608704,0.4284500181674957,0.002394299255684018,0.002544084331020713,-0.03906328231096268,-0.0415634922683239,-0.3112427294254303,0.38711726665496826,0.1305444836616516,-0.12607651948928833,-0.46605831384658813,1.2236747741699219,0.0561784952878952,1.2650021314620972,0.34249234199523926,-0.10337468981742859,0.09695632010698318,-0.41098764538764954,-1.5866172313690186,0.1514805555343628,-1.2371172904968262]","[-0.024649500846862793,0.005550496280193329,-0.05419134348630905,-0.04479661583900452,0.07963787019252777,-0.012247217819094658,-0.07802993059158325,-0.022836804389953613,-0.03817638009786606,0.09543374180793762,0.0812087208032608,0.004526018165051937,-0.001621138653717935,0.010058516636490822,-0.0492781400680542,-1.291452407836914,-0.03346987068653107,0.11344291269779205,1.2936509847640991,-0.2013087272644043,0.012641772627830505,-0.19988417625427246,-1.2708581686019897,0.034375861287117004,-0.17428864538669586,1.3519891500473022,0.05651414394378662,0.06155632436275482,0.11918842792510986]","[0.13227201998233795,0.0407869853079319,-0.008310877718031406,0.31009820103645325,-0.15748703479766846,-0.0004028361290693283,0.10607803612947464,0.0289347805082798,-0.16230420768260956,0.33446046710014343,0.08064120262861252,-0.023958802223205566,0.0713861882686615,0.12733040750026703,0.01351426262408495,-0.9636522531509399,0.009082797914743423,0.00763911847025156,1.146926999092102,-0.17963947355747223,-0.14745007455348969,-0.13960868120193481,-0.8643054366111755,-0.003223538165912032,-0.23201394081115723,1.0391545295715332,-0.10792156308889389,0.12110142409801483,0.20381976664066315]","[-1.403825283050537,-0.094314806163311,0.009279265999794006,0.5029466152191162,0.23825591802597046,0.045725543051958084,0.09712222218513489,-0.14791107177734375,-0.08021135628223419,0.3710990250110626,0.39402326941490173,-0.022974766790866852,0.45373985171318054,-0.21422624588012695,0.09694576263427734,0.19959713518619537,0.0029647313058376312,-0.41840314865112305,-1.1140755414962769,2.6293444633483887,1.3252252340316772,1.316486120223999,-1.4515795707702637,0.12367326021194458,0.3668259382247925,-0.8719862699508667,-3.6838927268981934,0.9779781103134155,-3.193326950073242]",0.0025981056969612837,0.032373711466789246,0.009695370681583881,0.04365703836083412,0.0990796685218811,4.953983426094055,0,0,0,0.49994412064552307,0.4968101978302002,0.9986785054206848,0.9858608245849609,0.9949778914451599,0.995694637298584,-0.017982691526412964,-0.0,-0.0
44,0.88,44,"[-0.2582971453666687,-0.008112572133541107,0.00014270868268795311,0.3442179262638092,-0.0057784211821854115,-0.005997913423925638,-0.28326261043548584,0.0023068170994520187,-0.015518860891461372,0.38301652669906616,0.054674260318279266,-0.008358549326658249,0.001694330247119069,-0.015388160943984985,-0.3458927571773529,0.29251572489738464,0.13519811630249023,-0.16206008195877075,-0.3949179947376251,1.2516345977783203,0.1242094561457634,1.2634007930755615,0.28810322284698486,-0.10946256667375565,0.05062494054436684,-0.39066749811172485,-1.6195106506347656,0.11619177460670471,-1.215864896774292]","[-0.24383306503295898,-0.031341537833213806,-0.00869661197066307,0.4708516299724579,-0.0741824209690094,0.01182920578867197,-0.22704032063484192,-0.03428490087389946,-0.05840761959552765,0.43357014656066895,0.0031120525673031807,0.0016664110589772463,-0.03717733547091484,-0.03873329609632492,-0.3105613887310028,0.36623215675354004,0.1307266354560852,-0.12581925094127655,-0.4420875608921051,1.219733476638794,0.05290786549448967,1.2623237371444702,0.32391470670700073,-0.10347605496644974,0.0919007882475853,-0.38939934968948364,-1.5884954929351807,0.15399672091007233,-1.2331830263137817]","[-0.04844740033149719,0.010764598846435547,-0.05181608349084854,-0.0702492892742157,0.10370861738920212,-0.012268743477761745,-0.08969679474830627,-0.017425691708922386,-0.033199112862348557,0.05077645182609558,0.07523559033870697,0.004417356103658676,4.825124051421881e-05,0.01585579104721546,-0.033599138259887695,-1.34251868724823,-0.03094598650932312,0.12029744684696198,1.3523757457733154,-0.20473897457122803,0.014428794384002686,-0.17051994800567627,-1.3180814981460571,0.04027336835861206,-0.187576562166214,1.4081381559371948,0.046434998512268066,0.06126575171947479,0.04101991653442383]","[0.042476899921894073,0.07930365949869156,-0.000811900885310024,0.4002106487751007,-0.1385485827922821,0.0013159275986254215,0.037328992038965225,0.05293095484375954,-0.13469965755939484,0.13077165186405182,-0.11842422932386398,-0.04779580608010292,0.11952587217092514,0.13846483826637268,0.048484623432159424,-1.0794999599456787,0.008011811412870884,0.016469806432724,1.2116143703460693,-0.19964072108268738,-0.1589035987854004,-0.1353422999382019,-0.9725787043571472,-0.005517405457794666,-0.25744709372520447,1.1026256084442139,-0.08770613372325897,0.12702272832393646,0.19769804179668427]","[-1.4335919618606567,-0.07950720936059952,0.006155028939247131,0.5303962826728821,0.234279066324234,0.04718663915991783,0.09866230189800262,-0.14411073923110962,-0.0803169459104538,0.3660655915737152,0.39400073885917664,-0.028003491461277008,0.4746142327785492,-0.2071746587753296,0.15291929244995117,0.16127808392047882,-0.012776020914316177,-0.39843714237213135,-1.0202102661132812,2.60575270652771,1.3698848485946655,1.3187968730926514,-1.5257991552352905,0.12682901322841644,0.36802053451538086,-0.7829818725585938,-3.6609973907470703,0.980558454990387,-3.2461748123168945]",0.0031756011303514242,0.03184056654572487,0.01008598506450653,0.0451376810669899,0.0990615040063858,4.95307520031929,0,0,0,0.4999106228351593,0.4969237744808197,0.998580813407898,0.9845929145812988,0.995377242565155,0.9955992698669434,-0.017909888178110123,-0.0,-0.0
45,0.9,45,"[-0.25945770740509033,-0.007822827436029911,-0.0008593015954829752,0.34252506494522095,-0.0034179475624114275,-0.006248314864933491,-0.28509750962257385,0.0020372802391648293,-0.01610790193080902,0.383542001247406,0.056093499064445496,-0.008262516930699348,0.0017411651788279414,-0.015017584897577763,-0.34635424613952637,0.26510003209114075,0.13464616239070892,-0.15955078601837158,-0.36720138788223267,1.2474597692489624,0.12444157153367996,1.260363221168518,0.2612663805484772,-0.1085912361741066,0.046725496649742126,-0.36192527413368225,-1.618752360343933,0.11739043146371841,-1.2160851955413818]","[-0.2433973252773285,-0.02899637073278427,-0.008930529467761517,0.47989940643310547,-0.07733288407325745,0.01189382467418909,-0.22524869441986084,-0.03219710290431976,-0.06046732887625694,0.43831121921539307,0.0031798132695257664,0.0004815993888769299,-0.03499848023056984,-0.035385146737098694,-0.30801886320114136,0.3428950905799866,0.1309053599834442,-0.12520572543144226,-0.41671422123908997,1.215357780456543,0.049535106867551804,1.2600399255752563,0.3027056157588959,-0.1036393865942955,0.08634482324123383,-0.366176038980484,-1.5898998975753784,0.15643469989299774,-1.229573369026184]","[-0.07314234972000122,0.017504451796412468,-0.04784587398171425,-0.09254217147827148,0.12848050892353058,-0.011516840197145939,-0.10127648711204529,-0.010348253883421421,-0.02595069818198681,0.00672563910484314,0.06624609231948853,0.005001761019229889,0.001036201138049364,0.02163597382605076,-0.01414567232131958,-1.3896316289901733,-0.026146695017814636,0.12742429971694946,1.4071077108383179,-0.20909905433654785,0.01625586301088333,-0.13769567012786865,-1.3608779907226562,0.04270914942026138,-0.19922499358654022,1.4595844745635986,0.037232041358947754,0.0611601397395134,-0.04117786884307861]","[0.008812625892460346,0.1307646632194519,-0.010642859153449535,0.47219693660736084,-0.15178635716438293,0.003614801215007901,0.11501004546880722,0.1222611591219902,-0.08766862004995346,0.24005040526390076,0.03794582560658455,-0.05332063138484955,0.10956504195928574,0.1726221740245819,0.15464234352111816,-1.1999002695083618,0.008371200412511826,0.03151096776127815,1.2862013578414917,-0.21996130049228668,-0.15802226960659027,-0.11048276722431183,-1.1014554500579834,-0.008649405092000961,-0.2823587954044342,1.190886378288269,-0.06274392455816269,0.12021644413471222,0.1753304898738861]","[-1.4598793983459473,-0.06237473338842392,0.003611460328102112,0.5611470341682434,0.22899013757705688,0.04960060492157936,0.10268636047840118,-0.13315114378929138,-0.0772109180688858,0.3593854606151581,0.3982067108154297,-0.03270023316144943,0.48767587542533875,-0.19661152362823486,0.20600128173828125,0.12334440648555756,-0.027839306741952896,-0.37538623809814453,-0.9298639893531799,2.5804169178009033,1.4123342037200928,1.3288425207138062,-1.586976408958435,0.13092240691184998,0.36659955978393555,-0.7046573162078857,-3.636122703552246,0.979205310344696,-3.2998547554016113]",0.0038730434607714415,0.03127938136458397,0.010525992140173912,0.046844977885484695,0.0990864709019661,4.954323545098305,0,0,0,0.49986717104911804,0.49702638387680054,0.9984403848648071,0.9831317663192749,0.9959009289741516,0.9957583546638489,-0.015801675617694855,-0.0,-0.0
46,0.92,46,"[-0.26122283935546875,-0.007412394043058157,-0.0017711262917146087,0.34051623940467834,-0.0006392005598172545,-0.006458587013185024,-0.28731366991996765,0.001892886939458549,-0.016556888818740845,0.3832855522632599,0.05732410401105881,-0.008158478885889053,0.0017357782926410437,-0.014522721990942955,-0.3464585840702057,0.2369304597377777,0.13415224850177765,-0.15696310997009277,-0.3386336863040924,1.2432706356048584,0.12485969066619873,1.2578929662704468,0.23366810381412506,-0.10775420069694519,0.04265594109892845,-0.3322841227054596,-1.6180213689804077,0.11863818019628525,-1.2175120115280151]","[-0.24346384406089783,-0.02575276605784893,-0.00905317347496748,0.49019119143486023,-0.080689936876297,0.011984424665570259,-0.22184620797634125,-0.029006604105234146,-0.06168689206242561,0.441410630941391,0.004464687313884497,-0.0011332104913890362,-0.032572392374277115,-0.031617823988199234,-0.30328506231307983,0.3173207938671112,0.13109159469604492,-0.124012291431427,-0.3900061249732971,1.2105414867401123,0.045976754277944565,1.2582311630249023,0.27879276871681213,-0.10384511947631836,0.08039001375436783,-0.3411515951156616,-1.5908092260360718,0.15867015719413757,-1.2264479398727417]","[-0.0952109694480896,0.022950151935219765,-0.04128461703658104,-0.10943859815597534,0.15294769406318665,-0.00955663900822401,-0.10929033160209656,-0.004002146422863007,-0.016596680507063866,-0.038249045610427856,0.06012916564941406,0.0061960890889167786,-0.0005314010195434093,0.028961896896362305,0.0057697296142578125,-1.430733561515808,-0.019676610827445984,0.13746246695518494,1.461734652519226,-0.21388530731201172,0.017048604786396027,-0.10684430599212646,-1.3980467319488525,0.041221268475055695,-0.20462749898433685,1.5008875131607056,0.026744604110717773,0.06080605089664459,-0.135880708694458]","[-0.007132686208933592,0.1701783686876297,0.0011324111837893724,0.5313740372657776,-0.1744174212217331,0.004203338176012039,0.18936209380626678,0.167239248752594,-0.04514129087328911,0.10975223034620285,0.06899658590555191,-0.0748763456940651,0.13166268169879913,0.1844816505908966,0.27137091755867004,-1.307902455329895,0.008149231784045696,0.06737370789051056,1.3467142581939697,-0.24156926572322845,-0.16859953105449677,-0.08621189743280411,-1.24374258518219,-0.010942596942186356,-0.29800593852996826,1.2833210229873657,-0.038067061454057693,0.10866124927997589,0.15086784958839417]","[-1.4830527305603027,-0.0438413992524147,0.002989955246448517,0.5894298553466797,0.22731223702430725,0.05227860435843468,0.09847747534513474,-0.12167954444885254,-0.07537011802196503,0.33758431673049927,0.3984932005405426,-0.0391986146569252,0.5020877122879028,-0.18395310640335083,0.2650195062160492,0.08989538252353668,-0.0419541634619236,-0.355785608291626,-0.8397889137268066,2.5547096729278564,1.4567755460739136,1.3423998355865479,-1.6411566734313965,0.13071784377098083,0.36421531438827515,-0.6251199841499329,-3.6124467849731445,0.9761631488800049,-3.3594977855682373]",0.00440974859520793,0.030599182471632957,0.01096191443502903,0.04872795566916466,0.09904716163873672,4.952358081936836,0,0,0,0.49982747435569763,0.4971447288990021,0.9982663989067078,0.9813818335533142,0.9964709877967834,0.9953876733779907,-0.016121072694659233,-0.0,-0.0
47,0.9400000000000001,47,"[-0.2632661461830139,-0.006904821377247572,-0.002510686172172427,0.33814752101898193,0.002699959557503462,-0.006630580406636,-0.2894691228866577,0.0018771943869069219,-0.016771769151091576,0.3820120394229889,0.05849866569042206,-0.008014673367142677,0.001719909138046205,-0.01385910902172327,-0.34612345695495605,0.2078706920146942,0.13385909795761108,-0.15405228734016418,-0.3087320029735565,1.238904356956482,0.1251235157251358,1.256089448928833,0.20534451305866241,-0.10694238543510437,0.038540396839380264,-0.3018897771835327,-1.6176825761795044,0.1198226734995842,-1.2215204238891602]","[-0.24374143779277802,-0.021867292001843452,-0.008861659094691277,0.5015662312507629,-0.08459027856588364,0.012059668079018593,-0.2174801230430603,-0.02513178065419197,-0.062044594436883926,0.4422685503959656,0.00602668896317482,-0.00326271029189229,-0.029627831652760506,-0.027739718556404114,-0.29623860120773315,0.2898046374320984,0.13124775886535645,-0.12206630408763885,-0.36232882738113403,1.2054030895233154,0.042367637157440186,1.2568613290786743,0.2520008981227875,-0.1041090115904808,0.0742006003856659,-0.31428253650665283,-1.5912374258041382,0.1605941504240036,-1.2237797975540161]","[-0.1148812472820282,0.027090847492218018,-0.03329721838235855,-0.1225590705871582,0.17727245390415192,-0.007138017099350691,-0.11553019285202026,0.0013396405847743154,-0.006167823448777199,-0.08019208908081055,0.0561458058655262,0.007576169446110725,-0.002917405916377902,0.03625364229083061,0.025591999292373657,-1.4651128053665161,-0.012022256851196289,0.1487337052822113,1.5138224363327026,-0.21841824054718018,0.017938390374183655,-0.07378756999969482,-1.4341228008270264,0.036034174263477325,-0.2058439999818802,1.5412293672561646,0.01475512981414795,0.058546848595142365,-0.21754801273345947]","[-0.01588212512433529,0.1970907300710678,0.018910815939307213,0.5829736590385437,-0.1992405652999878,0.0024474847596138716,0.2235400229692459,0.1942293792963028,-0.0076435464434325695,0.018238265067338943,0.07486806064844131,-0.09878001362085342,0.15751506388187408,0.1880728304386139,0.3840796947479248,-1.3985693454742432,0.006174406968057156,0.10512593388557434,1.389808177947998,-0.2552917003631592,-0.16731180250644684,-0.0640954002737999,-1.3865861892700195,-0.014257746748626232,-0.3086892068386078,1.3747166395187378,-0.01459483616054058,0.09088781476020813,0.12850446999073029]","[-1.5073357820510864,-0.02261761575937271,0.0032282471656799316,0.6181620955467224,0.22709760069847107,0.05535516515374184,0.09482114762067795,-0.1049996018409729,-0.07134224474430084,0.3093293011188507,0.40098240971565247,-0.046759314835071564,0.5115436911582947,-0.17036250233650208,0.32189834117889404,0.06180538237094879,-0.05444544926285744,-0.3377213478088379,-0.7496669292449951,2.529972791671753,1.5039317607879639,1.3544511795043945,-1.6791945695877075,0.1306719034910202,0.3632371425628662,-0.5537349581718445,-3.5894618034362793,0.9696313142776489,-3.422163486480713]",0.004711775574833155,0.02985905110836029,0.011387555859982967,0.0508238822221756,0.09902312606573105,4.951156303286552,0,0,0,0.4998009204864502,0.4972686171531677,0.9980688691139221,0.9793318510055542,0.996684730052948,0.9949861168861389,-0.014984959736466408,-0.0,-0.0
48,0.96,48,"[-0.2658180892467499,-0.006328760180622339,-0.003103015013039112,0.335613876581192,0.006451697554439306,-0.006744107697159052,-0.29193487763404846,0.0019464725628495216,-0.016803601756691933,0.38007786870002747,0.059569936245679855,-0.007855432108044624,0.0016190820606425405,-0.013072576373815536,-0.34543490409851074,0.17832595109939575,0.1336713582277298,-0.15101376175880432,-0.2780807912349701,1.2345339059829712,0.12557722628116608,1.254941463470459,0.1763031929731369,-0.1063128337264061,0.03442218154668808,-0.2706349492073059,-1.6174311637878418,0.12098005414009094,-1.2262139320373535]","[-0.24475620687007904,-0.017346549779176712,-0.00840830523520708,0.5139021873474121,-0.08841214329004288,0.012139620259404182,-0.21284599602222443,-0.02068823203444481,-0.062003206461668015,0.4411907494068146,0.007658431772142649,-0.005949261598289013,-0.02633040025830269,-0.02362833544611931,-0.28799763321876526,0.2610173523426056,0.1313793808221817,-0.11952575296163559,-0.3339505195617676,1.2000913619995117,0.03891333192586899,1.2559387683868408,0.22289782762527466,-0.10441884398460388,0.06785798072814941,-0.2857239246368408,-1.591251254081726,0.16209988296031952,-1.221533179283142]","[-0.13386905193328857,0.03143646940588951,-0.023810584098100662,-0.13352781534194946,0.20182682573795319,-0.004287809133529663,-0.12126564979553223,0.007320518605411053,0.004467787221074104,-0.1196928322315216,0.055220164358615875,0.008763419464230537,-0.005607589613646269,0.04251827672123909,0.05006417632102966,-1.482153296470642,-0.004741176962852478,0.1590866595506668,1.549172043800354,-0.21943449974060059,0.017351657152175903,-0.028148293495178223,-1.4599401950836182,0.03337971866130829,-0.2082769274711609,1.5720654726028442,0.013947486877441406,0.05814991891384125,-0.27081966400146484]","[-0.07668957859277725,0.23375506699085236,0.02744998037815094,0.6295645833015442,-0.17701467871665955,0.004517953842878342,0.21651175618171692,0.2246117740869522,0.0069543663412332535,-0.08187385648488998,0.07823025435209274,-0.12532442808151245,0.17258962988853455,0.20289264619350433,0.40606337785720825,-1.4448719024658203,0.005498320329934359,0.1322847306728363,1.4182689189910889,-0.2614701986312866,-0.1581772267818451,-0.043108098208904266,-1.4847447872161865,-0.016041701659560204,-0.31292593479156494,1.4539954662322998,0.004757992923259735,0.06922981142997742,0.10758315026760101]","[-1.5345288515090942,0.0005635097622871399,0.005985036492347717,0.6458102464675903,0.22726017236709595,0.05988749489188194,0.09230697154998779,-0.08552661538124084,-0.0657101720571518,0.27788180112838745,0.4042865037918091,-0.055410973727703094,0.514988124370575,-0.15658777952194214,0.37329888343811035,0.03988902270793915,-0.06587418913841248,-0.3223227858543396,-0.6573395729064941,2.505632162094116,1.5551761388778687,1.3706729412078857,-1.699103832244873,0.1336478292942047,0.36524879932403564,-0.4911794662475586,-3.5682430267333984,0.9582216739654541,-3.493929862976074]",0.004893940407782793,0.02927657775580883,0.011792878620326519,0.05309755727648735,0.09896843135356903,4.9484215676784515,0,0,0,0.49978718161582947,0.4973752796649933,0.997854471206665,0.9770066738128662,0.996626079082489,0.9944276809692383,-0.014656145125627518,-0.0,-0.0
49,0.98,49,"[-0.26862090826034546,-0.0056473626755177975,-0.003463109489530325,0.33280640840530396,0.010773032903671265,-0.006802092771977186,-0.294319748878479,0.002170015126466751,-0.01659305766224861,0.377224326133728,0.06070747226476669,-0.007664136588573456,0.001495605567470193,-0.012158378027379513,-0.34412088990211487,0.14858455955982208,0.13366945087909698,-0.1476888209581375,-0.2467651218175888,1.230126976966858,0.12581758201122284,1.2549635171890259,0.14694690704345703,-0.10560719668865204,0.030209319666028023,-0.2390071600675583,-1.6171246767044067,0.12214867025613785,-1.2323532104492188]","[-0.2476324737071991,-0.01201704889535904,-0.007849161513149738,0.5263333916664124,-0.09139673411846161,0.012304918840527534,-0.20902034640312195,-0.015588770620524883,-0.061323363333940506,0.4371899366378784,0.008422540500760078,-0.009132258594036102,-0.022677689790725708,-0.01921798102557659,-0.2801159620285034,0.231686532497406,0.1314929723739624,-0.11655987799167633,-0.3052639663219452,1.194807767868042,0.035764746367931366,1.2553691864013672,0.19231846928596497,-0.10477272421121597,0.06153231859207153,-0.25586801767349243,-1.5909202098846436,0.1632165014743805,-1.2196969985961914]","[-0.1522749662399292,0.03580319508910179,-0.014117948710918427,-0.1429930329322815,0.2270938903093338,-0.00120893819257617,-0.12684762477874756,0.01338097546249628,0.014277175068855286,-0.15506073832511902,0.0565776601433754,0.009896839037537575,-0.00790330208837986,0.047254983335733414,0.07855743169784546,-1.4847543239593506,0.001998990774154663,0.1686595380306244,1.5674673318862915,-0.21705031394958496,0.015063956379890442,0.026336312294006348,-1.4753004312515259,0.032082200050354004,-0.21018017828464508,1.5902948379516602,0.016829371452331543,0.057628192007541656,-0.3062903881072998]","[-0.20262791216373444,0.2775721848011017,0.030007299035787582,0.5235699415206909,-0.12556646764278412,0.009612069465219975,0.1338026374578476,0.25052228569984436,0.03607131540775299,-0.3538385331630707,-0.10237456113100052,-0.1536562740802765,0.19660185277462006,0.22144880890846252,0.38386765122413635,-1.47339928150177,0.00417009461671114,0.1528182029724121,1.4239712953567505,-0.2577390968799591,-0.14030906558036804,-0.027236856520175934,-1.5587695837020874,-0.019393516704440117,-0.3134298324584961,1.5077035427093506,0.021190060302615166,0.050285328179597855,0.08890051394701004]","[-1.560428500175476,0.025208301842212677,0.011296063661575317,0.6722214221954346,0.22638511657714844,0.06534443795681,0.08999078720808029,-0.06475511193275452,-0.0594603568315506,0.2466554343700409,0.40769606828689575,-0.0641961321234703,0.5147255659103394,-0.1424769163131714,0.4200293719768524,0.019753888249397278,-0.07715043425559998,-0.3083598017692566,-0.5627611875534058,2.4842169284820557,1.6118724346160889,1.393117070198059,-1.7052563428878784,0.1389547884464264,0.3698510527610779,-0.4376085102558136,-3.5495223999023438,0.9430009126663208,-3.572901487350464]",0.005137965548783541,0.02923405170440674,0.012136177159845829,0.05528806895017624,0.0988946482539177,4.944732412695885,0,0,0,0.49977368116378784,0.49738436937332153,0.9976286292076111,0.9744521975517273,0.9963884949684143,0.9938962459564209,-0.014791141264140606,-0.0,-0.0
50,1.0,50,"[-0.27190908789634705,-0.004896632395684719,-0.003667732933536172,0.32989415526390076,0.015535452403128147,-0.006792465224862099,-0.29700878262519836,0.0024817115627229214,-0.01623251475393772,0.3738754391670227,0.06183304265141487,-0.007459558546543121,0.0013029499677941203,-0.011182377114892006,-0.3422926068305969,0.11893577873706818,0.13375131785869598,-0.14426738023757935,-0.21538209915161133,1.2258518934249878,0.1261797845363617,1.2559949159622192,0.1172911748290062,-0.10502954572439194,0.02601497434079647,-0.20702315866947174,-1.6167579889297485,0.12328518182039261,-1.2384655475616455]","[-0.25209861993789673,-0.005927741061896086,-0.0072154151275753975,0.5395684838294983,-0.0937005877494812,0.012575758621096611,-0.2061677873134613,-0.009763202629983425,-0.059737592935562134,0.4326413869857788,0.008415051735937595,-0.012315260246396065,-0.01894358918070793,-0.014481935650110245,-0.272778183221817,0.20198267698287964,0.13158130645751953,-0.11334610730409622,-0.27633339166641235,1.1897252798080444,0.03297831863164902,1.2551026344299316,0.16091640293598175,-0.10517048835754395,0.055163972079753876,-0.22515110671520233,-1.5902752876281738,0.16398847103118896,-1.218272089958191]","[-0.16569793224334717,0.03805021941661835,-0.004761095624417067,-0.1457594335079193,0.24590250849723816,0.00161387724801898,-0.12924820184707642,0.01735742576420307,0.022539682686328888,-0.18385127186775208,0.060849450528621674,0.01138155348598957,-0.011464031413197517,0.048937276005744934,0.10145753622055054,-1.4780659675598145,0.005823001265525818,0.17887912690639496,1.5736397504806519,-0.21462738513946533,0.013254210352897644,0.07432103157043457,-1.4845837354660034,0.03178045153617859,-0.2091328203678131,1.6032636165618896,0.018450617790222168,0.0575115904211998,-0.318947434425354]","[-0.24205392599105835,0.309704452753067,0.03587023913860321,0.7060583829879761,-0.10752128064632416,0.015198360197246075,0.14398878812789917,0.29725638031959534,0.09117267280817032,-0.2087590992450714,0.021745355799794197,-0.14078272879123688,0.1884128451347351,0.23176328837871552,0.34568727016448975,-1.4750010967254639,0.00404354790225625,0.15968148410320282,1.441684365272522,-0.2442626953125,-0.12428469955921173,-0.011767291463911533,-1.568966031074524,-0.020039649680256844,-0.3116728961467743,1.5472209453582764,0.036612242460250854,0.035791438072919846,0.06332576274871826]","[-1.5824253559112549,0.05074233561754227,0.01849512755870819,0.7026802897453308,0.22405892610549927,0.07119646668434143,0.09377466142177582,-0.04187411069869995,-0.052224382758140564,0.22482533752918243,0.41507506370544434,-0.07126451283693314,0.5105636715888977,-0.1282694935798645,0.4570373296737671,-0.0012052953243255615,-0.08777239918708801,-0.2909814417362213,-0.4672006368637085,2.467299222946167,1.673649549484253,1.4203999042510986,-1.6948314905166626,0.15009717643260956,0.37468481063842773,-0.39571261405944824,-3.531494379043579,0.9240217208862305,-3.652244806289673]",0.005511174909770489,0.029568804427981377,0.012454078532755375,0.05754074826836586,0.09884613752365112,4.942306876182556,0,0,0,0.49975672364234924,0.4973298907279968,0.9974045753479004,0.9721386432647705,0.9962719678878784,0.9937751889228821,-0.014369986951351166,-0.0,-0.0
51,1.02,51,"[-0.27524882555007935,-0.004125353880226612,-0.0036535533145070076,0.3269760310649872,0.020609132945537567,-0.006737537682056427,-0.29948967695236206,0.002864312147721648,-0.015691470354795456,0.36987027525901794,0.06314145028591156,-0.007208874449133873,0.0010370443342253566,-0.010200886987149715,-0.34006258845329285,0.08946192264556885,0.13390237092971802,-0.1405336558818817,-0.18381953239440918,1.2215418815612793,0.12634775042533875,1.2579363584518433,0.08756355941295624,-0.1043359786272049,0.021844007074832916,-0.1748766154050827,-1.6163866519927979,0.12444913387298584,-1.245111107826233]","[-0.25772157311439514,0.0006476786220446229,-0.006390579044818878,0.5542123913764954,-0.09555724263191223,0.01297054998576641,-0.20305238664150238,-0.00339302234351635,-0.05754435062408447,0.4271101951599121,0.009122468531131744,-0.015425465069711208,-0.014933162368834019,-0.00975416786968708,-0.2663322985172272,0.17247401177883148,0.13164938986301422,-0.11020137369632721,-0.2473294883966446,1.1851047277450562,0.030761664733290672,1.2550737857818604,0.1297263205051422,-0.10559428483247757,0.04890052229166031,-0.1940869837999344,-1.5893945693969727,0.16458000242710114,-1.217318058013916]","[-0.17358660697937012,0.03855927661061287,0.004042871296405792,-0.14436468482017517,0.2584736943244934,0.003988761454820633,-0.1283116638660431,0.019698340445756912,0.029526324942708015,-0.2060920000076294,0.06667720526456833,0.012704136781394482,-0.015020395629107952,0.04815475642681122,0.1183830201625824,-1.4639499187469482,0.007557496428489685,0.1890871673822403,1.570573091506958,-0.2118825912475586,0.012014061212539673,0.114402174949646,-1.4851518869400024,0.03244616091251373,-0.20606644451618195,1.6077220439910889,0.019404292106628418,0.057729147374629974,-0.32195448875427246]","[-0.29897797107696533,0.3272686302661896,0.047325849533081055,0.7320722937583923,-0.07672148942947388,0.021219348534941673,0.14826984703540802,0.31291669607162476,0.11419303715229034,-0.3050306439399719,0.032552797347307205,-0.13901236653327942,0.2083284556865692,0.22440539300441742,0.3012605607509613,-1.4601705074310303,0.0026787584647536278,0.15594393014907837,1.43752920627594,-0.2184290587902069,-0.09273786842823029,-0.002263630274683237,-1.5508990287780762,-0.021968703716993332,-0.30414772033691406,1.5533870458602905,0.04706014320254326,0.0287344790995121,0.04143114387989044]","[-1.6000316143035889,0.07499582320451736,0.02819398045539856,0.7298536896705627,0.22068673372268677,0.07722966372966766,0.0871584415435791,-0.023890286684036255,-0.047077760100364685,0.19588010013103485,0.41851505637168884,-0.07842492312192917,0.5087485909461975,-0.11324888467788696,0.5011146664619446,-0.024709269404411316,-0.09910127520561218,-0.27774283289909363,-0.3754062354564667,2.4562196731567383,1.7394903898239136,1.4433343410491943,-1.686720371246338,0.15850332379341125,0.37879160046577454,-0.3538309633731842,-3.5205562114715576,0.9054180383682251,-3.7324016094207764]",0.006090108770877123,0.030138183385133743,0.012795370072126389,0.06014716625213623,0.09876952320337296,4.938476160168648,0,0,0,0.4997255206108093,0.49722692370414734,0.9971511363983154,0.9692091345787048,0.9959821701049805,0.9933360815048218,-0.014154519885778427,-0.0,-0.0
52,1.04,52,"[-0.27885255217552185,-0.0033542613964527845,-0.0035060180816799402,0.32411956787109375,0.02587440051138401,-0.006632914766669273,-0.3021412491798401,0.0032696451526135206,-0.0150514617562294,0.36563175916671753,0.06450013071298599,-0.0069513930939137936,0.0007021341589279473,-0.00925618689507246,-0.33755728602409363,0.060377784073352814,0.13405361771583557,-0.13670389354228973,-0.15255917608737946,1.2173765897750854,0.12666034698486328,1.260571002960205,0.057885099202394485,-0.10373169928789139,0.017772316932678223,-0.14271427690982819,-1.6159818172454834,0.1255943477153778,-1.2513437271118164]","[-0.2644779086112976,0.007457009982317686,-0.005438720341771841,0.5674993991851807,-0.09687716513872147,0.013476649299263954,-0.20008470118045807,0.003163794055581093,-0.055030707269907,0.41989248991012573,0.009851937182247639,-0.01861003413796425,-0.010658685117959976,-0.005139400716871023,-0.2603902220726013,0.14307111501693726,0.13167622685432434,-0.10718715190887451,-0.21849049627780914,1.1810246706008911,0.02924148179590702,1.2552082538604736,0.09891916066408157,-0.10609836876392365,0.042698364704847336,-0.16323314607143402,-1.5883584022521973,0.16509468853473663,-1.2167510986328125]","[-0.18328651785850525,0.04319468513131142,0.01130580808967352,-0.14064013957977295,0.27202460169792175,0.005846749991178513,-0.12748166918754578,0.025300245732069016,0.03482929989695549,-0.21804794669151306,0.06546657532453537,0.012728641740977764,-0.01731754280626774,0.048621464520692825,0.1377992331981659,-1.4422293901443481,0.01234300434589386,0.19450373947620392,1.5568941831588745,-0.18872320652008057,0.004692003130912781,0.1849740743637085,-1.4708765745162964,0.03308448940515518,-0.20266073942184448,1.5979759693145752,0.018984079360961914,0.057354941964149475,-0.33271312713623047]","[-0.35229435563087463,0.3351747989654541,0.053799618035554886,0.6276041269302368,-0.060396187007427216,0.026340918615460396,0.13385207951068878,0.3197278380393982,0.1250828206539154,-0.3736409544944763,0.02992306277155876,-0.14367268979549408,0.21397484838962555,0.2214684784412384,0.2865689992904663,-1.4630182981491089,0.0009560612379573286,0.14841073751449585,1.4292526245117188,-0.19289979338645935,-0.05948231369256973,0.005226784385740757,-1.5314608812332153,-0.026999490335583687,-0.30557703971862793,1.5327799320220947,0.05369244143366814,0.026520216837525368,0.02411121129989624]","[-1.615593433380127,0.09848732501268387,0.03801470994949341,0.7594807147979736,0.21797418594360352,0.08272092044353485,0.07957211136817932,-0.0029242634773254395,-0.04160703718662262,0.16745026409626007,0.42459341883659363,-0.08594895154237747,0.5071462392807007,-0.09850054979324341,0.5486665964126587,-0.051011234521865845,-0.10854552686214447,-0.26821082830429077,-0.2784911096096039,2.4470441341400146,1.80630624294281,1.4611592292785645,-1.679197907447815,0.16536229848861694,0.3811562657356262,-0.30559980869293213,-3.513007879257202,0.8889987468719482,-3.815126657485962]",0.0068043917417526245,0.03065253607928753,0.01312278676778078,0.0625549778342247,0.09870043396949768,4.935021698474884,0,0,0,0.4996799826622009,0.497112900018692,0.9968757629394531,0.9663459658622742,0.9952794909477234,0.9949535131454468,-0.015226004645228386,-0.0,-0.0
53,1.06,53,"[-0.28258028626441956,-0.002397566568106413,-0.0032013210002332926,0.32135042548179626,0.03149011731147766,-0.0065036676824092865,-0.3045889437198639,0.0038763219490647316,-0.01429829839617014,0.3611483573913574,0.06576011329889297,-0.006699728779494762,0.0003443426394369453,-0.008256028406322002,-0.3345506191253662,0.03177274763584137,0.13439609110355377,-0.13275350630283356,-0.1215437650680542,1.213992953300476,0.12653543055057526,1.2653353214263916,0.02872849814593792,-0.10301259905099869,0.013737577944993973,-0.11095757782459259,-1.6156272888183594,0.12674333155155182,-1.2584196329116821]","[-0.27150335907936096,0.014308259822428226,-0.004090409260243177,0.5818386673927307,-0.09821723401546478,0.01407587993890047,-0.19731737673282623,0.009736079722642899,-0.05207521468400955,0.41181620955467224,0.010487884283065796,-0.021966641768813133,-0.006006996147334576,-0.0007514870958402753,-0.2545401453971863,0.11358751356601715,0.13170573115348816,-0.10438057780265808,-0.18964219093322754,1.1774113178253174,0.028324924409389496,1.2555582523345947,0.06865808367729187,-0.10676784813404083,0.036508407443761826,-0.1328383833169937,-1.5872094631195068,0.16568027436733246,-1.2165669202804565]","[-0.19326657056808472,0.05072909966111183,0.016714854165911674,-0.13465434312820435,0.28680381178855896,0.007804215420037508,-0.12546181678771973,0.033119384199380875,0.038460876792669296,-0.22408068180084229,0.058365240693092346,0.012794055975973606,-0.01864953152835369,0.04857594892382622,0.15856251120567322,-1.4104695320129395,0.0195920467376709,0.1963358372449875,1.5315862894058228,-0.15707314014434814,-0.005052611231803894,0.2665668725967407,-1.4422062635421753,0.03368798643350601,-0.1980394423007965,1.5746023654937744,0.017783045768737793,0.05729272961616516,-0.3445476293563843]","[-0.3532896935939789,0.3384031057357788,0.07964972406625748,0.7377415895462036,-0.06451058387756348,0.031353022903203964,0.12942205369472504,0.319347083568573,0.15260937809944153,-0.40457868576049805,0.025636296719312668,-0.15219314396381378,0.24288152158260345,0.2071310430765152,0.28527820110321045,-1.4610276222229004,0.001341195311397314,0.14150507748126984,1.433219313621521,-0.1718951165676117,-0.03639493137598038,0.018078932538628578,-1.4990975856781006,-0.03727070614695549,-0.3002084791660309,1.5106207132339478,0.05939241498708725,0.032122038304805756,0.003497200785204768]","[-1.629784345626831,0.11988607794046402,0.04787436127662659,0.7921638488769531,0.21652570366859436,0.08780764043331146,0.07101257145404816,0.02031591534614563,-0.03637857735157013,0.1394757628440857,0.4322708547115326,-0.09415113180875778,0.5074172019958496,-0.08417508006095886,0.5983337163925171,-0.08026644587516785,-0.11575169861316681,-0.2610839903354645,-0.17512111365795135,2.438685178756714,1.876643419265747,1.4771149158477783,-1.672371506690979,0.17042577266693115,0.3799152374267578,-0.2475864589214325,-3.5083796977996826,0.8754637241363525,-3.8977811336517334]",0.007606698665767908,0.030941884964704514,0.013432503677904606,0.0650307759642601,0.09858869761228561,4.929434880614281,0,0,0,0.4996225833892822,0.49703913927078247,0.9965956211090088,0.9634741544723511,0.9958822131156921,0.9935538172721863,-0.016732849180698395,-0.0,-0.0
54,1.08,54,"[-0.28658321499824524,-0.0013250974006950855,-0.0028374239336699247,0.3187333941459656,0.037346553057432175,-0.006320746149867773,-0.3071597218513489,0.004594420548528433,-0.013513026759028435,0.35666853189468384,0.06683474034070969,-0.006439630873501301,-4.384707790450193e-05,-0.00731314904987812,-0.3312147855758667,0.003959003370255232,0.1348372995853424,-0.12885046005249023,-0.09129572659730911,1.2110936641693115,0.12645824253559113,1.2712336778640747,0.00019685064035002142,-0.10238417983055115,0.009850739501416683,-0.07973018288612366,-1.6152704954147339,0.12788605690002441,-1.2651256322860718]","[-0.2787204086780548,0.02129191718995571,-0.0022831170354038477,0.5966941714286804,-0.09948011487722397,0.014907709322869778,-0.19461321830749512,0.01636177860200405,-0.048705700784921646,0.4034021496772766,0.011068676598370075,-0.02546214684844017,-0.000997473020106554,0.003542174817994237,-0.24869805574417114,0.08432675898075104,0.1317189484834671,-0.10164778679609299,-0.16080711781978607,1.1741628646850586,0.027776021510362625,1.2561886310577393,0.039058882743120193,-0.10770117491483688,0.0305061936378479,-0.10294333845376968,-1.5859737396240234,0.16633224487304688,-1.216752290725708]","[-0.1992642879486084,0.0550457239151001,0.020783917978405952,-0.1253955066204071,0.29540154337882996,0.009636138565838337,-0.12437030673027039,0.03743944689631462,0.04008673131465912,-0.22786781191825867,0.05280598998069763,0.013171544298529625,-0.020234310999512672,0.045646727085113525,0.18120110034942627,-1.3624324798583984,0.02872273325920105,0.19582119584083557,1.4818315505981445,-0.1297593116760254,-0.012155994772911072,0.32097697257995605,-1.3999040126800537,0.03303214907646179,-0.19284212589263916,1.5308500528335571,0.018134713172912598,0.055896490812301636,-0.3353238105773926]","[-0.36234134435653687,0.3450451195240021,0.10177098214626312,0.733062744140625,-0.05835549905896187,0.04135885834693909,0.12693701684474945,0.3225124180316925,0.1687690019607544,-0.4154539406299591,0.023715898394584656,-0.1581418216228485,0.2535367012023926,0.20673419535160065,0.2840830385684967,-1.4458106756210327,0.000385957770049572,0.13946294784545898,1.4315801858901978,-0.1559828370809555,-0.02262706682085991,0.03287798911333084,-1.4642020463943481,-0.051457833498716354,-0.2895064651966095,1.4837062358856201,0.06319262832403183,0.0342114232480526,-0.013889897614717484]","[-1.6435743570327759,0.1397356390953064,0.05784115195274353,0.8234958052635193,0.2127431035041809,0.09328535199165344,0.05808018893003464,0.04443421959877014,-0.030927583575248718,0.11096374690532684,0.44042912125587463,-0.1022949144244194,0.50506991147995,-0.06983518600463867,0.6502932906150818,-0.10877634584903717,-0.12196990847587585,-0.2555283308029175,-0.07764124125242233,2.4315779209136963,1.9452983140945435,1.4960497617721558,-1.664725661277771,0.17379099130630493,0.3767845630645752,-0.1900445520877838,-3.507847309112549,0.8619470596313477,-3.972452163696289]",0.008465263061225414,0.031089169904589653,0.01373231504112482,0.06747008860111237,0.09854229539632797,4.927114769816399,0,0,0,0.49955397844314575,0.49699464440345764,0.996296763420105,0.9603692293167114,0.9959143400192261,0.9934865832328796,-0.01550076249986887,-0.0,-0.0
55,1.1,55,"[-0.2905508577823639,-0.000195737651665695,-0.002369964262470603,0.31633460521698,0.04330617934465408,-0.006118222139775753,-0.3095637559890747,0.0053738998249173164,-0.012694829143583775,0.3520336449146271,0.06787235289812088,-0.006172867026180029,-0.0004650297632906586,-0.006430159322917461,-0.32730257511138916,-0.02272455021739006,0.13554500043392181,-0.12492065876722336,-0.062270503491163254,1.208802580833435,0.1260491907596588,1.2781744003295898,-0.027267657220363617,-0.10169131308794022,0.006023893132805824,-0.04972357675433159,-1.6149019002914429,0.12897919118404388,-1.2718325853347778]","[-0.28645744919776917,0.02835731953382492,-0.0002643707557581365,0.6095093488693237,-0.10096779465675354,0.01600966975092888,-0.19207291305065155,0.02307518571615219,-0.045314475893974304,0.39499691128730774,0.011587928049266338,-0.028974810615181923,0.0037793563678860664,0.008046750910580158,-0.24283310770988464,0.05527476593852043,0.13170313835144043,-0.0990263819694519,-0.13209232687950134,1.1711688041687012,0.027440499514341354,1.2570780515670776,0.01018708385527134,-0.10897064954042435,0.024609044194221497,-0.0738484337925911,-1.5846980810165405,0.16699650883674622,-1.2171801328659058]","[-0.20060837268829346,0.05687493830919266,0.023837298154830933,-0.1148901879787445,0.29833996295928955,0.010878965258598328,-0.12311562895774841,0.039122581481933594,0.04042608290910721,-0.22883862257003784,0.04832223057746887,0.013244850561022758,-0.021309470757842064,0.04129874333739281,0.2044782042503357,-1.3012665510177612,0.03963485360145569,0.1937616616487503,1.411401391029358,-0.10922253131866455,-0.018533319234848022,0.3463864326477051,-1.3440178632736206,0.03103259950876236,-0.1858402043581009,1.465204119682312,0.019115209579467773,0.053798407316207886,-0.318869948387146]","[-0.37908121943473816,0.34445512294769287,0.11529935151338577,0.6670873761177063,-0.08975829929113388,0.05277129262685776,0.11620955914258957,0.3246934413909912,0.16879379749298096,-0.4098299443721771,0.020383182913064957,-0.1579139232635498,0.2357645332813263,0.21686388552188873,0.28494468331336975,-1.4369456768035889,2.42055939452257e-05,0.1312836855649948,1.4253768920898438,-0.14488616585731506,-0.013296298682689667,0.04572935029864311,-1.4244970083236694,-0.06751497089862823,-0.2867177724838257,1.4384896755218506,0.06424794346094131,0.034908000379800797,-0.024255389347672462]","[-1.6545828580856323,0.15822890400886536,0.0679580420255661,0.8535482883453369,0.2071446180343628,0.09800845384597778,0.04207012802362442,0.06661674380302429,-0.025422796607017517,0.08383150398731232,0.44704511761665344,-0.10984610766172409,0.5024617314338684,-0.056567635387182236,0.701058566570282,-0.13627201318740845,-0.12620967626571655,-0.25105342268943787,0.009936043992638588,2.4259531497955322,2.0120513439178467,1.518446922302246,-1.6559312343597412,0.1764346957206726,0.37255117297172546,-0.13719314336776733,-3.510559320449829,0.8484815359115601,-4.0380964279174805]",0.009373142383992672,0.031084971502423286,0.013971209526062012,0.06936374306678772,0.09854806214570999,4.9274031072855,0,0,0,0.4994739294052124,0.496969610452652,0.9959990978240967,0.9577268958091736,0.9959225654602051,0.9946835041046143,-0.013372162356972694,-0.0,-0.0
56,1.12,56,"[-0.294607549905777,0.0009499002480879426,-0.0018839320400729775,0.3141377866268158,0.04928015172481537,-0.00588558753952384,-0.3120843470096588,0.006159323733299971,-0.01189598347991705,0.3475149869918823,0.06876762956380844,-0.0059098368510603905,-0.0008962259162217379,-0.00566119933500886,-0.32303565740585327,-0.04809165745973587,0.13642269372940063,-0.12109999358654022,-0.03483967110514641,1.206724762916565,0.1257169097661972,1.285089135169983,-0.053563863039016724,-0.10114287585020065,0.002417131094262004,-0.021122019737958908,-1.6145058870315552,0.13003799319267273,-1.2778804302215576]","[-0.2938120663166046,0.03524458408355713,0.0025268627796322107,0.623907208442688,-0.10321605205535889,0.01728823222219944,-0.1896906942129135,0.029525842517614365,-0.04174574837088585,0.38699886202812195,0.011938958428800106,-0.032290779054164886,0.00860962551087141,0.01230228878557682,-0.23695431649684906,0.026838183403015137,0.1317032277584076,-0.09644787013530731,-0.10376203805208206,1.1684679985046387,0.027287857607007027,1.258194088935852,-0.017684102058410645,-0.11035148799419403,0.018903100863099098,-0.045664358884096146,-1.583481788635254,0.16761702299118042,-1.2178536653518677]","[-0.19554495811462402,0.05506652593612671,0.025393813848495483,-0.10232850909233093,0.28839242458343506,0.011343195103108883,-0.12189969420433044,0.037484489381313324,0.040027521550655365,-0.22620037198066711,0.048080459237098694,0.013473385944962502,-0.02277323044836521,0.034180063754320145,0.21725520491600037,-1.237257719039917,0.049901753664016724,0.19275285303592682,1.3376106023788452,-0.1032710075378418,-0.022201985120773315,0.34129321575164795,-1.2843577861785889,0.027612410485744476,-0.17545224726200104,1.394049048423767,0.021001696586608887,0.05215369164943695,-0.2974599599838257]","[-0.36236706376075745,0.3371434807777405,0.15419605374336243,0.724808394908905,-0.10544374585151672,0.06222040206193924,0.11268185824155807,0.3098549246788025,0.17497143149375916,-0.3857795298099518,0.012441668659448624,-0.1476178765296936,0.24223880469799042,0.2022910714149475,0.2863570749759674,-1.3948402404785156,-0.00012385152513161302,0.13220953941345215,1.3977031707763672,-0.12823490798473358,-0.004204592667520046,0.05673053115606308,-1.3701673746109009,-0.07091277837753296,-0.2730087637901306,1.390708327293396,0.05977543443441391,0.03116220235824585,-0.0370742604136467]","[-1.6591590642929077,0.17531239986419678,0.07789979875087738,0.8825579285621643,0.20068243145942688,0.10173264145851135,0.02326856553554535,0.08280506730079651,-0.020458534359931946,0.06052601709961891,0.4512162506580353,-0.11636722832918167,0.501227080821991,-0.04519357904791832,0.7503679990768433,-0.15962006151676178,-0.12818706035614014,-0.24674822390079498,0.08328206092119217,2.4232301712036133,2.0772202014923096,1.5445029735565186,-1.6443175077438354,0.17992955446243286,0.3675239682197571,-0.09143761545419693,-3.516861915588379,0.8365712761878967,-4.093890190124512]",0.010290716774761677,0.031158804893493652,0.014205538667738438,0.07126796245574951,0.09853193163871765,4.926596581935883,0,0,0,0.4993843734264374,0.49694496393203735,0.9957022070884705,0.9549659490585327,0.9963254332542419,0.9940512180328369,-0.010777691379189491,-0.0,-0.0
57,1.1400000000000001,57,"[-0.29837265610694885,0.0020069233141839504,-0.0013542117085307837,0.31224146485328674,0.05484187602996826,-0.005664494354277849,-0.3144397437572479,0.006873279344290495,-0.011093728244304657,0.3429856300354004,0.06979557126760483,-0.00563393160700798,-0.0013759589055553079,-0.00506295682862401,-0.31861236691474915,-0.07221485674381256,0.13754107058048248,-0.11721054464578629,-0.008766082115471363,1.2046717405319214,0.12516111135482788,1.2918261289596558,-0.07864196598529816,-0.10058681666851044,-0.0009941967437043786,0.00603838125243783,-1.6140618324279785,0.13106533885002136,-1.2837309837341309]","[-0.30080634355545044,0.041909895837306976,0.005919555202126503,0.638058066368103,-0.10563025623559952,0.018632130697369576,-0.18733613193035126,0.035589367151260376,-0.03822426497936249,0.37956860661506653,0.012111539021134377,-0.03531234711408615,0.01334360707551241,0.016252923756837845,-0.23101302981376648,-0.0004676566459238529,0.13169795274734497,-0.09377504885196686,-0.07634538412094116,1.1661500930786133,0.027327928692102432,1.2594785690307617,-0.0443846620619297,-0.11173252016305923,0.013561427593231201,-0.018600717186927795,-1.5824223756790161,0.16815531253814697,-1.2187440395355225]","[-0.1840256154537201,0.05068947747349739,0.02607033960521221,-0.09010732173919678,0.2671451270580292,0.011013541370630264,-0.11849775910377502,0.033720966428518295,0.03919049724936485,-0.21930113434791565,0.05068294703960419,0.013456400483846664,-0.024195853620767593,0.026053132489323616,0.22005736827850342,-1.1702805757522583,0.06115920841693878,0.1891074776649475,1.2608213424682617,-0.0990062952041626,-0.027265772223472595,0.32362639904022217,-1.2203586101531982,0.023552589118480682,-0.16307027637958527,1.318975567817688,0.022986531257629395,0.050136446952819824,-0.2764701843261719]","[-0.3429059088230133,0.32380059361457825,0.17887607216835022,0.6880953907966614,-0.11393583565950394,0.06364744901657104,0.11126931011676788,0.2890986502170563,0.16901040077209473,-0.35660359263420105,0.004153066780418158,-0.13401439785957336,0.2313160002231598,0.18736158311367035,0.28865909576416016,-1.3319743871688843,-0.00020373612642288208,0.13731253147125244,1.3439282178878784,-0.10824445635080338,0.005537308286875486,0.06434644013643265,-1.3076926469802856,-0.06954611092805862,-0.2535969614982605,1.329145908355713,0.05058492347598076,0.027003254741430283,-0.046960555016994476]","[-1.6606357097625732,0.19205594062805176,0.0864899531006813,0.9109757542610168,0.19302117824554443,0.1048838198184967,0.003519982099533081,0.09608224034309387,-0.014796272851526737,0.038493577390909195,0.45477887988090515,-0.12180589884519577,0.4989108741283417,-0.03641533479094505,0.7993349432945251,-0.18000392615795135,-0.12762360274791718,-0.24439050257205963,0.14463962614536285,2.423015594482422,2.136446237564087,1.5668034553527832,-1.6328753232955933,0.18444958329200745,0.36286258697509766,-0.05107820779085159,-3.5268943309783936,0.8260533809661865,-4.141138076782227]",0.011187814176082611,0.031269147992134094,0.01445412915199995,0.07310251146554947,0.09852539747953415,4.9262698739767075,0,0,0,0.4992879033088684,0.49691611528396606,0.9953904747962952,0.9520882964134216,0.9966538548469543,0.9945709109306335,-0.008637781254947186,-0.0,-0.0
58,1.16,58,"[-0.3019685745239258,0.0029774794820696115,-0.0008411184535361826,0.3105334937572479,0.05996595695614815,-0.005445045884698629,-0.3168242573738098,0.007508162409067154,-0.010328363627195358,0.3387429416179657,0.07079494744539261,-0.005371580831706524,-0.0018640600610524416,-0.0046190740540623665,-0.31423336267471313,-0.0949028804898262,0.13886906206607819,-0.11353569477796555,0.015593184158205986,1.2027645111083984,0.1246262788772583,1.2980341911315918,-0.10237820446491241,-0.10020077228546143,-0.004105680156499147,0.031637001782655716,-1.61358642578125,0.13204345107078552,-1.2889392375946045]","[-0.30733948945999146,0.04821965470910072,0.009657450951635838,0.6512741446495056,-0.10828723758459091,0.019927898421883583,-0.18502570688724518,0.041173193603754044,-0.03490488603711128,0.3727990984916687,0.01211110595613718,-0.03798460587859154,0.01776467263698578,0.019861316308379173,-0.22496125102043152,-0.02642964944243431,0.1317048966884613,-0.09104306250810623,-0.050234414637088776,1.1642552614212036,0.027577679604291916,1.260868787765503,-0.0697130486369133,-0.11303285509347916,0.008577271364629269,0.007004671264439821,-1.5816006660461426,0.16865086555480957,-1.2197990417480469]","[-0.17090588808059692,0.04737543687224388,0.024914594367146492,-0.08118301630020142,0.24298354983329773,0.010433979332447052,-0.1125134527683258,0.030860131606459618,0.036800187081098557,-0.20607635378837585,0.04636719822883606,0.012444204650819302,-0.024797240272164345,0.01975167542695999,0.21660029888153076,-1.0986255407333374,0.07202774286270142,0.18122456967830658,1.1824301481246948,-0.0926285982131958,-0.03471672534942627,0.3085792064666748,-1.1519728899002075,0.01937244087457657,-0.15072044730186462,1.2432045936584473,0.024828314781188965,0.04731416702270508,-0.2638101577758789]","[-0.31916293501853943,0.3043707013130188,0.19132348895072937,0.6401048302650452,-0.12982721626758575,0.06125197187066078,0.10895831137895584,0.2647477984428406,0.15814122557640076,-0.32254329323768616,-0.005478727165609598,-0.11777827143669128,0.21346674859523773,0.16982240974903107,0.2955612242221832,-1.2633185386657715,0.0008687785593792796,0.1378224641084671,1.272940993309021,-0.08716342598199844,0.017398331314325333,0.06872324645519257,-1.2351590394973755,-0.06446327269077301,-0.23698681592941284,1.2493469715118408,0.0376434251666069,0.025931373238563538,-0.054145216941833496]","[-1.6603119373321533,0.20755070447921753,0.09402218461036682,0.9403905868530273,0.1849777102470398,0.10731850564479828,-0.016042202711105347,0.10691368579864502,-0.009342328645288944,0.01871534064412117,0.4575108587741852,-0.1261538863182068,0.49848392605781555,-0.0305955670773983,0.8476539850234985,-0.19938893616199493,-0.12365816533565521,-0.2435566931962967,0.1984887570142746,2.4250190258026123,2.1913042068481445,1.5834527015686035,-1.6240547895431519,0.18976733088493347,0.35783177614212036,-0.011865682899951935,-3.5395805835723877,0.8180943727493286,-4.181122779846191]",0.012033878825604916,0.031390104442834854,0.014710478484630585,0.0747465267777443,0.09851043671369553,4.925521835684776,0,0,0,0.4991885721683502,0.49688035249710083,0.9950725436210632,0.9493352770805359,0.9970731139183044,0.9952836632728577,-0.0073117343708872795,-0.0,-0.0
59,1.18,59,"[-0.30520889163017273,0.003901940770447254,-0.00035762801417149603,0.3089941442012787,0.06456121802330017,-0.005247135180979967,-0.31894028186798096,0.008107684552669525,-0.009621720761060715,0.33474257588386536,0.07165025919675827,-0.00513616343960166,-0.0023678485304117203,-0.00427288981154561,-0.3099483549594879,-0.11615987867116928,0.14042218029499054,-0.10996156185865402,0.03853112459182739,1.2009665966033936,0.12377244234085083,1.3041692972183228,-0.12472087889909744,-0.09981191903352737,-0.00702301412820816,0.05576656386256218,-1.613068699836731,0.13295790553092957,-1.294283390045166]","[-0.313864529132843,0.054169028997421265,0.013012484647333622,0.6618415713310242,-0.11095868796110153,0.02125009149312973,-0.1829037219285965,0.04637982323765755,-0.03206215798854828,0.3667842447757721,0.011907888576388359,-0.04029257968068123,0.021518293768167496,0.023315833881497383,-0.21862411499023438,-0.05132685601711273,0.13174545764923096,-0.08860700577497482,-0.025719838216900826,1.1627591848373413,0.028454307466745377,1.2622624635696411,-0.09362292289733887,-0.11428086459636688,0.00374347111210227,0.030674658715724945,-1.5810701847076416,0.1692088097333908,-1.2208771705627441]","[-0.1566655933856964,0.04505735635757446,0.022477786988019943,-0.07418543100357056,0.21677735447883606,0.009732658974826336,-0.10289028286933899,0.028920849785208702,0.03332193195819855,-0.1900903880596161,0.03656446933746338,0.011193298734724522,-0.02477407082915306,0.015190057456493378,0.2069912850856781,-1.0244508981704712,0.08099600672721863,0.1701105386018753,1.1056733131408691,-0.08708536624908447,-0.04311613738536835,0.2944737672805786,-1.079761266708374,0.015385635197162628,-0.13844417035579681,1.168387532234192,0.026237964630126953,0.044298917055130005,-0.25547146797180176]","[-0.304060697555542,0.28298142552375793,0.17364583909511566,0.5966287851333618,-0.14629687368869781,0.06153222173452377,0.0977410078048706,0.24193476140499115,0.14050030708312988,-0.282920241355896,-0.01567789725959301,-0.1012791097164154,0.18666307628154755,0.1543763130903244,0.3098292052745819,-1.2099343538284302,0.004653119016438723,0.11946050077676773,1.1901627779006958,-0.06763225048780441,0.05587858334183693,0.06786061078310013,-1.1611663103103638,-0.058137599378824234,-0.23075184226036072,1.1498630046844482,0.022022191435098648,0.030648579820990562,-0.05470206215977669]","[-1.6595008373260498,0.2210865020751953,0.100636325776577,0.9704563021659851,0.1767001748085022,0.10919199883937836,-0.035990431904792786,0.11552441120147705,-0.004546330310404301,0.000708315521478653,0.4597305357456207,-0.1296122670173645,0.500007152557373,-0.027216311544179916,0.8943420052528381,-0.21850478649139404,-0.11678029596805573,-0.24367214739322662,0.24666227400302887,2.429257869720459,2.243016481399536,1.59514582157135,-1.619187593460083,0.19536535441875458,0.3519602119922638,0.0285470113158226,-3.5543782711029053,0.8133609294891357,-4.215459823608398]",0.012849502265453339,0.031098484992980957,0.014938141219317913,0.07589516043663025,0.09850236773490906,4.925118386745453,0,0,0,0.49908557534217834,0.4969135522842407,0.9947667121887207,0.9472337365150452,0.9974703192710876,0.9961181282997131,-0.006469351705163717,-0.0,-0.0
60,1.2,60,"[-0.30823519825935364,0.004779773764312267,5.7992983784060925e-05,0.3075660765171051,0.06863705068826675,-0.0050557395443320274,-0.3209398686885834,0.008664996363222599,-0.008995486423373222,0.33113932609558105,0.07225752621889114,-0.0049238489009439945,-0.0028550229035317898,-0.004011471755802631,-0.305953711271286,-0.13588091731071472,0.14210890233516693,-0.10673127323389053,0.05982011556625366,1.199281096458435,0.12290163338184357,1.309813141822815,-0.14556865394115448,-0.09958534687757492,-0.009643446654081345,0.07837250083684921,-1.612536907196045,0.13381540775299072,-1.2991580963134766]","[-0.31966251134872437,0.05961861088871956,0.016540931537747383,0.674203097820282,-0.11410384625196457,0.022424163296818733,-0.18098680675029755,0.050910692662000656,-0.02932184748351574,0.3615533709526062,0.01158077921718359,-0.04219750687479973,0.025224870070815086,0.026109682396054268,-0.21229226887226105,-0.07467664778232574,0.1318814754486084,-0.08639197796583176,-0.002988147083669901,1.1616771221160889,0.030093278735876083,1.2636393308639526,-0.1159249022603035,-0.11522363126277924,-0.000794347608461976,0.05258004739880562,-1.5809104442596436,0.16983096301555634,-1.2220470905303955]","[-0.14005005359649658,0.04164489358663559,0.018883679062128067,-0.07023215293884277,0.18654987215995789,0.008678738959133625,-0.09149312973022461,0.02567579597234726,0.028865737840533257,-0.17474666237831116,0.0270867720246315,0.009897584095597267,-0.0239974707365036,0.010903994552791119,0.1917317509651184,-0.95325767993927,0.08988790214061737,0.1560695469379425,1.0349916219711304,-0.07484853267669678,-0.055395253002643585,0.29390156269073486,-1.0096328258514404,0.012524984776973724,-0.12787219882011414,1.0994058847427368,0.02593100070953369,0.040695443749427795,-0.25338828563690186]","[-0.28322848677635193,0.2601264715194702,0.18075814843177795,0.610155463218689,-0.15025199949741364,0.05287003517150879,0.08920252323150635,0.20789462327957153,0.12867319583892822,-0.24634744226932526,-0.016039801761507988,-0.0840996652841568,0.18223994970321655,0.1256510615348816,0.30727440118789673,-1.1286996603012085,0.007896621711552143,0.11003176122903824,1.0977550745010376,-0.047046832740306854,0.0933060571551323,0.06622041761875153,-1.0818524360656738,-0.04396286606788635,-0.21473360061645508,1.0619194507598877,0.0028329433407634497,0.033271659165620804,-0.058670416474342346]","[-1.6589834690093994,0.2313859462738037,0.10614749789237976,1.0009222030639648,0.168188214302063,0.11061803996562958,-0.05772777646780014,0.12218257784843445,-0.0008390704169869423,-0.016551118344068527,0.46258726716041565,-0.13212326169013977,0.5033501386642456,-0.02562832459807396,0.9378384947776794,-0.23695164918899536,-0.10674998164176941,-0.24348269402980804,0.291929692029953,2.435904026031494,2.2920053005218506,1.603093147277832,-1.618760585784912,0.20026013255119324,0.34384018182754517,0.0745280310511589,-3.5712056159973145,0.8123744130134583,-4.2452802658081055]",0.01357835903763771,0.030703825876116753,0.015184866264462471,0.07727514952421188,0.09845999628305435,4.922999814152718,0,0,0,0.49898675084114075,0.49698492884635925,0.9944619536399841,0.9446873068809509,0.9978501200675964,0.9961603283882141,-0.006131493020802736,-0.0,-0.0
61,1.22,61,"[-0.3108108937740326,0.005567736458033323,0.00039771912270225585,0.306184858083725,0.07202321290969849,-0.004899985622614622,-0.32260000705718994,0.009134716354310513,-0.008467091247439384,0.3277527093887329,0.07273373007774353,-0.004740260075777769,-0.003327747341245413,-0.0038367300294339657,-0.3022790849208832,-0.15429018437862396,0.14401769638061523,-0.10371877998113632,0.07993078976869583,1.1979726552963257,0.12155663222074509,1.3159253597259521,-0.16510619223117828,-0.09931091964244843,-0.012137901969254017,0.09974279999732971,-1.6120314598083496,0.13458572328090668,-1.304418921470642]","[-0.32522475719451904,0.0646420493721962,0.01989375427365303,0.6858872175216675,-0.11704350262880325,0.023510640487074852,-0.17933019995689392,0.054828885942697525,-0.026815878227353096,0.356911838054657,0.011324390769004822,-0.04378646984696388,0.0286845825612545,0.02840634062886238,-0.20627206563949585,-0.09635325521230698,0.1320866048336029,-0.08434039354324341,0.017923828214406967,1.1609854698181152,0.03239072859287262,1.264947772026062,-0.1366620808839798,-0.11585970968008041,-0.0050224196165800095,0.07283416390419006,-1.5811572074890137,0.17049996554851532,-1.2232691049575806]","[-0.12195035815238953,0.03736408054828644,0.01488108467310667,-0.06805211305618286,0.1530112773180008,0.007283466402441263,-0.07869750261306763,0.021476928144693375,0.024331314489245415,-0.16084611415863037,0.0177750363945961,0.008441763930022717,-0.02278757281601429,0.007119792513549328,0.17154589295387268,-0.8863516449928284,0.0968635082244873,0.1408558338880539,0.9735316038131714,-0.0641852617263794,-0.06764251738786697,0.29811859130859375,-0.9416617751121521,0.01094229519367218,-0.11867033690214157,1.0371756553649902,0.024771690368652344,0.037371739745140076,-0.25380849838256836]","[-0.27416154742240906,0.2392367422580719,0.16291439533233643,0.5618133544921875,-0.13728854060173035,0.050310708582401276,0.07458487898111343,0.17956048250198364,0.11835799366235733,-0.22049976885318756,-0.010993954725563526,-0.07006098330020905,0.16668449342250824,0.1021498292684555,0.28749585151672363,-1.0466057062149048,0.011556331999599934,0.10185984522104263,1.00918447971344,-0.028259791433811188,0.12335287034511566,0.06188433989882469,-1.0046709775924683,-0.02812892012298107,-0.20046444237232208,0.9821400046348572,-0.01776234060525894,0.03602202609181404,-0.06070622429251671]","[-1.6608247756958008,0.23999112844467163,0.11017386615276337,1.0315773487091064,0.15921291708946228,0.1118449866771698,-0.07955282181501389,0.12921178340911865,0.0032423874363303185,-0.03449104353785515,0.46660351753234863,-0.1341511607170105,0.5060727596282959,-0.025808896869421005,0.9782511591911316,-0.25671106576919556,-0.09496542811393738,-0.2438535839319229,0.33770835399627686,2.4439218044281006,2.3364264965057373,1.6064226627349854,-1.6212035417556763,0.20471736788749695,0.33412426710128784,0.12456244975328445,-3.5891315937042236,0.8142353892326355,-4.274526119232178]",0.014240924268960953,0.030170537531375885,0.015435993671417236,0.078668512403965,0.09841914474964142,4.920957237482071,0,0,0,0.49889102578163147,0.49708834290504456,0.9941525459289551,0.942066490650177,0.9981748461723328,0.9966430068016052,-0.006059055682271719,-0.0,-0.0
62,1.24,62,"[-0.3131132125854492,0.006274336948990822,0.0006532363477163017,0.3048439919948578,0.07475750148296356,-0.004764400888234377,-0.3240877687931061,0.009524073451757431,-0.008022233843803406,0.32470548152923584,0.07296852767467499,-0.004586178343743086,-0.0037665257696062326,-0.003726680064573884,-0.2990918755531311,-0.17133498191833496,0.14598344266414642,-0.10109703987836838,0.09876137971878052,1.1967136859893799,0.12019593268632889,1.3217378854751587,-0.18323512375354767,-0.09914765506982803,-0.014390259981155396,0.11985952407121658,-1.6115460395812988,0.13531027734279633,-1.3093104362487793]","[-0.33067578077316284,0.06918622553348541,0.022901779040694237,0.6965879797935486,-0.11961469054222107,0.02442127652466297,-0.17805108428001404,0.05818524211645126,-0.024523714557290077,0.3528020679950714,0.011152914725244045,-0.04503932595252991,0.03184755519032478,0.030250797048211098,-0.2007804960012436,-0.11653652787208557,0.13235361874103546,-0.08251623064279556,0.03728339076042175,1.1606279611587524,0.035167060792446136,1.2661566734313965,-0.15586517751216888,-0.11635956168174744,-0.008910794742405415,0.09157934784889221,-1.581738829612732,0.17135238647460938,-1.224501371383667]","[-0.10482221841812134,0.0328805074095726,0.010729766450822353,-0.06413534283638,0.11934638023376465,0.005841406527906656,-0.06705820560455322,0.017032237723469734,0.01976785808801651,-0.14427006244659424,0.00965707004070282,0.006813474465161562,-0.020604930818080902,0.00374580267816782,0.14584213495254517,-0.8279945850372314,0.09906962513923645,0.12903232872486115,0.9289052486419678,-0.06212890148162842,-0.0797707587480545,0.2956777811050415,-0.8806012868881226,0.010142847895622253,-0.1117568239569664,0.9894028306007385,0.024056434631347656,0.03501959145069122,-0.2489835023880005]","[-0.26969289779663086,0.2147868126630783,0.1454615294933319,0.5153077244758606,-0.11881895363330841,0.04296272620558739,0.05565500259399414,0.1530066281557083,0.10838530957698822,-0.19433894753456116,-0.007236420176923275,-0.05448421463370323,0.15199679136276245,0.08074004203081131,0.26015743613243103,-0.9774664640426636,0.014460031874477863,0.08846817165613174,0.9383516311645508,-0.012804478406906128,0.14444419741630554,0.05694006755948067,-0.929365336894989,-0.024206042289733887,-0.18465638160705566,0.9095094203948975,-0.03262121602892876,0.04662449657917023,-0.06066020578145981]","[-1.6625354290008545,0.24671736359596252,0.11425817012786865,1.0613328218460083,0.1499558687210083,0.1125563234090805,-0.10085469484329224,0.13452979922294617,0.0066617270931601524,-0.049542199820280075,0.4709365665912628,-0.13536137342453003,0.5093479752540588,-0.02728208526968956,1.0140533447265625,-0.27688542008399963,-0.08289442956447601,-0.24342520534992218,0.38377127051353455,2.4525582790374756,2.3772504329681396,1.6072936058044434,-1.6231168508529663,0.20982858538627625,0.323398619890213,0.17596325278282166,-3.606755256652832,0.819352924823761,-4.303958415985107]",0.014830815605819225,0.0295195784419775,0.015666693449020386,0.07992880791425705,0.09838604927062988,4.919302463531494,0,0,0,0.49880164861679077,0.49721401929855347,0.9938558340072632,0.939619243144989,0.998458981513977,0.9970917105674744,-0.0057390956208109856,-0.0,-0.0
63,1.26,63,"[-0.31500378251075745,0.006882956717163324,0.0008269097888842225,0.3036194443702698,0.07679706811904907,-0.004666329361498356,-0.32528233528137207,0.009816005825996399,-0.007676376961171627,0.32198190689086914,0.07312001287937164,-0.004467721097171307,-0.004151944536715746,-0.003686897922307253,-0.29644539952278137,-0.18740996718406677,0.1479804813861847,-0.0985574871301651,0.1170869991183281,1.1954874992370605,0.1183658018708229,1.3277524709701538,-0.2003302425146103,-0.09890520572662354,-0.01660817489027977,0.13931891322135925,-1.6110692024230957,0.13598650693893433,-1.314378261566162]","[-0.335806280374527,0.07311645895242691,0.02580493688583374,0.7064759135246277,-0.12189619243144989,0.025223558768630028,-0.17768768966197968,0.06078871712088585,-0.022366074845194817,0.3480241000652313,0.011020475998520851,-0.04598788544535637,0.03490861505270004,0.03144568204879761,-0.19550716876983643,-0.13566124439239502,0.13275450468063354,-0.08086250722408295,0.055413827300071716,1.1605147123336792,0.03826123848557472,1.2672137022018433,-0.1739337295293808,-0.11679934710264206,-0.012508044019341469,0.10912362486124039,-1.5825554132461548,0.17241120338439941,-1.2257037162780762]","[-0.08736848831176758,0.028268376365303993,0.006910300347954035,-0.05833283066749573,0.08590854704380035,0.004338775761425495,-0.05499646067619324,0.01246999017894268,0.015574007295072079,-0.12657791376113892,0.002872385084629059,0.0051709008403122425,-0.018086662515997887,0.0008631497621536255,0.11624544858932495,-0.7776368856430054,0.09747371077537537,0.11866874992847443,0.9004339575767517,-0.06393790245056152,-0.09150803089141846,0.2905517816543579,-0.825681209564209,0.010582804679870605,-0.10682936012744904,0.9552313089370728,0.023666024208068848,0.033299997448921204,-0.24258196353912354]","[-0.2556893527507782,0.18903230130672455,0.12627731263637543,0.4795168340206146,-0.10732550919055939,0.03909986466169357,0.028844937682151794,0.12462320178747177,0.0903700664639473,-0.12394695729017258,-0.03227632865309715,-0.040713004767894745,0.13383999466896057,0.06184438243508339,0.2434663474559784,-0.926630973815918,0.018806545063853264,0.07402849942445755,0.8910483717918396,-0.0021038188133388758,0.1584087461233139,0.0524660088121891,-0.8687157034873962,-0.022550059482455254,-0.17518098652362823,0.8564652800559998,-0.043867237865924835,0.0548659972846508,-0.060673438012599945]","[-1.6634652614593506,0.2514233887195587,0.11821715533733368,1.0891391038894653,0.1405106484889984,0.11288893222808838,-0.12230626493692398,0.1378476321697235,0.009161843918263912,-0.06171093508601189,0.4756683111190796,-0.13562926650047302,0.5127382874488831,-0.029674258083105087,1.0449059009552002,-0.2965354919433594,-0.07122133672237396,-0.24158711731433868,0.43076592683792114,2.461024761199951,2.414801836013794,1.6087665557861328,-1.6242274045944214,0.21632835268974304,0.31148838996887207,0.22934657335281372,-3.623112678527832,0.8277735114097595,-4.335625648498535]",0.01538117229938507,0.028499169275164604,0.01583147794008255,0.081059031188488,0.0983496680855751,4.917483404278755,0,0,0,0.49871495366096497,0.49740663170814514,0.9935839176177979,0.9373695850372314,0.9986653923988342,0.9972994923591614,-0.005556440446525812,-0.0,-0.0
64,1.28,64,"[-0.3166079521179199,0.00740507198497653,0.0009296483476646245,0.30251067876815796,0.07819384336471558,-0.004590849857777357,-0.3262876272201538,0.010022873058915138,-0.007399273570626974,0.3196423649787903,0.07308342307806015,-0.004379342310130596,-0.004489992279559374,-0.003692154074087739,-0.2944420576095581,-0.20244045555591583,0.14988239109516144,-0.0963502898812294,0.13477873802185059,1.1941561698913574,0.11653561145067215,1.333359956741333,-0.21626237034797668,-0.09872434288263321,-0.01866343431174755,0.15806877613067627,-1.610599398612976,0.13664227724075317,-1.3190137147903442]","[-0.34111130237579346,0.07673702389001846,0.027957698330283165,0.7157146334648132,-0.12396835535764694,0.025977391749620438,-0.17711862921714783,0.06298433989286423,-0.02091049775481224,0.3460746109485626,0.010553255677223206,-0.0466918870806694,0.03746093064546585,0.032617244869470596,-0.19153881072998047,-0.15355071425437927,0.1331610232591629,-0.07976555079221725,0.0731097012758255,1.1605727672576904,0.041504375636577606,1.268350601196289,-0.1903655081987381,-0.11719534546136856,-0.016012925654649734,0.12587499618530273,-1.5836093425750732,0.17360742390155792,-1.2270156145095825]","[-0.06908699870109558,0.025216270238161087,0.003874930553138256,-0.050561875104904175,0.057183392345905304,0.0027610105462372303,-0.040875375270843506,0.008892221376299858,0.011842523701488972,-0.10796263813972473,-0.003322213888168335,0.0035296077840030193,-0.015679677948355675,-0.0007858849130570889,0.08561462163925171,-0.736891508102417,0.0944286584854126,0.10907892137765884,0.8906466960906982,-0.06542503833770752,-0.10300073772668839,0.2938807010650635,-0.7793452739715576,0.01202169805765152,-0.10241661220788956,0.937542736530304,0.023061037063598633,0.032553449273109436,-0.24717450141906738]","[-0.26458603143692017,0.17108216881752014,0.10266535729169846,0.44747689366340637,-0.09725064039230347,0.03678864240646362,0.02810613065958023,0.09741231054067612,0.07107038050889969,-0.0989345833659172,-0.015634017065167427,-0.032295238226652145,0.12398315966129303,0.04818365350365639,0.1737101674079895,-0.868674099445343,0.024690406396985054,0.04551638662815094,0.8724846839904785,0.004306655842810869,0.16469767689704895,0.05629078298807144,-0.7931287288665771,-0.01876753941178322,-0.16796289384365082,0.8252444267272949,-0.05474108085036278,0.06403092294931412,-0.06716273725032806]","[-1.6637277603149414,0.2540339529514313,0.12146735936403275,1.1155881881713867,0.131612628698349,0.11295203864574432,-0.14465463161468506,0.14053469896316528,0.011235072277486324,-0.07315079867839813,0.4813515841960907,-0.13508090376853943,0.5160191059112549,-0.03258734568953514,1.0703198909759521,-0.31653714179992676,-0.06024404242634773,-0.23911507427692413,0.480142742395401,2.4683806896209717,2.4505910873413086,1.6160433292388916,-1.6264437437057495,0.22374889254570007,0.2978993356227875,0.286870539188385,-3.6382336616516113,0.8394622802734375,-4.37040376663208]",0.01586046814918518,0.027596836909651756,0.016028761863708496,0.08212747424840927,0.09830912202596664,4.915456101298332,0,0,0,0.4986352324485779,0.49759334325790405,0.9933200478553772,0.9352304935455322,0.9988335967063904,0.9976516366004944,-0.00580842699855566,-0.0,-0.0
65,1.3,65,"[-0.31776726245880127,0.007891607470810413,0.0009819070110097528,0.3015969693660736,0.07908440381288528,-0.004555888939648867,-0.3269173502922058,0.010171694681048393,-0.00720267603173852,0.31766340136528015,0.07298712432384491,-0.004326536785811186,-0.00477913161739707,-0.0037183333188295364,-0.2930208146572113,-0.21688562631607056,0.1517576277256012,-0.09419433027505875,0.1527128666639328,1.1928704977035522,0.11424577236175537,1.3395076990127563,-0.23150405287742615,-0.09842433780431747,-0.020704839378595352,0.17682062089443207,-1.6101467609405518,0.1372886449098587,-1.3242652416229248]","[-0.34639737010002136,0.07990225404500961,0.02989823929965496,0.7243502736091614,-0.12584450840950012,0.026678921654820442,-0.17677371203899384,0.06476143002510071,-0.019318226724863052,0.34398627281188965,0.010480285622179508,-0.04726127162575722,0.039920222014188766,0.033247433602809906,-0.18875505030155182,-0.17052757740020752,0.1337549388408661,-0.07908345013856888,0.0906553715467453,1.1607073545455933,0.04471945762634277,1.269521951675415,-0.2056356966495514,-0.11751539260149002,-0.01930076628923416,0.1423925757408142,-1.5848058462142944,0.17505504190921783,-1.2285031080245972]","[-0.05011111497879028,0.023281004279851913,0.001453446806408465,-0.04084333777427673,0.033137015998363495,0.0013408716768026352,-0.02518370747566223,0.00615525059401989,0.008823745884001255,-0.08950978517532349,-0.008045881986618042,0.002196303103119135,-0.01356019638478756,-0.0016296457033604383,0.05386471748352051,-0.7053002715110779,0.09028799831867218,0.0997401773929596,0.8996203541755676,-0.06672441959381104,-0.11325385421514511,0.29986798763275146,-0.7418997883796692,0.014613009989261627,-0.09902869910001755,0.9378328919410706,0.022554397583007812,0.03205053508281708,-0.2557724714279175]","[-0.25861114263534546,0.14715413749217987,0.09588029980659485,0.419295072555542,-0.08842412382364273,0.03409179300069809,0.012667939998209476,0.07908624410629272,0.0817938894033432,-0.10486289858818054,0.0018076356500387192,-0.026576386764645576,0.1201704740524292,0.018176086246967316,0.1211559846997261,-0.8303905725479126,0.034464336931705475,0.027634160593152046,0.8718942999839783,0.0070784082636237144,0.16101738810539246,0.057486485689878464,-0.7448463439941406,-0.01516652014106512,-0.15729211270809174,0.8241927623748779,-0.06016277149319649,0.07653847336769104,-0.07690900564193726]","[-1.6625860929489136,0.25523054599761963,0.12396294623613358,1.1398661136627197,0.12386909872293472,0.11245526373386383,-0.1679559051990509,0.14427068829536438,0.012275083921849728,-0.08370742201805115,0.48747655749320984,-0.13454604148864746,0.5190424919128418,-0.03588011488318443,1.0942816734313965,-0.336773157119751,-0.05057569220662117,-0.23539073765277863,0.5357407331466675,2.474013090133667,2.4836137294769287,1.630947470664978,-1.6305519342422485,0.23057657480239868,0.2839124798774719,0.34945231676101685,-3.6514580249786377,0.8542840480804443,-4.410788059234619]",0.016301870346069336,0.026791200041770935,0.016207534819841385,0.08313293755054474,0.09825620800256729,4.912810400128365,0,0,0,0.49855899810791016,0.4977611005306244,0.9930751323699951,0.9332178831100464,0.9989544749259949,0.9977991580963135,-0.0065566846169531345,-0.0,-0.0
66,1.32,66,"[-0.31861239671707153,0.008336312137544155,0.0009877862175926566,0.3008769452571869,0.07951932400465012,-0.004537214990705252,-0.3272949755191803,0.010269083082675934,-0.007046323735266924,0.31606197357177734,0.07276158779859543,-0.004291490186005831,-0.005032400134950876,-0.0037573399022221565,-0.2922874689102173,-0.23065246641635895,0.15349391102790833,-0.09236068278551102,0.1707635521888733,1.191487193107605,0.11200545728206635,1.345354676246643,-0.24593836069107056,-0.09813982248306274,-0.022624582052230835,0.1955820918083191,-1.6096972227096558,0.13792429864406586,-1.329244613647461]","[-0.3513057827949524,0.08258021622896194,0.031738460063934326,0.7324858903884888,-0.12759044766426086,0.02732403390109539,-0.17687883973121643,0.06608413904905319,-0.01773369498550892,0.3409501016139984,0.011140656657516956,-0.04774690791964531,0.04229632019996643,0.0333862341940403,-0.18668577075004578,-0.18693380057811737,0.13446877896785736,-0.07854632288217545,0.10843297839164734,1.1608694791793823,0.04777216166257858,1.2707655429840088,-0.2203727513551712,-0.11776815354824066,-0.02241414226591587,0.15926320850849152,-1.5860878229141235,0.17661702632904053,-1.2302312850952148]","[-0.036669522523880005,0.022796006873250008,-0.00029441143851727247,-0.030960142612457275,0.016544945538043976,6.449408829212189e-06,-0.014104694128036499,0.004649162292480469,0.006963708437979221,-0.07026270031929016,-0.014736130833625793,0.0016315956600010395,-0.011626061052083969,-0.002366740955039859,0.027170032262802124,-0.6818201541900635,0.08432716131210327,0.09298212826251984,0.9168785214424133,-0.07063746452331543,-0.12148898094892502,0.3087043762207031,-0.7133349776268005,0.01682192087173462,-0.09766338020563126,0.9488065242767334,0.023981928825378418,0.03132820129394531,-0.26327669620513916]","[-0.22815696895122528,0.12092189490795135,0.1030942052602768,0.39771291613578796,-0.08540686219930649,0.03097568266093731,-0.044573795050382614,0.04274703934788704,0.07807012647390366,-0.31561991572380066,0.10765933990478516,-0.023504745215177536,0.1274985820055008,-0.003725034650415182,0.10812698304653168,-0.8108302354812622,0.04069020226597786,0.03400255739688873,0.8835050463676453,0.006481585558503866,0.15436020493507385,0.06302835047245026,-0.7480811476707458,-0.01102998573333025,-0.14631253480911255,0.85267174243927,-0.06622874736785889,0.07599903643131256,-0.08421517163515091]","[-1.660060167312622,0.2553681433200836,0.12576483190059662,1.1614574193954468,0.11677233129739761,0.1118011474609375,-0.19047537446022034,0.14825010299682617,0.012739553116261959,-0.09136034548282623,0.49376317858695984,-0.134052574634552,0.5205355286598206,-0.03821089491248131,1.1142857074737549,-0.35647451877593994,-0.0426141582429409,-0.22953422367572784,0.5912723541259766,2.4768693447113037,2.5152649879455566,1.6568406820297241,-1.6339380741119385,0.23741480708122253,0.26904159784317017,0.40900325775146484,-3.662053108215332,0.8709861636161804,-4.4541850090026855]",0.016727443784475327,0.026083434000611305,0.016316700726747513,0.08395925164222717,0.09822381287813187,4.911190643906593,0,0,0,0.4984859824180603,0.49789533019065857,0.99285489320755,0.9313828945159912,0.9990708827972412,0.9979534149169922,-0.006453080102801323,-0.0,-0.0
67,1.34,67,"[-0.31923404335975647,0.00880344770848751,0.0009701305534690619,0.3003585636615753,0.07974620163440704,-0.004555630963295698,-0.32748153805732727,0.010357661172747612,-0.006924127694219351,0.31485289335250854,0.07239767909049988,-0.004261272959411144,-0.005244174040853977,-0.003813002957031131,-0.2919340133666992,-0.24415843188762665,0.15513071417808533,-0.09047504514455795,0.18938800692558289,1.1900449991226196,0.10938621312379837,1.3518558740615845,-0.26003745198249817,-0.09775146096944809,-0.024611374363303185,0.21477288007736206,-1.6091874837875366,0.13854177296161652,-1.3347963094711304]","[-0.35556793212890625,0.08497115224599838,0.03312516212463379,0.7401911020278931,-0.12927329540252686,0.027927204966545105,-0.1768694669008255,0.06722632050514221,-0.016429858282208443,0.3392750918865204,0.01200015563517809,-0.048186544328927994,0.04422857239842415,0.03354837745428085,-0.18512827157974243,-0.20296314358711243,0.1350143849849701,-0.07806084305047989,0.12707453966140747,1.1610682010650635,0.05054296553134918,1.272235631942749,-0.23471498489379883,-0.11800254136323929,-0.025545913726091385,0.17694541811943054,-1.5874531269073486,0.1780916005373001,-1.2323375940322876]","[-0.027304887771606445,0.023365138098597527,-0.0018220074707642198,-0.020800530910491943,0.0066785141825675964,-0.0011463183909654617,-0.0062622129917144775,0.004215119406580925,0.005770486313849688,-0.05212128162384033,-0.021582841873168945,0.001574191264808178,-0.009930658154189587,-0.003138784086331725,0.0061102211475372314,-0.6665605902671814,0.07758699357509613,0.08797608315944672,0.9413458704948425,-0.07472038269042969,-0.12832117080688477,0.31624436378479004,-0.6933398842811584,0.018430501222610474,-0.09743301570415497,0.9683840274810791,0.02638399600982666,0.03038756549358368,-0.26937127113342285]","[-0.21070773899555206,0.1167270839214325,0.05825077369809151,0.37372174859046936,-0.07966335117816925,0.02974274754524231,0.015669310465455055,0.053030192852020264,0.05176274850964546,-0.031025120988488197,0.022011347115039825,-0.021613389253616333,0.08859100937843323,0.008338406682014465,0.04572306200861931,-0.7837380766868591,0.022795099765062332,0.01730862259864807,0.948590099811554,0.012119578197598457,0.13281050324440002,0.0785602554678917,-0.6943325400352478,-0.01100218202918768,-0.15474320948123932,0.8981459140777588,-0.06795070320367813,0.07397562265396118,-0.11495237797498703]","[-1.6584938764572144,0.2565428912639618,0.12580527365207672,1.179858922958374,0.1103312149643898,0.11144231259822845,-0.20585373044013977,0.1553105115890503,0.013694330118596554,-0.09261535108089447,0.5003846883773804,-0.13370481133460999,0.5201631784439087,-0.04061594232916832,1.127326250076294,-0.37357091903686523,-0.035686347633600235,-0.22015352547168732,0.6448608636856079,2.475419282913208,2.5485575199127197,1.691531777381897,-1.6323786973953247,0.24697616696357727,0.25384071469306946,0.4597104787826538,-3.669293165206909,0.8893323540687561,-4.497869491577148]",0.017151854932308197,0.025657372549176216,0.016441458836197853,0.08474759757518768,0.09820318222045898,4.910159111022949,0,0,0,0.4984061121940613,0.4980064332485199,0.9926550388336182,0.9296480417251587,0.9992009997367859,0.9980927109718323,-0.005850145127624273,-0.0,-0.0
68,1.36,68,"[-0.3197045922279358,0.009270917624235153,0.0009149059187620878,0.3000449240207672,0.07978646457195282,-0.00458306772634387,-0.3275454640388489,0.01043768785893917,-0.006815504282712936,0.31397712230682373,0.07189827412366867,-0.004228522535413504,-0.005429626442492008,-0.0038828912656754255,-0.2920430600643158,-0.25731489062309265,0.15659739077091217,-0.08884163945913315,0.2084173858165741,1.1884983777999878,0.10687261074781418,1.3580044507980347,-0.273671954870224,-0.09740260243415833,-0.026521902531385422,0.23431745171546936,-1.6086418628692627,0.1391398012638092,-1.3400194644927979]","[-0.35958239436149597,0.08721435815095901,0.03420953452587128,0.7474064826965332,-0.1308221071958542,0.02849632129073143,-0.17654234170913696,0.06819825619459152,-0.01542428508400917,0.3390060067176819,0.012331009842455387,-0.04859244450926781,0.04601714015007019,0.03365224972367287,-0.18471284210681915,-0.21847425401210785,0.1353950798511505,-0.07776534557342529,0.1466798186302185,1.1613515615463257,0.053000546991825104,1.274070382118225,-0.2484394758939743,-0.11818812042474747,-0.028636474162340164,0.19554390013217926,-1.5888406038284302,0.17959171533584595,-1.2349845170974731]","[-0.0177919864654541,0.023918040096759796,-0.003307679435238242,-0.014811009168624878,0.0012060627341270447,-0.001824705395847559,0.0034458935260772705,0.005006510764360428,0.005417549982666969,-0.04328787326812744,-0.027341768145561218,0.0013173557817935944,-0.008785643614828587,-0.002847827272489667,-0.011973828077316284,-0.6607804298400879,0.07177777588367462,0.08613690733909607,0.9740844368934631,-0.0788569450378418,-0.1364057958126068,0.3219395875930786,-0.6840184330940247,0.019180402159690857,-0.09843805432319641,0.9954564571380615,0.027489662170410156,0.028185546398162842,-0.2788454294204712]","[-0.19033373892307281,0.10721603780984879,0.053517673164606094,0.3515053987503052,-0.0741565078496933,0.02773572877049446,0.01605975441634655,0.04520387202501297,0.0519222766160965,-0.008492720313370228,0.017032505944371223,-0.019334975630044937,0.08628204464912415,0.003687848336994648,0.012702101841568947,-0.7643488645553589,0.018453417345881462,0.014378958381712437,0.986915111541748,0.014740855433046818,0.12302127480506897,0.09722615778446198,-0.6831395030021667,-0.009055502712726593,-0.14908573031425476,0.9433909058570862,-0.06930308789014816,0.07444705814123154,-0.1382187455892563]","[-1.6556437015533447,0.25435468554496765,0.12813213467597961,1.1978411674499512,0.10309771448373795,0.11083289980888367,-0.22959348559379578,0.15694332122802734,0.013390972279012203,-0.10086877644062042,0.5041093826293945,-0.1336134970188141,0.5240907073020935,-0.04054852947592735,1.1416442394256592,-0.39461183547973633,-0.02963227406144142,-0.20945848524570465,0.6942561864852905,2.4739291667938232,2.580465793609619,1.7433644533157349,-1.6440659761428833,0.25166967511177063,0.24035507440567017,0.5098970532417297,-3.6751856803894043,0.9068450927734375,-4.54804801940918]",0.017543431371450424,0.025729941204190254,0.01660173200070858,0.08552822470664978,0.0981486439704895,4.907432198524475,0,0,0,0.49833208322525024,0.4980185031890869,0.9924505949020386,0.9279815554618835,0.999264121055603,0.9982467889785767,-0.0068611339665949345,-0.0,-0.0
69,1.3800000000000001,69,"[-0.31994572281837463,0.009760169312357903,0.0008378233760595322,0.2997661232948303,0.07979444414377213,-0.0046286191791296005,-0.3273437023162842,0.010557921603322029,-0.006707425694912672,0.31312137842178345,0.07130400836467743,-0.0042085787281394005,-0.005595599766820669,-0.0039269160479307175,-0.29241296648979187,-0.2705896496772766,0.1580018252134323,-0.08702956885099411,0.2283513844013214,1.186890721321106,0.10392998158931732,1.3647334575653076,-0.28739818930625916,-0.09698424488306046,-0.028548896312713623,0.2545911371707916,-1.6080878973007202,0.13966919481754303,-1.3459501266479492]","[-0.3630937933921814,0.08924377709627151,0.035243622958660126,0.7542588114738464,-0.13226677477359772,0.02902320958673954,-0.17624691128730774,0.06907717883586884,-0.014297699555754662,0.33890214562416077,0.012898551300168037,-0.04896983504295349,0.047711990773677826,0.03370742127299309,-0.18457432091236115,-0.23374904692173004,0.13574178516864777,-0.07746917009353638,0.16698196530342102,1.1616219282150269,0.05539163202047348,1.276347279548645,-0.26223230361938477,-0.11835518479347229,-0.031629227101802826,0.21506431698799133,-1.5902464389801025,0.18101482093334198,-1.23804771900177]","[-0.009988993406295776,0.024518882855772972,-0.00409409124404192,-0.01277625560760498,-0.0004159286618232727,-0.002045591827481985,0.011934340000152588,0.006471062079071999,0.005487620364874601,-0.041910260915756226,-0.03145001828670502,0.0010453397408127785,-0.00775110675022006,-0.0021135725546628237,-0.02690255641937256,-0.6633140444755554,0.06723664700984955,0.08583255112171173,1.0123580694198608,-0.08299946784973145,-0.14416594803333282,0.32579898834228516,-0.6841063499450684,0.01913551241159439,-0.10017962753772736,1.028548240661621,0.028330087661743164,0.025668367743492126,-0.2884775400161743]","[-0.1649986356496811,0.09640863537788391,0.05117391049861908,0.335442453622818,-0.06974097341299057,0.025645853951573372,0.015757836401462555,0.04102317616343498,0.05621208995580673,-0.003930274397134781,0.03337041288614273,-0.01839309185743332,0.08116696774959564,0.0022798869758844376,0.004538099281489849,-0.7557221055030823,0.016880681738257408,0.015116635710000992,1.0210717916488647,0.012934841215610504,0.12191324681043625,0.11968911439180374,-0.6909030079841614,-0.008473597466945648,-0.14543680846691132,0.9896016716957092,-0.07011231780052185,0.0689200609922409,-0.15839309990406036]","[-1.6537034511566162,0.2528093457221985,0.12868750095367432,1.2158149480819702,0.09568456560373306,0.11016881465911865,-0.24980393052101135,0.16040894389152527,0.014555527828633785,-0.10933156311511993,0.5084090232849121,-0.13448438048362732,0.5265237092971802,-0.040558960288763046,1.1534864902496338,-0.4172273278236389,-0.024656273424625397,-0.19781239330768585,0.7431724071502686,2.470895528793335,2.6117215156555176,1.8054795265197754,-1.6614787578582764,0.2553305923938751,0.22679230570793152,0.5554636120796204,-3.6787848472595215,0.923374354839325,-4.6016035079956055]",0.017945921048521996,0.02590850554406643,0.01677039824426174,0.08632770925760269,0.09810426831245422,4.905213415622711,0,0,0,0.4982549250125885,0.4980018734931946,0.9922466278076172,0.9263039827346802,0.9993384480476379,0.9984099268913269,-0.007342023309320211,-0.0,-0.0
70,1.4000000000000001,70,"[-0.3201041519641876,0.010251672938466072,0.0007511422736570239,0.299533873796463,0.07976982742547989,-0.00466489139944315,-0.3270680904388428,0.01069653034210205,-0.006595999468117952,0.3123007118701935,0.07064027339220047,-0.0041867089457809925,-0.005739670712500811,-0.0039674341678619385,-0.2931191623210907,-0.283847451210022,0.15928685665130615,-0.08540833741426468,0.24891170859336853,1.1851783990859985,0.10110597312450409,1.371036410331726,-0.30103620886802673,-0.09663718193769455,-0.030529087409377098,0.2754593789577484,-1.607508659362793,0.1401665359735489,-1.3515585660934448]","[-0.36612430214881897,0.0910077840089798,0.03634225204586983,0.7608806490898132,-0.13364805281162262,0.0295037142932415,-0.17643292248249054,0.06981663405895233,-0.012905284762382507,0.3371325433254242,0.014748569577932358,-0.04935484379529953,0.049396805465221405,0.03367619216442108,-0.1844257414340973,-0.2489728331565857,0.136114701628685,-0.07705891132354736,0.18787957727909088,1.161804437637329,0.05780407786369324,1.2790067195892334,-0.27645647525787354,-0.11850900948047638,-0.034544456750154495,0.23554439842700958,-1.5916624069213867,0.18226318061351776,-1.2414350509643555]","[-0.005595386028289795,0.024513598531484604,-0.0043169232085347176,-0.012786686420440674,-0.00022891908884048462,-0.0019966973923146725,0.01755431294441223,0.007608858868479729,0.006051943637430668,-0.04607290029525757,-0.033591128885746,0.0010937219485640526,-0.006986630614846945,-0.0015052850358188152,-0.038092583417892456,-0.6725654006004333,0.06451085209846497,0.08603949099779129,1.0537505149841309,-0.08732378482818604,-0.15176348388195038,0.3288537263870239,-0.6928637623786926,0.019226782023906708,-0.10293833911418915,1.066663146018982,0.028812885284423828,0.024352222681045532,-0.29911696910858154]","[-0.1419173628091812,0.08183640241622925,0.05401898920536041,0.327522873878479,-0.06872506439685822,0.023180793970823288,-0.025214340537786484,0.037034668028354645,0.07626248151063919,-0.09516441076993942,0.118440642952919,-0.01903519220650196,0.07744345813989639,-7.50329127185978e-05,0.008426441811025143,-0.7570675015449524,0.017609944567084312,0.02342286705970764,1.0521173477172852,0.00720909982919693,0.1253223568201065,0.1360914707183838,-0.7198867797851562,-0.008855709806084633,-0.14143016934394836,1.0409722328186035,-0.07078803330659866,0.05832487344741821,-0.17191609740257263]","[-1.6527084112167358,0.2523091733455658,0.12766993045806885,1.2337110042572021,0.08825556188821793,0.10980455577373505,-0.26639172434806824,0.1649388074874878,0.016661271452903748,-0.11816006898880005,0.5128676891326904,-0.13615763187408447,0.5282016396522522,-0.04088088497519493,1.1624491214752197,-0.4398232102394104,-0.02050890028476715,-0.1863798052072525,0.7907842397689819,2.466212511062622,2.6420834064483643,1.876650333404541,-1.6835564374923706,0.2591177523136139,0.2127699851989746,0.5961247086524963,-3.680727243423462,0.9395681619644165,-4.656842231750488]",0.01838916912674904,0.02601906843483448,0.016892630606889725,0.08696207404136658,0.09802708774805069,4.9013543874025345,0,0,0,0.49817031621932983,0.497987300157547,0.9920497536659241,0.924746036529541,0.9983766078948975,0.9977566003799438,-0.007732657715678215,-0.0,-0.0
71,1.42,71,"[-0.3201695382595062,0.010740713216364384,0.0006651464500464499,0.2992546558380127,0.0797852873802185,-0.004708487074822187,-0.3266415297985077,0.010862275958061218,-0.006465347949415445,0.31127846240997314,0.06996036320924759,-0.004164829850196838,-0.005875064991414547,-0.00398712744936347,-0.29393666982650757,-0.29749226570129395,0.1605822592973709,-0.08358798921108246,0.27050140500068665,1.1833977699279785,0.0978594422340393,1.3778876066207886,-0.31511273980140686,-0.09621517360210419,-0.03266642987728119,0.297257661819458,-1.6069353818893433,0.14064328372478485,-1.3579148054122925]","[-0.36871659755706787,0.09272024780511856,0.03712905943393707,0.767269492149353,-0.13496342301368713,0.029967255890369415,-0.17588970065116882,0.07064751535654068,-0.011744795367121696,0.33751726150512695,0.015498202294111252,-0.04978562518954277,0.05072258412837982,0.03382346034049988,-0.18451127409934998,-0.26409590244293213,0.13641241192817688,-0.07675366848707199,0.20970407128334045,1.1618907451629639,0.0601104199886322,1.2821414470672607,-0.29068276286125183,-0.11867112666368484,-0.037574417889118195,0.25706103444099426,-1.593035340309143,0.1832902431488037,-1.2453463077545166]","[-0.0048100948333740234,0.024142954498529434,-0.003953803330659866,-0.0149555504322052,0.0019486993551254272,-0.0017730984836816788,0.019505620002746582,0.008437619544565678,0.006923929322510958,-0.05367770791053772,-0.03384742885828018,0.0012169824913144112,-0.006240152288228273,-0.001010112464427948,-0.04482343792915344,-0.6887905597686768,0.06327256560325623,0.08661020547151566,1.0974317789077759,-0.09143054485321045,-0.158821240067482,0.33093392848968506,-0.7097639441490173,0.019012950360774994,-0.10687685757875443,1.1083990335464478,0.02917647361755371,0.024042651057243347,-0.3089487552642822]","[-0.12087816745042801,0.08537760376930237,0.03722289204597473,0.31182965636253357,-0.061933793127536774,0.022947225719690323,0.053372617810964584,0.03584335371851921,0.04751649871468544,0.02882552519440651,0.016676949337124825,-0.022526541724801064,0.06407597661018372,0.006248300429433584,-0.00843815691769123,-0.748164176940918,0.014944377355277538,0.012995356693863869,1.0980569124221802,0.003667535725980997,0.11157996207475662,0.16338226199150085,-0.7063887119293213,-0.007412868086248636,-0.15058653056621552,1.0887210369110107,-0.0664549320936203,0.0498189777135849,-0.20573380589485168]","[-1.652271032333374,0.253840833902359,0.12491750717163086,1.2509475946426392,0.08086944371461868,0.11002503335475922,-0.2774045169353485,0.170841246843338,0.019385918974876404,-0.12561897933483124,0.5172955989837646,-0.13834819197654724,0.5296090841293335,-0.041370000690221786,1.1680362224578857,-0.4604641795158386,-0.016737360507249832,-0.17581342160701752,0.8363713026046753,2.4594175815582275,2.6726508140563965,1.952624797821045,-1.7084357738494873,0.26439374685287476,0.19710901379585266,0.630961537361145,-3.6809799671173096,0.9566035270690918,-4.7113752365112305]",0.018816180527210236,0.02639768086373806,0.01709897629916668,0.08779900521039963,0.09802377223968506,4.901188611984253,0,0,0,0.4980810880661011,0.4979456663131714,0.9918312430381775,0.9230981469154358,0.9993910789489746,0.9985367655754089,-0.007695700507611036,-0.0,-0.0
72,1.44,72,"[-0.3202965557575226,0.01121739111840725,0.0005929901381023228,0.2989356517791748,0.0798477753996849,-0.004735815338790417,-0.3262878656387329,0.011034035123884678,-0.006319042295217514,0.310153603553772,0.06928637623786926,-0.004138029646128416,-0.0059892768040299416,-0.004007838666439056,-0.29491209983825684,-0.31139907240867615,0.1618177592754364,-0.08194392919540405,0.29280897974967957,1.1815211772918701,0.09475312381982803,1.3842737674713135,-0.32942676544189453,-0.09587666392326355,-0.03480416163802147,0.3197953402996063,-1.6063416004180908,0.14112824201583862,-1.3639165163040161]","[-0.37105947732925415,0.09444268047809601,0.03787527233362198,0.7734488844871521,-0.13615821301937103,0.03040333092212677,-0.17468158900737762,0.07144971191883087,-0.010463381186127663,0.33773621916770935,0.01572309620678425,-0.050274480134248734,0.05204496532678604,0.033932171761989594,-0.1846577674150467,-0.2791444659233093,0.1367267370223999,-0.07649020850658417,0.23198197782039642,1.1618987321853638,0.06224891543388367,1.2856473922729492,-0.30504050850868225,-0.118808813393116,-0.04067230224609375,0.2793416380882263,-1.594314455986023,0.18421126902103424,-1.2497578859329224]","[-0.007557868957519531,0.023079290986061096,-0.0035034159664064646,-0.017689913511276245,0.0048706308007240295,-0.0012480770237743855,0.017623603343963623,0.008802628144621849,0.00795014202594757,-0.06363317370414734,-0.02916976809501648,0.0014509889297187328,-0.0058045960031449795,-0.001033733133226633,-0.049132853746414185,-0.7112473249435425,0.06375163793563843,0.08686389774084091,1.1450834274291992,-0.09567737579345703,-0.16528722643852234,0.33317506313323975,-0.7338464260101318,0.019394420087337494,-0.11301115155220032,1.1554763317108154,0.02911388874053955,0.02435632050037384,-0.3185957670211792]","[-0.11520011723041534,0.0834909975528717,0.03862273320555687,0.30634844303131104,-0.05769295245409012,0.02109123393893242,0.05758119747042656,0.039759036153554916,0.07125594466924667,0.0036949273198843002,0.012758777476847172,-0.0246611125767231,0.06542941927909851,0.0036296132020652294,-0.005972691345959902,-0.7479429244995117,0.015926415100693703,0.01376215647906065,1.110502004623413,-0.0005728072137571871,0.1099691390991211,0.17668397724628448,-0.7226381301879883,-0.0072138686664402485,-0.15260685980319977,1.1214957237243652,-0.06227092817425728,0.044418420642614365,-0.2244378626346588]","[-1.6508586406707764,0.25464481115341187,0.12310566008090973,1.2689605951309204,0.07360953837633133,0.10991433262825012,-0.2904469966888428,0.17546513676643372,0.021806463599205017,-0.1353750377893448,0.520972728729248,-0.14094486832618713,0.5323419570922852,-0.04034795984625816,1.1726953983306885,-0.48233622312545776,-0.013406142592430115,-0.1658404916524887,0.8816673755645752,2.451829671859741,2.7005972862243652,2.0335681438446045,-1.741108775138855,0.2683083117008209,0.18314549326896667,0.6630978584289551,-3.6806282997131348,0.9734099507331848,-4.768666744232178]",0.019230443984270096,0.026890616863965988,0.017324626445770264,0.08870229125022888,0.09797047823667526,4.898523911833763,0,0,0,0.4979962110519409,0.4978652596473694,0.9915972948074341,0.9213792085647583,0.999360978603363,0.9986412525177002,-0.008316336199641228,-0.0,-0.0
73,1.46,73,"[-0.320471853017807,0.011663884855806828,0.0005250098183751106,0.29854705929756165,0.07998011261224747,-0.004758410155773163,-0.32593658566474915,0.011214381083846092,-0.0061473422683775425,0.30873313546180725,0.06879357248544693,-0.004106790293008089,-0.006107248831540346,-0.004028476774692535,-0.29590198397636414,-0.32594215869903564,0.16313232481479645,-0.08011343330144882,0.3163047432899475,1.1795706748962402,0.09124795347452164,1.3912146091461182,-0.34446659684181213,-0.09543939679861069,-0.0371868759393692,0.34347671270370483,-1.6057708263397217,0.1416175365447998,-1.3706586360931396]","[-0.3733986020088196,0.09608903527259827,0.038619011640548706,0.7796212434768677,-0.13733114302158356,0.03080274537205696,-0.17370229959487915,0.07236277312040329,-0.008790918625891209,0.33770111203193665,0.016087554395198822,-0.050837643444538116,0.05337538942694664,0.03401319682598114,-0.18476685881614685,-0.29425832629203796,0.1370542198419571,-0.07620956003665924,0.2544947862625122,1.161790370941162,0.06442094594240189,1.2893797159194946,-0.3197719156742096,-0.11895556002855301,-0.04387495666742325,0.3022049069404602,-1.5955263376235962,0.18496082723140717,-1.2544562816619873]","[-0.013285130262374878,0.021561840549111366,-0.002863873727619648,-0.021153688430786133,0.008748844265937805,-0.0006681540980935097,0.01238510012626648,0.008822698146104813,0.009042828343808651,-0.07390379905700684,-0.020665116608142853,0.0016736332327127457,-0.005562999285757542,-0.0014215242117643356,-0.05011260509490967,-0.7404670119285583,0.0652514398097992,0.08704550564289093,1.196901559829712,-0.09970366954803467,-0.17104148864746094,0.3352433443069458,-0.765208899974823,0.01948270946741104,-0.12089591473340988,1.2076691389083862,0.02918839454650879,0.02530999481678009,-0.3273576498031616]","[-0.11691656708717346,0.07933613657951355,0.03713567554950714,0.30784377455711365,-0.058221347630023956,0.019396431744098663,0.044160980731248856,0.04463090002536774,0.08390334993600845,-0.003497980535030365,0.020631656050682068,-0.028056982904672623,0.06504863500595093,0.003466694848611951,-0.00548894377425313,-0.7521082758903503,0.01638980023562908,0.01426294632256031,1.1233587265014648,-0.007161926943808794,0.11212783306837082,0.1878427267074585,-0.7411451935768127,-0.00778276426717639,-0.15907138586044312,1.1497433185577393,-0.05943805351853371,0.03496326878666878,-0.23757079243659973]","[-1.6482621431350708,0.25616902112960815,0.12054543197154999,1.2869747877120972,0.06703809648752213,0.10996370017528534,-0.29916730523109436,0.1814870536327362,0.02410532534122467,-0.1435035616159439,0.5250277519226074,-0.14402994513511658,0.5345792174339294,-0.038324322551488876,1.1744141578674316,-0.5024800300598145,-0.01036812737584114,-0.15676699578762054,0.9281076788902283,2.4422190189361572,2.726738691329956,2.1143710613250732,-1.775194525718689,0.27342689037323,0.16819947957992554,0.6917884349822998,-3.678818702697754,0.9903320074081421,-4.82377290725708]",0.019677961245179176,0.027315499261021614,0.017567506060004234,0.08971647173166275,0.0979299396276474,4.89649698138237,0,0,0,0.49790307879447937,0.49779224395751953,0.9913486242294312,0.9195324182510376,0.9993056058883667,0.9986774325370789,-0.008062385022640228,-0.0,-0.0
74,1.48,74,"[-0.3208279609680176,0.012079864740371704,0.00047843519132584333,0.29808950424194336,0.08019772917032242,-0.004762541502714157,-0.32579246163368225,0.01138694304972887,-0.0059573291800916195,0.3071974515914917,0.06845977157354355,-0.004071084316819906,-0.006211796775460243,-0.00406469963490963,-0.2969166040420532,-0.3410177528858185,0.16442781686782837,-0.07846210896968842,0.34068503975868225,1.1775330305099487,0.0879114642739296,1.3976835012435913,-0.36003512144088745,-0.09509735554456711,-0.039639998227357864,0.368102103471756,-1.6051740646362305,0.14214064180850983,-1.3770108222961426]","[-0.37571805715560913,0.09762208163738251,0.03938807547092438,0.785844624042511,-0.1385718584060669,0.031169777736067772,-0.1731821745634079,0.07328029721975327,-0.006966368295252323,0.3361835777759552,0.017445281147956848,-0.051590509712696075,0.05478774383664131,0.034097783267498016,-0.18481944501399994,-0.30951613187789917,0.13743147253990173,-0.0759064182639122,0.2773277461528778,1.1614941358566284,0.06663157045841217,1.2933639287948608,-0.3349666893482208,-0.1191042810678482,-0.04723154380917549,0.3256428837776184,-1.596712350845337,0.18546688556671143,-1.2593564987182617]","[-0.019440054893493652,0.019144244492053986,-0.0025030910037457943,-0.021666288375854492,0.011071376502513885,-1.9301660358905792e-05,0.005614757537841797,0.008035660721361637,0.00985952839255333,-0.08064284920692444,-0.006915256381034851,0.001639092806726694,-0.005678029265254736,-0.002356653567403555,-0.04892498254776001,-0.7722236514091492,0.06729066371917725,0.08602868765592575,1.2518852949142456,-0.10404586791992188,-0.17578266561031342,0.33766627311706543,-0.8005067706108093,0.02029966562986374,-0.13079699873924255,1.2653284072875977,0.029081106185913086,0.027032941579818726,-0.33503472805023193]","[-0.11221762001514435,0.06572864949703217,0.05202044919133186,0.31274402141571045,-0.06453503668308258,0.01709265075623989,-0.024455292150378227,0.0290136206895113,0.0984887108206749,-0.2813785970211029,0.2117214947938919,-0.0360570065677166,0.08405353128910065,-0.0057365912944078445,0.008512060157954693,-0.7666789293289185,0.025725824758410454,0.019863566383719444,1.1331441402435303,-0.01988602615892887,0.11965262144804001,0.19826377928256989,-0.7835240364074707,-0.006440688855946064,-0.16324065625667572,1.1793900728225708,-0.06000437214970589,0.021504389122128487,-0.24006830155849457]","[-1.6436357498168945,0.2581651210784912,0.11777102202177048,1.3051847219467163,0.061229534447193146,0.11010800302028656,-0.30471256375312805,0.18842127919197083,0.026046469807624817,-0.14975963532924652,0.5290718078613281,-0.14695745706558228,0.5368874073028564,-0.035360243171453476,1.1741716861724854,-0.5203990340232849,-0.007864803075790405,-0.14920638501644135,0.9752861261367798,2.4310367107391357,2.750260591506958,2.195981502532959,-1.8088654279708862,0.28000253438949585,0.1517319679260254,0.7181031107902527,-3.676210403442383,1.0079898834228516,-4.8759565353393555]",0.020168401300907135,0.027704106643795967,0.017798839136958122,0.09066341817378998,0.09788676351308823,4.894338175654411,0,0,0,0.49780142307281494,0.49771377444267273,0.9910818338394165,0.9176636934280396,0.999218761920929,0.9987033009529114,-0.00784527137875557,-0.0,-0.0
75,1.5,75,"[-0.32124945521354675,0.012429654598236084,0.0004248861805535853,0.29768040776252747,0.08042296767234802,-0.004759182222187519,-0.3257119953632355,0.011535807512700558,-0.005752961151301861,0.3055074214935303,0.06851696223020554,-0.004041226580739021,-0.006334370002150536,-0.004122742917388678,-0.29785898327827454,-0.3568311035633087,0.16582395136356354,-0.07667228579521179,0.36638015508651733,1.1754088401794434,0.0842166468501091,1.4047212600708008,-0.3764868676662445,-0.09462741017341614,-0.04241875559091568,0.39408984780311584,-1.6046075820922852,0.14269885420799255,-1.384060025215149]","[-0.377875953912735,0.09919889271259308,0.03985945135354996,0.7920866012573242,-0.1399804949760437,0.03152861073613167,-0.17257829010486603,0.07447608560323715,-0.005280803423374891,0.33561572432518005,0.018582647666335106,-0.05258076265454292,0.055940065532922745,0.03462962806224823,-0.18496856093406677,-0.3248823881149292,0.13774296641349792,-0.07568216323852539,0.30097946524620056,1.1609187126159668,0.06881320476531982,1.2977795600891113,-0.3504001796245575,-0.11929391324520111,-0.050819557160139084,0.34979552030563354,-1.5979255437850952,0.18567796051502228,-1.2644970417022705]","[-0.02566128969192505,0.016081636771559715,-0.0022087376564741135,-0.02046525478363037,0.012101605534553528,0.0004549161531031132,-0.0018402934074401855,0.0066736480221152306,0.010425667278468609,-0.08387267589569092,0.010324269533157349,0.0014377757906913757,-0.0059783924371004105,-0.003555102739483118,-0.04609525203704834,-0.8067891001701355,0.06906464695930481,0.08405987173318863,1.3104945421218872,-0.10814964771270752,-0.17964281141757965,0.34019947052001953,-0.8393995761871338,0.020714104175567627,-0.14209282398223877,1.3283096551895142,0.029280781745910645,0.029366090893745422,-0.3417760133743286]","[-0.10211248695850372,0.08378782868385315,0.016980627551674843,0.30683428049087524,-0.07077759504318237,0.018345562741160393,0.06162209063768387,0.06144086644053459,0.06577757745981216,0.019414693117141724,0.0012138483580201864,-0.052364327013492584,0.051670659333467484,0.03625268116593361,-0.01376939844340086,-0.7598751783370972,0.014012512750923634,0.00881575234234333,1.1931121349334717,-0.03227194398641586,0.10391690582036972,0.23011881113052368,-0.7648472189903259,-0.009493033401668072,-0.18060402572155,1.2171931266784668,-0.060267552733421326,0.006511429324746132,-0.26515135169029236]","[-1.6378498077392578,0.262691855430603,0.11295637488365173,1.3223382234573364,0.056170232594013214,0.11065535247325897,-0.30255573987960815,0.19945552945137024,0.027627840638160706,-0.14991532266139984,0.5327239036560059,-0.14964988827705383,0.5382397174835205,-0.03225001320242882,1.1709561347961426,-0.5320340991020203,-0.006295561790466309,-0.14389771223068237,1.0244314670562744,2.4164106845855713,2.772644281387329,2.2741305828094482,-1.8367213010787964,0.29028499126434326,0.13163065910339355,0.7413521409034729,-3.671449661254883,1.0289628505706787,-4.923671722412109]",0.020678330212831497,0.028130948543548584,0.018088674172759056,0.09172317385673523,0.09784911572933197,4.8924557864665985,0,0,0,0.49768346548080444,0.4976564943790436,0.9908023476600647,0.9157907962799072,0.9991248846054077,0.9986667037010193,-0.0072688446380198,-0.0,-0.0
76,1.52,76,"[-0.3218544125556946,0.01272313017398119,0.00039008568273857236,0.29727089405059814,0.08068179339170456,-0.004744344856590033,-0.32586607336997986,0.01165388897061348,-0.005540302488952875,0.30384254455566406,0.06887274235486984,-0.004013573285192251,-0.00645093247294426,-0.0042069037444889545,-0.29876041412353516,-0.3732893168926239,0.16719040274620056,-0.07509971410036087,0.39310482144355774,1.1732070446014404,0.08072575181722641,1.411291480064392,-0.3936111032962799,-0.0942687913775444,-0.04532371088862419,0.42123448848724365,-1.604002833366394,0.14331528544425964,-1.3906818628311157]","[-0.3797611892223358,0.10100553929805756,0.04020829126238823,0.798116147518158,-0.14140833914279938,0.03187938034534454,-0.17097368836402893,0.07563892006874084,-0.004168766550719738,0.3357762098312378,0.018486224114894867,-0.05370737239718437,0.057155072689056396,0.03550376743078232,-0.18523423373699188,-0.340206116437912,0.13801848888397217,-0.075541652739048,0.32538822293281555,1.160103440284729,0.07062346488237381,1.3027746677398682,-0.3658067286014557,-0.11947501450777054,-0.054616156965494156,0.37454089522361755,-1.5991485118865967,0.1857205629348755,-1.2700836658477783]","[-0.030788779258728027,0.012066052295267582,-0.002593044424429536,-0.014966726303100586,0.009997375309467316,0.0009404844604432583,-0.008359551429748535,0.0045748427510261536,0.010435551404953003,-0.08036121726036072,0.028347037732601166,0.0008861534297466278,-0.006896199192851782,-0.005336967296898365,-0.04518255591392517,-0.839985191822052,0.07036440074443817,0.07855333387851715,1.3717197179794312,-0.11016130447387695,-0.18184110522270203,0.3450125455856323,-0.8765064477920532,0.02141278237104416,-0.15584221482276917,1.3949036598205566,0.028878450393676758,0.030501186847686768,-0.35089850425720215]","[-0.09042375534772873,0.08844343572854996,0.020770037546753883,0.2967306673526764,-0.06993311643600464,0.016799673438072205,0.07996343076229095,0.05305749550461769,0.05685555562376976,0.0019051259150728583,-0.003276558592915535,-0.04895799979567528,0.06412137299776077,0.04082946851849556,-0.01153226662427187,-0.7627952098846436,0.01358798611909151,0.006903959438204765,1.2192028760910034,-0.04320207238197327,0.08973528444766998,0.252018541097641,-0.771621584892273,-0.00951006356626749,-0.18895769119262695,1.2409871816635132,-0.06037960201501846,0.0012226889375597239,-0.2831343114376068]","[-1.6298753023147583,0.26291975378990173,0.11203387379646301,1.3422632217407227,0.05116850882768631,0.11022666096687317,-0.3091261684894562,0.20578446984291077,0.027633026242256165,-0.15464569628238678,0.5359014272689819,-0.15152454376220703,0.5444800853729248,-0.028331544250249863,1.1701626777648926,-0.5479360222816467,-0.004636265337467194,-0.13936622440814972,1.070510983467102,2.4047422409057617,2.792102575302124,2.3604607582092285,-1.870580792427063,0.2983377277851105,0.11324634402990341,0.7667240500450134,-3.6689181327819824,1.0495638847351074,-4.97184944152832]",0.02114303782582283,0.028717126697301865,0.0184330977499485,0.09294863790273666,0.09778272360563278,4.889136180281639,0,0,0,0.4975750148296356,0.4975542426109314,0.9904876351356506,0.9137860536575317,0.9990391135215759,0.9986806511878967,-0.007986465469002724,-0.0,-0.0
77,1.54,77,"[-0.3224810063838959,0.012912296690046787,0.0003211644070688635,0.29708173871040344,0.08082286268472672,-0.004721562843769789,-0.3260463774204254,0.011718801222741604,-0.005335539113730192,0.30229297280311584,0.06965084373950958,-0.004005780443549156,-0.006610217969864607,-0.004336221609264612,-0.29966628551483154,-0.3904305100440979,0.16863852739334106,-0.0735301524400711,0.4212489426136017,1.1710023880004883,0.07694300264120102,1.418521761894226,-0.41154712438583374,-0.09377089887857437,-0.048652444034814835,0.4498859941959381,-1.603452444076538,0.14391890168190002,-1.398095965385437]","[-0.3815564811229706,0.10275094211101532,0.04062148183584213,0.804038405418396,-0.14283494651317596,0.03218890726566315,-0.16956208646297455,0.07683109492063522,-0.002796814776957035,0.3357151448726654,0.018518326804041862,-0.054672569036483765,0.05856369063258171,0.03633105009794235,-0.18542683124542236,-0.35570693016052246,0.13828144967556,-0.07544341683387756,0.3502132296562195,1.1590946912765503,0.0722571536898613,1.3080707788467407,-0.3813805878162384,-0.11966852098703384,-0.058625973761081696,0.3996020257472992,-1.6003789901733398,0.18567262589931488,-1.2759052515029907]","[-0.03414154052734375,0.007418077439069748,-0.0031292729545384645,-0.007014721632003784,0.004887580871582031,0.0011655385605990887,-0.012947618961334229,0.0019703758880496025,0.009995874017477036,-0.07269755005836487,0.04617422819137573,0.00012067612260580063,-0.008074403740465641,-0.007359182927757502,-0.04650428891181946,-0.8716084361076355,0.07032528519630432,0.07076822221279144,1.4355354309082031,-0.11087357997894287,-0.18278230726718903,0.3503859043121338,-0.9114980697631836,0.021164678037166595,-0.17002886533737183,1.464754343032837,0.028911232948303223,0.03139190375804901,-0.36017894744873047]","[-0.08893437683582306,0.0831209346652031,0.021788137033581734,0.2935890853404999,-0.07080172747373581,0.014795365743339062,0.06456833332777023,0.05789509415626526,0.06936325132846832,-0.004482066724449396,0.003895043395459652,-0.04281650111079216,0.07083777338266373,0.03820803388953209,-0.009156272746622562,-0.7725406289100647,0.012814266607165337,0.004355060867965221,1.2390378713607788,-0.052540380507707596,0.08289331942796707,0.2653392553329468,-0.779178261756897,-0.010131357237696648,-0.19971837103366852,1.2537940740585327,-0.061144132167100906,-0.00196481728926301,-0.2924705147743225]","[-1.6223573684692383,0.26238730549812317,0.11027522385120392,1.3629074096679688,0.0465012863278389,0.1096971184015274,-0.31311681866645813,0.21527817845344543,0.027510598301887512,-0.15675827860832214,0.5391098260879517,-0.15349379181861877,0.5498290061950684,-0.024652626365423203,1.167520523071289,-0.5623928904533386,-0.0032632015645503998,-0.13685205578804016,1.118789792060852,2.393113613128662,2.8094289302825928,2.4484236240386963,-1.9006445407867432,0.3078238368034363,0.093501977622509,0.791705310344696,-3.6664466857910156,1.0713907480239868,-5.0191826820373535]",0.021623879671096802,0.029111266136169434,0.018781224265694618,0.094246044754982,0.09772855043411255,4.886427521705627,0,0,0,0.4974617660045624,0.4974823594093323,0.990172266960144,0.9117286801338196,0.9989635944366455,0.9986855983734131,-0.008066794835031033,-0.0,-0.0
78,1.56,78,"[-0.32322007417678833,0.01301985327154398,0.0002649147645570338,0.296990305185318,0.08087729662656784,-0.004697723314166069,-0.3263839781284332,0.011732704006135464,-0.005140467546880245,0.30093464255332947,0.07071971148252487,-0.004008746240288019,-0.006773908622562885,-0.004501271061599255,-0.30062058568000793,-0.4081536531448364,0.17000341415405273,-0.07226898521184921,0.45052623748779297,1.1687721014022827,0.07341445982456207,1.4253069162368774,-0.43007102608680725,-0.09342220425605774,-0.05212486535310745,0.47982466220855713,-1.602846384048462,0.1445709615945816,-1.405089020729065]","[-0.38335558772087097,0.10437467694282532,0.0409846305847168,0.8099116086959839,-0.14429393410682678,0.03246981278061867,-0.16840563714504242,0.07808326184749603,-0.0014673415571451187,0.33563002943992615,0.018602577969431877,-0.055588096380233765,0.06002925708889961,0.03715391084551811,-0.18562006950378418,-0.37134140729904175,0.13851839303970337,-0.07541905343532562,0.37539416551589966,1.1579123735427856,0.0737859383225441,1.3136264085769653,-0.3970066010951996,-0.1198703944683075,-0.06291482597589493,0.4248036742210388,-1.6016515493392944,0.18545353412628174,-1.2818734645843506]","[-0.033852458000183105,0.003582192584872246,-0.004367101471871138,0.0025503337383270264,-0.0031275674700737,0.0009126262739300728,-0.014071911573410034,-0.00027511268854141235,0.008538970723748207,-0.061086565256118774,0.06109215319156647,-0.0003735767677426338,-0.007647392340004444,-0.008338573388755322,-0.04917159676551819,-0.8981183171272278,0.06731785833835602,0.05877148360013962,1.4956861734390259,-0.11133849620819092,-0.17813928425312042,0.3473818302154541,-0.9408831596374512,0.0179145485162735,-0.1829570233821869,1.5325896739959717,0.030282139778137207,0.03264434635639191,-0.3595411777496338]","[-0.08941198140382767,0.07727344334125519,0.017822645604610443,0.29099369049072266,-0.07264211773872375,0.01363514643162489,0.05430015176534653,0.05967981368303299,0.06038287281990051,-0.003974710125476122,0.0037958098109811544,-0.04239122197031975,0.07217559218406677,0.039600957185029984,-0.010159658268094063,-0.7770839333534241,0.011326724663376808,0.00029630152857862413,1.2554552555084229,-0.061011020094156265,0.078167624771595,0.27854853868484497,-0.7793560028076172,-0.010343699716031551,-0.213243305683136,1.2580969333648682,-0.06381184607744217,-0.010840403847396374,-0.29908835887908936]","[-1.6147080659866333,0.2613332271575928,0.10872243344783783,1.3825968503952026,0.04137007147073746,0.109355628490448,-0.316194087266922,0.22476956248283386,0.02701486647129059,-0.15635141730308533,0.5420945882797241,-0.1550002098083496,0.5537368655204773,-0.01987820491194725,1.1629278659820557,-0.5747230648994446,-0.0028017833828926086,-0.1373150497674942,1.1636048555374146,2.383235454559326,2.824956178665161,2.5426137447357178,-1.9253764152526855,0.3183511793613434,0.07059305161237717,0.8140509724617004,-3.6644763946533203,1.0948792695999146,-5.065000534057617]",0.02211782895028591,0.029426641762256622,0.019137544557452202,0.0954752042889595,0.09767284244298935,4.8836421221494675,0,0,0,0.49734213948249817,0.49742391705513,0.9898496866226196,0.9097515344619751,0.9988882541656494,0.9985965490341187,-0.008209633640944958,-0.0,-0.0
79,1.58,79,"[-0.3238351047039032,0.013055584393441677,0.00014648034994024783,0.2971837520599365,0.08069775998592377,-0.004685057792812586,-0.3266092538833618,0.011707796715199947,-0.004993980284780264,0.2998495101928711,0.07209452986717224,-0.0040207235142588615,-0.006916113663464785,-0.004669764544814825,-0.30163314938545227,-0.426355242729187,0.1713312417268753,-0.07117929309606552,0.4810763895511627,1.1665488481521606,0.0698174312710762,1.4324170351028442,-0.4491824507713318,-0.09305431693792343,-0.055970724672079086,0.5111895799636841,-1.6022411584854126,0.1452246755361557,-1.4124776124954224]","[-0.3851754665374756,0.10588182508945465,0.041254639625549316,0.815705418586731,-0.1457870602607727,0.03273579478263855,-0.16741257905960083,0.07932534068822861,-0.00039427197771146894,0.3355772793292999,0.01863119937479496,-0.056452613323926926,0.06149079278111458,0.038022369146347046,-0.18585239350795746,-0.3869550824165344,0.1387169361114502,-0.07548706233501434,0.40074846148490906,1.1565918922424316,0.0752696841955185,1.3194173574447632,-0.4125290513038635,-0.12007160484790802,-0.06747777760028839,0.44992825388908386,-1.6029996871948242,0.18500229716300964,-1.2879345417022705]","[-0.030451267957687378,0.00023553147912025452,-0.00595216266810894,0.012639164924621582,-0.013818778097629547,0.00039653386920690536,-0.012076646089553833,-0.0022865599021315575,0.00664745457470417,-0.048232823610305786,0.07346309721469879,-0.0007516006007790565,-0.006106321234256029,-0.008557376451790333,-0.05401894450187683,-0.9178422689437866,0.06147846579551697,0.04555899649858475,1.5500575304031372,-0.11060535907745361,-0.17080549895763397,0.34140050411224365,-0.9628646373748779,0.012506544589996338,-0.19373176991939545,1.5948072671890259,0.03241300582885742,0.033748894929885864,-0.3549128770828247]","[-0.09060920029878616,0.07157803326845169,0.012978830374777317,0.2861383259296417,-0.07416241616010666,0.013050512410700321,0.04713107645511627,0.05844748392701149,0.04728442057967186,-0.002087787725031376,3.411929719732143e-05,-0.03953208774328232,0.07135380059480667,0.04228593781590462,-0.012369178235530853,-0.7729146480560303,0.009337943978607655,-0.004424344748258591,1.2594728469848633,-0.06724468618631363,0.07692276686429977,0.28958162665367126,-0.7712989449501038,-0.010160360485315323,-0.22594761848449707,1.2495646476745605,-0.06791453808546066,-0.02246299386024475,-0.30270305275917053]","[-1.6075329780578613,0.25990283489227295,0.10762959718704224,1.4012811183929443,0.035311318933963776,0.10923530161380768,-0.319886714220047,0.23328110575675964,0.02676241099834442,-0.15450230240821838,0.5444768667221069,-0.15600892901420593,0.5563322901725769,-0.014268096536397934,1.156285047531128,-0.5856578946113586,-0.0033461935818195343,-0.14080271124839783,1.204586148262024,2.3763926029205322,2.839876890182495,2.6439871788024902,-1.9458545446395874,0.32954302430152893,0.045399442315101624,0.8337373733520508,-3.6633362770080566,1.1204088926315308,-5.111427307128906]",0.02261699177324772,0.029476014897227287,0.019487738609313965,0.09672743827104568,0.09761039167642593,4.880519583821297,0,0,0,0.49721765518188477,0.4974106252193451,0.9895306825637817,0.90782231092453,0.9988268613815308,0.9983877539634705,-0.00867602787911892,-0.0,-0.0
80,1.6,80,"[-0.3244381248950958,0.01302927453070879,2.6828256523003802e-05,0.29749587178230286,0.08032454550266266,-0.004681861959397793,-0.3268670439720154,0.011641241610050201,-0.004874569363892078,0.29900532960891724,0.07365823537111282,-0.0040388102643191814,-0.0070181614719331264,-0.004843566101044416,-0.302781343460083,-0.444867342710495,0.1724625527858734,-0.07044662535190582,0.5125285387039185,1.1643478870391846,0.06658224016427994,1.4389629364013672,-0.4685856103897095,-0.09292194247245789,-0.05987413600087166,0.5436169505119324,-1.6015498638153076,0.14592091739177704,-1.419285535812378]","[-0.3870496451854706,0.10724243521690369,0.04144442826509476,0.821355938911438,-0.14729881286621094,0.03299359977245331,-0.16658218204975128,0.08045896142721176,0.00044412253191694617,0.33556631207466125,0.01861034892499447,-0.057184603065252304,0.0629100576043129,0.03890460729598999,-0.18616321682929993,-0.4023018181324005,0.13887332379817963,-0.07565248757600784,0.42586684226989746,1.1551945209503174,0.07680993527173996,1.3253345489501953,-0.4277448058128357,-0.12026467174291611,-0.07223842293024063,0.47462764382362366,-1.6044305562973022,0.18430739641189575,-1.293994665145874]","[-0.02353861927986145,-0.0029137590900063515,-0.007092816289514303,0.02141222357749939,-0.02597607672214508,0.00013533281162381172,-0.007084757089614868,-0.0040685757994651794,0.004485284443944693,-0.034897029399871826,0.08279494941234589,-0.0016230391338467598,-0.003902846947312355,-0.00810687243938446,-0.05864724516868591,-0.9214311838150024,0.05267225205898285,0.030701234936714172,1.5828826427459717,-0.10658502578735352,-0.15973728895187378,0.3302246332168579,-0.9669974446296692,0.005518272519111633,-0.20126375555992126,1.6341924667358398,0.0344693660736084,0.03339797258377075,-0.34419000148773193]","[-0.09474939852952957,0.06369838863611221,0.009215686470270157,0.2777819335460663,-0.074772410094738,0.012699790298938751,0.03775227814912796,0.05251066014170647,0.0385872982442379,-0.00012536173744592816,-0.0022196173667907715,-0.033785492181777954,0.06870169937610626,0.04215489327907562,-0.01796751096844673,-0.7546094655990601,0.00731717748567462,-0.009293963201344013,1.2394155263900757,-0.07003898918628693,0.08108646422624588,0.29366305470466614,-0.7515318393707275,-0.009589780122041702,-0.23383651673793793,1.2210683822631836,-0.0718626156449318,-0.034036699682474136,-0.3006944954395294]","[-1.6005229949951172,0.25814110040664673,0.10733185708522797,1.41781747341156,0.028202392160892487,0.10918071866035461,-0.3252579867839813,0.2405526340007782,0.026844367384910583,-0.15252381563186646,0.5463626384735107,-0.15606209635734558,0.5571692585945129,-0.008351113647222519,1.1472253799438477,-0.5947147607803345,-0.005147863179445267,-0.14752508699893951,1.2393028736114502,2.3728060722351074,2.853529691696167,2.750890016555786,-1.9618943929672241,0.34031620621681213,0.018685847520828247,0.8494662642478943,-3.6621248722076416,1.147721767425537,-5.159847259521484]",0.0231056809425354,0.02932019717991352,0.019836686551570892,0.0979350283741951,0.09755279123783112,4.877639561891556,0,0,0,0.49709245562553406,0.497432142496109,0.9892135858535767,0.905990481376648,0.9988077878952026,0.9980897307395935,-0.00898640789091587,-0.0,-0.0
81,1.62,81,"[-0.32477664947509766,0.012939034029841423,-0.00013723228767048568,0.2980402410030365,0.07965871691703796,-0.004679644480347633,-0.3268926441669464,0.01154505368322134,-0.004814568907022476,0.2984536290168762,0.07540632784366608,-0.004085645079612732,-0.007072227541357279,-0.004994039423763752,-0.3039790391921997,-0.4632124900817871,0.17343813180923462,-0.06995124369859695,0.5443916916847229,1.1622854471206665,0.06342794001102448,1.4456260204315186,-0.48786234855651855,-0.09283358603715897,-0.0640212744474411,0.5765572786331177,-1.6008623838424683,0.14656059443950653,-1.4262452125549316]","[-0.38927897810935974,0.1084190234541893,0.041578639298677444,0.826785683631897,-0.14881086349487305,0.03324594348669052,-0.1662224680185318,0.08144062757492065,0.0011841901578009129,0.3355792760848999,0.018556952476501465,-0.057793594896793365,0.06426546722650528,0.039724647998809814,-0.18705414235591888,-0.4169529378414154,0.1389845609664917,-0.07593753933906555,0.45028677582740784,1.1537870168685913,0.078467957675457,1.3312219381332397,-0.44227737188339233,-0.12043660879135132,-0.07703017443418503,0.49853000044822693,-1.6059141159057617,0.18338192999362946,-1.2999327182769775]","[-0.013722479343414307,-0.005923956632614136,-0.007774032186716795,0.029227882623672485,-0.03953203558921814,-3.186287358403206e-05,0.0005595386028289795,-0.0057911500334739685,0.0021941494196653366,-0.022258609533309937,0.08995030075311661,-0.0026752473786473274,-0.0014562741853296757,-0.007121078670024872,-0.06387680768966675,-0.9085536003112793,0.041898712515830994,0.016582012176513672,1.593017578125,-0.1002579927444458,-0.14767050743103027,0.31799376010894775,-0.9534001350402832,-0.0019554048776626587,-0.20442242920398712,1.6490042209625244,0.036340951919555664,0.032253190875053406,-0.33197104930877686]","[-0.11556074023246765,0.0535493940114975,0.006741044111549854,0.2651844322681427,-0.07439485937356949,0.012456892989575863,0.010804497636854649,0.044295426458120346,0.03608183562755585,0.0008868820732459426,-0.00365818222053349,-0.02881632372736931,0.06512239575386047,0.037528783082962036,-0.05312258377671242,-0.713472843170166,0.005079855211079121,-0.0159154050052166,1.197158932685852,-0.06959512084722519,0.08765475451946259,0.28994259238243103,-0.7110708951950073,-0.008276736363768578,-0.23285169899463654,1.1746522188186646,-0.07373134046792984,-0.04516776278614998,-0.29276010394096375]","[-1.5941321849822998,0.2563779056072235,0.10763683915138245,1.4320411682128906,0.02022651582956314,0.10921505093574524,-0.33258190751075745,0.24650153517723083,0.027179643511772156,-0.15111909806728363,0.5476697683334351,-0.15509748458862305,0.5563138127326965,-0.002543773502111435,1.1356124877929688,-0.602247416973114,-0.00834323838353157,-0.15714485943317413,1.268691062927246,2.372490167617798,2.865954875946045,2.8610997200012207,-1.974346399307251,0.35033199191093445,-0.00880015641450882,0.8615684509277344,-3.66031813621521,1.1764870882034302,-5.2114667892456055]",0.023579083383083344,0.029005685821175575,0.02017148770391941,0.09915619343519211,0.09749807417392731,4.874903708696365,0,0,0,0.4969676434993744,0.49748745560646057,0.9889146089553833,0.9042583703994751,0.998810887336731,0.9977395534515381,-0.009274729527533054,-0.0,-0.0
82,1.6400000000000001,82,"[-0.3249870240688324,0.012792316265404224,-0.00028413301333785057,0.29866498708724976,0.07874326407909393,-0.004683136474341154,-0.3268446624279022,0.011409595608711243,-0.004786803387105465,0.29811498522758484,0.07725624740123749,-0.0041458201594650745,-0.0070764124393463135,-0.005128409247845411,-0.3053364157676697,-0.48120948672294617,0.17413850128650665,-0.06978334486484528,0.5762492418289185,1.1603375673294067,0.06067541986703873,1.451682686805725,-0.5067216157913208,-0.09300015866756439,-0.06805103272199631,0.6095771193504333,-1.6000962257385254,0.14721104502677917,-1.432564377784729]","[-0.3916412591934204,0.10932084172964096,0.04167025536298752,0.8318606615066528,-0.15028885006904602,0.033500708639621735,-0.1661366969347,0.08220360428094864,0.0019191850442439318,0.33559903502464294,0.018456805497407913,-0.058308519423007965,0.06557533890008926,0.04033160209655762,-0.188348188996315,-0.4307548999786377,0.13905957341194153,-0.0767054632306099,0.47353479266166687,1.1523905992507935,0.08070981502532959,1.336951494216919,-0.45573246479034424,-0.12059014290571213,-0.08187053352594376,0.5210604667663574,-1.6074045896530151,0.18222352862358093,-1.305616855621338]","[-0.006023049354553223,-0.008027395233511925,-0.0077279736287891865,0.03306493163108826,-0.050135888159275055,0.00015040859580039978,0.007272511720657349,-0.007041729986667633,-0.00033889664337038994,-0.011982768774032593,0.09306725114583969,-0.0031291041523218155,0.0013382523320615292,-0.0049771275371313095,-0.06466880440711975,-0.8724957704544067,0.027321279048919678,0.00365283340215683,1.5593677759170532,-0.09115338325500488,-0.13076969981193542,0.2926766872406006,-0.9135618805885315,-0.011345185339450836,-0.20049475133419037,1.6171202659606934,0.036710500717163086,0.031207501888275146,-0.3077864646911621]","[-0.11688973009586334,0.038660380989313126,0.004460508935153484,0.24482952058315277,-0.07196146249771118,0.012742042541503906,0.0018088333308696747,0.03270426765084267,0.03679604455828667,0.0009930565720424056,-0.0060453396290540695,-0.024275362491607666,0.06296911835670471,0.024608666077256203,-0.06828641146421432,-0.6685966849327087,0.003924692515283823,-0.04405693709850311,1.131273865699768,-0.06875252723693848,0.12146419286727905,0.2801714837551117,-0.6501258611679077,-0.007240233477205038,-0.23545295000076294,1.0949281454086304,-0.07320622354745865,-0.055841635912656784,-0.2779351472854614]","[-1.586142659187317,0.25558388233184814,0.10895712673664093,1.442466378211975,0.011346109211444855,0.1096639484167099,-0.3418886363506317,0.2511114776134491,0.027691379189491272,-0.14987577497959137,0.5479812622070312,-0.15321820974349976,0.5533382296562195,0.003636512905359268,1.1233577728271484,-0.6076291799545288,-0.013060223311185837,-0.16915124654769897,1.2872470617294312,2.3753299713134766,2.875663995742798,2.967970609664917,-1.9817723035812378,0.35830414295196533,-0.03723890334367752,0.865288257598877,-3.656095027923584,1.2061251401901245,-5.266643524169922]",0.024012716487050056,0.0286372322589159,0.02050352469086647,0.10034534335136414,0.09746434539556503,4.873217269778252,0,0,0,0.49684956669807434,0.4975511133670807,0.9886309504508972,0.9026482701301575,0.9989029765129089,0.9973893165588379,-0.008754955604672432,-0.0,-0.0
83,1.6600000000000001,83,"[-0.3250175714492798,0.012617938220500946,-0.00044635121594183147,0.29936283826828003,0.07765328139066696,-0.004673628136515617,-0.3266017436981201,0.011263384483754635,-0.004828124772757292,0.2979743182659149,0.07912901788949966,-0.0042108092457056046,-0.007018697448074818,-0.005193124525249004,-0.3065657913684845,-0.4981123208999634,0.1745309829711914,-0.06980513036251068,0.606766402721405,1.1586393117904663,0.058197151869535446,1.4573330879211426,-0.5244048237800598,-0.093287393450737,-0.07204106450080872,0.6412420868873596,-1.5993939638137817,0.14780889451503754,-1.4385566711425781]","[-0.3941299617290497,0.10992767661809921,0.04174145683646202,0.8364477157592773,-0.15169261395931244,0.033762991428375244,-0.16638432443141937,0.08273044973611832,0.0026751148980110884,0.3356238305568695,0.018329299986362457,-0.05872131139039993,0.06681645661592484,0.040638893842697144,-0.19009408354759216,-0.4433068037033081,0.13912713527679443,-0.07800193130970001,0.49494469165802,1.151054859161377,0.08362483978271484,1.3423149585723877,-0.46769025921821594,-0.12071596086025238,-0.08661846071481705,0.5415744781494141,-1.6088292598724365,0.18085987865924835,-1.310884952545166]","[0.0010468065738677979,-0.009518326260149479,-0.007247611880302429,0.035212934017181396,-0.05875397473573685,0.0004676869139075279,0.014281272888183594,-0.007989699952304363,-0.0027243630029261112,-0.004123896360397339,0.09325463324785233,-0.0033490126952528954,0.004158099181950092,-0.002130749635398388,-0.06148442625999451,-0.8137010335922241,0.011594593524932861,-0.005579367280006409,1.4824435710906982,-0.08001327514648438,-0.11350829154253006,0.26531219482421875,-0.8491113781929016,-0.02012047916650772,-0.1904815435409546,1.538810133934021,0.035315752029418945,0.030557066202163696,-0.28107762336730957]","[-0.12339338660240173,0.024228619411587715,0.003675994463264942,0.21852600574493408,-0.06762896478176117,0.01317105907946825,-0.016154058277606964,0.021174974739551544,0.037790700793266296,0.0014143065782263875,-0.0065801204182207584,-0.01899978704750538,0.05835757777094841,0.009609396569430828,-0.09092414379119873,-0.5982424020767212,0.003933202940970659,-0.06811355799436569,1.0265617370605469,-0.064516581594944,0.15240448713302612,0.2585543692111969,-0.5692734122276306,-0.005589890293776989,-0.2275417298078537,0.9830483794212341,-0.06861016899347305,-0.06584390997886658,-0.25434550642967224]","[-1.5775079727172852,0.2555907368659973,0.11123567819595337,1.4492961168289185,0.0020042136311531067,0.11023040115833282,-0.35483017563819885,0.25356438755989075,0.02845190465450287,-0.14964355528354645,0.5477230548858643,-0.1505933701992035,0.5487585067749023,0.01032939925789833,1.1113286018371582,-0.6109650135040283,-0.019101809710264206,-0.1820656955242157,1.2942302227020264,2.380202531814575,2.882842779159546,3.0653152465820312,-1.9873725175857544,0.3639391362667084,-0.06553956866264343,0.861823558807373,-3.6496567726135254,1.2363152503967285,-5.324784755706787]",0.024384774267673492,0.028417805209755898,0.020823735743761063,0.10148929804563522,0.09744467586278915,4.872233793139458,0,0,0,0.49674496054649353,0.4975866675376892,0.988375186920166,0.901167094707489,0.9990412592887878,0.9971333742141724,-0.007814660668373108,-0.0,-0.0
84,1.68,84,"[-0.3249451518058777,0.012411583214998245,-0.0005740374908782542,0.300073504447937,0.07639310508966446,-0.004664428997784853,-0.3262734115123749,0.011090007610619068,-0.004895777907222509,0.29795002937316895,0.08098643273115158,-0.00427978066727519,-0.00691008847206831,-0.005213639233261347,-0.30779579281806946,-0.5137575268745422,0.17460228502750397,-0.07000651955604553,0.6355469822883606,1.1571370363235474,0.056135088205337524,1.4622951745986938,-0.5406860709190369,-0.0938049778342247,-0.07567029446363449,0.6711295247077942,-1.5986835956573486,0.14843332767486572,-1.4438074827194214]","[-0.39683371782302856,0.1102934405207634,0.041825972497463226,0.8404333591461182,-0.15298916399478912,0.034035492688417435,-0.16715309023857117,0.08305903524160385,0.0034433903638273478,0.3356684446334839,0.018247749656438828,-0.05901623144745827,0.06789045035839081,0.04076113924384117,-0.19233058393001556,-0.4539526104927063,0.13920463621616364,-0.07961020618677139,0.5134791135787964,1.1498522758483887,0.0871182382106781,1.347043752670288,-0.47781816124916077,-0.12081009149551392,-0.09096823632717133,0.5593204498291016,-1.610106348991394,0.17923077940940857,-1.3154873847961426]","[0.004616379737854004,-0.01058152411133051,-0.005574257578700781,0.03635808825492859,-0.06549861282110214,0.0007780618034303188,0.019089877605438232,-0.009524263441562653,-0.004371360410004854,-0.00012442469596862793,0.09022708982229233,-0.0029797200113534927,0.007672153878957033,0.0019455328583717346,-0.050602853298187256,-0.7240116596221924,-0.006483867764472961,-0.012290477752685547,1.342247486114502,-0.06531774997711182,-0.09121103584766388,0.21864473819732666,-0.7512494921684265,-0.029471702873706818,-0.17074626684188843,1.3938859701156616,0.03126263618469238,0.03160201013088226,-0.23281872272491455]","[-0.13411693274974823,0.013570270501077175,0.004601079970598221,0.18676231801509857,-0.06176754832267761,0.013749497942626476,-0.04383769631385803,0.012450476177036762,0.0380055233836174,0.0027276475448161364,-0.002383841434493661,-0.01290806382894516,0.04797615110874176,0.004764629993587732,-0.11302762478590012,-0.4917604625225067,0.004671864211559296,-0.07835448533296585,0.8642388582229614,-0.056811682879924774,0.17856495082378387,0.2235354781150818,-0.4734734892845154,-0.003926063887774944,-0.2019777148962021,0.830737292766571,-0.06038367375731468,-0.08057541400194168,-0.21635396778583527]","[-1.567044973373413,0.2571501135826111,0.11509762704372406,1.4505053758621216,-0.00768917053937912,0.11090774834156036,-0.37089547514915466,0.253826767206192,0.029615774750709534,-0.15035243332386017,0.5468157529830933,-0.14748981595039368,0.5420299172401428,0.01808055117726326,1.1009104251861572,-0.610113263130188,-0.026876229792833328,-0.19565530121326447,1.2854714393615723,2.386566162109375,2.886168956756592,3.1471195220947266,-1.9876009225845337,0.3664598762989044,-0.09299906343221664,0.8476219773292542,-3.639268159866333,1.264755368232727,-5.387521743774414]",0.024680711328983307,0.028146320953965187,0.02113877423107624,0.10261859744787216,0.09743323922157288,4.871661961078644,0,0,0,0.4966588616371155,0.4976184070110321,0.9881464838981628,0.8997907638549805,0.9992471933364868,0.9969943165779114,-0.00679396977648139,-0.0,-0.0
85,1.7,85,"[-0.3248329162597656,0.012194677256047726,-0.0006693215109407902,0.3008171617984772,0.07503333687782288,-0.004642505664378405,-0.3258381485939026,0.010882413946092129,-0.005002979189157486,0.29796934127807617,0.08273810148239136,-0.004329998046159744,-0.006711811292916536,-0.005115303210914135,-0.308589905500412,-0.5270727872848511,0.1742716282606125,-0.0702967494726181,0.6604562997817993,1.1560266017913818,0.0545487105846405,1.4660788774490356,-0.5544548034667969,-0.09446626156568527,-0.07887091487646103,0.6969975233078003,-1.598143458366394,0.14907297492027283,-1.4478694200515747]","[-0.39960765838623047,0.11047735810279846,0.04197803512215614,0.8436970710754395,-0.15413472056388855,0.03431159630417824,-0.16841261088848114,0.08323182910680771,0.0042715901508927345,0.3357506990432739,0.018303323537111282,-0.059177644550800323,0.0687510073184967,0.040843404829502106,-0.19473280012607574,-0.46212562918663025,0.13930562138557434,-0.08126996457576752,0.5280304551124573,1.1488605737686157,0.09106548130512238,1.3508895635604858,-0.4858414828777313,-0.12087756395339966,-0.09464071691036224,0.5734275579452515,-1.6111695766448975,0.177263081073761,-1.319142460823059]","[0.007619708776473999,-0.011541415005922318,-0.003334670327603817,0.03728494048118591,-0.07090102881193161,0.001006235834211111,0.023619085550308228,-0.011563184671103954,-0.004962750244885683,0.0011049211025238037,0.0848427414894104,-0.0024402979761362076,0.011480658315122128,0.006876164115965366,-0.033652037382125854,-0.6061971187591553,-0.02320706844329834,-0.013905949890613556,1.1451915502548218,-0.0483781099319458,-0.07012384384870529,0.1694709062576294,-0.6243705749511719,-0.035573914647102356,-0.1451375037431717,1.1876314878463745,0.0241696834564209,0.03390014171600342,-0.1825571060180664]","[-0.13459068536758423,0.0063530197367072105,0.009007314220070839,0.14870679378509521,-0.05340147390961647,0.013666713610291481,-0.0668964758515358,0.006522649899125099,0.04416782036423683,0.004396717995405197,0.006270903162658215,-0.006267741322517395,0.03847042843699455,0.0037251540925353765,-0.11535736918449402,-0.36147740483283997,0.006099950056523085,-0.07830821722745895,0.6490814685821533,-0.04475676268339157,0.19810834527015686,0.1759795993566513,-0.36225274205207825,-0.002537741558626294,-0.16571500897407532,0.633622944355011,-0.048551809042692184,-0.09814579784870148,-0.16507931053638458]","[-1.5549938678741455,0.260426789522171,0.1201404333114624,1.4473356008529663,-0.01707758754491806,0.11127576231956482,-0.38840314745903015,0.25262710452079773,0.031126365065574646,-0.15221737325191498,0.5451827049255371,-0.1435655653476715,0.5346624851226807,0.02552575245499611,1.0935184955596924,-0.6064890623092651,-0.03597608581185341,-0.20932568609714508,1.2628037929534912,2.3943583965301514,2.8851704597473145,3.2096714973449707,-1.9828981161117554,0.36549219489097595,-0.11851591616868973,0.8246362209320068,-3.625568389892578,1.2895777225494385,-5.452543258666992]",0.02487226389348507,0.027898414060473442,0.02142438106238842,0.10360421985387802,0.09742838889360428,4.871419444680214,0,0,0,0.49659964442253113,0.4976350665092468,0.9879592657089233,0.8986271023750305,0.9994596242904663,0.9970293641090393,-0.005890551023185253,-0.0,-0.0
86,1.72,86,"[-0.3246403634548187,0.011949926614761353,-0.0007074243039824069,0.30156490206718445,0.0735570639371872,-0.0046241795644164085,-0.32532864809036255,0.01062748022377491,-0.005094287917017937,0.2979942262172699,0.084380142390728,-0.004377392586320639,-0.006450862158089876,-0.004938592668622732,-0.3091418743133545,-0.5380054116249084,0.17367400228977203,-0.07056275755167007,0.6813546419143677,1.1552019119262695,0.053330134600400925,1.469074010848999,-0.5656608939170837,-0.0952279344201088,-0.08147579431533813,0.7186347842216492,-1.5977168083190918,0.14978933334350586,-1.451109766960144]","[-0.4024488627910614,0.11058234423398972,0.042218808084726334,0.8452559113502502,-0.15683142840862274,0.03456462174654007,-0.17006123065948486,0.08336420357227325,0.00520544545724988,0.3358425796031952,0.018669750541448593,-0.05919286981225014,0.06940606981515884,0.04095594584941864,-0.1968824416399002,-0.46749573945999146,0.13942982256412506,-0.08288893848657608,0.5376194715499878,1.1481739282608032,0.09531251341104507,1.3535845279693604,-0.4913727939128876,-0.12095379084348679,-0.09757093340158463,0.5828913450241089,-1.6119468212127686,0.1748768538236618,-1.3215830326080322]","[0.007491558790206909,-0.01379190944135189,-0.0010634030913934112,0.03843232989311218,-0.07334277033805847,0.0018654391169548035,0.02657175064086914,-0.014377734623849392,-0.004160043317824602,0.00010952353477478027,0.07570143789052963,-0.0011402647942304611,0.014075439423322678,0.010814366862177849,-0.009734183549880981,-0.4568323493003845,-0.03647468984127045,-0.017777271568775177,0.8811444044113159,-0.031685829162597656,-0.04224013537168503,0.1194983720779419,-0.46195387840270996,-0.03705006092786789,-0.1132400706410408,0.9098514914512634,0.011345744132995605,0.035927072167396545,-0.12589097023010254]","[-0.16771697998046875,0.006077395286411047,0.007807530462741852,-0.06588799506425858,-0.3942171037197113,0.01166814099997282,-0.08821450173854828,0.010960550978779793,0.03744102641940117,0.004595064092427492,0.026859357953071594,0.0015289327129721642,0.019897427409887314,0.01196231134235859,-0.09422691911458969,-0.22751258313655853,0.005688161123543978,-0.07870397716760635,0.38897621631622314,-0.02818656712770462,0.20967641472816467,0.11360318958759308,-0.23355090618133545,-0.007034009322524071,-0.13372080028057098,0.38072606921195984,-0.033184733241796494,-0.11918264627456665,-0.1002509817481041]","[-1.5413947105407715,0.2638770043849945,0.12634946405887604,1.4386298656463623,-0.02561046928167343,0.1106424480676651,-0.406087726354599,0.25142714381217957,0.032561346888542175,-0.1568470448255539,0.5428487062454224,-0.13870975375175476,0.5271759033203125,0.03216983750462532,1.0884571075439453,-0.6002275943756104,-0.046304840594530106,-0.22249849140644073,1.22336745262146,2.4037184715270996,2.878427028656006,3.249460220336914,-1.968894124031067,0.3606707453727722,-0.14230972528457642,0.7911983132362366,-3.609050989151001,1.3083257675170898,-5.518312454223633]",0.024952026084065437,0.027334360405802727,0.021685374900698662,0.10433356463909149,0.0974188819527626,4.87094409763813,0,0,0,0.49657168984413147,0.4976964592933655,0.987809419631958,0.8975575566291809,0.9996475577354431,0.9973218441009521,-0.00566063541918993,-0.0,-0.0
87,1.74,87,"[-0.32453325390815735,0.01164300087839365,-0.0007118576322682202,0.30235445499420166,0.07209962606430054,-0.0045678880997002125,-0.3247752785682678,0.010307304561138153,-0.00516938092187047,0.29797372221946716,0.08576615899801254,-0.004375608637928963,-0.006148793734610081,-0.0046827285550534725,-0.3089792728424072,-0.5453460812568665,0.17281264066696167,-0.07100784033536911,0.695702075958252,1.154759168624878,0.0528591051697731,1.4708588123321533,-0.5729329586029053,-0.09594826400279999,-0.08340051770210266,0.7333915829658508,-1.5976896286010742,0.1505100578069687,-1.4529050588607788]","[-0.4046114981174469,0.11063249409198761,0.042653970420360565,0.8462290167808533,-0.1609051674604416,0.034792136400938034,-0.1718350201845169,0.0834212377667427,0.0062958793714642525,0.33592158555984497,0.019625341519713402,-0.059042491018772125,0.0700303167104721,0.040965110063552856,-0.19825898110866547,-0.469948947429657,0.1396297812461853,-0.08442999422550201,0.5418248772621155,1.1478279829025269,0.0996057316660881,1.3552254438400269,-0.49414315819740295,-0.12098536640405655,-0.09981407225131989,0.5871312022209167,-1.6123772859573364,0.1720385104417801,-1.3228793144226074]","[0.007287412881851196,-0.01676306128501892,0.0013917975593358278,0.04020184278488159,-0.07357839494943619,0.002747052349150181,0.029922276735305786,-0.017551425844430923,-0.0024096225388348103,-0.0021614134311676025,0.06388463079929352,0.00021281884983181953,0.015972578898072243,0.014209899120032787,0.01878887414932251,-0.28328001499176025,-0.044586509466171265,-0.019396468997001648,0.5677580833435059,-0.013345479965209961,-0.017528608441352844,0.0696420669555664,-0.27445703744888306,-0.03251638263463974,-0.07856208831071854,0.5776986479759216,-0.005316734313964844,0.03874041140079498,-0.06779134273529053]","[-0.085210882127285,0.002220423659309745,0.02604726329445839,0.07858128845691681,-0.1306973546743393,0.010686011984944344,-0.08414994180202484,0.0014635085826739669,0.06007865071296692,0.0037647841963917017,0.06237490102648735,0.00977682787925005,0.03570029139518738,-0.0007218511309474707,-0.05439286306500435,-0.06906525790691376,0.011503755114972591,-0.07149104028940201,0.12432247400283813,-0.011616280302405357,0.20402909815311432,0.07094338536262512,-0.08791323751211166,-0.00013779436994809657,-0.09451208263635635,0.12443152070045471,-0.01518968865275383,-0.1431407630443573,-0.04880179837346077]","[-1.5236626863479614,0.26721882820129395,0.13383908569812775,1.428626537322998,-0.025617025792598724,0.10920615494251251,-0.4198455810546875,0.2508583068847656,0.03404013812541962,-0.16376109421253204,0.5411194562911987,-0.13297680020332336,0.5212065577507019,0.03732326999306679,1.0848286151885986,-0.5890531539916992,-0.058388952165842056,-0.2345815747976303,1.1701658964157104,2.4108736515045166,2.8668110370635986,3.2683510780334473,-1.9443591833114624,0.35119667649269104,-0.16276195645332336,0.7490061521530151,-3.590198040008545,1.3187596797943115,-5.587299346923828]",0.02487008273601532,0.02677813731133938,0.02187780849635601,0.10477925837039948,0.09741979092359543,4.870989546179771,0,0,0,0.49658212065696716,0.4977574050426483,0.987724781036377,0.8977197408676147,0.9997529983520508,0.9978216886520386,-0.006369301117956638,-0.0,-0.0
88,1.76,88,"[-0.3243488669395447,0.011279404163360596,-0.0006517524016089737,0.3031729757785797,0.07061392813920975,-0.004514297470450401,-0.3241317570209503,0.009925423189997673,-0.005190672818571329,0.2979077696800232,0.08693552762269974,-0.004368879832327366,-0.0058119590394198895,-0.004370196722447872,-0.3083903193473816,-0.5493366122245789,0.17189054191112518,-0.07133861631155014,0.7040649652481079,1.1546680927276611,0.05262899026274681,1.4718596935272217,-0.5766391754150391,-0.09652858972549438,-0.08461827784776688,0.741742730140686,-1.5979294776916504,0.15133894979953766,-1.4538214206695557]","[-0.4055315852165222,0.11074724048376083,0.04336243495345116,0.8474874496459961,-0.1623399704694748,0.03491818532347679,-0.173161581158638,0.08347195386886597,0.007650063373148441,0.33598148822784424,0.021430229768157005,-0.05872008204460144,0.0710558071732521,0.04100528731942177,-0.19892126321792603,-0.47030168771743774,0.13982832431793213,-0.08584241569042206,0.5428994297981262,1.1477136611938477,0.10318126529455185,1.356644868850708,-0.49467146396636963,-0.12100313603878021,-0.1014658734202385,0.5876996517181396,-1.6124898195266724,0.16909363865852356,-1.323564887046814]","[0.004379451274871826,-0.013876310549676418,0.0035767285153269768,0.04397481679916382,-0.07726401090621948,0.0008873757906258106,0.03242269158363342,-0.018602726981043816,-0.0021354644559323788,-0.008232146501541138,0.05169045180082321,-0.0037269433960318565,0.012531190179288387,0.020730646327137947,0.040896981954574585,-0.09413063526153564,-0.050078704953193665,-0.02145729959011078,0.22517293691635132,0.005039572715759277,0.00888872891664505,0.004395842552185059,-0.08237510919570923,-0.025644712150096893,-0.03680400550365448,0.22934526205062866,-0.025889277458190918,0.045607611536979675,0.011900067329406738]","[-0.02705625258386135,0.007490529678761959,0.0385051928460598,0.04826043173670769,-0.046010322868824005,0.004397232085466385,-0.056460265070199966,0.0033620495814830065,0.06713992357254028,0.0032515735365450382,0.10554708540439606,0.018479567021131516,0.05570031329989433,0.003276980249211192,-0.024172715842723846,0.0015394017100334167,0.008917861618101597,-0.06980603188276291,0.030932726338505745,-0.0036457343958318233,0.16419072449207306,0.0728096142411232,-0.004169086460024118,-0.0003635717439465225,-0.07240978628396988,-0.003186187706887722,-0.0008162908488884568,-0.1374894082546234,-0.031194083392620087]","[-1.5151619911193848,0.27414000034332275,0.14225393533706665,1.4142930507659912,-0.0359949991106987,0.10453306138515472,-0.43265894055366516,0.24957138299942017,0.03782398998737335,-0.1735890954732895,0.5400062799453735,-0.12745407223701477,0.5171859860420227,0.04509023204445839,1.0878643989562988,-0.5851535201072693,-0.07181115448474884,-0.24766488373279572,1.1166603565216064,2.4198708534240723,2.8557565212249756,3.277207136154175,-1.9205437898635864,0.34155258536338806,-0.17769384384155273,0.714763343334198,-3.575242757797241,1.3190553188323975,-5.649681568145752]",0.024622993543744087,0.02638145536184311,0.02200303040444851,0.10523021966218948,0.09744738042354584,4.872369021177292,0,0,0,0.4966409504413605,0.49781477451324463,0.9876815676689148,0.897114634513855,0.9996895790100098,0.9987285137176514,-0.005301058292388916,-0.0,-0.0
89,1.78,89,"[-0.3243580758571625,0.011087948456406593,-0.0005687884986400604,0.3041134476661682,0.06900906562805176,-0.00453239306807518,-0.3234783709049225,0.009563195519149303,-0.005254799500107765,0.2976444363594055,0.08783377707004547,-0.004524686373770237,-0.005647546146064997,-0.003853502683341503,-0.30734339356422424,-0.5491113066673279,0.17080949246883392,-0.07186613231897354,0.704708993434906,1.1549607515335083,0.053214654326438904,1.4710346460342407,-0.5762279629707336,-0.09697405248880386,-0.08487267792224884,0.742565393447876,-1.5987251996994019,0.15233436226844788,-1.4524290561676025]","[-0.4057920277118683,0.11100663989782333,0.04424922540783882,0.8479124903678894,-0.16283534467220306,0.03491058945655823,-0.1742326319217682,0.08358793705701828,0.00895895529538393,0.33601802587509155,0.024014009162783623,-0.058179743587970734,0.072468601167202,0.04109424725174904,-0.1992882341146469,-0.4698695242404938,0.1399572640657425,-0.08752185106277466,0.5429081320762634,1.1476629972457886,0.10624970495700836,1.3580724000930786,-0.493915855884552,-0.12105915695428848,-0.10303255915641785,0.5864590406417847,-1.6124234199523926,0.16625258326530457,-1.323922872543335]","[0.0020466744899749756,-0.007525365799665451,0.004452716559171677,0.048004090785980225,-0.08375793695449829,-0.0016626669093966484,0.03539174795150757,-0.018402306362986565,-0.0016023754142224789,-0.01585930585861206,0.03893692046403885,-0.008626095950603485,0.00631439033895731,0.027488935738801956,0.05806386470794678,0.10005384683609009,-0.052633509039878845,-0.022285617887973785,-0.12840330600738525,0.024649500846862793,0.03061378374695778,-0.06697773933410645,0.10822415351867676,-0.016401149332523346,0.004447251558303833,-0.12119412422180176,-0.0494539737701416,0.05386248230934143,0.10043084621429443]","[-0.00794395711272955,0.015210166573524475,0.044810160994529724,0.008566251955926418,-0.016593126580119133,-0.002074202988296747,-0.051902856677770615,0.007272460963577032,0.06024590879678726,0.0015231251018121839,0.1406499296426773,0.028037002310156822,0.07527715712785721,0.004516698885709047,-0.016557347029447556,0.030029263347387314,0.005679760128259659,-0.08833393454551697,-0.010891125537455082,-0.00219818321056664,0.13974376022815704,0.06987085193395615,0.058395545929670334,-0.003427093382924795,-0.07845325767993927,-0.08922553062438965,0.0051770443096756935,-0.13642753660678864,-0.011377625167369843]","[-1.5150368213653564,0.28334543108940125,0.15275846421718597,1.4015785455703735,-0.04961913079023361,0.09843957424163818,-0.4432593286037445,0.24716171622276306,0.044309839606285095,-0.18398849666118622,0.5415676832199097,-0.12331517785787582,0.5135294198989868,0.05414337292313576,1.0992774963378906,-0.5841761231422424,-0.08682455122470856,-0.26316097378730774,1.060632348060608,2.4286015033721924,2.849144458770752,3.2819364070892334,-1.89470374584198,0.33272412419319153,-0.1894071102142334,0.6853476166725159,-3.565948486328125,1.3120967149734497,-5.7086710929870605]",0.024236224591732025,0.02668563649058342,0.02195236273109913,0.10489810258150101,0.09745270013809204,4.872635006904602,0,0,0,0.4967409670352936,0.4977654814720154,0.9877140522003174,0.8972703218460083,0.9993571639060974,0.9988886117935181,-0.005101845599710941,-0.0,-0.0
90,1.8,90,"[-0.3242669999599457,0.010978389531373978,-0.0004736437404062599,0.3050931394100189,0.06726361066102982,-0.004580804146826267,-0.32271608710289,0.009189330972731113,-0.005254767835140228,0.2972733974456787,0.08849300444126129,-0.004713923670351505,-0.005559383425861597,-0.0032706393394619226,-0.3060677647590637,-0.5453344583511353,0.16978520154953003,-0.07223004102706909,0.6989288330078125,1.1556540727615356,0.05385354161262512,1.4691805839538574,-0.572310209274292,-0.09718463569879532,-0.08444038778543472,0.736894965171814,-1.599907636642456,0.15349344909191132,-1.4498041868209839]","[-0.40588900446891785,0.11141697317361832,0.045164309442043304,0.8476743102073669,-0.16305160522460938,0.03477925434708595,-0.1753288209438324,0.0838298425078392,0.010260121896862984,0.33599337935447693,0.027176905423402786,-0.057216569781303406,0.07439444959163666,0.04118611291050911,-0.19959008693695068,-0.4689996838569641,0.14000143110752106,-0.08975406736135483,0.5421062707901001,1.1476166248321533,0.10865239799022675,1.3593672513961792,-0.4914521872997284,-0.12119784206151962,-0.10503824055194855,0.5828022956848145,-1.612392783164978,0.16328425705432892,-1.3236322402954102]","[0.002392381429672241,-0.007474049925804138,0.0043450999073684216,0.05526617169380188,-0.08957423269748688,-0.00395157840102911,0.035343319177627563,-0.02588466741144657,0.0009772367775440216,-0.019715726375579834,0.03166086971759796,-0.0019141007214784622,0.007699138950556517,0.02670791558921337,0.07527396082878113,0.29502809047698975,-0.045110657811164856,-0.049909017980098724,-0.48773735761642456,0.04113316535949707,0.05870414897799492,-0.12369751930236816,0.3029480576515198,-0.004538707435131073,0.03585927188396454,-0.4771098494529724,-0.06925761699676514,0.05969293415546417,0.1690119504928589]","[-0.0026969790924340487,0.022266171872615814,0.04491801559925079,-0.022114934399724007,-0.007957125082612038,-0.008106931112706661,-0.05516738444566727,0.014676730148494244,0.06484748423099518,-0.0020118169486522675,0.16690632700920105,0.04927117004990578,0.10338245332241058,0.004188730381429195,-0.015558019280433655,0.050824690610170364,0.0010393935954198241,-0.11850926280021667,-0.05100092664361,-0.0025551458820700645,0.10206110030412674,0.06302044540643692,0.15267913043498993,-0.0073769595474004745,-0.10367971658706665,-0.22434711456298828,0.0003801010607276112,-0.14305900037288666,0.024825436994433403]","[-1.5182533264160156,0.2882876396179199,0.16258695721626282,1.3825217485427856,-0.06085958331823349,0.09143733978271484,-0.4525529444217682,0.2438395917415619,0.05000351369380951,-0.1944870799779892,0.5413773059844971,-0.11885681003332138,0.506070613861084,0.065023273229599,1.1090342998504639,-0.5824968814849854,-0.09961014986038208,-0.27625471353530884,0.9809030890464783,2.441559076309204,2.8343818187713623,3.2786970138549805,-1.8572702407836914,0.32335740327835083,-0.19912955164909363,0.6391676068305969,-3.5654077529907227,1.3019344806671143,-5.758466720581055]",0.023758968338370323,0.02749062143266201,0.021761460229754448,0.10390292853116989,0.09739650040864944,4.869825020432472,0,0,0,0.4968639016151428,0.4976346492767334,0.9878126978874207,0.8981978297233582,0.9987149238586426,0.9978956580162048,-0.007294590584933758,-0.0,-0.0
91,1.82,91,"[-0.3242623805999756,0.010788986459374428,-0.0003949844976887107,0.3063240945339203,0.06542609632015228,-0.0046904562041163445,-0.3220646381378174,0.00852780882269144,-0.005215710029006004,0.2968558073043823,0.08910021185874939,-0.0046012504026293755,-0.005339580588042736,-0.0027851860504597425,-0.304332435131073,-0.5373101830482483,0.16900506615638733,-0.07386249303817749,0.685199499130249,1.1566060781478882,0.0555628202855587,1.466086745262146,-0.5641100406646729,-0.0971556007862091,-0.08343830704689026,0.7234809994697571,-1.6014955043792725,0.15472207963466644,-1.4456685781478882]","[-0.4059451222419739,0.11176403611898422,0.04610752686858177,0.84673672914505,-0.1631043255329132,0.034517236053943634,-0.17655158042907715,0.08402209728956223,0.011622544378042221,0.33573541045188904,0.030695203691720963,-0.0557076595723629,0.07640913873910904,0.0412583202123642,-0.19985979795455933,-0.46651095151901245,0.14000225067138672,-0.0922066941857338,0.5385797619819641,1.1477175951004028,0.11071548610925674,1.3600049018859863,-0.48699212074279785,-0.12134592980146408,-0.10691128671169281,0.5758383870124817,-1.6124364137649536,0.160086527466774,-1.3224451541900635]","[0.005545467138290405,-0.011699972674250603,0.002825060160830617,0.06450414657592773,-0.09362027049064636,-0.0068985274992883205,0.03442913293838501,-0.03766201063990593,0.005482009146362543,-0.019247084856033325,0.02927500754594803,0.007853692397475243,0.014937937259674072,0.02277272939682007,0.09218752384185791,0.48461854457855225,-0.033241137862205505,-0.08750278502702713,-0.8348017930984497,0.0613480806350708,0.08125249296426773,-0.16928017139434814,0.4920497536659241,0.007688440382480621,0.06029866635799408,-0.8218348026275635,-0.08602440357208252,0.06400048732757568,0.22738277912139893]","[-0.0022609136067330837,0.01391212735325098,0.04710325971245766,-0.059656739234924316,1.569988853589166e-05,-0.01492396742105484,-0.06399852782487869,0.0076668756082654,0.06882783770561218,-0.01749326102435589,0.18099860846996307,0.07426295429468155,0.09677289426326752,0.003302157623693347,-0.013043100014328957,0.16399219632148743,0.00048481326666660607,-0.11892902106046677,-0.2405632883310318,0.009350673295557499,0.09648001939058304,0.0184070635586977,0.25651732087135315,-0.006315858568996191,-0.08059578388929367,-0.40808770060539246,-0.0017548783216625452,-0.15851682424545288,0.07519620656967163]","[-1.5238916873931885,0.2871529459953308,0.17170047760009766,1.3575409650802612,-0.06863226741552353,0.08299951255321503,-0.4608197510242462,0.2375669777393341,0.05383045971393585,-0.20539550483226776,0.5386106967926025,-0.1135002002120018,0.4955309331417084,0.0776863545179367,1.1134169101715088,-0.5786727666854858,-0.10871188342571259,-0.2840467095375061,0.874470591545105,2.458984136581421,2.8063292503356934,3.2650632858276367,-1.8113936185836792,0.31288760900497437,-0.20444178581237793,0.576450765132904,-3.5723180770874023,1.2889975309371948,-5.793603420257568]",0.0232035294175148,0.0287082027643919,0.02144196443259716,0.10223601758480072,0.09732205420732498,4.866102710366249,0,0,0,0.49700433015823364,0.4973992109298706,0.9879815578460693,0.8999519348144531,0.9980781078338623,0.9966017603874207,-0.010914113372564316,-0.0,-0.0
92,1.84,92,"[-0.32404518127441406,0.010510390624403954,-0.00036064133746549487,0.30767330527305603,0.06351879984140396,-0.0048567452467978,-0.3213389217853546,0.007682850584387779,-0.0050354874692857265,0.2965035140514374,0.08966400474309921,-0.004399775993078947,-0.004961865954101086,-0.002359730191528797,-0.3023802638053894,-0.5259497165679932,0.1684555560350418,-0.07573015242815018,0.6655367612838745,1.1581079959869385,0.05710364133119583,1.4624093770980835,-0.552628219127655,-0.0968770980834961,-0.08202844113111496,0.7040215730667114,-1.6033486127853394,0.15605346858501434,-1.440708875656128]","[-0.4060444235801697,0.11190628260374069,0.04708796367049217,0.8450210094451904,-0.16302213072776794,0.03411319479346275,-0.17791900038719177,0.0840972289443016,0.013306339271366596,0.33492162823677063,0.034523725509643555,-0.053924810141325,0.0780961737036705,0.0413283035159111,-0.20004238188266754,-0.46114063262939453,0.14003928005695343,-0.09435734897851944,0.530206561088562,1.1481916904449463,0.1126815527677536,1.359550952911377,-0.48033249378204346,-0.12143785506486893,-0.10790164768695831,0.5647634863853455,-1.6124454736709595,0.15670381486415863,-1.3200069665908813]","[0.010494887828826904,-0.0182834230363369,-0.0020781750790774822,0.07055327296257019,-0.10004220902919769,-0.008231925778090954,0.03506317734718323,-0.04289081692695618,0.01200969610363245,-0.014862418174743652,0.02577323466539383,0.004959979560226202,0.016347715631127357,0.021468328312039375,0.10086521506309509,0.6434783339500427,-0.027858465909957886,-0.10169912129640579,-1.1202245950698853,0.09292364120483398,0.08177589625120163,-0.20729899406433105,0.6461530923843384,0.019550882279872894,0.08190646767616272,-1.10703706741333,-0.09769797325134277,0.07203221321105957,0.2750813961029053]","[-0.005443349946290255,0.00437583401799202,0.049485333263874054,-0.09928570687770844,0.006108710076659918,-0.02227325178682804,-0.07172923535108566,0.0029860197100788355,0.08808521181344986,-0.05007636174559593,0.19842685759067535,0.08530829101800919,0.07883886992931366,0.003680524416267872,-0.0076647247187793255,0.31956538558006287,0.003151594428345561,-0.09854580461978912,-0.503851056098938,0.030955877155065536,0.09041019529104233,-0.039652660489082336,0.3707479238510132,-0.003053587395697832,-0.030593033879995346,-0.6248457431793213,0.00165964150801301,-0.16644902527332306,0.1409848928451538]","[-1.5317118167877197,0.2822110950946808,0.18022757768630981,1.3391140699386597,-0.07516505569219589,0.07470230758190155,-0.4641505777835846,0.2285771667957306,0.057774618268013,-0.21602098643779755,0.5389153957366943,-0.10805099457502365,0.48745810985565186,0.08836334943771362,1.1204590797424316,-0.5749939680099487,-0.11497880518436432,-0.28743401169776917,0.77691650390625,2.4759576320648193,2.7783966064453125,3.24627685546875,-1.7675130367279053,0.3040548264980316,-0.20336833596229553,0.5273485779762268,-3.580843925476074,1.2700387239456177,-5.823134899139404]",0.02258482202887535,0.029604781419038773,0.02106940560042858,0.10031009465456009,0.09739121049642563,4.869560524821281,0,0,0,0.49715620279312134,0.4971989393234253,0.9881963729858398,0.9020918011665344,0.9977554678916931,0.996067464351654,-0.008905276656150818,-0.0,-0.0
93,1.86,93,"[-0.3238425850868225,0.010057649575173855,-0.00047811149852350354,0.3091462254524231,0.06142440810799599,-0.005019733216613531,-0.32066211104393005,0.006812176201492548,-0.004735322203487158,0.2962613105773926,0.09013114124536514,-0.004402851220220327,-0.004685672000050545,-0.0019264529692009091,-0.3002978265285492,-0.5115710496902466,0.167890727519989,-0.07793045789003372,0.6403905153274536,1.1603230237960815,0.058833856135606766,1.4577947854995728,-0.5382639169692993,-0.09637356549501419,-0.08016204833984375,0.6791995167732239,-1.6054034233093262,0.15760336816310883,-1.434665322303772]","[-0.40620020031929016,0.1119294986128807,0.04814276471734047,0.8426039814949036,-0.1628994643688202,0.03356737643480301,-0.17941083014011383,0.08412206172943115,0.015161102637648582,0.33343300223350525,0.03882737457752228,-0.05194362998008728,0.0794152244925499,0.04140815511345863,-0.20009636878967285,-0.45281466841697693,0.14013047516345978,-0.09604473412036896,0.5168107151985168,1.149137258529663,0.11434613913297653,1.3579654693603516,-0.47155675292015076,-0.121452696621418,-0.10813450813293457,0.5497012734413147,-1.6123820543289185,0.15299303829669952,-1.316526174545288]","[0.0154055655002594,-0.02542720176279545,-0.006460832431912422,0.07385760545730591,-0.107719287276268,-0.008304091170430183,0.036548078060150146,-0.044038716703653336,0.016339298337697983,-0.008338689804077148,0.021470338106155396,-0.0023501459509134293,0.013277295976877213,0.02225884608924389,0.10353401303291321,0.771234929561615,-0.02930276095867157,-0.10411720722913742,-1.3475120067596436,0.12329816818237305,0.07456392049789429,-0.2341538667678833,0.7682934403419495,0.029936805367469788,0.09704083204269409,-1.3344184160232544,-0.10500550270080566,0.08092932403087616,0.303727388381958]","[-0.008210228756070137,-0.00029700659797526896,0.053831759840250015,-0.13133496046066284,0.005309293977916241,-0.029244355857372284,-0.07732395082712173,0.001281087868846953,0.09044205397367477,-0.08312181383371353,0.2252463400363922,0.09465604275465012,0.0602005273103714,0.004564856179058552,-0.0006302110850811005,0.4609915614128113,0.005330873187631369,-0.0764804258942604,-0.7452279925346375,0.05496779456734657,0.07196144759654999,-0.09606021642684937,0.4722786247730255,0.0009925005724653602,-0.004736728500574827,-0.8144018054008484,0.004091889597475529,-0.19360296428203583,0.18674619495868683]","[-1.540449619293213,0.2754267156124115,0.1872241050004959,1.3281759023666382,-0.08099808543920517,0.06794470548629761,-0.4621990919113159,0.21884039044380188,0.061149612069129944,-0.2244819849729538,0.5430070161819458,-0.10288055986166,0.482835978269577,0.09545081853866577,1.131777048110962,-0.5717987418174744,-0.11899635195732117,-0.28927820920944214,0.6975051760673523,2.4908998012542725,2.755096435546875,3.2259719371795654,-1.728428602218628,0.298541396856308,-0.1973804235458374,0.5009142160415649,-3.589570999145508,1.246982455253601,-5.852869987487793]",0.02188968099653721,0.030185434967279434,0.02064971998333931,0.09822419285774231,0.09749120473861694,4.874560236930847,0,0,0,0.49732187390327454,0.4970565438270569,0.9884524941444397,0.9044554233551025,0.9975370764732361,0.995784342288971,-0.006047168746590614,-0.0,-0.0
94,1.8800000000000001,94,"[-0.3234289586544037,0.009493302553892136,-0.0006190746207721531,0.31062760949134827,0.05921002849936485,-0.005188908893615007,-0.3198769986629486,0.005921301897615194,-0.004381915554404259,0.2961699664592743,0.09052281826734543,-0.004493781831115484,-0.004430774133652449,-0.0014693763805553317,-0.2982389032840729,-0.49510031938552856,0.16728344559669495,-0.07989484071731567,0.6116362810134888,1.1630399227142334,0.0600861981511116,1.4530432224273682,-0.521896481513977,-0.0956796258687973,-0.0781468078494072,0.650644838809967,-1.6075488328933716,0.1592906415462494,-1.4285597801208496]","[-0.4067787826061249,0.1118311882019043,0.04920484125614166,0.8375304937362671,-0.16806991398334503,0.03280729800462723,-0.18113550543785095,0.08414903283119202,0.016874995082616806,0.3315099775791168,0.043658044189214706,-0.04991461709141731,0.08014240860939026,0.041553277522325516,-0.19993789494037628,-0.44208529591560364,0.14022094011306763,-0.09726794064044952,0.4990618824958801,1.1506445407867432,0.11556574702262878,1.3551623821258545,-0.4611242711544037,-0.12139130383729935,-0.10805802047252655,0.5313443541526794,-1.6123168468475342,0.14878679811954498,-1.312322974205017]","[0.012417882680892944,-0.030530709773302078,-0.008758819662034512,0.07249340415000916,-0.10857368260622025,-0.00880120787769556,0.032845139503479004,-0.04679461941123009,0.016354024410247803,-0.000667572021484375,0.01248195767402649,-8.457573130726814e-05,0.007450499106198549,0.02499377727508545,0.09711906313896179,0.855948805809021,-0.03385581076145172,-0.1029839739203453,-1.502607822418213,0.14164447784423828,0.07140524685382843,-0.26116371154785156,0.8507966995239258,0.03663059324026108,0.10390188544988632,-1.4935344457626343,-0.10907351970672607,0.08573420345783234,0.3285408020019531]","[-0.015314438380300999,-0.006455203518271446,0.05056178942322731,-0.21235908567905426,-0.22830051183700562,-0.03648649901151657,-0.09585282951593399,-0.0020827436819672585,0.08420665562152863,-0.09708324074745178,0.25089722871780396,0.09659598767757416,0.03460363298654556,0.0002635304117575288,0.0069242422468960285,0.5739967226982117,0.0066794524900615215,-0.05065508186817169,-0.9485135078430176,0.08615739643573761,0.04865576699376106,-0.1553838700056076,0.5461169481277466,0.008850383572280407,0.011374503374099731,-0.9604304432868958,0.003755797864869237,-0.21158427000045776,0.21792754530906677]","[-1.5505294799804688,0.26749011874198914,0.19188085198402405,1.319370985031128,-0.08569487184286118,0.06485351920127869,-0.45469895005226135,0.209185391664505,0.06393666565418243,-0.22782902419567108,0.5454373359680176,-0.0984831377863884,0.48115354776382446,0.09952577948570251,1.139115333557129,-0.5696362257003784,-0.11972658336162567,-0.29030853509902954,0.6226742267608643,2.5088043212890625,2.733736276626587,3.202669858932495,-1.6949846744537354,0.29763391613960266,-0.18795311450958252,0.48060673475265503,-3.6010303497314453,1.224590539932251,-5.878437042236328]",0.021155457943677902,0.03026670217514038,0.020178599283099174,0.09549038857221603,0.09753067046403885,4.876533523201942,0,0,0,0.49749207496643066,0.49701234698295593,0.9887508153915405,0.9078981280326843,0.9973008036613464,0.993276834487915,-0.005197562277317047,-0.0,-0.0
95,1.9000000000000001,95,"[-0.3233458697795868,0.008836421184241772,-0.0008284642826765776,0.31204596161842346,0.05708146095275879,-0.0053717815317213535,-0.3193483054637909,0.004940391518175602,-0.004081161227077246,0.2962346076965332,0.0906304195523262,-0.004406234249472618,-0.004387652035802603,-0.0009267019922845066,-0.2964130640029907,-0.47733309864997864,0.16653649508953094,-0.08204981684684753,0.5802862048149109,1.165988802909851,0.0616900660097599,1.4473482370376587,-0.5042320489883423,-0.09490834176540375,-0.0760059729218483,0.6194581389427185,-1.6097663640975952,0.16103273630142212,-1.4215236902236938]","[-0.4069732427597046,0.11159123480319977,0.050182610750198364,0.8346974849700928,-0.17000314593315125,0.03216848522424698,-0.18316419422626495,0.08403453230857849,0.018720142543315887,0.3294597864151001,0.048905111849308014,-0.04806006699800491,0.08064763247966766,0.04152334854006767,-0.199691042304039,-0.4290819466114044,0.14031502604484558,-0.09789103269577026,0.4776279926300049,1.1529147624969482,0.1164352148771286,1.3513474464416504,-0.4494014084339142,-0.12113633006811142,-0.10722469538450241,0.5106146931648254,-1.6122288703918457,0.1448253095149994,-1.3076159954071045]","[0.0037357211112976074,-0.034006267786026,-0.010285153053700924,0.0689283013343811,-0.10415390133857727,-0.009506568312644958,0.02580508589744568,-0.0499112531542778,0.0149028729647398,0.005272775888442993,0.0010902062058448792,0.005194160621613264,0.0005698762834072113,0.029720991849899292,0.0878266990184784,0.9049795866012573,-0.041377171874046326,-0.10091904550790787,-1.597815752029419,0.15176236629486084,0.07379520684480667,-0.2850443124771118,0.898464024066925,0.0395357608795166,0.10424945503473282,-1.5940487384796143,-0.10925829410552979,0.08707642555236816,0.3466963768005371]","[-0.009019255638122559,-0.015571082942187786,0.049040939658880234,-0.12334537506103516,-0.05075825750827789,-0.030578801408410072,-0.1029805839061737,-0.006404996383935213,0.0929756686091423,-0.10308029502630234,0.26908114552497864,0.08358266204595566,0.020603898912668228,-0.00029475666815415025,0.01477146614342928,0.6810662150382996,0.0035794719588011503,-0.024894954636693,-1.1194477081298828,0.12363940477371216,0.036560818552970886,-0.19858525693416595,0.6057980060577393,0.013392054475843906,0.05393212288618088,-1.0704407691955566,0.0050224000588059425,-0.1873556226491928,0.2402314990758896]","[-1.5603941679000854,0.25848981738090515,0.1946420967578888,1.312644124031067,-0.08513905853033066,0.06568655371665955,-0.44042128324508667,0.19958600401878357,0.06634686887264252,-0.226687952876091,0.5456680059432983,-0.0954340323805809,0.48163655400276184,0.10285288095474243,1.1413683891296387,-0.5663912892341614,-0.11858317255973816,-0.2917472720146179,0.546274721622467,2.527921438217163,2.714843988418579,3.18205189704895,-1.6664185523986816,0.29959651827812195,-0.1763177067041397,0.4547080397605896,-3.614388942718506,1.205642580986023,-5.900079727172852]",0.02036326378583908,0.030072471126914024,0.019721297547221184,0.09348180145025253,0.09765312820672989,4.8826564103364944,0,0,0,0.49766990542411804,0.49702391028404236,0.9890710711479187,0.9104323387145996,0.997459888458252,0.9960946440696716,-0.005095596890896559,-0.0,-0.0
96,1.92,96,"[-0.3232795298099518,0.008133051916956902,-0.0010304807219654322,0.3133847415447235,0.05504387244582176,-0.005569171626120806,-0.3188447952270508,0.003924851771444082,-0.0037858006544411182,0.296380877494812,0.09056642651557922,-0.004286015406250954,-0.00440797908231616,-0.0002805367112159729,-0.29472583532333374,-0.45890113711357117,0.1656283587217331,-0.08393160253763199,0.547723650932312,1.1691104173660278,0.06303800642490387,1.4416414499282837,-0.48595792055130005,-0.09409819543361664,-0.07397682964801788,0.5868828892707825,-1.6119191646575928,0.16277369856834412,-1.4146919250488281]","[-0.4071638584136963,0.11098883301019669,0.051204219460487366,0.8320257067680359,-0.17046546936035156,0.031594716012477875,-0.18530039489269257,0.08368295431137085,0.020366642624139786,0.3274051547050476,0.054356783628463745,-0.04633504897356033,0.08091192692518234,0.0415414422750473,-0.199188232421875,-0.41446468234062195,0.14032597839832306,-0.09832224249839783,0.45351627469062805,1.155692219734192,0.11712460964918137,1.3469820022583008,-0.43658170104026794,-0.1208673045039177,-0.10581818222999573,0.48778459429740906,-1.6122360229492188,0.14149849116802216,-1.302478313446045]","[-0.003705918788909912,-0.034344326704740524,-0.01206765603274107,0.0660918653011322,-0.09641694277524948,-0.01130005158483982,0.022289901971817017,-0.050354693084955215,0.013041898608207703,0.008098036050796509,-0.010658986866474152,0.006141187623143196,-0.007378566078841686,0.036909542977809906,0.07830411195755005,0.9248279333114624,-0.04937872290611267,-0.10066889226436615,-1.6389564275741577,0.15928447246551514,0.07980754971504211,-0.2999812364578247,0.9127848148345947,0.03965701907873154,0.09647123515605927,-1.6340553760528564,-0.10786354541778564,0.083952397108078,0.35849809646606445]","[-0.009523683227598667,-0.037924136966466904,0.051316045224666595,-0.14374081790447235,-0.014505542814731598,-0.027841005474328995,-0.10982412099838257,-0.022513851523399353,0.07532577961683273,-0.09963221848011017,0.27479761838912964,0.07835227996110916,0.010004102252423763,0.0016154209151864052,0.03017161786556244,0.748441755771637,-0.0004983792314305902,-0.02216915227472782,-1.2359596490859985,0.14292225241661072,0.029322927817702293,-0.21987108886241913,0.6568366289138794,0.013167613185942173,0.0749938115477562,-1.1725172996520996,-0.0032468512654304504,-0.15365128219127655,0.2618575990200043]","[-1.5733578205108643,0.25047123432159424,0.19686049222946167,1.3027207851409912,-0.08901792019605637,0.0667254775762558,-0.4251193702220917,0.19047990441322327,0.06792493164539337,-0.22443906962871552,0.5447695255279541,-0.09283008426427841,0.48391249775886536,0.10680848360061646,1.1405963897705078,-0.568185031414032,-0.11605480313301086,-0.2964634895324707,0.47369909286499023,2.5463335514068604,2.6981241703033447,3.1502928733825684,-1.6465636491775513,0.30437561869621277,-0.1659669429063797,0.4341328740119934,-3.628399610519409,1.18778395652771,-5.9139556884765625]",0.01956551894545555,0.029495844617486,0.019275255501270294,0.09185222536325455,0.09772657603025436,4.886328801512718,0,0,0,0.49784383177757263,0.4971102476119995,0.9893895983695984,0.9123163223266602,0.9976578950881958,0.9966546893119812,-0.004643536638468504,-0.0,-0.0
97,1.94,97,"[-0.3234941065311432,0.007462648209184408,-0.0013111705193296075,0.31468963623046875,0.05322478339076042,-0.005823783576488495,-0.3184567093849182,0.002926203887909651,-0.003559485310688615,0.29655852913856506,0.09020406007766724,-0.00416058674454689,-0.00468279467895627,0.0005496796220541,-0.2932808995246887,-0.44033998250961304,0.16456134617328644,-0.08607657253742218,0.5147279500961304,1.1723601818084717,0.06488236784934998,1.4353489875793457,-0.4677206575870514,-0.09332206100225449,-0.07214712351560593,0.5540959239006042,-1.6140809059143066,0.16439083218574524,-1.4071837663650513]","[-0.4073360562324524,0.10989221930503845,0.052227314561605453,0.828688383102417,-0.17068901658058167,0.031080229207873344,-0.18760092556476593,0.08296334743499756,0.021625332534313202,0.32548120617866516,0.059820469468832016,-0.04485270008444786,0.08101469278335571,0.041562363505363464,-0.19834613800048828,-0.3988860249519348,0.14028315246105194,-0.09885559231042862,0.4276377856731415,1.1586737632751465,0.11775468289852142,1.3423794507980347,-0.42300426959991455,-0.12059865146875381,-0.10418741405010223,0.46329838037490845,-1.6124826669692993,0.13884636759757996,-1.297019362449646]","[-0.01032799482345581,-0.032662611454725266,-0.013824083842337132,0.06440430879592896,-0.08661626279354095,-0.013057724572718143,0.02009570598602295,-0.04911993443965912,0.01135341078042984,0.008086860179901123,-0.021676532924175262,0.005704525392502546,-0.014880578964948654,0.044976070523262024,0.06939396262168884,0.9257778525352478,-0.057466328144073486,-0.10374709963798523,-1.6431019306182861,0.16375184059143066,0.09018741548061371,-0.308072566986084,0.9039275646209717,0.0368727371096611,0.08495785295963287,-1.6288220882415771,-0.1038283109664917,0.07913447916507721,0.3659754991531372]","[-0.007746628485620022,-0.06311074644327164,0.0504118986427784,-0.1785898357629776,-0.01137922890484333,-0.024743791669607162,-0.11825908720493317,-0.041588194668293,0.05638726055622101,-0.09209387004375458,0.27286839485168457,0.06532854586839676,0.0032791190315037966,0.0008661027532070875,0.048624780029058456,0.7869638800621033,-0.0025366267655044794,-0.029426705092191696,-1.310518503189087,0.14947831630706787,0.02771323174238205,-0.2278449386358261,0.686539351940155,0.01327007357031107,0.08130007237195969,-1.2435070276260376,-0.016936197876930237,-0.12098395079374313,0.2750122845172882]","[-1.5868748426437378,0.2430438995361328,0.1979847401380539,1.291097640991211,-0.09234096854925156,0.0679275244474411,-0.4090421497821808,0.18159350752830505,0.06952495872974396,-0.22195224463939667,0.5434055328369141,-0.09132876247167587,0.48595985770225525,0.11106859147548676,1.135725498199463,-0.5722604990005493,-0.11443449556827545,-0.3053911626338959,0.40576237440109253,2.5619914531707764,2.684703826904297,3.1138088703155518,-1.633642315864563,0.31198379397392273,-0.15727734565734863,0.4193429946899414,-3.6406569480895996,1.1730116605758667,-5.924756050109863]",0.01877695508301258,0.0285688154399395,0.018833916634321213,0.09037282317876816,0.09780000150203705,4.890000075101852,0,0,0,0.49800965189933777,0.49726393818855286,0.9897149205207825,0.9141733646392822,0.9978721141815186,0.9970953464508057,-0.0041289967484772205,-0.0,-0.0
98,1.96,98,"[-0.32369264960289,0.0068265474401414394,-0.0015834440710023046,0.31596091389656067,0.051579222083091736,-0.0060914806090295315,-0.31804096698760986,0.0019600545056164265,-0.003331664251163602,0.29670435190200806,0.08969936519861221,-0.004057834390550852,-0.005003202240914106,0.0015185060910880566,-0.2919500768184662,-0.42187002301216125,0.16332970559597015,-0.0880814865231514,0.48199957609176636,1.175660490989685,0.06664550304412842,1.4293185472488403,-0.4498008191585541,-0.0926232859492302,-0.07057851552963257,0.5217300057411194,-1.6160722970962524,0.1659390777349472,-1.4000529050827026]","[-0.40746012330055237,0.10830068588256836,0.05320478230714798,0.8247683644294739,-0.17093852162361145,0.03062986209988594,-0.19002185761928558,0.0818755105137825,0.02257043495774269,0.32364970445632935,0.06519295275211334,-0.043719783425331116,0.08100466430187225,0.04154491424560547,-0.19721363484859467,-0.3828147053718567,0.14021189510822296,-0.09961280226707458,0.4008096158504486,1.1616922616958618,0.11843462288379669,1.3377799987792969,-0.40912991762161255,-0.12031961977481842,-0.10251110792160034,0.437992662191391,-1.613018274307251,0.1368672102689743,-1.2914655208587646]","[-0.014490634202957153,-0.03204764798283577,-0.015692876651883125,0.06319507956504822,-0.08044587820768356,-0.013602548278868198,0.018737465143203735,-0.04825384542346001,0.010941457003355026,0.0034570693969726562,-0.02986229956150055,0.004042510408908129,-0.020648306235671043,0.050296932458877563,0.0607125461101532,0.9147956967353821,-0.06431415677070618,-0.10945554822683334,-1.621079444885254,0.16614794731140137,0.10059569031000137,-0.31629204750061035,0.8792929649353027,0.033614225685596466,0.07222853600978851,-1.5900061130523682,-0.09617209434509277,0.07717423141002655,0.36829710006713867]","[-0.005204163026064634,-0.08706101030111313,0.04759697616100311,-0.20323599874973297,-0.014197994954884052,-0.021522121503949165,-0.12301526963710785,-0.059285350143909454,0.04271163046360016,-0.08907751739025116,0.26716241240501404,0.048303402960300446,-0.0018190498230978847,-0.001034279353916645,0.061632510274648666,0.8047735691070557,-0.0036347017157822847,-0.04075995832681656,-1.3442275524139404,0.14942514896392822,0.030230702832341194,-0.22410599887371063,0.6928529739379883,0.013813644647598267,0.08103640377521515,-1.2680892944335938,-0.03176908195018768,-0.08829140663146973,0.2757231891155243]","[-1.6005513668060303,0.235429584980011,0.19755688309669495,1.2791540622711182,-0.09433957189321518,0.06924451887607574,-0.3925279974937439,0.17211750149726868,0.0712508112192154,-0.22032587230205536,0.5425539016723633,-0.09094076603651047,0.48550519347190857,0.11517076194286346,1.1272773742675781,-0.5763908624649048,-0.11460058391094208,-0.3172333240509033,0.34574761986732483,2.5757827758789062,2.6757164001464844,3.0784265995025635,-1.6245617866516113,0.32274213433265686,-0.14849837124347687,0.4106098413467407,-3.65112042427063,1.1624395847320557,-5.939204216003418]",0.01802985928952694,0.027335140854120255,0.018392521888017654,0.08904986828565598,0.09787454456090927,4.893727228045464,0,0,0,0.4981608986854553,0.49747657775878906,0.9900479316711426,0.9160622954368591,0.9980443716049194,0.9973926544189453,-0.0034572577569633722,-0.0,-0.0
99,1.98,99,"[-0.3240737318992615,0.006180742289870977,-0.0019388855434954166,0.3172174394130707,0.05000694841146469,-0.006367885507643223,-0.31770721077919006,0.0009960500756278634,-0.003121827030554414,0.29669681191444397,0.08900956809520721,-0.003998886328190565,-0.005508726928383112,0.002561556873843074,-0.2908523976802826,-0.40374815464019775,0.1619887799024582,-0.09045479446649551,0.4498847723007202,1.1790060997009277,0.06890619546175003,1.4226973056793213,-0.4325489401817322,-0.09197749197483063,-0.06925798207521439,0.4904956817626953,-1.6179277896881104,0.1674778014421463,-1.3924518823623657]","[-0.40775707364082336,0.10623455047607422,0.05401540547609329,0.8184026479721069,-0.1760169267654419,0.030252451077103615,-0.19244058430194855,0.08047205209732056,0.02325737290084362,0.3218323290348053,0.07037828117609024,-0.042895711958408356,0.08082927763462067,0.0414421521127224,-0.19573186337947845,-0.36687031388282776,0.14010988175868988,-0.10072363913059235,0.37386393547058105,1.1646648645401,0.11922803521156311,1.3333549499511719,-0.3954189121723175,-0.12005667388439178,-0.10101831704378128,0.41266441345214844,-1.6138381958007812,0.13560351729393005,-1.286033272743225]","[-0.01707524061203003,-0.03209519386291504,-0.017218545079231262,0.06119981408119202,-0.07670829445123672,-0.01368658896535635,0.01693442463874817,-0.04774770885705948,0.011299492791295052,-0.0035591423511505127,-0.03550909459590912,0.0020953360944986343,-0.025240518152713776,0.05304219201207161,0.05311891436576843,0.89899080991745,-0.07002763450145721,-0.11736545711755753,-1.587057113647461,0.16671717166900635,0.1113351434469223,-0.3232330083847046,0.8481472730636597,0.030784308910369873,0.05910973995923996,-1.533676028251648,-0.08842945098876953,0.07714740931987762,0.36790668964385986]","[0.0022743241861462593,-0.10689961165189743,0.03449983149766922,-0.2765312194824219,-0.2231215387582779,-0.015508360229432583,-0.1258085072040558,-0.07554373145103455,0.03669632971286774,-0.08697102218866348,0.25663965940475464,0.036379363387823105,-0.004421590361744165,-0.013499469496309757,0.07835173606872559,0.7933614253997803,-0.0025869375094771385,-0.0535828173160553,-1.340620517730713,0.14904136955738068,0.03520895168185234,-0.21579639613628387,0.6745259165763855,0.01680656336247921,0.07247114181518555,-1.250106930732727,-0.04487846791744232,-0.05159014090895653,0.2647966742515564]","[-1.6139836311340332,0.22749671339988708,0.19602665305137634,1.2672178745269775,-0.09534414857625961,0.07056982815265656,-0.37608179450035095,0.16230508685112,0.07314516603946686,-0.219710573554039,0.5425126552581787,-0.09097399562597275,0.48228293657302856,0.11901232600212097,1.116053819656372,-0.5797419548034668,-0.11674630641937256,-0.3307499587535858,0.29236674308776855,2.5878257751464844,2.6710240840911865,3.046664237976074,-1.6157113313674927,0.3366527855396271,-0.1388777792453766,0.4048107862472534,-3.6600449085235596,1.1559104919433594,-5.959331512451172]",0.017344558611512184,0.02594589814543724,0.017942406237125397,0.08717954903841019,0.09790501743555069,4.8952508717775345,0,0,0,0.4982945919036865,0.4977174997329712,0.9903843402862549,0.9188479781150818,0.9980832934379578,0.9949538111686707,-0.0030310654547065496,-0.0,-0.0
100,2.0,100,"[-0.3243756592273712,0.005542739760130644,-0.002272185869514942,0.31840890645980835,0.04851089045405388,-0.006638944149017334,-0.31736359000205994,5.014625276089646e-05,-0.0028796845581382513,0.29656198620796204,0.08827900141477585,-0.0039740209467709064,-0.006012822967022657,0.003640193725004792,-0.28982532024383545,-0.38591039180755615,0.16052860021591187,-0.0927761048078537,0.4185172915458679,1.1823291778564453,0.07109890878200531,1.4163892269134521,-0.4158749282360077,-0.0913919135928154,-0.06821412593126297,0.46038296818733215,-1.6196094751358032,0.1690249741077423,-1.3853366374969482]","[-0.40763232111930847,0.10382244735956192,0.05465702712535858,0.81439608335495,-0.17804311215877533,0.03000744618475437,-0.1949140876531601,0.0787060335278511,0.024039164185523987,0.31990841031074524,0.07531031966209412,-0.04225767403841019,0.08073298633098602,0.04090419411659241,-0.1943655014038086,-0.3508075177669525,0.14004375040531158,-0.10193582624197006,0.347011923789978,1.167765498161316,0.12021166831254959,1.3290759325027466,-0.3821289539337158,-0.1196732446551323,-0.0994194969534874,0.38829296827316284,-1.6148182153701782,0.1350274533033371,-1.280984878540039]","[-0.01804456114768982,-0.03368442505598068,-0.01808776892721653,0.05662590265274048,-0.07450981438159943,-0.014031515456736088,0.014615803956985474,-0.05015634745359421,0.011407124809920788,-0.012099742889404297,-0.0385187566280365,0.004671711940318346,-0.028610508888959885,0.05495041236281395,0.04656985402107239,0.8843995928764343,-0.07481053471565247,-0.1266053020954132,-1.5510551929473877,0.1676499843597412,0.11958032846450806,-0.32545626163482666,0.8213125467300415,0.0264117494225502,0.04889238625764847,-1.4779940843582153,-0.08155703544616699,0.07864050567150116,0.3694683313369751]","[0.004490748513489962,-0.12622608244419098,0.030928049236536026,-0.1770542860031128,-0.0581020750105381,-0.011394307017326355,-0.12246428430080414,-0.09215350449085236,0.038379330188035965,-0.09919789433479309,0.24232137203216553,0.0297373179346323,-0.005957664921879768,-0.02909781038761139,0.0645013302564621,0.8015884757041931,-0.003513856790959835,-0.06086556985974312,-1.330478310585022,0.15552112460136414,0.04564590007066727,-0.2058391273021698,0.6544507145881653,0.018754087388515472,0.07800956815481186,-1.1949243545532227,-0.05109075456857681,-0.021168876439332962,0.2428644597530365]","[-1.6278579235076904,0.2194858193397522,0.19339174032211304,1.2567391395568848,-0.09141378849744797,0.07340304553508759,-0.3580576777458191,0.15287819504737854,0.07533256709575653,-0.21959199011325836,0.5431011915206909,-0.09144794195890427,0.47425106167793274,0.1224435418844223,1.100562572479248,-0.5801104307174683,-0.12109638750553131,-0.34460920095443726,0.2415388971567154,2.5992000102996826,2.6697983741760254,3.026404857635498,-1.6032519340515137,0.3518011271953583,-0.12807053327560425,0.3918391466140747,-3.668248414993286,1.1545308828353882,-5.985742092132568]",0.016713613644242287,0.024633225053548813,0.01753777079284191,0.08602813631296158,0.09801674634218216,4.900837317109108,0,0,0,0.4984123110771179,0.4979463219642639,0.9907113313674927,0.9208046793937683,0.9982607364654541,0.9976537823677063,-0.002952336799353361,-0.0,-0.0
101,2.02,101,"[-0.32479551434516907,0.004833365324884653,-0.002662396291270852,0.3194824755191803,0.047026555985212326,-0.006929146125912666,-0.31712257862091064,-0.0010102038504555821,-0.0026655420660972595,0.2962128221988678,0.08746881783008575,-0.0038120178505778313,-0.006653147283941507,0.004759573377668858,-0.2889896035194397,-0.3683721721172333,0.1589963585138321,-0.09551900625228882,0.3878425657749176,1.1857120990753174,0.07368940860033035,1.4096790552139282,-0.3996964395046234,-0.09092102199792862,-0.06730228662490845,0.4313759207725525,-1.621190071105957,0.17062342166900635,-1.3776731491088867]","[-0.4076484739780426,0.10093872994184494,0.055232055485248566,0.8107818365097046,-0.17862601578235626,0.02982664667069912,-0.197269469499588,0.07659740000963211,0.024779917672276497,0.31767335534095764,0.07989741116762161,-0.04169348627328873,0.0805087760090828,0.04010535404086113,-0.1933908760547638,-0.3346981406211853,0.13993006944656372,-0.10350529849529266,0.3205738663673401,1.1709471940994263,0.12145092338323593,1.3250410556793213,-0.3690919876098633,-0.11928891390562057,-0.09790181368589401,0.3649372458457947,-1.6159437894821167,0.1349242627620697,-1.276346206665039]","[-0.018880516290664673,-0.036207981407642365,-0.01888205297291279,0.04965662956237793,-0.07304772734642029,-0.014718936756253242,0.011233240365982056,-0.05415964126586914,0.01197284460067749,-0.020416080951690674,-0.03973785787820816,0.008382904343307018,-0.031948719173669815,0.057059671729803085,0.04161521792411804,0.8699961304664612,-0.07873661816120148,-0.13638995587825775,-1.5145741701126099,0.16823112964630127,0.12615472078323364,-0.3244370222091675,0.7981725335121155,0.021364912390708923,0.04069823771715164,-1.427301049232483,-0.07663965225219727,0.0802110880613327,0.37096142768859863]","[-0.0028738423716276884,-0.1516319066286087,0.02698999084532261,-0.18597085773944855,-0.01986454240977764,-0.008150476962327957,-0.11667399108409882,-0.10972151160240173,0.036080483347177505,-0.11455032974481583,0.22393421828746796,0.027149170637130737,-0.013301647268235683,-0.042598363012075424,0.0435141921043396,0.7999924421310425,-0.005900226999074221,-0.08307688683271408,-1.3042854070663452,0.15821059048175812,0.05814781039953232,-0.19287744164466858,0.645104706287384,0.018808944150805473,0.06925488263368607,-1.1467316150665283,-0.05898667126893997,0.0003509692323859781,0.22271651029586792]","[-1.6434520483016968,0.21145737171173096,0.1901475191116333,1.2436867952346802,-0.0918247327208519,0.07635965943336487,-0.3419702351093292,0.14277341961860657,0.07737700641155243,-0.22041966021060944,0.5430561304092407,-0.09072064608335495,0.4632696509361267,0.1261785477399826,1.081932544708252,-0.5817803740501404,-0.12479111552238464,-0.35885757207870483,0.18785996735095978,2.6126294136047363,2.6689717769622803,3.006840944290161,-1.5890389680862427,0.36770281195640564,-0.11654913425445557,0.37160438299179077,-3.6784486770629883,1.1563464403152466,-6.012795925140381]",0.016139032319188118,0.023610711097717285,0.01718977466225624,0.08505798131227493,0.09805615246295929,4.9028076231479645,0,0,0,0.4985159635543823,0.49812471866607666,0.9909995794296265,0.9222244620323181,0.9984751343727112,0.9978908896446228,-0.003423166461288929,-0.0,-0.0
102,2.04,102,"[-0.3251308798789978,0.004094420466572046,-0.0030274679884314537,0.32039517164230347,0.04558898136019707,-0.007227701600641012,-0.31691426038742065,-0.0021162391640245914,-0.0024007707834243774,0.2957453429698944,0.08668948709964752,-0.0036387047730386257,-0.007290771696716547,0.005922580603510141,-0.2881607115268707,-0.3511105477809906,0.1573791354894638,-0.09823170304298401,0.3579343259334564,1.1890584230422974,0.07614509761333466,1.4034117460250854,-0.38394802808761597,-0.09053731709718704,-0.0665861964225769,0.40329092741012573,-1.6226750612258911,0.17223341763019562,-1.3704981803894043]","[-0.4077657461166382,0.0975385382771492,0.05569491535425186,0.8067469000816345,-0.17891857028007507,0.029713092371821404,-0.19951479136943817,0.07415080815553665,0.025466006249189377,0.3151804506778717,0.08412805199623108,-0.041156936436891556,0.08005712181329727,0.039052996784448624,-0.19281978905200958,-0.31870871782302856,0.13978640735149384,-0.1055244579911232,0.29479873180389404,1.1741523742675781,0.1229025274515152,1.3213036060333252,-0.3562876284122467,-0.11888289451599121,-0.09651216864585876,0.3426218330860138,-1.617232322692871,0.13540224730968475,-1.2721410989761353]","[-0.020426511764526367,-0.038460373878479004,-0.02035413682460785,0.04111751914024353,-0.07062666118144989,-0.014963897876441479,0.008402764797210693,-0.05626644939184189,0.013325701467692852,-0.028939545154571533,-0.040791742503643036,0.007385335862636566,-0.0358908548951149,0.05920982360839844,0.03778338432312012,0.8536785840988159,-0.08240342140197754,-0.144339919090271,-1.4756314754486084,0.16842186450958252,0.13053566217422485,-0.31766295433044434,0.7742025256156921,0.020139478147029877,0.029221177101135254,-1.3774394989013672,-0.07247328758239746,0.08293949067592621,0.36593079566955566]","[-0.006689069792628288,-0.1765805184841156,0.020598113536834717,-0.20867334306240082,-0.014106616377830505,-0.004677546210587025,-0.1118256151676178,-0.1255013793706894,0.03405282646417618,-0.12550313770771027,0.20693686604499817,0.026241976767778397,-0.02447170577943325,-0.05497748777270317,0.024346161633729935,0.7907804250717163,-0.007080130744725466,-0.10630079358816147,-1.2674555778503418,0.1587173342704773,0.06782340258359909,-0.1772824227809906,0.6327974796295166,0.020147277042269707,0.06176123768091202,-1.093595266342163,-0.06726153194904327,0.031207460910081863,0.20040571689605713]","[-1.6582273244857788,0.20343488454818726,0.18734300136566162,1.2316926717758179,-0.09249111264944077,0.07857339084148407,-0.32743802666664124,0.13122698664665222,0.07947210967540741,-0.2218780368566513,0.5443997383117676,-0.08963360637426376,0.4522639513015747,0.13029678165912628,1.0632195472717285,-0.5836993455886841,-0.1283910721540451,-0.37301039695739746,0.13886584341526031,2.6235342025756836,2.6708102226257324,2.984738826751709,-1.5756253004074097,0.38473930954933167,-0.1046690046787262,0.35247930884361267,-3.6874845027923584,1.1617045402526855,-6.042388439178467]",0.015621218830347061,0.022924067452549934,0.016885090619325638,0.08411948382854462,0.09810242056846619,4.905121028423309,0,0,0,0.4986063539981842,0.4982464611530304,0.9912659525871277,0.9236247539520264,0.9986734986305237,0.9979403614997864,-0.003236660733819008,-0.0,-0.0
103,2.06,103,"[-0.3256125748157501,0.0032949503511190414,-0.0034765617456287146,0.32112717628479004,0.04420148953795433,-0.007527702022343874,-0.3167864680290222,-0.003260861849412322,-0.002132514026015997,0.29505524039268494,0.08583714812994003,-0.0035166044253855944,-0.008088781498372555,0.007127966266125441,-0.2874782681465149,-0.33422502875328064,0.155700221657753,-0.10129260271787643,0.32881730794906616,1.1924489736557007,0.07891083508729935,1.3969725370407104,-0.3687283396720886,-0.09011544287204742,-0.06613343954086304,0.3762783408164978,-1.624089002609253,0.1739410012960434,-1.3630359172821045]","[-0.40814855694770813,0.09366605430841446,0.055980972945690155,0.801342785358429,-0.18115584552288055,0.029653700068593025,-0.20156055688858032,0.07148774713277817,0.026003191247582436,0.3125061094760895,0.0880628302693367,-0.040628571063280106,0.07900229841470718,0.03798725828528404,-0.19240319728851318,-0.3029736578464508,0.1396161913871765,-0.10786230117082596,0.2697336971759796,1.1773591041564941,0.12454492598772049,1.3178895711898804,-0.3440251052379608,-0.11847963184118271,-0.09522774070501328,0.3215359151363373,-1.6186751127243042,0.1364651769399643,-1.2684108018875122]","[-0.02364218235015869,-0.040175508707761765,-0.021833455190062523,0.03214627504348755,-0.06755581498146057,-0.014878169633448124,0.005126744508743286,-0.05708090215921402,0.014523341320455074,-0.037200748920440674,-0.042088329792022705,0.004883908201009035,-0.0402747318148613,0.06131761521100998,0.03518685698509216,0.832878828048706,-0.08587241172790527,-0.15138556063175201,-1.4324724674224854,0.1681804656982422,0.13414640724658966,-0.3083527088165283,0.7462933659553528,0.020752474665641785,0.01538936048746109,-1.3249807357788086,-0.06891787052154541,0.08629821240901947,0.35782456398010254]","[-0.05227744206786156,-0.20228861272335052,0.009904684498906136,-0.433688223361969,-0.3999946713447571,-0.004362059291452169,-0.09378053992986679,-0.12952175736427307,0.01562206819653511,-0.13562561571598053,0.19277113676071167,0.02612469717860222,-0.08038170635700226,-0.036595724523067474,0.029859257861971855,0.7670925855636597,-0.011391711421310902,-0.1219957247376442,-1.230221152305603,0.1568489819765091,0.07835056632757187,-0.16015522181987762,0.5940410494804382,0.014319184236228466,0.051321521401405334,-1.0331918001174927,-0.07557999342679977,0.05734723061323166,0.17869363725185394]","[-1.6722517013549805,0.19522738456726074,0.18502306938171387,1.2216386795043945,-0.09330713003873825,0.08012504875659943,-0.31455159187316895,0.11858800053596497,0.0816269963979721,-0.22386683523654938,0.5471439361572266,-0.08853485435247421,0.44215771555900574,0.13497936725616455,1.0457165241241455,-0.5857784748077393,-0.13255497813224792,-0.3868767023086548,0.09480584412813187,2.631025552749634,2.676475763320923,2.9606807231903076,-1.5639455318450928,0.40297144651412964,-0.09345422685146332,0.33594459295272827,-3.69460391998291,1.170390009880066,-6.073415756225586]",0.015163853764533997,0.022433269768953323,0.0166177861392498,0.08283670246601105,0.09814859181642532,4.907429590821266,0,0,0,0.4986864924430847,0.49832579493522644,0.9915121793746948,0.9250569343566895,0.9988272786140442,0.9979839324951172,-0.0029630938079208136,-0.0,-0.0
104,2.08,104,"[-0.32607656717300415,0.0024874000810086727,-0.003900806186720729,0.32168102264404297,0.042886748909950256,-0.007822828367352486,-0.3167091906070709,-0.004399475175887346,-0.0018198371399194002,0.2942573130130768,0.08500595390796661,-0.00344334845431149,-0.008901760913431644,0.008375285193324089,-0.28675323724746704,-0.31779539585113525,0.1539442390203476,-0.10428712517023087,0.300635427236557,1.195785641670227,0.08151095360517502,1.3910776376724243,-0.35409629344940186,-0.08970721811056137,-0.06597062200307846,0.3502916991710663,-1.625431776046753,0.1756853461265564,-1.3561851978302002]","[-0.4083699882030487,0.08954858779907227,0.055924851447343826,0.7961044907569885,-0.18486334383487701,0.029749412089586258,-0.20362214744091034,0.06867285817861557,0.026593104004859924,0.30986154079437256,0.09176095575094223,-0.04011644795536995,0.07774613052606583,0.036667805165052414,-0.19208091497421265,-0.28772997856140137,0.1395004540681839,-0.11049025505781174,0.24554388225078583,1.1805459260940552,0.12628471851348877,1.3147590160369873,-0.33234208822250366,-0.1179799810051918,-0.09414130449295044,0.30175018310546875,-1.6202329397201538,0.13811849057674408,-1.265146017074585]","[-0.028017908334732056,-0.04173155501484871,-0.02280866727232933,0.024632364511489868,-0.06552162021398544,-0.014897424727678299,0.00047087669372558594,-0.059415336698293686,0.015166413970291615,-0.042811036109924316,-0.044523924589157104,0.005269679240882397,-0.04393868148326874,0.06333872675895691,0.033736974000930786,0.8085944056510925,-0.08816048502922058,-0.15989169478416443,-1.3865151405334473,0.16582012176513672,0.13803449273109436,-0.30165910720825195,0.716736912727356,0.018726103007793427,0.002767518162727356,-1.2720890045166016,-0.06534457206726074,0.08908137679100037,0.3533989191055298]","[-0.0034198323264718056,-0.20498988032341003,-0.006803043652325869,-0.2019290030002594,-0.10942360758781433,0.007157814688980579,-0.1049574539065361,-0.1413462907075882,0.03429771214723587,-0.12875866889953613,0.18271496891975403,0.02512887865304947,-0.05372124910354614,-0.07294929772615433,0.014286376535892487,0.7521166205406189,-0.0046377782709896564,-0.13231711089611053,-1.1872572898864746,0.15945780277252197,0.08077052235603333,-0.14839205145835876,0.5733271837234497,0.026301221922039986,0.048401206731796265,-0.9613468647003174,-0.07837852090597153,0.08871198445558548,0.15084128081798553]","[-1.6834372282028198,0.18630492687225342,0.18275940418243408,1.2157341241836548,-0.08561613410711288,0.0831679254770279,-0.30133968591690063,0.10534074902534485,0.08339504897594452,-0.22545023262500763,0.5500521659851074,-0.08824928849935532,0.43475234508514404,0.13867540657520294,1.0264663696289062,-0.5824898481369019,-0.13800865411758423,-0.3993667960166931,0.05285883694887161,2.6338179111480713,2.686885118484497,2.9468438625335693,-1.5485519170761108,0.42166659235954285,-0.08190062642097473,0.31396082043647766,-3.6986258029937744,1.1824660301208496,-6.104265213012695]",0.014754008501768112,0.02226780727505684,0.016379911452531815,0.081598199903965,0.09819937497377396,4.909968748688698,0,0,0,0.49875229597091675,0.4983738958835602,0.9917575120925903,0.9273582100868225,0.9989039897918701,0.9976711273193359,-0.0028485353104770184,-0.0,-0.0
105,2.1,105,"[-0.3267332911491394,0.0016256881644949317,-0.004388908389955759,0.32211247086524963,0.041580624878406525,-0.008123598992824554,-0.3167676329612732,-0.005637475289404392,-0.0015258574858307838,0.29334279894828796,0.08405619114637375,-0.0033058172557502985,-0.009846328757703304,0.00966151524335146,-0.28612878918647766,-0.30188125371932983,0.15217380225658417,-0.10768827050924301,0.27335670590400696,1.1990817785263062,0.0844322144985199,1.3849061727523804,-0.3400588631629944,-0.08936639875173569,-0.06602273881435394,0.32539477944374084,-1.6267027854919434,0.1775042563676834,-1.3488999605178833]","[-0.40855127573013306,0.085275799036026,0.055709656327962875,0.7926255464553833,-0.18611302971839905,0.029933396726846695,-0.20560283958911896,0.06573309749364853,0.027204403653740883,0.30719947814941406,0.09521935135126114,-0.03960800915956497,0.07635819166898727,0.035161904990673065,-0.1918422132730484,-0.272661030292511,0.13938413560390472,-0.11321882158517838,0.22189122438430786,1.1838525533676147,0.1281973272562027,1.3118360042572021,-0.3212496042251587,-0.11732108145952225,-0.09315001219511032,0.2832050621509552,-1.621917724609375,0.14020994305610657,-1.2623635530471802]","[-0.033179670572280884,-0.043204836547374725,-0.023863308131694794,0.018662214279174805,-0.06506424397230148,-0.015171850100159645,-0.005113333463668823,-0.06251533329486847,0.016097335144877434,-0.04665181040763855,-0.04835519939661026,0.006603286601603031,-0.04691348969936371,0.06564874202013016,0.03338754177093506,0.781521201133728,-0.08992701768875122,-0.16917288303375244,-1.3388768434524536,0.16297399997711182,0.14178623259067535,-0.2964317798614502,0.6842904090881348,0.014586001634597778,-0.009323470294475555,-1.218224287033081,-0.061836838722229004,0.0906188040971756,0.3504425287246704]","[-0.012186715379357338,-0.21502497792243958,-0.01236853189766407,-0.1676274985074997,-0.04612560570240021,0.009645387530326843,-0.09807552397251129,-0.14625827968120575,0.029638351872563362,-0.13185429573059082,0.16969536244869232,0.025105860084295273,-0.07236625999212265,-0.07343974709510803,0.012129081413149834,0.7456914782524109,-0.006036024075001478,-0.13686954975128174,-1.166660189628601,0.16546577215194702,0.09139244258403778,-0.1386081725358963,0.5431398153305054,0.033399175852537155,0.04238640144467354,-0.9058529138565063,-0.0867328941822052,0.10738278180360794,0.13030584156513214]","[-1.6995787620544434,0.177373468875885,0.18018017709255219,1.206940770149231,-0.08850129693746567,0.08501790463924408,-0.28947991132736206,0.09144541621208191,0.0858791321516037,-0.2268379181623459,0.5514576435089111,-0.08734621852636337,0.4229089915752411,0.1453494131565094,1.006587266921997,-0.5856540203094482,-0.14250774681568146,-0.4101090729236603,0.005606839433312416,2.6400961875915527,2.699889898300171,2.9267075061798096,-1.5349922180175781,0.43929430842399597,-0.07047814130783081,0.28594985604286194,-3.7067317962646484,1.1955159902572632,-6.130609512329102]",0.0143634844571352,0.022359419614076614,0.016213545575737953,0.08080975711345673,0.09822800010442734,4.911400005221367,0,0,0,0.49881547689437866,0.49837273359298706,0.9919613599777222,0.9284433126449585,0.9989978075027466,0.9981557726860046,-0.003346392884850502,-0.0,-0.0
106,2.12,106,"[-0.3274037539958954,0.0007592067122459412,-0.004855338484048843,0.32242751121520996,0.0402841791510582,-0.008429702371358871,-0.3169137239456177,-0.006900088395923376,-0.00117594376206398,0.29239124059677124,0.0830717459321022,-0.003179216990247369,-0.01077830046415329,0.011001234874129295,-0.28541773557662964,-0.28653454780578613,0.15034715831279755,-0.11105404049158096,0.24708035588264465,1.2023046016693115,0.08718240261077881,1.3792203664779663,-0.32672467827796936,-0.08912377804517746,-0.06634356081485748,0.30156272649765015,-1.627905249595642,0.17931009829044342,-1.3421674966812134]","[-0.40906915068626404,0.08076218515634537,0.055383291095495224,0.7892640829086304,-0.18693245947360992,0.030162189155817032,-0.20756427943706512,0.062718965113163,0.02767331898212433,0.3045074939727783,0.09840432554483414,-0.03910330310463905,0.07447529584169388,0.03375908359885216,-0.19165149331092834,-0.2577883005142212,0.13924267888069153,-0.1161043792963028,0.19858726859092712,1.1872304677963257,0.13031108677387238,1.3090981245040894,-0.3106907904148102,-0.11654999107122421,-0.09234728664159775,0.2654877305030823,-1.6238216161727905,0.14266963303089142,-1.2598538398742676]","[-0.038886815309524536,-0.04466525837779045,-0.024697359651327133,0.015392154455184937,-0.06634946912527084,-0.015633484348654747,-0.010450184345245361,-0.06617913395166397,0.01736411266028881,-0.04958063364028931,-0.052906572818756104,0.007079727947711945,-0.0505731925368309,0.0672735720872879,0.03223791718482971,0.7536172866821289,-0.09132809937000275,-0.1767810434103012,-1.288650631904602,0.1634746789932251,0.14001429080963135,-0.29536187648773193,0.6489299535751343,0.01027323305606842,-0.020338408648967743,-1.16041898727417,-0.058019161224365234,0.09388811886310577,0.34597814083099365]","[-0.03260790556669235,-0.22762523591518402,-0.018070444464683533,-0.16830167174339294,-0.042758867144584656,0.011951487511396408,-0.10062394291162491,-0.14905397593975067,0.02252664789557457,-0.13232937455177307,0.1559591144323349,0.024841276928782463,-0.09892569482326508,-0.06600204110145569,0.009557584300637245,0.7337695956230164,-0.007060578558593988,-0.14649349451065063,-1.1506651639938354,0.16750262677669525,0.10058499127626419,-0.12997926771640778,0.5186282992362976,0.03813748061656952,0.03118695504963398,-0.8722240924835205,-0.09873716533184052,0.12594009935855865,0.12017025053501129]","[-1.716513991355896,0.16832536458969116,0.17731869220733643,1.1989766359329224,-0.0924682542681694,0.0872500091791153,-0.27785804867744446,0.07643184065818787,0.08851669728755951,-0.22804968059062958,0.5527433156967163,-0.08670976012945175,0.4125303626060486,0.15341755747795105,0.9850296378135681,-0.5906822681427002,-0.14572912454605103,-0.4194892942905426,-0.04034387320280075,2.6461429595947266,2.716846227645874,2.9033708572387695,-1.5222890377044678,0.4574739336967468,-0.058775633573532104,0.25775855779647827,-3.715575695037842,1.2093864679336548,-6.153739929199219]",0.014010909013450146,0.02258666604757309,0.016075193881988525,0.08011764287948608,0.09825616329908371,4.9128081649541855,0,0,0,0.4988720715045929,0.49835002422332764,0.9921401739120483,0.9293690323829651,0.9991267919540405,0.9983512759208679,-0.00340124499052763,-0.0,-0.0
107,2.14,107,"[-0.3282887637615204,-0.00016092219448182732,-0.005376802757382393,0.32272815704345703,0.03892664611339569,-0.008748938329517841,-0.317185640335083,-0.00828464049845934,-0.0008312930003739893,0.2913595736026764,0.0819399282336235,-0.0030226281378418207,-0.011869256384670734,0.012352458201348782,-0.2848392724990845,-0.2717365622520447,0.14852067828178406,-0.11475951224565506,0.22181068360805511,1.2056207656860352,0.09003278613090515,1.373091697692871,-0.3141016662120819,-0.08895546942949295,-0.06683627516031265,0.27897801995277405,-1.629023551940918,0.18125978112220764,-1.3350608348846436]","[-0.4103098213672638,0.07596638798713684,0.05496426671743393,0.7849528193473816,-0.18961772322654724,0.030417803674936295,-0.2096165120601654,0.059716466814279556,0.027955999597907066,0.30181312561035156,0.1013130471110344,-0.038604773581027985,0.071934774518013,0.03268328309059143,-0.19148270785808563,-0.2433261126279831,0.13906073570251465,-0.1192791536450386,0.17568042874336243,1.1905704736709595,0.1325618326663971,1.3065528869628906,-0.3005991578102112,-0.11579222232103348,-0.09183518588542938,0.24822920560836792,-1.6259769201278687,0.14553110301494598,-1.257441759109497]","[-0.044364482164382935,-0.04609318822622299,-0.025403430685400963,0.013935565948486328,-0.0695670023560524,-0.016225386410951614,-0.015458464622497559,-0.07014061510562897,0.01917375810444355,-0.05195438861846924,-0.05835592746734619,0.007188174873590469,-0.05428418517112732,0.06819679588079453,0.030446797609329224,0.7257022261619568,-0.09259618818759918,-0.18461813032627106,-1.2387086153030396,0.16498863697052002,0.13630186021327972,-0.29619336128234863,0.6118893623352051,0.0060286372900009155,-0.03157723695039749,-1.0999821424484253,-0.054526329040527344,0.09769685566425323,0.3414362668991089]","[-0.10756997019052505,-0.24624474346637726,-0.021033937111496925,-0.36777618527412415,-0.36921361088752747,0.010087673552334309,-0.10172323882579803,-0.1413971483707428,0.005150258541107178,-0.13538804650306702,0.1416192203760147,0.02454296126961708,-0.1557636260986328,-0.028038252145051956,0.014394274912774563,0.7011916041374207,-0.012669474817812443,-0.16701045632362366,-1.1279505491256714,0.16106460988521576,0.10768750309944153,-0.11908485740423203,0.4910790026187897,0.026862410828471184,0.01283249445259571,-0.8607671856880188,-0.11153680086135864,0.1474875956773758,0.12205614894628525]","[-1.7326452732086182,0.15889176726341248,0.17385932803153992,1.1920254230499268,-0.09599681943655014,0.08969542384147644,-0.26644280552864075,0.06018379330635071,0.0910811573266983,-0.22904695570468903,0.5542457103729248,-0.08624681085348129,0.40434470772743225,0.16234710812568665,0.961801290512085,-0.596224308013916,-0.14773625135421753,-0.42712974548339844,-0.08396654576063156,2.6514153480529785,2.737748384475708,2.879528045654297,-1.5105444192886353,0.47633734345436096,-0.04679279774427414,0.23195987939834595,-3.7240471839904785,1.2235801219940186,-6.174683570861816]",0.013716044835746288,0.022809140384197235,0.01594589650630951,0.07905655354261398,0.09828748553991318,4.914374276995659,0,0,0,0.49892133474349976,0.49832043051719666,0.9923065304756165,0.9303874969482422,0.9992081522941589,0.9985114336013794,-0.0032812985591590405,-0.0,-0.0
108,2.16,108,"[-0.3291783332824707,-0.0010845208307728171,-0.005871475674211979,0.3229849338531494,0.0375014990568161,-0.009078717790544033,-0.3175320625305176,-0.009705713018774986,-0.0004089934809599072,0.29031306505203247,0.08073750883340836,-0.002891690004616976,-0.012949667870998383,0.01372910663485527,-0.28419986367225647,-0.25750645995140076,0.14664331078529358,-0.11843876540660858,0.19753201305866241,1.2089041471481323,0.09263447672128677,1.3673726320266724,-0.30224910378456116,-0.08888263255357742,-0.06760665029287338,0.25756344199180603,-1.6300863027572632,0.18321797251701355,-1.328510046005249]","[-0.4119660258293152,0.07105565071105957,0.054270144551992416,0.7810230851173401,-0.193370521068573,0.03081466071307659,-0.21207663416862488,0.056723225861787796,0.028279101476073265,0.2992694675922394,0.10394101589918137,-0.038122329860925674,0.06925347447395325,0.03160295635461807,-0.19142116606235504,-0.22950784862041473,0.138919398188591,-0.12275253236293793,0.15334878861904144,1.1938111782073975,0.1347280889749527,1.30413019657135,-0.29084664583206177,-0.11500555276870728,-0.09163228422403336,0.2312934249639511,-1.6283246278762817,0.1489524096250534,-1.255063533782959]","[-0.049524009227752686,-0.0479542575776577,-0.026449667289853096,0.014939159154891968,-0.07408401370048523,-0.016807112842798233,-0.019410252571105957,-0.07438943535089493,0.020626505836844444,-0.05303472280502319,-0.06469953805208206,0.007423909846693277,-0.05819879099726677,0.06902958452701569,0.02764761447906494,0.6993968486785889,-0.09464919567108154,-0.1932011991739273,-1.1903293132781982,0.16490519046783447,0.13373439013957977,-0.29358863830566406,0.5787186622619629,0.0002954155206680298,-0.042868778109550476,-1.0424323081970215,-0.05161464214324951,0.09855814278125763,0.33660829067230225]","[-0.08069942146539688,-0.24188004434108734,-0.038964029401540756,-0.13697972893714905,-0.1290062963962555,0.022499168291687965,-0.12984637916088104,-0.14890040457248688,0.0216581542044878,-0.12238038331270218,0.12775686383247375,0.023671654984354973,-0.12141606956720352,-0.06041683256626129,0.001899893395602703,0.6803948879241943,-0.005903075449168682,-0.1725001335144043,-1.1007229089736938,0.16186995804309845,0.09890047460794449,-0.11646724492311478,0.48016655445098877,0.04076099023222923,0.006801513954997063,-0.8326910734176636,-0.11871509999036789,0.18063771724700928,0.11256493628025055]","[-1.7450509071350098,0.14892488718032837,0.16978518664836884,1.1883145570755005,-0.09176885336637497,0.09320081770420074,-0.2545284926891327,0.04308709502220154,0.09297339618206024,-0.22920601069927216,0.5559356212615967,-0.0863971933722496,0.39999377727508545,0.16957825422286987,0.9364800453186035,-0.5963592529296875,-0.14935316145420074,-0.4312867224216461,-0.1254815310239792,2.6531405448913574,2.7624313831329346,2.86418080329895,-1.49508535861969,0.495394766330719,-0.03365939110517502,0.20541119575500488,-3.729095458984375,1.2380679845809937,-6.1951003074646]",0.013466408476233482,0.023177042603492737,0.015817543491721153,0.0779910534620285,0.09833072870969772,4.916536435484886,0,0,0,0.49895820021629333,0.498289555311203,0.9924814105033875,0.9322671294212341,0.9992440342903137,0.9983912110328674,-0.0030948868952691555,-0.0,-0.0
109,2.18,109,"[-0.3302697241306305,-0.0020790924318134785,-0.006434789393097162,0.3233257234096527,0.035963285714387894,-0.00942122284322977,-0.31796205043792725,-0.011260217987000942,-6.232767645997228e-06,0.28923818469047546,0.07935194671154022,-0.0027256717439740896,-0.014197207987308502,0.015113641507923603,-0.2837333679199219,-0.24376069009304047,0.1447347104549408,-0.12248755991458893,0.1741975098848343,1.2122169733047485,0.09538216143846512,1.3613481521606445,-0.2909529209136963,-0.08894365280866623,-0.06855102628469467,0.2372807264328003,-1.631088137626648,0.18520210683345795,-1.3215965032577515]","[-0.41383418440818787,0.06611084192991257,0.053435347974300385,0.7788810133934021,-0.19560843706130981,0.03129853308200836,-0.21469604969024658,0.0536588653922081,0.028658105060458183,0.2967548370361328,0.10623539984226227,-0.03764742612838745,0.06665778160095215,0.030380748212337494,-0.1914498507976532,-0.21591190993785858,0.13876987993717194,-0.1262076050043106,0.13134875893592834,1.197150468826294,0.1368352472782135,1.301796555519104,-0.2815130650997162,-0.11407767981290817,-0.0915180891752243,0.21493440866470337,-1.6308234930038452,0.15276333689689636,-1.252856731414795]","[-0.05364865064620972,-0.0500052347779274,-0.02737952210009098,0.017340481281280518,-0.0798703208565712,-0.017420459538698196,-0.022289901971817017,-0.07874658703804016,0.02202274464070797,-0.05326494574546814,-0.07185768336057663,0.007559964433312416,-0.06202273070812225,0.06982619315385818,0.02382621169090271,0.6755411624908447,-0.0974699854850769,-0.20246729254722595,-1.1440839767456055,0.16435980796813965,0.13193358480930328,-0.29026567935943604,0.5488097667694092,-0.006133876740932465,-0.053642503917217255,-0.9876165986061096,-0.048792362213134766,0.09758509695529938,0.33222436904907227]","[-0.09918098896741867,-0.24663226306438446,-0.0422629751265049,-0.10131939500570297,-0.10440311580896378,0.024299589917063713,-0.13247600197792053,-0.15165401995182037,0.019119365140795708,-0.12516213953495026,0.109337717294693,0.023358874022960663,-0.12954775989055634,-0.05782446637749672,-0.001638708752579987,0.6729112863540649,-0.007954704575240612,-0.17091986536979675,-1.08794367313385,0.16676537692546844,0.09862692654132843,-0.11093781143426895,0.45728135108947754,0.04459737613797188,0.004023747052997351,-0.8054168224334717,-0.12641876935958862,0.19569720327854156,0.10665279626846313]","[-1.761153221130371,0.13922348618507385,0.16536469757556915,1.182166337966919,-0.09653403609991074,0.0953085720539093,-0.24250385165214539,0.026524633169174194,0.09579400718212128,-0.2293844372034073,0.5573214292526245,-0.08607765287160873,0.3911176919937134,0.17971393465995789,0.9106534123420715,-0.6017741560935974,-0.14953885972499847,-0.4323440194129944,-0.1706284135580063,2.657700777053833,2.7892818450927734,2.8446156978607178,-1.4812864065170288,0.5128094553947449,-0.02106180042028427,0.17615771293640137,-3.7363483905792236,1.2512143850326538,-6.21531343460083]",0.01323021575808525,0.023660626262426376,0.01574592851102352,0.07730479538440704,0.09834744781255722,4.917372390627861,0,0,0,0.49899354577064514,0.4982304275035858,0.9926214814186096,0.9331377148628235,0.9992716908454895,0.9986428618431091,-0.003525372128933668,-0.0,-0.0
110,2.2,110,"[-0.3313242793083191,-0.0030847301241010427,-0.006966656539589167,0.32367855310440063,0.034306686371564865,-0.009775536134839058,-0.31842365860939026,-0.01285557635128498,0.0004719163116533309,0.28818246722221375,0.07786320149898529,-0.002589291427284479,-0.015430577099323273,0.016522154211997986,-0.28324681520462036,-0.23048481345176697,0.1427445113658905,-0.12653745710849762,0.15176865458488464,1.215478539466858,0.09791181981563568,1.355762004852295,-0.2802967131137848,-0.08912798762321472,-0.06975235044956207,0.218058779835701,-1.6320379972457886,0.18712137639522552,-1.3152210712432861]","[-0.41613492369651794,0.06099710986018181,0.052544835954904556,0.7768371105194092,-0.19769617915153503,0.031804755330085754,-0.21736618876457214,0.050543420016765594,0.028961025178432465,0.29412296414375305,0.10814739018678665,-0.03717493638396263,0.06371000409126282,0.029341066256165504,-0.19156304001808167,-0.20244616270065308,0.13857857882976532,-0.12965330481529236,0.10955183953046799,1.2005456686019897,0.13891147077083588,1.2995811700820923,-0.2725808322429657,-0.11315114796161652,-0.09144556522369385,0.19895337522029877,-1.633460521697998,0.15680573880672455,-1.2506617307662964]","[-0.05516037344932556,-0.0531267374753952,-0.028528355062007904,0.020775943994522095,-0.0860908105969429,-0.017984164878726006,-0.02250969409942627,-0.0839238092303276,0.023779595270752907,-0.05285441875457764,-0.07990915328264236,0.009838294237852097,-0.06496021896600723,0.07044270634651184,0.020716339349746704,0.6559684872627258,-0.09925663471221924,-0.21203495562076569,-1.1013153791427612,0.16522705554962158,0.1265721470117569,-0.2850443124771118,0.5238555669784546,-0.01263245940208435,-0.06319209933280945,-0.9378467202186584,-0.048348307609558105,0.09616315364837646,0.32870471477508545]","[-0.12168761342763901,-0.256337970495224,-0.04550037533044815,-0.1039508581161499,-0.10567844659090042,0.02547844871878624,-0.13616447150707245,-0.1540115773677826,0.01570652239024639,-0.13155166804790497,0.09042520821094513,0.023305848240852356,-0.14995022118091583,-0.04657013341784477,-0.006059893872588873,0.6662998199462891,-0.009814641438424587,-0.17146390676498413,-1.0789861679077148,0.16821834444999695,0.09648393094539642,-0.10497070848941803,0.4390391409397125,0.042976994067430496,0.002464779419824481,-0.7913056015968323,-0.132882222533226,0.20675736665725708,0.10843949019908905]","[-1.7778065204620361,0.12883904576301575,0.16026289761066437,1.1761369705200195,-0.10074689239263535,0.09773977100849152,-0.2300741970539093,0.010663062334060669,0.0984591692686081,-0.23034314811229706,0.5584046840667725,-0.08531215041875839,0.38199982047080994,0.1894354522228241,0.8814634084701538,-0.6084880828857422,-0.14832589030265808,-0.4306752681732178,-0.21784065663814545,2.663121461868286,2.8163816928863525,2.824669361114502,-1.4659978151321411,0.5292643308639526,-0.008677788078784943,0.14379462599754333,-3.7425403594970703,1.2634660005569458,-6.233188152313232]",0.013014129363000393,0.02412564493715763,0.015690864995121956,0.07666830718517303,0.09836088120937347,4.918044060468674,0,0,0,0.4990255534648895,0.4981705844402313,0.992743194103241,0.9339432120323181,0.999300479888916,0.9986454844474792,-0.0037849661894142628,-0.0,-0.0
111,2.22,111,"[-0.3324761390686035,-0.004204161930829287,-0.007575923576951027,0.3241567611694336,0.03251965343952179,-0.010140589438378811,-0.3188624382019043,-0.014617170207202435,0.0009449510253034532,0.28712400794029236,0.07615558058023453,-0.0023321399930864573,-0.01679561659693718,0.017931349575519562,-0.282904714345932,-0.21752195060253143,0.14076444506645203,-0.13096895813941956,0.1301448941230774,1.2188260555267334,0.10044504702091217,1.34994637966156,-0.269998699426651,-0.0894489511847496,-0.07107871025800705,0.1997668594121933,-1.6330220699310303,0.189048632979393,-1.308448314666748]","[-0.41944196820259094,0.0555771142244339,0.051486387848854065,0.772836446762085,-0.2021707445383072,0.032335907220840454,-0.22019320726394653,0.047522325068712234,0.029180841520428658,0.29133427143096924,0.1096639335155487,-0.036695290356874466,0.059910573065280914,0.028894031420350075,-0.191763237118721,-0.1894083321094513,0.13833020627498627,-0.13330063223838806,0.08801192790269852,1.2038328647613525,0.14087654650211334,1.2974718809127808,-0.26396849751472473,-0.11253214627504349,-0.09144920855760574,0.18289215862751007,-1.6361660957336426,0.1611754596233368,-1.2482149600982666]","[-0.054689496755599976,-0.05678459629416466,-0.02947145886719227,0.024690479040145874,-0.09268345683813095,-0.018625613301992416,-0.02103447914123535,-0.08939644694328308,0.025899188593029976,-0.05201101303100586,-0.08850432932376862,0.012468942441046238,-0.06717229634523392,0.0712587982416153,0.017239898443222046,0.6404314041137695,-0.10026469826698303,-0.22280924022197723,-1.0618715286254883,0.16645193099975586,0.11960025876760483,-0.27991533279418945,0.5031004548072815,-0.018727779388427734,-0.07191933691501617,-0.8925225734710693,-0.048983097076416016,0.09477511048316956,0.3260701894760132]","[-0.15613174438476562,-0.2683394253253937,-0.05727891996502876,-0.11035284399986267,-0.13517296314239502,0.029388515278697014,-0.1506241112947464,-0.15092353522777557,0.017365915700793266,-0.135941743850708,0.07104586809873581,0.023943863809108734,-0.1801505982875824,-0.02737719938158989,-0.012850099243223667,0.6454566717147827,-0.010050782933831215,-0.1798669993877411,-1.0666981935501099,0.1629483699798584,0.08781919628381729,-0.10199234634637833,0.4262726902961731,0.03159411996603012,0.0004478076589293778,-0.7962077260017395,-0.13518844544887543,0.22651074826717377,0.12061675637960434]","[-1.79392409324646,0.11724396795034409,0.1543092131614685,1.1698766946792603,-0.10358431190252304,0.10023707151412964,-0.21788766980171204,-0.005211561918258667,0.10052548348903656,-0.23195050656795502,0.559209942817688,-0.0839778408408165,0.3739173710346222,0.1978549361228943,0.8486065864562988,-0.6154839992523193,-0.1455886960029602,-0.4266055226325989,-0.2668176293373108,2.669085741043091,2.8424932956695557,2.8047540187835693,-1.4501773118972778,0.5444592237472534,0.003462083637714386,0.10982901602983475,-3.746844530105591,1.2747776508331299,-6.248104572296143]",0.012885726988315582,0.024472471326589584,0.015605155378580093,0.0754016563296318,0.09838348627090454,4.919174313545227,0,0,0,0.4990456998348236,0.4981290102005005,0.9928824305534363,0.93564373254776,0.9992386102676392,0.9981574416160583,-0.003922834526747465,-0.0,-0.0
112,2.24,112,"[-0.3335118591785431,-0.005356113892048597,-0.008145514875650406,0.32466617226600647,0.03059934824705124,-0.010520560666918755,-0.3192650377750397,-0.016431434080004692,0.001507883775047958,0.2861020267009735,0.07432302832603455,-0.0020905337296426296,-0.018117468804121017,0.01937250606715679,-0.2825572192668915,-0.20486755669116974,0.13873392343521118,-0.1354498267173767,0.10929379612207413,1.2221366167068481,0.10269583016633987,1.3445653915405273,-0.26017269492149353,-0.08987709879875183,-0.07262912392616272,0.18235787749290466,-1.6339973211288452,0.1909123808145523,-1.3021782636642456]","[-0.4229564964771271,0.050109997391700745,0.050254397094249725,0.7714482545852661,-0.20379050076007843,0.03295053541660309,-0.2234160304069519,0.04429667443037033,0.029424095526337624,0.2885810136795044,0.11050384491682053,-0.03619737923145294,0.056248970329761505,0.02831859141588211,-0.19250522553920746,-0.17628970742225647,0.13809636235237122,-0.13689623773097992,0.0666777640581131,1.2071611881256104,0.14260238409042358,1.2954258918762207,-0.25544628500938416,-0.1118326261639595,-0.09141577035188675,0.16711044311523438,-1.638910174369812,0.16572289168834686,-1.2457937002182007]","[-0.054336339235305786,-0.06018250808119774,-0.029433565214276314,0.027032196521759033,-0.09910339117050171,-0.019794167950749397,-0.022365152835845947,-0.09450197964906693,0.02855924516916275,-0.05012005567550659,-0.09463336318731308,0.014418832026422024,-0.07061008363962173,0.07262206822633743,0.010969489812850952,0.6303291916847229,-0.0986006110906601,-0.23228637874126434,-1.0269075632095337,0.16766786575317383,0.11001508682966232,-0.2777963876724243,0.4865601658821106,-0.02529732882976532,-0.07571633905172348,-0.8529819846153259,-0.04646182060241699,0.09538717567920685,0.3186136484146118]","[-0.1774163842201233,-0.2717982232570648,-0.059311918914318085,-0.0618400014936924,-0.06428682804107666,0.030688025057315826,-0.1606127768754959,-0.16270166635513306,0.010504909791052341,-0.13707135617733002,0.029745634645223618,0.02495037019252777,-0.17848710715770721,-0.026751138269901276,-0.03664296492934227,0.652264416217804,-0.012217835523188114,-0.17752929031848907,-1.0565541982650757,0.16599023342132568,0.07779406011104584,-0.09624756872653961,0.4203484058380127,0.03297525271773338,0.001129417447373271,-0.7803938388824463,-0.13678425550460815,0.22900238633155823,0.11747276037931442]","[-1.807395100593567,0.10546203702688217,0.14751751720905304,1.1627788543701172,-0.10496284812688828,0.1033410131931305,-0.20669004321098328,-0.022476941347122192,0.101638063788414,-0.2321518510580063,0.5595815181732178,-0.08264010399580002,0.36786648631095886,0.20470169186592102,0.8136749863624573,-0.6212226748466492,-0.1406337320804596,-0.4197178781032562,-0.3146103024482727,2.6747283935546875,2.869931221008301,2.7857182025909424,-1.4371235370635986,0.5587790608406067,0.016869686543941498,0.07883120328187943,-3.7498435974121094,1.2849220037460327,-6.260951995849609]",0.01273755170404911,0.024973079562187195,0.015549440868198872,0.0746975913643837,0.09841899573802948,4.920949786901474,0,0,0,0.4990651309490204,0.4980670213699341,0.9930097460746765,0.9366542100906372,0.9992260336875916,0.9986715316772461,-0.0037439337465912104,-0.0,-0.0
113,2.2600000000000002,113,"[-0.33464959263801575,-0.006611462216824293,-0.00875326618552208,0.32523804903030396,0.02855551801621914,-0.010932356119155884,-0.31975704431533813,-0.018397249281406403,0.00208732089959085,0.2851192057132721,0.072370246052742,-0.0017553867073729634,-0.01962001994252205,0.020836232230067253,-0.28246593475341797,-0.19230878353118896,0.13682042062282562,-0.14026041328907013,0.08906859159469604,1.2255327701568604,0.10484565049409866,1.338834524154663,-0.2505362927913666,-0.09046084433794022,-0.07410736382007599,0.16564758121967316,-1.634880542755127,0.19286412000656128,-1.2957037687301636]","[-0.4269345700740814,0.044835805892944336,0.0489652119576931,0.7699587941169739,-0.20499251782894135,0.033580757677555084,-0.22762392461299896,0.04106481000781059,0.029768075793981552,0.2844884991645813,0.10628359019756317,-0.035621680319309235,0.05273118615150452,0.028029654175043106,-0.19381052255630493,-0.1629716455936432,0.13781383633613586,-0.14038893580436707,0.045653194189071655,1.210498571395874,0.14414383471012115,1.2936434745788574,-0.24726194143295288,-0.11113176494836807,-0.09135746210813522,0.15195396542549133,-1.6416798830032349,0.1701308935880661,-1.2435293197631836]","[-0.05350261926651001,-0.06310281902551651,-0.028914470225572586,0.02800002694129944,-0.10527200251817703,-0.02095562033355236,-0.02474859356880188,-0.09906958043575287,0.031227778643369675,-0.04728585481643677,-0.0985151156783104,0.015958864241838455,-0.07499721646308899,0.07469477504491806,0.003421306610107422,0.6248313784599304,-0.0946875661611557,-0.2421937882900238,-0.9969325661659241,0.16824305057525635,0.09986627846956253,-0.2779722213745117,0.47290846705436707,-0.031562335789203644,-0.07722452282905579,-0.8173447251319885,-0.04254281520843506,0.09578317403793335,0.31036436557769775]","[-0.19492608308792114,-0.2609085142612457,-0.07357765734195709,-0.0823761597275734,-0.05992644280195236,0.0318685881793499,-0.19053682684898376,-0.14608553051948547,0.022648954764008522,-0.10635247081518173,-0.09700147062540054,0.02991071715950966,-0.18701134622097015,-0.004742760676890612,-0.06619224697351456,0.6642016172409058,-0.015945766121149063,-0.1763843595981598,-1.0343581438064575,0.16632363200187683,0.06875376403331757,-0.08177731931209564,0.4088638126850128,0.03266957774758339,0.0014176811091601849,-0.7435625195503235,-0.13739968836307526,0.2214682698249817,0.10559459775686264]","[-1.819082260131836,0.09446149319410324,0.1401764452457428,1.1553195714950562,-0.10722219198942184,0.10617059469223022,-0.1951351761817932,-0.038591593503952026,0.10331974923610687,-0.23171691596508026,0.5593580007553101,-0.0810851976275444,0.3610454797744751,0.21028712391853333,0.7781344652175903,-0.6283742189407349,-0.13376320898532867,-0.41116786003112793,-0.36018526554107666,2.679889440536499,2.8966891765594482,2.7658045291900635,-1.4281100034713745,0.5726107358932495,0.03198573738336563,0.050288014113903046,-3.751582145690918,1.293735384941101,-6.27327823638916]",0.012587163597345352,0.025488371029496193,0.0155117092654109,0.07368595898151398,0.09843916445970535,4.921958222985268,0,0,0,0.49908342957496643,0.49799880385398865,0.9931285977363586,0.9377188682556152,0.9992419481277466,0.998314380645752,-0.003527944441884756,-0.0,-0.0
114,2.2800000000000002,114,"[-0.3356519639492035,-0.007880226708948612,-0.009302093647420406,0.32578617334365845,0.026388468220829964,-0.011358785443007946,-0.32025498151779175,-0.020394217222929,0.002756994916126132,0.28421059250831604,0.07038242369890213,-0.0014521791599690914,-0.021117357537150383,0.022360296919941902,-0.2824203670024872,-0.17987430095672607,0.13494642078876495,-0.14513757824897766,0.06941649317741394,1.2288663387298584,0.10669048130512238,1.3334465026855469,-0.24125635623931885,-0.09113959223031998,-0.07571810483932495,0.14966408908367157,-1.6356990337371826,0.19474370777606964,-1.2897636890411377]","[-0.43156155943870544,0.039254773408174515,0.04730833321809769,0.7660941481590271,-0.20855748653411865,0.034311454743146896,-0.23119719326496124,0.038113780319690704,0.02997814118862152,0.2824254333972931,0.1055130809545517,-0.0349615253508091,0.04827652871608734,0.02801831066608429,-0.19591239094734192,-0.14972558617591858,0.13746991753578186,-0.14419153332710266,0.025336652994155884,1.2138434648513794,0.1453322321176529,1.2919944524765015,-0.23887065052986145,-0.11057344824075699,-0.09137128293514252,0.13731500506401062,-1.6443493366241455,0.1747753769159317,-1.2414060831069946]","[-0.0510677695274353,-0.06589048355817795,-0.028322730213403702,0.025707483291625977,-0.11181682348251343,-0.021481957286596298,-0.025659799575805664,-0.10406552255153656,0.03369242325425148,-0.046529620885849,-0.10167136788368225,0.017865611240267754,-0.07963190227746964,0.075091652572155,-0.003569573163986206,0.6225403547286987,-0.08990168571472168,-0.25264063477516174,-0.9734684824943542,0.16984045505523682,0.08845701813697815,-0.27674436569213867,0.4616066813468933,-0.03633424639701843,-0.07797945290803909,-0.7850673198699951,-0.0418245792388916,0.09632743895053864,0.3039509057998657]","[-0.2136622816324234,-0.2781682312488556,-0.09386967122554779,-0.10852977633476257,-0.10512511432170868,0.038780804723501205,-0.17285707592964172,-0.1502029001712799,0.010322119109332561,-0.10979937762022018,-0.015480006113648415,0.031056705862283707,-0.21642237901687622,-0.007810658775269985,-0.11335399746894836,0.6605573296546936,-0.014551223255693913,-0.18907254934310913,-0.9996813535690308,0.16737602651119232,0.04814252257347107,-0.07836444675922394,0.41869187355041504,0.03083389811217785,0.00040400552097707987,-0.7146431803703308,-0.13120964169502258,0.23779194056987762,0.09977809339761734]","[-1.8292131423950195,0.08317940682172775,0.13268226385116577,1.150161862373352,-0.10819058865308762,0.10886150598526001,-0.1821489930152893,-0.05339118838310242,0.10494942963123322,-0.230064257979393,0.5602034330368042,-0.07906126230955124,0.3544650673866272,0.21283584833145142,0.7402445673942566,-0.6391108632087708,-0.12576597929000854,-0.39789968729019165,-0.403303861618042,2.6854560375213623,2.9227073192596436,2.746993064880371,-1.421225666999817,0.5853927135467529,0.04833892732858658,0.022004328668117523,-3.751664638519287,1.299556851387024,-6.2828264236450195]",0.012414267286658287,0.026126064360141754,0.015464715659618378,0.07242772728204727,0.09847179800271988,4.923589900135994,0,0,0,0.49910545349121094,0.4979136288166046,0.9932541251182556,0.9394816160202026,0.9991645812988281,0.9981120228767395,-0.0034418469294905663,-0.0,-0.0
115,2.3000000000000003,115,"[-0.33669230341911316,-0.009247081354260445,-0.009886175394058228,0.326266348361969,0.024082845076918602,-0.011791634373366833,-0.32078343629837036,-0.022559870034456253,0.0034350177738815546,0.28325802087783813,0.06830339133739471,-0.0010407622903585434,-0.022805295884609222,0.02383989840745926,-0.2826087176799774,-0.16740716993808746,0.13322435319423676,-0.15036603808403015,0.05012985318899155,1.2323263883590698,0.10838393121957779,1.3277647495269775,-0.23207202553749084,-0.09191421419382095,-0.07722654193639755,0.1342448890209198,-1.6365535259246826,0.19671721756458282,-1.283545732498169]","[-0.43597400188446045,0.03366116061806679,0.04534602165222168,0.7645673155784607,-0.20977003872394562,0.03505397215485573,-0.23474495112895966,0.0349099300801754,0.030136706307530403,0.2798157334327698,0.10532048344612122,-0.03429863974452019,0.04398578032851219,0.027813084423542023,-0.19879770278930664,-0.1362091302871704,0.13713353872299194,-0.14783011376857758,0.005631113424897194,1.217261552810669,0.14609085023403168,1.290508508682251,-0.2305842936038971,-0.10986349731683731,-0.09130215644836426,0.12362415343523026,-1.6469190120697021,0.1793537735939026,-1.239570140838623]","[-0.04821792244911194,-0.06832010298967361,-0.02802724577486515,0.021203607320785522,-0.11856607347726822,-0.021808501332998276,-0.02589002251625061,-0.10910164564847946,0.036025334149599075,-0.04730001091957092,-0.10418109595775604,0.01960950903594494,-0.08436813950538635,0.07417280972003937,-0.00988394021987915,0.6227821111679077,-0.08459500968456268,-0.2640571594238281,-0.9561223983764648,0.1718968152999878,0.07706061005592346,-0.27536749839782715,0.4525963366031647,-0.039685703814029694,-0.07893331348896027,-0.7564956545829773,-0.04305541515350342,0.09730085730552673,0.29998719692230225]","[-0.21408532559871674,-0.27599188685417175,-0.09259252995252609,-0.07360083609819412,-0.04525288939476013,0.035798124969005585,-0.17489247024059296,-0.16275563836097717,0.006042383145540953,-0.13719715178012848,-0.0076755378395318985,0.031472377479076385,-0.2055801898241043,-0.01012631505727768,-0.144133061170578,0.6731777191162109,-0.019448034465312958,-0.17856866121292114,-0.9697390794754028,0.1728668361902237,0.0321340337395668,-0.06873192638158798,0.40562596917152405,0.03480308875441551,0.003626038320362568,-0.6645632982254028,-0.12609924376010895,0.2263524830341339,0.08451612293720245]","[-1.8381037712097168,0.07211845368146896,0.1249200850725174,1.1438004970550537,-0.10782947391271591,0.1116843968629837,-0.1727139949798584,-0.06925001740455627,0.10560108721256256,-0.2299961894750595,0.5596517324447632,-0.07747902721166611,0.3507406413555145,0.2156764566898346,0.7072854042053223,-0.6496009826660156,-0.11732913553714752,-0.38095104694366455,-0.44491636753082275,2.690167188644409,2.947927951812744,2.7257065773010254,-1.4191772937774658,0.5952414274215698,0.064667709171772,-0.0036468878388404846,-3.749629259109497,1.3036481142044067,-6.292212009429932]",0.012210511602461338,0.026825234293937683,0.015476806089282036,0.07166862487792969,0.09850817173719406,4.925408586859703,0,0,0,0.4991306960582733,0.4978066682815552,0.9933568239212036,0.9405205845832825,0.999180793762207,0.9985172152519226,-0.0031042289920151234,-0.0,-0.0
116,2.32,116,"[-0.33758068084716797,-0.01061303075402975,-0.01042318344116211,0.32663431763648987,0.02164582535624504,-0.012231125496327877,-0.3212905824184418,-0.02475828304886818,0.004198008216917515,0.2823185920715332,0.06621517986059189,-0.0006677987985312939,-0.024492083117365837,0.025327209383249283,-0.28281572461128235,-0.15496301651000977,0.13156262040138245,-0.15569986402988434,0.03117159567773342,1.235742211341858,0.10977290570735931,1.3224318027496338,-0.2231525033712387,-0.09272702038288116,-0.07887543737888336,0.11940426379442215,-1.6374212503433228,0.1986357420682907,-1.2777642011642456]","[-0.44046148657798767,0.028085559606552124,0.0435149259865284,0.7617383003234863,-0.21149446070194244,0.03571520745754242,-0.2382659614086151,0.031545158475637436,0.030205240473151207,0.2768586277961731,0.10512096434831619,-0.033608924597501755,0.039701662957668304,0.027744868770241737,-0.2019195556640625,-0.12267312407493591,0.1364644318819046,-0.15117038786411285,-0.013430877588689327,1.2209365367889404,0.14661863446235657,1.2891992330551147,-0.2227165848016739,-0.10921426117420197,-0.09121022373437881,0.11086849123239517,-1.6493409872055054,0.18367476761341095,-1.2379783391952515]","[-0.04546120762825012,-0.07103120535612106,-0.028976472094655037,0.014490634202957153,-0.124404676258564,-0.02195385843515396,-0.0239543616771698,-0.1119561493396759,0.03840210288763046,-0.04957914352416992,-0.10953564196825027,0.016922611743211746,-0.0896720215678215,0.07465798407793045,-0.012350082397460938,0.6248917579650879,-0.08101947605609894,-0.27498528361320496,-0.9473479390144348,0.17121434211730957,0.07030945271253586,-0.2729088068008423,0.44620558619499207,-0.04156399518251419,-0.08365307003259659,-0.7372662425041199,-0.043082237243652344,0.09369365870952606,0.2965778112411499]","[-0.24830865859985352,-0.2828642427921295,-0.0791340097784996,-0.3072156310081482,-0.23112058639526367,0.02797839790582657,-0.16841521859169006,-0.1643901914358139,-0.0026614179369062185,-0.14999812841415405,-0.010761297307908535,0.032626986503601074,-0.22751958668231964,0.010601808317005634,-0.14399729669094086,0.6579521298408508,-0.04615439102053642,-0.16700172424316406,-0.9349765181541443,0.19039888679981232,0.023358428850769997,-0.06281201541423798,0.3804747760295868,0.022824829444289207,-0.0007146791322156787,-0.6273055672645569,-0.11755626648664474,0.21886423230171204,0.07753980159759521]","[-1.847804069519043,0.06166806071996689,0.11732274293899536,1.1373978853225708,-0.11049296706914902,0.11260652542114258,-0.1615203320980072,-0.0832224190235138,0.10723446309566498,-0.23037920892238617,0.5597598552703857,-0.07588561624288559,0.3463951647281647,0.21846997737884521,0.6777326464653015,-0.6630017161369324,-0.10924160480499268,-0.3601762354373932,-0.48702162504196167,2.6936895847320557,2.9726836681365967,2.703317642211914,-1.417939305305481,0.6044449806213379,0.08175995200872421,-0.031381554901599884,-3.7457163333892822,1.3027602434158325,-6.301005840301514]",0.012017334811389446,0.027448423206806183,0.015506033785641193,0.07082199305295944,0.09852345287799835,4.926172643899918,0,0,0,0.49915704131126404,0.4977045953273773,0.9934422373771667,0.9413593411445618,0.9992080926895142,0.9984779953956604,-0.0031764418818056583,-0.0,-0.0
117,2.34,117,"[-0.33851075172424316,-0.012088329531252384,-0.011045234277844429,0.3268459737300873,0.019106658175587654,-0.012669788673520088,-0.32174161076545715,-0.02703811600804329,0.004971101880073547,0.28127485513687134,0.0639219656586647,-0.00036385783459991217,-0.026392176747322083,0.026826217770576477,-0.28310272097587585,-0.1424115002155304,0.1299835741519928,-0.16136544942855835,0.01223593670874834,1.2391749620437622,0.11119630932807922,1.3168483972549438,-0.21422380208969116,-0.09357677400112152,-0.08057266473770142,0.104754239320755,-1.6382768154144287,0.20046496391296387,-1.271682620048523]","[-0.4446715712547302,0.02250751294195652,0.04150301218032837,0.7587414979934692,-0.21364957094192505,0.03640802949666977,-0.24188867211341858,0.028084056451916695,0.0303125511854887,0.2739827334880829,0.10476161539554596,-0.03295551985502243,0.03540150821208954,0.027652259916067123,-0.20499128103256226,-0.10957153886556625,0.13555985689163208,-0.15437987446784973,-0.03176968917250633,1.2248783111572266,0.14699576795101166,1.2879916429519653,-0.21523764729499817,-0.10868066549301147,-0.0911477729678154,0.09882096946239471,-1.651512861251831,0.18803125619888306,-1.2365124225616455]","[-0.04371181130409241,-0.07369876652956009,-0.030018901452422142,0.007145106792449951,-0.12957146763801575,-0.021929899230599403,-0.021570920944213867,-0.11356128752231598,0.03984052687883377,-0.05336552858352661,-0.11730175465345383,0.012794824317097664,-0.09476258605718613,0.07601846009492874,-0.011973828077316284,0.6288323402404785,-0.07880106568336487,-0.2848133444786072,-0.9457980394363403,0.17029047012329102,0.06604250520467758,-0.2690911293029785,0.4420556128025055,-0.042176805436611176,-0.089317187666893,-0.7264230847358704,-0.04239082336425781,0.08823387324810028,0.29507577419281006]","[-0.19510489702224731,-0.27221760153770447,-0.10283456742763519,-0.09851288795471191,-0.0656438022851944,0.03378519043326378,-0.17987747490406036,-0.1723364144563675,0.008348619565367699,-0.1376160830259323,-0.020386334508657455,0.031146371737122536,-0.20275922119617462,-0.0061208647675812244,-0.14358225464820862,0.6456441283226013,-0.04674931988120079,-0.15737636387348175,-0.9010330438613892,0.20004434883594513,0.016658207401633263,-0.055172696709632874,0.36312881112098694,0.026392940431833267,0.003188793081790209,-0.5860176682472229,-0.10427215695381165,0.21819177269935608,0.06800442934036255]","[-1.8571220636367798,0.05075027793645859,0.11018703877925873,1.1334682703018188,-0.10993038862943649,0.11293838918209076,-0.14959383010864258,-0.09751448035240173,0.108748659491539,-0.22944115102291107,0.5601520538330078,-0.07473178952932358,0.34474068880081177,0.21937936544418335,0.6492034792900085,-0.6748977899551392,-0.10086661577224731,-0.3353741466999054,-0.5294941663742065,2.6934311389923096,2.9981002807617188,2.68772292137146,-1.4134541749954224,0.6151949763298035,0.0998474732041359,-0.06299535185098648,-3.7378687858581543,1.2960492372512817,-6.308276176452637]",0.01189208310097456,0.028119713068008423,0.015539536252617836,0.06994892656803131,0.09854814410209656,4.927407205104828,0,0,0,0.4991718530654907,0.4976019263267517,0.9935438632965088,0.9428231120109558,0.9991568326950073,0.9984012842178345,-0.0032915908377617598,-0.0,-0.0
118,2.36,118,"[-0.33932915329933167,-0.01356098148971796,-0.011623939499258995,0.32692012190818787,0.016462966799736023,-0.013108321465551853,-0.3221534192562103,-0.029300734400749207,0.005791629198938608,0.28018397092819214,0.061523109674453735,-0.00015600581537000835,-0.028282586485147476,0.028367947787046432,-0.283294677734375,-0.12980972230434418,0.12841057777404785,-0.16709239780902863,-0.006660326384007931,1.2425538301467896,0.11241460591554642,1.3116681575775146,-0.2054702788591385,-0.09441409260034561,-0.08244812488555908,0.09034734219312668,-1.639116883277893,0.20216509699821472,-1.2659611701965332]","[-0.44848114252090454,0.017273997887969017,0.03951464965939522,0.7570652365684509,-0.21454596519470215,0.03705605864524841,-0.24611084163188934,0.024687951430678368,0.030959200114011765,0.2702249586582184,0.10060104727745056,-0.03218194469809532,0.03153284639120102,0.02757646143436432,-0.20755158364772797,-0.09670079499483109,0.13447822630405426,-0.15711966156959534,-0.04970136284828186,1.2290664911270142,0.14727583527565002,1.2869454622268677,-0.2085665464401245,-0.10816516727209091,-0.0910189151763916,0.08759632706642151,-1.6534570455551147,0.19208523631095886,-1.2352550029754639]","[-0.046394020318984985,-0.07474441081285477,-0.029897596687078476,-0.0014469027519226074,-0.13820801675319672,-0.02260359562933445,-0.025328993797302246,-0.11682873964309692,0.04024584963917732,-0.06035640835762024,-0.1226111352443695,0.01415169145911932,-0.0992957055568695,0.0782022699713707,-0.013240426778793335,0.6330533027648926,-0.07692240178585052,-0.2890896201133728,-0.9473879933357239,0.17985403537750244,0.05240738391876221,-0.2666294574737549,0.4375547170639038,-0.04852265119552612,-0.08523110300302505,-0.7202303409576416,-0.04403889179229736,0.08827857673168182,0.3009289503097534]","[-0.17833922803401947,-0.25825434923171997,-0.10716167837381363,-0.0835123360157013,-0.03767220303416252,0.03173162043094635,-0.18704825639724731,-0.14913539588451385,0.04964429885149002,-0.09770563989877701,-0.09957612305879593,0.04018968716263771,-0.20107707381248474,-0.0009954094421118498,-0.11141887307167053,0.6329062581062317,-0.05556776747107506,-0.13651084899902344,-0.882413387298584,0.2127166986465454,0.012003645300865173,-0.0486934557557106,0.3266820013523102,0.02467915043234825,0.004295047372579575,-0.5487593412399292,-0.09267774969339371,0.20172592997550964,0.05692705512046814]","[-1.8724983930587769,0.04132326692342758,0.10289019346237183,1.1278691291809082,-0.1166362389922142,0.11460195481777191,-0.13737767934799194,-0.11070969700813293,0.11103720963001251,-0.23037956655025482,0.5610529184341431,-0.07428141683340073,0.3394647240638733,0.22168847918510437,0.6266862154006958,-0.6904088258743286,-0.09191425144672394,-0.3102304935455322,-0.575713038444519,2.6974375247955322,3.024550676345825,2.679399013519287,-1.4160186052322388,0.6248852014541626,0.11857908219099045,-0.09571386128664017,-3.7353124618530273,1.2869771718978882,-6.317612648010254]",0.011841032654047012,0.02885848842561245,0.015609195455908775,0.06920663267374039,0.09855449944734573,4.927724972367287,0,0,0,0.4991777837276459,0.4974840581417084,0.9936304092407227,0.9435487985610962,0.9991130828857422,0.9982208609580994,-0.0034501247573643923,-0.0,-0.0
119,2.38,119,"[-0.34036651253700256,-0.015078105963766575,-0.012241138145327568,0.3267880976200104,0.013578337617218494,-0.013573932461440563,-0.32275477051734924,-0.031711265444755554,0.006580935791134834,0.27886059880256653,0.059017520397901535,0.0002022098342422396,-0.030364004895091057,0.02995430864393711,-0.2836323380470276,-0.11708936840295792,0.12690667808055878,-0.17292903363704681,-0.025659581646323204,1.2463691234588623,0.11329260468482971,1.3061832189559937,-0.196721613407135,-0.09551768004894257,-0.08398190885782242,0.07594502717256546,-1.6400383710861206,0.20399610698223114,-1.2596454620361328]","[-0.45216086506843567,0.012031286023557186,0.03706847503781319,0.7552992701530457,-0.215638667345047,0.03770487755537033,-0.24938516318798065,0.021683095023036003,0.03160717338323593,0.26831868290901184,0.09963083267211914,-0.03151112049818039,0.027154244482517242,0.027545390650629997,-0.20989389717578888,-0.08397991210222244,0.1333215832710266,-0.15972496569156647,-0.06730172038078308,1.233491063117981,0.14746904373168945,1.2859387397766113,-0.20215827226638794,-0.10762956738471985,-0.0909004807472229,0.07687506824731827,-1.6551860570907593,0.1959781050682068,-1.234175443649292]","[-0.05184859037399292,-0.07481502741575241,-0.02992919273674488,-0.011132657527923584,-0.14995190501213074,-0.023527514189481735,-0.03345087170600891,-0.12087225914001465,0.041557278484106064,-0.06893277168273926,-0.12630605697631836,0.017357315868139267,-0.10364949703216553,0.08063195645809174,-0.01348927617073059,0.63569176197052,-0.07326751947402954,-0.2922091782093048,-0.9530819058418274,0.1945585012435913,0.036272965371608734,-0.26366710662841797,0.4321213960647583,-0.057339295744895935,-0.07756426930427551,-0.7194003462791443,-0.04660487174987793,0.09025037288665771,0.3104358911514282]","[-0.1812736541032791,-0.25932061672210693,-0.12246306240558624,-0.09282217919826508,-0.060771893709897995,0.032327283173799515,-0.1533985137939453,-0.15059073269367218,0.024261455982923508,-0.1030515655875206,-0.03122430481016636,0.030179260298609734,-0.21606265008449554,-0.0012722550891339779,-0.11105070263147354,0.628540575504303,-0.05740182474255562,-0.13005776703357697,-0.8716839551925659,0.22309169173240662,0.008391043171286583,-0.0477767251431942,0.3129727244377136,0.026184994727373123,0.004991278517991304,-0.5277431607246399,-0.08308018743991852,0.1939585655927658,0.05088023841381073]","[-1.8915727138519287,0.03235270828008652,0.09482195973396301,1.1246166229248047,-0.12343671172857285,0.11848604679107666,-0.12381977587938309,-0.12412682175636292,0.11435268819332123,-0.23174677789211273,0.5631222724914551,-0.07476618140935898,0.3321920931339264,0.223080575466156,0.6054890751838684,-0.7076733708381653,-0.08130395412445068,-0.28658944368362427,-0.621898889541626,2.7040464878082275,3.0502989292144775,2.682187795639038,-1.421101450920105,0.6347029209136963,0.13739871978759766,-0.12861627340316772,-3.7354366779327393,1.276113510131836,-6.326138019561768]",0.011832586489617825,0.029692716896533966,0.015743164345622063,0.06880500912666321,0.09856303036212921,4.928151518106461,0,0,0,0.4991767108440399,0.49734562635421753,0.9936821460723877,0.9440574645996094,0.9990746974945068,0.9983317255973816,-0.0035167308524250984,-0.0,-0.0
120,2.4,120,"[-0.3414030969142914,-0.01655358262360096,-0.012821107171475887,0.3264748156070709,0.010464890860021114,-0.01404942199587822,-0.3234914541244507,-0.03413562476634979,0.007453920319676399,0.27742666006088257,0.05647086724638939,0.0005382868112064898,-0.0324285663664341,0.03159322589635849,-0.2838342487812042,-0.10438205301761627,0.12547987699508667,-0.17878076434135437,-0.04478360339999199,1.2503361701965332,0.11386552453041077,1.301121473312378,-0.1881854236125946,-0.09670766443014145,-0.0855506956577301,0.061571329832077026,-1.6409810781478882,0.20577511191368103,-1.253543734550476]","[-0.45629221200942993,0.006724421866238117,0.03476925939321518,0.7513905167579651,-0.21922890841960907,0.038442615419626236,-0.2523955702781677,0.018587259575724602,0.03194257244467735,0.26567700505256653,0.0991520807147026,-0.03097609244287014,0.022361041978001595,0.027578197419643402,-0.21201267838478088,-0.07162739336490631,0.1322423219680786,-0.16226233541965485,-0.08487022668123245,1.2379924058914185,0.14760227501392365,1.2848637104034424,-0.1962403953075409,-0.10714954882860184,-0.09081908315420151,0.06635013967752457,-1.6567275524139404,0.1998179852962494,-1.2330913543701172]","[-0.054159015417099,-0.07352845370769501,-0.028250716626644135,-0.02739056944847107,-0.1506129503250122,-0.021819863468408585,-0.038304924964904785,-0.12211231887340546,0.04555133730173111,-0.07962509989738464,-0.12999196350574493,0.013965892605483532,-0.10168874263763428,0.08247732371091843,-0.0033833086490631104,0.6304830312728882,-0.07432103157043457,-0.2976019084453583,-0.9635666608810425,0.20113885402679443,0.03592483699321747,-0.26890039443969727,0.4241853952407837,-0.06437357515096664,-0.0815127044916153,-0.7241780757904053,-0.04267990589141846,0.08576028048992157,0.3197908401489258]","[-0.19015195965766907,-0.2580214738845825,-0.12270855158567429,-0.10993770509958267,-0.10855075716972351,0.038972560316324234,-0.15290172398090363,-0.15636418759822845,0.021396540105342865,-0.14004166424274445,-0.020405739545822144,0.024871444329619408,-0.2294057458639145,-0.004997829906642437,-0.09676466882228851,0.6099534034729004,-0.04530185088515282,-0.12555550038814545,-0.8757309913635254,0.22232073545455933,0.005702618975192308,-0.052068449556827545,0.28484272956848145,0.027089722454547882,0.005397994536906481,-0.5178781747817993,-0.07400196045637131,0.19238288700580597,0.051846932619810104]","[-1.9057998657226562,0.02313845604658127,0.08777685463428497,1.114679217338562,-0.13054099678993225,0.12094587087631226,-0.11377459019422531,-0.13908067345619202,0.11779560148715973,-0.23630838096141815,0.5645042657852173,-0.07511069625616074,0.3245764374732971,0.22621864080429077,0.5857556462287903,-0.7258304953575134,-0.07096676528453827,-0.26374563574790955,-0.6712429523468018,2.709599256515503,3.0763795375823975,2.6880457401275635,-1.4255400896072388,0.6416056156158447,0.15821987390518188,-0.1649656891822815,-3.7346365451812744,1.2645378112792969,-6.335632801055908]",0.011930538341403008,0.03061428852379322,0.01589059829711914,0.06822608411312103,0.09856770932674408,4.928385466337204,0,0,0,0.49916383624076843,0.49719157814979553,0.9937257766723633,0.9450526833534241,0.9989776611328125,0.9980213642120361,-0.0037470937240868807,-0.0,-0.0
121,2.42,121,"[-0.3425328731536865,-0.018019244074821472,-0.01337116677314043,0.32569247484207153,0.0075538200326263905,-0.014446727000176907,-0.32428696751594543,-0.03659575805068016,0.008402989245951176,0.27567559480667114,0.05381784215569496,0.0007608454907312989,-0.03443155437707901,0.03325340151786804,-0.2837676703929901,-0.09187004715204239,0.1239338368177414,-0.1848331093788147,-0.06420224905014038,1.254414677619934,0.11472959816455841,1.2954272031784058,-0.17975419759750366,-0.09809262305498123,-0.08724241703748703,0.04697790369391441,-1.6417455673217773,0.207426518201828,-1.2468538284301758]","[-0.4600375294685364,0.001663737464696169,0.03216198459267616,0.749911904335022,-0.22061187028884888,0.03917699307203293,-0.2553633451461792,0.01529733370989561,0.032478198409080505,0.26256322860717773,0.09847969561815262,-0.030506566166877747,0.017783265560865402,0.02750556170940399,-0.2136899083852768,-0.059180911630392075,0.13147398829460144,-0.16448573768138885,-0.10272661596536636,1.2423548698425293,0.14770075678825378,1.283851146697998,-0.19090455770492554,-0.10661923140287399,-0.09044918417930603,0.05605250597000122,-1.658089280128479,0.2034035325050354,-1.2320194244384766]","[-0.057337433099746704,-0.07111551612615585,-0.026269420981407166,-0.04545152187347412,-0.14179082214832306,-0.01901143789291382,-0.04278123378753662,-0.12162849307060242,0.049921125173568726,-0.09184032678604126,-0.13313405215740204,0.008809300139546394,-0.09578513354063034,0.08409488946199417,0.013581663370132446,0.618877112865448,-0.07781293243169785,-0.30198991298675537,-0.9747521281242371,0.20527243614196777,0.043016113340854645,-0.2770751714706421,0.4132833480834961,-0.06993673741817474,-0.09047538042068481,-0.7322232127189636,-0.034421682357788086,0.07890313863754272,0.3267645835876465]","[-0.18170246481895447,-0.24595527350902557,-0.12728436291217804,-0.06773711740970612,-0.057294994592666626,0.035188473761081696,-0.14679870009422302,-0.1648615002632141,0.03357763960957527,-0.15814746916294098,-0.040081534534692764,0.02261035516858101,-0.21755875647068024,-0.001716097118332982,-0.06893540173768997,0.6191094517707825,-0.03477222099900246,-0.10752954334020615,-0.8932366967201233,0.2137458175420761,0.004287584684789181,-0.04637550190091133,0.25519904494285583,0.025871023535728455,0.017717454582452774,-0.5130302309989929,-0.06532692164182663,0.16884386539459229,0.05242236331105232]","[-1.9135608673095703,0.012965314090251923,0.08123037219047546,1.0995386838912964,-0.13789284229278564,0.12162838876247406,-0.10430311411619186,-0.15424653887748718,0.12073881924152374,-0.24136902391910553,0.5658878087997437,-0.07493796199560165,0.31625285744667053,0.230740487575531,0.5639610886573792,-0.7457370758056641,-0.061152759939432144,-0.23938028514385223,-0.7275229692459106,2.714247703552246,3.104090929031372,2.6966514587402344,-1.4248381853103638,0.6460784673690796,0.18037670850753784,-0.21051722764968872,-3.7327725887298584,1.251479148864746,-6.341807842254639]",0.01208678912371397,0.03170769661664963,0.01609632931649685,0.06828326731920242,0.09855136275291443,4.927568137645721,0,0,0,0.49914079904556274,0.49699437618255615,0.993738055229187,0.9452301859855652,0.9990274906158447,0.9981006383895874,-0.004663390107452869,-0.0,-0.0
122,2.44,122,"[-0.34369659423828125,-0.019398203119635582,-0.013871883973479271,0.32465675473213196,0.004793258383870125,-0.01480987947434187,-0.32520270347595215,-0.03900076448917389,0.009450765326619148,0.2737530469894409,0.05114550516009331,0.000890658819116652,-0.0362599715590477,0.03495702147483826,-0.2832909822463989,-0.07962696999311447,0.12236735969781876,-0.19086036086082458,-0.08377368748188019,1.258547067642212,0.11558616906404495,1.2900384664535522,-0.1716540902853012,-0.09950513392686844,-0.0891697108745575,0.032282400876283646,-1.6423579454421997,0.20893123745918274,-1.2404731512069702]","[-0.4635859727859497,-0.003182407934218645,0.02989828772842884,0.7482905387878418,-0.2214733362197876,0.03983338922262192,-0.2588207721710205,0.01175216306000948,0.033608198165893555,0.2581899166107178,0.09468508511781693,-0.030075853690505028,0.013595527037978172,0.027505097910761833,-0.21464458107948303,-0.04656299948692322,0.13076454401016235,-0.16622327268123627,-0.12104739993810654,1.2466392517089844,0.14778295159339905,1.282961130142212,-0.18624073266983032,-0.10613472759723663,-0.08978714793920517,0.045659877359867096,-1.6593269109725952,0.20651482045650482,-1.2308412790298462]","[-0.060908496379852295,-0.07018595933914185,-0.026228930801153183,-0.06018877029418945,-0.13029901683330536,-0.018979540094733238,-0.047963112592697144,-0.11863783001899719,0.055235788226127625,-0.09955167770385742,-0.13491465151309967,0.013208072632551193,-0.09974129498004913,0.08396050333976746,0.028409063816070557,0.6142240166664124,-0.07302090525627136,-0.29528775811195374,-0.9907763600349426,0.20563006401062012,0.04396270960569382,-0.2737462520599365,0.4000440239906311,-0.06605628877878189,-0.08920300751924515,-0.7383960485458374,-0.030356645584106445,0.07784552872180939,0.33606886863708496]","[-0.17184384167194366,-0.23800930380821228,-0.10897547006607056,-0.08854866772890091,-0.03624485805630684,0.031555842608213425,-0.17394234240055084,-0.1587323397397995,0.09287701547145844,-0.1625489890575409,-0.15653613209724426,0.02262468822300434,-0.2084587812423706,0.0025732964277267456,-0.03242947533726692,0.625747799873352,-0.03360579535365105,-0.0851665511727333,-0.9157317876815796,0.21214637160301208,0.003333472413942218,-0.041106659919023514,0.2278040498495102,0.02295774593949318,0.031078828498721123,-0.5236088037490845,-0.05946307256817818,0.14744913578033447,0.058586955070495605]","[-1.921548843383789,0.001973174512386322,0.0756717324256897,1.0856255292892456,-0.1465836465358734,0.12262800335884094,-0.09160938113927841,-0.16577735543251038,0.12394313514232635,-0.24447546899318695,0.5635262727737427,-0.07420655339956284,0.3066280484199524,0.23312661051750183,0.5410103797912598,-0.7715373635292053,-0.051487360149621964,-0.2140989452600479,-0.7865359783172607,2.7234628200531006,3.1313133239746094,2.709550142288208,-1.4230979681015015,0.652397632598877,0.20122092962265015,-0.26501646637916565,-3.732691764831543,1.23635733127594,-6.338649272918701]",0.012295547872781754,0.032850272953510284,0.01629502885043621,0.06848040223121643,0.09851130098104477,4.9255650490522385,0,0,0,0.49911075830459595,0.49678319692611694,0.9937396049499512,0.9451559782028198,0.998997688293457,0.9972726702690125,-0.005495097488164902,-0.0,-0.0
123,2.46,123,"[-0.3449692130088806,-0.020826682448387146,-0.014420324005186558,0.32328492403030396,0.0023418592754751444,-0.015205908566713333,-0.3262054920196533,-0.04134127125144005,0.010612420737743378,0.27169352769851685,0.04842125624418259,0.0012891683727502823,-0.038421206176280975,0.03661182150244713,-0.2826313078403473,-0.06730108708143234,0.12101300060749054,-0.1966446191072464,-0.10383330285549164,1.2626398801803589,0.11648810654878616,1.2844773530960083,-0.16375243663787842,-0.10073487460613251,-0.09081053733825684,0.017442062497138977,-1.6429598331451416,0.21054033935070038,-1.2334110736846924]","[-0.466949462890625,-0.008126653730869293,0.027542179450392723,0.7463250756263733,-0.22213326394557953,0.0404505729675293,-0.2616705298423767,0.008642314001917839,0.035350799560546875,0.25551241636276245,0.09280583262443542,-0.029600391164422035,0.009195382706820965,0.027533989399671555,-0.2151162028312683,-0.034001946449279785,0.12998750805854797,-0.1679597795009613,-0.13950315117835999,1.2510384321212769,0.14781907200813293,1.282111644744873,-0.18135333061218262,-0.10566741973161697,-0.08928696066141129,0.034596748650074005,-1.6604359149932861,0.2092238813638687,-1.2295241355895996]","[-0.06415024399757385,-0.07003680616617203,-0.026718201115727425,-0.07144138216972351,-0.11765533685684204,-0.019752491265535355,-0.05298703908920288,-0.11328477412462234,0.05968280881643295,-0.10362491011619568,-0.13627168536186218,0.02041519060730934,-0.10957568883895874,0.08128965646028519,0.04050210118293762,0.6118560433387756,-0.06045494228601456,-0.28436073660850525,-1.0068634748458862,0.20384788513183594,0.041384436190128326,-0.2645164728164673,0.38541778922080994,-0.053845904767513275,-0.0841289758682251,-0.741169273853302,-0.028195977210998535,0.07957182824611664,0.34544169902801514]","[-0.16625458002090454,-0.2473439872264862,-0.11596978455781937,-0.10320708155632019,-0.0329802967607975,0.030264126136898994,-0.13219518959522247,-0.15699918568134308,0.07566379755735397,-0.13281583786010742,-0.0780261978507042,0.023381546139717102,-0.21340489387512207,0.0011555535020306706,-0.01906243897974491,0.6227766871452332,-0.039504602551460266,-0.09205319732427597,-0.9186611175537109,0.22124531865119934,0.0008948111208155751,-0.039674945175647736,0.2522534132003784,0.023586522787809372,0.01744871400296688,-0.5675014853477478,-0.053986046463251114,0.12916049361228943,0.067795529961586]","[-1.9304625988006592,-0.010290957987308502,0.07015781104564667,1.0757397413253784,-0.1546933352947235,0.12460294365882874,-0.07297750562429428,-0.17438963055610657,0.12629728019237518,-0.2423749417066574,0.5586585998535156,-0.07282885164022446,0.29851239919662476,0.23128822445869446,0.5146279335021973,-0.8038355112075806,-0.040017325431108475,-0.1861928105354309,-0.8452725410461426,2.735966444015503,3.1570963859558105,2.725663185119629,-1.4223014116287231,0.6629086136817932,0.21998244524002075,-0.3254914879798889,-3.7324423789978027,1.2169874906539917,-6.322751522064209]",0.012513422407209873,0.033752184361219406,0.016473660245537758,0.06883479654788971,0.0985063761472702,4.92531880736351,0,0,0,0.49907687306404114,0.4966031312942505,0.9937387704849243,0.9450398683547974,0.999160647392273,0.9981410503387451,-0.006441169418394566,-0.0,-0.0
124,2.48,124,"[-0.3462626039981842,-0.02219967544078827,-0.014940612018108368,0.321799099445343,8.704500942258164e-05,-0.01559997908771038,-0.32732218503952026,-0.04353215545415878,0.011838077567517757,0.2696080505847931,0.045694638043642044,0.0017072664340958,-0.04064299911260605,0.03820860758423805,-0.2816708981990814,-0.05515272915363312,0.11994916200637817,-0.20223478972911835,-0.12404822558164597,1.2667009830474854,0.11724154651165009,1.2794578075408936,-0.1562373787164688,-0.10165897011756897,-0.0925348699092865,0.002635630313307047,-1.6434857845306396,0.2121141105890274,-1.2266554832458496]","[-0.4707379639148712,-0.013263197615742683,0.025181526318192482,0.7420116662979126,-0.22616761922836304,0.04120860993862152,-0.2642454504966736,0.005170031450688839,0.03626048564910889,0.2525871694087982,0.09070201218128204,-0.029146695509552956,0.004751953762024641,0.027586819604039192,-0.21536454558372498,-0.021811626851558685,0.12908634543418884,-0.1698899269104004,-0.15798458456993103,1.255623698234558,0.14779384434223175,1.2812117338180542,-0.17604854702949524,-0.10523081570863724,-0.08909647166728973,0.02240408957004547,-1.6614903211593628,0.2118416130542755,-1.2278339862823486]","[-0.0635981559753418,-0.0736023336648941,-0.026587815955281258,-0.07703229784965515,-0.11208120733499527,-0.01828642562031746,-0.05580633878707886,-0.1105189323425293,0.061036646366119385,-0.10354965925216675,-0.13313797116279602,0.022162562236189842,-0.11420129239559174,0.07348954677581787,0.05464628338813782,0.6060521006584167,-0.05347896367311478,-0.26829057931900024,-1.0107759237289429,0.20986497402191162,0.028854981064796448,-0.22202730178833008,0.3809739053249359,-0.040032342076301575,-0.08121617138385773,-0.7530942559242249,-0.025141239166259766,0.07899031043052673,0.34681856632232666]","[-0.175718292593956,-0.25057756900787354,-0.1319085955619812,-0.12208019942045212,-0.12439922988414764,0.040832072496414185,-0.13642805814743042,-0.17875395715236664,0.045650482177734375,-0.15134872496128082,-0.1123608723282814,0.021939676254987717,-0.20480526983737946,-0.005452249199151993,-0.01342923752963543,0.6058382987976074,-0.03936547413468361,-0.09891705960035324,-0.9209547638893127,0.22890004515647888,-0.0022472748532891273,-0.0425872728228569,0.27245980501174927,0.02547474019229412,0.0091215455904603,-0.6213570237159729,-0.05210423469543457,0.13207222521305084,0.086956687271595]","[-1.9394361972808838,-0.023088552057743073,0.0648268461227417,1.0647298097610474,-0.1614615023136139,0.1275617480278015,-0.057525135576725006,-0.18475845456123352,0.12730400264263153,-0.24119369685649872,0.5525496006011963,-0.07146688550710678,0.2947816550731659,0.22649434208869934,0.4917575716972351,-0.8341417908668518,-0.027227986603975296,-0.15615125000476837,-0.8984085321426392,2.74857234954834,3.1801846027374268,2.740858793258667,-1.4236541986465454,0.674761176109314,0.24390220642089844,-0.384546160697937,-3.7310304641723633,1.198022723197937,-6.3096513748168945]",0.01275382936000824,0.03428079932928085,0.016595428809523582,0.06886523216962814,0.09852427989244461,4.9262139946222305,0,0,0,0.4990416467189789,0.49649354815483093,0.9937493801116943,0.945529043674469,0.9991804957389832,0.9981511235237122,-0.0059311846271157265,-0.0,-0.0
125,2.5,125,"[-0.3475131392478943,-0.023770775645971298,-0.015483836643397808,0.32020363211631775,-0.002141389064490795,-0.01593736559152603,-0.3284377455711365,-0.04576202854514122,0.013053886592388153,0.2675515413284302,0.04309573769569397,0.0021756708156317472,-0.04298925772309303,0.03955140337347984,-0.2804454565048218,-0.04305900260806084,0.11887384206056595,-0.20737624168395996,-0.1442643404006958,1.2710344791412354,0.11764230579137802,1.275596261024475,-0.14851348102092743,-0.10233616828918457,-0.09405918419361115,-0.012681706808507442,-1.643965482711792,0.21369995176792145,-1.2195383310317993]","[-0.4742579758167267,-0.018196651712059975,0.022557705640792847,0.7404305934906006,-0.22760707139968872,0.04197236895561218,-0.2672114670276642,0.001249791355803609,0.036993030458688736,0.24878400564193726,0.0868290364742279,-0.028714146465063095,0.0011003229301422834,0.027477331459522247,-0.21552330255508423,-0.009584075771272182,0.12818439304828644,-0.17171619832515717,-0.17649224400520325,1.2602894306182861,0.1476968377828598,1.2804120779037476,-0.17040885984897614,-0.10474681109189987,-0.08879756927490234,0.009355499409139156,-1.6625056266784668,0.2143787443637848,-1.225812315940857]","[-0.06058737635612488,-0.07970044761896133,-0.025444338098168373,-0.07927268743515015,-0.11184800416231155,-0.01652892678976059,-0.057009607553482056,-0.1100895032286644,0.059220824390649796,-0.09997859597206116,-0.12685218453407288,0.02121577039361,-0.11541182547807693,0.06259540468454361,0.06804019212722778,0.5969017148017883,-0.04845615476369858,-0.25161057710647583,-1.0032275915145874,0.22052228450775146,0.013305246829986572,-0.15778541564941406,0.38287192583084106,-0.023731030523777008,-0.07840655744075775,-0.7696735262870789,-0.020626187324523926,0.077781081199646,0.34419894218444824]","[-0.17516575753688812,-0.23739102482795715,-0.11077886074781418,-0.07155726850032806,-0.05237075313925743,0.03595317527651787,-0.1833474189043045,-0.2145877629518509,0.03257250040769577,-0.2912041246891022,-0.3599213659763336,0.019672028720378876,-0.14840202033519745,-0.0073372358456254005,0.0002563919988460839,0.6081119179725647,-0.04604387655854225,-0.08613453805446625,-0.9236127138137817,0.2320835292339325,-0.005691043566912413,-0.03456493094563484,0.2756831645965576,0.023681657388806343,0.015175806358456612,-0.6626867055892944,-0.05087009444832802,0.11967366933822632,0.1055632084608078]","[-1.9477895498275757,-0.03582245856523514,0.05875560641288757,1.054508924484253,-0.1655745804309845,0.1309376060962677,-0.04064905643463135,-0.19366362690925598,0.1267923265695572,-0.23787908256053925,0.550329327583313,-0.06979569047689438,0.2924359440803528,0.21768206357955933,0.4713236689567566,-0.8581809997558594,-0.014256168156862259,-0.12367428839206696,-0.9444016814231873,2.7589704990386963,3.1999197006225586,2.753626823425293,-1.4200783967971802,0.6881535053253174,0.27232125401496887,-0.44305792450904846,-3.7276604175567627,1.1780544519424438,-6.307045936584473]",0.01298547349870205,0.034596797078847885,0.016701385378837585,0.0693337619304657,0.09853421151638031,4.9267105758190155,0,0,0,0.4990067780017853,0.4964222311973572,0.9937574863433838,0.9452705383300781,0.9992094039916992,0.9983956813812256,-0.0053512644954025745,-0.0,-0.0
126,2.52,126,"[-0.3486860990524292,-0.02538769319653511,-0.015958385542035103,0.318628191947937,-0.004386874847114086,-0.016261136159300804,-0.32960256934165955,-0.04793573543429375,0.014206910505890846,0.26560890674591064,0.04062055051326752,0.0025558972265571356,-0.045259471982717514,0.040712423622608185,-0.2789492905139923,-0.03127666190266609,0.11801091581583023,-0.21229921281337738,-0.1641773283481598,1.2755218744277954,0.11777375638484955,1.273146390914917,-0.14092250168323517,-0.10260821133852005,-0.09567113220691681,-0.028151310980319977,-1.6443108320236206,0.21522535383701324,-1.2128875255584717]","[-0.47772353887557983,-0.023025188595056534,0.020196368917822838,0.7388689517974854,-0.2283398061990738,0.04266431927680969,-0.2705140709877014,-0.0022087018005549908,0.03873796388506889,0.24570420384407043,0.08313874155282974,-0.02815365232527256,-0.0023575415834784508,0.02744186483323574,-0.21558399498462677,0.0026249641086906195,0.12721461057662964,-0.1734534054994583,-0.19473743438720703,1.2649900913238525,0.14749698340892792,1.2797365188598633,-0.16438709199428558,-0.10431411862373352,-0.08835297077894211,-0.004344862885773182,-1.663432002067566,0.2168082743883133,-1.2235171794891357]","[-0.06062909960746765,-0.08425591886043549,-0.026494428515434265,-0.08531585335731506,-0.10301502048969269,-0.015674764290452003,-0.05466565489768982,-0.10566162317991257,0.05770058184862137,-0.09779781103134155,-0.1311143934726715,0.02008586935698986,-0.11146478354930878,0.05624983459711075,0.07752478122711182,0.5808456540107727,-0.03914888948202133,-0.24076364934444427,-0.9890809655189514,0.22533535957336426,0.006612204015254974,-0.10582506656646729,0.38187578320503235,-0.006708875298500061,-0.06874110549688339,-0.7910066246986389,-0.011229515075683594,0.0874403864145279,0.3651231527328491]","[-0.16816365718841553,-0.24216802418231964,-0.11732921749353409,-0.08470699936151505,-0.03146088495850563,0.03363848105072975,-0.15117119252681732,-0.16166655719280243,0.08796927332878113,-0.11764760315418243,-0.12897515296936035,0.027213718742132187,-0.1740051954984665,-0.0007338033756241202,-0.0042372350580990314,0.604917585849762,-0.04678227752447128,-0.09375450760126114,-0.8972872495651245,0.23316265642642975,-0.012030129320919514,-0.030139219015836716,0.3156512975692749,0.021527258679270744,0.018005605787038803,-0.6947447061538696,-0.04432748630642891,0.11950723081827164,0.11584758013486862]","[-1.9554771184921265,-0.05086178332567215,0.053034424781799316,1.0469908714294434,-0.17230179905891418,0.13342471420764923,-0.017762906849384308,-0.19764551520347595,0.12679456174373627,-0.22853635251522064,0.5538984537124634,-0.06787475198507309,0.28609082102775574,0.20600908994674683,0.45041143894195557,-0.8809503316879272,-0.0003359653055667877,-0.08997486531734467,-0.9838643670082092,2.769502639770508,3.217921257019043,2.7645182609558105,-1.410025954246521,0.7077656984329224,0.30171653628349304,-0.4995679259300232,-3.7219111919403076,1.1537880897521973,-6.314521789550781]",0.013188306242227554,0.03460464999079704,0.016775984317064285,0.06975056976079941,0.09852886199951172,4.926443099975586,0,0,0,0.49897366762161255,0.49640676379203796,0.9937776327133179,0.944919228553772,0.9993034601211548,0.9984938502311707,-0.005431443452835083,-0.0,-0.0
127,2.54,127,"[-0.349938303232193,-0.027141012251377106,-0.016543613746762276,0.31679099798202515,-0.006261989939957857,-0.01656435616314411,-0.33062437176704407,-0.04998849332332611,0.015361909754574299,0.2636396288871765,0.03785116225481033,0.00297910557128489,-0.047447849065065384,0.04180139675736427,-0.2773444652557373,-0.019825177267193794,0.1173078864812851,-0.21700678765773773,-0.18382757902145386,1.28004789352417,0.11790679395198822,1.2713632583618164,-0.13323844969272614,-0.10260452330112457,-0.09680882841348648,-0.044321972876787186,-1.6444146633148193,0.21719756722450256,-1.2049334049224854]","[-0.48083266615867615,-0.028122421354055405,0.01797788217663765,0.7368789315223694,-0.2289479374885559,0.04334443062543869,-0.2730740010738373,-0.00579020706936717,0.03970496729016304,0.24341115355491638,0.08065689355134964,-0.02764630690217018,-0.005873804446309805,0.027341416105628014,-0.21565233170986176,0.014706230722367764,0.12634365260601044,-0.17538662254810333,-0.21238382160663605,1.269574761390686,0.14719045162200928,1.2792237997055054,-0.15766647458076477,-0.10389318317174911,-0.0878279060125351,-0.018693018704652786,-1.6642695665359497,0.2193244844675064,-1.2209688425064087]","[-0.06412714719772339,-0.087440624833107,-0.02822522073984146,-0.09256824851036072,-0.0877373144030571,-0.01505305990576744,-0.050344318151474,-0.09838687628507614,0.0550062395632267,-0.09948089718818665,-0.14456455409526825,0.019224738702178,-0.10245805978775024,0.0548425130546093,0.08383020758628845,0.5607919692993164,-0.025581195950508118,-0.2313796430826187,-0.9701471924781799,0.22223889827728271,0.005193427205085754,-0.0784158706665039,0.37855321168899536,0.01345369964838028,-0.056838616728782654,-0.8150386810302734,-0.0003069639205932617,0.10166168212890625,0.3647536039352417]","[-0.1482418328523636,-0.2561107873916626,-0.10254766047000885,-0.1075574979186058,-0.031081540510058403,0.033879123628139496,-0.12111768126487732,-0.18326817452907562,0.035343244671821594,-0.11677604913711548,-0.11782192438840866,0.024066342040896416,-0.16825397312641144,-0.006418097764253616,-0.0017773722065612674,0.5971793532371521,-0.0391044057905674,-0.10106642544269562,-0.8673453330993652,0.2233256995677948,-0.016801336780190468,-0.020755255594849586,0.3445669412612915,0.02089192532002926,0.02461216226220131,-0.7259702682495117,-0.04104073718190193,0.12460982799530029,0.12998811900615692]","[-1.9621354341506958,-0.07052359730005264,0.049636825919151306,1.038172721862793,-0.17812901735305786,0.13679054379463196,-0.008793137967586517,-0.20929595828056335,0.1251998394727707,-0.22904787957668304,0.5508211851119995,-0.06744303554296494,0.28725719451904297,0.19633248448371887,0.44247859716415405,-0.8997695446014404,0.01639784500002861,-0.061237167567014694,-1.017642617225647,2.779496669769287,3.23515248298645,2.783618688583374,-1.4102553129196167,0.727414071559906,0.3333754539489746,-0.5471641421318054,-3.714480400085449,1.132689356803894,-6.318979263305664]",0.013335573486983776,0.03434078022837639,0.016833104193210602,0.07026709616184235,0.09855350852012634,4.927675426006317,0,0,0,0.498950332403183,0.4964402914047241,0.9937898516654968,0.9446074962615967,0.9993510246276855,0.9987806081771851,-0.0042443787679076195,-0.0,-0.0
128,2.56,128,"[-0.35125118494033813,-0.028885317966341972,-0.01708739437162876,0.3149254620075226,-0.007896367460489273,-0.016863258555531502,-0.3316163420677185,-0.05187121033668518,0.016407160088419914,0.2616296708583832,0.03483796864748001,0.0033248867839574814,-0.04935779422521591,0.04290612414479256,-0.27559608221054077,-0.008844983763992786,0.1169876679778099,-0.22155439853668213,-0.20298321545124054,1.2844114303588867,0.11798149347305298,1.2700097560882568,-0.1257803738117218,-0.10207006335258484,-0.09794467687606812,-0.060752857476472855,-1.6443231105804443,0.2192918211221695,-1.198297381401062]","[-0.48386555910110474,-0.03349720314145088,0.01618611067533493,0.7327001094818115,-0.23198281228542328,0.044082578271627426,-0.27526620030403137,-0.009725542739033699,0.04006488621234894,0.24095918238162994,0.07816775143146515,-0.027218185365200043,-0.009276889264583588,0.027103684842586517,-0.21555882692337036,0.026339571923017502,0.12576492130756378,-0.17746728658676147,-0.22935552895069122,1.2737956047058105,0.14675305783748627,1.2788586616516113,-0.15058721601963043,-0.10352743417024612,-0.08717181533575058,-0.03357823193073273,-1.6650480031967163,0.22207865118980408,-1.2181137800216675]","[-0.06371811032295227,-0.08789105713367462,-0.027390848845243454,-0.09662061929702759,-0.07996825873851776,-0.014735572040081024,-0.04235804080963135,-0.09327857196331024,0.04947160184383392,-0.10839253664016724,-0.15550805628299713,0.015140342526137829,-0.08981283754110336,0.053242314606904984,0.08686333894729614,0.543071448802948,-0.011911988258361816,-0.22022612392902374,-0.9487014412879944,0.2147972583770752,0.003690272569656372,-0.07416605949401855,0.3677593767642975,0.030443817377090454,-0.0454682856798172,-0.8202650547027588,0.013136863708496094,0.11402517557144165,0.28918683528900146]","[-0.15078121423721313,-0.2688698172569275,-0.0898086279630661,-0.251112163066864,-0.22806759178638458,0.048348452895879745,-0.1117335706949234,-0.1952287256717682,0.013765162788331509,-0.1236729770898819,-0.1171952560544014,0.019979221746325493,-0.16896620392799377,-0.010260477662086487,0.005960388574749231,0.564203143119812,-0.02323494292795658,-0.10712501406669617,-0.8297939896583557,0.20157299935817719,-0.02662058360874653,-0.016172295436263084,0.35696345567703247,0.018785130232572556,0.026442384347319603,-0.751841127872467,-0.038975056260824203,0.13738249242305756,0.14855900406837463]","[-1.965807318687439,-0.08980036526918411,0.04312770068645477,1.0319669246673584,-0.18208271265029907,0.13956688344478607,-0.002635844051837921,-0.2203294336795807,0.12433101236820221,-0.23176728188991547,0.5479336977005005,-0.06861340254545212,0.29144778847694397,0.18396919965744019,0.43963348865509033,-0.9152146577835083,0.03541311249136925,-0.03469089791178703,-1.0445470809936523,2.7878212928771973,3.252619504928589,2.799283504486084,-1.4162273406982422,0.748894989490509,0.3680110573768616,-0.5880069136619568,-3.7064976692199707,1.1143059730529785,-6.325767517089844]",0.013483854942023754,0.03383969888091087,0.016866354271769524,0.07050769031047821,0.09850609302520752,4.925304651260376,0,0,0,0.4989303648471832,0.49651995301246643,0.9938062429428101,0.9446796774864197,0.9987325668334961,0.9962891936302185,-0.003653192427009344,-0.0,-0.0
129,2.58,129,"[-0.3524870276451111,-0.03065665438771248,-0.017639247700572014,0.31292617321014404,-0.009460720233619213,-0.017153779044747353,-0.3323186933994293,-0.05371963605284691,0.017340773716568947,0.2593039274215698,0.03163084015250206,0.0035847192630171776,-0.05104036256670952,0.04393108934164047,-0.27386993169784546,0.0018976805731654167,0.11683140695095062,-0.22581583261489868,-0.22177563607692719,1.288639783859253,0.11805440485477448,1.2683966159820557,-0.11852807551622391,-0.10138677060604095,-0.09862755984067917,-0.07713257521390915,-1.6438891887664795,0.22175857424736023,-1.1933659315109253]","[-0.486299991607666,-0.03891617804765701,0.014327691867947578,0.7300094366073608,-0.23429957032203674,0.045033883303403854,-0.2774876058101654,-0.013874136842787266,0.04044634476304054,0.2385711669921875,0.0758211687207222,-0.02688444033265114,-0.012096027843654156,0.026282211765646935,-0.21544018387794495,0.03738247603178024,0.1254587024450302,-0.17928995192050934,-0.2454410344362259,1.2776076793670654,0.1457596868276596,1.2785184383392334,-0.1432337909936905,-0.10308375954627991,-0.08626323193311691,-0.04866498336195946,-1.665742039680481,0.22523711621761322,-1.2150205373764038]","[-0.060611218214035034,-0.0867680236697197,-0.02552787773311138,-0.09938329458236694,-0.07810844480991364,-0.014489097520709038,-0.0333443284034729,-0.09000487625598907,0.04414757713675499,-0.12087002396583557,-0.1655270904302597,0.010639702901244164,-0.07434571534395218,0.04995260387659073,0.08628442883491516,0.5280726552009583,0.0023087486624717712,-0.2074752002954483,-0.9267047047615051,0.20366013050079346,0.002419017255306244,-0.08371174335479736,0.3537219166755676,0.045921094715595245,-0.03408398479223251,-0.8132693767547607,0.026226043701171875,0.12331865727901459,0.2170354127883911]","[-0.1123962253332138,-0.2664472758769989,-0.08604613691568375,-0.09821786731481552,-0.07448365539312363,0.042947616428136826,-0.11047802865505219,-0.20616421103477478,0.02495122142136097,-0.11584453284740448,-0.11044882982969284,0.015226414427161217,-0.12214955687522888,-0.05066526681184769,0.008054770529270172,0.5415406227111816,-0.013677135109901428,-0.08501918613910675,-0.784747838973999,0.18490897119045258,-0.0577206090092659,-0.015350144356489182,0.3692440688610077,0.02233169972896576,0.049189936369657516,-0.7512100338935852,-0.03232359513640404,0.1601606011390686,0.1546027809381485]","[-1.9668254852294922,-0.10650787502527237,0.035308122634887695,1.0290358066558838,-0.18127313256263733,0.14175952970981598,0.0018109902739524841,-0.23193737864494324,0.1236313134431839,-0.23510514199733734,0.5464606285095215,-0.07101338356733322,0.2977062165737152,0.16810283064842224,0.4381421208381653,-0.9249409437179565,0.05455407127737999,-0.008054625242948532,-1.0664582252502441,2.794236183166504,3.270400285720825,2.814311981201172,-1.4199905395507812,0.7718820571899414,0.4057745933532715,-0.6287341713905334,-3.6966123580932617,1.0947774648666382,-6.334226131439209]",0.013692380860447884,0.03324156627058983,0.016918711364269257,0.0709255114197731,0.09857824444770813,4.9289122223854065,0,0,0,0.4989017844200134,0.49662771821022034,0.9938316345214844,0.9447476863861084,0.9993245005607605,0.9990965723991394,-0.0036171553656458855,-0.0,-0.0
130,2.6,130,"[-0.35367563366889954,-0.03235603868961334,-0.018108509480953217,0.3109501302242279,-0.011020705103874207,-0.017442822456359863,-0.3329501152038574,-0.055471405386924744,0.018173063173890114,0.25679486989974976,0.028216885402798653,0.003750474890694022,-0.05233162268996239,0.044904228299856186,-0.27214470505714417,0.012277921661734581,0.11708001792430878,-0.22985340654850006,-0.24005140364170074,1.2925578355789185,0.11807825416326523,1.266661286354065,-0.11163149774074554,-0.10023321956396103,-0.09930803626775742,-0.09328363090753555,-1.6432740688323975,0.22422456741333008,-1.1896159648895264]","[-0.48825371265411377,-0.04424583539366722,0.01301568653434515,0.7281143069267273,-0.23513764142990112,0.04575635492801666,-0.2798917591571808,-0.018383720889687538,0.04085072875022888,0.2354637086391449,0.07185202836990356,-0.026644574478268623,-0.014144781976938248,0.024947263300418854,-0.21510466933250427,0.04808322340250015,0.1252075731754303,-0.18048886954784393,-0.26075583696365356,1.2811470031738281,0.14430944621562958,1.2782362699508667,-0.1360509842634201,-0.10266110301017761,-0.08479148894548416,-0.06351310759782791,-1.6662849187850952,0.228617325425148,-1.2117842435836792]","[-0.054326653480529785,-0.08345413953065872,-0.02314690500497818,-0.10321065783500671,-0.07918272167444229,-0.013436423614621162,-0.025563687086105347,-0.0833696722984314,0.0421457476913929,-0.13001561164855957,-0.1688087433576584,0.005146930925548077,-0.05944846197962761,0.04361644387245178,0.08276179432868958,0.515432596206665,0.016750767827033997,-0.19238218665122986,-0.9044904708862305,0.19092857837677002,0.0015702098608016968,-0.09774267673492432,0.34095868468284607,0.06386470049619675,-0.022721290588378906,-0.7985085248947144,0.03740489482879639,0.12737475335597992,0.17522871494293213]","[-0.09090133756399155,-0.26003047823905945,-0.06115954741835594,-0.09745486825704575,-0.028323277831077576,0.03291694074869156,-0.11408283561468124,-0.2138938009738922,0.03209592401981354,-0.10818897187709808,-0.18874913454055786,0.011523274704813957,-0.09985914826393127,-0.061743609607219696,0.021203678101301193,0.5258292555809021,-0.013208179734647274,-0.05322407931089401,-0.7452204823493958,0.17150723934173584,-0.07559391111135483,-0.010140400379896164,0.35472017526626587,0.019834250211715698,0.07650141417980194,-0.73420649766922,-0.025155557319521904,0.16462929546833038,0.16196733713150024]","[-1.9690953493118286,-0.12179446965456009,0.02841278910636902,1.022462248802185,-0.18622717261314392,0.14204470813274384,0.004251837730407715,-0.2439892590045929,0.1231212466955185,-0.24015836417675018,0.5454418659210205,-0.07210170477628708,0.29991868138313293,0.15121141076087952,0.4381283223628998,-0.9326095581054688,0.0717248022556305,0.018189508467912674,-1.0876822471618652,2.799999475479126,3.289745330810547,2.8295469284057617,-1.424998164176941,0.7953646779060364,0.4438432455062866,-0.6701139807701111,-3.686677932739258,1.0716592073440552,-6.34565544128418]",0.013954304158687592,0.03267134353518486,0.01702910102903843,0.07155421376228333,0.09855744242668152,4.927872121334076,0,0,0,0.49886488914489746,0.4967274069786072,0.9938269853591919,0.9442705512046814,0.9991275072097778,0.9987838268280029,-0.0037289264146238565,-0.0,-0.0
131,2.62,131,"[-0.3546600937843323,-0.03399481996893883,-0.01856512390077114,0.3087977468967438,-0.012628029100596905,-0.0176912359893322,-0.33334124088287354,-0.05705442279577255,0.019026603549718857,0.25410330295562744,0.02487849071621895,0.0037905965000391006,-0.05341830104589462,0.045675747096538544,-0.2705594599246979,0.022514984011650085,0.11750143766403198,-0.23351112008094788,-0.25795525312423706,1.2962769269943237,0.11811721324920654,1.2644869089126587,-0.10488972812891006,-0.09883218258619308,-0.09953641146421432,-0.10907291620969772,-1.6423929929733276,0.22685356438159943,-1.186356782913208]","[-0.4897899031639099,-0.04949808865785599,0.011936885304749012,0.725903332233429,-0.23550915718078613,0.04632123187184334,-0.2815001308917999,-0.022634809836745262,0.04129858314990997,0.23381178081035614,0.06855755299329758,-0.026416445150971413,-0.01620909571647644,0.023612044751644135,-0.21462659537792206,0.0584871768951416,0.12497613579034805,-0.18118451535701752,-0.2751743793487549,1.2843917608261108,0.14252986013889313,1.2780851125717163,-0.12892192602157593,-0.10225903242826462,-0.08296509832143784,-0.07809770107269287,-1.6666662693023682,0.23186351358890533,-1.2084277868270874]","[-0.04648268222808838,-0.07874882221221924,-0.021190056577324867,-0.1077704131603241,-0.08194372057914734,-0.011957064270973206,-0.017493218183517456,-0.07401257753372192,0.04160832613706589,-0.13488829135894775,-0.16689994931221008,0.0007469032425433397,-0.046869367361068726,0.03394493833184242,0.07633119821548462,0.5041216015815735,0.031393952667713165,-0.1751340925693512,-0.8811812996864319,0.1780301332473755,0.001016072928905487,-0.10949075222015381,0.3326820135116577,0.08339583873748779,-0.010243058204650879,-0.780696451663971,0.04459023475646973,0.12798048555850983,0.1656651496887207]","[-0.07185257971286774,-0.2589225769042969,-0.050424810498952866,-0.11713019013404846,-0.014559922739863396,0.025912757962942123,-0.06744057685136795,-0.20981831848621368,0.013833725824952126,-0.08333573490381241,-0.15417739748954773,0.010763542726635933,-0.09892209619283676,-0.06487634778022766,0.024082345888018608,0.510741651058197,-0.010983179323375225,-0.029635624960064888,-0.7012789249420166,0.1561703383922577,-0.09150129556655884,-0.004677205346524715,0.35522550344467163,0.020352542400360107,0.09194812923669815,-0.7244266271591187,-0.01706394925713539,0.15479622781276703,0.16928865015506744]","[-1.972075343132019,-0.1359507441520691,0.02223747968673706,1.0148162841796875,-0.193123459815979,0.14115890860557556,0.0067148879170417786,-0.2552589476108551,0.12302033603191376,-0.2442932277917862,0.5465989112854004,-0.07171519845724106,0.29960620403289795,0.13047629594802856,0.43461906909942627,-0.9392037391662598,0.08700746297836304,0.04431707039475441,-1.1093558073043823,2.8045666217803955,3.309300184249878,2.8484859466552734,-1.4242037534713745,0.8213245272636414,0.479073166847229,-0.7131296396255493,-3.674128532409668,1.0435680150985718,-6.360945701599121]",0.014235664159059525,0.031904254108667374,0.017173824831843376,0.07216884940862656,0.09855105727910995,4.927552863955498,0,0,0,0.4988235533237457,0.4968603551387787,0.993807315826416,0.9438363909721375,0.9992721676826477,0.998996376991272,-0.004043025895953178,-0.0,-0.0
132,2.64,132,"[-0.35553494095802307,-0.0355059914290905,-0.01895611174404621,0.30663931369781494,-0.0142984539270401,-0.01792110502719879,-0.3336498439311981,-0.05843190848827362,0.01983739621937275,0.25139933824539185,0.021540887653827667,0.0037803510203957558,-0.054206397384405136,0.04626202583312988,-0.2690914571285248,0.032442785799503326,0.1183357760310173,-0.2368587702512741,-0.2752986550331116,1.2996790409088135,0.11811889708042145,1.2622816562652588,-0.09832421690225601,-0.09689738601446152,-0.09971775859594345,-0.1245114877820015,-1.6414904594421387,0.22934378683567047,-1.1829893589019775]","[-0.49114808440208435,-0.05471312999725342,0.011068107560276985,0.7233296036720276,-0.2356909066438675,0.04676498472690582,-0.2826652526855469,-0.026996130123734474,0.04146793857216835,0.23183952271938324,0.06551230698823929,-0.026192020624876022,-0.018086344003677368,0.02208947204053402,-0.21427124738693237,0.06855849921703339,0.12479157000780106,-0.1815236210823059,-0.28883275389671326,1.2874010801315308,0.1407291442155838,1.2779655456542969,-0.12180054187774658,-0.10183917731046677,-0.08085986226797104,-0.09253249317407608,-1.666864037513733,0.2348085641860962,-1.2048969268798828]","[-0.03684014081954956,-0.07363203912973404,-0.019142264500260353,-0.11217296123504639,-0.08516807854175568,-0.010862713679671288,-0.003717094659805298,-0.05853855982422829,0.043686993420124054,-0.12409798800945282,-0.15590210258960724,0.002167146885767579,-0.03874804824590683,0.02104463055729866,0.06532073020935059,0.49310028553009033,0.049712322652339935,-0.15155412256717682,-0.853911817073822,0.1623600721359253,-0.002397596836090088,-0.1149892807006836,0.331589013338089,0.10122526437044144,0.008882209658622742,-0.7637298107147217,0.04807710647583008,0.12847259640693665,0.1822143793106079]","[-0.06688953191041946,-0.2562776505947113,-0.04089689254760742,-0.13263991475105286,-0.006259547546505928,0.02027827873826027,-0.05655171349644661,-0.21708330512046814,0.005541116464883089,-0.1043422669172287,-0.14875076711177826,0.011032292619347572,-0.08729923516511917,-0.07622672617435455,0.01664647087454796,0.49268844723701477,-0.008520852774381638,-0.01264079101383686,-0.666267454624176,0.14602430164813995,-0.08670224249362946,-0.004906925372779369,0.3532121777534485,0.021303698420524597,0.10587973147630692,-0.7179336547851562,-0.007408924866467714,0.1385497748851776,0.1786239594221115]","[-1.9745254516601562,-0.14969095587730408,0.016692206263542175,1.0052012205123901,-0.19920530915260315,0.14078859984874725,0.004791684448719025,-0.26570621132850647,0.12255193293094635,-0.2501501739025116,0.5475641489028931,-0.06977450102567673,0.29710379242897034,0.1058666855096817,0.4303644895553589,-0.9440828561782837,0.10070952773094177,0.0687742680311203,-1.1316205263137817,2.8086278438568115,3.3296873569488525,2.8653125762939453,-1.4202117919921875,0.8474447131156921,0.5117256045341492,-0.7522326111793518,-3.660585641860962,1.0126951932907104,-6.377337455749512]",0.014530915766954422,0.031010249629616737,0.0173104926943779,0.07279830425977707,0.09854767471551895,4.927383735775948,0,0,0,0.4987804591655731,0.49701836705207825,0.9937911033630371,0.943484365940094,0.9992738366127014,0.9989638924598694,-0.003928264603018761,-0.0,-0.0
133,2.66,133,"[-0.35613369941711426,-0.03694010153412819,-0.019330814480781555,0.3043108284473419,-0.016034752130508423,-0.01812574453651905,-0.33348992466926575,-0.059395965188741684,0.020774083212018013,0.24913938343524933,0.018642406910657883,0.003877282375469804,-0.054968222975730896,0.04651753231883049,-0.26794663071632385,0.0422389954328537,0.11948993057012558,-0.23957328498363495,-0.29211172461509705,1.3027713298797607,0.11802130937576294,1.2598873376846313,-0.09162616729736328,-0.09478317201137543,-0.09918112307786942,-0.13962210714817047,-1.6404699087142944,0.2319924682378769,-1.1790682077407837]","[-0.492411345243454,-0.05979699641466141,0.010320944711565971,0.7205774784088135,-0.23571516573429108,0.0471152625977993,-0.2837143540382385,-0.031415991485118866,0.041548214852809906,0.2296464741230011,0.06248873472213745,-0.025937233120203018,-0.019777704030275345,0.02036992460489273,-0.21395546197891235,0.07817500829696655,0.12467093020677567,-0.18163320422172546,-0.3018381595611572,1.2902694940567017,0.13929663598537445,1.2778112888336182,-0.11478865891695023,-0.10139119625091553,-0.07856272906064987,-0.10679585486650467,-1.6668308973312378,0.23731818795204163,-1.2012354135513306]","[-0.0269182026386261,-0.06950153410434723,-0.017754454165697098,-0.11604949831962585,-0.08838861435651779,-0.010092882439494133,0.018521398305892944,-0.03921361640095711,0.0446067675948143,-0.1021943986415863,-0.13270732760429382,0.0055620912462472916,-0.03519318997859955,0.004844088107347488,0.04840493202209473,0.48206934332847595,0.07144194096326828,-0.12451708316802979,-0.8228816390037537,0.14422237873077393,-0.006641261279582977,-0.11816620826721191,0.3379363715648651,0.11761598289012909,0.03279689699411392,-0.7477274537086487,0.04986226558685303,0.12750104069709778,0.20751357078552246]","[-0.06252007931470871,-0.24762940406799316,-0.036335572600364685,-0.13777172565460205,0.0013663041172549129,0.016054878011345863,-0.05249673128128052,-0.21744130551815033,0.002491327468305826,-0.10922205448150635,-0.14997100830078125,0.013093437068164349,-0.07906462997198105,-0.08527016639709473,0.01647529937326908,0.4679434299468994,-0.0049285623244941235,-0.002842589979991317,-0.6340418457984924,0.14026445150375366,-0.06368754059076309,-0.007414026651531458,0.34685423970222473,0.022991111502051353,0.11423461139202118,-0.7081784009933472,0.004943217150866985,0.11599572747945786,0.18384701013565063]","[-1.9748973846435547,-0.16202077269554138,0.010686472058296204,0.9965571165084839,-0.2037583887577057,0.14101828634738922,0.004332788288593292,-0.27220889925956726,0.12125401198863983,-0.2542184293270111,0.5505948066711426,-0.06681563705205917,0.2913467288017273,0.07784715294837952,0.42535728216171265,-0.947354793548584,0.11368376016616821,0.09312750399112701,-1.1554349660873413,2.8106329441070557,3.350181818008423,2.8727312088012695,-1.4120010137557983,0.8733861446380615,0.5398873090744019,-0.7857838273048401,-3.6462652683258057,0.9785898923873901,-6.3943281173706055]",0.014846879057586193,0.029973497614264488,0.017402956262230873,0.07337085157632828,0.09854622930288315,4.927311465144157,0,0,0,0.49873384833335876,0.4972037374973297,0.9937965273857117,0.943160891532898,0.999224066734314,0.9988623857498169,-0.0036700533237308264,-0.0,-0.0
134,2.68,134,"[-0.3566116690635681,-0.03828605264425278,-0.019666289910674095,0.3019973337650299,-0.017833998426795006,-0.018324820324778557,-0.3329089879989624,-0.060000453144311905,0.021621666848659515,0.2473115622997284,0.016232594847679138,0.004002834670245647,-0.05561412498354912,0.04645578935742378,-0.267155259847641,0.05172555893659592,0.12119345366954803,-0.2418394535779953,-0.3082139194011688,1.3054479360580444,0.11785324662923813,1.2575550079345703,-0.08480676263570786,-0.09219274669885635,-0.0984058827161789,-0.15442058444023132,-1.6394959688186646,0.23444382846355438,-1.1746888160705566]","[-0.493919312953949,-0.06461456418037415,0.009551910683512688,0.7161173224449158,-0.2385507971048355,0.04739169776439667,-0.2847207486629486,-0.03577148914337158,0.04150943458080292,0.22749146819114685,0.059821631759405136,-0.025636794045567513,-0.021416567265987396,0.018623825162649155,-0.2135787010192871,0.08708736300468445,0.12462180107831955,-0.18157242238521576,-0.3141067624092102,1.2929621934890747,0.13824748992919922,1.2775856256484985,-0.10796958208084106,-0.1009298712015152,-0.07626067847013474,-0.12083715200424194,-1.6665241718292236,0.23934412002563477,-1.1975160837173462]","[-0.0158749520778656,-0.06579356640577316,-0.01610531471669674,-0.12309104204177856,-0.0926104411482811,-0.010089436545968056,0.04658326506614685,-0.02098856493830681,0.03993953764438629,-0.08116401731967926,-0.09372632950544357,0.006043160334229469,-0.03147609531879425,-0.011273287236690521,0.027204304933547974,0.46851402521133423,0.08631497621536255,-0.09512118995189667,-0.7813327312469482,0.13402104377746582,-0.013237260282039642,-0.11711716651916504,0.3491874933242798,0.13879314064979553,0.05301479250192642,-0.730016827583313,0.051790475845336914,0.12044459581375122,0.2219468355178833]","[-0.07754020392894745,-0.23272399604320526,-0.039731137454509735,-0.25533628463745117,-0.23677492141723633,0.013364169746637344,-0.05433432012796402,-0.21204890310764313,-0.0031291008926928043,-0.10400615632534027,-0.12603245675563812,0.015528067015111446,-0.08082517236471176,-0.08454111218452454,0.01959185302257538,0.4249746799468994,-0.00046676298370584846,0.005431523080915213,-0.5940936207771301,0.12999974191188812,-0.04765840992331505,-0.012757704593241215,0.33525368571281433,0.0251743346452713,0.10960950702428818,-0.696340799331665,0.018782492727041245,0.09234270453453064,0.18663769960403442]","[-1.976961374282837,-0.17233195900917053,0.0040756165981292725,0.9890440106391907,-0.2077169120311737,0.1408066600561142,0.005918689072132111,-0.27623358368873596,0.11803843080997467,-0.2570304572582245,0.5578445196151733,-0.06334149092435837,0.28623685240745544,0.04625656083226204,0.41785892844200134,-0.950050950050354,0.12571501731872559,0.11713038384914398,-1.1775211095809937,2.807589292526245,3.368931531906128,2.8688559532165527,-1.403332233428955,0.8988558053970337,0.5642997026443481,-0.8123244047164917,-3.631204128265381,0.94441819190979,-6.415698051452637]",0.015184920281171799,0.028855105862021446,0.017428727820515633,0.07370930910110474,0.09847433120012283,4.923716560006142,0,0,0,0.49868398904800415,0.4973992705345154,0.9938303232192993,0.9431289434432983,0.9983913898468018,0.9957204461097717,-0.003437780775129795,-0.0,-0.0
135,2.7,135,"[-0.3567686975002289,-0.039571844041347504,-0.019975027069449425,0.2993871867656708,-0.019739169627428055,-0.018529321998357773,-0.3316265940666199,-0.060235507786273956,0.02237166464328766,0.24589282274246216,0.014893353916704655,0.004119008779525757,-0.056227266788482666,0.04606660082936287,-0.26685845851898193,0.060979556292295456,0.12294252961874008,-0.24337813258171082,-0.3233650326728821,1.3081321716308594,0.11749181896448135,1.2552026510238647,-0.07765866816043854,-0.0892314463853836,-0.09706053137779236,-0.168822780251503,-1.638398289680481,0.23681025207042694,-1.1701903343200684]","[-0.49518999457359314,-0.06901295483112335,0.008939950726926327,0.7136479616165161,-0.24061647057533264,0.047597985714673996,-0.2858087420463562,-0.040076225996017456,0.041392307728528976,0.22545889019966125,0.058134205639362335,-0.025300374254584312,-0.02275383286178112,0.016699695959687233,-0.21331918239593506,0.09514203667640686,0.12471043318510056,-0.1813337802886963,-0.3253786265850067,1.295375943183899,0.13733184337615967,1.2772619724273682,-0.10128489136695862,-0.1002177968621254,-0.07417862862348557,-0.1344025433063507,-1.6659834384918213,0.24089351296424866,-1.193877935409546]","[-0.006044656038284302,-0.06273044645786285,-0.01436593011021614,-0.13228058815002441,-0.09696917235851288,-0.010274816304445267,0.07937029004096985,-0.003773067146539688,0.03204150125384331,-0.060829147696495056,-0.05356157198548317,0.005547155160456896,-0.027409475296735764,-0.027081556618213654,0.001806020736694336,0.4526393711566925,0.09590126574039459,-0.061729177832603455,-0.7316470146179199,0.12888014316558838,-0.029315799474716187,-0.11790990829467773,0.3630584180355072,0.1633778214454651,0.07230937480926514,-0.7105674743652344,0.0536799430847168,0.11098384857177734,0.2253413200378418]","[-0.0623207688331604,-0.20885208249092102,-0.026476627215743065,-0.07693414390087128,-0.054600976407527924,0.008205961436033249,-0.050861913710832596,-0.20948141813278198,-0.005117542576044798,-0.09986331313848495,-0.0658823698759079,0.01723887026309967,-0.06010731682181358,-0.09513038396835327,0.01236183475703001,0.3861551582813263,0.005594811402261257,0.013718166388571262,-0.5409868955612183,0.11569730192422867,-0.043714720755815506,-0.016950326040387154,0.3309670090675354,0.04149068519473076,0.09736397862434387,-0.6656156182289124,0.029162168502807617,0.06821959465742111,0.17805756628513336]","[-1.9826371669769287,-0.17977669835090637,-0.0034803003072738647,0.986400306224823,-0.2073303759098053,0.14075206220149994,0.00900498777627945,-0.2778875529766083,0.11330877244472504,-0.25875020027160645,0.5695363283157349,-0.06059893220663071,0.2845728099346161,0.01029965654015541,0.4087733328342438,-0.9524718523025513,0.13471224904060364,0.1404891461133957,-1.19236421585083,2.799525499343872,3.3865761756896973,2.8595314025878906,-1.3975547552108765,0.9225475192070007,0.5873574614524841,-0.8302529454231262,-3.616063117980957,0.9099423289299011,-6.439764976501465]",0.015545791015028954,0.0277386661618948,0.017412414774298668,0.07417819648981094,0.09854266047477722,4.927133023738861,0,0,0,0.49862754344940186,0.49759283661842346,0.9938881993293762,0.943002462387085,0.9987953901290894,0.9984630942344666,-0.0032363920472562313,-0.0,-0.0
136,2.72,136,"[-0.3568534553050995,-0.04079527035355568,-0.02024092711508274,0.29670611023902893,-0.021712765097618103,-0.018735812976956367,-0.3297341763973236,-0.06015137583017349,0.022903326898813248,0.2448783963918686,0.014090131968259811,0.004224720876663923,-0.05671050399541855,0.045372527092695236,-0.2670830190181732,0.06983113288879395,0.12502950429916382,-0.24430862069129944,-0.3374797999858856,1.310603141784668,0.11668061465024948,1.2528386116027832,-0.07028442621231079,-0.08565763384103775,-0.09551350772380829,-0.18284328281879425,-1.6373487710952759,0.23888318240642548,-1.165675163269043]","[-0.49647387862205505,-0.07291761040687561,0.008552332408726215,0.7125999927520752,-0.24105918407440186,0.047676220536231995,-0.28714144229888916,-0.04433285817503929,0.04097998887300491,0.22287069261074066,0.05726587399840355,-0.024886026978492737,-0.023853903636336327,0.014682792127132416,-0.21306444704532623,0.1022917851805687,0.12487471103668213,-0.18073444068431854,-0.33551478385925293,1.2974153757095337,0.13624164462089539,1.276800513267517,-0.0949971154332161,-0.0991920456290245,-0.07231585681438446,-0.1470867246389389,-1.6653066873550415,0.24205873906612396,-1.1904240846633911]","[-0.0069297850131988525,-0.06020553410053253,-0.014294590801000595,-0.1365378499031067,-0.10040933638811111,-0.010264897719025612,0.10282918810844421,0.008788704872131348,0.02254107967019081,-0.03702379763126373,-0.020636525005102158,0.002973142545670271,-0.02462407574057579,-0.04234304651618004,-0.026284903287887573,0.430988073348999,0.11550914496183395,-0.029015541076660156,-0.6893113255500793,0.11169016361236572,-0.04505794495344162,-0.13022124767303467,0.37084242701530457,0.18469971418380737,0.08902214467525482,-0.6935093998908997,0.05113780498504639,0.09911097586154938,0.23027658462524414]","[-0.0642259269952774,-0.18127764761447906,-0.021731294691562653,-0.045464951545000076,-0.010325107723474503,0.002406339393928647,-0.052794937044382095,-0.19939984381198883,-0.020255072042346,-0.06708365678787231,-0.03041643649339676,0.02215409092605114,-0.05736883729696274,-0.0914645567536354,0.00917060673236847,0.3399118483066559,0.008011175319552422,0.03139185532927513,-0.47711315751075745,0.09537356346845627,-0.05723089352250099,-0.022741977125406265,0.3107294738292694,0.05664236843585968,0.0856134444475174,-0.613630473613739,0.03462040051817894,0.051752857863903046,0.16636335849761963]","[-1.9920637607574463,-0.18611392378807068,-0.013097032904624939,0.9848312139511108,-0.21406790614128113,0.14105191826820374,0.010770685970783234,-0.27897128462791443,0.10771320760250092,-0.259103924036026,0.5817421674728394,-0.05513342469930649,0.28780055046081543,-0.025818776339292526,0.3992205858230591,-0.9570448994636536,0.1398138403892517,0.16381649672985077,-1.203368902206421,2.7891695499420166,3.40735125541687,2.848252058029175,-1.402219295501709,0.9412773251533508,0.610130786895752,-0.8343004584312439,-3.605295419692993,0.8717069625854492,-6.464230537414551]",0.01591850072145462,0.026784643530845642,0.017380384728312492,0.0749102458357811,0.09850750863552094,4.925375431776047,0,0,0,0.49856802821159363,0.4977538287639618,0.99393630027771,0.9422971606254578,0.9981569647789001,0.9978396892547607,-0.0031762730795890093,-0.0,-0.0
137,2.74,137,"[-0.35704588890075684,-0.041980065405368805,-0.02054681070148945,0.2939256727695465,-0.023755542933940887,-0.018939917907118797,-0.3275134265422821,-0.0598839595913887,0.02327330783009529,0.2444118708372116,0.014067892916500568,0.004237934481352568,-0.0572122298181057,0.04437287896871567,-0.26790985465049744,0.07821907848119736,0.12756289541721344,-0.24453875422477722,-0.35093748569488525,1.312599778175354,0.11568950116634369,1.2499938011169434,-0.06282497197389603,-0.08184345811605453,-0.09349964559078217,-0.19656315445899963,-1.636352777481079,0.24077469110488892,-1.1609792709350586]","[-0.4977286458015442,-0.07617727667093277,0.008171845227479935,0.711736261844635,-0.24116168916225433,0.047666627913713455,-0.2879492938518524,-0.04811658710241318,0.040334656834602356,0.22192975878715515,0.057026542723178864,-0.02412491664290428,-0.024978747591376305,0.01279416587203741,-0.21295277774333954,0.10844116657972336,0.1250769942998886,-0.17974643409252167,-0.34416231513023376,1.299056887626648,0.13468021154403687,1.276223063468933,-0.08908253908157349,-0.09780167043209076,-0.07075833529233932,-0.158516064286232,-1.6645480394363403,0.2429574877023697,-1.1873301267623901]","[-0.013443082571029663,-0.05815597251057625,-0.015543820336461067,-0.1373879611492157,-0.10449304431676865,-0.010350160300731659,0.12116134166717529,0.017641112208366394,0.013684667646884918,-0.01362040638923645,0.006854766979813576,6.579793989658356e-05,-0.022115372121334076,-0.05721384659409523,-0.05345791578292847,0.4036005735397339,0.14087259769439697,0.0002983957529067993,-0.6538562774658203,0.08603930473327637,-0.0501023605465889,-0.1512378454208374,0.37318143248558044,0.2016112208366394,0.10565407574176788,-0.6787806749343872,0.04626810550689697,0.08687898516654968,0.23602843284606934]","[-0.06141895428299904,-0.1508108526468277,-0.01700686849653721,-0.04209386557340622,-0.0037844388280063868,-0.0018953324761241674,-0.033426109701395035,-0.17835912108421326,-0.030572906136512756,-0.04553517326712608,-0.005501050967723131,0.037484247237443924,-0.054634593427181244,-0.09369960427284241,0.004685328342020512,0.28446659445762634,0.010735085234045982,0.05471988022327423,-0.40327438712120056,0.07663321495056152,-0.08326258510351181,-0.0321882888674736,0.2857957184314728,0.07766390591859818,0.07049152255058289,-0.5461949110031128,0.03815200924873352,0.04007885977625847,0.1485166847705841]","[-2.0013248920440674,-0.19119852781295776,-0.023113086819648743,0.9859712719917297,-0.22199133038520813,0.14124532043933868,0.01195807009935379,-0.27900418639183044,0.10236574709415436,-0.257718950510025,0.5929510593414307,-0.04881083220243454,0.2965083420276642,-0.05931749567389488,0.3885535001754761,-0.9623311758041382,0.14245852828025818,0.18590159714221954,-1.2141835689544678,2.7762839794158936,3.4299938678741455,2.835662603378296,-1.4085780382156372,0.956883430480957,0.6310145854949951,-0.828721821308136,-3.5960822105407715,0.8296061754226685,-6.4875006675720215]",0.016271445900201797,0.025914166122674942,0.01736137643456459,0.07565934956073761,0.09848876297473907,4.924438148736954,0,0,0,0.49851179122924805,0.49789902567863464,0.9939665198326111,0.9415444731712341,0.9979808926582336,0.9977413415908813,-0.003206170629709959,-0.0,-0.0
138,2.7600000000000002,138,"[-0.3573911786079407,-0.04312150925397873,-0.020862679928541183,0.2912105917930603,-0.025892486795783043,-0.019149819388985634,-0.3248877227306366,-0.05944573134183884,0.023450713604688644,0.24433358013629913,0.014364322647452354,0.004227352794259787,-0.05759511888027191,0.04308397322893143,-0.26922133564949036,0.08597515523433685,0.1306644082069397,-0.24429668486118317,-0.36363404989242554,1.314044713973999,0.11467652022838593,1.2467890977859497,-0.05535716935992241,-0.07759318500757217,-0.09128734469413757,-0.20999450981616974,-1.635498046875,0.24235834181308746,-1.1562340259552002]","[-0.4990398585796356,-0.07883355021476746,0.007971243001520634,0.7110331654548645,-0.24129922688007355,0.0475572794675827,-0.28886234760284424,-0.05150512233376503,0.039463892579078674,0.22055907547473907,0.05735532566905022,-0.02280321530997753,-0.02587522193789482,0.010754436254501343,-0.21287864446640015,0.11325224488973618,0.12532436847686768,-0.17829635739326477,-0.3513391613960266,1.3003697395324707,0.1326659470796585,1.2753498554229736,-0.08381722122430801,-0.09608398377895355,-0.06946974247694016,-0.16858963668346405,-1.6637145280838013,0.2437506765127182,-1.1845099925994873]","[-0.018124282360076904,-0.05411803722381592,-0.01777801662683487,-0.13820379972457886,-0.11015953868627548,-0.011145882308483124,0.13899356126785278,0.021533016115427017,0.005854293704032898,0.0021539628505706787,0.028679054230451584,-0.0004044617526233196,-0.014288071542978287,-0.06950292736291885,-0.07678717374801636,0.367234468460083,0.15844516456127167,0.03156699240207672,-0.6085336208343506,0.06109476089477539,-0.057820603251457214,-0.16849040985107422,0.3712577819824219,0.21477137506008148,0.11677592992782593,-0.6595649123191833,0.040656328201293945,0.06904862821102142,0.23556053638458252]","[-0.0669432133436203,-0.12430314719676971,-0.0009997474262490869,-0.02981116995215416,-0.008665141649544239,-0.007641941774636507,-0.07075979560613632,-0.1679086685180664,-0.04385405778884888,-0.15311308205127716,0.04561176523566246,0.06214260682463646,-0.034134842455387115,-0.111398845911026,0.008107657544314861,0.20977599918842316,0.013918152078986168,0.08175236731767654,-0.3342467248439789,0.06092146411538124,-0.10395365208387375,-0.05206800624728203,0.2430083453655243,0.09306027740240097,0.05890534445643425,-0.47842589020729065,0.04207950830459595,0.036903586238622665,0.13924749195575714]","[-2.0126230716705322,-0.19447609782218933,-0.033073827624320984,0.9884029030799866,-0.2304847538471222,0.14088274538516998,0.011671014130115509,-0.2795144021511078,0.09708960354328156,-0.25562429428100586,0.6018427610397339,-0.042321883141994476,0.3087952435016632,-0.09010681509971619,0.3747429847717285,-0.9686472415924072,0.14254513382911682,0.2069225162267685,-1.2290573120117188,2.7631232738494873,3.449002981185913,2.825385570526123,-1.414907455444336,0.9669643640518188,0.6523964405059814,-0.8220193386077881,-3.5889835357666016,0.7849252820014954,-6.5098137855529785]",0.016667870804667473,0.02531050145626068,0.017389051616191864,0.07665029913187027,0.09845064580440521,4.922532290220261,0,0,0,0.4984498918056488,0.4980003833770752,0.9939756989479065,0.9407032132148743,0.997407078742981,0.9971413612365723,-0.003145412541925907,-0.0,-0.0
139,2.7800000000000002,139,"[-0.3577708601951599,-0.04414478689432144,-0.021257931366562843,0.28839752078056335,-0.028161924332380295,-0.019385753199458122,-0.321953684091568,-0.05902263894677162,0.023507479578256607,0.24449802935123444,0.015215055085718632,0.004221756011247635,-0.05778375267982483,0.041592761874198914,-0.2709813416004181,0.09290845692157745,0.1339007019996643,-0.24327607452869415,-0.3752788305282593,1.315043568611145,0.1133766770362854,1.2432541847229004,-0.047974660992622375,-0.0732526034116745,-0.08882860839366913,-0.22294574975967407,-1.6347265243530273,0.24353663623332977,-1.1515568494796753]","[-0.500572144985199,-0.08079487085342407,0.007847635075449944,0.710707426071167,-0.24158267676830292,0.0473426952958107,-0.2898646891117096,-0.05434635654091835,0.03830009698867798,0.21969027817249298,0.058055173605680466,-0.02107296697795391,-0.02658209763467312,0.008834012784063816,-0.21296750009059906,0.1166391670703888,0.1255737990140915,-0.1765051931142807,-0.3569291830062866,1.301358699798584,0.13029742240905762,1.2741825580596924,-0.07917402684688568,-0.09424126148223877,-0.06843239814043045,-0.17733043432235718,-1.6627895832061768,0.24452346563339233,-1.1819065809249878]","[-0.022222846746444702,-0.048234499990940094,-0.021152058616280556,-0.1392759382724762,-0.11714478582143784,-0.01196935772895813,0.1546040177345276,0.02116244286298752,0.0004998408257961273,0.012912601232528687,0.045868102461099625,-0.00017565907910466194,-0.003061816096305847,-0.07905513048171997,-0.09685903787612915,0.32312050461769104,0.16835704445838928,0.0646352767944336,-0.555621862411499,0.0383526086807251,-0.06562173366546631,-0.18522143363952637,0.364215224981308,0.22356268763542175,0.12717340886592865,-0.6359003782272339,0.034362077713012695,0.04976019263267517,0.2337247133255005]","[-0.07727525383234024,-0.08426044881343842,-0.005098339170217514,-0.009862201288342476,-0.016085634008049965,-0.012205435894429684,-0.037407610565423965,-0.12906917929649353,-0.05882794409990311,-0.01898704655468464,0.027909094467759132,0.08244220912456512,-0.031713880598545074,-0.0912158265709877,-0.008248113095760345,0.14451511204242706,0.01231533382087946,0.0909365639090538,-0.24746814370155334,0.04462432488799095,-0.12007229030132294,-0.061711106449365616,0.22365452349185944,0.09522053599357605,0.04587547481060028,-0.4121076464653015,0.047218453139066696,0.037471599876880646,0.1244286447763443]","[-2.0263843536376953,-0.1947205364704132,-0.043419837951660156,0.9917686581611633,-0.23943808674812317,0.13984976708889008,0.013940639793872833,-0.27938327193260193,0.0932035893201828,-0.25001659989356995,0.6101773977279663,-0.03627144545316696,0.32107558846473694,-0.11683717370033264,0.35632866621017456,-0.9745012521743774,0.14116895198822021,0.22852115333080292,-1.247959017753601,2.7495639324188232,3.4627859592437744,2.8207767009735107,-1.4173096418380737,0.9730250835418701,0.672823965549469,-0.8190262913703918,-3.584419012069702,0.7383073568344116,-6.529108047485352]",0.017085004597902298,0.02490239031612873,0.017508424818515778,0.07777883857488632,0.09840621054172516,4.920310527086258,0,0,0,0.49837738275527954,0.4980584979057312,0.9939326047897339,0.9396475553512573,0.9968124628067017,0.9965027570724487,-0.003020655829459429,-0.0,-0.0
140,2.8000000000000003,140,"[-0.35828009247779846,-0.04505088925361633,-0.021708762273192406,0.28563955426216125,-0.03057827800512314,-0.01962859369814396,-0.3187035620212555,-0.058599233627319336,0.02347070723772049,0.24485008418560028,0.01619904674589634,0.0042203264310956,-0.057717591524124146,0.03992176800966263,-0.2730956971645355,0.0988999754190445,0.13739868998527527,-0.24171127378940582,-0.3858589231967926,1.315578818321228,0.11205165088176727,1.2393802404403687,-0.04078856110572815,-0.06865067780017853,-0.08620040863752365,-0.2354305237531662,-1.6341235637664795,0.24434874951839447,-1.1468850374221802]","[-0.5021688342094421,-0.0821225717663765,0.007892279885709286,0.7107080221176147,-0.242000013589859,0.04702756181359291,-0.2906670570373535,-0.0568133182823658,0.03694102540612221,0.2195226103067398,0.059028755873441696,-0.019178634509444237,-0.027028676122426987,0.006941056810319424,-0.21323759853839874,0.11889488995075226,0.1258355975151062,-0.1743294596672058,-0.36111342906951904,1.3020378351211548,0.127663716673851,1.2727807760238647,-0.07514553517103195,-0.09234369546175003,-0.06739373505115509,-0.184725821018219,-1.6617637872695923,0.24535027146339417,-1.1795533895492554]","[-0.032170116901397705,-0.040187034755945206,-0.02521001733839512,-0.13671591877937317,-0.12538526952266693,-0.013347622007131577,0.1605108380317688,0.016940664499998093,-0.0024728942662477493,0.020446255803108215,0.06040598079562187,0.0008383532986044884,0.013915076851844788,-0.08630827069282532,-0.11490285396575928,0.26431959867477417,0.1761261373758316,0.09359195828437805,-0.4941612482070923,0.014388561248779297,-0.06764307618141174,-0.20230114459991455,0.3475113809108734,0.228219673037529,0.13927575945854187,-0.6058734059333801,0.022721290588378906,0.03785640001296997,0.23333430290222168]","[-0.07896406948566437,-0.056976426392793655,0.006771612912416458,0.0053625404834747314,-0.022762855514883995,-0.017535550519824028,-0.040039483457803726,-0.11676223576068878,-0.06301059573888779,-0.005579050630331039,0.05598393827676773,0.08887894451618195,-0.0194731242954731,-0.09503831714391708,-0.015186235308647156,0.09392833709716797,0.013216572813689709,0.11531292647123337,-0.1862403303384781,0.029711663722991943,-0.13089045882225037,-0.07422628998756409,0.18685688078403473,0.0973103791475296,0.05259159579873085,-0.34393036365509033,0.052440669387578964,0.039662014693021774,0.11377719044685364]","[-2.0390772819519043,-0.19537797570228577,-0.051437750458717346,0.9959761500358582,-0.24718961119651794,0.1389235109090805,0.011654429137706757,-0.2812531888484955,0.08965505659580231,-0.24903254210948944,0.6170045137405396,-0.031081758439540863,0.33481836318969727,-0.1384495496749878,0.3375738263130188,-0.9816317558288574,0.13907724618911743,0.2475128024816513,-1.2660157680511475,2.7373135089874268,3.471268892288208,2.817533016204834,-1.419221043586731,0.9731518030166626,0.6929522156715393,-0.8154987692832947,-3.5818328857421875,0.6926255226135254,-6.5512375831604]",0.017494292929768562,0.024797407910227776,0.0177166610956192,0.07919690757989883,0.09837697446346283,4.9188487231731415,0,0,0,0.49830618500709534,0.4980781674385071,0.9938485026359558,0.9384667277336121,0.9966166615486145,0.9962255358695984,-0.0026935008354485035,-0.0,-0.0
141,2.82,141,"[-0.3590576648712158,-0.04575226828455925,-0.022266332060098648,0.2829288840293884,-0.03317733481526375,-0.019919658079743385,-0.31553325057029724,-0.0583450123667717,0.023408563807606697,0.24531587958335876,0.017631294205784798,0.004255290143191814,-0.05722714960575104,0.0381404310464859,-0.27557745575904846,0.1034812405705452,0.14094574749469757,-0.23953239619731903,-0.39504528045654297,1.3156191110610962,0.11067095398902893,1.2351621389389038,-0.03407420590519905,-0.06412381678819656,-0.08325757831335068,-0.24718068540096283,-1.6338176727294922,0.24505089223384857,-1.1422234773635864]","[-0.5042324662208557,-0.08294883370399475,0.008074848912656307,0.7112215161323547,-0.24299514293670654,0.04663803428411484,-0.2922952473163605,-0.058992352336645126,0.03582162410020828,0.21858549118041992,0.060963623225688934,-0.017309434711933136,-0.0273174699395895,0.004939040634781122,-0.21420936286449432,0.12035703659057617,0.12612923979759216,-0.1715897172689438,-0.3642333745956421,1.302416205406189,0.12488417327404022,1.271036982536316,-0.07182512432336807,-0.09039874374866486,-0.06610502302646637,-0.19076630473136902,-1.6606416702270508,0.2460964173078537,-1.1772758960723877]","[-0.04503205418586731,-0.030290894210338593,-0.030222395434975624,-0.13204142451286316,-0.13494110107421875,-0.014602858573198318,0.15896111726760864,0.009171664714813232,-0.002638529986143112,0.02513006329536438,0.07213377207517624,0.001883646473288536,0.033443793654441833,-0.09110765904188156,-0.12885704636573792,0.19468143582344055,0.1788664609193802,0.12485645711421967,-0.42574629187583923,-0.010356307029724121,-0.06782896816730499,-0.22147893905639648,0.3217814564704895,0.22913627326488495,0.15100501477718353,-0.5707669854164124,0.007799267768859863,0.027287006378173828,0.23396015167236328]","[-0.10668295621871948,-0.03202296048402786,0.007210832089185715,0.03507065773010254,-0.061211273074150085,-0.020280184224247932,-0.07545357197523117,-0.09692379832267761,-0.04881506785750389,-0.01825534552335739,0.08365028351545334,0.08776196837425232,-0.015767959877848625,-0.0950501337647438,-0.0569729320704937,0.05570617690682411,0.013898276723921299,0.14006298780441284,-0.13090898096561432,0.014633102342486382,-0.1359616219997406,-0.0908660739660263,0.15720638632774353,0.09713397920131683,0.06455004960298538,-0.27937236428260803,0.05738172307610512,0.03438447043299675,0.11113772541284561]","[-2.051469087600708,-0.19431927800178528,-0.05824105441570282,1.0024502277374268,-0.2537444829940796,0.1377635896205902,0.010930992662906647,-0.2824089229106903,0.08777277171611786,-0.24840424954891205,0.623788595199585,-0.027196191251277924,0.34772709012031555,-0.15568780899047852,0.3184642791748047,-0.98918616771698,0.13688355684280396,0.2645878195762634,-1.2809274196624756,2.724869966506958,3.47469162940979,2.815035581588745,-1.4153836965560913,0.970939040184021,0.7102937698364258,-0.8161683678627014,-3.580597400665283,0.6490771770477295,-6.5751495361328125]",0.017851263284683228,0.025100110098719597,0.018044359982013702,0.08101252466440201,0.09830804169178009,4.9154020845890045,0,0,0,0.49824193120002747,0.49802976846694946,0.993704617023468,0.9369525909423828,0.9954839944839478,0.9953500628471375,-0.0023611143697053194,-0.0,-0.0
142,2.84,142,"[-0.36008137464523315,-0.04626252502202988,-0.02291765809059143,0.28035789728164673,-0.035975921899080276,-0.020212708041071892,-0.31234511733055115,-0.05823236703872681,0.023365166038274765,0.24585528671741486,0.019084397703409195,0.004295672290027142,-0.05637983977794647,0.03627746179699898,-0.27824997901916504,0.10668723285198212,0.14455334842205048,-0.23671701550483704,-0.40288877487182617,1.315164566040039,0.10933849215507507,1.2305210828781128,-0.027917303144931793,-0.05948522686958313,-0.08016020804643631,-0.25826120376586914,-1.633811593055725,0.24544022977352142,-1.1375266313552856]","[-0.506873369216919,-0.08322776108980179,0.008122827857732773,0.7123270034790039,-0.2448083758354187,0.04623451456427574,-0.2938500642776489,-0.06074417755007744,0.03472423553466797,0.21850386261940002,0.06260131299495697,-0.015805436298251152,-0.027541395276784897,0.003167483489960432,-0.21618083119392395,0.1210499107837677,0.12641426920890808,-0.16861699521541595,-0.36603206396102905,1.3025087118148804,0.12210679799318314,1.2690129280090332,-0.06878574192523956,-0.08847921341657639,-0.06473422050476074,-0.19567067921161652,-1.6594637632369995,0.24670927226543427,-1.1750792264938354]","[-0.05878135561943054,-0.016400963068008423,-0.036623235791921616,-0.12052282691001892,-0.14523351192474365,-0.015828106552362442,0.15276893973350525,0.0022334977984428406,-0.0013922806829214096,0.031677260994911194,0.08094999939203262,0.00405915779992938,0.052628759294748306,-0.09490875899791718,-0.13305619359016418,0.11798981577157974,0.1705758273601532,0.16206540167331696,-0.35022199153900146,-0.03205537796020508,-0.07316917181015015,-0.24254322052001953,0.2850874364376068,0.22746948897838593,0.16234871745109558,-0.5231607556343079,-0.00585019588470459,0.029132142663002014,0.22576749324798584]","[-0.13570190966129303,-0.007797843310981989,0.0032661224249750376,0.06352179497480392,-0.10155309736728668,-0.020470542833209038,-0.07446728646755219,-0.08462212979793549,-0.049778345972299576,-0.0022119779605418444,0.08099834620952606,0.06583288311958313,-0.009961686097085476,-0.08882097899913788,-0.10625153034925461,0.018692757934331894,0.014246980659663677,0.1527734249830246,-0.06938418745994568,0.0009265848202630877,-0.13386376202106476,-0.10817864537239075,0.14231833815574646,0.09780780971050262,0.06944956630468369,-0.22570817172527313,0.058941565454006195,0.026873473078012466,0.10858938097953796]","[-2.0626282691955566,-0.1911175549030304,-0.0642668753862381,1.014127492904663,-0.25813016295433044,0.137600377202034,0.01320568472146988,-0.28407731652259827,0.08741526305675507,-0.24628402292728424,0.6317232847213745,-0.025578074157238007,0.36156532168388367,-0.1693180501461029,0.303985595703125,-0.9983552694320679,0.134610116481781,0.2795886695384979,-1.288853645324707,2.7147789001464844,3.477437734603882,2.819239616394043,-1.4091893434524536,0.9687986373901367,0.7237499356269836,-0.8155288696289062,-3.5824074745178223,0.6100365519523621,-6.602240562438965]",0.018082471564412117,0.02551751770079136,0.018430059775710106,0.0828562080860138,0.09831040352582932,4.915520176291466,0,0,0,0.4981997311115265,0.49795567989349365,0.9935188889503479,0.9353266954421997,0.99638432264328,0.9961254000663757,-0.001990857068449259,-0.0,-0.0
143,2.86,143,"[-0.36140891909599304,-0.04640830680727959,-0.023731261491775513,0.27810797095298767,-0.038986675441265106,-0.020552782341837883,-0.30942249298095703,-0.058255672454833984,0.02335287258028984,0.2465829700231552,0.020869294181466103,0.00441765645518899,-0.055121999233961105,0.034344080835580826,-0.28089970350265503,0.10820083320140839,0.1477687805891037,-0.23304978013038635,-0.409054160118103,1.314336895942688,0.10774418711662292,1.225460410118103,-0.02267070859670639,-0.05502503737807274,-0.07676362991333008,-0.2681071162223816,-1.6340516805648804,0.24621617794036865,-1.133192777633667]","[-0.5103366374969482,-0.08328479528427124,0.008184949867427349,0.7120841145515442,-0.25207266211509705,0.04584021866321564,-0.2960473597049713,-0.06245701387524605,0.03395133465528488,0.21770550310611725,0.06514999270439148,-0.014838076196610928,-0.02779683843255043,0.0013538096100091934,-0.2186061292886734,0.12086942791938782,0.12668895721435547,-0.16513299942016602,-0.3670864999294281,1.3023868799209595,0.11938483268022537,1.2663967609405518,-0.06647174805402756,-0.08653508126735687,-0.06324110925197601,-0.19978438317775726,-1.658316731452942,0.24715498089790344,-1.1727361679077148]","[-0.0720776617527008,0.0004318542778491974,-0.04378720372915268,-0.10488331317901611,-0.15554381906986237,-0.016512256115674973,0.14203637838363647,-0.005159806460142136,0.001009507104754448,0.03799237310886383,0.08781352639198303,0.006292504258453846,0.07039709389209747,-0.09875372052192688,-0.12989044189453125,0.03516674041748047,0.15230178833007812,0.20438022911548615,-0.2684861421585083,-0.048729777336120605,-0.08022356778383255,-0.26455819606781006,0.2392497956752777,0.22289082407951355,0.17490535974502563,-0.4639245569705963,-0.01773536205291748,0.040164217352867126,0.21341145038604736]","[-0.16206304728984833,-0.006632132455706596,0.024255909025669098,0.07700186222791672,-0.2459004521369934,-0.02466570772230625,-0.11801288276910782,-0.08336157351732254,-0.022839033976197243,-0.04639064148068428,0.139631450176239,0.042169827967882156,-0.013103831559419632,-0.0875779390335083,-0.1202215924859047,-0.021431412547826767,0.013176603242754936,0.17663991451263428,-0.04194195568561554,-0.009552028961479664,-0.12800826132297516,-0.13702048361301422,0.10414916276931763,0.09349723160266876,0.0760909914970398,-0.19689390063285828,0.055982667952775955,0.01825350895524025,0.12244080007076263]","[-2.0718631744384766,-0.1866583228111267,-0.06972350180149078,1.0308438539505005,-0.2607384920120239,0.13864074647426605,0.015286870300769806,-0.2874990999698639,0.0884685069322586,-0.24383936822414398,0.6417642831802368,-0.02667086571455002,0.3762328326702118,-0.180619478225708,0.2981374263763428,-1.0086709260940552,0.13154509663581848,0.29263418912887573,-1.285599946975708,2.7089760303497314,3.483055591583252,2.8304452896118164,-1.4034432172775269,0.9670701026916504,0.7340943813323975,-0.8075193166732788,-3.5859172344207764,0.5778445601463318,-6.635367393493652]",0.018222138285636902,0.026073971763253212,0.0188632532954216,0.08448031544685364,0.09823176264762878,4.911588132381439,0,0,0,0.498179167509079,0.4978599548339844,0.9933064579963684,0.9341016411781311,0.9948869943618774,0.9951363205909729,-0.001882521086372435,-0.0,-0.0
144,2.88,144,"[-0.3629644811153412,-0.04624525085091591,-0.024669146165251732,0.2761625647544861,-0.04219767451286316,-0.02087319828569889,-0.3066636621952057,-0.05843875929713249,0.023405546322464943,0.2473749816417694,0.0225969385355711,0.004547372460365295,-0.053563956171274185,0.0323273129761219,-0.2834455966949463,0.10809390246868134,0.1506454199552536,-0.2285418063402176,-0.4136282205581665,1.3132153749465942,0.10612954944372177,1.2199387550354004,-0.01834731176495552,-0.05056959390640259,-0.07316399365663528,-0.276818186044693,-1.6345210075378418,0.2470467984676361,-1.1289901733398438]","[-0.5135911703109741,-0.08330182731151581,0.008585053496062756,0.7149097919464111,-0.2559698522090912,0.04536450654268265,-0.2978275716304779,-0.06419157236814499,0.03354102373123169,0.2176387906074524,0.0677282065153122,-0.014181841164827347,-0.02804437279701233,-0.00030528564820997417,-0.2207997739315033,0.11996947973966599,0.12694010138511658,-0.1615564376115799,-0.36757683753967285,1.3021011352539062,0.11707527190446854,1.263523817062378,-0.06458431482315063,-0.08473807573318481,-0.06171441078186035,-0.20359927415847778,-1.6572473049163818,0.24747098982334137,-1.1702358722686768]","[-0.08349493145942688,0.019796006381511688,-0.05100430175662041,-0.0841282308101654,-0.16582868993282318,-0.016738567501306534,0.12766048312187195,-0.011983979493379593,0.0034458469599485397,0.04359222948551178,0.09680735319852829,0.009005283936858177,0.09195628017187119,-0.10377410799264908,-0.12095794081687927,-0.05634184926748276,0.13234801590442657,0.24931728839874268,-0.178392231464386,-0.06592273712158203,-0.08823275566101074,-0.28551220893859863,0.1889396458864212,0.219151571393013,0.17923322319984436,-0.39697811007499695,-0.0317990779876709,0.04473850131034851,0.20167827606201172]","[-0.1597346067428589,0.001162378117442131,0.01906757801771164,0.15992668271064758,-0.17711441218852997,-0.02333259768784046,-0.07370661199092865,-0.08966221660375595,-0.013609995134174824,0.0014109238982200623,0.1272152215242386,0.0287946630269289,-0.011984987184405327,-0.08397966623306274,-0.09889176487922668,-0.05703607574105263,0.01261754147708416,0.18269720673561096,-0.017833570018410683,-0.015751758590340614,-0.10578186064958572,-0.14689041674137115,0.08500590175390244,0.09071674942970276,0.07802379876375198,-0.18633785843849182,0.05174200236797333,0.012780208140611649,0.12624263763427734]","[-2.079786777496338,-0.17746123671531677,-0.07588280737400055,1.051018238067627,-0.25980061292648315,0.1393536925315857,0.020254261791706085,-0.29174599051475525,0.0898091048002243,-0.23906566202640533,0.6528732776641846,-0.029079340398311615,0.39235731959342957,-0.19201532006263733,0.2962475121021271,-1.0214849710464478,0.12744343280792236,0.30325353145599365,-1.2740397453308105,2.7042770385742188,3.4890921115875244,2.850240468978882,-1.3951480388641357,0.9653306007385254,0.7409459948539734,-0.7979264259338379,-3.589412212371826,0.5538924932479858,-6.668924808502197]",0.01819526217877865,0.026594553142786026,0.019318323582410812,0.08621494472026825,0.09825494885444641,4.912747442722321,0,0,0,0.49818888306617737,0.4977661073207855,0.9930520057678223,0.9323964715003967,0.9965633749961853,0.9967729449272156,-0.0019921327475458384,-0.0,-0.0
145,2.9,145,"[-0.3647487163543701,-0.04561646655201912,-0.025771433487534523,0.27474284172058105,-0.04561982303857803,-0.021222325041890144,-0.30431607365608215,-0.05873503163456917,0.023490706458687782,0.24832665920257568,0.024741588160395622,0.004777867812663317,-0.05144374817609787,0.030193116515874863,-0.2857380211353302,0.10594715923070908,0.15306270122528076,-0.22307708859443665,-0.41618984937667847,1.3116999864578247,0.1042148768901825,1.214039921760559,-0.015113122761249542,-0.04625897482037544,-0.06959430128335953,-0.28398624062538147,-1.6353236436843872,0.2480057179927826,-1.1251256465911865]","[-0.5167871117591858,-0.08316310495138168,0.008860887959599495,0.7184523344039917,-0.25975683331489563,0.044929854571819305,-0.299606055021286,-0.06613752990961075,0.03336929902434349,0.21706809103488922,0.07139082252979279,-0.013705230318009853,-0.02819635532796383,-0.002285708673298359,-0.22228644788265228,0.11814157664775848,0.12721000611782074,-0.15749016404151917,-0.3677487075328827,1.3017715215682983,0.1151287630200386,1.2602813243865967,-0.06348977982997894,-0.08283787965774536,-0.06002403795719147,-0.2070411741733551,-1.656278371810913,0.24775440990924835,-1.167632818222046]","[-0.09259656071662903,0.04071556031703949,-0.058232154697179794,-0.06133541464805603,-0.17545345425605774,-0.016433559358119965,0.1095309853553772,-0.019107945263385773,0.006085773929953575,0.04773922264575958,0.10538669675588608,0.011538551189005375,0.1131569966673851,-0.1097298264503479,-0.10835975408554077,-0.15400685369968414,0.1103125512599945,0.2942480146884918,-0.0817127525806427,-0.08120238780975342,-0.09946394711732864,-0.3048717975616455,0.13402053713798523,0.2142517864704132,0.17950721085071564,-0.32148510217666626,-0.04596412181854248,0.046945735812187195,0.18813908100128174]","[-0.15566064417362213,0.010052021592855453,0.009894021786749363,0.17905671894550323,-0.19105274975299835,-0.02131781168282032,-0.07947681099176407,-0.09555255621671677,-0.006682840175926685,0.004128569271415472,0.17111003398895264,0.021982436999678612,-0.009530230425298214,-0.10130249708890915,-0.058810897171497345,-0.10993579030036926,0.012831605970859528,0.20930328965187073,-0.001017372589558363,-0.015755759552121162,-0.08805035054683685,-0.1686854362487793,0.04218544438481331,0.09658082574605942,0.08528896421194077,-0.16592815518379211,0.04688505828380585,0.013360602781176567,0.13127051293849945]","[-2.0866928100585938,-0.16619011759757996,-0.08160130679607391,1.071510910987854,-0.26084092259407043,0.13926073908805847,0.021793849766254425,-0.29851898550987244,0.0907832533121109,-0.2362922877073288,0.6631041765213013,-0.030956260859966278,0.4095850884914398,-0.20469528436660767,0.29517221450805664,-1.0387935638427734,0.12127336859703064,0.3125549256801605,-1.253607988357544,2.7018942832946777,3.4950344562530518,2.8752899169921875,-1.393458366394043,0.9605692625045776,0.7455552816390991,-0.7812120318412781,-3.5934581756591797,0.5383120179176331,-6.704032897949219]",0.0180570837110281,0.027421724051237106,0.019772512838244438,0.08805449306964874,0.0981941744685173,4.909708723425865,0,0,0,0.49822646379470825,0.497627854347229,0.9927764534950256,0.9305331707000732,0.9960429668426514,0.996791660785675,-0.002290109870955348,-0.0,-0.0
146,2.92,146,"[-0.36666834354400635,-0.04461662843823433,-0.026998432353138924,0.27370914816856384,-0.04921581223607063,-0.02153054066002369,-0.3022824227809906,-0.05920307710766792,0.023648977279663086,0.2492845505475998,0.02681240625679493,0.00500891450792551,-0.04903767630457878,0.0279381200671196,-0.2877799868583679,0.10193362832069397,0.15505792200565338,-0.21677188575267792,-0.4168967306613922,1.309967279434204,0.10215099155902863,1.2077438831329346,-0.01298649050295353,-0.04199952259659767,-0.06598370522260666,-0.28967759013175964,-1.6363595724105835,0.2489246279001236,-1.1214646100997925]","[-0.5200223922729492,-0.08264140784740448,0.008956518955528736,0.722206711769104,-0.2639220356941223,0.04450410604476929,-0.3010738790035248,-0.06799217313528061,0.03329317271709442,0.216891810297966,0.07510301470756531,-0.013352211564779282,-0.028259800747036934,-0.004401328507810831,-0.22316744923591614,0.11522882431745529,0.12749013304710388,-0.15310779213905334,-0.3674716651439667,1.3014695644378662,0.11363532394170761,1.2566490173339844,-0.06306444853544235,-0.08083400875329971,-0.058319248259067535,-0.21008379757404327,-1.6553858518600464,0.2480497807264328,-1.1650183200836182]","[-0.09935051202774048,0.0625835731625557,-0.06454601138830185,-0.03508254885673523,-0.18311171233654022,-0.016672350466251373,0.08759573101997375,-0.024474970996379852,0.007648486644029617,0.049979984760284424,0.11376436054706573,0.013084838166832924,0.13019153475761414,-0.11530695855617523,-0.09331479668617249,-0.255815327167511,0.09918436408042908,0.333518922328949,0.020970404148101807,-0.10094642639160156,-0.1055227592587471,-0.3178834915161133,0.06810585409402847,0.2055332064628601,0.1784263253211975,-0.22777915000915527,-0.05938708782196045,0.04482939839363098,0.16536712646484375]","[-0.1639482080936432,0.02803960256278515,0.009805028326809406,0.19000567495822906,-0.21182537078857422,-0.022025039419531822,-0.09278816729784012,-0.09725718945264816,0.0028014760464429855,-0.0837244838476181,0.22471310198307037,0.01585342548787594,0.0024344217963516712,-0.12017184495925903,-0.031527191400527954,-0.16871486604213715,0.015702325850725174,0.22849556803703308,0.017129482701420784,-0.013763684779405594,-0.0681564137339592,-0.1948639154434204,0.008299466222524643,0.10442006587982178,0.08487548679113388,-0.14922097325325012,0.04407701641321182,0.013534859754145145,0.1347508579492569]","[-2.0916974544525146,-0.15064266324043274,-0.08740344643592834,1.0927281379699707,-0.26071834564208984,0.13762398064136505,0.023687846958637238,-0.30508026480674744,0.0925079733133316,-0.2340080887079239,0.6720306873321533,-0.0332692489027977,0.42725279927253723,-0.21539902687072754,0.29380759596824646,-1.0600740909576416,0.11389487981796265,0.317327082157135,-1.2246227264404297,2.6965994834899902,3.501288890838623,2.9042856693267822,-1.3960998058319092,0.9541299343109131,0.7446275949478149,-0.7566389441490173,-3.597257137298584,0.5292379856109619,-6.739965915679932]",0.017820945009589195,0.028472699224948883,0.02019154280424118,0.08973564952611923,0.09817574918270111,4.9087874591350555,0,0,0,0.4982827603816986,0.4974454641342163,0.9925024509429932,0.9288089275360107,0.9970511198043823,0.9975172281265259,-0.002820480614900589,-0.0,-0.0
147,2.94,147,"[-0.36872273683547974,-0.04311312362551689,-0.02835327386856079,0.27333953976631165,-0.05294429138302803,-0.0218892190605402,-0.3008122444152832,-0.05971403047442436,0.023796645924448967,0.25032585859298706,0.029292162507772446,0.005301261320710182,-0.04623608663678169,0.025580838322639465,-0.2894706130027771,0.09571454674005508,0.15703007578849792,-0.20973633229732513,-0.4153510332107544,1.3076621294021606,0.09999396651983261,1.2013245820999146,-0.012388888746500015,-0.03803764656186104,-0.06245724856853485,-0.2930974066257477,-1.6376991271972656,0.24979889392852783,-1.1185109615325928]","[-0.5238498449325562,-0.08144612610340118,0.008577292785048485,0.7246546149253845,-0.2699671685695648,0.04410929977893829,-0.3026753067970276,-0.06939281523227692,0.033164165914058685,0.2171589583158493,0.07881701737642288,-0.013099811971187592,-0.028251146897673607,-0.006654214113950729,-0.22367708384990692,0.11085475981235504,0.12781396508216858,-0.14856496453285217,-0.36665165424346924,1.3012433052062988,0.1124817505478859,1.2523494958877563,-0.06297388672828674,-0.07868081331253052,-0.056875865906476974,-0.2129688411951065,-1.6544736623764038,0.248389333486557,-1.1624194383621216]","[-0.1031048595905304,0.08468768000602722,-0.06986032426357269,-0.008113682270050049,-0.18803450465202332,-0.016673142090439796,0.06176307797431946,-0.02888878807425499,0.008516525849699974,0.050347670912742615,0.12091217190027237,0.01418746542185545,0.14224722981452942,-0.12088562548160553,-0.07696226239204407,-0.3591485321521759,0.093836709856987,0.370178759098053,0.12946799397468567,-0.12402534484863281,-0.10370444506406784,-0.3272324800491333,-0.006010010838508606,0.19194073975086212,0.17709052562713623,-0.11809095740318298,-0.06971955299377441,0.03862343728542328,0.13523101806640625]","[-0.18924178183078766,0.06682159006595612,-0.010751951485872269,0.15430842339992523,-0.23867882788181305,-0.02256389707326889,-0.06857454776763916,-0.06339503079652786,-0.0043755341321229935,0.02498009242117405,0.1718529909849167,0.011035888455808163,0.003191604046151042,-0.11295569688081741,-0.02454555220901966,-0.24236665666103363,0.016617877408862114,0.22314973175525665,0.053576190024614334,-0.00920081790536642,-0.049025971442461014,-0.2252940833568573,0.004908192437142134,0.10883209854364395,0.0657682865858078,-0.14361508190631866,0.0461982898414135,0.01954272948205471,0.12966233491897583]","[-2.0920679569244385,-0.131646990776062,-0.09398967027664185,1.1132919788360596,-0.25963541865348816,0.1346956044435501,0.02471271902322769,-0.3105081617832184,0.09468550980091095,-0.2303350418806076,0.6794853210449219,-0.035855285823345184,0.44477763772010803,-0.22313719987869263,0.2912747263908386,-1.0831588506698608,0.10543930530548096,0.3186662495136261,-1.1890112161636353,2.6872308254241943,3.508392810821533,2.9372007846832275,-1.4004733562469482,0.9461522102355957,0.7387345433235168,-0.7238546013832092,-3.5998950004577637,0.5250532627105713,-6.775887489318848]",0.017466923221945763,0.029640009626746178,0.020504143089056015,0.09079995006322861,0.09813668578863144,4.906834289431572,0,0,0,0.4983585476875305,0.49722251296043396,0.9922372102737427,0.9276386499404907,0.9972381591796875,0.9976014494895935,-0.003462275257334113,-0.0,-0.0
148,2.96,148,"[-0.37079253792762756,-0.04122912138700485,-0.029792845249176025,0.27338460087776184,-0.05673719197511673,-0.02219746634364128,-0.2998118996620178,-0.06035862863063812,0.023989638313651085,0.2512984573841095,0.031648892909288406,0.005576413124799728,-0.043347787111997604,0.023102695122361183,-0.2908584773540497,0.08756768703460693,0.15881139039993286,-0.20196473598480225,-0.4117180109024048,1.3050062656402588,0.09800281375646591,1.1946545839309692,-0.013226890936493874,-0.03432189300656319,-0.05890008434653282,-0.29440122842788696,-1.6391483545303345,0.2504695653915405,-1.1160553693771362]","[-0.527641236782074,-0.07979975640773773,0.008483313955366611,0.7292800545692444,-0.27315717935562134,0.04359317198395729,-0.30425408482551575,-0.07048824429512024,0.03312435746192932,0.2171209156513214,0.08268953859806061,-0.012937264516949654,-0.028001220896840096,-0.009129637852311134,-0.22407877445220947,0.10497620701789856,0.12817725539207458,-0.1440708041191101,-0.36476415395736694,1.3010772466659546,0.11158984154462814,1.2475355863571167,-0.06299387663602829,-0.07652508467435837,-0.05565010756254196,-0.21545369923114777,-1.6534947156906128,0.24902528524398804,-1.1599189043045044]","[-0.10036379098892212,0.10841209441423416,-0.07192595303058624,0.022379308938980103,-0.1912812739610672,-0.015778839588165283,0.03895983099937439,-0.02881241962313652,0.008292542770504951,0.054154545068740845,0.12231273949146271,0.01606597751379013,0.15171849727630615,-0.12512826919555664,-0.05606114864349365,-0.4567694067955017,0.0796191394329071,0.40995219349861145,0.24744197726249695,-0.13508498668670654,-0.10466668754816055,-0.3321826457977295,-0.08304580301046371,0.17566844820976257,0.17728005349636078,0.005204975605010986,-0.07170736789703369,0.02659335732460022,0.0964045524597168]","[-0.18765215575695038,0.09321662783622742,-0.006519791670143604,0.25396519899368286,-0.12868304550647736,-0.026584574952721596,-0.053821269422769547,-0.04544738307595253,-0.003866865299642086,0.036310579627752304,0.1699773520231247,0.0070547377690672874,0.012767944484949112,-0.12077909708023071,-0.022496774792671204,-0.3160909414291382,0.017540274187922478,0.2220379263162613,0.12355303019285202,-0.007464542984962463,-0.040844302624464035,-0.24431784451007843,0.0009992237901315093,0.10864867269992828,0.05750925838947296,-0.11023363471031189,0.04991236701607704,0.03619982302188873,0.11958900839090347]","[-2.0863542556762695,-0.1124308779835701,-0.10093481838703156,1.1311461925506592,-0.258633017539978,0.1322401612997055,0.01716189831495285,-0.31828394532203674,0.09563399851322174,-0.22951947152614594,0.6833528280258179,-0.03836788982152939,0.4629410207271576,-0.2284589409828186,0.2876044511795044,-1.1064729690551758,0.09620130062103271,0.3178216814994812,-1.150136113166809,2.6787121295928955,3.5179286003112793,2.9845175743103027,-1.410234808921814,0.9327036142349243,0.7340852618217468,-0.6817527413368225,-3.601651191711426,0.5244346857070923,-6.81516170501709]",0.016963068395853043,0.030651966109871864,0.020778611302375793,0.09168637543916702,0.09807288646697998,4.903644323348999,0,0,0,0.4984588027000427,0.49701714515686035,0.9919876456260681,0.9265989065170288,0.9973103404045105,0.9969950914382935,-0.004723739810287952,-0.0,-0.0
149,2.98,149,"[-0.3727372884750366,-0.038776639848947525,-0.03123031184077263,0.27423471212387085,-0.060595542192459106,-0.02252037264406681,-0.2992538511753082,-0.06086652725934982,0.024128347635269165,0.2524920403957367,0.03418467193841934,0.005943900439888239,-0.040167346596717834,0.020575707778334618,-0.29171305894851685,0.07744377106428146,0.1602148413658142,-0.19333824515342712,-0.4054533541202545,1.3022587299346924,0.09580729901790619,1.1880372762680054,-0.015710720792412758,-0.031010909005999565,-0.055366046726703644,-0.29288920760154724,-1.640567421913147,0.25086262822151184,-1.114654779434204]","[-0.5312211513519287,-0.07750977575778961,0.00832499098032713,0.7345594167709351,-0.2754594385623932,0.043036919087171555,-0.3055095970630646,-0.07134141772985458,0.03305250406265259,0.21741396188735962,0.08631517738103867,-0.012834921479225159,-0.027061056345701218,-0.01189112663269043,-0.22465984523296356,0.09756767749786377,0.1285911649465561,-0.13967281579971313,-0.3609784245491028,1.3008936643600464,0.11087031662464142,1.2424660921096802,-0.06310418248176575,-0.07441915571689606,-0.05449442192912102,-0.21685518324375153,-1.6524428129196167,0.2501187324523926,-1.1577399969100952]","[-0.09260326623916626,0.13249582052230835,-0.07132831960916519,0.05425363779067993,-0.19146186113357544,-0.013866601511836052,0.01762285828590393,-0.026229768991470337,0.006518559530377388,0.058816373348236084,0.12175804376602173,0.018028542399406433,0.15777042508125305,-0.12905718386173248,-0.03461763262748718,-0.5483973622322083,0.059444084763526917,0.45099928975105286,0.3732845187187195,-0.13450086116790771,-0.10334625840187073,-0.3318518400192261,-0.16081184148788452,0.15755845606327057,0.17827358841896057,0.14001131057739258,-0.06572306156158447,0.007101893424987793,0.05100071430206299]","[-0.16958919167518616,0.12421231716871262,-0.011483212932944298,0.261393666267395,-0.09755327552556992,-0.028064055368304253,-0.04882577061653137,-0.0365627259016037,-0.0054167783819139,0.0497078113257885,0.1726451814174652,0.004799773916602135,0.055227458477020264,-0.14249904453754425,-0.033315714448690414,-0.396229088306427,0.02093377523124218,0.2177351862192154,0.22795619070529938,-0.009297321550548077,-0.03223615884780884,-0.25758180022239685,-0.004269779194146395,0.10562329739332199,0.05542481318116188,-0.048121191561222076,0.0542326420545578,0.05967598780989647,0.10294044762849808]","[-2.0789854526519775,-0.09328041225671768,-0.10989497601985931,1.1419293880462646,-0.26067981123924255,0.1302492320537567,0.002397678792476654,-0.32680395245552063,0.09497897326946259,-0.2292008250951767,0.6843439340591431,-0.0399179682135582,0.47980156540870667,-0.2335394322872162,0.28355860710144043,-1.1241265535354614,0.08852070569992065,0.3170832693576813,-1.113480567932129,2.670550584793091,3.5298337936401367,3.0470290184020996,-1.4259084463119507,0.9153779149055481,0.7307313680648804,-0.6368758082389832,-3.6027672290802,0.5273532867431641,-6.854622840881348]",0.01625095121562481,0.031273823231458664,0.020952029153704643,0.09211737662553787,0.09802958369255066,4.901479184627533,0,0,0,0.4985927641391754,0.49687615036964417,0.9917739033699036,0.9258871674537659,0.9971520900726318,0.9968050718307495,-0.005607758183032274,-0.0,-0.0
150,3.0,150,"[-0.3744966685771942,-0.03592928871512413,-0.03264597803354263,0.27555474638938904,-0.06439566612243652,-0.022752130404114723,-0.29910698533058167,-0.061407819390296936,0.02425038069486618,0.25365111231803894,0.036519214510917664,0.006297554820775986,-0.037036970257759094,0.017940407618880272,-0.29224318265914917,0.06563179194927216,0.16118915379047394,-0.18392476439476013,-0.396786630153656,1.2996262311935425,0.09386896342039108,1.1813805103302002,-0.019659364596009254,-0.028019554913043976,-0.05176914110779762,-0.28880077600479126,-1.6417772769927979,0.25075364112854004,-1.1140153408050537]","[-0.5346731543540955,-0.07440462708473206,0.0076887295581400394,0.7379235029220581,-0.27931544184684753,0.04238090291619301,-0.30652493238449097,-0.07182175666093826,0.0328819565474987,0.2182806134223938,0.08968987315893173,-0.01275552436709404,-0.02518569864332676,-0.015011406503617764,-0.22579334676265717,0.08846081048250198,0.12920160591602325,-0.13541023433208466,-0.3548075556755066,1.3005715608596802,0.11035267263650894,1.2371771335601807,-0.06333073228597641,-0.07234679162502289,-0.053413089364767075,-0.21680493652820587,-1.6512744426727295,0.2515791058540344,-1.155931830406189]","[-0.07892251014709473,0.15342840552330017,-0.06753765046596527,0.0789739191532135,-0.1867096871137619,-0.01139715313911438,-5.7369470596313477e-05,-0.023026112467050552,0.00395188108086586,0.061505287885665894,0.12309141457080841,0.017480190843343735,0.16072188317775726,-0.13220810890197754,-0.017030537128448486,-0.6253412365913391,0.06757192313671112,0.47574082016944885,0.48695802688598633,-0.15121400356292725,-0.08624177426099777,-0.32609403133392334,-0.2324921190738678,0.1400817632675171,0.17639026045799255,0.27140453457832336,-0.05773603916168213,-0.008358806371688843,0.004848837852478027]","[-0.14863929152488708,0.1549292355775833,-0.009106575511395931,0.23552939295768738,-0.11589784175157547,-0.03707829862833023,-0.0662563294172287,-0.03771284222602844,-0.005858227144926786,-0.036450114101171494,0.1556834578514099,0.0027944056782871485,0.11899968981742859,-0.17403404414653778,-0.06516310572624207,-0.48250052332878113,0.03232993185520172,0.21316517889499664,0.3511069416999817,-0.019032428041100502,-0.022732947021722794,-0.26922959089279175,-0.015616713091731071,0.10246569663286209,0.05308050289750099,0.02886791154742241,0.06047295778989792,0.07473979890346527,0.0889178067445755]","[-2.066423177719116,-0.07435522228479385,-0.11832985281944275,1.1480237245559692,-0.2615521252155304,0.12690074741840363,-0.015245817601680756,-0.3319251835346222,0.09470342099666595,-0.2304844707250595,0.6838792562484741,-0.04072882980108261,0.4911051094532013,-0.23560866713523865,0.280320942401886,-1.1379472017288208,0.08271065354347229,0.3119901716709137,-1.0774519443511963,2.657783269882202,3.5440452098846436,3.1081831455230713,-1.4442448616027832,0.896058201789856,0.7240308523178101,-0.5867072939872742,-3.6022677421569824,0.533024251461029,-6.900525093078613]",0.015390153042972088,0.03135581687092781,0.021018199622631073,0.09178085625171661,0.09803839027881622,4.901919513940811,0,0,0,0.4987461566925049,0.4968408942222595,0.9916300773620605,0.9261445999145508,0.9975396394729614,0.9971098899841309,-0.006091564893722534,-0.0,-0.0
151,3.02,151,"[-0.3758941888809204,-0.032639503479003906,-0.03393181785941124,0.2773936688899994,-0.06806392967700958,-0.022976258769631386,-0.2992561459541321,-0.061787571758031845,0.0242864228785038,0.25495225191116333,0.03910832852125168,0.00664310809224844,-0.03373847156763077,0.015287383459508419,-0.2923942804336548,0.05243012309074402,0.16291771829128265,-0.17430861294269562,-0.38597503304481506,1.2962101697921753,0.09235762804746628,1.1749935150146484,-0.025010405108332634,-0.025407638400793076,-0.04831043630838394,-0.2820330262184143,-1.6428768634796143,0.2505282759666443,-1.114460825920105]","[-0.5371147990226746,-0.07088524103164673,0.007383150048553944,0.7431563138961792,-0.28059589862823486,0.04159799963235855,-0.30709242820739746,-0.07214346528053284,0.03273092955350876,0.2196645885705948,0.09295671433210373,-0.012685650959610939,-0.022476598620414734,-0.018390772864222527,-0.22771626710891724,0.07814871519804001,0.12990689277648926,-0.13132023811340332,-0.3458266854286194,1.2999593019485474,0.11000019311904907,1.232038974761963,-0.06357304751873016,-0.07044611871242523,-0.05229032039642334,-0.21486812829971313,-1.6499723196029663,0.25311776995658875,-1.1544939279556274]","[-0.06221607327461243,0.1712760031223297,-0.062464550137519836,0.0976458191871643,-0.17702561616897583,-0.008667400106787682,-0.014852732419967651,-0.01886039972305298,0.00030281953513622284,0.0629127025604248,0.12489175796508789,0.016310881823301315,0.15924103558063507,-0.1334487497806549,-0.0034630298614501953,-0.6895538568496704,0.09455084800720215,0.48428887128829956,0.5909442901611328,-0.18114745616912842,-0.05702544003725052,-0.3122061491012573,-0.29569217562675476,0.12167976796627045,0.17479322850704193,0.3962107002735138,-0.048983097076416016,-0.015297532081604004,-0.040656328201293945]","[-0.109560526907444,0.1842043250799179,-0.016265999525785446,0.26155170798301697,-0.04478718340396881,-0.038236964493989944,-0.00837014988064766,-0.009283066727221012,-0.005707604810595512,0.08651181310415268,0.16177871823310852,0.003559108590707183,0.1406112164258957,-0.16922739148139954,-0.11849691718816757,-0.5244097709655762,0.03616485372185707,0.20571568608283997,0.4969015121459961,-0.03574686869978905,-0.014770901761949062,-0.25202086567878723,-0.01237002294510603,0.09523550420999527,0.06232147663831711,0.13599736988544464,0.06672416627407074,0.07423742115497589,0.06465411186218262]","[-2.047308921813965,-0.05597514659166336,-0.1261606067419052,1.1527730226516724,-0.25973644852638245,0.12224911153316498,-0.03237017244100571,-0.3305284082889557,0.09505538642406464,-0.23063592612743378,0.6843994855880737,-0.041671209037303925,0.4951461851596832,-0.23301962018013,0.27947503328323364,-1.1474435329437256,0.07801097631454468,0.29998302459716797,-1.042224407196045,2.639439344406128,3.560377359390259,3.164573907852173,-1.4599899053573608,0.8762571811676025,0.7099590301513672,-0.5280217528343201,-3.6009621620178223,0.5416007041931152,-6.955578804016113]",0.014338243752717972,0.030863843858242035,0.02103983238339424,0.091373972594738,0.09800464659929276,4.900232329964638,0,0,0,0.4989134967327118,0.4969173073768616,0.9914865493774414,0.9260777235031128,0.9972216486930847,0.9965158104896545,-0.006900492124259472,-0.0,-0.0
152,3.04,152,"[-0.3769853115081787,-0.029078248888254166,-0.035144560039043427,0.2794605791568756,-0.07147669047117233,-0.02309882640838623,-0.29970109462738037,-0.062162235379219055,0.02426249347627163,0.25616762042045593,0.04151488468050957,0.006949990056455135,-0.03066732920706272,0.012602457776665688,-0.2923817038536072,0.03804963827133179,0.16497118771076202,-0.1645532101392746,-0.3731488585472107,1.2923803329467773,0.09158794581890106,1.16889226436615,-0.03148705139756203,-0.023152364417910576,-0.044777411967515945,-0.2729523479938507,-1.6437366008758545,0.2501417398452759,-1.1156415939331055]","[-0.5387206077575684,-0.06678053736686707,0.006630291230976582,0.7461408972740173,-0.28288596868515015,0.040412209928035736,-0.3073650002479553,-0.07235019654035568,0.03256072476506233,0.22096510231494904,0.09565312415361404,-0.012633559294044971,-0.019496727734804153,-0.021976053714752197,-0.23011057078838348,0.06715118139982224,0.13100531697273254,-0.1268148422241211,-0.3345290720462799,1.2988731861114502,0.10988673567771912,1.2271860837936401,-0.06476719677448273,-0.0684066116809845,-0.050715524703264236,-0.21032589673995972,-1.6485854387283325,0.2543148994445801,-1.1535351276397705]","[-0.04285052418708801,0.18588998913764954,-0.05754102021455765,0.10614171624183655,-0.1627383828163147,-0.005884375423192978,-0.027116388082504272,-0.012322701513767242,-0.004169531166553497,0.06277337670326233,0.12926971912384033,0.014574721455574036,0.15562400221824646,-0.13133373856544495,0.004212558269500732,-0.7281505465507507,0.12495443224906921,0.4779379963874817,0.6758615374565125,-0.21340250968933105,-0.013365037739276886,-0.2933293581008911,-0.3409023880958557,0.10295180231332779,0.17835554480552673,0.49948543310165405,-0.04045367240905762,-0.02150796353816986,-0.07713139057159424]","[-0.05560701712965965,0.2057734876871109,-0.029341738671064377,0.17353487014770508,-0.09272265434265137,-0.07273001223802567,0.0077053639106452465,-0.0060269529931247234,-0.00700006540864706,0.1165437251329422,0.14070376753807068,0.0031757699325680733,0.14017631113529205,-0.17526835203170776,-0.14231367409229279,-0.5496035814285278,0.05585477501153946,0.2333671897649765,0.6064532995223999,-0.061502933502197266,-0.001666670897975564,-0.23472705483436584,-0.07131922245025635,0.10177209973335266,0.09013250470161438,0.2757725417613983,0.07048779726028442,0.05105451121926308,0.04110213369131088]","[-2.023275852203369,-0.04143796116113663,-0.13098005950450897,1.1516313552856445,-0.2577461302280426,0.11683021485805511,-0.05736473947763443,-0.3276425898075104,0.09393642842769623,-0.2385769635438919,0.6817585229873657,-0.042511068284511566,0.4961095154285431,-0.2271864116191864,0.2892873287200928,-1.15012788772583,0.07593479752540588,0.2791278660297394,-1.0150413513183594,2.6187782287597656,3.5778188705444336,3.21848201751709,-1.4753159284591675,0.8538650274276733,0.6877942681312561,-0.4634678065776825,-3.5990099906921387,0.5545331835746765,-7.016509056091309]",0.013199607841670513,0.030319904908537865,0.02104356698691845,0.0906817764043808,0.0980166643857956,4.90083321928978,0,0,0,0.4990851581096649,0.49703913927078247,0.9913686513900757,0.9265232086181641,0.9970284700393677,0.9976803064346313,-0.007891971617937088,-0.0,-0.0
153,3.06,153,"[-0.37760820984840393,-0.025203904137015343,-0.036233458667993546,0.28163933753967285,-0.07457346469163895,-0.023211633786559105,-0.30034080147743225,-0.062280479818582535,0.02411964163184166,0.2574631869792938,0.04427911713719368,0.00722609693184495,-0.02751351147890091,0.01003403402864933,-0.29222577810287476,0.023304101079702377,0.16791589558124542,-0.1551910936832428,-0.35894057154655457,1.287674069404602,0.0918230265378952,1.1632603406906128,-0.038646500557661057,-0.021289566531777382,-0.041176214814186096,-0.26205360889434814,-1.6444950103759766,0.2496679574251175,-1.1175460815429688]","[-0.5391099452972412,-0.06251858919858932,0.006364336237311363,0.7505031228065491,-0.2836489975452423,0.03874260187149048,-0.3068886995315552,-0.07245911657810211,0.032509945333004,0.22232285141944885,0.09805434197187424,-0.012606765143573284,-0.01657659374177456,-0.025401921942830086,-0.23332500457763672,0.05613876134157181,0.13272371888160706,-0.12215149402618408,-0.3211439549922943,1.2968813180923462,0.11005748808383942,1.223053216934204,-0.06675779074430466,-0.06633342802524567,-0.048750754445791245,-0.20326019823551178,-1.6471328735351562,0.25471097230911255,-1.153022289276123]","[-0.022942572832107544,0.19709239900112152,-0.05343407392501831,0.1076333224773407,-0.14387686550617218,-0.0033737625926733017,-0.03630593419075012,-0.0036342069506645203,-0.010012183338403702,0.06215348839759827,0.1340322196483612,0.012942892499268055,0.14945711195468903,-0.12575970590114594,0.00787302851676941,-0.7456977367401123,0.15604794025421143,0.45818984508514404,0.7434718608856201,-0.24425387382507324,0.04521757364273071,-0.2654045820236206,-0.3688815236091614,0.08516708016395569,0.1855083853006363,0.5802165865898132,-0.032526254653930664,-0.027965009212493896,-0.10857880115509033]","[-0.007981485687196255,0.21783767640590668,-0.010323304682970047,0.2268437147140503,-0.018556859344244003,-0.07709028571844101,0.019536050036549568,-0.004800813738256693,-0.0028698882088065147,0.06410690397024155,0.10548409074544907,0.000681828532833606,0.14367353916168213,-0.16577813029289246,-0.17408353090286255,-0.546928346157074,0.09643356502056122,0.23785796761512756,0.6993951201438904,-0.11797761172056198,0.013337329030036926,-0.19488316774368286,-0.11555391550064087,0.10251151770353317,0.10925528407096863,0.39330410957336426,0.0733020007610321,0.005651661194860935,0.020525973290205002]","[-1.9966920614242554,-0.03006315976381302,-0.13333819806575775,1.148941159248352,-0.25333622097969055,0.11043389141559601,-0.08010632544755936,-0.31779471039772034,0.09294821321964264,-0.24734888970851898,0.6782690286636353,-0.04449208825826645,0.4936172664165497,-0.21774032711982727,0.30571842193603516,-1.145086646080017,0.0764908492565155,0.24883727729320526,-0.9971054792404175,2.595329523086548,3.594047784805298,3.2775683403015137,-1.4745112657546997,0.8324750661849976,0.6546757221221924,-0.40842676162719727,-3.595069646835327,0.5737428665161133,-7.075722694396973]",0.011982163414359093,0.029814807698130608,0.02102784626185894,0.09002675861120224,0.09801703691482544,4.900851845741272,0,0,0,0.4992482662200928,0.4971519112586975,0.991286039352417,0.9269421696662903,0.9968882203102112,0.9973487854003906,-0.008013762533664703,-0.0,-0.0
154,3.08,154,"[-0.377903014421463,-0.02119455300271511,-0.03728192299604416,0.28376591205596924,-0.077231764793396,-0.023233776912093163,-0.3011533319950104,-0.062307603657245636,0.02386200614273548,0.25865375995635986,0.046876173466444016,0.0074677057564258575,-0.024689044803380966,0.007572069764137268,-0.2920667827129364,0.008221729658544064,0.17121310532093048,-0.14622561633586884,-0.3434099853038788,1.2826101779937744,0.09339664876461029,1.158276081085205,-0.04624231159687042,-0.019745681434869766,-0.03735707700252533,-0.24974368512630463,-1.6450376510620117,0.24902313947677612,-1.119984745979309]","[-0.5392484664916992,-0.05791322886943817,0.005529795307666063,0.752522349357605,-0.2848547399044037,0.03679401054978371,-0.3057838976383209,-0.07220648229122162,0.03223900869488716,0.22448264062404633,0.10019529610872269,-0.01258762925863266,-0.013979300856590271,-0.028317056596279144,-0.23711013793945312,0.0450468435883522,0.13570858538150787,-0.1180170476436615,-0.3063114285469055,1.2934571504592896,0.11104390770196915,1.219730257987976,-0.06945013999938965,-0.06422605365514755,-0.04667038843035698,-0.19446800649166107,-1.645633578300476,0.2540331780910492,-1.1528377532958984]","[0.001356750726699829,0.203211709856987,-0.05081258714199066,0.09878724813461304,-0.11976584792137146,-0.0020848121494054794,-0.037661194801330566,0.00847717747092247,-0.016498658806085587,0.059479475021362305,0.13806121051311493,0.008765107952058315,0.1473257839679718,-0.11554877460002899,0.003515183925628662,-0.7406429648399353,0.1772657036781311,0.42833948135375977,0.798023521900177,-0.2719491720199585,0.08345358073711395,-0.23483633995056152,-0.38083839416503906,0.06695329397916794,0.18923059105873108,0.6442461013793945,-0.02689659595489502,-0.033323466777801514,-0.14539659023284912]","[0.010792519897222519,0.22052253782749176,-0.01754686050117016,0.17999500036239624,-0.015714820474386215,-0.10778962820768356,0.07391396909952164,0.009734326042234898,-0.01401246152818203,0.09871028363704681,0.10544513911008835,0.000871933763846755,0.12183447927236557,-0.13678625226020813,-0.21090073883533478,-0.5440363883972168,0.16135527193546295,0.19536611437797546,0.7645759582519531,-0.19355882704257965,0.06334175169467926,-0.15067242085933685,-0.13583967089653015,0.09946008026599884,0.11110230535268784,0.461786150932312,0.0754002183675766,-0.04842787981033325,0.007553497329354286]","[-1.9698576927185059,-0.021477319300174713,-0.13543887436389923,1.1442853212356567,-0.25141987204551697,0.10365758836269379,-0.10161767154932022,-0.3042052686214447,0.09120278060436249,-0.25709936022758484,0.6760318279266357,-0.04525306075811386,0.4912784695625305,-0.2094448208808899,0.3294987082481384,-1.134556770324707,0.07656940817832947,0.21300388872623444,-0.9874554872512817,2.571662187576294,3.6087727546691895,3.3386662006378174,-1.4675397872924805,0.8108624815940857,0.6178784370422363,-0.3583887815475464,-3.5927577018737793,0.5958701968193054,-7.123219013214111]",0.010748440399765968,0.029427114874124527,0.020928630605340004,0.0886814296245575,0.09803727269172668,4.901863634586334,0,0,0,0.49939513206481934,0.49724435806274414,0.991236686706543,0.9279469847679138,0.99667888879776,0.9970529079437256,-0.0076913717202842236,-0.0,-0.0
155,3.1,155,"[-0.37755393981933594,-0.0170754361897707,-0.03826596215367317,0.2855908274650574,-0.0793640986084938,-0.023295026272535324,-0.3018472492694855,-0.061941392719745636,0.023459695279598236,0.2598423659801483,0.04980156570672989,0.007576701231300831,-0.021620480343699455,0.0054120831191539764,-0.2920851707458496,-0.006321616470813751,0.17500652372837067,-0.13805751502513885,-0.3270196318626404,1.2767961025238037,0.09516116976737976,1.1538668870925903,-0.05388003587722778,-0.01861143484711647,-0.03360699117183685,-0.23628376424312592,-1.6455708742141724,0.24833501875400543,-1.1233619451522827]","[-0.5386483669281006,-0.05332591012120247,0.005364288575947285,0.7566614151000977,-0.2847411334514618,0.03456518426537514,-0.3044015169143677,-0.07181109488010406,0.03199072182178497,0.22518694400787354,0.10151912271976471,-0.012581883929669857,-0.01126185804605484,-0.03068828023970127,-0.241038978099823,0.03402608633041382,0.1397830843925476,-0.11498492956161499,-0.29050135612487793,1.2886406183242798,0.11334219574928284,1.2174125909805298,-0.07253728806972504,-0.0624268539249897,-0.04455048218369484,-0.18478499352931976,-1.6440883874893188,0.2524465024471283,-1.1528353691101074]","[0.026945769786834717,0.2040846049785614,-0.0492180697619915,0.08447915315628052,-0.09081773459911346,-0.001859758049249649,-0.03216490149497986,0.02342015504837036,-0.024437857791781425,0.05679801106452942,0.14137840270996094,0.0043930369429290295,0.1478760540485382,-0.10112570971250534,-0.007143616676330566,-0.7170852422714233,0.18866769969463348,0.3964979350566864,0.8430637717247009,-0.29897987842559814,0.09320210665464401,-0.19962191581726074,-0.37561413645744324,0.04961886629462242,0.19069314002990723,0.688651978969574,-0.025197863578796387,-0.037670135498046875,-0.17904341220855713]","[0.04153091832995415,0.23106545209884644,-0.009318072348833084,0.20697610080242157,0.012768439017236233,-0.10220780223608017,0.08356146514415741,0.02920638397336006,-0.013228756375610828,0.07748210430145264,0.05462624877691269,0.0008781873038969934,0.1290096789598465,-0.10282175987958908,-0.18960264325141907,-0.5455456376075745,0.21124593913555145,0.1417103260755539,0.8037619590759277,-0.2594756484031677,0.13051074743270874,-0.0993119552731514,-0.1599106341600418,0.0817098468542099,0.11213347315788269,0.49440228939056396,0.07810915261507034,-0.08880779147148132,-0.0025130247231572866]","[-1.9415786266326904,-0.01506207138299942,-0.13738824427127838,1.1407071352005005,-0.25022193789482117,0.09799863398075104,-0.12751156091690063,-0.2909534275531769,0.08831523358821869,-0.2683669328689575,0.672560453414917,-0.044585876166820526,0.49294140934944153,-0.20431652665138245,0.3601943254470825,-1.1231480836868286,0.07244223356246948,0.17450879514217377,-0.9780033826828003,2.54736590385437,3.62129545211792,3.393653154373169,-1.4612674713134766,0.7853072285652161,0.5814366340637207,-0.30561354756355286,-3.5911386013031006,0.6191708445549011,-7.1618852615356445]",0.009622793644666672,0.029352942481637,0.020862091332674026,0.08784501254558563,0.09805193543434143,4.9025967717170715,0,0,0,0.4995152950286865,0.49727609753608704,0.9911777377128601,0.9283855557441711,0.9968879818916321,0.9969497919082642,-0.007595733739435673,-0.0,-0.0
156,3.12,156,"[-0.3768251836299896,-0.013031168840825558,-0.03925064578652382,0.28714507818222046,-0.08086447417736053,-0.02330816723406315,-0.30243992805480957,-0.06137079745531082,0.022884491831064224,0.26092568039894104,0.05253130942583084,0.007643427234143019,-0.01877400279045105,0.0035270415246486664,-0.2923525273799896,-0.020461680367588997,0.17875981330871582,-0.13036569952964783,-0.30968743562698364,1.2706509828567505,0.09712473303079605,1.1502912044525146,-0.06126687675714493,-0.017760926857590675,-0.02972935140132904,-0.22219760715961456,-1.6460455656051636,0.24751633405685425,-1.1271464824676514]","[-0.537419319152832,-0.04843956232070923,0.0045731039717793465,0.757917582988739,-0.2850210666656494,0.03232846409082413,-0.3018215000629425,-0.07073091715574265,0.031718458980321884,0.22708114981651306,0.10223875939846039,-0.012516037560999393,-0.008654335513710976,-0.032358668744564056,-0.24396374821662903,0.0227972324937582,0.1445973515510559,-0.11284516751766205,-0.2741626501083374,1.282779335975647,0.11674956977367401,1.2159112691879272,-0.0760975033044815,-0.06092507764697075,-0.04249083995819092,-0.17473939061164856,-1.6424757242202759,0.2502826154232025,-1.1530847549438477]","[0.05337521433830261,0.20260736346244812,-0.04605874419212341,0.06302222609519958,-0.06200820207595825,-0.0019094906747341156,-0.026955455541610718,0.03873482346534729,-0.031247595325112343,0.05050823092460632,0.14699631929397583,-0.0010806601494550705,0.14719130098819733,-0.08672773838043213,-0.02552121877670288,-0.6804800629615784,0.1870717853307724,0.3686556816101074,0.8808895945549011,-0.3190666437149048,0.09506195783615112,-0.15739798545837402,-0.35430455207824707,0.03850981593132019,0.19664373993873596,0.711938738822937,-0.02548694610595703,-0.041569024324417114,-0.19758939743041992]","[0.09093178063631058,0.23366186022758484,-0.012537475675344467,0.14737571775913239,0.026106245815753937,-0.11907549947500229,0.15096646547317505,0.05301905795931816,-0.00952164176851511,0.08284438401460648,0.02877184934914112,0.004032295197248459,0.127794086933136,-0.07601480185985565,-0.1387883722782135,-0.5514058470726013,0.2356759011745453,0.10111039876937866,0.822859525680542,-0.3002992570400238,0.17938458919525146,-0.06273074448108673,-0.17861074209213257,0.06584975868463516,0.10784665495157242,0.5056694746017456,0.08174580335617065,-0.11317127197980881,-0.013795927166938782]","[-1.914672613143921,-0.010579504072666168,-0.1384708136320114,1.1369036436080933,-0.2501867711544037,0.09378001093864441,-0.15396004915237427,-0.27709463238716125,0.08642403781414032,-0.2781539261341095,0.6714242696762085,-0.041780225932598114,0.4939741790294647,-0.20408591628074646,0.39139068126678467,-1.1103084087371826,0.0637812614440918,0.1352415233850479,-0.9649981260299683,2.5213782787323,3.6311213970184326,3.438385009765625,-1.4551433324813843,0.7603603005409241,0.5465386509895325,-0.25144192576408386,-3.590301513671875,0.6415121555328369,-7.194938659667969]",0.008735337294638157,0.029430687427520752,0.020699745044112206,0.08645937591791153,0.09808433800935745,4.904216900467873,0,0,0,0.49959927797317505,0.49727433919906616,0.9911755919456482,0.929512619972229,0.9966631531715393,0.9969320893287659,-0.006940164137631655,-0.0,-0.0
157,3.14,157,"[-0.37541893124580383,-0.008971141651272774,-0.04010831192135811,0.28811171650886536,-0.08184442669153214,-0.02337140589952469,-0.3029254674911499,-0.060391999781131744,0.022209791466593742,0.26186269521713257,0.055681418627500534,0.007533474825322628,-0.01573282852768898,0.0019429735839366913,-0.2931060194969177,-0.033540818840265274,0.18248939514160156,-0.12331128865480423,-0.29178404808044434,1.2640334367752075,0.0989636480808258,1.1475709676742554,-0.06805221736431122,-0.017071042209863663,-0.02574124187231064,-0.20780621469020844,-1.6465903520584106,0.24667225778102875,-1.1312655210494995]","[-0.5350245833396912,-0.043771203607320786,0.004619533661752939,0.7613921165466309,-0.28441810607910156,0.030108166858553886,-0.2989445924758911,-0.06972138583660126,0.03151669353246689,0.22756168246269226,0.10252323001623154,-0.012376551516354084,-0.00567183643579483,-0.03384219855070114,-0.24613165855407715,0.011863389052450657,0.14949782192707062,-0.11131943762302399,-0.25770002603530884,1.2764381170272827,0.12087974697351456,1.2151165008544922,-0.07986298948526382,-0.059801582247018814,-0.04043225198984146,-0.16454660892486572,-1.6407710313796997,0.24769267439842224,-1.1535345315933228]","[0.0794827938079834,0.19891542196273804,-0.041860248893499374,0.038455426692962646,-0.03402233123779297,-0.0020885374397039413,-0.021371990442276,0.054134614765644073,-0.03789733350276947,0.04339665174484253,0.15255995094776154,-0.0062312232330441475,0.14531691372394562,-0.07273801416158676,-0.04829615354537964,-0.6326798796653748,0.17853081226348877,0.3408733904361725,0.9081974625587463,-0.33319592475891113,0.09383782744407654,-0.11243820190429688,-0.32074302434921265,0.0333719439804554,0.2050594985485077,0.7176753282546997,-0.028640031814575195,-0.04518255591392517,-0.20560622215270996]","[0.1297498196363449,0.23306024074554443,0.00460223201662302,0.1736191362142563,0.029749980196356773,-0.10019776225090027,0.125724658370018,0.04668962582945824,-0.01484109740704298,0.02954563871026039,0.011906796135008335,0.00794620905071497,0.1522335261106491,-0.06982474029064178,-0.09521894156932831,-0.5354177951812744,0.23669907450675964,0.07857409119606018,0.8169011473655701,-0.3171784281730652,0.21142703294754028,-0.030568920075893402,-0.19563478231430054,0.04924900829792023,0.10939983278512955,0.5112821459770203,0.08678805083036423,-0.13334374129772186,-0.02432304248213768]","[-1.8901431560516357,-0.008310087025165558,-0.13750781118869781,1.1326652765274048,-0.24928167462348938,0.09043566882610321,-0.18298882246017456,-0.26383522152900696,0.08460454642772675,-0.28666287660598755,0.6707701683044434,-0.03743644803762436,0.49403759837150574,-0.20770969986915588,0.4192310571670532,-1.0971637964248657,0.05108141526579857,0.09604518115520477,-0.9448930025100708,2.493607759475708,3.6377100944519043,3.4697914123535156,-1.447794795036316,0.7356664538383484,0.5128447413444519,-0.1965537965297699,-3.5876922607421875,0.663803219795227,-7.22745418548584]",0.00813964381814003,0.029584085568785667,0.020593103021383286,0.08590777218341827,0.09811066836118698,4.905533418059349,0,0,0,0.49964818358421326,0.4972552955150604,0.9911600351333618,0.9297612309455872,0.9971635341644287,0.9970391988754272,-0.006493897642940283,-0.0,-0.0
158,3.16,158,"[-0.3736458718776703,-0.005074552726000547,-0.040925055742263794,0.28868329524993896,-0.08222536742687225,-0.023391708731651306,-0.3032948076725006,-0.05920541286468506,0.02136859856545925,0.26266154646873474,0.0586337074637413,0.007394178304821253,-0.012961326166987419,0.0006175207672640681,-0.2942843735218048,-0.04576887562870979,0.18590104579925537,-0.11673076450824738,-0.2733595371246338,1.257323145866394,0.10087824612855911,1.1457936763763428,-0.07409659773111343,-0.016426049172878265,-0.021526971831917763,-0.19349059462547302,-1.6471911668777466,0.24570903182029724,-1.1353707313537598]","[-0.5324545502662659,-0.038810890167951584,0.004074735101312399,0.7618626356124878,-0.28428328037261963,0.02813541516661644,-0.29598259925842285,-0.06824839115142822,0.031232310459017754,0.22980360686779022,0.1027785986661911,-0.01210686843842268,-0.002694888738915324,-0.03481664881110191,-0.24778936803340912,0.0013667440507560968,0.1542021483182907,-0.11014365404844284,-0.24142184853553772,1.270013689994812,0.12543611228466034,1.2149312496185303,-0.08379557728767395,-0.058907344937324524,-0.03842339292168617,-0.15423354506492615,-1.6389635801315308,0.24473901093006134,-1.1542915105819702]","[0.10795295238494873,0.19423191249370575,-0.036734435707330704,0.013325363397598267,-0.010034814476966858,-0.002223299816250801,-0.012040883302688599,0.06908699870109558,-0.045726168900728226,0.03712847828865051,0.1585523635149002,-0.010783400386571884,0.13796259462833405,-0.059991367161273956,-0.07158443331718445,-0.5656882524490356,0.16815103590488434,0.3114165663719177,0.9164869785308838,-0.3394186496734619,0.09189844131469727,-0.06981790065765381,-0.2834772765636444,0.031964946538209915,0.21678228676319122,0.714129626750946,-0.03375411033630371,-0.04712603986263275,-0.20776689052581787]","[0.14400629699230194,0.2404315322637558,-0.013640135526657104,0.0523928701877594,0.04998508840799332,-0.10908754169940948,0.15894605219364166,0.07653888314962387,-0.007573295384645462,0.11679735034704208,0.009522701613605022,0.015322293154895306,0.14203913509845734,-0.04175988584756851,-0.08620467036962509,-0.5081096291542053,0.22074823081493378,0.05884058400988579,0.8079257011413574,-0.31404462456703186,0.2278788536787033,-0.0007342591416090727,-0.1929321587085724,0.03911193460226059,0.1034228727221489,0.5157938599586487,0.09181608259677887,-0.14950154721736908,-0.040721345692873]","[-1.8703479766845703,-0.0058235302567481995,-0.1354209929704666,1.129809021949768,-0.24703317880630493,0.08776353299617767,-0.20688581466674805,-0.246880441904068,0.08433513343334198,-0.2921517789363861,0.6722366809844971,-0.03160785883665085,0.4905927777290344,-0.21426820755004883,0.44230711460113525,-1.0831410884857178,0.03492223843932152,0.05814822390675545,-0.9175333976745605,2.4665353298187256,3.6420087814331055,3.493476152420044,-1.4389182329177856,0.7137718200683594,0.4799342751502991,-0.1413537859916687,-3.5852527618408203,0.6836462616920471,-7.260113716125488]",0.00785865355283022,0.029798628762364388,0.020411785691976547,0.08498355001211166,0.0981249064207077,4.906245321035385,0,0,0,0.49966517090797424,0.49722063541412354,0.9911676645278931,0.930345356464386,0.9964494705200195,0.9974193572998047,-0.006022238172590733,-0.0,-0.0
159,3.18,159,"[-0.3711008131504059,-0.0012018654961138964,-0.04157768934965134,0.2886447310447693,-0.08224581927061081,-0.02346033789217472,-0.30340710282325745,-0.05762851983308792,0.020380744710564613,0.2633478343486786,0.06202351301908493,0.007102138828486204,-0.010214325040578842,-0.0004566810675896704,-0.2959693968296051,-0.05616834759712219,0.18921543657779694,-0.1108546257019043,-0.255124568939209,1.250456690788269,0.1026395857334137,1.1447782516479492,-0.07939130812883377,-0.015792444348335266,-0.017069950699806213,-0.17924103140830994,-1.6479405164718628,0.24478721618652344,-1.1395761966705322]","[-0.5294098258018494,-0.03409663960337639,0.00417335843667388,0.7641931176185608,-0.2828470766544342,0.02621431276202202,-0.29269927740097046,-0.06650655716657639,0.03119116649031639,0.23170039057731628,0.10288619995117188,-0.011677026748657227,0.00023358565522357821,-0.03547850623726845,-0.24973656237125397,-0.00834181159734726,0.1582932472229004,-0.10936111956834793,-0.22530093789100647,1.2638925313949585,0.13013820350170135,1.2152785062789917,-0.08738335222005844,-0.058280348777770996,-0.03656463697552681,-0.14384615421295166,-1.6370525360107422,0.241526260972023,-1.1553418636322021]","[0.13716891407966614,0.1885707974433899,-0.030845683068037033,-0.010061264038085938,0.009519048035144806,-0.0022759195417165756,-0.00010207295417785645,0.0835212916135788,-0.0540677011013031,0.0323958694934845,0.1642029732465744,-0.01461381372064352,0.12876810133457184,-0.0496353842318058,-0.0954553484916687,-0.4836699962615967,0.15938133001327515,0.2789577543735504,0.9062283039093018,-0.34169256687164307,0.0887937843799591,-0.031244754791259766,-0.2423228770494461,0.03389779105782509,0.22851601243019104,0.7033836245536804,-0.04058182239532471,-0.04812218248844147,-0.20778179168701172]","[0.1518496721982956,0.23115137219429016,0.010057683102786541,0.12898516654968262,0.0650218203663826,-0.08323875814676285,0.16407346725463867,0.08954153954982758,-0.0002701900084502995,0.08193843066692352,0.0039376686327159405,0.023686842992901802,0.14377905428409576,-0.02978808805346489,-0.10500547289848328,-0.46540725231170654,0.1882992535829544,0.03885149583220482,0.7974055409431458,-0.2944942116737366,0.2326153665781021,0.02336231805384159,-0.17171068489551544,0.027637869119644165,0.09453751891851425,0.5186453461647034,0.0967499241232872,-0.16153736412525177,-0.05653775483369827]","[-1.8533779382705688,-0.004006989300251007,-0.13095174729824066,1.1284034252166748,-0.24248939752578735,0.08509434759616852,-0.2309093475341797,-0.23027107119560242,0.08328236639499664,-0.2970890700817108,0.6718695163726807,-0.02503287047147751,0.48803406953811646,-0.22210365533828735,0.460821270942688,-1.071469783782959,0.01658811792731285,0.023653853684663773,-0.8825737237930298,2.4425716400146484,3.6447696685791016,3.510591745376587,-1.4310189485549927,0.6913707256317139,0.4488326907157898,-0.08355582505464554,-3.581559181213379,0.7012748718261719,-7.294907093048096]",0.007880731485784054,0.029933057725429535,0.020205620676279068,0.08450783044099808,0.09812622517347336,4.906311258673668,0,0,0,0.4996548295021057,0.4972016513347626,0.9912195801734924,0.930510938167572,0.9965322017669678,0.9971118569374084,-0.005919951945543289,-0.0,-0.0
160,3.2,160,"[-0.36815911531448364,0.0024682790972292423,-0.042158883064985275,0.2882808446884155,-0.08184460550546646,-0.02348274551331997,-0.3032988905906677,-0.05586456134915352,0.019205890595912933,0.2639573812484741,0.06520182639360428,0.0068096257746219635,-0.007810602430254221,-0.0013678945833817124,-0.29810258746147156,-0.06511567533016205,0.19227629899978638,-0.10557245463132858,-0.23711040616035461,1.2436554431915283,0.10442999750375748,1.1445438861846924,-0.08378951251506805,-0.015070137567818165,-0.012386331334710121,-0.16535525023937225,-1.6488144397735596,0.24378414452075958,-1.1436820030212402]","[-0.5266232490539551,-0.029376918449997902,0.004154318943619728,0.7649259567260742,-0.28176194429397583,0.024662762880325317,-0.2897869944572449,-0.06446745246648788,0.03113679401576519,0.23327025771141052,0.10294187068939209,-0.010566635988652706,0.0031727238092571497,-0.035982903093099594,-0.25214430689811707,-0.017107484862208366,0.1617000550031662,-0.1087089255452156,-0.209605872631073,1.2582862377166748,0.13475288450717926,1.2159761190414429,-0.09067146480083466,-0.05776948854327202,-0.03475368767976761,-0.13330557942390442,-1.635085940361023,0.23821885883808136,-1.1567353010177612]","[0.16271770000457764,0.1807103008031845,-0.020901579409837723,-0.03176182508468628,0.03088582307100296,-0.0016673468053340912,0.009873509407043457,0.09921807795763016,-0.059259962290525436,0.030871480703353882,0.17148442566394806,-0.020057231187820435,0.11981271952390671,-0.03990892693400383,-0.11662393808364868,-0.38735663890838623,0.12377798557281494,0.2424340695142746,0.8721996545791626,-0.33184289932250977,0.08737314492464066,-0.01627504825592041,-0.20741280913352966,0.03777733072638512,0.23512409627437592,0.6972275972366333,-0.046762824058532715,-0.05276240408420563,-0.21714866161346436]","[0.10107286274433136,0.25095415115356445,-0.041541337966918945,-0.1797255128622055,-0.03000488504767418,-0.06030946969985962,0.12678848206996918,0.11472593247890472,-0.009306063875555992,0.08247669786214828,0.002433984074741602,0.05578842759132385,0.14369548857212067,-0.02290918119251728,-0.1217157170176506,-0.42819568514823914,0.16319610178470612,0.03838416561484337,0.7660852670669556,-0.2686859667301178,0.2270820438861847,0.03447190672159195,-0.16934150457382202,0.027605639770627022,0.09319482743740082,0.5269967913627625,0.09904152154922485,-0.16269676387310028,-0.07515252381563187]","[-1.838301181793213,-0.0029186978936195374,-0.1267348974943161,1.1229463815689087,-0.23742011189460754,0.08205480873584747,-0.2540552616119385,-0.21247336268424988,0.08135117590427399,-0.301782488822937,0.6739088296890259,-0.017145387828350067,0.48500296473503113,-0.23167568445205688,0.47654396295547485,-1.0562307834625244,-0.0036486871540546417,-0.003875177353620529,-0.8488229513168335,2.4215104579925537,3.646648406982422,3.5274658203125,-1.4230194091796875,0.6685677170753479,0.42371222376823425,-0.02956915646791458,-3.580976963043213,0.7155197858810425,-7.328066825866699]",0.0081971175968647,0.03019842691719532,0.01999668776988983,0.08412396162748337,0.09814099222421646,4.907049611210823,0,0,0,0.49961990118026733,0.4971664845943451,0.9912654757499695,0.9302500486373901,0.9964888095855713,0.9974120855331421,-0.005153286270797253,-0.0,-0.0
161,3.22,161,"[-0.3645921051502228,0.0060265460051596165,-0.042413752526044846,0.28737425804138184,-0.08101038634777069,-0.023527031764388084,-0.3030121624469757,-0.053659796714782715,0.018010346218943596,0.26458269357681274,0.06888289004564285,0.006299849599599838,-0.005421816371381283,-0.0020530379842966795,-0.30063435435295105,-0.07166261225938797,0.19416655600070953,-0.10115726292133331,-0.22023658454418182,1.2371829748153687,0.10613451153039932,1.1441272497177124,-0.08768782019615173,-0.014281351119279861,-0.00766498688608408,-0.1513519287109375,-1.649811029434204,0.2426767200231552,-1.1482621431350708]","[-0.5235831141471863,-0.024862760677933693,0.004322649445384741,0.7649452090263367,-0.27975016832351685,0.022806517779827118,-0.28820252418518066,-0.062458693981170654,0.031160295009613037,0.23410238325595856,0.10283339768648148,-0.00905847642570734,0.006143474951386452,-0.03664763644337654,-0.2546223998069763,-0.02521149441599846,0.16433317959308624,-0.10776423662900925,-0.19450753927230835,1.2533208131790161,0.13893865048885345,1.2168176174163818,-0.09403839707374573,-0.05725895240902901,-0.03309665247797966,-0.12255946546792984,-1.63308846950531,0.23484745621681213,-1.1584194898605347]","[0.18530413508415222,0.17086298763751984,-0.008157454431056976,-0.049864500761032104,0.05410630255937576,-0.0007232651114463806,0.0192888081073761,0.11530239135026932,-0.06376272439956665,0.031198561191558838,0.1787947565317154,-0.02534540928900242,0.11382441967725754,-0.03181404620409012,-0.13428926467895508,-0.28070899844169617,0.0679314136505127,0.2005925476551056,0.8157163858413696,-0.32050013542175293,0.08500628173351288,-0.02237856388092041,-0.17625205218791962,0.041690725833177567,0.23729149997234344,0.6938357353210449,-0.05332827568054199,-0.05774311721324921,-0.22966861724853516]","[0.16202528774738312,0.21842537820339203,0.01566546969115734,0.05877694487571716,0.13603156805038452,-0.08451776951551437,0.08025585860013962,0.10340634733438492,-0.0027967612259089947,0.11477012932300568,-0.013906770385801792,0.0736827626824379,0.13564765453338623,-0.02070285752415657,-0.12634198367595673,-0.3841311037540436,0.10474813729524612,0.05109931156039238,0.747291624546051,-0.2292976677417755,0.2004786878824234,0.04719799757003784,-0.16120591759681702,0.02318423241376877,0.07774069160223007,0.5398883819580078,0.09920346736907959,-0.17071574926376343,-0.09091717004776001]","[-1.8207672834396362,-0.0015631690621376038,-0.11965450644493103,1.1200244426727295,-0.22730791568756104,0.07842415571212769,-0.27129271626472473,-0.19371297955513,0.07960323989391327,-0.3029140532016754,0.6778321266174316,-0.010648362338542938,0.48118847608566284,-0.24128994345664978,0.48455336689949036,-1.043683648109436,-0.025439251214265823,-0.020059969276189804,-0.8156274557113647,2.4029133319854736,3.646477222442627,3.539748191833496,-1.4072433710098267,0.6466547250747681,0.4020730257034302,0.011281751096248627,-3.5804686546325684,0.7293316125869751,-7.353072166442871]",0.0088102538138628,0.03056212142109871,0.019823376089334488,0.08411365002393723,0.09818943589925766,4.909471794962883,0,0,0,0.49955710768699646,0.49709928035736084,0.991305410861969,0.9305799603462219,0.9969701766967773,0.9977303743362427,-0.003770415438339114,-0.0,-0.0
162,3.24,162,"[-0.36074694991111755,0.00930279865860939,-0.042485181242227554,0.28628626465797424,-0.07968035340309143,-0.023511676117777824,-0.3025273382663727,-0.051252465695142746,0.01665538176894188,0.2652053236961365,0.07235361635684967,0.00579580944031477,-0.003257625736296177,-0.0026404564268887043,-0.30347415804862976,-0.07634403556585312,0.19499355554580688,-0.09754875302314758,-0.20448175072669983,1.2308354377746582,0.10783024877309799,1.1436487436294556,-0.09083959460258484,-0.013402508571743965,-0.0028946714010089636,-0.1376018226146698,-1.6509475708007812,0.24147441983222961,-1.1528687477111816]","[-0.5202965140342712,-0.020528746768832207,0.0047166841104626656,0.7660437822341919,-0.2768303155899048,0.021256273612380028,-0.28612688183784485,-0.060231804847717285,0.031086642295122147,0.2369605302810669,0.10255979001522064,-0.006852594669908285,0.008737089112401009,-0.036795035004615784,-0.2577807605266571,-0.0319250114262104,0.16555088758468628,-0.10669587552547455,-0.17976802587509155,1.2494163513183594,0.14253459870815277,1.2179746627807617,-0.09665533900260925,-0.05683015659451485,-0.03161635994911194,-0.11155319213867188,-1.631176233291626,0.2315501570701599,-1.160679817199707]","[0.20290985703468323,0.16127339005470276,0.007400382310152054,-0.058935582637786865,0.0791030004620552,0.0005562324076890945,0.029331445693969727,0.13074186444282532,-0.06747660040855408,0.03042668104171753,0.17885249853134155,-0.0317876823246479,0.10591790825128555,-0.024721259251236916,-0.14576688408851624,-0.174717977643013,0.012663379311561584,0.1572558730840683,0.7478412389755249,-0.3189682960510254,0.07949378341436386,-0.03103315830230713,-0.1475151628255844,0.04458201676607132,0.23959097266197205,0.6899142861366272,-0.05755722522735596,-0.060958415269851685,-0.23770034313201904]","[0.16498102247714996,0.21111662685871124,0.021706799045205116,0.042658865451812744,0.1341581791639328,-0.06896141171455383,0.11598413437604904,0.11263374239206314,-0.0020079175010323524,0.13148190081119537,-0.009989675134420395,0.10975997895002365,0.12188741564750671,-0.004290007054805756,-0.17325612902641296,-0.30660945177078247,0.0396505668759346,0.05367322266101837,0.7225847244262695,-0.17310023307800293,0.17254744470119476,0.06109046936035156,-0.11381480097770691,0.021016478538513184,0.07448223978281021,0.5512497425079346,0.09402070194482803,-0.15974962711334229,-0.12241411209106445]","[-1.8059616088867188,0.0006790384650230408,-0.11507776379585266,1.1108735799789429,-0.22257760167121887,0.07562145590782166,-0.287966787815094,-0.17625954747200012,0.07676984369754791,-0.3040081560611725,0.6828038692474365,-0.0007417425513267517,0.4772624969482422,-0.25036847591400146,0.4884227514266968,-1.031093716621399,-0.04844744876027107,-0.0300261490046978,-0.7920486330986023,2.3877387046813965,3.646000385284424,3.559603214263916,-1.395523190498352,0.6234647035598755,0.38863247632980347,0.04483819007873535,-3.587852716445923,0.7356210350990295,-7.366181373596191]",0.009573805145919323,0.03113735094666481,0.01955058053135872,0.08409788459539413,0.09817301481962204,4.908650740981102,0,0,0,0.4994719326496124,0.4970015585422516,0.991381824016571,0.9302031993865967,0.9960550665855408,0.9972383975982666,-0.002701165620237589,-0.0,-0.0
163,3.2600000000000002,163,"[-0.35647571086883545,0.012477481737732887,-0.04211773723363876,0.28501683473587036,-0.07784626632928848,-0.02350478246808052,-0.3018389046192169,-0.048430122435092926,0.015311282128095627,0.26579976081848145,0.07603698968887329,0.005028342362493277,-0.001185100176371634,-0.003041888354346156,-0.3064650297164917,-0.07865133136510849,0.194673091173172,-0.0948670282959938,-0.19032293558120728,1.2244242429733276,0.10931426286697388,1.1428859233856201,-0.09358842670917511,-0.012498070485889912,0.001918652094900608,-0.12375535815954208,-1.6521133184432983,0.24023838341236115,-1.1577701568603516]","[-0.5172640085220337,-0.016263088211417198,0.004930812865495682,0.7648966312408447,-0.2747916877269745,0.020016951486468315,-0.2840498685836792,-0.05790479853749275,0.030996503308415413,0.2392396330833435,0.10291314125061035,-0.004097895231097937,0.011009284295141697,-0.03685295954346657,-0.26157093048095703,-0.03725706785917282,0.16601820290088654,-0.1054534912109375,-0.16597416996955872,1.246329665184021,0.1455472856760025,1.2192747592926025,-0.09866971522569656,-0.0564458929002285,-0.029929231852293015,-0.10047240555286407,-1.6293870210647583,0.22873587906360626,-1.1634079217910767]","[0.217369943857193,0.1520007848739624,0.02464205026626587,-0.06095618009567261,0.10565537959337234,0.0022009946405887604,0.03880634903907776,0.14498597383499146,-0.07061976939439774,0.02922341227531433,0.176369771361351,-0.037847261875867844,0.09847082197666168,-0.019998935982584953,-0.15224739909172058,-0.0735582783818245,-0.04271268844604492,0.11356491595506668,0.6762434244155884,-0.3239929676055908,0.07162932306528091,-0.039839744567871094,-0.12132581323385239,0.04659474641084671,0.24061813950538635,0.6868487596511841,-0.05936324596405029,-0.06249845027923584,-0.2451181411743164]","[0.11410294473171234,0.22670462727546692,-0.026541372761130333,-0.28222396969795227,0.015241699293255806,-0.04684137925505638,0.08852069079875946,0.1251511126756668,-0.01093301735818386,0.10897286981344223,0.03701939806342125,0.13129165768623352,0.10811848938465118,-0.0026623441372066736,-0.18723687529563904,-0.2538674771785736,0.020310651510953903,0.06760060787200928,0.6606379747390747,-0.14302784204483032,0.1433955430984497,0.06161648780107498,-0.1022055372595787,0.0162311103194952,0.09290359169244766,0.5487170815467834,0.08974763751029968,-0.12687690556049347,-0.14292088150978088]","[-1.7898404598236084,0.005721382796764374,-0.10995908081531525,1.1002639532089233,-0.2156013548374176,0.07274991273880005,-0.3030298054218292,-0.16034463047981262,0.07308004796504974,-0.30388596653938293,0.6862109899520874,0.008769102394580841,0.47515299916267395,-0.25889474153518677,0.49101004004478455,-1.0222218036651611,-0.07162432372570038,-0.03295069560408592,-0.7727917432785034,2.3725483417510986,3.642774820327759,3.583261013031006,-1.3878549337387085,0.6005600690841675,0.383670836687088,0.0712551400065422,-3.5985279083251953,0.7366036176681519,-7.372751235961914]",0.010438003577291965,0.03196107968688011,0.019196975976228714,0.08378513902425766,0.09816823899745941,4.908411949872971,0,0,0,0.4993712604045868,0.4968579411506653,0.9914931654930115,0.9299802780151367,0.9957605004310608,0.9971590042114258,-0.002210398903116584,-0.0,-0.0
164,3.2800000000000002,164,"[-0.35205215215682983,0.015382830053567886,-0.04149949923157692,0.28384801745414734,-0.07545413821935654,-0.023423636332154274,-0.30097508430480957,-0.0454530268907547,0.01383059099316597,0.26637426018714905,0.07940840721130371,0.0042819189839065075,0.000681206991430372,-0.0034404138568788767,-0.3095640540122986,-0.0792863667011261,0.1932850480079651,-0.09300615638494492,-0.17743201553821564,1.2178757190704346,0.11069542169570923,1.1420551538467407,-0.09569262713193893,-0.011538718827068806,0.006730053573846817,-0.11012787371873856,-1.6533221006393433,0.23897448182106018,-1.1626734733581543]","[-0.513728141784668,-0.01220830250531435,0.005279097706079483,0.7630783319473267,-0.27265068888664246,0.01866726391017437,-0.2823532819747925,-0.05568304285407066,0.03097117319703102,0.24133361876010895,0.10426346212625504,-0.0014161262661218643,0.01306375116109848,-0.037158820778131485,-0.26530346274375916,-0.0415252223610878,0.16634635627269745,-0.10399781912565231,-0.15339046716690063,1.2435510158538818,0.1478789895772934,1.2206834554672241,-0.10036557167768478,-0.05603184178471565,-0.028018618002533913,-0.0895291417837143,-1.6277029514312744,0.2264387160539627,-1.166488528251648]","[0.22595971822738647,0.14182473719120026,0.04154173657298088,-0.05491524934768677,0.12841448187828064,0.004815589636564255,0.04379972815513611,0.1571965366601944,-0.07280328124761581,0.02935454249382019,0.1759873777627945,-0.04265154153108597,0.08752984553575516,-0.023887010291218758,-0.14991983771324158,0.01843627542257309,-0.09771175682544708,0.08224733173847198,0.614356279373169,-0.30988454818725586,0.05941763520240784,-0.01831650733947754,-0.09947065263986588,0.04776311293244362,0.24014076590538025,0.6802967190742493,-0.05546212196350098,-0.06092973053455353,-0.25202035903930664]","[0.1905059814453125,0.19276943802833557,0.02839910425245762,-0.031021617352962494,0.13944363594055176,-0.06073864549398422,0.08659660816192627,0.10657577216625214,0.0005966810858808458,0.1011817529797554,0.08378195017576218,0.12299688160419464,0.09555859863758087,-0.017019100487232208,-0.18376345932483673,-0.18973645567893982,0.014143851585686207,0.06929773092269897,0.6047797203063965,-0.13450448215007782,0.1097046434879303,0.07348214089870453,-0.0736200213432312,0.020994549617171288,0.0961420089006424,0.5396193265914917,0.08208050578832626,-0.11021539568901062,-0.15945163369178772]","[-1.772240400314331,0.013428770005702972,-0.1037229597568512,1.0955857038497925,-0.20222994685173035,0.07112625241279602,-0.3096170723438263,-0.14391031861305237,0.07088612020015717,-0.2991216480731964,0.6893564462661743,0.014552094042301178,0.47341188788414,-0.26720690727233887,0.48977434635162354,-1.0177199840545654,-0.09439526498317719,-0.027197103947401047,-0.7529038190841675,2.359308958053589,3.63979172706604,3.604976177215576,-1.3736778497695923,0.5830550193786621,0.38205933570861816,0.08774789422750473,-3.609369993209839,0.7371199131011963,-7.377690315246582]",0.011394751258194447,0.03306251019239426,0.018799498677253723,0.08351661264896393,0.09817754477262497,4.9088772386312485,0,0,0,0.499250590801239,0.49664321541786194,0.991642951965332,0.9307084679603577,0.9955434799194336,0.9968971014022827,-0.0018083652248606086,-0.0,-0.0
165,3.3000000000000003,165,"[-0.34743732213974,0.01815047115087509,-0.04045606777071953,0.2828202247619629,-0.07270968705415726,-0.02331215888261795,-0.3000869154930115,-0.04214226081967354,0.012399150989949703,0.26697394251823425,0.08307648450136185,0.0033222807105630636,0.002316093537956476,-0.003997368738055229,-0.31246182322502136,-0.07791388034820557,0.1907646209001541,-0.09157713502645493,-0.1657486855983734,1.2120288610458374,0.11169096827507019,1.142153263092041,-0.09756725281476974,-0.010587546043097973,0.011524282395839691,-0.09654349088668823,-1.6543318033218384,0.237801194190979,-1.1678509712219238]","[-0.5098588466644287,-0.008309494704008102,0.005792503710836172,0.7627274394035339,-0.2694551646709442,0.017678985372185707,-0.2807590961456299,-0.05342710763216019,0.030930401757359505,0.24345903098583221,0.10655885934829712,0.0010375289712101221,0.014809285290539265,-0.03734954074025154,-0.2688172459602356,-0.04460547864437103,0.1665560007095337,-0.10251989215612411,-0.14211151003837585,1.240915060043335,0.14959849417209625,1.2222464084625244,-0.10157516598701477,-0.05562390759587288,-0.025899868458509445,-0.078992560505867,-1.6262487173080444,0.2246871143579483,-1.1698609590530396]","[0.23071244359016418,0.13122595846652985,0.05736593157052994,-0.04490166902542114,0.14746171236038208,0.007551070302724838,0.04433244466781616,0.1677008420228958,-0.07431961596012115,0.02994239330291748,0.17648525536060333,-0.0465652160346508,0.07523269206285477,-0.036040350794792175,-0.1396074891090393,0.1092737540602684,-0.14651119709014893,0.054566748440265656,0.560750424861908,-0.2759605646133423,0.04275813698768616,0.0318378210067749,-0.08271634578704834,0.04900365695357323,0.23650053143501282,0.6711855530738831,-0.046244263648986816,-0.056850165128707886,-0.2614140510559082]","[0.19180820882320404,0.19266687333583832,0.023054609075188637,-0.02073611691594124,0.15951275825500488,-0.04428291320800781,0.07742498815059662,0.11492972075939178,-0.0030165542848408222,0.1081559881567955,0.12866228818893433,0.11255526542663574,0.07850352674722672,-0.0056157661601901054,-0.16963084042072296,-0.13545113801956177,0.008672438561916351,0.07044446468353271,0.5358944535255432,-0.12784719467163086,0.08031217753887177,0.07870858907699585,-0.05139688402414322,0.019597673788666725,0.10638383030891418,0.5130869150161743,0.0692838504910469,-0.08000607043504715,-0.1720133125782013]","[-1.7605012655258179,0.02233203500509262,-0.10211105644702911,1.0864156484603882,-0.1929245889186859,0.07127146422863007,-0.31563600897789,-0.12758538126945496,0.06856586039066315,-0.29595261812210083,0.693549394607544,0.020011700689792633,0.47292041778564453,-0.2739960849285126,0.48996680974960327,-1.0156136751174927,-0.11779971420764923,-0.0167560838162899,-0.737983226776123,2.351818799972534,3.640650510787964,3.6333119869232178,-1.3635271787643433,0.5690499544143677,0.38653552532196045,0.10348742455244064,-3.627108097076416,0.7347988486289978,-7.382181167602539]",0.012392331846058369,0.03409528359770775,0.018342196941375732,0.08342044055461884,0.09815526753664017,4.907763376832008,0,0,0,0.4991159737110138,0.4964315891265869,0.9917929768562317,0.9306133985519409,0.9952177405357361,0.9963186383247375,-0.0017265178030356765,-0.0,-0.0
166,3.3200000000000003,166,"[-0.34282365441322327,0.02063186839222908,-0.03920486196875572,0.2820519506931305,-0.06955567002296448,-0.02312159352004528,-0.2992017865180969,-0.03874499350786209,0.010857806541025639,0.26757195591926575,0.08646781742572784,0.002419310389086604,0.003690514713525772,-0.0048820278607308865,-0.31514835357666016,-0.07491541653871536,0.18742460012435913,-0.09082348644733429,-0.15500199794769287,1.2068372964859009,0.11240574717521667,1.1433286666870117,-0.09900128096342087,-0.00957857258617878,0.016190074384212494,-0.08328045159578323,-1.6551718711853027,0.23670047521591187,-1.1731300354003906]","[-0.5058253407478333,-0.004380596335977316,0.006151000503450632,0.7618125677108765,-0.2661834955215454,0.016925422474741936,-0.2792702913284302,-0.050993457436561584,0.030850058421492577,0.2457360476255417,0.10962752252817154,0.003057723166421056,0.016239987686276436,-0.03742383420467377,-0.271929532289505,-0.04669554904103279,0.1666688770055771,-0.10098643600940704,-0.13221490383148193,1.2384926080703735,0.15078043937683105,1.2238723039627075,-0.1023404598236084,-0.055224303156137466,-0.023527905344963074,-0.06901630759239197,-1.6250394582748413,0.2236437350511551,-1.1735210418701172]","[0.23365318775177002,0.12112921476364136,0.07152529805898666,-0.034362077713012695,0.16455893218517303,0.01031174324452877,0.04337802529335022,0.17499682307243347,-0.07579299062490463,0.031626224517822266,0.17653554677963257,-0.047889310866594315,0.05738230049610138,-0.04865962639451027,-0.12816935777664185,0.1692838966846466,-0.17779842019081116,0.034434907138347626,0.5436174869537354,-0.23705363273620605,0.03071259707212448,0.10033249855041504,-0.06905142217874527,0.04878139868378639,0.23626019060611725,0.6603161096572876,-0.030297040939331055,-0.05259513854980469,-0.2672255039215088]","[0.20434077084064484,0.19446101784706116,0.015988659113645554,-0.06055541709065437,0.16094496846199036,-0.03479508310556412,0.0736158937215805,0.12305496633052826,-0.004066182300448418,0.11496473103761673,0.16466550529003143,0.0905836969614029,0.06437242776155472,-0.002956909593194723,-0.14858843386173248,-0.08717836439609528,0.004173038061708212,0.07388505339622498,0.46741822361946106,-0.11537718027830124,0.054757460951805115,0.0813058540225029,-0.02803800441324711,0.019717885181307793,0.11972371488809586,0.48472166061401367,0.057628776878118515,-0.043742548674345016,-0.18735213577747345]","[-1.7497456073760986,0.0319288894534111,-0.10179963707923889,1.0760905742645264,-0.18148276209831238,0.0730365663766861,-0.31762924790382385,-0.11014863848686218,0.06648297607898712,-0.29214736819267273,0.6965655088424683,0.023008741438388824,0.4733666479587555,-0.2795829772949219,0.48988598585128784,-1.0134366750717163,-0.138627290725708,-0.004588838666677475,-0.7218576669692993,2.3476638793945312,3.643434762954712,3.6580100059509277,-1.3535168170928955,0.5590444207191467,0.3938331604003906,0.12129183858633041,-3.643721580505371,0.7333518266677856,-7.386379241943359]",0.01342231035232544,0.03515751287341118,0.017803069204092026,0.08319365978240967,0.09814414381980896,4.907207190990448,0,0,0,0.49896520376205444,0.49620816111564636,0.9919598698616028,0.9306465983390808,0.9950069785118103,0.9960064888000488,-0.0015863773878663778,-0.0,-0.0
167,3.34,167,"[-0.3380911946296692,0.022995639592409134,-0.037595055997371674,0.2814457416534424,-0.06612733006477356,-0.0228996891528368,-0.29835179448127747,-0.03514238819479942,0.00936743151396513,0.26823899149894714,0.09013790637254715,0.0014067083830013871,0.004611385520547628,-0.005943753756582737,-0.31758859753608704,-0.0711425244808197,0.18365268409252167,-0.09019973874092102,-0.1440039873123169,1.2025467157363892,0.11291947215795517,1.1461665630340576,-0.10032930970191956,-0.008636290207505226,0.020974690094590187,-0.0701308473944664,-1.6555436849594116,0.23569738864898682,-1.1785399913787842]","[-0.5017167925834656,-0.0001961677335202694,0.006010771729052067,0.7574676275253296,-0.263432115316391,0.01641528680920601,-0.2778775990009308,-0.048289328813552856,0.030707579106092453,0.2481975555419922,0.11331073194742203,0.004479586612433195,0.01743233948945999,-0.037517648190259933,-0.27436789870262146,-0.0481366366147995,0.16670136153697968,-0.09927865862846375,-0.12364783883094788,1.2364475727081299,0.15158037841320038,1.225454568862915,-0.10286795347929001,-0.054826054722070694,-0.020872507244348526,-0.059551943093538284,-1.6239652633666992,0.2233249396085739,-1.1775212287902832]","[0.2349846065044403,0.11228332668542862,0.08368594944477081,-0.025290250778198242,0.17929087579250336,0.012960191816091537,0.04037246108055115,0.1800505518913269,-0.07660777121782303,0.033620744943618774,0.1765858381986618,-0.048327673226594925,0.035139162093400955,-0.060931023210287094,-0.115928053855896,0.20464099943637848,-0.19295960664749146,0.019493326544761658,0.5538873672485352,-0.19941329956054688,0.02183225005865097,0.17110705375671387,-0.06094444543123245,0.04861827567219734,0.23825448751449585,0.6502940654754639,-0.009116530418395996,-0.049711018800735474,-0.272601842880249]","[0.22339756786823273,0.20265516638755798,0.0031609598081558943,-0.17057570815086365,0.14957381784915924,-0.025158312171697617,0.06901049613952637,0.13299968838691711,-0.003666732693091035,0.12327716499567032,0.1908750981092453,0.061926644295454025,0.052063796669244766,-0.009508243761956692,-0.11348997056484222,-0.06127804145216942,0.0020828754641115665,0.08378972113132477,0.4050758481025696,-0.0953400731086731,0.03630904108285904,0.0777512639760971,-0.018577048555016518,0.02209502086043358,0.1313113123178482,0.46140623092651367,0.05216440558433533,-0.00862294714897871,-0.20303866267204285]","[-1.7387080192565918,0.04207559674978256,-0.10237160325050354,1.0645476579666138,-0.16813644766807556,0.07597088813781738,-0.3153936564922333,-0.09185335040092468,0.06418083608150482,-0.28712713718414307,0.6968985795974731,0.024061717092990875,0.4746023714542389,-0.2833721935749054,0.4894806146621704,-1.0112320184707642,-0.1559983193874359,0.007694948464632034,-0.7023730874061584,2.344953775405884,3.6491520404815674,3.6786623001098633,-1.3457965850830078,0.552186906337738,0.40318357944488525,0.1433977484703064,-3.656414270401001,0.7329229116439819,-7.387472629547119]",0.014443532563745975,0.03608031943440437,0.01720762811601162,0.08243316411972046,0.09813635051250458,4.906817525625229,0,0,0,0.498803973197937,0.4960103929042816,0.9921459555625916,0.9315709471702576,0.9946907758712769,0.9951359629631042,-0.001540743513032794,-0.0,-0.0
168,3.36,168,"[-0.33342427015304565,0.025123201310634613,-0.0358574241399765,0.28104034066200256,-0.06238403543829918,-0.02260318584740162,-0.2975868880748749,-0.03154297173023224,0.007793495897203684,0.2689167857170105,0.09353125095367432,0.0004862034402322024,0.005096081178635359,-0.007319268770515919,-0.319785475730896,-0.06672977656126022,0.17970621585845947,-0.09004375338554382,-0.13284650444984436,1.198860764503479,0.11327903717756271,1.1501729488372803,-0.10143905878067017,-0.007633841596543789,0.025720253586769104,-0.057268690317869186,-1.6555365324020386,0.23471203446388245,-1.1840341091156006]","[-0.4966627359390259,0.0038856915198266506,0.006190137472003698,0.7556909918785095,-0.2597336173057556,0.015952477231621742,-0.2761293053627014,-0.04553839936852455,0.030665835365653038,0.25068405270576477,0.11744391173124313,0.005404382944107056,0.018279826268553734,-0.03769335523247719,-0.2761954069137573,-0.048880595713853836,0.16671493649482727,-0.09750478714704514,-0.1160661056637764,1.234716773033142,0.15213842689990997,1.2270861864089966,-0.10312392562627792,-0.054359208792448044,-0.018041178584098816,-0.050300341099500656,-1.6229684352874756,0.22348888218402863,-1.1818817853927612]","[0.23698508739471436,0.1054324209690094,0.0927632674574852,-0.019124150276184082,0.19064880907535553,0.014178222045302391,0.037645548582077026,0.17855289578437805,-0.07528122514486313,0.036835670471191406,0.1793706864118576,-0.04985308274626732,0.009773042984306812,-0.07025553286075592,-0.10453835129737854,0.20585787296295166,-0.1975521445274353,0.008876807987689972,0.5876297354698181,-0.1680314540863037,0.01744888722896576,0.24043023586273193,-0.05864053964614868,0.049249958246946335,0.24303701519966125,0.642457902431488,0.013068318367004395,-0.05062520503997803,-0.27482807636260986]","[0.2606104612350464,0.20302987098693848,0.009266124106943607,-0.06924442946910858,0.19496352970600128,-0.021918179467320442,0.09597799926996231,0.13876189291477203,-0.00208501098677516,0.12417393177747726,0.214355006814003,0.0398147888481617,0.03332792595028877,-0.006779378745704889,-0.08217724412679672,-0.02083502896130085,-0.00016809249063953757,0.09082591533660889,0.3597799241542816,-0.08211952447891235,0.024842726066708565,0.08195661753416061,-0.009434944950044155,0.023116521537303925,0.14518293738365173,0.46018779277801514,0.049746617674827576,0.011727677658200264,-0.22413988411426544]","[-1.7265530824661255,0.052016399800777435,-0.10248647630214691,1.0526225566864014,-0.15404507517814636,0.07801859080791473,-0.3098783791065216,-0.07404330372810364,0.06157617270946503,-0.27963197231292725,0.6940481662750244,0.024093009531497955,0.4755348265171051,-0.2838648557662964,0.4859267771244049,-1.011106014251709,-0.16961562633514404,0.019122812896966934,-0.6773148775100708,2.340864896774292,3.6563072204589844,3.6902670860290527,-1.3413177728652954,0.5459360480308533,0.412075936794281,0.16987362504005432,-3.6625828742980957,0.7329274415969849,-7.382529258728027]",0.01544271782040596,0.03697410225868225,0.01664501428604126,0.08210050314664841,0.09815838932991028,4.907919466495514,0,0,0,0.49863532185554504,0.4958173632621765,0.9923319220542908,0.9319583773612976,0.995079517364502,0.9956331253051758,-0.0015360999386757612,-0.0,-0.0
169,3.38,169,"[-0.3286117911338806,0.02721293643116951,-0.033884525299072266,0.280680775642395,-0.05850137770175934,-0.022332560271024704,-0.2968459725379944,-0.028000272810459137,0.006356182508170605,0.2697124183177948,0.09731273353099823,-0.0005874148919247091,0.005002307239919901,-0.008753974922001362,-0.3217701315879822,-0.06290820986032486,0.17575059831142426,-0.08984466642141342,-0.12049879878759384,1.195825457572937,0.1136174276471138,1.155783772468567,-0.1026749312877655,-0.00666629197075963,0.030696170404553413,-0.04443253204226494,-1.6550209522247314,0.2336723804473877,-1.1895331144332886]","[-0.4908958077430725,0.008030332624912262,0.006292412523180246,0.7539728283882141,-0.25556838512420654,0.015567299909889698,-0.27382931113243103,-0.04266619309782982,0.03059098683297634,0.2532731294631958,0.12201439589262009,0.006076062098145485,0.018879259005188942,-0.03779738396406174,-0.27747994661331177,-0.04902465268969536,0.16667287051677704,-0.09566617757081985,-0.10901322215795517,1.2331762313842773,0.1525702178478241,1.2288422584533691,-0.10329032689332962,-0.05391193926334381,-0.014938359148800373,-0.040822647511959076,-1.621972918510437,0.22404687106609344,-1.1866798400878906]","[0.23843422532081604,0.10130470991134644,0.09846287220716476,-0.015622377395629883,0.1977439969778061,0.014783302322030067,0.03445520997047424,0.17219404876232147,-0.07125256955623627,0.04035830497741699,0.18297657370567322,-0.051636144518852234,-0.017498096451163292,-0.07589796930551529,-0.09525716304779053,0.17864806950092316,-0.1943141222000122,0.007469207048416138,0.6288008689880371,-0.14328956604003906,0.01895185559988022,0.31203925609588623,-0.0622134655714035,0.05045122280716896,0.25016507506370544,0.6375885605812073,0.03573000431060791,-0.05502849817276001,-0.27552545070648193]","[0.2985506057739258,0.2058224380016327,0.003339331364259124,-0.09873774647712708,0.2085159420967102,-0.01809690147638321,0.12351991981267929,0.14403361082077026,-0.00437384657561779,0.13217920064926147,0.23455101251602173,0.03090635873377323,0.025871533900499344,-0.004406302236020565,-0.05559694394469261,-0.00279614026658237,-0.0029437867924571037,0.08971114456653595,0.34821179509162903,-0.07467815279960632,0.020820925012230873,0.0893784761428833,-0.007107777986675501,0.021744955331087112,0.15388897061347961,0.4769195318222046,0.05031066760420799,0.030607879161834717,-0.24549956619739532]","[-1.7146883010864258,0.06179707497358322,-0.10246381163597107,1.0381602048873901,-0.14246854186058044,0.07884350419044495,-0.3057622015476227,-0.05791953206062317,0.05853773653507233,-0.27382564544677734,0.688440203666687,0.024297155439853668,0.4775928556919098,-0.28183579444885254,0.48376041650772095,-1.0114854574203491,-0.1807541400194168,0.026986602693796158,-0.6477622985839844,2.3361337184906006,3.665478229522705,3.6940064430236816,-1.3448964357376099,0.5388070940971375,0.42139798402786255,0.2038818895816803,-3.6653716564178467,0.7316040396690369,-7.3725714683532715]",0.01640365831553936,0.037611257284879684,0.01615220122039318,0.08184930682182312,0.09816324710845947,4.908162355422974,0,0,0,0.49846312403678894,0.4956720471382141,0.9924847483634949,0.932020902633667,0.9954702258110046,0.9958215951919556,-0.001770174247212708,-0.0,-0.0
170,3.4,170,"[-0.323886901140213,0.02917538955807686,-0.03191890940070152,0.28041544556617737,-0.054474275559186935,-0.022011853754520416,-0.2962086796760559,-0.024655209854245186,0.004943393170833588,0.2705311179161072,0.10085031390190125,-0.001579242292791605,0.004396157339215279,-0.010355187579989433,-0.3235957622528076,-0.05958385393023491,0.17193365097045898,-0.08974498510360718,-0.10769446939229965,1.1931291818618774,0.11403711140155792,1.1626545190811157,-0.1039275974035263,-0.005615792702883482,0.03572685644030571,-0.03176514804363251,-1.6541073322296143,0.23251089453697205,-1.1950551271438599]","[-0.48468977212905884,0.012252816930413246,0.006063899956643581,0.7500157952308655,-0.25162822008132935,0.01528850756585598,-0.2711399495601654,-0.03970155492424965,0.030426427721977234,0.2561434209346771,0.12683990597724915,0.006617212202399969,0.019351841881871223,-0.03789164870977402,-0.27837711572647095,-0.049097105860710144,0.16658322513103485,-0.09389748424291611,-0.10188650339841843,1.2317485809326172,0.15295472741127014,1.2307087182998657,-0.1034952774643898,-0.05351346731185913,-0.011785763315856457,-0.03091776929795742,-1.6209110021591187,0.2248689830303192,-1.1918362379074097]","[0.23707300424575806,0.09784801304340363,0.09900974482297897,-0.01185685396194458,0.20157667994499207,0.014601228758692741,0.032708048820495605,0.16263802349567413,-0.06686241179704666,0.04109963774681091,0.1839233636856079,-0.05115637928247452,-0.04342171549797058,-0.07754576206207275,-0.09089335799217224,0.12390250712633133,-0.18903836607933044,0.01448020339012146,0.6661663055419922,-0.13528168201446533,0.021885335445404053,0.3815293312072754,-0.06620381027460098,0.04808789864182472,0.2578214406967163,0.6338381767272949,0.0585019588470459,-0.0596705824136734,-0.2752244472503662]","[0.2769709527492523,0.2255105823278427,-0.0497668981552124,-0.4296868145465851,0.13765643537044525,-0.006514843553304672,0.1296166628599167,0.1579129844903946,-0.016013039276003838,0.151584193110466,0.24506118893623352,0.025442294776439667,0.019850226119160652,0.0005639404407702386,-0.038642384111881256,-0.011980077251791954,-0.006452168338000774,0.09035185724496841,0.35452282428741455,-0.06846877187490463,0.018715882673859596,0.08868872374296188,-0.01775960996747017,0.016194241121411324,0.15736469626426697,0.4978831112384796,0.056236524134874344,0.04398848116397858,-0.26089686155319214]","[-1.703841209411621,0.07128902524709702,-0.10179872810840607,1.025797724723816,-0.13189911842346191,0.07938440144062042,-0.30206242203712463,-0.04574635624885559,0.05584682524204254,-0.267210453748703,0.6788802146911621,0.023516811430454254,0.4789458215236664,-0.27947869896888733,0.4839341640472412,-1.0118297338485718,-0.18974000215530396,0.03204483166337013,-0.615822434425354,2.3319242000579834,3.6726253032684326,3.6885995864868164,-1.3529914617538452,0.5317223072052002,0.4293098747730255,0.23829442262649536,-3.6640944480895996,0.7306814193725586,-7.357039451599121]",0.017332706600427628,0.03792138770222664,0.015690673142671585,0.08127879351377487,0.09818091243505478,4.909045621752739,0,0,0,0.4982873797416687,0.4955998957157135,0.9926270842552185,0.9322075247764587,0.9959631562232971,0.9961687922477722,-0.001808120054192841,-0.0,-0.0
171,3.42,171,"[-0.3191288709640503,0.031126856803894043,-0.02992413565516472,0.28020650148391724,-0.05043831095099449,-0.021748511120676994,-0.29553765058517456,-0.021494751796126366,0.003681686008349061,0.27135640382766724,0.10466966778039932,-0.002633670112118125,0.003265438601374626,-0.011855805292725563,-0.32540586590766907,-0.05795210972428322,0.16818906366825104,-0.08926545828580856,-0.09385214745998383,1.1904141902923584,0.11449284106492996,1.171044945716858,-0.10532308369874954,-0.004742776043713093,0.041009027510881424,-0.01907900534570217,-1.6526808738708496,0.23128555715084076,-1.2005420923233032]","[-0.4779132902622223,0.016301898285746574,0.005901293363422155,0.7458334565162659,-0.24773074686527252,0.015051621943712234,-0.2684026062488556,-0.03686261549592018,0.030129145830869675,0.2594016194343567,0.13157309591770172,0.007036725990474224,0.01974128745496273,-0.03818053752183914,-0.2792910933494568,-0.049340784549713135,0.16651080548763275,-0.09226430207490921,-0.09437868744134903,1.23038911819458,0.1532926857471466,1.2325594425201416,-0.10369673371315002,-0.05309560149908066,-0.008841070346534252,-0.02060439996421337,-1.6197164058685303,0.22561873495578766,-1.1971471309661865]","[0.23444965481758118,0.0955081582069397,0.09632813930511475,-0.007931888103485107,0.2015349566936493,0.013849930837750435,0.03186464309692383,0.15082573890686035,-0.06087770685553551,0.04049763083457947,0.18373337388038635,-0.05014992877840996,-0.06768100708723068,-0.07510077953338623,-0.09077191352844238,0.05337512120604515,-0.18233135342597961,0.027175620198249817,0.701528787612915,-0.1374274492263794,0.028901174664497375,0.4688858985900879,-0.07025226950645447,0.04370228946208954,0.265623539686203,0.6302510499954224,0.08069872856140137,-0.06507635116577148,-0.27380287647247314]","[0.34881359338760376,0.19471612572669983,0.002115799579769373,-0.13553974032402039,0.21017928421497345,-0.012996594421565533,0.14210860431194305,0.13649147748947144,-0.017493246123194695,0.16530849039554596,0.23272471129894257,0.019174467772245407,0.01789463497698307,-0.016422422602772713,-0.049670226871967316,-0.011679022572934628,-0.0035214624367654324,0.07671749591827393,0.3833423852920532,-0.06812591850757599,0.016652612015604973,0.09322111308574677,-0.007622429635375738,0.021362680941820145,0.14142896234989166,0.5218585729598999,0.06088551506400108,0.031983423978090286,-0.2667696475982666]","[-1.6911847591400146,0.08068155497312546,-0.09803396463394165,1.0195752382278442,-0.11880462616682053,0.0792570412158966,-0.29741641879081726,-0.03801831603050232,0.05346269905567169,-0.25717002153396606,0.6662390232086182,0.020679153501987457,0.4774506986141205,-0.277161180973053,0.4855469763278961,-1.0125279426574707,-0.19653263688087463,0.035236556082963943,-0.5776773691177368,2.3276116847991943,3.67679500579834,3.6789891719818115,-1.3596938848495483,0.5255241394042969,0.43390119075775146,0.2702317237854004,-3.6568593978881836,0.7338509559631348,-7.338987350463867]",0.018190888687968254,0.03785094991326332,0.015266421250998974,0.08067374676465988,0.09821540117263794,4.910770058631897,0,0,0,0.4981159567832947,0.4956052601337433,0.9927814602851868,0.9333564043045044,0.9964388608932495,0.9964678287506104,-0.0019957642070949078,-0.0,-0.0
172,3.44,172,"[-0.31450891494750977,0.032995715737342834,-0.02806578390300274,0.28009817004203796,-0.0464128777384758,-0.0214578565210104,-0.29493409395217896,-0.018622180446982384,0.002508284989744425,0.27215102314949036,0.10819964855909348,-0.0035852394066751003,0.0016889170510694385,-0.013359218835830688,-0.3272266387939453,-0.0574488490819931,0.1646403968334198,-0.08865796029567719,-0.07963331788778305,1.1876320838928223,0.11519315838813782,1.1814099550247192,-0.10673768818378448,-0.0038677011616528034,0.04635179787874222,-0.006555107422173023,-1.6508793830871582,0.2299078404903412,-1.2060072422027588]","[-0.4706377387046814,0.020009616389870644,0.005991360172629356,0.7435817122459412,-0.2433607578277588,0.014794102869927883,-0.26528415083885193,-0.03432358428835869,0.02948252111673355,0.26298239827156067,0.1359516680240631,0.007383683230727911,0.020037589594721794,-0.03860616311430931,-0.2802634835243225,-0.04964936897158623,0.16641546785831451,-0.09080562740564346,-0.08630501478910446,1.2290419340133667,0.15363050997257233,1.234491229057312,-0.1038905531167984,-0.05270208790898323,-0.005999749526381493,-0.009777460247278214,-1.6184645891189575,0.22628802061080933,-1.2025783061981201]","[0.23163780570030212,0.094585120677948,0.09210743010044098,-0.002933293581008911,0.19533997774124146,0.012420490384101868,0.033036619424819946,0.13814373314380646,-0.052788447588682175,0.04577115178108215,0.1863146275281906,-0.04862775653600693,-0.08945853263139725,-0.07299534231424332,-0.09410008788108826,-0.022543780505657196,-0.17850473523139954,0.035412609577178955,0.7387722134590149,-0.15709102153778076,0.03508254885673523,0.5974501371383667,-0.07160194218158722,0.038806866854429245,0.27352461218833923,0.6233837604522705,0.10151267051696777,-0.0709235668182373,-0.26862621307373047]","[0.36468806862831116,0.17903681099414825,0.004581008106470108,-0.1116853803396225,0.21644620597362518,-0.012704421766102314,0.1596669852733612,0.12132233381271362,-0.039483655244112015,0.18342214822769165,0.21094726026058197,0.01649518311023712,0.012676285579800606,-0.022496860474348068,-0.053322285413742065,-0.016644665971398354,-0.0055444804020226,0.06969171017408371,0.4122520387172699,-0.06735938042402267,0.01746499352157116,0.0959843248128891,-0.009756166487932205,0.01871304027736187,0.1386556625366211,0.5481676459312439,0.06310804933309555,0.029804153367877007,-0.2712783217430115]","[-1.681267499923706,0.09072750061750412,-0.09652608633041382,1.0100071430206299,-0.11192255467176437,0.07873310148715973,-0.29960593581199646,-0.03680536150932312,0.05009062588214874,-0.24900399148464203,0.6535303592681885,0.020328618586063385,0.4715285301208496,-0.27359679341316223,0.49434125423431396,-1.0092188119888306,-0.20552027225494385,0.03138962760567665,-0.5424036979675293,2.3271615505218506,3.677544116973877,3.6666078567504883,-1.371663212776184,0.5156083703041077,0.43928003311157227,0.30233246088027954,-3.655973434448242,0.7366265058517456,-7.320642471313477]",0.018995296210050583,0.03738461062312126,0.014896885491907597,0.08034200966358185,0.09823001176118851,4.911500588059425,0,0,0,0.4979489743709564,0.49570685625076294,0.9929050803184509,0.933578610420227,0.9967994689941406,0.9964928030967712,-0.0019313107477501035,-0.0,-0.0
173,3.46,173,"[-0.3098633587360382,0.03491026163101196,-0.02623983845114708,0.2800891697406769,-0.042624711990356445,-0.02125169150531292,-0.29421618580818176,-0.01596900261938572,0.0015701481606811285,0.2731872498989105,0.11212225258350372,-0.004578780382871628,-0.00031290241167880595,-0.01477561891078949,-0.3291698694229126,-0.058853860944509506,0.16104887425899506,-0.0878489539027214,-0.0643012598156929,1.1841305494308472,0.11589614301919937,1.1949429512023926,-0.10818716138601303,-0.0031905013602226973,0.051950011402368546,0.0058563449420034885,-1.648620367050171,0.22844861447811127,-1.2112871408462524]","[-0.46314018964767456,0.02332318387925625,0.006098184268921614,0.741037130355835,-0.23920287191867828,0.014534692279994488,-0.2619743049144745,-0.03217889368534088,0.028263378888368607,0.2670227289199829,0.13974784314632416,0.007698175497353077,0.020217757672071457,-0.03920356556773186,-0.2813596725463867,-0.05018703639507294,0.16628475487232208,-0.0895073190331459,-0.07761384546756744,1.22771418094635,0.15400545299053192,1.2364264726638794,-0.104154072701931,-0.05236004292964935,-0.003284822916612029,0.0015028987545520067,-1.617201328277588,0.22689034044742584,-1.2080104351043701]","[0.22935345768928528,0.09523723274469376,0.08704546093940735,0.002590566873550415,0.18256810307502747,0.01085507683455944,0.03699064254760742,0.1247057244181633,-0.04342246055603027,0.053714215755462646,0.19013379514217377,-0.04719267785549164,-0.11016817390918732,-0.07049921154975891,-0.10090172290802002,-0.09850375354290009,-0.17753802239894867,0.04177019000053406,0.780902624130249,-0.18275082111358643,0.04317965358495712,0.7327049970626831,-0.07060058414936066,0.034295156598091125,0.2819783091545105,0.6131643652915955,0.12087225914001465,-0.07751099765300751,-0.26016533374786377]","[0.37273821234703064,0.15767186880111694,0.0052947779186069965,-0.13538813591003418,0.19909681379795074,-0.013029136694967747,0.16525909304618835,0.09997120499610901,-0.06990799307823181,0.20735518634319305,0.17850281298160553,0.015198715962469578,0.007123260293155909,-0.03200710564851761,-0.061283182352781296,-0.03224864974617958,-0.007059505674988031,0.06033608689904213,0.4446565508842468,-0.06649698317050934,0.019716661423444748,0.09490149468183517,-0.013022850267589092,0.01633952371776104,0.12952400743961334,0.5678080916404724,0.06276658922433853,0.025546159595251083,-0.2688480019569397]","[-1.6715075969696045,0.10175376385450363,-0.09406086802482605,1.0014492273330688,-0.10692261904478073,0.07721705734729767,-0.3041835427284241,-0.040510207414627075,0.046613290905952454,-0.23966775834560394,0.6401400566101074,0.02014324814081192,0.46040579676628113,-0.26987940073013306,0.5063072443008423,-1.0035332441329956,-0.21501876413822174,0.023097414523363113,-0.5050163269042969,2.3284413814544678,3.6746623516082764,3.6556310653686523,-1.383802056312561,0.5042570233345032,0.44261330366134644,0.33406728506088257,-3.6567940711975098,0.7417538166046143,-7.304252624511719]",0.01974846050143242,0.036516252905130386,0.014553003013134003,0.07995813339948654,0.09822673350572586,4.911336675286293,0,0,0,0.4977865517139435,0.4958972930908203,0.9930132031440735,0.9338632225990295,0.9969744682312012,0.9959154725074768,-0.0021134992130100727,-0.0,-0.0
174,3.48,174,"[-0.30533477663993835,0.036805205047130585,-0.02458396553993225,0.28020179271698,-0.039110153913497925,-0.02102365344762802,-0.29345446825027466,-0.013633951544761658,0.0007713865488767624,0.27429959177970886,0.1158050000667572,-0.00547294644638896,-0.002717809984460473,-0.01617918722331524,-0.3312627077102661,-0.061388999223709106,0.15753887593746185,-0.08698715269565582,-0.048397213220596313,1.1803220510482788,0.1169203445315361,1.2107181549072266,-0.10956171154975891,-0.002495894907042384,0.057630930095911026,0.01797146536409855,-1.6460444927215576,0.2268074005842209,-1.2164138555526733]","[-0.4558855891227722,0.02629522792994976,0.006007024552673101,0.7367135882377625,-0.2358071655035019,0.014304767362773418,-0.25867512822151184,-0.030408497899770737,0.026405535638332367,0.27150073647499084,0.1428135335445404,0.00796748511493206,0.0202537439763546,-0.039942897856235504,-0.2825348377227783,-0.0511789433658123,0.16612207889556885,-0.08836138248443604,-0.06840214133262634,1.2264283895492554,0.15444819629192352,1.2382506132125854,-0.10457561910152435,-0.05207991227507591,-0.0007955090841278434,0.012983329594135284,-1.6159555912017822,0.22738875448703766,-1.2133013010025024]","[0.22547245025634766,0.09143203496932983,0.08051116019487381,0.010563433170318604,0.16775448620319366,0.010676449164748192,0.042629241943359375,0.10618239641189575,-0.03858381509780884,0.048056989908218384,0.19873549044132233,-0.04498415067791939,-0.12005281448364258,-0.0704646110534668,-0.1101762056350708,-0.15556113421916962,-0.1734655350446701,0.04984177649021149,0.806650698184967,-0.19671618938446045,0.05138646811246872,0.805354118347168,-0.06692875176668167,0.03050905652344227,0.28428202867507935,0.6002910733222961,0.13832151889801025,-0.08142627775669098,-0.25495290756225586]","[0.3171159029006958,0.15730078518390656,-0.038508910685777664,-0.4328942596912384,0.11032381653785706,-0.005316602066159248,0.15491800010204315,0.09200070053339005,-0.10608717799186707,0.23038794100284576,0.14207156002521515,0.012565117329359055,-0.004171090666204691,-0.03258571773767471,-0.05820944160223007,-0.06483494490385056,-0.009749612770974636,0.059938523918390274,0.46188783645629883,-0.06238671392202377,0.0236279908567667,0.08377468585968018,-0.03162050247192383,0.010280639864504337,0.1218205988407135,0.5708395838737488,0.06341634690761566,0.022875284776091576,-0.25935623049736023]","[-1.6628873348236084,0.11272888630628586,-0.09205204248428345,0.994613766670227,-0.10315074771642685,0.075747549533844,-0.31015244126319885,-0.047603875398635864,0.04354633390903473,-0.23184369504451752,0.6267956495285034,0.018291451036930084,0.4464304745197296,-0.26667916774749756,0.5209845304489136,-0.9919039011001587,-0.2241182029247284,0.012711603194475174,-0.47186219692230225,2.332838773727417,3.6647732257843018,3.6513805389404297,-1.393168568611145,0.49346795678138733,0.4446096122264862,0.3596675992012024,-3.6570780277252197,0.7501212954521179,-7.290326118469238]",0.020466774702072144,0.03527729958295822,0.014358515851199627,0.07933168858289719,0.09823353588581085,4.911676794290543,0,0,0,0.4976266026496887,0.4961717426776886,0.993115246295929,0.9342926740646362,0.9970241189002991,0.9953008890151978,-0.0018543977057561278,-0.0,-0.0
175,3.5,175,"[-0.3008444607257843,0.038567543029785156,-0.023019392043352127,0.2805117070674896,-0.03591453284025192,-0.020824633538722992,-0.2925110161304474,-0.011721706949174404,2.6795556550496258e-05,0.27510952949523926,0.12007167190313339,-0.006378146354109049,-0.0051150149665772915,-0.01759420335292816,-0.33357691764831543,-0.0650763064622879,0.15411025285720825,-0.08585528284311295,-0.032035231590270996,1.1762619018554688,0.11795160174369812,1.2271571159362793,-0.1108643114566803,-0.0019701390992850065,0.06332129240036011,0.02986798621714115,-1.6430875062942505,0.22519156336784363,-1.2214852571487427]","[-0.44865497946739197,0.02884085848927498,0.006031482946127653,0.7327390313148499,-0.23300999402999878,0.014062232337892056,-0.2554246187210083,-0.029034513980150223,0.02414684370160103,0.2762102782726288,0.14497722685337067,0.00811687484383583,0.02022414095699787,-0.04092196375131607,-0.283543199300766,-0.052956584841012955,0.16598200798034668,-0.08743435144424438,-0.05877726525068283,1.2252150774002075,0.1550670713186264,1.2398912906646729,-0.10522046685218811,-0.05179665610194206,0.001237963791936636,0.024309508502483368,-1.614728569984436,0.22768492996692657,-1.2182888984680176]","[0.22202879190444946,0.08447049558162689,0.07387879490852356,0.020085275173187256,0.15089912712574005,0.010248133912682533,0.04886165261268616,0.08549145609140396,-0.03399740904569626,0.036325305700302124,0.20712316036224365,-0.04287589341402054,-0.11831654608249664,-0.07148072868585587,-0.12066811323165894,-0.1879967749118805,-0.16218796372413635,0.06559174507856369,0.8045040369033813,-0.1873314380645752,0.06127171218395233,0.7940590381622314,-0.05958341062068939,0.026954926550388336,0.2802073061466217,0.5830917954444885,0.152510404586792,-0.08274540305137634,-0.24778544902801514]","[0.3584182858467102,0.11772167682647705,0.009993331506848335,-0.11600487679243088,0.14276078343391418,-0.013790727593004704,0.16529333591461182,0.06171543523669243,-0.11429564654827118,0.23079822957515717,0.09366154670715332,0.005321200471371412,-0.001165643217973411,-0.05111991614103317,-0.052623551338911057,-0.09860098361968994,-0.006831079721450806,0.03817350044846535,0.48745471239089966,-0.060450345277786255,0.03589359670877457,0.07956662029027939,-0.030038433149456978,0.014216674491763115,0.09173641353845596,0.5584949851036072,0.059547822922468185,0.009581631049513817,-0.2422274947166443]","[-1.6507827043533325,0.1231413409113884,-0.08865995705127716,0.9918347001075745,-0.0970243439078331,0.07422877848148346,-0.31410476565361023,-0.05479106307029724,0.0413597971200943,-0.2252584546804428,0.6141560077667236,0.012766636908054352,0.4321317970752716,-0.2640821635723114,0.5341471433639526,-0.975501298904419,-0.23120425641536713,0.0031023509800434113,-0.4420708417892456,2.33880877494812,3.6497387886047363,3.660922050476074,-1.3968020677566528,0.48479270935058594,0.44410306215286255,0.3776431083679199,-3.652940273284912,0.7634525895118713,-7.277847766876221]",0.02112916111946106,0.03399844095110893,0.014318695291876793,0.07886248081922531,0.09826567769050598,4.913283884525299,0,0,0,0.49747443199157715,0.49643442034721375,0.9932326078414917,0.935519278049469,0.9970858693122864,0.9952462911605835,-0.0017091975314542651,-0.0,-0.0
176,3.52,176,"[-0.2964536249637604,0.04018402472138405,-0.021628813818097115,0.28100520372390747,-0.033074188977479935,-0.02061372809112072,-0.2915000021457672,-0.010214293375611305,-0.0005885096616111696,0.27575260400772095,0.12408992648124695,-0.007187982089817524,-0.007450472097843885,-0.01903841644525528,-0.33608943223953247,-0.06890887022018433,0.1510513573884964,-0.08436348289251328,-0.016217052936553955,1.1728287935256958,0.1193712130188942,1.2424805164337158,-0.11194504797458649,-0.001417697872966528,0.06883922219276428,0.041295137256383896,-1.639944076538086,0.22349758446216583,-1.226325273513794]","[-0.4416465759277344,0.03105996549129486,0.0062940786592662334,0.7312084436416626,-0.23028883337974548,0.013788546435534954,-0.2519923746585846,-0.027922354638576508,0.021850844845175743,0.28075864911079407,0.14639988541603088,0.00811765342950821,0.020135892555117607,-0.0419221892952919,-0.2844054102897644,-0.05503459647297859,0.16583094000816345,-0.08671655505895615,-0.0491289384663105,1.22409987449646,0.1560874730348587,1.2414052486419678,-0.10602092742919922,-0.0515470877289772,0.003082624636590481,0.03535926714539528,-1.61359441280365,0.22785584628582,-1.2229790687561035]","[0.2202451229095459,0.08088229596614838,0.0696481242775917,0.029646605253219604,0.13103336095809937,0.00903671607375145,0.0527210533618927,0.0599847175180912,-0.041993238031864166,0.026976317167282104,0.2129254937171936,-0.04602222517132759,-0.10218537598848343,-0.072172611951828,-0.12734755873680115,-0.1869944930076599,-0.1475837081670761,0.09340271353721619,0.7593472003936768,-0.1467972993850708,0.07212217897176743,0.6959229707717896,-0.04730224609375,0.025038383901119232,0.271277517080307,0.5569798350334167,0.16220510005950928,-0.08070245385169983,-0.23382306098937988]","[0.3374481201171875,0.10712146013975143,0.013049598783254623,-0.06662628054618835,0.12939761579036713,-0.013418509624898434,0.1701761782169342,0.05309009924530983,-0.1119178980588913,0.2207609862089157,0.06109170988202095,-0.002065592212602496,-0.005851778667420149,-0.04875054582953453,-0.04622693359851837,-0.10514407604932785,-0.008004650473594666,0.03355871140956879,0.47737517952919006,-0.05419296771287918,0.05815889313817024,0.07232844084501266,-0.04058879241347313,0.011338229291141033,0.09008867293596268,0.5436750054359436,0.05485334247350693,0.005464390851557255,-0.227605938911438]","[-1.639970302581787,0.13461127877235413,-0.08754727244377136,0.9863861203193665,-0.09692855924367905,0.07519084215164185,-0.32203593850135803,-0.06098416447639465,0.03987149894237518,-0.22165115177631378,0.6067367792129517,0.0077243223786354065,0.4228976368904114,-0.25954076647758484,0.5488864183425903,-0.9540575742721558,-0.23711900413036346,-0.010742437094449997,-0.4234668016433716,2.349820852279663,3.637282133102417,3.6783905029296875,-1.4016274213790894,0.47660505771636963,0.4461260437965393,0.3919413089752197,-3.652956008911133,0.7750959396362305,-7.270183563232422]",0.02175855077803135,0.03278059512376785,0.014414244331419468,0.07894545048475266,0.09830170124769211,4.915085062384605,0,0,0,0.49732640385627747,0.4966827929019928,0.9933161735534668,0.9356904029846191,0.99737149477005,0.9961513876914978,-0.001453885342925787,-0.0,-0.0
177,3.54,177,"[-0.29203465580940247,0.04180283471941948,-0.02023346722126007,0.2816975712776184,-0.030673198401927948,-0.020463164895772934,-0.2904021739959717,-0.009322318248450756,-0.0016529338899999857,0.27618858218193054,0.1285886913537979,-0.008219035342335701,-0.00920243002474308,-0.020481107756495476,-0.3386708199977875,-0.07255608588457108,0.1482069045305252,-0.0821191743016243,-0.0016613443149253726,1.170390009880066,0.12083648890256882,1.2549940347671509,-0.1127564013004303,-0.0009686037665233016,0.07417239248752594,0.05214717984199524,-1.6365993022918701,0.22196346521377563,-1.2308381795883179]","[-0.4351637661457062,0.03317301720380783,0.006571099627763033,0.7297925353050232,-0.2279098629951477,0.013557415455579758,-0.2487214058637619,-0.02688649855554104,0.019742263481020927,0.2850925922393799,0.14737820625305176,0.007976760156452656,0.01997588761150837,-0.04283379018306732,-0.28528153896331787,-0.05710236728191376,0.16566519439220428,-0.08605415374040604,-0.039878714829683304,1.223141074180603,0.15763051807880402,1.2427717447280884,-0.1070086732506752,-0.05134700983762741,0.004963705316185951,0.04605073854327202,-1.6125510931015015,0.2279333621263504,-1.22737455368042]","[0.22015199065208435,0.08047959208488464,0.06578276306390762,0.039289891719818115,0.10862196981906891,0.007880991324782372,0.05731061100959778,0.03348251432180405,-0.05331583693623543,0.020384788513183594,0.21943561732769012,-0.05000503733754158,-0.07318603992462158,-0.07107453793287277,-0.1301497220993042,-0.1479674130678177,-0.1258496195077896,0.11859685182571411,0.6632059812545776,-0.09504258632659912,0.07675625383853912,0.5214273929595947,-0.030110962688922882,0.02270859107375145,0.2553710639476776,0.5231614112854004,0.1674860715866089,-0.0751342624425888,-0.2149432897567749]","[0.3102976679801941,0.10394958406686783,0.013727490790188313,-0.07390908151865005,0.11133671551942825,-0.01070474274456501,0.15706388652324677,0.05110149830579758,-0.10050045698881149,0.20999294519424438,0.04378550127148628,-0.008923168294131756,-0.008811978623270988,-0.04376764968037605,-0.047806933522224426,-0.10237184166908264,-0.00836084969341755,0.03234892338514328,0.45308247208595276,-0.04586340859532356,0.084566131234169,0.06521112471818924,-0.049767229706048965,0.009206177666783333,0.09312497079372406,0.5236574411392212,0.0503246895968914,0.0009488920331932604,-0.21306835114955902]","[-1.6274603605270386,0.14710184931755066,-0.08580727875232697,0.9822322130203247,-0.09576626867055893,0.07759930193424225,-0.32931721210479736,-0.06481656432151794,0.03916431963443756,-0.21696464717388153,0.603015661239624,0.003000415861606598,0.41836243867874146,-0.25417977571487427,0.5582656860351562,-0.9333597421646118,-0.2414052039384842,-0.026355158537626266,-0.40664350986480713,2.362062692642212,3.627506732940674,3.7019991874694824,-1.4044469594955444,0.4706224799156189,0.4477485418319702,0.4058380722999573,-3.6525638103485107,0.786238968372345,-7.264323711395264]",0.02233802154660225,0.03183657303452492,0.014580748975276947,0.07909761369228363,0.09834058582782745,4.917029291391373,0,0,0,0.4971860945224762,0.496867299079895,0.993381917476654,0.9358162879943848,0.9978491067886353,0.9973175525665283,-0.0013890255941078067,-0.0,-0.0
178,3.56,178,"[-0.287647545337677,0.04340320825576782,-0.01899750344455242,0.2825767993927002,-0.028729310259222984,-0.020298488438129425,-0.2892075777053833,-0.008874992839992046,-0.002721143187955022,0.2765679955482483,0.13286735117435455,-0.009188183583319187,-0.0103779137134552,-0.02188139781355858,-0.34129542112350464,-0.07482756674289703,0.14601737260818481,-0.07961960881948471,0.010311187244951725,1.1690270900726318,0.12244146317243576,1.2633376121520996,-0.1131494864821434,-0.0005093542858958244,0.07905406504869461,0.06222159415483475,-1.6332446336746216,0.22049221396446228,-1.234923005104065]","[-0.4292615056037903,0.03526011481881142,0.006884541362524033,0.7281923294067383,-0.22578932344913483,0.013385253958404064,-0.24579443037509918,-0.025855397805571556,0.01796148344874382,0.2891368567943573,0.14812737703323364,0.007712318561971188,0.019790198653936386,-0.04364709556102753,-0.28624457120895386,-0.059035468846559525,0.1655014604330063,-0.08538249135017395,-0.03122957982122898,1.2223454713821411,0.15965306758880615,1.2439990043640137,-0.10811024904251099,-0.05117998644709587,0.006907946430146694,0.056230295449495316,-1.6115877628326416,0.22787952423095703,-1.2314711809158325]","[0.21709278225898743,0.08079884946346283,0.06122151389718056,0.049958378076553345,0.0848056748509407,0.006835395470261574,0.057259947061538696,0.015395577065646648,-0.058072976768016815,0.007087737321853638,0.2022121101617813,-0.05286990478634834,-0.03656528517603874,-0.06923145055770874,-0.1285843551158905,-0.09144563227891922,-0.09914785623550415,0.13303086161613464,0.5487604141235352,-0.045105814933776855,0.07262676954269409,0.33798515796661377,-0.012410804629325867,0.021166961640119553,0.23184381425380707,0.4832461476325989,0.16783177852630615,-0.06817542016506195,-0.19105076789855957]","[0.28133124113082886,0.10350630432367325,0.016201818361878395,-0.0817195326089859,0.10177094489336014,-0.007726778741925955,0.13904090225696564,0.05161135643720627,-0.08283378928899765,0.19399797916412354,0.0347512923181057,-0.014735403470695019,-0.009458520449697971,-0.03872302547097206,-0.05146828666329384,-0.09394622594118118,-0.008079116232693195,0.034017663449048996,0.41991645097732544,-0.037843164056539536,0.10687416791915894,0.05850778520107269,-0.054309114813804626,0.007732962258160114,0.09600773453712463,0.495109498500824,0.04661722481250763,-0.00739642046391964,-0.19824868440628052]","[-1.6125073432922363,0.1590980887413025,-0.08341275155544281,0.9785172939300537,-0.09350918978452682,0.07981552183628082,-0.33709967136383057,-0.06890371441841125,0.03985844552516937,-0.21424727141857147,0.5995945930480957,-0.0012986287474632263,0.4156968891620636,-0.2488372027873993,0.5625741481781006,-0.9145373702049255,-0.24451762437820435,-0.041015785187482834,-0.3932664394378662,2.3737239837646484,3.6180691719055176,3.73148250579834,-1.4057446718215942,0.46641167998313904,0.4487014412879944,0.4145022928714752,-3.650923728942871,0.7954698204994202,-7.253561496734619]",0.022864526137709618,0.03121720626950264,0.01477762870490551,0.07918957620859146,0.0983717143535614,4.91858571767807,0,0,0,0.497055321931839,0.4969809651374817,0.9934455156326294,0.9360593557357788,0.9982461929321289,0.998157262802124,-0.001358930254355073,-0.0,-0.0
179,3.58,179,"[-0.28335094451904297,0.04503478854894638,-0.01778460666537285,0.28369590640068054,-0.02728097140789032,-0.02018974907696247,-0.28811177611351013,-0.00870649516582489,-0.003975852858275175,0.2764720916748047,0.13667717576026917,-0.010333831422030926,-0.010665041394531727,-0.023250365629792213,-0.3438141942024231,-0.07621391117572784,0.14424099028110504,-0.07679793983697891,0.020289072766900063,1.1685857772827148,0.12374155968427658,1.2685134410858154,-0.11325283348560333,-0.00012192530266474932,0.08344614505767822,0.0714770257472992,-1.6298860311508179,0.21923644840717316,-1.2384802103042603]","[-0.42384758591651917,0.03731919080018997,0.007230238988995552,0.7265033721923828,-0.22374585270881653,0.013273443095386028,-0.24308675527572632,-0.02484232559800148,0.01643296517431736,0.2927500903606415,0.14871737360954285,0.0073844064027071,0.01959959603846073,-0.04438570886850357,-0.2872210741043091,-0.06080496683716774,0.16534678637981415,-0.08465302735567093,-0.023217927664518356,1.2216817140579224,0.16199874877929688,1.245111107826233,-0.10925739258527756,-0.05103534832596779,0.008844190277159214,0.06581281870603561,-1.61067533493042,0.22756199538707733,-1.235304355621338]","[0.20906925201416016,0.08171945810317993,0.05294741317629814,0.060051679611206055,0.06121271476149559,0.0053097959607839584,0.06411299109458923,0.013830349780619144,-0.053919266909360886,0.017423182725906372,0.1880388706922531,-0.04911574348807335,-0.005178898572921753,-0.06407494843006134,-0.12643560767173767,-0.044615939259529114,-0.0727429986000061,0.13357512652873993,0.45182937383651733,-0.009846687316894531,0.05671381950378418,0.19001662731170654,0.005104392766952515,0.019388463348150253,0.2029798924922943,0.44284313917160034,0.16457438468933105,-0.05932040512561798,-0.16717910766601562]","[0.25905025005340576,0.10166750848293304,0.017504891380667686,-0.08430379629135132,0.10037755221128464,-0.004737392533570528,0.13061751425266266,0.049982909113168716,-0.07259675860404968,0.1707429438829422,0.02707044593989849,-0.016864826902747154,-0.00958341360092163,-0.03553223982453346,-0.05098839849233627,-0.08541017025709152,-0.00763658806681633,0.03745286166667938,0.38838812708854675,-0.03181787207722664,0.12040703743696213,0.053065549582242966,-0.05580801144242287,0.006772899534553289,0.09487409144639969,0.4651379883289337,0.044574711471796036,-0.022440919652581215,-0.18571136891841888]","[-1.5949482917785645,0.1678808033466339,-0.08225271105766296,0.9752440452575684,-0.0894569382071495,0.0818733274936676,-0.3434082567691803,-0.07123735547065735,0.0391400009393692,-0.21349205076694489,0.595544695854187,-0.0028242692351341248,0.4113628566265106,-0.2444952428340912,0.5630449056625366,-0.9001482725143433,-0.24716824293136597,-0.054382096976041794,-0.3777622580528259,2.3829400539398193,3.6070282459259033,3.755082845687866,-1.4068437814712524,0.4625411331653595,0.44616207480430603,0.4253327250480652,-3.647840976715088,0.8038943409919739,-7.236728191375732]",0.023322515189647675,0.03092019632458687,0.014989257790148258,0.07922101020812988,0.09840378910303116,4.920189455151558,0,0,0,0.4969392418861389,0.4970293939113617,0.9935092329978943,0.9364220499992371,0.9986854195594788,0.9988147616386414,-0.0012108925729990005,-0.0,-0.0
180,3.6,180,"[-0.2792847752571106,0.04667198657989502,-0.016879606992006302,0.28497886657714844,-0.026280801743268967,-0.020086096599698067,-0.28664305806159973,-0.00832177884876728,-0.004877913743257523,0.27726492285728455,0.14038890600204468,-0.011152813211083412,-0.01058506965637207,-0.024444395676255226,-0.34635284543037415,-0.0766122043132782,0.14310765266418457,-0.07427660375833511,0.028384361416101456,1.168633222579956,0.12471001595258713,1.2709382772445679,-0.1129453107714653,0.0002661842154338956,0.08717326074838638,0.07993531972169876,-1.6266616582870483,0.21811939775943756,-1.2416101694107056]","[-0.4190687835216522,0.039441660046577454,0.0072352406568825245,0.7226496338844299,-0.22213023900985718,0.01328910794109106,-0.24045942723751068,-0.023832377046346664,0.014828570187091827,0.29595181345939636,0.149095356464386,0.007088602986186743,0.019346997141838074,-0.045057136565446854,-0.287940114736557,-0.06264465302228928,0.1651909351348877,-0.08374620974063873,-0.01574641466140747,1.2211384773254395,0.16446323692798615,1.2460753917694092,-0.11061352491378784,-0.05092625692486763,0.010688788257539272,0.07486321032047272,-1.609762191772461,0.22690363228321075,-1.238930344581604]","[0.1919098198413849,0.08590082079172134,0.040901780128479004,0.07095485925674438,0.040927205234766006,0.004249671474099159,0.08184164762496948,0.03014545701444149,-0.040725480765104294,0.06379708647727966,0.16732364892959595,-0.037332672625780106,0.014004623517394066,-0.05422714352607727,-0.12466609477996826,-0.021079368889331818,-0.05196481943130493,0.12591351568698883,0.3877740800380707,0.012773275375366211,0.034387968480587006,0.08695125579833984,0.02121664583683014,0.018995851278305054,0.17247721552848816,0.4038481116294861,0.1587986946105957,-0.04977025091648102,-0.14365315437316895]","[0.22790668904781342,0.10622255504131317,-0.004604454152286053,-0.23710249364376068,0.06905936449766159,0.0028868974186480045,0.12238460034132004,0.05001409351825714,-0.08163119852542877,0.15365010499954224,0.01522099506109953,-0.013881751336157322,-0.012877124361693859,-0.03431950882077217,-0.033410925418138504,-0.09872617572546005,-0.007136533036828041,0.04843179136514664,0.36442437767982483,-0.025347337126731873,0.12363479286432266,0.043753720819950104,-0.07235180586576462,0.005752280820161104,0.08742672950029373,0.44043534994125366,0.045755237340927124,-0.03958597034215927,-0.17468272149562836]","[-1.5768964290618896,0.17058303952217102,-0.0834648460149765,0.9739575386047363,-0.08431895822286606,0.08426471054553986,-0.345614492893219,-0.06929126381874084,0.035129889845848083,-0.21187995374202728,0.5891813039779663,-0.0005115494132041931,0.4046657383441925,-0.24199238419532776,0.5612714290618896,-0.894038200378418,-0.24844980239868164,-0.06377634406089783,-0.36058706045150757,2.391662359237671,3.597167730331421,3.7721986770629883,-1.4110807180404663,0.45699846744537354,0.4389963746070862,0.4413257837295532,-3.6446666717529297,0.8114157915115356,-7.209327697753906]",0.02373087778687477,0.03101501055061817,0.015144316479563713,0.07898473739624023,0.09836370497941971,4.918185248970985,0,0,0,0.4968344569206238,0.4970061480998993,0.9935773015022278,0.9371564984321594,0.9982205033302307,0.9966694116592407,-0.0012787794694304466,-0.0,-0.0
181,3.62,181,"[-0.2756745517253876,0.04847082123160362,-0.016148535534739494,0.2865341007709503,-0.025643883273005486,-0.020019762217998505,-0.28483811020851135,-0.007500676903873682,-0.005604872014373541,0.2790239751338959,0.143370121717453,-0.011827138252556324,-0.010104856453835964,-0.0254194512963295,-0.3488008379936218,-0.07705708593130112,0.14216239750385284,-0.07176139950752258,0.035800036042928696,1.1690967082977295,0.12511707842350006,1.271991491317749,-0.11240416765213013,0.000637908698990941,0.09034523367881775,0.08763094991445541,-1.623534083366394,0.21724563837051392,-1.244226336479187]","[-0.41412463784217834,0.041301172226667404,0.0075006685219705105,0.7209353446960449,-0.22029076516628265,0.013331626541912556,-0.23775595426559448,-0.023038813844323158,0.01313284132629633,0.2987425625324249,0.14924129843711853,0.006879911758005619,0.019157737493515015,-0.045841991901397705,-0.2885315716266632,-0.06469546258449554,0.165059894323349,-0.08289959281682968,-0.00836380198597908,1.2206766605377197,0.16700680553913116,1.2469723224639893,-0.11201255768537521,-0.0507674403488636,0.012127991765737534,0.08356796205043793,-1.6088804006576538,0.2257152944803238,-1.2423769235610962]","[0.1678459346294403,0.0905890017747879,0.03162645921111107,0.07957741618156433,0.025558657944202423,0.003878772258758545,0.10130032896995544,0.04738669469952583,-0.0362316258251667,0.09939074516296387,0.12933053076267242,-0.03001331351697445,0.027116086333990097,-0.045025721192359924,-0.12391433119773865,-0.027645379304885864,-0.038256123661994934,0.11736713349819183,0.3608638644218445,0.026601552963256836,0.011878646910190582,0.025835633277893066,0.030060112476348877,0.020510615780949593,0.14363695681095123,0.37053248286247253,0.1519531011581421,-0.04011467099189758,-0.12307167053222656]","[0.2449558973312378,0.08856482058763504,0.016435354948043823,-0.036854907870292664,0.09722641855478287,0.002297979546710849,0.13999725878238678,0.03652897849678993,-0.08391764014959335,0.13060349225997925,0.00404489366337657,-0.009045174345374107,-0.008928168565034866,-0.03893852233886719,-0.030293462797999382,-0.1009376272559166,-0.006883111782371998,0.040813934057950974,0.36730125546455383,-0.022717159241437912,0.12756513059139252,0.044126976281404495,-0.06789350509643555,0.0078798932954669,0.06772296875715256,0.4298607409000397,0.04287897050380707,-0.0672730877995491,-0.16922065615653992]","[-1.5630457401275635,0.17052891850471497,-0.08348320424556732,0.9789858460426331,-0.07989832013845444,0.08734731376171112,-0.34321364760398865,-0.06427881121635437,0.030276641249656677,-0.20652993023395538,0.581868052482605,0.0027136579155921936,0.39924514293670654,-0.23881709575653076,0.5568231344223022,-0.8971565961837769,-0.24759021401405334,-0.07090060412883759,-0.3402273654937744,2.4002466201782227,3.5895438194274902,3.786029577255249,-1.417595386505127,0.4513604938983917,0.4252156615257263,0.45889174938201904,-3.642902374267578,0.8189889192581177,-7.180230617523193]",0.024095986038446426,0.03134734183549881,0.015251467004418373,0.07912717014551163,0.09845304489135742,4.922652244567871,0,0,0,0.49673932790756226,0.4969271719455719,0.9936544299125671,0.9377648830413818,0.9994728565216064,0.9994591474533081,-0.0013655119109898806,-0.0,-0.0
182,3.64,182,"[-0.272570937871933,0.050295546650886536,-0.015614548698067665,0.288161963224411,-0.02525845542550087,-0.019930945709347725,-0.2825910449028015,-0.00642631109803915,-0.006327178794890642,0.2812405526638031,0.14556212723255157,-0.01235334575176239,-0.00950042624026537,-0.026245424523949623,-0.3513094186782837,-0.07771801948547363,0.14157740771770477,-0.06958191841840744,0.04281891509890556,1.1696972846984863,0.12518516182899475,1.2719717025756836,-0.11174290627241135,0.001086608855985105,0.09291873872280121,0.09475661814212799,-1.6205835342407227,0.21651481091976166,-1.2465330362319946]","[-0.4094974994659424,0.0430540069937706,0.007728516589850187,0.7206538319587708,-0.21852922439575195,0.013444426469504833,-0.23480498790740967,-0.02225431241095066,0.011344477534294128,0.30112865567207336,0.14924077689647675,0.006784660276025534,0.018941150978207588,-0.046433225274086,-0.2890909016132355,-0.06696031242609024,0.16489431262016296,-0.08232729136943817,-0.0008480875985696912,1.2202558517456055,0.16972051560878754,1.2478567361831665,-0.1134168803691864,-0.050626304000616074,0.013112522661685944,0.09207839518785477,-1.6081116199493408,0.22406752407550812,-1.2456940412521362]","[0.1392364501953125,0.09397091716527939,0.027086306363344193,0.08792951703071594,0.012961402535438538,0.004235841333866119,0.11420473456382751,0.05975259840488434,-0.03389750048518181,0.1145288348197937,0.0899292528629303,-0.023695478215813637,0.03690989688038826,-0.03722985461354256,-0.11732429265975952,-0.056322477757930756,-0.031132996082305908,0.1132940873503685,0.35624775290489197,0.03603696823120117,-0.01020282506942749,-0.013276934623718262,0.02732072025537491,0.024369969964027405,0.11702459305524826,0.34198519587516785,0.14366507530212402,-0.02923235297203064,-0.10666549205780029]","[0.2172258049249649,0.086769238114357,0.008415276184678078,-0.008486674167215824,0.07872652262449265,0.00711814034730196,0.14552156627178192,0.04103701561689377,-0.08918935060501099,0.11317688971757889,-0.0017014804761856794,-0.0030733984895050526,-0.012042523361742496,-0.025022165849804878,-0.03183342516422272,-0.11936026066541672,-0.008889807388186455,0.02274414524435997,0.378554105758667,-0.02119184471666813,0.13700422644615173,0.04273174703121185,-0.06913389265537262,0.0063841152004897594,0.04049980267882347,0.41925719380378723,0.03574551269412041,-0.08740415424108505,-0.16119517385959625]","[-1.5557308197021484,0.17083510756492615,-0.08362017571926117,0.9844698309898376,-0.07985567301511765,0.09167817234992981,-0.34166219830513,-0.05749574303627014,0.026251360774040222,-0.20493637025356293,0.5758413076400757,0.0068188682198524475,0.3965047299861908,-0.23431190848350525,0.5551108717918396,-0.9047362804412842,-0.24577702581882477,-0.08108961582183838,-0.3231434226036072,2.409642219543457,3.582178831100464,3.7958908081054688,-1.430545449256897,0.4444948732852936,0.41022223234176636,0.47866934537887573,-3.6465184688568115,0.8258364796638489,-7.156071662902832]",0.02446126379072666,0.03177042305469513,0.015309472568333149,0.07947644591331482,0.0984559953212738,4.92279976606369,0,0,0,0.4966456890106201,0.49682915210723877,0.993708610534668,0.9377595782279968,0.9996437430381775,0.9994251728057861,-0.001212061382830143,-0.0,-0.0
183,3.66,183,"[-0.2701050937175751,0.052229657769203186,-0.015065083280205727,0.29005128145217896,-0.025125427171587944,-0.01985032856464386,-0.28026992082595825,-0.005110573023557663,-0.006960771977901459,0.2836051285266876,0.14696729183197021,-0.012774957343935966,-0.008628460578620434,-0.026908645406365395,-0.3534938097000122,-0.07930998504161835,0.1409170776605606,-0.06722963601350784,0.05004994571208954,1.1705381870269775,0.12470896542072296,1.2714604139328003,-0.11131133884191513,0.001612707506865263,0.09502621740102768,0.1013103574514389,-1.617787480354309,0.2160763442516327,-1.248492956161499]","[-0.4055444300174713,0.0448375940322876,0.007814401760697365,0.7205439805984497,-0.21740937232971191,0.013675463385879993,-0.2318924367427826,-0.021298008039593697,0.009565196931362152,0.3031712770462036,0.1491696536540985,0.006794792599976063,0.01867096498608589,-0.04675116762518883,-0.2897056043148041,-0.06975656002759933,0.16469749808311462,-0.08201418817043304,0.007006310857832432,1.2198400497436523,0.17238256335258484,1.2486999034881592,-0.11494571715593338,-0.05049407109618187,0.013525965623557568,0.10042957961559296,-1.6075377464294434,0.22219035029411316,-1.2488446235656738]","[0.10825246572494507,0.09614425152540207,0.027666358277201653,0.09485185146331787,0.00270036980509758,0.005198270082473755,0.11543035507202148,0.06728113442659378,-0.030917057767510414,0.11076182126998901,0.0520903617143631,-0.018694881349802017,0.04492921382188797,-0.03206390142440796,-0.10361075401306152,-0.10166298598051071,-0.02846941351890564,0.11543538421392441,0.3651945888996124,0.04394054412841797,-0.02712700515985489,-0.03535747528076172,0.011352263391017914,0.03085867315530777,0.09349565953016281,0.31873732805252075,0.13460218906402588,-0.0183790922164917,-0.09402036666870117]","[0.18380074203014374,0.08981027454137802,0.0022171486634761095,-0.0043526566587388515,0.045475371181964874,0.013558727689087391,0.14131665229797363,0.05072248727083206,-0.08514456450939178,0.09615735709667206,-0.004463142715394497,0.0019133328460156918,-0.014048924669623375,-0.013331236317753792,-0.03366812318563461,-0.14893610775470734,-0.010143756866455078,0.013362332247197628,0.3972848653793335,-0.02111450769007206,0.12875565886497498,0.04035338759422302,-0.07910050451755524,0.006596858613193035,0.01290222816169262,0.4147050082683563,0.025385523214936256,-0.09437181800603867,-0.15368260443210602]","[-1.5504581928253174,0.17302504181861877,-0.08155065774917603,0.9909927845001221,-0.08059635013341904,0.09663702547550201,-0.341145396232605,-0.051301032304763794,0.02317996323108673,-0.20617733895778656,0.5712867975234985,0.009898044168949127,0.39631327986717224,-0.22879251837730408,0.5542566776275635,-0.9132496118545532,-0.24269184470176697,-0.09388945996761322,-0.3077183961868286,2.418215274810791,3.5739247798919678,3.7984707355499268,-1.4474765062332153,0.43776336312294006,0.39515024423599243,0.4974767565727234,-3.653428554534912,0.8353860378265381,-7.138945579528809]",0.024820053949952126,0.03217281028628349,0.015328187495470047,0.07975694537162781,0.09845635294914246,4.922817647457123,0,0,0,0.4965530335903168,0.49674156308174133,0.9937567710876465,0.937761664390564,0.9997076988220215,0.9993932247161865,-0.001096392865292728,-0.0,-0.0
184,3.68,184,"[-0.2682408392429352,0.054141316562891006,-0.014507894404232502,0.2919560372829437,-0.025150440633296967,-0.019723014906048775,-0.27797383069992065,-0.0037350659258663654,-0.007563861086964607,0.28567102551460266,0.1476457417011261,-0.013101140968501568,-0.007703257724642754,-0.027527980506420135,-0.35545384883880615,-0.08178453892469406,0.14043863117694855,-0.06496450304985046,0.05742669850587845,1.171454906463623,0.12410008162260056,1.2705574035644531,-0.11128881573677063,0.0023209557402879,0.09665856510400772,0.10750611126422882,-1.6151994466781616,0.215779647231102,-1.2502938508987427]","[-0.40219154953956604,0.04674476757645607,0.007828157395124435,0.7205356955528259,-0.21668191254138947,0.01404166966676712,-0.22908355295658112,-0.02012990228831768,0.008014358580112457,0.30479907989501953,0.14907097816467285,0.006878485903143883,0.018396811559796333,-0.04690815508365631,-0.29035791754722595,-0.07308180630207062,0.16449503600597382,-0.08180905878543854,0.015149775892496109,1.2194483280181885,0.17494544386863708,1.249487042427063,-0.11681772023439407,-0.05034428834915161,0.013659843243658543,0.10887628048658371,-1.6071815490722656,0.2205144762992859,-1.2518771886825562]","[0.07722452282905579,0.09828666597604752,0.031295813620090485,0.10297149419784546,-0.006852066144347191,0.006818119436502457,0.10563507676124573,0.07187151163816452,-0.02508494071662426,0.09672269225120544,0.01765713095664978,-0.014247489161789417,0.04961748048663139,-0.03007045015692711,-0.08300468325614929,-0.1538742333650589,-0.023933500051498413,0.12209499627351761,0.3772035241127014,0.05011558532714844,-0.037446990609169006,-0.04458129405975342,-0.015811435878276825,0.039771776646375656,0.07515959441661835,0.3018489181995392,0.12553632259368896,-0.007144734263420105,-0.0840902328491211]","[0.1563928723335266,0.0969560295343399,0.0003636374603956938,0.0018728577997535467,0.03279146924614906,0.02020449936389923,0.13643760979175568,0.06118887662887573,-0.07129950821399689,0.07362093031406403,-0.00539705716073513,0.0051135290414094925,-0.01350601390004158,-0.006973725743591785,-0.03516942635178566,-0.17301255464553833,-0.009998119436204433,0.009681952185928822,0.4090884029865265,-0.0191170796751976,0.12725074589252472,0.03745078295469284,-0.09984952956438065,0.007468280848115683,0.00452904449775815,0.4244823753833771,0.014728570356965065,-0.07827509939670563,-0.14896897971630096]","[-1.5455818176269531,0.17745032906532288,-0.07754838466644287,0.9979171752929688,-0.08125921338796616,0.10144202411174774,-0.34144607186317444,-0.04598119854927063,0.02126719057559967,-0.21002142131328583,0.5680093765258789,0.011620081961154938,0.3973694443702698,-0.22273248434066772,0.5538827180862427,-0.9208416938781738,-0.23902691900730133,-0.10921145975589752,-0.2937049865722656,2.426074743270874,3.567390203475952,3.8002870082855225,-1.4661239385604858,0.43194636702537537,0.3816949427127838,0.5133094787597656,-3.6627161502838135,0.8475504517555237,-7.128517150878906]",0.02518170140683651,0.032568808645009995,0.015339205041527748,0.08000561594963074,0.0984552651643753,4.922763258218765,0,0,0,0.49645736813545227,0.49666139483451843,0.9937937259674072,0.9377651810646057,0.999715268611908,0.9993677735328674,-0.0009978092275559902,-0.0,-0.0
185,3.7,185,"[-0.26701611280441284,0.056161124259233475,-0.013813250698149204,0.2941701412200928,-0.02539950981736183,-0.01957760378718376,-0.2760445177555084,-0.002235712483525276,-0.00796416960656643,0.28747403621673584,0.1476735770702362,-0.013344856910407543,-0.0066437614150345325,-0.02811146341264248,-0.3568139970302582,-0.0854649543762207,0.13995973765850067,-0.06234583631157875,0.0651380866765976,1.1725428104400635,0.1232110857963562,1.2696771621704102,-0.1119437962770462,0.0032035785261541605,0.09803260117769241,0.11338431388139725,-1.6127660274505615,0.2157905548810959,-1.2518565654754639]","[-0.39934512972831726,0.04878874868154526,0.007868106476962566,0.7207151055335999,-0.21611517667770386,0.014524256810545921,-0.2263500839471817,-0.018778178840875626,0.006783464923501015,0.30593907833099365,0.14894887804985046,0.007007022853940725,0.018150359392166138,-0.04701349139213562,-0.29098382592201233,-0.07685808837413788,0.1643075942993164,-0.08166037499904633,0.02342178486287594,1.2191263437271118,0.1775810420513153,1.2501899003982544,-0.11914857476949692,-0.050175685435533524,0.013696342706680298,0.11755001544952393,-1.607028603553772,0.21924389898777008,-1.2548236846923828]","[0.04796609282493591,0.10090954601764679,0.036236830055713654,0.111447274684906,-0.01634238287806511,0.008711963891983032,0.08608698844909668,0.07474575936794281,-0.016994565725326538,0.07971227169036865,-0.01367330551147461,-0.0099952332675457,0.05226250737905502,-0.030503608286380768,-0.055561959743499756,-0.20502974092960358,-0.018038973212242126,0.13282634317874908,0.3838869035243988,0.05588829517364502,-0.042130984365940094,-0.04452168941497803,-0.0517597422003746,0.050379425287246704,0.060559436678886414,0.28988420963287354,0.11709928512573242,0.003363564610481262,-0.07674694061279297]","[0.13086631894111633,0.10396327078342438,0.0025899887550622225,0.013715047389268875,0.026167774572968483,0.025641072541475296,0.13245242834091187,0.07009245455265045,-0.0559740848839283,0.04890602082014084,-0.006730535998940468,0.006995702628046274,-0.011993862688541412,-0.004780798219144344,-0.032381076365709305,-0.19519846141338348,-0.009007595479488373,0.007173791993409395,0.4130963385105133,-0.015120088122785091,0.1331959366798401,0.03278829902410507,-0.12404830008745193,0.00827623438090086,0.0006285304552875459,0.4357903301715851,0.00476094288751483,-0.05674180015921593,-0.14457860589027405]","[-1.5404527187347412,0.18352288007736206,-0.07188856601715088,1.0048357248306274,-0.08246617764234543,0.10575410723686218,-0.3415548801422119,-0.04162248969078064,0.020433232188224792,-0.21450833976268768,0.5653105974197388,0.01261381059885025,0.3987390995025635,-0.21641409397125244,0.5535839796066284,-0.9288694858551025,-0.2346554845571518,-0.1253795623779297,-0.28073954582214355,2.433554172515869,3.5656094551086426,3.807382106781006,-1.4850274324417114,0.42780110239982605,0.3700524568557739,0.5226816534996033,-3.6739988327026367,0.8615396022796631,-7.1217851638793945]",0.02552461437880993,0.03283386677503586,0.01536549348384142,0.08027365803718567,0.09845323860645294,4.922661930322647,0,0,0,0.49636539816856384,0.4966142475605011,0.9938217401504517,0.937753438949585,0.9997081756591797,0.9993197321891785,-0.0009209370473399758,-0.0,-0.0
186,3.72,186,"[-0.26632219552993774,0.05817769840359688,-0.013058421202003956,0.29641392827033997,-0.02580413594841957,-0.019374536350369453,-0.2745303511619568,-0.0007452356512658298,-0.008243643678724766,0.2888595163822174,0.14709880948066711,-0.013500950299203396,-0.00561275752261281,-0.028748124837875366,-0.35767632722854614,-0.08998572826385498,0.13971707224845886,-0.0596514493227005,0.07278217375278473,1.1736904382705688,0.12241484224796295,1.268776535987854,-0.11335920542478561,0.004336132667958736,0.09908094257116318,0.11910147964954376,-1.6105154752731323,0.21591418981552124,-1.2533637285232544]","[-0.39706185460090637,0.050950128585100174,0.007964336313307285,0.72121661901474,-0.2156786322593689,0.01510206051170826,-0.22374697029590607,-0.017281632870435715,0.005812288727611303,0.30662786960601807,0.14877435564994812,0.007171210367232561,0.01793483830988407,-0.04709798842668533,-0.29149359464645386,-0.08108443021774292,0.16414271295070648,-0.08156058192253113,0.0316614955663681,1.2188994884490967,0.18038545548915863,1.2507669925689697,-0.1219554990530014,-0.049991462379693985,0.013663103803992271,0.1263243407011032,-1.6070904731750488,0.21844054758548737,-1.257632851600647]","[0.02335086464881897,0.10245144367218018,0.03959643840789795,0.12017935514450073,-0.025693606585264206,0.010861223563551903,0.06285756826400757,0.07693170756101608,-0.007697148248553276,0.06455183029174805,-0.04353262484073639,-0.0048610614612698555,0.05583479255437851,-0.03142384812235832,-0.024572014808654785,-0.24893303215503693,-0.012600794434547424,0.14351485669612885,0.38483870029449463,0.061321258544921875,-0.04639197140932083,-0.04060864448547363,-0.09231381118297577,0.06150708720088005,0.043416209518909454,0.2853007912635803,0.10888874530792236,0.01230575144290924,-0.07580220699310303]","[0.10189122706651688,0.10914904624223709,0.005583517253398895,0.03171968087553978,0.019521508365869522,0.03009643591940403,0.12497784197330475,0.07639239728450775,-0.044477853924036026,0.027598440647125244,-0.010111868381500244,0.00872864481061697,-0.01043259259313345,-0.00404523778706789,-0.0247160866856575,-0.21761707961559296,-0.007782765198498964,0.0048561436124145985,0.4086236357688904,-0.010127168148756027,0.14280442893505096,0.025968370959162712,-0.14772994816303253,0.008970600552856922,-0.0027452309150248766,0.43754345178604126,-0.006312408950179815,-0.03293227031826973,-0.13686403632164001]","[-1.5347063541412354,0.18946442008018494,-0.06570842862129211,1.0116662979125977,-0.08426990360021591,0.10944949090480804,-0.3413165807723999,-0.038615912199020386,0.020084664225578308,-0.21838538348674774,0.5625479221343994,0.013747908174991608,0.3999975323677063,-0.21066102385520935,0.5514695048332214,-0.938294529914856,-0.22955051064491272,-0.14070451259613037,-0.27129483222961426,2.4417502880096436,3.568743944168091,3.825854539871216,-1.5041333436965942,0.42571672797203064,0.3598732352256775,0.5233134031295776,-3.6874821186065674,0.8768999576568604,-7.1138916015625]",0.02587021142244339,0.032983556389808655,0.015413982793688774,0.08056502044200897,0.0984455868601799,4.922279343008995,0,0,0,0.49627143144607544,0.4965943694114685,0.9938342571258545,0.9376535415649414,0.9997082948684692,0.9992440342903137,-0.0010265139862895012,-0.0,-0.0
187,3.74,187,"[-0.2660820782184601,0.06025918200612068,-0.012229393236339092,0.2989773154258728,-0.0264272540807724,-0.019143154844641685,-0.2735302150249481,0.0008415556512773037,-0.00827205553650856,0.29005610942840576,0.14593227207660675,-0.013539299368858337,-0.004410369787365198,-0.029368417337536812,-0.35779687762260437,-0.09542227536439896,0.13945570588111877,-0.05660524219274521,0.08053163439035416,1.1749956607818604,0.12135540693998337,1.2680528163909912,-0.11563634872436523,0.005663861986249685,0.09976924955844879,0.12479634582996368,-1.6084104776382446,0.21628278493881226,-1.254888653755188]","[-0.3953650891780853,0.05315952003002167,0.008123585022985935,0.7220983505249023,-0.2153831273317337,0.015757279470562935,-0.22135964035987854,-0.015724901109933853,0.004995292983949184,0.30700522661209106,0.14846603572368622,0.007379470393061638,0.017748162150382996,-0.04716810584068298,-0.2918279469013214,-0.08571209758520126,0.16399967670440674,-0.08150240033864975,0.039719291031360626,1.218772530555725,0.18343500792980194,1.2511974573135376,-0.12520329654216766,-0.04979289695620537,0.013568367809057236,0.13500040769577026,-1.60740327835083,0.21808254718780518,-1.2602320909500122]","[0.0029966235160827637,0.10349275916814804,0.04084741324186325,0.12853965163230896,-0.034919753670692444,0.012662308290600777,0.03859400749206543,0.07934171706438065,0.0012953532859683037,0.05565658211708069,-0.07059238851070404,0.00043243635445833206,0.05964628607034683,-0.03162967041134834,0.007963180541992188,-0.2847159206867218,-0.007850676774978638,0.15250323712825775,0.37964603304862976,0.06632208824157715,-0.050661154091358185,-0.03693103790283203,-0.13387110829353333,0.07163196802139282,0.024962425231933594,0.2856385111808777,0.10108053684234619,0.020949915051460266,-0.07755458354949951]","[0.07361716032028198,0.10978120565414429,0.008730635978281498,0.05087345838546753,0.012283992022275925,0.03371604159474373,0.11385434865951538,0.0774444118142128,-0.03851737827062607,0.015008946880698204,-0.01969481073319912,0.011064540594816208,-0.009039303287863731,-0.0033703777007758617,-0.014046755619347095,-0.2366379350423813,-0.006697135977447033,0.002974872011691332,0.39724525809288025,-0.005320287775248289,0.1564204841852188,0.01864822953939438,-0.16911406815052032,0.009628992527723312,-0.005686987657099962,0.4290655255317688,-0.019601892679929733,-0.011749754659831524,-0.12523888051509857]","[-1.5274388790130615,0.19443932175636292,-0.059454768896102905,1.0183504819869995,-0.08660253137350082,0.11260761320590973,-0.3401544392108917,-0.03702858090400696,0.019585832953453064,-0.21977616846561432,0.5597004890441895,0.01541910320520401,0.40104159712791443,-0.2050083875656128,0.5467970371246338,-0.9501289129257202,-0.22323763370513916,-0.15444371104240417,-0.26482701301574707,2.450612783432007,3.5772273540496826,3.8566248416900635,-1.5246055126190186,0.4255346357822418,0.3499966561794281,0.517168402671814,-3.7026660442352295,0.8933168649673462,-7.10244083404541]",0.026186447590589523,0.0330367349088192,0.01547793485224247,0.08092494308948517,0.09842994064092636,4.921497032046318,0,0,0,0.4961845576763153,0.4965936839580536,0.9938372373580933,0.9374845623970032,0.9997128248214722,0.9991553425788879,-0.0014710298273712397,-0.0,-0.0
188,3.7600000000000002,188,"[-0.26620233058929443,0.06231740862131119,-0.011424524709582329,0.3015555143356323,-0.02720092609524727,-0.018868044018745422,-0.27298659086227417,0.0024284329265356064,-0.008191829547286034,0.29108577966690063,0.14427511394023895,-0.013483652845025063,-0.0032269060611724854,-0.0300133116543293,-0.35735780000686646,-0.10137436538934708,0.13940304517745972,-0.0535513199865818,0.08796801418066025,1.176343321800232,0.12038839608430862,1.2672992944717407,-0.11871404945850372,0.007201411295682192,0.10007943958044052,0.13052701950073242,-1.6064722537994385,0.21675218641757965,-1.2564659118652344]","[-0.3942408859729767,0.05529901757836342,0.008344794623553753,0.7233383655548096,-0.21523454785346985,0.016517359763383865,-0.2192879021167755,-0.014227133244276047,0.004268490709364414,0.3072848916053772,0.14781640470027924,0.007647926919162273,0.017588725313544273,-0.04722452536225319,-0.29205042123794556,-0.09064308553934097,0.16387225687503815,-0.08148153126239777,0.047541454434394836,1.2187237739562988,0.1867857575416565,1.2514854669570923,-0.12880368530750275,-0.049577806144952774,0.013354509137570858,0.14341598749160767,-1.608006477355957,0.2179546356201172,-1.262547254562378]","[-0.0111311674118042,0.10456657409667969,0.03994186595082283,0.13402700424194336,-0.04267371445894241,0.013618916273117065,0.017699599266052246,0.0834047943353653,0.008549541234970093,0.055768340826034546,-0.09570345282554626,0.005284463986754417,0.06262172758579254,-0.03139176592230797,0.03522709012031555,-0.31173211336135864,-0.0011358410120010376,0.1569085717201233,0.37300699949264526,0.06956756114959717,-0.05297418683767319,-0.03459155559539795,-0.1709219068288803,0.0800960585474968,0.00832732766866684,0.29086434841156006,0.09345710277557373,0.029530003666877747,-0.07815361022949219]","[0.04586237296462059,0.10418906807899475,0.011596273630857468,0.06770583242177963,0.00498398020863533,0.0381372794508934,0.09718697518110275,0.07249303162097931,-0.03469180315732956,0.01290097739547491,-0.03978141397237778,0.01427779346704483,-0.007551556918770075,-0.0027994841802865267,-0.010318178683519363,-0.24998557567596436,-0.00601177429780364,0.0010824574856087565,0.3857872784137726,-0.001996713923290372,0.17182953655719757,0.011862948536872864,-0.18472586572170258,0.010662279091775417,-0.012857349589467049,0.4140585958957672,-0.03479238599538803,-0.004875722341239452,-0.11011957377195358]","[-1.5183489322662354,0.19790861010551453,-0.053039103746414185,1.0248079299926758,-0.08913489431142807,0.11537212133407593,-0.33751413226127625,-0.03576347231864929,0.018992319703102112,-0.21774111688137054,0.5565836429595947,0.017913736402988434,0.40236571431159973,-0.1991685926914215,0.5394585728645325,-0.9655327200889587,-0.21510285139083862,-0.16632482409477234,-0.25983989238739014,2.459627866744995,3.5913052558898926,3.8961241245269775,-1.5470715761184692,0.42693784832954407,0.3387458324432373,0.5076147317886353,-3.7182183265686035,0.9097098112106323,-7.08750057220459]",0.026490112766623497,0.03296075016260147,0.015554253943264484,0.08134088665246964,0.09841043502092361,4.920521751046181,0,0,0,0.4960995614528656,0.4966144561767578,0.9938243627548218,0.9372034072875977,0.9997167587280273,0.9991021752357483,-0.0020388937555253506,-0.0,-0.0
189,3.7800000000000002,189,"[-0.26652732491493225,0.06444184482097626,-0.010631718672811985,0.30433839559555054,-0.02813420258462429,-0.018598398193717003,-0.27282223105430603,0.004177747294306755,-0.007930073887109756,0.29228684306144714,0.1421041339635849,-0.01332792080938816,-0.0019055006559938192,-0.030624087899923325,-0.35638779401779175,-0.10789155960083008,0.13941027224063873,-0.050328899174928665,0.09545191377401352,1.1777783632278442,0.11923643946647644,1.2666691541671753,-0.12247322499752045,0.008867704309523106,0.10010234266519547,0.13643091917037964,-1.6046721935272217,0.21746398508548737,-1.2580147981643677]","[-0.3935827910900116,0.057254496961832047,0.008613428100943565,0.7248755097389221,-0.2152266651391983,0.01745491474866867,-0.2175493985414505,-0.012889441102743149,0.0036019044928252697,0.3076695203781128,0.14668157696723938,0.0079926997423172,0.017460664734244347,-0.04727128893136978,-0.2922098934650421,-0.09583514928817749,0.16375260055065155,-0.0815037190914154,0.05522696301341057,1.2187169790267944,0.1904413402080536,1.2516628503799438,-0.13268452882766724,-0.04933265969157219,0.012905429117381573,0.15153132379055023,-1.608925223350525,0.21775630116462708,-1.2645530700683594]","[-0.020772218704223633,0.10578129440546036,0.03701718524098396,0.1371338963508606,-0.04875227063894272,0.01404820941388607,0.0022046267986297607,0.08881816267967224,0.012855324894189835,0.06317272782325745,-0.11794716119766235,0.009428593330085278,0.06399558484554291,-0.030105886980891228,0.056005269289016724,-0.33300742506980896,0.0061064958572387695,0.1579444855451584,0.3690991699695587,0.07121860980987549,-0.05512181669473648,-0.03502070903778076,-0.20212233066558838,0.086433544754982,-0.006725825369358063,0.3000069558620453,0.08658468723297119,0.0378679484128952,-0.07790029048919678]","[0.025432901456952095,0.09344515949487686,0.013633699156343937,0.0811675637960434,-0.001820403034798801,0.046897582709789276,0.08142001926898956,0.06313984096050262,-0.031934335827827454,0.02093263529241085,-0.06535182148218155,0.0182650163769722,-0.005865341518074274,-0.0024542773608118296,-0.00751350587233901,-0.26265668869018555,-0.005702831782400608,-0.0011466656578704715,0.38165196776390076,-0.000516274303663522,0.18685707449913025,0.007120184134691954,-0.19789496064186096,0.012425237335264683,-0.02549823373556137,0.39977431297302246,-0.050799205899238586,-0.012030615471303463,-0.0946192666888237]","[-1.5077623128890991,0.19979286193847656,-0.04662434756755829,1.0317840576171875,-0.09171583503484726,0.1181018203496933,-0.33303067088127136,-0.03422340750694275,0.018111005425453186,-0.21176929771900177,0.553378701210022,0.02116260677576065,0.40437430143356323,-0.19326984882354736,0.5305547118186951,-0.9852988719940186,-0.20466595888137817,-0.17625117301940918,-0.2548179626464844,2.468477964401245,3.6104371547698975,3.939464569091797,-1.5726054906845093,0.4295310378074646,0.3252045512199402,0.49837905168533325,-3.732856035232544,0.9257933497428894,-7.070559024810791]",0.02677404135465622,0.03275444358587265,0.015636567026376724,0.0818064734339714,0.09839241951704025,4.919620975852013,0,0,0,0.4960188567638397,0.49665695428848267,0.9938024878501892,0.9368638396263123,0.9997157454490662,0.9990887641906738,-0.0025254301726818085,-0.0,-0.0
190,3.8000000000000003,190,"[-0.2670332193374634,0.0665486603975296,-0.00994383729994297,0.30704087018966675,-0.02915101684629917,-0.01830611564218998,-0.272898405790329,0.005981159396469593,-0.00767761655151844,0.29361268877983093,0.13955722749233246,-0.013106509111821651,-0.0006670828443020582,-0.03121754713356495,-0.3551175892353058,-0.11469466239213943,0.13964730501174927,-0.04723354056477547,0.10273198038339615,1.179192066192627,0.11818352341651917,1.2658984661102295,-0.12679894268512726,0.010658753104507923,0.0998104065656662,0.14252729713916779,-1.6030088663101196,0.21826690435409546,-1.2595819234848022]","[-0.3932230472564697,0.058951616287231445,0.008910303935408592,0.7266377806663513,-0.21534405648708344,0.018569568172097206,-0.21610139310359955,-0.011773399077355862,0.00299692596308887,0.3083304762840271,0.14502421021461487,0.00843303557485342,0.01736774668097496,-0.04731816425919533,-0.2923155725002289,-0.10128765553236008,0.16363613307476044,-0.0815722867846489,0.06294694542884827,1.2187217473983765,0.19439536333084106,1.2517714500427246,-0.136836975812912,-0.0490473173558712,0.012171297334134579,0.15945026278495789,-1.6101548671722412,0.21731123328208923,-1.266273021697998]","[-0.023343414068222046,0.10468773543834686,0.032653309404850006,0.13583898544311523,-0.050345297902822495,0.014016591012477875,-0.004853308200836182,0.09262266010046005,0.013538356870412827,0.07413551211357117,-0.13582073152065277,0.01271069049835205,0.0653076097369194,-0.02765003591775894,0.06828382611274719,-0.3498094379901886,0.009800493717193604,0.1552819311618805,0.37498047947883606,0.07323920726776123,-0.059079937636852264,-0.037923455238342285,-0.22612735629081726,0.09039896726608276,-0.0241866335272789,0.31567662954330444,0.07940530776977539,0.04384256899356842,-0.08035600185394287]","[0.014467119239270687,0.07953254878520966,0.014915091916918755,0.09076663851737976,-0.007701439317315817,0.05506168305873871,0.06891568750143051,0.05119841918349266,-0.02853361703455448,0.03667864948511124,-0.09125757217407227,0.023284083232283592,-0.003973299637436867,-0.0031096446327865124,-0.004955757409334183,-0.2756144404411316,-0.005563925951719284,-0.0034846183843910694,0.38693588972091675,-0.00030167095246724784,0.20156230032444,0.004481940064579248,-0.21150565147399902,0.014627273194491863,-0.039263442158699036,0.3933233320713043,-0.0660090446472168,-0.025114621967077255,-0.08131254464387894]","[-1.4964499473571777,0.19912844896316528,-0.04061080515384674,1.0394587516784668,-0.09407731145620346,0.12094499170780182,-0.32766446471214294,-0.03175070881843567,0.016865864396095276,-0.20302031934261322,0.5510330200195312,0.0254729762673378,0.40757879614830017,-0.18785738945007324,0.5190329551696777,-1.009855031967163,-0.1921868920326233,-0.18477857112884521,-0.2520967125892639,2.477243185043335,3.631571054458618,3.9794375896453857,-1.602094054222107,0.43225839734077454,0.3079405426979065,0.4911767840385437,-3.7457871437072754,0.9423881769180298,-7.052896976470947]",0.02705390751361847,0.032413482666015625,0.015726087614893913,0.08230822533369064,0.09837904572486877,4.918952286243439,0,0,0,0.49593788385391235,0.4967239797115326,0.9937666654586792,0.9364410042762756,0.9997237324714661,0.999103307723999,-0.002744092606008053,-0.0,-0.0
191,3.8200000000000003,191,"[-0.26746106147766113,0.06862935423851013,-0.009325586259365082,0.30977195501327515,-0.030148014426231384,-0.018037734553217888,-0.2730163633823395,0.00788265373557806,-0.007388539612293243,0.29525226354599,0.1366713047027588,-0.012819493189454079,0.0007068036939017475,-0.03173008933663368,-0.35365644097328186,-0.12188393622636795,0.13980229198932648,-0.04411762207746506,0.11045113205909729,1.1807079315185547,0.11687324196100235,1.2651522159576416,-0.13151831924915314,0.01248366292566061,0.09913487732410431,0.14905798435211182,-1.6014959812164307,0.2192176878452301,-1.2612290382385254]","[-0.39297160506248474,0.06035330891609192,0.009224718436598778,0.728550374507904,-0.21556250751018524,0.019841860979795456,-0.21484842896461487,-0.010912386700510979,0.0024878294207155704,0.3093591034412384,0.14289774000644684,0.00914825964719057,0.017315324395895004,-0.04740675166249275,-0.2923750877380371,-0.107029490172863,0.1635238528251648,-0.0816919133067131,0.07091348618268967,1.218719482421875,0.19861964881420135,1.2518519163131714,-0.1412949115037918,-0.04871436581015587,0.011125747114419937,0.16741150617599487,-1.6116520166397095,0.2165408432483673,-1.267804741859436]","[-0.021544843912124634,0.10180436074733734,0.027698185294866562,0.13187825679779053,-0.047498010098934174,0.013465061783790588,-0.005363672971725464,0.0949808657169342,0.011653709225356579,0.08529201149940491,-0.1503467559814453,0.014806329272687435,0.06616248190402985,-0.023441901430487633,0.071658194065094,-0.36459511518478394,0.010393187403678894,0.14915503561496735,0.3929056227207184,0.07548928260803223,-0.06375648081302643,-0.03984272480010986,-0.2439390867948532,0.09145781397819519,-0.04173777997493744,0.337807834148407,0.07257163524627686,0.04874765872955322,-0.08439421653747559]","[0.011718944646418095,0.06465285271406174,0.015620223246514797,0.09721184521913528,-0.012275177985429764,0.062279365956783295,0.06090356782078743,0.03871816769242287,-0.022856829687952995,0.055936362594366074,-0.11366819590330124,0.03517863526940346,-0.0018941753078252077,-0.006338996812701225,-0.0028868576046079397,-0.2910698652267456,-0.005287885665893555,-0.0061825839802622795,0.40295588970184326,-0.0007072121370583773,0.21394677460193634,0.0035653277300298214,-0.2273368388414383,0.017171194776892662,-0.05503067374229431,0.4001086950302124,-0.07829325646162033,-0.04140051454305649,-0.07408210635185242]","[-1.485182285308838,0.1961033046245575,-0.03491365909576416,1.0479722023010254,-0.09583055227994919,0.12406928837299347,-0.32212188839912415,-0.02809998393058777,0.015525861643254757,-0.19302375614643097,0.5504013299942017,0.03035614639520645,0.41183874011039734,-0.18279951810836792,0.5055365562438965,-1.0388742685317993,-0.17800670862197876,-0.19304434955120087,-0.25093352794647217,2.4852054119110107,3.652416944503784,4.009684085845947,-1.6362391710281372,0.43435728549957275,0.2861499786376953,0.4882306456565857,-3.7562875747680664,0.9606101512908936,-7.0360636711120605]",0.02730908803641796,0.032106682658195496,0.015818007290363312,0.08288131654262543,0.09836826473474503,4.918413236737251,0,0,0,0.495863139629364,0.49678391218185425,0.9937238693237305,0.9359632730484009,0.9997356534004211,0.9991210103034973,-0.002777457470074296,-0.0,-0.0
192,3.84,192,"[-0.26789501309394836,0.0706208348274231,-0.008835909888148308,0.31231600046157837,-0.03105093725025654,-0.017767513170838356,-0.273112952709198,0.009780393913388252,-0.007211468182504177,0.29702436923980713,0.13354335725307465,-0.012514255940914154,0.001979416236281395,-0.032155223190784454,-0.352251261472702,-0.12927846610546112,0.14006303250789642,-0.04126733914017677,0.11844820529222488,1.1822116374969482,0.11563326418399811,1.264304757118225,-0.1365565061569214,0.014317065477371216,0.0981408953666687,0.15603961050510406,-1.6001060009002686,0.2202168107032776,-1.2629576921463013]","[-0.3927411437034607,0.061480555683374405,0.009540426544845104,0.7305861711502075,-0.2158573567867279,0.02129337564110756,-0.21371284127235413,-0.010267529636621475,0.0021542105823755264,0.3107534348964691,0.14038123190402985,0.010224491357803345,0.017304761335253716,-0.047569189220666885,-0.2924066185951233,-0.11313586682081223,0.16341853141784668,-0.08187416195869446,0.07932639867067337,1.2187029123306274,0.2030358910560608,1.2519360780715942,-0.14611433446407318,-0.04832944646477699,0.00971023179590702,0.17567139863967896,-1.6133427619934082,0.21540480852127075,-1.2692570686340332]","[-0.015713274478912354,0.09857099503278732,0.02257716841995716,0.12338981032371521,-0.0369315966963768,0.013535842299461365,-0.0012420117855072021,0.09739997237920761,0.007846684195101261,0.0931762158870697,-0.16099587082862854,0.016254816204309464,0.06597913056612015,-0.018315389752388,0.06374940276145935,-0.37758296728134155,0.009367242455482483,0.14172056317329407,0.4247266948223114,0.07862448692321777,-0.06706733256578445,-0.03600716590881348,-0.255294531583786,0.09013012051582336,-0.05553998053073883,0.36722758412361145,0.06691217422485352,0.05213208496570587,-0.08847713470458984]","[0.011327406391501427,0.052039436995983124,0.01537267491221428,0.10340166836977005,-0.01579752378165722,0.07111363857984543,0.05623182654380798,0.029388247057795525,-0.012868071906268597,0.07347690314054489,-0.1323535442352295,0.05302569642663002,0.00019241422705817968,-0.01001020334661007,-0.0017792789731174707,-0.3107004463672638,-0.00491993548348546,-0.009511989541351795,0.4283594489097595,-0.0014684160705655813,0.22192703187465668,0.004289228934794664,-0.24653495848178864,0.019861368462443352,-0.07412183284759521,0.41917797923088074,-0.08678218722343445,-0.05926766246557236,-0.07146194577217102]","[-1.4749970436096191,0.1908300220966339,-0.029646575450897217,1.0569888353347778,-0.09654369205236435,0.1279115229845047,-0.3174683153629303,-0.023063987493515015,0.014661147259175777,-0.18376414477825165,0.5516586303710938,0.03515038639307022,0.4167536795139313,-0.17880040407180786,0.4914221465587616,-1.0706199407577515,-0.16299602389335632,-0.2019728571176529,-0.24953053891658783,2.492224931716919,3.671847105026245,4.028912544250488,-1.6746641397476196,0.435905396938324,0.25987380743026733,0.4910265803337097,-3.763225555419922,0.9810870289802551,-7.021806716918945]",0.02755533717572689,0.0318664088845253,0.01592158153653145,0.0835031047463417,0.09835582226514816,4.917791113257408,0,0,0,0.4957907497882843,0.49683254957199097,0.9936699867248535,0.9354068040847778,0.9997478723526001,0.9991493225097656,-0.0028062290512025356,-0.0,-0.0
193,3.86,193,"[-0.2680895924568176,0.07257219403982162,-0.008422499522566795,0.31470754742622375,-0.031625278294086456,-0.017496300861239433,-0.27306604385375977,0.011778652667999268,-0.0070746722631156445,0.2989793121814728,0.13023146986961365,-0.012169300578534603,0.0033459689002484083,-0.0324627049267292,-0.3511064648628235,-0.13698725402355194,0.14017698168754578,-0.03844879940152168,0.1274401992559433,1.1838529109954834,0.11419054865837097,1.263711929321289,-0.14173009991645813,0.01608886756002903,0.09691327810287476,0.16374708712100983,-1.5988194942474365,0.22130297124385834,-1.264768123626709]","[-0.392509788274765,0.062409907579422,0.009843370877206326,0.7327566146850586,-0.21620981395244598,0.022943850606679916,-0.21261636912822723,-0.009745643474161625,0.0020088651217520237,0.31240689754486084,0.13757455348968506,0.011512329801917076,0.017335565760731697,-0.04779300466179848,-0.29243144392967224,-0.11968845129013062,0.16332340240478516,-0.08212903887033463,0.08836231380701065,1.2186602354049683,0.2075493037700653,1.2520623207092285,-0.15138211846351624,-0.04789130017161369,0.007874447852373123,0.18448886275291443,-1.615147590637207,0.21390880644321442,-1.2707242965698242]","[-0.0072352588176727295,0.09537972509860992,0.018064212054014206,0.11297762393951416,-0.019536027684807777,0.013871397823095322,0.0059410929679870605,0.10004744678735733,0.00340720871463418,0.09733885526657104,-0.1683700829744339,0.017249537631869316,0.0649481937289238,-0.012370198965072632,0.04714503884315491,-0.3884553909301758,0.007591024041175842,0.13318145275115967,0.4678705930709839,0.08247494697570801,-0.06857383996248245,-0.026524066925048828,-0.2624441087245941,0.08701737970113754,-0.06587095558643341,0.4042964577674866,0.06299018859863281,0.05385354161262512,-0.0943601131439209]","[0.011583995074033737,0.04373258352279663,0.014660335145890713,0.1105336993932724,-0.01844734139740467,0.08071789145469666,0.055442068725824356,0.024615392088890076,-0.005051677580922842,0.08416125923395157,-0.14437778294086456,0.061312947422266006,0.0022704009898006916,-0.012807189486920834,-0.0016671413322910666,-0.33430683612823486,-0.004376319237053394,-0.013252508826553822,0.46209317445755005,-0.002887677401304245,0.22529417276382446,0.006943327374756336,-0.27077722549438477,0.022558361291885376,-0.09552156925201416,0.4516794681549072,-0.09121052175760269,-0.07634026557207108,-0.07371138036251068]","[-1.4659135341644287,0.1841592788696289,-0.02469952404499054,1.065596342086792,-0.09559392184019089,0.132333904504776,-0.31393298506736755,-0.016707926988601685,0.01438088621944189,-0.17626307904720306,0.5547311305999756,0.039279259741306305,0.42160752415657043,-0.1759449541568756,0.47744977474212646,-1.1035338640213013,-0.14797087013721466,-0.21202506124973297,-0.2459847778081894,2.497565984725952,3.688615322113037,4.0379319190979,-1.717049479484558,0.4365602135658264,0.22994685173034668,0.5000664591789246,-3.766216278076172,1.004307508468628,-7.008486747741699]",0.027810215950012207,0.03175630420446396,0.016039932146668434,0.08416898548603058,0.09833908826112747,4.916954413056374,0,0,0,0.49571576714515686,0.496857613325119,0.9936091303825378,0.9347925186157227,0.9997584819793701,0.9991822838783264,-0.002961148042231798,-0.0,-0.0
194,3.88,194,"[-0.2681844234466553,0.07443602383136749,-0.00811334140598774,0.31683510541915894,-0.03183237835764885,-0.017212657257914543,-0.2728753089904785,0.013782291673123837,-0.00707517983391881,0.30091792345046997,0.1268085539340973,-0.011824274435639381,0.004577343817800283,-0.03265003114938736,-0.35036545991897583,-0.14481668174266815,0.14036667346954346,-0.035940080881118774,0.13716302812099457,1.1855106353759766,0.11289031058549881,1.2632437944412231,-0.1470542699098587,0.017797760665416718,0.09550605714321136,0.17221146821975708,-1.5975863933563232,0.2223709523677826,-1.266732096672058]","[-0.39226195216178894,0.06324256211519241,0.01012769527733326,0.7350655794143677,-0.21659870445728302,0.02468244358897209,-0.21146458387374878,-0.009259046986699104,0.001954106381163001,0.3141184449195862,0.13465453684329987,0.012795415706932545,0.01741490699350834,-0.04807126522064209,-0.2924754023551941,-0.12672555446624756,0.16325117647647858,-0.08248893171548843,0.09811869263648987,1.2185537815093994,0.21209250390529633,1.2522625923156738,-0.15716737508773804,-0.04732780531048775,0.005500225815922022,0.1941014975309372,-1.6170177459716797,0.21202173829078674,-1.2723301649093628]","[0.0028558075428009033,0.08927080780267715,0.012526800855994225,0.11074766516685486,0.009874068200588226,0.013139704242348671,0.01656264066696167,0.10126587003469467,-0.00039120204746723175,0.09741559624671936,-0.1714654266834259,0.016792282462120056,0.06575831770896912,-0.005990359932184219,0.027277320623397827,-0.39573946595191956,0.005430355668067932,0.12124646455049515,0.5169045329093933,0.08546710014343262,-0.06998255848884583,-0.014027953147888184,-0.26643985509872437,0.08162679523229599,-0.07862895727157593,0.4464782774448395,0.05949437618255615,0.05076862871646881,-0.10448992252349854]","[0.012849721126258373,0.04049623757600784,0.013880847953259945,0.11738764494657516,-0.019921138882637024,0.08377143740653992,0.059431277215480804,0.024031898006796837,-0.0016794840339571238,0.0838850736618042,-0.1466788351535797,0.059402208775281906,0.004773161839693785,-0.015415437519550323,-0.002778888214379549,-0.3583299219608307,-0.003152180230244994,-0.017724595963954926,0.49888119101524353,-0.006676178425550461,0.22390538454055786,0.011090644635260105,-0.2979968190193176,0.02757580392062664,-0.12093054503202438,0.4954461455345154,-0.09280714392662048,-0.09385526180267334,-0.08251848816871643]","[-1.4568424224853516,0.1766115427017212,-0.019864290952682495,1.0726085901260376,-0.09227403253316879,0.13572658598423004,-0.31141218543052673,-0.008269816637039185,0.01416532602161169,-0.17170511186122894,0.55983567237854,0.04239843040704727,0.42691636085510254,-0.17339882254600525,0.4623989462852478,-1.1367095708847046,-0.13491401076316833,-0.22238309681415558,-0.24369965493679047,2.497304677963257,3.698909282684326,4.037720680236816,-1.7595511674880981,0.4353955090045929,0.19779661297798157,0.5115175843238831,-3.765014410018921,1.0284054279327393,-6.991113662719727]",0.028088528662919998,0.0317755825817585,0.016178203746676445,0.0848555713891983,0.09832248091697693,4.916124045848846,0,0,0,0.49563363194465637,0.49686068296432495,0.9935393929481506,0.9341062903404236,0.9997649788856506,0.9992069602012634,-0.00298794312402606,-0.0,-0.0
195,3.9,195,"[-0.2679753601551056,0.07614302635192871,-0.007921427488327026,0.31913745403289795,-0.031230315566062927,-0.016970712691545486,-0.2724035382270813,0.015829287469387054,-0.007090320345014334,0.30287593603134155,0.12337285280227661,-0.011497609317302704,0.005976301617920399,-0.03270231932401657,-0.3500153720378876,-0.15281683206558228,0.1403941959142685,-0.03359894081950188,0.14811637997627258,1.1872715950012207,0.11139124631881714,1.2631508111953735,-0.15238769352436066,0.019353939220309258,0.09376811981201172,0.1816062182188034,-1.5964397192001343,0.2233337163925171,-1.268947720527649]","[-0.39192506670951843,0.06407053023576736,0.010388696566224098,0.7374716401100159,-0.216990664601326,0.026373643428087234,-0.21013249456882477,-0.008728602901101112,0.0019601364620029926,0.3156616687774658,0.13182911276817322,0.013898774981498718,0.017554262652993202,-0.048409949988126755,-0.29256245493888855,-0.13421189785003662,0.16321787238121033,-0.08300400525331497,0.10862260311841965,1.2183218002319336,0.21661143004894257,1.252576470375061,-0.16349440813064575,-0.046626582741737366,0.0025669329334050417,0.2047257274389267,-1.6188709735870361,0.20977309346199036,-1.2742230892181396]","[0.014878064393997192,0.0815562903881073,0.007720931898802519,0.1122698187828064,0.04849405959248543,0.012065842747688293,0.02910420298576355,0.1018582135438919,-0.003134587313979864,0.09548962116241455,-0.17057862877845764,0.015841076150536537,0.06822512298822403,0.0013835728168487549,0.005158782005310059,-0.3988496959209442,0.0031206756830215454,0.10650772601366043,0.5694869756698608,0.08727014064788818,-0.07117558270692825,0.0027865171432495117,-0.2680894136428833,0.07390482723712921,-0.09078942239284515,0.4928790032863617,0.05676746368408203,0.0454489141702652,-0.11817216873168945]","[0.018876420333981514,0.04157445579767227,0.01271149329841137,0.12124764174222946,-0.019410548731684685,0.08047636598348618,0.0699392631649971,0.027160456404089928,0.0011979670962318778,0.0726909339427948,-0.13835826516151428,0.04989507794380188,0.007852583192288876,-0.018959760665893555,-0.005085462238639593,-0.3794713318347931,-0.0009635362075641751,-0.02567307837307453,0.5357722043991089,-0.013670027256011963,0.22146391868591309,0.017228227108716965,-0.3254528045654297,0.035239078104496,-0.14919093251228333,0.5495391488075256,-0.09084929525852203,-0.11117086559534073,-0.09933985024690628]","[-1.4465842247009277,0.16884273290634155,-0.015231356024742126,1.0773144960403442,-0.08568825572729111,0.13774804770946503,-0.3092779815196991,0.0028358399868011475,0.013909145258367062,-0.16992269456386566,0.5664569139480591,0.044464267790317535,0.4321369230747223,-0.17065510153770447,0.4452352523803711,-1.169628620147705,-0.12485402822494507,-0.23254109919071198,-0.2415258139371872,2.4902145862579346,3.7014901638031006,4.029185771942139,-1.8007004261016846,0.4317924678325653,0.1654348373413086,0.5233089923858643,-3.7597241401672363,1.052567481994629,-6.966533184051514]",0.028379106894135475,0.03205414116382599,0.01632026396691799,0.08550911396741867,0.09830188751220703,4.915094375610352,0,0,0,0.49554723501205444,0.49681583046913147,0.993472695350647,0.9334673881530762,0.9997512102127075,0.9991881251335144,-0.0031481897458434105,-0.0,-0.0
196,3.92,196,"[-0.2675893008708954,0.07769827544689178,-0.007804504130035639,0.3213258981704712,-0.029892615973949432,-0.01673002354800701,-0.271711140871048,0.017856620252132416,-0.0072005633264780045,0.30473750829696655,0.11998540908098221,-0.011190631426870823,0.007306348532438278,-0.03259468823671341,-0.3501591086387634,-0.16077066957950592,0.14049150049686432,-0.03167977184057236,0.15994250774383545,1.189001441001892,0.11004328727722168,1.2633552551269531,-0.1577778458595276,0.020753953605890274,0.09187448024749756,0.19192662835121155,-1.59531569480896,0.2241889089345932,-1.2714589834213257]","[-0.39144188165664673,0.064947709441185,0.010626135393977165,0.7399137020111084,-0.21734347939491272,0.028038501739501953,-0.208566352725029,-0.008103527128696442,0.0020483836997300386,0.3169039189815521,0.12926943600177765,0.01476636528968811,0.017741534858942032,-0.04883011430501938,-0.29271239042282104,-0.14203786849975586,0.16322867572307587,-0.08365796506404877,0.11979176849126816,1.2179409265518188,0.22099778056144714,1.2530220746994019,-0.17036011815071106,-0.04583051800727844,-0.0008118558907881379,0.21650022268295288,-1.6206098794937134,0.20731619000434875,-1.2765107154846191]","[0.03017634153366089,0.07396489381790161,0.005993095692247152,0.10376796126365662,0.08568330854177475,0.013344036415219307,0.04073604941368103,0.10221307724714279,-0.005498190876096487,0.09138733148574829,-0.16689151525497437,0.017576804384589195,0.06918495148420334,0.008930638432502747,-0.016480684280395508,-0.3990635275840759,0.0025793910026550293,0.09413212537765503,0.6194509863853455,0.08918344974517822,-0.0726236030459404,0.02466738224029541,-0.26915037631988525,0.06312146037817001,-0.0962497666478157,0.5367770791053772,0.056484341621398926,0.04010684788227081,-0.1315593719482422]","[0.026730148121714592,0.04453076049685478,0.011576561257243156,0.12203257530927658,-0.016779452562332153,0.07959676533937454,0.08151963353157043,0.03233940526843071,0.005662571173161268,0.05672783777117729,-0.12263879925012589,0.0389101505279541,0.009969535283744335,-0.02354554273188114,-0.0083824023604393,-0.3943052291870117,0.0012191389687359333,-0.03270883113145828,0.5663176774978638,-0.02104083076119423,0.2135249525308609,0.023889148607850075,-0.3519004285335541,0.039119549095630646,-0.1699105054140091,0.6080832481384277,-0.08343992382287979,-0.11937206238508224,-0.12059836834669113]","[-1.4362540245056152,0.16139823198318481,-0.01194743812084198,1.079925775527954,-0.0763140544295311,0.14052815735340118,-0.3081852197647095,0.015836268663406372,0.014065279625356197,-0.17021159827709198,0.5722025632858276,0.0459652915596962,0.4346798360347748,-0.1692255288362503,0.42561665177345276,-1.2011184692382812,-0.11751757562160492,-0.24154339730739594,-0.23961184918880463,2.4822044372558594,3.6976654529571533,4.017391204833984,-1.842254638671875,0.42613479495048523,0.13553625345230103,0.5339316725730896,-3.7521846294403076,1.0778251886367798,-6.934010028839111]",0.02869199588894844,0.03258842974901199,0.01646711677312851,0.0861438438296318,0.0982772633433342,4.91386316716671,0,0,0,0.4954535961151123,0.49672219157218933,0.9934062957763672,0.9328179955482483,0.9997020363807678,0.9991316199302673,-0.003370220772922039,-0.0,-0.0
197,3.94,197,"[-0.26676830649375916,0.07910162210464478,-0.00768170366063714,0.3232881724834442,-0.027802983298897743,-0.016436951234936714,-0.27077409625053406,0.019917810335755348,-0.007310247980058193,0.3065314292907715,0.11669719219207764,-0.010794537141919136,0.00874369964003563,-0.03234509378671646,-0.3506745994091034,-0.1687793731689453,0.1404973715543747,-0.029833655804395676,0.1728944182395935,1.1908389329910278,0.10848630219697952,1.2641375064849854,-0.16315370798110962,0.021878797560930252,0.08991812914609909,0.2030773013830185,-1.5941803455352783,0.22493799030780792,-1.2742100954055786]","[-0.3908003270626068,0.06588228791952133,0.01084890030324459,0.7423323392868042,-0.21759255230426788,0.029715044423937798,-0.20680999755859375,-0.007332935929298401,0.0025167062412947416,0.3178379237651825,0.12706272304058075,0.015438752248883247,0.017948798835277557,-0.04935571551322937,-0.2929365038871765,-0.15003973245620728,0.16327717900276184,-0.08438040316104889,0.1314224898815155,1.217424988746643,0.2251083105802536,1.2535932064056396,-0.17773878574371338,-0.04503290355205536,-0.004443718586117029,0.22943687438964844,-1.6221251487731934,0.20484158396720886,-1.2792458534240723]","[0.04616826772689819,0.06631668657064438,0.005136861000210047,0.09087249636650085,0.12368965148925781,0.014987774193286896,0.05098208785057068,0.10310374200344086,-0.007569871377199888,0.08671954274177551,-0.1611335277557373,0.02014639414846897,0.06885509938001633,0.017254147678613663,-0.03665164113044739,-0.39594992995262146,0.0037509948015213013,0.08288514614105225,0.663651168346405,0.09064674377441406,-0.07404163479804993,0.04931986331939697,-0.2689186632633209,0.050546370446681976,-0.09696781635284424,0.5757558941841125,0.057950615882873535,0.034261494874954224,-0.14401376247406006]","[0.034444380551576614,0.04721254110336304,0.010894296690821648,0.11994282156229019,-0.010532110929489136,0.08063649386167526,0.08970560133457184,0.04032570496201515,0.0296181607991457,0.041972819715738297,-0.10409602522850037,0.03140265494585037,0.010636469349265099,-0.029325006529688835,-0.012172096408903599,-0.40035244822502136,0.0029851049184799194,-0.0357959121465683,0.5849713683128357,-0.027393436059355736,0.1982077807188034,0.029882939532399178,-0.37642547488212585,0.03805834800004959,-0.1808137744665146,0.6648555397987366,-0.07067187130451202,-0.11863218247890472,-0.14360223710536957]","[-1.4264798164367676,0.15506646037101746,-0.00966191291809082,1.080505132675171,-0.06484433263540268,0.14398841559886932,-0.3072381019592285,0.029978185892105103,0.014485611580312252,-0.17104505002498627,0.5759694576263428,0.04673389345407486,0.43448540568351746,-0.16891375184059143,0.40388739109039307,-1.2318285703659058,-0.1121763288974762,-0.24835748970508575,-0.2378755658864975,2.4747602939605713,3.687882661819458,4.004474639892578,-1.885438323020935,0.41823914647102356,0.10947183519601822,0.5411416292190552,-3.743412733078003,1.1037195920944214,-6.890402317047119]",0.02903284691274166,0.03343656286597252,0.0166216641664505,0.08677845448255539,0.09824429452419281,4.9122147262096405,0,0,0,0.4953506290912628,0.4965641498565674,0.9933377504348755,0.9321299195289612,0.9996142983436584,0.9990281462669373,-0.0038101007230579853,-0.0,-0.0
198,3.96,198,"[-0.26574257016181946,0.08035094290971756,-0.007599029690027237,0.3249607980251312,-0.024945029988884926,-0.016130512580275536,-0.26967185735702515,0.02198076993227005,-0.007503358181566,0.3082062900066376,0.11354006826877594,-0.010384775698184967,0.010060552507638931,-0.03190452232956886,-0.3516251742839813,-0.17660866677761078,0.14064154028892517,-0.02836436592042446,0.1864885538816452,1.1926273107528687,0.10708162188529968,1.265328049659729,-0.16853459179401398,0.022775808349251747,0.08799576759338379,0.2149568647146225,-1.592997670173645,0.22555936872959137,-1.277219533920288]","[-0.3900412917137146,0.06686368584632874,0.011071262881159782,0.7446754574775696,-0.21769234538078308,0.031355202198028564,-0.20500017702579498,-0.0064133149571716785,0.003472369397059083,0.31854695081710815,0.12521986663341522,0.01602265238761902,0.018152013421058655,-0.04999667778611183,-0.2932603061199188,-0.1580052226781845,0.16335980594158173,-0.08506312221288681,0.14320562779903412,1.2167866230010986,0.2287830114364624,1.254258394241333,-0.18557345867156982,-0.044323474168777466,-0.008125366643071175,0.2434159815311432,-1.6233364343643188,0.20249371230602264,-1.2824232578277588]","[0.05872473120689392,0.06145499646663666,0.006312585901468992,0.06296783685684204,0.15584570169448853,0.01622033305466175,0.05993768572807312,0.10027317702770233,-0.010197004303336143,0.08074194192886353,-0.15278403460979462,0.02026371657848358,0.06747045367956161,0.026203319430351257,-0.049249082803726196,-0.3865894079208374,0.006810575723648071,0.06802477687597275,0.6909925937652588,0.0883251428604126,-0.07415972650051117,0.06797909736633301,-0.26744940876960754,0.0360650010406971,-0.09980350732803345,0.6035361289978027,0.05924105644226074,0.023952871561050415,-0.15916228294372559]","[0.0383467935025692,0.0492015965282917,0.011101577430963516,0.11534208059310913,-0.002600443782284856,0.07836225628852844,0.08890893310308456,0.047238484025001526,0.05276859551668167,0.03223884105682373,-0.08602676540613174,0.028252877295017242,0.01018268708139658,-0.03500412404537201,-0.019209058955311775,-0.39443275332450867,0.004562306217849255,-0.03318851441144943,0.5866935849189758,-0.033347949385643005,0.17511026561260223,0.03393744304776192,-0.3971100151538849,0.03261471912264824,-0.18124766647815704,0.7135676741600037,-0.05456310510635376,-0.11177393049001694,-0.16527177393436432]","[-1.4174795150756836,0.15068694949150085,-0.007449880242347717,1.0783675909042358,-0.0541323646903038,0.14685924351215363,-0.30610495805740356,0.04325619339942932,0.014912440441548824,-0.17104552686214447,0.5770010948181152,0.0479154959321022,0.43187054991722107,-0.16659492254257202,0.37744998931884766,-1.2655906677246094,-0.10722818970680237,-0.2512177526950836,-0.24102173745632172,2.4671218395233154,3.671187162399292,3.9800045490264893,-1.9319926500320435,0.4067418873310089,0.0875493660569191,0.543392539024353,-3.735287666320801,1.1292747259140015,-6.832233428955078]",0.02940746210515499,0.034595221281051636,0.016783352941274643,0.08741892874240875,0.09819216281175613,4.909608140587807,0,0,0,0.49523603916168213,0.4963367283344269,0.9932665228843689,0.9313896298408508,0.9995167851448059,0.9989278316497803,-0.005065093282610178,-0.0,-0.0
199,3.98,199,"[-0.2644193172454834,0.08155982196331024,-0.007429200224578381,0.3258068859577179,-0.021569155156612396,-0.015788137912750244,-0.26837658882141113,0.02392873726785183,-0.007718128152191639,0.309761106967926,0.11058583110570908,-0.009983988478779793,0.0114425178617239,-0.03129696100950241,-0.35264456272125244,-0.18424294888973236,0.14076979458332062,-0.02711266465485096,0.20053412020206451,1.1943719387054443,0.10551991313695908,1.2668566703796387,-0.17385168373584747,0.023321397602558136,0.08592598885297775,0.22721874713897705,-1.591810703277588,0.22589610517024994,-1.2805765867233276]","[-0.3895491063594818,0.06789425760507584,0.011315274983644485,0.7468953132629395,-0.21764397621154785,0.03287509083747864,-0.20361098647117615,-0.005373639520257711,0.0047996086068451405,0.31909868121147156,0.12373583018779755,0.01657072827219963,0.018329216167330742,-0.05070856586098671,-0.29427242279052734,-0.16553063690662384,0.16346649825572968,-0.08562961220741272,0.15482714772224426,1.2160204648971558,0.2318740040063858,1.2549594640731812,-0.19361771643161774,-0.043762799352407455,-0.011624908074736595,0.2582530081272125,-1.624220609664917,0.20034350454807281,-1.2859516143798828]","[0.06614923477172852,0.058377161622047424,0.007270323112607002,0.03141462802886963,0.1799217015504837,0.016772445291280746,0.06711333990097046,0.09418684244155884,-0.012008299119770527,0.07448568940162659,-0.142650306224823,0.019271578639745712,0.06532303988933563,0.03548255190253258,-0.05441904067993164,-0.3736596703529358,0.010254979133605957,0.051961421966552734,0.7046088576316833,0.08273124694824219,-0.07500182837247849,0.08454620838165283,-0.26362577080726624,0.019991351291537285,-0.10198839008808136,0.6180122494697571,0.05975961685180664,0.01240856945514679,-0.17292797565460205]","[0.019230403006076813,0.05102212727069855,0.01266644336283207,0.1080506220459938,0.004648640286177397,0.07186118513345718,0.061260078102350235,0.05198841169476509,0.06860487908124924,0.024501394480466843,-0.06856250017881393,0.026995811611413956,0.008502953685820103,-0.03825640678405762,-0.06377210468053818,-0.3657645285129547,0.005537638906389475,-0.027357392013072968,0.5738404989242554,-0.03989487886428833,0.14488689601421356,0.03487815335392952,-0.4026508927345276,0.02585582807660103,-0.17087699472904205,0.7529484033584595,-0.03881087154150009,-0.10309798270463943,-0.18159456551074982]","[-1.4105274677276611,0.14932066202163696,-0.005045965313911438,1.0745439529418945,-0.04560389369726181,0.14886851608753204,-0.3040456473827362,0.054607242345809937,0.01569126546382904,-0.16960693895816803,0.5753045082092285,0.04932049661874771,0.42655283212661743,-0.16055625677108765,0.3465561270713806,-1.3043161630630493,-0.10208936035633087,-0.24923495948314667,-0.2503467798233032,2.459871530532837,3.6464779376983643,3.940525531768799,-1.9806708097457886,0.3912407457828522,0.07014451175928116,0.5393868088722229,-3.7295265197753906,1.1539626121520996,-6.757673263549805]",0.029785875231027603,0.03625452518463135,0.016942203044891357,0.08820100128650665,0.09811609238386154,4.905804619193077,0,0,0,0.49511733651161194,0.49599218368530273,0.9931895732879639,0.9304351806640625,0.9994185566902161,0.9987900853157043,-0.00713827321305871,-0.0,-0.0
200,4.0,200,"[-0.2630966007709503,0.08268602937459946,-0.007308216765522957,0.326217383146286,-0.017748162150382996,-0.015459614805877209,-0.26698732376098633,0.025748243555426598,-0.00798369012773037,0.31118571758270264,0.10783405601978302,-0.009613912552595139,0.012673473916947842,-0.03048522025346756,-0.3538019359111786,-0.19155505299568176,0.1410517394542694,-0.026285909116268158,0.21467290818691254,1.1959365606307983,0.10408154875040054,1.2687098979949951,-0.17907962203025818,0.02357546240091324,0.08391623198986053,0.23967735469341278,-1.5906072854995728,0.22605571150779724,-1.2841366529464722]","[-0.38925695419311523,0.06890074908733368,0.011596838012337685,0.7489076852798462,-0.21746249496936798,0.03421726077795029,-0.20263658463954926,-0.00431900704279542,0.006339960731565952,0.31954893469810486,0.12250706553459167,0.01708291471004486,0.01845618709921837,-0.05151550471782684,-0.2959233820438385,-0.17239965498447418,0.1635960191488266,-0.08604670315980911,0.1659470647573471,1.2151360511779785,0.23436002433300018,1.255643606185913,-0.20168215036392212,-0.043290816247463226,-0.014917935244739056,0.27360060811042786,-1.624845266342163,0.1983400285243988,-1.2897379398345947]","[0.06763413548469543,0.055588409304618835,0.006151606794446707,0.013017654418945312,0.2023998647928238,0.01651328057050705,0.07123351097106934,0.08854461461305618,-0.011464604176580906,0.07018893957138062,-0.13436545431613922,0.020401692017912865,0.06096861511468887,0.04406753182411194,-0.05345568060874939,-0.35756194591522217,0.016702711582183838,0.035942718386650085,0.7020384073257446,0.07394850254058838,-0.07300823926925659,0.09957849979400635,-0.2564389407634735,0.001918477937579155,-0.09688436985015869,0.6159752607345581,0.06177723407745361,0.001551210880279541,-0.17853081226348877]","[0.012815053574740887,0.048357170075178146,0.014599097892642021,0.09607347100973129,0.011042660102248192,0.0627896711230278,0.04303133860230446,0.050918757915496826,0.07663321495056152,0.020779168233275414,-0.057843636721372604,0.024974800646305084,0.005678857676684856,-0.04332851991057396,-0.09025385975837708,-0.33051323890686035,0.00666140578687191,-0.018912967294454575,0.54240882396698,-0.045481372624635696,0.11426001042127609,0.03331828862428665,-0.40074431896209717,0.02268543653190136,-0.16109076142311096,0.7705487012863159,-0.027532603591680527,-0.09694378077983856,-0.19293156266212463]","[-1.4052083492279053,0.15159234404563904,-0.00315895676612854,1.0695171356201172,-0.03887563198804855,0.15016178786754608,-0.2991273105144501,0.0644630491733551,0.016547366976737976,-0.165647491812706,0.5693707466125488,0.04955766350030899,0.4187488853931427,-0.15114977955818176,0.31545764207839966,-1.3464081287384033,-0.09656353294849396,-0.2416173666715622,-0.26866739988327026,2.454209566116333,3.6135385036468506,3.8941164016723633,-2.0247576236724854,0.3727334439754486,0.057840220630168915,0.5233882069587708,-3.7263479232788086,1.1743826866149902,-6.667902946472168]",0.03015739470720291,0.038329362869262695,0.01709582284092903,0.08908971399068832,0.09803741425275803,4.901870712637901,0,0,0,0.49499836564064026,0.4955335557460785,0.9931105375289917,0.9293485283851624,0.999325692653656,0.9985759854316711,-0.009022424928843975,-0.0,-0.0
201,4.0200000000000005,201,"[-0.2617139518260956,0.083783358335495,-0.007183135952800512,0.3263275921344757,-0.013473160564899445,-0.015127606689929962,-0.26552724838256836,0.02747052162885666,-0.008176712319254875,0.31256866455078125,0.10521121323108673,-0.009167920798063278,0.013881262391805649,-0.02953425981104374,-0.3547827899456024,-0.1985454261302948,0.14143790304660797,-0.025674955919384956,0.2286156564950943,1.1973298788070679,0.10259958356618881,1.270839810371399,-0.18410924077033997,0.023398136720061302,0.0820506140589714,0.2518577575683594,-1.5893396139144897,0.22595815360546112,-1.2877178192138672]","[-0.3890530467033386,0.06981608271598816,0.011895191855728626,0.7506521940231323,-0.21717041730880737,0.03534633293747902,-0.20198488235473633,-0.0033365373965352774,0.00790343526750803,0.31997665762901306,0.12139678746461868,0.017532816156744957,0.018518317490816116,-0.052425626665353775,-0.29789188504219055,-0.17848876118659973,0.16375499963760376,-0.08633778244256973,0.1761014759540558,1.2141577005386353,0.23628899455070496,1.2562381029129028,-0.2094843089580536,-0.04288255795836449,-0.017985643818974495,0.2887699007987976,-1.6253042221069336,0.19648687541484833,-1.2935973405838013]","[0.06714984774589539,0.05339868366718292,0.005320471245795488,0.004953891038894653,0.21924269199371338,0.016132719814777374,0.07297992706298828,0.08326270431280136,-0.0085755018517375,0.06690770387649536,-0.12801942229270935,0.022410089150071144,0.05614110454916954,0.05060448497533798,-0.047434866428375244,-0.3386862576007843,0.02460777759552002,0.02236589789390564,0.6859526038169861,0.06334781646728516,-0.07075201719999313,0.11361539363861084,-0.24559050798416138,-0.015588430687785149,-0.08709747344255447,0.5992677211761475,0.06442070007324219,-0.009504333138465881,-0.17913877964019775]","[0.009143110364675522,0.0430331826210022,0.014828567393124104,0.08201171457767487,0.016290130093693733,0.05271553993225098,0.027769461274147034,0.046352408826351166,0.07509573549032211,0.02073279209434986,-0.05396474152803421,0.02141852118074894,0.0023255604319274426,-0.04819073900580406,-0.10082931816577911,-0.2892778813838959,0.008283018134534359,-0.013336317613720894,0.48517879843711853,-0.049779750406742096,0.08758511394262314,0.02758006751537323,-0.38157233595848083,0.019460201263427734,-0.14926861226558685,0.7470827698707581,-0.02071295864880085,-0.08916427940130234,-0.19323945045471191]","[-1.4021108150482178,0.15748021006584167,-0.001988649368286133,1.0629351139068604,-0.03373163193464279,0.15054792165756226,-0.290872186422348,0.07205143570899963,0.017281636595726013,-0.15962205827236176,0.5590473413467407,0.04851410537958145,0.4087141454219818,-0.1398921012878418,0.28495535254478455,-1.3903042078018188,-0.08996029198169708,-0.2286941558122635,-0.29645800590515137,2.4505298137664795,3.573188066482544,3.8464221954345703,-2.0620081424713135,0.3514918386936188,0.05200851708650589,0.4929271340370178,-3.726320505142212,1.1892471313476562,-6.567924499511719]",0.030512098222970963,0.040724001824855804,0.01723610982298851,0.09005329757928848,0.09796013683080673,4.898006841540337,0,0,0,0.4948817789554596,0.4949653446674347,0.9930324554443359,0.9281726479530334,0.9992715716362,0.9983761310577393,-0.010693593882024288,-0.0,-0.0
202,4.04,202,"[-0.2604106068611145,0.08482197672128677,-0.007095397915691137,0.3264155387878418,-0.008978454396128654,-0.014814306050539017,-0.2640681266784668,0.029078751802444458,-0.00832671020179987,0.31386202573776245,0.10271327942609787,-0.008717508986592293,0.014919118024408817,-0.028461040928959846,-0.3556993305683136,-0.20510250329971313,0.1420360505580902,-0.025391273200511932,0.24211101233959198,1.1984704732894897,0.10125146806240082,1.2732545137405396,-0.18890324234962463,0.022951925173401833,0.08043233305215836,0.26364806294441223,-1.588030457496643,0.2256755381822586,-1.29130220413208]","[-0.38891544938087463,0.07059641927480698,0.012184404768049717,0.7520942091941833,-0.21679559350013733,0.036265335977077484,-0.20162314176559448,-0.0024943393655121326,0.009293732233345509,0.3204430639743805,0.12026988714933395,0.017905371263623238,0.01850868947803974,-0.05343127250671387,-0.2998690903186798,-0.18363162875175476,0.1639559268951416,-0.08650529384613037,0.18469920754432678,1.2131156921386719,0.2376759648323059,1.2566401958465576,-0.21662695705890656,-0.042546190321445465,-0.020733283832669258,0.302814781665802,-1.6256906986236572,0.19485604763031006,-1.2972735166549683]","[0.06766021251678467,0.050120241940021515,0.006246729753911495,0.002650916576385498,0.2220420241355896,0.014427071437239647,0.07446855306625366,0.07590307295322418,-0.004283641465008259,0.06284639239311218,-0.12348536401987076,0.023549633100628853,0.05180412158370018,0.05483594909310341,-0.03444403409957886,-0.31893664598464966,0.029920414090156555,0.012635253369808197,0.6574597358703613,0.053125619888305664,-0.07145795971155167,0.12316405773162842,-0.23399218916893005,-0.03156252205371857,-0.07845330983400345,0.5709439516067505,0.06643235683441162,-0.021277740597724915,-0.1803576946258545]","[0.005967183969914913,0.03576567769050598,0.014028862118721008,0.06626381725072861,0.01999174989759922,0.043010830879211426,0.013772372156381607,0.038526978343725204,0.06406070291996002,0.023301444947719574,-0.05676804482936859,0.017411042004823685,-0.0013510434655472636,-0.05248432978987694,-0.09608925879001617,-0.23871876299381256,0.010521533899009228,-0.006966714281588793,0.3966521620750427,-0.05243917927145958,0.060652878135442734,0.016324013471603394,-0.3412513732910156,0.015699010342359543,-0.13154998421669006,0.6732856631278992,-0.018616368994116783,-0.07715469598770142,-0.17982634902000427]","[-1.40016508102417,0.16696128249168396,-0.001514345407485962,1.0551269054412842,-0.03104870766401291,0.14977401494979858,-0.2795618772506714,0.07593110203742981,0.01775766909122467,-0.15166474878787994,0.5452079772949219,0.04713890701532364,0.3974388539791107,-0.12693943083286285,0.25354641675949097,-1.4347211122512817,-0.08150199055671692,-0.21156714856624603,-0.33458954095840454,2.449178457260132,3.525406837463379,3.799769878387451,-2.093345880508423,0.32775601744651794,0.05285671353340149,0.44869691133499146,-3.730926275253296,1.1987329721450806,-6.462967872619629]",0.03083452582359314,0.04324503615498543,0.01735096424818039,0.0910463035106659,0.0978841483592987,4.894207417964935,0,0,0,0.4947722852230072,0.49432137608528137,0.9929574131965637,0.9269840121269226,0.9992843270301819,0.9982513189315796,-0.012363328598439693,-0.0,-0.0
203,4.0600000000000005,203,"[-0.2590075433254242,0.08578816801309586,-0.0069332667626440525,0.32643362879753113,-0.004591480363160372,-0.014550523832440376,-0.2625485062599182,0.030506644397974014,-0.008348057977855206,0.31508252024650574,0.1002717986702919,-0.008225935511291027,0.01595342718064785,-0.02734082192182541,-0.35616055130958557,-0.21130289137363434,0.14263471961021423,-0.02516954578459263,0.2549140453338623,1.1994549036026,0.09974126517772675,1.275766372680664,-0.19346892833709717,0.02213563583791256,0.07891248166561127,0.2746955156326294,-1.5866823196411133,0.22510704398155212,-1.2949321269989014]","[-0.38883426785469055,0.07118742913007736,0.012451029382646084,0.753196120262146,-0.21637313067913055,0.037049971520900726,-0.20150098204612732,-0.0018683543894439936,0.01034907903522253,0.3209598958492279,0.11898595094680786,0.01821049489080906,0.018418649211525917,-0.05452461540699005,-0.3015769124031067,-0.1876332014799118,0.1642065942287445,-0.08653227984905243,0.19113019108772278,1.2120493650436401,0.2385186403989792,1.2567366361618042,-0.22265857458114624,-0.04229196906089783,-0.023032914847135544,0.3146941363811493,-1.6261024475097656,0.1935269832611084,-1.3004730939865112]","[0.06827116012573242,0.045550987124443054,0.007705052848905325,0.0016205012798309326,0.21499742567539215,0.011897156946361065,0.0740639865398407,0.06698742508888245,0.0009519746527075768,0.05789920687675476,-0.12079868465662003,0.024121547117829323,0.048352569341659546,0.05725366249680519,-0.01700371503829956,-0.29883795976638794,0.03274455666542053,0.005746306851506233,0.618664562702179,0.043776631355285645,-0.0742398202419281,0.1293778419494629,-0.22129826247692108,-0.04594596102833748,-0.07056817412376404,0.5322188138961792,0.06717145442962646,-0.03249943256378174,-0.1795440912246704]","[0.003413103986531496,0.02555796504020691,0.012580559588968754,0.0485103502869606,0.021879350766539574,0.03755241632461548,0.0032023382373154163,0.026812367141246796,0.04590831696987152,0.025088172405958176,-0.06674639135599136,0.014255733229219913,-0.005554996430873871,-0.05634931102395058,-0.07816395908594131,-0.17838117480278015,0.013018572703003883,0.00017763620417099446,0.27843159437179565,-0.05298788100481033,0.0342559739947319,-0.000633806106634438,-0.27783671021461487,0.011464603245258331,-0.10699309408664703,0.5469909310340881,-0.02148319222033024,-0.06122668460011482,-0.15119093656539917]","[-1.3985899686813354,0.1789073646068573,-0.001743420958518982,1.0466468334197998,-0.03138282150030136,0.14826637506484985,-0.26575398445129395,0.07509240508079529,0.01825059950351715,-0.1418388932943344,0.5284719467163086,0.046247698366642,0.38528910279273987,-0.11227819323539734,0.2195693850517273,-1.4790247678756714,-0.07061797380447388,-0.19155381619930267,-0.38154804706573486,2.4509427547454834,3.4703822135925293,3.75473952293396,-2.120900869369507,0.3015793561935425,0.05915381759405136,0.3917955756187439,-3.740196466445923,1.2041449546813965,-6.354584693908691]",0.03107531927525997,0.04584741219878197,0.017423322424292564,0.09208082407712936,0.09780299663543701,4.890149831771851,0,0,0,0.4946865141391754,0.4936065077781677,0.9928872585296631,0.9257881045341492,0.9993364214897156,0.998162567615509,-0.01431755069643259,-0.0,-0.0
204,4.08,204,"[-0.2576797604560852,0.0866440162062645,-0.006787195801734924,0.32648035883903503,-0.0003785574808716774,-0.014338419772684574,-0.26110556721687317,0.031758248805999756,-0.008288631215691566,0.31617799401283264,0.09788133203983307,-0.007752647157758474,0.016853220760822296,-0.026170894503593445,-0.3563794791698456,-0.2170560210943222,0.14334583282470703,-0.025161420926451683,0.2668575942516327,1.2002215385437012,0.0982818752527237,1.278429627418518,-0.19775517284870148,0.021114086732268333,0.0776096060872078,0.2849368155002594,-1.585343599319458,0.22437556087970734,-1.298483967781067]","[-0.38877952098846436,0.07152797281742096,0.012691972777247429,0.7538993954658508,-0.21594110131263733,0.037726592272520065,-0.20149938762187958,-0.001536582363769412,0.010988782159984112,0.3214385509490967,0.11729531735181808,0.018472013995051384,0.018231714144349098,-0.055679913610219955,-0.3028130829334259,-0.19028881192207336,0.16449888050556183,-0.08643396943807602,0.19486229121685028,1.2110058069229126,0.23901139199733734,1.2564319372177124,-0.2271590232849121,-0.04212752729654312,-0.024724707007408142,0.3234618306159973,-1.6266218423843384,0.19252222776412964,-1.302912950515747]","[0.06477385759353638,0.04287213087081909,0.0077842967584729195,-0.001531839370727539,0.20476765930652618,0.01067847479134798,0.06966367363929749,0.06159814074635506,0.0059518031775951385,0.05225539207458496,-0.11901315301656723,0.02012309804558754,0.04007765278220177,0.05955924466252327,-0.004260987043380737,-0.2738338112831116,0.0412479043006897,-0.010050926357507706,0.5654484033584595,0.02834796905517578,-0.06491243839263916,0.13283193111419678,-0.20199529826641083,-0.058025214821100235,-0.061220861971378326,0.48255398869514465,0.06773173809051514,-0.04716254770755768,-0.1709192991256714]","[0.0024845923762768507,0.012412706390023232,0.011325079016387463,0.02737160213291645,0.021854955703020096,0.03216637298464775,-0.0012642423389479518,0.011435422115027905,0.02555789239704609,0.021063651889562607,-0.09031505882740021,0.012400357984006405,-0.010545177385210991,-0.05831044539809227,-0.05220582336187363,-0.10740260034799576,0.01515265367925167,0.006444122642278671,0.13575761020183563,-0.05132824927568436,0.02070406824350357,-0.0218295156955719,-0.19463109970092773,0.006868612952530384,-0.07363544404506683,0.3765784502029419,-0.028159167617559433,-0.04529619589447975,-0.10864824056625366]","[-1.3974488973617554,0.1912461817264557,-0.002052202820777893,1.035919427871704,-0.03594791144132614,0.14496199786663055,-0.24996450543403625,0.06962022185325623,0.018893465399742126,-0.1320422738790512,0.5091234445571899,0.045970119535923004,0.3728281259536743,-0.09567506611347198,0.1856703758239746,-1.5221692323684692,-0.057510558515787125,-0.16945229470729828,-0.4338342547416687,2.4528968334198,3.411228895187378,3.7162656784057617,-2.143256187438965,0.274310827255249,0.06949186325073242,0.32864078879356384,-3.751577138900757,1.2035284042358398,-6.24583625793457]",0.03121124766767025,0.048327818512916565,0.017449673265218735,0.09310867637395859,0.09774510562419891,4.887255281209946,0,0,0,0.4946330487728119,0.4928761124610901,0.9928236603736877,0.9246610999107361,0.9993576407432556,0.9979857206344604,-0.015082122758030891,-0.0,-0.0
205,4.1,205,"[-0.25641658902168274,0.08750305324792862,-0.006621894892305136,0.326372355222702,0.003599225776270032,-0.014123384840786457,-0.2597619593143463,0.03297057002782822,-0.0081099858507514,0.31717273592948914,0.09551127254962921,-0.007421011570841074,0.017556533217430115,-0.024958452209830284,-0.3563309907913208,-0.22225624322891235,0.14428463578224182,-0.025571582838892937,0.2775319814682007,1.2005888223648071,0.09714476764202118,1.281079649925232,-0.2015487402677536,0.01981462724506855,0.07646364718675613,0.2939976751804352,-1.5839730501174927,0.22322054207324982,-1.3017688989639282]","[-0.38875141739845276,0.07165481895208359,0.012865741737186909,0.7541674375534058,-0.21553903818130493,0.03829110786318779,-0.20149706304073334,-0.0013040445046499372,0.011307979933917522,0.3219819664955139,0.1144729033112526,0.01873304322361946,0.017978526651859283,-0.056762758642435074,-0.3036865293979645,-0.19167158007621765,0.16479945182800293,-0.08626008778810501,0.19620820879936218,1.2100067138671875,0.23923377692699432,1.2558631896972656,-0.22978030145168304,-0.04206433519721031,-0.025780735537409782,0.32868149876594543,-1.6273137331008911,0.19179688394069672,-1.3044884204864502]","[0.05868077278137207,0.04200153052806854,0.0072445254772901535,-0.007583945989608765,0.19327473640441895,0.01033672597259283,0.06312727928161621,0.05899062380194664,0.009964103810489178,0.04588291049003601,-0.11819172650575638,0.015209254808723927,0.029170606285333633,0.06099255010485649,0.006607919931411743,-0.24582594633102417,0.05067065358161926,-0.026438897475600243,0.5022131204605103,0.01042187213897705,-0.05205962806940079,0.1318603754043579,-0.1780979335308075,-0.06828424334526062,-0.0508282333612442,0.4245832562446594,0.06842911243438721,-0.06320476531982422,-0.15821456909179688]","[0.0005755910533480346,0.004328505136072636,0.006192914210259914,0.006739322561770678,0.019576475024223328,0.02666163444519043,0.0008338622865267098,0.01186504028737545,0.009811718948185444,0.026871435344219208,-0.15879249572753906,0.012966834008693695,-0.01218612864613533,-0.04960779845714569,-0.040428102016448975,-0.05280902609229088,0.014117777347564697,0.008255911991000175,0.040533099323511124,-0.04929259791970253,0.00614010076969862,-0.028394833207130432,-0.0975203588604927,0.0014928008895367384,-0.044513821601867676,0.20211200416088104,-0.038211334496736526,-0.03237033635377884,-0.06578024476766586]","[-1.3974928855895996,0.20293942093849182,-0.0026676952838897705,1.0227611064910889,-0.044640474021434784,0.14081454277038574,-0.232477068901062,0.05962797999382019,0.02006717026233673,-0.12158019840717316,0.48679259419441223,0.04650525003671646,0.3606446087360382,-0.07809096574783325,0.15156781673431396,-1.563831090927124,-0.042263273149728775,-0.145064115524292,-0.49048376083374023,2.455343723297119,3.349022626876831,3.68868088722229,-2.1605751514434814,0.24739843606948853,0.08275667577981949,0.2615257799625397,-3.7638440132141113,1.1970579624176025,-6.135980606079102]",0.031232336536049843,0.050421684980392456,0.017436042428016663,0.09400153905153275,0.09769630432128906,4.884815216064453,0,0,0,0.49461600184440613,0.4922064542770386,0.9927685260772705,0.9236794710159302,0.9993602633476257,0.9978913068771362,-0.01570647954940796,-0.0,-0.0
206,4.12,206,"[-0.2553325295448303,0.08832407742738724,-0.006497414782643318,0.3261770009994507,0.007352431770414114,-0.013924950733780861,-0.2585804760456085,0.03411787375807762,-0.007890067063272,0.3180133104324341,0.09315366297960281,-0.007144276984035969,0.01802004501223564,-0.02373119257390499,-0.3561151623725891,-0.22688905894756317,0.1453726589679718,-0.026218976825475693,0.2869461178779602,1.2006384134292603,0.09619949012994766,1.2837040424346924,-0.20487909018993378,0.018382716923952103,0.07557647675275803,0.3019201457500458,-1.5826064348220825,0.22184737026691437,-1.3048125505447388]","[-0.388702929019928,0.07181067764759064,0.012869615107774734,0.7541139721870422,-0.2151978462934494,0.03877400606870651,-0.2022123783826828,-0.000909778755158186,0.011425906792283058,0.32174721360206604,0.10323167592287064,0.019027236849069595,0.017758691683411598,-0.057264767587184906,-0.30426788330078125,-0.1922200620174408,0.16503563523292542,-0.08602064847946167,0.19638018310070038,1.208992838859558,0.2391849011182785,1.255386233329773,-0.23079735040664673,-0.042137157171964645,-0.026325957849621773,0.33089619874954224,-1.6282857656478882,0.191240131855011,-1.3052765130996704]","[0.05313009023666382,0.039660558104515076,0.0072588794864714146,-0.013118982315063477,0.18300333619117737,0.010050996206700802,0.05675405263900757,0.05338219925761223,0.012072793208062649,0.04006996750831604,-0.11880677193403244,0.01624193973839283,0.024550780653953552,0.05883676931262016,0.019300729036331177,-0.21779462695121765,0.05412288010120392,-0.033056922256946564,0.43764933943748474,-0.004091858863830566,-0.045592524111270905,0.12637674808502197,-0.15274137258529663,-0.07474939525127411,-0.03964696079492569,0.36205798387527466,0.0681847333908081,-0.07448233664035797,-0.14410316944122314]","[0.0032797041349112988,0.008194582536816597,-0.008350400254130363,-0.00787025224417448,0.01648261956870556,0.023792827501893044,-0.01885143481194973,0.01163816824555397,-0.0069745443761348724,0.08543898910284042,-0.37154752016067505,0.013999433256685734,-0.017950505018234253,-0.009205467998981476,-0.030896203592419624,-0.011532464995980263,0.008741880767047405,0.010191789828240871,-0.0017047167057171464,-0.05233893170952797,-0.006791051011532545,-0.020592888817191124,-0.021278591826558113,-0.0059268721379339695,-0.018203573301434517,0.06627213954925537,-0.0546879768371582,-0.02163049578666687,-0.02949513867497444]","[-1.3991303443908691,0.2120639979839325,-0.004136443138122559,1.0073591470718384,-0.05492716282606125,0.13852865993976593,-0.21615907549858093,0.04461333155632019,0.021510884165763855,-0.10822711884975433,0.46164295077323914,0.04823509603738785,0.34920910000801086,-0.06146359071135521,0.11442685127258301,-1.6017999649047852,-0.02415519580245018,-0.11857552826404572,-0.5550040006637573,2.462719678878784,3.2808728218078613,3.6670618057250977,-2.1739628314971924,0.22239753603935242,0.09763527661561966,0.1846834123134613,-3.7767772674560547,1.1879684925079346,-6.0248122215271]",0.031169606372714043,0.05183785408735275,0.017325518652796745,0.0943615734577179,0.09762918204069138,4.881459102034569,0,0,0,0.4946315288543701,0.49170613288879395,0.9927347302436829,0.9231032133102417,0.9994015097618103,0.9973170161247253,-0.01743478700518608,-0.0,-0.0
207,4.14,207,"[-0.2542913854122162,0.08908947557210922,-0.006331539712846279,0.3258475959300995,0.01091935858130455,-0.013721344992518425,-0.257491797208786,0.035105857998132706,-0.0076270741410553455,0.3187755346298218,0.09075900167226791,-0.006771333981305361,0.018538564443588257,-0.022604981437325478,-0.35555896162986755,-0.23096802830696106,0.14644955098628998,-0.0268938597291708,0.2950379550457001,1.200425148010254,0.09532106667757034,1.2861347198486328,-0.20765839517116547,0.01682465150952339,0.0748777687549591,0.30847999453544617,-1.5812456607818604,0.2202412486076355,-1.3075330257415771]","[-0.38863953948020935,0.07188469916582108,0.012735878117382526,0.7538429498672485,-0.21492858231067657,0.03922180458903313,-0.2023654282093048,-0.0007988308789208531,0.011349069885909557,0.3240734040737152,0.09770117700099945,0.01937364786863327,0.01737680286169052,-0.05732379108667374,-0.3047691285610199,-0.19220402836799622,0.16521966457366943,-0.0855673998594284,0.19593071937561035,1.207964301109314,0.23891569674015045,1.2549026012420654,-0.2307157963514328,-0.04227006435394287,-0.02642698585987091,0.33093899488449097,-1.6295907497406006,0.19076421856880188,-1.3054022789001465]","[0.04793107509613037,0.03634076565504074,0.007071776781231165,-0.01763775944709778,0.17423242330551147,0.00947930384427309,0.0506080687046051,0.0460965558886528,0.01331501454114914,0.03480464220046997,-0.12056436389684677,0.018913589417934418,0.025208527222275734,0.05456777289509773,0.033020228147506714,-0.18989592790603638,0.05312971770763397,-0.0332791842520237,0.372391939163208,-0.015160441398620605,-0.04245992749929428,0.11760890483856201,-0.12652911245822906,-0.07798359543085098,-0.029031746089458466,0.2969972789287567,0.06639361381530762,-0.08223950862884521,-0.1293271780014038]","[0.002643803134560585,0.0017970290500670671,-0.004305664449930191,-0.015632465481758118,0.012536709196865559,0.0214151032269001,-0.002532560843974352,0.003988438751548529,-0.002107082400470972,0.11605516076087952,-0.24644789099693298,0.018781190738081932,-0.017889071255922318,-0.0018469429342076182,-0.021979862824082375,0.004649445880204439,0.009537920355796814,0.029317477717995644,-0.030637577176094055,-0.05092090740799904,-0.015872245654463768,-0.026321347802877426,0.015490938909351826,-0.006478035822510719,0.00014611287042498589,-0.02791985124349594,-0.0698174238204956,-0.028138265013694763,0.004628784488886595]","[-1.402858018875122,0.21831253170967102,-0.006248697638511658,0.9919655919075012,-0.06599005311727524,0.1383691281080246,-0.20089343190193176,0.02676340937614441,0.023404285311698914,-0.0899059921503067,0.43672919273376465,0.05150047689676285,0.3400415778160095,-0.0481787733733654,0.07070475816726685,-1.6364301443099976,-0.00253504142165184,-0.08917121589183807,-0.6274197101593018,2.475170135498047,3.207366943359375,3.6533498764038086,-2.1830742359161377,0.2007778286933899,0.11387055367231369,0.09443268924951553,-3.790297746658325,1.1766440868377686,-5.910867691040039]",0.031018536537885666,0.05270472541451454,0.01726824976503849,0.09483087807893753,0.09758415073156357,4.879207536578178,0,0,0,0.4946736991405487,0.4913926124572754,0.9927120804786682,0.9226191639900208,0.9994474053382874,0.9983054399490356,-0.01994313672184944,-0.0,-0.0
208,4.16,208,"[-0.2534152865409851,0.08977770805358887,-0.006214543711394072,0.3254714906215668,0.014321728609502316,-0.013545778580009937,-0.2565561532974243,0.035961735993623734,-0.007357466500252485,0.3194054961204529,0.08833108842372894,-0.006387733388692141,0.01902838610112667,-0.021548481658101082,-0.35479435324668884,-0.23448489606380463,0.14749784767627716,-0.027550144121050835,0.3018417954444885,1.2000319957733154,0.09450109302997589,1.2884083986282349,-0.20994025468826294,0.015263373032212257,0.07441520690917969,0.31380003690719604,-1.5799506902694702,0.21855778992176056,-1.309985637664795]","[-0.3886581063270569,0.07177159935235977,0.012763600796461105,0.7533997893333435,-0.2147250920534134,0.03963901847600937,-0.20236891508102417,-0.0006929798400960863,0.011281558312475681,0.32646796107292175,0.09156925976276398,0.019927749410271645,0.017052622511982918,-0.05736011639237404,-0.305281400680542,-0.19169123470783234,0.16540147364139557,-0.08427972346544266,0.19491097331047058,1.2069979906082153,0.23751778900623322,1.254184603691101,-0.22947578132152557,-0.042425982654094696,-0.026233986020088196,0.3286491632461548,-1.6311757564544678,0.18975836038589478,-1.3045828342437744]","[0.04223436117172241,0.03157593309879303,0.005783105734735727,-0.020072609186172485,0.16511479020118713,0.008136080577969551,0.046478211879730225,0.03847545012831688,0.014240609481930733,0.028962641954421997,-0.12416224926710129,0.022139843553304672,0.027016038075089455,0.050811052322387695,0.04716143012046814,-0.16676858067512512,0.04314519464969635,-0.022741174325346947,0.31394660472869873,-0.017786026000976562,-0.04788152873516083,0.10643899440765381,-0.1048058271408081,-0.07861370593309402,-0.023051723837852478,0.23745298385620117,0.0628739595413208,-0.08573345839977264,-0.11946558952331543]","[-0.0025457055307924747,-0.009130612015724182,0.004316146485507488,-0.025837549939751625,0.00958404503762722,0.020286038517951965,0.00021259135974105448,0.005102493334561586,-0.003606440033763647,0.11167056113481522,-0.32763081789016724,0.027889953926205635,-0.014480517245829105,-0.0017976368544623256,-0.029140930622816086,0.034459128975868225,0.008168087340891361,0.0742405578494072,-0.0598180927336216,-0.047305941581726074,-0.08533523976802826,-0.039836253970861435,0.08529401570558548,-0.007844580337405205,0.016977459192276,-0.15655745565891266,-0.08344606310129166,-0.059712763875722885,0.05735333263874054]","[-1.4104983806610107,0.22281065583229065,-0.007790744304656982,0.9786900877952576,-0.07676159590482712,0.1406777948141098,-0.18586742877960205,0.0068056583404541016,0.026211842894554138,-0.0718490332365036,0.41005057096481323,0.05413917452096939,0.3350602090358734,-0.036112185567617416,0.02756047248840332,-1.6648327112197876,0.022124242037534714,-0.060919906944036484,-0.7009172439575195,2.4922800064086914,3.1265547275543213,3.64078426361084,-2.1934280395507812,0.18101400136947632,0.12995919585227966,-0.0052366480231285095,-3.803955316543579,1.172031283378601,-5.795053482055664]",0.03073158487677574,0.05302756652235985,0.017199229449033737,0.09498174488544464,0.09754413366317749,4.8772066831588745,0,0,0,0.49475738406181335,0.4912402927875519,0.9927030801773071,0.9224050641059875,0.9993317723274231,0.9982660412788391,-0.021497301757335663,-0.0,-0.0
