step,sim_time_s,motion_frame,reference_joint_pos,actual_joint_pos,reference_joint_vel,actual_joint_vel,policy_action,anchor_position_error,anchor_rotation_error,body_position_error,body_rotation_error,total_reward,total_reward_rate,terminated,truncated,done,reward/motion_global_root_pos,reward/motion_global_root_ori,reward/motion_body_pos,reward/motion_body_ori,reward/motion_body_lin_vel,reward/motion_body_ang_vel,reward/action_rate_l2,reward/joint_limit,reward/self_collisions
0,0.0,0,"[-0.151760995388031,0.017413051798939705,1.8057655324810185e-05,0.3423095643520355,-0.10905236750841141,4.9645132094156e-05,-0.14484040439128876,-0.03683445230126381,0.036976393312215805,0.35469281673431396,-0.2922256290912628,-0.13448715209960938,-0.06163670867681503,0.021036138758063316,-0.2633184492588043,0.7522407174110413,0.3470771312713623,-0.0822630450129509,-0.6848981380462646,1.2043267488479614,0.1989864856004715,1.5633277893066406,0.4761209785938263,-0.16363781690597534,-0.27294713258743286,-0.44259878993034363,-1.2330381870269775,-0.4042722284793854,-1.548257827758789]","[-0.19066740572452545,0.02345624566078186,0.021484609693288803,0.4696708023548126,-0.13444675505161285,-0.012646094895899296,-0.1670629233121872,-0.030054694041609764,0.037011366337537766,0.4551609754562378,-0.2862758934497833,-0.10854688286781311,-0.04488765448331833,0.021702390164136887,-0.2677878439426422,0.6928823590278625,0.3214663565158844,-0.05567511171102524,-0.6287742853164673,1.161392092704773,0.11741583049297333,1.45838463306427,0.5074517726898193,-0.1521560698747635,-0.270525723695755,-0.43375203013420105,-1.0939222574234009,-0.33782970905303955,-1.2884598970413208]","[-1.3449572324752808,-0.25420138239860535,0.09680754691362381,4.548050403594971,-0.9019423723220825,-0.11386607587337494,-0.9623520374298096,0.09725876152515411,0.39697661995887756,4.119776248931885,-0.4510805010795593,-0.03913789987564087,0.024151429533958435,0.02899104729294777,-0.7216915488243103,0.14627277851104736,-0.8293882012367249,-0.7411777973175049,-0.18776953220367432,0.6246030330657959,0.14483705163002014,-0.39470791816711426,0.7734596729278564,0.24717971682548523,-0.07560998201370239,0.7146283984184265,0.013208389282226562,0.010085105895996094,-0.031179189682006836]","[-2.0163791179656982,0.44550827145576477,1.27103590965271,6.604689121246338,-1.128696322441101,-0.6824914216995239,-1.0233627557754517,0.41853076219558716,-0.16329720616340637,5.063505172729492,0.5128933787345886,1.4577988386154175,1.0150574445724487,0.017546124756336212,-0.1017698347568512,-4.138151168823242,-1.398467779159546,1.722236156463623,3.9800400733947754,-1.7349740266799927,-5.092000484466553,3.4970600605010986,2.1310336589813232,0.8727062940597534,-0.5603007078170776,-0.564268171787262,6.698463439941406,1.9000799655914307,6.247743129730225]","[-0.3703455626964569,0.0749448835849762,0.22375673055648804,0.41989296674728394,0.3458563983440399,-0.11346461623907089,0.2610602080821991,0.14220836758613586,-0.0704968124628067,0.17590278387069702,0.23920303583145142,-0.04288577288389206,0.12827572226524353,-0.27813372015953064,-0.5524618625640869,-0.858481764793396,0.005357642192393541,0.6462995409965515,-1.3487257957458496,1.7393194437026978,-0.03135696426033974,0.8241669535636902,-0.18655037879943848,0.1807735413312912,-0.14836198091506958,-1.3088198900222778,-1.3647103309631348,-0.8468112945556641,-0.5788728594779968]",0.004045851994305849,0.02006634883582592,0.030254177749156952,0.1194438561797142,0.0534118190407753,2.670590952038765,0,0,0,0.499948114156723,0.4993942081928253,0.985588788986206,0.9160956144332886,0.9390256404876709,0.132553830742836,-1.2480381727218628,-0.05397677421569824,-0.0
1,0.02,1,"[-0.17866013944149017,0.012329024262726307,0.001954208593815565,0.43327057361602783,-0.1270912140607834,-0.002227676333859563,-0.1640874445438385,-0.03488927707076073,0.044915925711393356,0.43708834052085876,-0.301247239112854,-0.1352699100971222,-0.061153680086135864,0.02161595970392227,-0.2777522802352905,0.7551661729812622,0.3304893672466278,-0.097086600959301,-0.6886535286903381,1.2168188095092773,0.2018832266330719,1.5554336309432983,0.4915901720523834,-0.15869422256946564,-0.2744593322277069,-0.4283062219619751,-1.232774019241333,-0.40407052636146545,-1.5488814115524292]","[-0.24772965908050537,0.03181362897157669,0.031701941043138504,0.5795830488204956,-0.15729905664920807,-0.007378037087619305,-0.2123144119977951,-0.015858376398682594,0.033439863473176956,0.5562795996665955,-0.26088404655456543,-0.08842520415782928,-0.025371946394443512,0.02189539186656475,-0.2879699468612671,0.6267351508140564,0.281440407037735,-0.015141600742936134,-0.5825234651565552,1.1688807010650635,0.04673976078629494,1.4946080446243286,0.5568077564239502,-0.11958323419094086,-0.29345089197158813,-0.4716509282588959,-1.0331586599349976,-0.3152795135974884,-1.2895597219467163]","[-1.4096159934997559,-0.11922729015350342,0.27431467175483704,4.117181301116943,-0.7525933980941772,-0.07709822803735733,-0.9628463983535767,0.19103065133094788,0.6178173422813416,3.6401734352111816,-0.3149576485157013,0.0699460506439209,0.13044458627700806,0.1323513686656952,-0.8569493889808655,0.13406872749328613,-0.7918372750282288,-0.2430727779865265,-0.2742066979408264,0.49618780612945557,-0.1337110996246338,-1.16596519947052,0.714468240737915,0.3188587725162506,-0.27433857321739197,0.3187015652656555,0.788724422454834,0.037754327058792114,1.244509220123291]","[-3.265252113342285,0.37012794613838196,0.23460787534713745,4.593895435333252,-1.1143118143081665,0.4272284209728241,-2.776249408721924,0.7051334381103516,-0.40679246187210083,4.3770928382873535,1.3181943893432617,0.8324207663536072,1.091025471687317,-0.17065557837486267,-1.2796218395233154,-2.1119771003723145,-2.0229852199554443,1.6825237274169922,0.7318077087402344,0.7717201113700867,-3.381981611251831,-0.5182911157608032,2.4192564487457275,2.024764060974121,-1.4525808095932007,-2.3257384300231934,1.7915364503860474,1.0589919090270996,-1.6284101009368896]","[-0.5609080791473389,0.14813503623008728,0.14677855372428894,0.6455565094947815,0.3345199227333069,0.05278124660253525,0.4057151675224304,0.09547995775938034,0.06605398654937744,0.520271897315979,0.42072606086730957,-0.09497179090976715,0.5548393130302429,-0.1040768101811409,-0.9287005662918091,-0.25123709440231323,-0.14821173250675201,0.723564863204956,-2.7009215354919434,2.5339462757110596,-0.04864529147744179,2.033205032348633,-0.5013207793235779,0.16528217494487762,-0.4179173409938812,-2.022904396057129,-2.0480968952178955,-1.279930591583252,-1.5260751247406006]",0.003195865312591195,0.04871392250061035,0.009839512407779694,0.09383424371480942,0.06621669977903366,3.310834988951683,0,0,0,0.49996617436408997,0.4951900839805603,0.9986834526062012,0.9286484718322754,0.9218159914016724,0.6057454347610474,-0.7230038046836853,-0.4162108898162842,-0.0
2,0.04,2,"[-0.2081456333398819,0.012643960304558277,0.010990643873810768,0.5069968104362488,-0.13915610313415527,-0.003034283872693777,-0.18335425853729248,-0.029193226248025894,0.06168908625841141,0.5002997517585754,-0.30482393503189087,-0.13168931007385254,-0.056418925523757935,0.026330193504691124,-0.29759642481803894,0.7576034665107727,0.31540364027023315,-0.09198595583438873,-0.6958664059638977,1.2241742610931396,0.19363804161548615,1.5166891813278198,0.50469970703125,-0.15088346600532532,-0.28392067551612854,-0.4298507273197174,-1.2014892101287842,-0.4027620553970337,-1.4984774589538574]","[-0.3133643567562103,0.03615596890449524,0.041124626994132996,0.669854998588562,-0.1727183759212494,0.0032229283824563026,-0.27328526973724365,-0.006069638766348362,0.02859731949865818,0.6479230523109436,-0.2298579066991806,-0.06992701441049576,-0.004829003009945154,0.0119706429541111,-0.3086293935775757,0.6090297102928162,0.2297544777393341,0.01876741647720337,-0.6055171489715576,1.2029768228530884,-0.0020630257204174995,1.4390534162521362,0.5903514623641968,-0.07684486359357834,-0.3196052610874176,-0.5171822905540466,-1.0214104652404785,-0.29084309935569763,-1.3140002489089966]","[-1.6934566497802734,0.13635310530662537,0.09574276953935623,3.2956361770629883,-0.8219007849693298,-0.048268966376781464,-1.3317090272903442,0.32414883375167847,0.55162113904953,3.0570454597473145,-0.3181830048561096,0.1756139099597931,-0.21518617868423462,0.47364532947540283,-1.118577241897583,-0.7340535521507263,-0.8702092170715332,0.6707305312156677,-0.9718894958496094,0.2969592809677124,-0.35485997796058655,-1.9158810377120972,1.1105083227157593,0.5177106857299805,-0.682850182056427,-0.6894864439964294,1.7223477363586426,-0.22538676857948303,1.932978630065918]","[-3.0668044090270996,0.16389237344264984,0.5666570663452148,4.434351444244385,-0.5668017864227295,0.5070143938064575,-2.914583444595337,0.4110405147075653,-0.15561038255691528,4.57801628112793,1.5713497400283813,0.8700559139251709,0.9878957271575928,-0.6125170588493347,-0.7260503172874451,-0.5200279951095581,-2.862872838973999,1.8763597011566162,-1.862148404121399,2.197355031967163,-1.9878066778182983,-3.715869903564453,1.3044483661651611,2.1591198444366455,-1.2822182178497314,-2.1276705265045166,0.1622498482465744,1.2396184206008911,-0.9219560623168945]","[-0.3660936951637268,0.06167818605899811,0.15858671069145203,0.8171124458312988,0.36895206570625305,0.0786639079451561,0.37627580761909485,-0.017618544399738312,0.09970684349536896,0.7723122239112854,0.5153255462646484,-0.0462866947054863,0.42110735177993774,-0.01870419830083847,-1.4373773336410522,-0.197507843375206,-0.1261715143918991,0.7860559225082397,-3.2477149963378906,2.8864967823028564,-0.06174534931778908,3.0902509689331055,-0.8286774754524231,-0.035480331629514694,-0.5149939656257629,-2.317335844039917,-2.3297553062438965,-1.420487880706787,-2.004328489303589]",0.008808229118585587,0.08138839900493622,0.013476572930812836,0.11104026436805725,0.08173880726099014,4.086940363049507,0,0,0,0.49964776635169983,0.4835719168186188,0.9979340434074402,0.9140178561210632,0.7698492407798767,0.6789075136184692,-0.25698789954185486,-0.0,-0.0
3,0.06,3,"[-0.24639840424060822,0.017783148214221,0.005783919245004654,0.5650960206985474,-0.15996724367141724,-0.004158434923738241,-0.21735580265522003,-0.021923324093222618,0.0669807717204094,0.5593701601028442,-0.3139745593070984,-0.12824535369873047,-0.06976112723350525,0.040561772882938385,-0.32249537110328674,0.7258040308952332,0.2956809997558594,-0.07025738060474396,-0.7275291085243225,1.2286971807479858,0.18768882751464844,1.4787983894348145,0.5360105037689209,-0.13798579573631287,-0.301773339509964,-0.4558856785297394,-1.1638801097869873,-0.4130859971046448,-1.4715622663497925]","[-0.36707794666290283,0.036801550537347794,0.050531286746263504,0.7539217472076416,-0.18393394351005554,0.0136312460526824,-0.32547175884246826,-0.0019675632938742638,0.02711823396384716,0.7339024543762207,-0.20241819322109222,-0.053367096930742264,0.009106445126235485,0.0008246588986366987,-0.321323037147522,0.6041840314865112,0.16852004826068878,0.06104592978954315,-0.6506718993186951,1.2561534643173218,-0.030353495851159096,1.3612416982650757,0.6057360172271729,-0.04169284552335739,-0.3395760953426361,-0.5522851943969727,-1.0237829685211182,-0.2645082175731659,-1.3213969469070435]","[-2.0032172203063965,0.2992132008075714,-0.30649468302726746,2.8869032859802246,-1.0278624296188354,-0.07382303476333618,-1.9568428993225098,0.2121843844652176,0.3490917384624481,2.815671443939209,-0.38918256759643555,0.1342475414276123,-0.49429163336753845,0.5138052105903625,-0.8658573031425476,-0.652080774307251,-0.7305949926376343,0.8343176245689392,-1.8463581800460815,0.36511123180389404,-0.034973397850990295,-2.9575347900390625,1.477311611175537,0.6792199015617371,-0.7655858993530273,-1.6521275043487549,1.4236152172088623,-0.5125142931938171,1.3462096452713013]","[-2.4096148014068604,-0.03717958927154541,0.4015967845916748,3.951760768890381,-0.48652294278144836,0.4797232151031494,-2.3560380935668945,0.0984044075012207,-0.035164907574653625,4.008561134338379,1.2502245903015137,0.7507185339927673,0.5605105757713318,-0.515609622001648,-0.5854848623275757,-0.3681311011314392,-3.086575508117676,2.2676970958709717,-2.3321774005889893,2.704705238342285,-1.1321358680725098,-3.6269357204437256,0.5042117834091187,1.5575722455978394,-0.8908432722091675,-1.5046604871749878,-0.21105481684207916,1.2807035446166992,-0.10328979790210724]","[-0.10452485084533691,0.06333757936954498,-0.011468913406133652,0.912575900554657,0.3344614803791046,0.1023009642958641,0.20689788460731506,-0.13318198919296265,0.10237529873847961,0.8333644270896912,0.5126803517341614,-0.025945061817765236,0.2657572627067566,0.056979842483997345,-1.7337092161178589,-0.19797945022583008,0.04587330296635628,0.8225322365760803,-3.250964641571045,3.0130839347839355,0.011425849050283432,4.0237226486206055,-0.9619612097740173,-0.22781437635421753,-0.5214956998825073,-2.513359546661377,-2.415461778640747,-1.542625069618225,-2.4608211517333984]",0.019354743883013725,0.10916407406330109,0.020499741658568382,0.13075439631938934,0.08377542346715927,4.188771173357964,0,0,0,0.4980604648590088,0.467303991317749,0.9947909712791443,0.8854402899742126,0.8242288827896118,0.670910120010376,-0.15196365118026733,-0.0,-0.0
4,0.08,4,"[-0.2882743179798126,0.024612488225102425,-0.0012691427255049348,0.6224729418754578,-0.18027059733867645,-0.005987205076962709,-0.2616279721260071,-0.020705850794911385,0.07565275579690933,0.6129266023635864,-0.3203912377357483,-0.12631940841674805,-0.07619059085845947,0.046882402151823044,-0.33223071694374084,0.7315202355384827,0.2861798405647278,-0.05861325189471245,-0.769720733165741,1.2387787103652954,0.19223910570144653,1.3983877897262573,0.5637921690940857,-0.12371467053890228,-0.31454411149024963,-0.4959358274936676,-1.1445446014404297,-0.4232626259326935,-1.4446290731430054]","[-0.40711507201194763,0.033954918384552,0.05288657918572426,0.8287268280982971,-0.1953907608985901,0.023131290450692177,-0.36559852957725525,-0.004707783926278353,0.028174232691526413,0.8092740774154663,-0.18267029523849487,-0.042341094464063644,0.013381929136812687,-0.0054419212974607944,-0.33015432953834534,0.5934183597564697,0.11372312158346176,0.1077394187450409,-0.6980348229408264,1.3005671501159668,-0.04180743172764778,1.2778356075286865,0.6060054898262024,-0.020204970613121986,-0.35106444358825684,-0.5764021277427673,-1.0297218561172485,-0.2385060042142868,-1.3158992528915405]","[-1.7977688312530518,0.3572915196418762,-0.5072828531265259,3.431849241256714,-0.9209886193275452,-0.2131798416376114,-2.0052742958068848,-0.15791045129299164,0.47364234924316406,3.2741518020629883,-0.13817176222801208,0.17146915197372437,-0.11178683489561081,0.0982554629445076,0.1394130289554596,0.6646320223808289,-0.49753934144973755,0.48364198207855225,-2.1048426628112793,0.41146278381347656,0.23034848272800446,-1.8682479858398438,1.1139482259750366,0.6196320056915283,-0.7024213671684265,-1.911563515663147,0.8025676012039185,-0.4318945109844208,1.1573255062103271]","[-1.7257674932479858,-0.20299378037452698,-0.05598742514848709,3.4971630573272705,-0.5258762240409851,0.43638548254966736,-1.7458891868591309,-0.2660113573074341,0.09331271797418594,3.493802309036255,0.8744869232177734,0.464832603931427,-0.00014097325038164854,-0.14905379712581635,-0.3612162172794342,-0.8070887923240662,-2.4637153148651123,2.431791305541992,-2.347468376159668,1.6039586067199707,-0.08659475296735764,-7.187119483947754,-0.2697920501232147,0.8118937611579895,-0.42513224482536316,-1.0172555446624756,-0.33999526500701904,1.2370539903640747,0.47770610451698303]","[0.04775461554527283,0.1461002379655838,-0.190443217754364,1.069523572921753,0.30597591400146484,0.12324567884206772,0.10085377097129822,-0.292850524187088,0.14914746582508087,0.9868876934051514,0.51485675573349,-0.039567865431308746,0.1619650423526764,0.0851970687508583,-1.6673637628555298,0.16777484118938446,0.19873149693012238,0.8055760264396667,-3.1840124130249023,3.059629201889038,0.10268831253051758,4.8210978507995605,-0.7821663022041321,-0.2873533070087433,-0.5053091049194336,-2.7002923488616943,-2.4601495265960693,-1.7732254266738892,-2.8915882110595703]",0.024828486144542694,0.11670636385679245,0.02476407028734684,0.14892013370990753,0.0847049430012703,4.235247150063515,0,0,0,0.49673399329185486,0.45983466506004333,0.9918712377548218,0.8455157279968262,0.904502272605896,0.6654532551765442,-0.1286635845899582,-0.0,-0.0
5,0.1,5,"[-0.31830915808677673,0.032074809074401855,-0.014507394284009933,0.7023699879646301,-0.19680678844451904,-0.012685628607869148,-0.2975667715072632,-0.028239741921424866,0.08592646569013596,0.6903362274169922,-0.31950142979621887,-0.1213865876197815,-0.07423260062932968,0.04449199140071869,-0.31691884994506836,0.7523893117904663,0.2757794260978699,-0.05091170221567154,-0.8117228150367737,1.245155692100525,0.19690276682376862,1.4040684700012207,0.5805684328079224,-0.11320051550865173,-0.32987019419670105,-0.5323482155799866,-1.1317774057388306,-0.4303617775440216,-1.4252692461013794]","[-0.4286753237247467,0.027533214539289474,0.047913502901792526,0.8949393630027771,-0.2028276026248932,0.027556749060750008,-0.3940450847148895,-0.015430791303515434,0.034495092928409576,0.8806943893432617,-0.16400645673274994,-0.03783887252211571,0.008852901868522167,-0.010252759791910648,-0.3280310034751892,0.5865132808685303,0.07743800431489944,0.14256146550178528,-0.7342492341995239,1.3303290605545044,-0.04519520699977875,1.2289116382598877,0.5918635725975037,-0.009456275030970573,-0.354958176612854,-0.5907714366912842,-1.0366705656051636,-0.21676628291606903,-1.3038158416748047]","[-1.1856294870376587,0.4774709939956665,-0.6726621985435486,4.2056145668029785,-0.6131458878517151,-0.22054468095302582,-1.5068963766098022,-0.4317728579044342,0.37937408685684204,4.11602258682251,0.24702996015548706,0.17488916218280792,0.1515692174434662,-0.16582728922367096,1.2246094942092896,0.8794918656349182,-0.6347321271896362,0.3355492055416107,-1.8799066543579102,0.24977326393127441,0.1295320689678192,0.7996886968612671,0.45382827520370483,0.38348904252052307,-0.7738694548606873,-1.4034130573272705,0.7183670997619629,-0.137358158826828,0.7505565881729126]","[-0.6713950037956238,-0.39963409304618835,-0.36063966155052185,3.0611939430236816,-0.2925650477409363,0.15942342579364777,-1.22669517993927,-0.6843864321708679,0.4672485589981079,3.4347987174987793,0.9152436256408691,0.15467502176761627,-0.34895142912864685,-0.3035031259059906,0.2517288625240326,-0.11022460460662842,-1.4085510969161987,1.4257020950317383,-1.5024365186691284,1.2713563442230225,-0.11245802789926529,-0.9287013411521912,-0.897208034992218,0.40963977575302124,-0.04258902743458748,-0.5179060101509094,-0.3706074059009552,0.9675780534744263,0.6456906199455261]","[0.08571046590805054,0.23963655531406403,-0.259423166513443,1.2884361743927002,0.34010007977485657,0.1010950431227684,-0.019593385979533195,-0.4021836519241333,0.14067251980304718,1.1982738971710205,0.5731562972068787,-0.06673625856637955,0.05676037818193436,-0.032426320016384125,-1.181784987449646,0.6482900977134705,0.19161702692508698,0.6186941266059875,-2.9123148918151855,3.087235689163208,0.26656854152679443,5.592793941497803,-0.44084393978118896,-0.32985734939575195,-0.5002772808074951,-2.750432252883911,-2.5243847370147705,-2.0752580165863037,-3.353485584259033]",0.026019493117928505,0.10871458053588867,0.02545333281159401,0.15653371810913086,0.08498549461364746,4.249274730682373,0,0,0,0.4964284598827362,0.46305716037750244,0.9913986325263977,0.8188760876655579,0.9103521704673767,0.748455822467804,-0.1792939305305481,-0.0,-0.0
6,0.12,6,"[-0.33569949865341187,0.04371132701635361,-0.028175631538033485,0.7906975150108337,-0.2047964334487915,-0.01480899192392826,-0.3219038248062134,-0.037976764142513275,0.09082771837711334,0.7775675058364868,-0.3105100393295288,-0.11932384222745895,-0.07012782245874405,0.040249310433864594,-0.28324633836746216,0.7666999101638794,0.26079055666923523,-0.04519128426909447,-0.8449169993400574,1.2487696409225464,0.1974203884601593,1.430375337600708,0.5819453001022339,-0.10837510973215103,-0.3454988896846771,-0.5520723462104797,-1.1158099174499512,-0.4287569522857666,-1.4146068096160889]","[-0.430793434381485,0.018635712563991547,0.0376412495970726,0.9625977277755737,-0.20643730461597443,0.0249601099640131,-0.40984904766082764,-0.030129624530673027,0.04481738433241844,0.9529626965522766,-0.1432255506515503,-0.03757276386022568,-0.001005405094474554,-0.015759052708745003,-0.3090580999851227,0.585054874420166,0.05929962173104286,0.16179412603378296,-0.7583198547363281,1.3447928428649902,-0.04195567965507507,1.2304575443267822,0.5685372948646545,-0.006645678076893091,-0.3521673083305359,-0.5985921621322632,-1.0423792600631714,-0.20048825442790985,-1.2922219038009644]","[-0.7681757211685181,0.8376076817512512,-0.43641433119773865,4.4519453048706055,-0.18902458250522614,-0.08215666562318802,-1.1234521865844727,-0.40619319677352905,0.17435234785079956,4.466288089752197,0.6476201415061951,0.07532723248004913,0.23005028069019318,-0.1285676807165146,1.9193512201309204,0.41164010763168335,-0.8926872611045837,0.2136702686548233,-1.36540687084198,0.2149641513824463,-0.05518011748790741,1.2930870056152344,-0.18656104803085327,0.07919222116470337,-0.7278606295585632,-0.6746813654899597,0.836491584777832,0.07173344492912292,0.06791651248931885]","[0.16044023633003235,-0.42304524779319763,-0.5899819135665894,3.458138942718506,-0.08032287657260895,-0.17269663512706757,-0.5446219444274902,-0.7156250476837158,0.534267008304596,3.5369441509246826,1.0350816249847412,-0.01727711223065853,-0.5442618727684021,-0.21702642738819122,1.202450156211853,-0.026146192103624344,-0.6598849296569824,0.7888727188110352,-1.0331264734268188,0.439708411693573,0.2998729348182678,0.5120188593864441,-1.2371803522109985,-0.01215033233165741,0.22711415588855743,-0.3337821066379547,-0.22793476283550262,0.7262229919433594,0.5415616631507874]","[0.023597121238708496,0.20275568962097168,-0.15998876094818115,1.5560946464538574,0.3625016510486603,0.04786715656518936,0.013071747496724129,-0.29463493824005127,0.0361894853413105,1.4676365852355957,0.6458526253700256,-0.08176582306623459,0.027439765632152557,-0.021416030824184418,-0.7847561240196228,0.773137629032135,0.07755955308675766,0.5178266167640686,-2.837775945663452,3.0639469623565674,0.3590433597564697,6.152591228485107,-0.1342090666294098,-0.39084169268608093,-0.46623238921165466,-2.7550852298736572,-2.551600933074951,-2.3720340728759766,-3.710219621658325]",0.025390328839421272,0.09742126613855362,0.025175120681524277,0.15663889050483704,0.08865171670913696,4.432585835456848,0,0,0,0.49665138125419617,0.4684762954711914,0.9916388392448425,0.8108685612678528,0.9466702342033386,0.8214913606643677,-0.10321056842803955,-0.0,-0.0
7,0.14,7,"[-0.34903618693351746,0.0655791163444519,-0.03196396678686142,0.8804478049278259,-0.2043677717447281,-0.015971895307302475,-0.3425048589706421,-0.044487468898296356,0.09290055930614471,0.8689877390861511,-0.29359662532806396,-0.11837349832057953,-0.06503058969974518,0.039349284023046494,-0.24014480412006378,0.7688549160957336,0.24007193744182587,-0.04236489161849022,-0.8663390874862671,1.2537542581558228,0.19469556212425232,1.45579195022583,0.5731059908866882,-0.1100328266620636,-0.3589846193790436,-0.559335470199585,-1.0983177423477173,-0.4274924397468567,-1.4225525856018066]","[-0.4208410382270813,0.013197029940783978,0.025540119037032127,1.0387427806854248,-0.20357370376586914,0.015697211027145386,-0.4119858145713806,-0.04002545028924942,0.05367746576666832,1.0255475044250488,-0.12025636434555054,-0.039128661155700684,-0.011837072670459747,-0.01717478409409523,-0.2734898030757904,0.5789546966552734,0.05176706239581108,0.16924233734607697,-0.7728350162506104,1.3454222679138184,-0.030294734984636307,1.2527498006820679,0.5435155630111694,-0.010762170888483524,-0.346762478351593,-0.6054445505142212,-1.043990135192871,-0.18847191333770752,-1.286183476448059]","[-0.7861368656158447,1.250476598739624,-0.01812884584069252,4.729612350463867,0.22320710122585297,-0.03915298730134964,-0.9988330602645874,-0.2684383690357208,0.11651385575532913,4.841378211975098,1.0349557399749756,0.07992293685674667,0.28169286251068115,0.001228880137205124,2.2118024826049805,-0.22086501121520996,-1.0832734107971191,0.05895271897315979,-0.7883325219154358,0.3643810749053955,-0.18890425562858582,1.0301798582077026,-0.5127936601638794,-0.25079119205474854,-0.5206607580184937,-0.19784271717071533,0.816383957862854,0.14945194125175476,-0.8115977048873901]","[0.6286618113517761,-0.11149826645851135,-0.6276088953018188,3.832240343093872,0.2426241785287857,-0.47942760586738586,0.1879638135433197,-0.2827759087085724,0.3535762131214142,3.4156689643859863,1.1101306676864624,-0.08806578814983368,-0.5578641295433044,0.09852416068315506,1.902962565422058,-0.38291847705841064,-0.28273805975914,0.22402428090572357,-0.5198745131492615,-0.14209729433059692,0.6744621992111206,1.4715372323989868,-1.1607540845870972,-0.33043769001960754,0.2837543189525604,-0.3472897708415985,0.009916309267282486,0.5279538631439209,0.17625273764133453]","[-0.16241681575775146,0.20042794942855835,-0.03566473349928856,1.7749202251434326,0.40100064873695374,-0.017486244440078735,0.09748181700706482,-0.15612247586250305,-0.01234624907374382,1.6946548223495483,0.7144466042518616,-0.08993317931890488,0.03080561012029648,0.00784001499414444,-0.41014090180397034,0.6833961606025696,-0.03813646361231804,0.34970754384994507,-2.741199493408203,3.0551602840423584,0.4078887701034546,6.616347789764404,0.014685302972793579,-0.442609578371048,-0.4025224447250366,-2.671685218811035,-2.6165549755096436,-2.625704526901245,-4.0663347244262695]",0.024315863847732544,0.0886470377445221,0.024877848103642464,0.1546008586883545,0.08966954797506332,4.483477398753166,0,0,0,0.49694305658340454,0.4727476239204407,0.9918493032455444,0.8136606812477112,0.9588916897773743,0.8331543803215027,-0.08376933634281158,-0.0,-0.0
8,0.16,8,"[-0.36714497208595276,0.0937303900718689,-0.028900785371661186,0.979882001876831,-0.19586814939975739,-0.016375111415982246,-0.361857146024704,-0.048714298754930496,0.09548827260732651,0.9712226390838623,-0.2691118121147156,-0.11612692475318909,-0.05886010825634003,0.0402984656393528,-0.19477424025535583,0.757865309715271,0.21745961904525757,-0.042833175510168076,-0.8764503002166748,1.2633448839187622,0.18986421823501587,1.4715825319290161,0.5614335536956787,-0.1184067577123642,-0.366325318813324,-0.5599860548973083,-1.083154559135437,-0.4227788746356964,-1.4470707178115845]","[-0.40822845697402954,0.01775437965989113,0.014304516837000847,1.124203085899353,-0.19354435801506042,0.003914132714271545,-0.3995397686958313,-0.03817452862858772,0.05669547617435455,1.0956299304962158,-0.09586816281080246,-0.041520487517118454,-0.019833937287330627,-0.009688228368759155,-0.2311711311340332,0.5664393305778503,0.04812946915626526,0.1666422039270401,-0.7773592472076416,1.33920419216156,-0.014480752870440483,1.288745403289795,0.5256680846214294,-0.01993744634091854,-0.34381532669067383,-0.614241898059845,-1.0402655601501465,-0.18037647008895874,-1.287671685218811]","[-0.9719744324684143,1.3884228467941284,0.19514840841293335,5.226136684417725,0.5363859534263611,0.02605421468615532,-0.7944062352180481,-0.2788044512271881,0.04032645374536514,5.358277320861816,1.2565888166427612,0.08015036582946777,0.3146408200263977,0.030391011387109756,2.200072765350342,-0.9584158658981323,-0.9929243922233582,-0.031572580337524414,-0.19648373126983643,0.5278617143630981,-0.3019821047782898,0.5528390407562256,-0.6661996245384216,-0.5856234431266785,-0.2217717468738556,0.1400396227836609,0.6949782371520996,0.30678361654281616,-1.126241683959961]","[0.6215453743934631,0.2537076771259308,-0.5626977682113647,4.165030002593994,0.5681140422821045,-0.562859833240509,0.6964704394340515,0.1719662845134735,0.03502118960022926,3.5274651050567627,1.2217984199523926,-0.11298384517431259,-0.3324158191680908,0.38510870933532715,2.042196750640869,-0.32731884717941284,-0.1987137645483017,-0.09236844629049301,-0.39894458651542664,-0.30379557609558105,0.7331233024597168,1.394428014755249,-0.6494962573051453,-0.4489765465259552,0.07046638429164886,-0.46914446353912354,0.27688997983932495,0.31922492384910583,-0.22657443583011627]","[-0.3431410789489746,0.22225800156593323,0.03683817759156227,2.033773899078369,0.4541044533252716,-0.05623782426118851,0.18292218446731567,-0.04514094442129135,-0.024278532713651657,1.9426254034042358,0.7916887402534485,-0.09895867854356766,0.08378907293081284,-0.002620778977870941,-0.15869641304016113,0.5621950626373291,-0.08221904188394547,0.20421309769153595,-2.6085290908813477,3.052485704421997,0.4399195909500122,7.017733097076416,0.03577232360839844,-0.4899953603744507,-0.3296521008014679,-2.545105218887329,-2.6891958713531494,-2.847769260406494,-4.354574680328369]",0.022751228883862495,0.08163987100124359,0.024209925904870033,0.15153977274894714,0.08988583832979202,4.494291916489601,0,0,0,0.49727657437324524,0.47666797041893005,0.9921532273292542,0.8233091831207275,0.9364479184150696,0.8326771855354309,-0.0642399713397026,-0.0,-0.0
9,0.18,9,"[-0.38791516423225403,0.1211160272359848,-0.02415803074836731,1.0894932746887207,-0.18291233479976654,-0.014929726719856262,-0.374281108379364,-0.05563964694738388,0.09451361745595932,1.083318829536438,-0.24333307147026062,-0.11516748368740082,-0.052444957196712494,0.040564924478530884,-0.15214189887046814,0.7305182814598083,0.20035496354103088,-0.043627794831991196,-0.8741984367370605,1.2748687267303467,0.18261627852916718,1.477905511856079,0.5464580059051514,-0.13345776498317719,-0.3678554892539978,-0.5537338852882385,-1.0705186128616333,-0.41522109508514404,-1.467602252960205]","[-0.39611032605171204,0.021889302879571915,0.0036211677361279726,1.21151864528656,-0.18324296176433563,-0.004143924452364445,-0.38487088680267334,-0.03435024619102478,0.05359109863638878,1.1742953062057495,-0.07132504880428314,-0.04384241998195648,-0.020116763189435005,-0.004608286079019308,-0.19232633709907532,0.5634310841560364,0.04835617169737816,0.16446664929389954,-0.7887022495269775,1.3340585231781006,-0.0034203636460006237,1.3000094890594482,0.523021936416626,-0.02581631764769554,-0.3473609983921051,-0.6261618733406067,-1.0316282510757446,-0.1770312339067459,-1.297456979751587]","[-0.6466761231422424,1.1717736721038818,-0.05193450674414635,5.537492275238037,0.41838252544403076,0.09141576290130615,-0.29264986515045166,-0.21688278019428253,-0.06458554416894913,5.728188514709473,1.126774787902832,0.020445510745048523,0.40603625774383545,0.10026656091213226,1.8970035314559937,-1.4654934406280518,-0.565917432308197,-0.08460618555545807,0.2938121557235718,0.7103592157363892,-0.3881201148033142,0.08153915405273438,-0.7168501615524292,-0.8884936571121216,0.12786760926246643,0.32130926847457886,0.5221635103225708,0.5746357440948486,-0.668826699256897]","[0.6295399069786072,0.20893195271492004,-0.48790720105171204,4.341342926025391,0.5272558331489563,-0.33733928203582764,0.778553307056427,0.21036285161972046,-0.2580876648426056,4.014230251312256,1.2154018878936768,-0.10477736592292786,0.12111834436655045,0.21947135031223297,1.851682424545288,-0.115134097635746,0.12051429599523544,-0.15173746645450592,-0.5470010042190552,-0.25223028659820557,0.4715524911880493,0.3492642343044281,0.1602649688720703,-0.23486866056919098,-0.25711166858673096,-0.6683660745620728,0.49260956048965454,0.10890419036149979,-0.6043114066123962]","[-0.3954882025718689,0.22060640156269073,0.0504646934568882,2.321566104888916,0.47156384587287903,-0.045008957386016846,0.24389800429344177,0.02727440744638443,-0.027854423969984055,2.205702543258667,0.8377639651298523,-0.10404504090547562,0.15443959832191467,-0.08989741653203964,-0.13928905129432678,0.41626596450805664,-0.05370829626917839,0.1788199096918106,-2.390765905380249,3.0234713554382324,0.5313631892204285,7.440187454223633,0.007268145680427551,-0.5344541668891907,-0.2551994025707245,-2.4503090381622314,-2.7078702449798584,-3.0753321647644043,-4.534724712371826]",0.02094101533293724,0.07803132385015488,0.023787813261151314,0.1490265429019928,0.09129052609205246,4.564526304602623,0,0,0,0.49765342473983765,0.47956904768943787,0.9923250675201416,0.8345234990119934,0.9399684071540833,0.874411940574646,-0.053925395011901855,-0.0,-0.0
10,0.2,10,"[-0.39301201701164246,0.14060133695602417,-0.030978165566921234,1.2013816833496094,-0.1791328489780426,-0.01271848101168871,-0.37356314063072205,-0.05738960951566696,0.09290485084056854,1.2003501653671265,-0.22404082119464874,-0.11530910432338715,-0.042618658393621445,0.04430912807583809,-0.11889410018920898,0.6992455720901489,0.19482292234897614,-0.0462174229323864,-0.8646978139877319,1.2917592525482178,0.1743394136428833,1.4748440980911255,0.5327595472335815,-0.15394650399684906,-0.3612106144428253,-0.5471336841583252,-1.0622680187225342,-0.39979344606399536,-1.4738237857818604]","[-0.3846544921398163,0.02660638466477394,-0.004936701618134975,1.3025834560394287,-0.17480847239494324,-0.005702032707631588,-0.36944687366485596,-0.029493197798728943,0.045351654291152954,1.2615500688552856,-0.052950844168663025,-0.0443446971476078,-0.015590882860124111,0.0001243246952071786,-0.1633625626564026,0.559424877166748,0.05407911539077759,0.16206802427768707,-0.7938830852508545,1.3266289234161377,0.0014106517191976309,1.3047386407852173,0.5333872437477112,-0.03269638121128082,-0.3524359464645386,-0.6388720870018005,-1.0195221900939941,-0.17723442614078522,-1.3115766048431396]","[0.17193704843521118,0.6945192813873291,-0.4935372769832611,5.379599571228027,0.22963359951972961,0.07608970999717712,0.22370517253875732,-0.010390393435955048,-0.21361708641052246,5.748829364776611,1.0041382312774658,-0.010525062680244446,0.5024449825286865,0.23073089122772217,1.1817163228988647,-1.6944692134857178,0.054915621876716614,-0.1393316388130188,0.8182719349861145,0.7910311222076416,-0.5468223094940186,-0.5929946899414062,-0.7541045546531677,-1.0304301977157593,0.450916588306427,0.544382631778717,0.2950221300125122,0.5810260772705078,-0.17341077327728271]","[0.5870015621185303,0.2584726810455322,-0.37511348724365234,4.502648830413818,0.42880383133888245,-0.02016444131731987,0.7986053228378296,0.2657066285610199,-0.47880828380584717,4.3869123458862305,0.8581859469413757,-0.004902061074972153,0.26592114567756653,0.25011128187179565,1.2030503749847412,-0.1966661512851715,0.34744638204574585,-0.13013646006584167,-0.09327474236488342,-0.4066678583621979,0.15823404490947723,0.2211979329586029,0.7127670645713806,-0.39400407671928406,-0.2132944017648697,-0.5894913077354431,0.6352618932723999,-0.07257411628961563,-0.7563154101371765]","[-0.3273838460445404,0.18394246697425842,0.0223822183907032,2.588960647583008,0.47517165541648865,-0.007293187081813812,0.28355035185813904,0.056503258645534515,-0.04245324060320854,2.48533296585083,0.82518070936203,-0.09290621429681778,0.14996600151062012,-0.1132134422659874,-0.35077229142189026,0.23734261095523834,-0.02306930348277092,0.22365336120128632,-2.1403770446777344,2.963345527648926,0.6659172773361206,7.967860221862793,-0.12775179743766785,-0.6623746752738953,-0.17352527379989624,-2.374823808670044,-2.7014811038970947,-3.2495462894439697,-4.631093978881836]",0.019031740725040436,0.07610581815242767,0.02351101115345955,0.1472877562046051,0.09160145372152328,4.580072686076164,0,0,0,0.49800583720207214,0.4817456603050232,0.9921855330467224,0.8438325524330139,0.9565654993057251,0.8767944574356079,-0.06905671209096909,-0.0,-0.0
11,0.22,11,"[-0.3810376822948456,0.14889679849147797,-0.043899521231651306,1.3046772480010986,-0.17372699081897736,-0.01188613846898079,-0.3653329014778137,-0.05605526268482208,0.08596893399953842,1.3132719993591309,-0.20316754281520844,-0.1155884861946106,-0.03234715759754181,0.04979415982961655,-0.10487324744462967,0.6627395153045654,0.20255158841609955,-0.049201060086488724,-0.841467559337616,1.3065099716186523,0.16074338555335999,1.4541857242584229,0.5162938237190247,-0.17467497289180756,-0.3498188257217407,-0.5319585800170898,-1.0587177276611328,-0.39198005199432373,-1.4745386838912964]","[-0.3751170337200165,0.03194150701165199,-0.010041289031505585,1.3964178562164307,-0.16009490191936493,-0.004656495060771704,-0.3550868034362793,-0.0227113775908947,0.03648686408996582,1.353366732597351,-0.04182625934481621,-0.04143078997731209,-0.010564745403826237,0.006570436060428619,-0.14894001185894012,0.5562459826469421,0.06215227022767067,0.16036410629749298,-0.7901287078857422,1.316718578338623,0.002916248980909586,1.3095380067825317,0.5481893420219421,-0.04645442217588425,-0.3532508313655853,-0.6468192338943481,-1.0062161684036255,-0.1806616485118866,-1.3261830806732178]","[0.7493242621421814,0.44276341795921326,-0.5897552967071533,5.238032341003418,0.6508108377456665,0.07378878444433212,0.541350245475769,0.3916438817977905,-0.45925676822662354,5.438629150390625,1.290413737297058,-0.028486549854278564,0.6317528486251831,0.48256397247314453,0.485750675201416,-1.9293681383132935,0.48254430294036865,-0.13321340084075928,1.5383855104446411,0.4087090492248535,-0.7597465515136719,-0.7705122232437134,-0.8815094828605652,-1.04062819480896,0.5931034684181213,0.9126216173171997,0.020837783813476562,0.2725079655647278,0.003960728645324707]","[0.45979729294776917,0.2779628038406372,-0.12275828421115875,4.63425350189209,0.8192211389541626,0.05984509363770485,0.6828402280807495,0.41001594066619873,-0.3356594741344452,4.549790859222412,0.5135812759399414,0.16156865656375885,0.29220300912857056,0.3319183886051178,0.4675692021846771,-0.11386562138795853,0.40885141491889954,-0.06452499330043793,0.33704882860183716,-0.5214185118675232,0.05825689807534218,0.2622334957122803,0.7275648713111877,-0.8238105177879333,0.0760386735200882,-0.27457401156425476,0.6505772471427917,-0.22514747083187103,-0.7044791579246521]","[-0.2624545693397522,0.11901551485061646,0.001590166473761201,2.8650784492492676,0.5612741708755493,0.004802830517292023,0.2808903753757477,0.07245523482561111,-0.08912910521030426,2.733466148376465,0.801861584186554,-0.06494764238595963,0.1372394561767578,-0.03208693116903305,-0.4982796013355255,0.08031250536441803,0.05215539410710335,0.23022247850894928,-1.9933841228485107,2.920811891555786,0.7415891885757446,8.565421104431152,-0.4300402104854584,-0.8595260381698608,-0.11428432166576385,-2.336183786392212,-2.7146995067596436,-3.36022686958313,-4.7382402420043945]",0.0181653443723917,0.07265892624855042,0.022079894319176674,0.14476579427719116,0.09122958034276962,4.561479017138481,0,0,0,0.49815312027931213,0.48385271430015564,0.9926163554191589,0.8525106310844421,0.9493953585624695,0.8611747026443481,-0.07622385770082474,-0.0,-0.0
12,0.24,12,"[-0.3630390465259552,0.1583118736743927,-0.05456837639212608,1.410902976989746,-0.1531004160642624,-0.009766929782927036,-0.3519091308116913,-0.04172385483980179,0.0745345801115036,1.4178953170776367,-0.17242427170276642,-0.11644856631755829,-0.01734854467213154,0.06361168622970581,-0.09946407377719879,0.622070848941803,0.21412469446659088,-0.05154595896601677,-0.8031623959541321,1.308107614517212,0.14394955337047577,1.444023609161377,0.49749916791915894,-0.195571631193161,-0.33748647570610046,-0.5106288194656372,-1.0614345073699951,-0.38889312744140625,-1.4736653566360474]","[-0.365007221698761,0.0372038334608078,-0.009609885513782501,1.4919792413711548,-0.13608583807945251,-0.004158623982220888,-0.3408887982368469,-0.013700413517653942,0.029095806181430817,1.4462008476257324,-0.03334313631057739,-0.03592782840132713,-0.005594566464424133,0.015042840503156185,-0.14337219297885895,0.5531226992607117,0.07080189883708954,0.1593160778284073,-0.7780396342277527,1.3054661750793457,0.00511144008487463,1.3154059648513794,0.5586732029914856,-0.06845775246620178,-0.3486749231815338,-0.6483489274978638,-0.9939457178115845,-0.18702633678913116,-1.338037133216858]","[0.937873125076294,0.4950251579284668,-0.42280444502830505,5.304074287414551,1.0837242603302002,0.10490669310092926,0.7353611588478088,1.1881489753723145,-0.5444018244743347,5.084547519683838,1.5214641094207764,-0.014165230095386505,0.8193092346191406,0.8161163330078125,0.1947166472673416,-2.1011979579925537,0.45593270659446716,0.09268559515476227,2.2659943103790283,-0.02040266990661621,-0.9850695729255676,-0.3382444381713867,-0.9776361584663391,-1.0813090801239014,0.6234288215637207,1.2287721633911133,-0.2040266990661621,0.12373179197311401,0.0227510929107666]","[0.5604798793792725,0.25722867250442505,0.10014475882053375,4.701504230499268,1.2667782306671143,0.014557916671037674,0.7734159827232361,0.4665067791938782,-0.4030807614326477,4.517070770263672,0.4269067645072937,0.2759029269218445,0.2220887839794159,0.4849666357040405,0.14552398025989532,-0.14171133935451508,0.4148848354816437,-0.048017989844083786,0.7738186717033386,-0.5725235939025879,0.12963524460792542,0.3263076841831207,0.4320787489414215,-1.2349539995193481,0.32564306259155273,0.042351774871349335,0.5655180215835571,-0.3622014820575714,-0.524873673915863]","[-0.29193490743637085,0.038488343358039856,0.04039878025650978,3.1180670261383057,0.667805016040802,-0.0011979267001152039,0.29860880970954895,0.12398626655340195,-0.1092851310968399,2.940678596496582,0.8034840822219849,-0.03707105666399002,0.1467858850955963,0.05796793848276138,-0.47408801317214966,-0.08054141700267792,0.11322387307882309,0.18674017488956451,-1.8708722591400146,2.900041341781616,0.7717938423156738,9.201333999633789,-0.7364093661308289,-1.0261791944503784,-0.09527228772640228,-2.334958553314209,-2.7263336181640625,-3.4297494888305664,-4.868093013763428]",0.019256707280874252,0.06908915191888809,0.020357534289360046,0.14175884425640106,0.09166992455720901,4.583496227860451,0,0,0,0.4979144334793091,0.48527586460113525,0.9932754635810852,0.8601862788200378,0.9403809905052185,0.8800820708274841,-0.07361874729394913,-0.0,-0.0
13,0.26,13,"[-0.3435227572917938,0.1686978042125702,-0.06081169843673706,1.5168402194976807,-0.13037802278995514,-0.007689870893955231,-0.33591845631599426,-0.008529307320713997,0.06419286131858826,1.5166538953781128,-0.14230898022651672,-0.11615509539842606,0.0004252135113347322,0.08243881165981293,-0.09708458185195923,0.5786916017532349,0.2207888960838318,-0.04549363628029823,-0.7508277893066406,1.3056938648223877,0.12134060263633728,1.4406559467315674,0.477188378572464,-0.21792733669281006,-0.3248816728591919,-0.4828076958656311,-1.0668787956237793,-0.38703078031539917,-1.4736286401748657]","[-0.35120341181755066,0.04304498806595802,-0.003924025222659111,1.5841892957687378,-0.11378058791160583,-0.0005025140708312392,-0.3232140839099884,-0.002183136297389865,0.020889446139335632,1.5344159603118896,-0.026270700618624687,-0.02944307215511799,-0.001786404987797141,0.02521304041147232,-0.14290380477905273,0.5483124852180481,0.07757075130939484,0.1599699854850769,-0.757541835308075,1.2946232557296753,0.007886477746069431,1.3208180665969849,0.5635541677474976,-0.09569018334150314,-0.3389793634414673,-0.6432188153266907,-0.9844474792480469,-0.19613826274871826,-1.3464347124099731]","[0.8784472942352295,0.2806425094604492,-0.2375318706035614,5.071279525756836,0.8763531446456909,0.054493945091962814,0.7428541779518127,1.8852726221084595,-0.3974463939666748,4.741820812225342,1.224684715270996,0.18898119032382965,0.8128769993782043,0.8404322266578674,0.03212951123714447,-2.258805990219116,0.09509734809398651,0.37781307101249695,2.9290454387664795,-0.5117893218994141,-1.2710968255996704,0.2373337745666504,-0.9149901866912842,-1.3109699487686157,0.7423453330993652,1.4920055866241455,-0.17396211624145508,0.132790207862854,-0.08204281330108643]","[0.7619274854660034,0.30914708971977234,0.38380661606788635,4.427555561065674,1.0433459281921387,0.19884391129016876,0.9547728896141052,0.6244173645973206,-0.4251777231693268,4.216317653656006,0.35130929946899414,0.30860635638237,0.1695331186056137,0.5284063816070557,-0.09370175749063492,-0.2520208954811096,0.280170202255249,0.06546829640865326,1.1701343059539795,-0.5047370195388794,0.14883506298065186,0.24928855895996094,0.1656741201877594,-1.425242304801941,0.590420663356781,0.373593807220459,0.40189269185066223,-0.48989009857177734,-0.35644134879112244]","[-0.4101390838623047,-0.0026256144046783447,0.110906220972538,3.275552272796631,0.6729063391685486,0.030977122485637665,0.3633703887462616,0.28267863392829895,-0.04931880161166191,3.094557523727417,0.8021097183227539,-0.019795605912804604,0.1324290633201599,0.009708799421787262,-0.3984956741333008,-0.320859432220459,0.04156966879963875,0.14114095270633698,-1.7618416547775269,2.8688366413116455,0.8177067637443542,9.824715614318848,-0.9016093015670776,-1.0955933332443237,-0.0704483836889267,-2.3165090084075928,-2.7094383239746094,-3.4660251140594482,-5.016540050506592]",0.022128043696284294,0.06538818776607513,0.019834674894809723,0.13667234778404236,0.09248637408018112,4.624318704009056,0,0,0,0.4972544014453888,0.48670241236686707,0.9940142035484314,0.8698551654815674,0.9374586939811707,0.902728259563446,-0.06369425356388092,-0.0,-0.0
14,0.28,14,"[-0.327901154756546,0.16953757405281067,-0.06406965106725693,1.613754153251648,-0.11804629117250443,-0.007587172091007233,-0.3221949636936188,0.0336870513856411,0.05863672494888306,1.6075681447982788,-0.12343688309192657,-0.10888931900262833,0.015166533179581165,0.09722897410392761,-0.09817889332771301,0.5317186117172241,0.21792858839035034,-0.03643343597650528,-0.6860005855560303,1.2876360416412354,0.09310568124055862,1.453516960144043,0.46089956164360046,-0.24801042675971985,-0.30779266357421875,-0.4509485960006714,-1.0683929920196533,-0.3835815191268921,-1.4769470691680908]","[-0.33441078662872314,0.05055174604058266,0.0062714871019124985,1.6675788164138794,-0.10157544910907745,0.007718448527157307,-0.3015826642513275,0.014560313895344734,0.01287869829684496,1.611112117767334,-0.022608758881688118,-0.024270273745059967,-0.0006529802340082824,0.03574935346841812,-0.1463330239057541,0.5417747497558594,0.07963403314352036,0.16356833279132843,-0.7314386963844299,1.28681480884552,0.011608216911554337,1.3237168788909912,0.5626466870307922,-0.1250268965959549,-0.3233083188533783,-0.6316773891448975,-0.9787240028381348,-0.20685723423957825,-1.3515599966049194]","[0.6876357197761536,-0.22251680493354797,0.005406420677900314,4.3905110359191895,0.5119088888168335,-0.0002495362423360348,0.6997361779212952,2.0409717559814453,-0.17947182059288025,4.139640808105469,0.822060763835907,0.3207046687602997,0.3651650547981262,0.5325788855552673,-0.07178280502557755,-2.0374536514282227,-0.3197208046913147,0.33160439133644104,3.1378016471862793,-1.1380821466445923,-1.2253243923187256,0.2544611692428589,-0.8291527628898621,-1.459898829460144,1.0164737701416016,1.6834378242492676,-0.08784830570220947,0.13195499777793884,-0.1855909824371338]","[0.7934580445289612,0.3859506845474243,0.5128353834152222,3.9612796306610107,0.49408581852912903,0.4247933030128479,1.117849349975586,0.9121437072753906,-0.4861762523651123,3.546414852142334,0.14749521017074585,0.23003797233104706,-0.061675313860177994,0.5689710974693298,-0.2667979300022125,-0.378347784280777,0.004400374833494425,0.21869711577892303,1.3802505731582642,-0.30938810110092163,0.21044068038463593,0.0704556331038475,-0.13395032286643982,-1.5025454759597778,0.8717216849327087,0.6481053233146667,0.22437307238578796,-0.5296615362167358,-0.18837344646453857]","[-0.466468870639801,-0.03526206314563751,0.1499001532793045,3.3764429092407227,0.6206256747245789,0.07711175829172134,0.36720171570777893,0.45341330766677856,0.008862365037202835,3.150178909301758,0.776046097278595,-0.02074066735804081,0.0463673397898674,-0.08714421838521957,-0.28830716013908386,-0.5656057000160217,-0.11210397630929947,0.03173644840717316,-1.6868327856063843,2.7866437435150146,0.8854761719703674,10.43928050994873,-0.9625868201255798,-1.0958290100097656,-0.04964716359972954,-2.286963701248169,-2.6815686225891113,-3.4532883167266846,-5.1794352531433105]",0.026267142966389656,0.060835983604192734,0.019783807918429375,0.13172465562820435,0.09308505058288574,4.654252529144287,0,0,0,0.4961566627025604,0.488390177488327,0.9945864677429199,0.8776379823684692,0.9437915086746216,0.9145599007606506,-0.06087000295519829,-0.0,-0.0
15,0.3,15,"[-0.3160173296928406,0.15979713201522827,-0.06059544160962105,1.6924606561660767,-0.10990166664123535,-0.007699852343648672,-0.30792900919914246,0.07310956716537476,0.05701398849487305,1.6822395324707031,-0.10942655056715012,-0.10332690924406052,0.015031815506517887,0.10374196618795395,-0.09995589405298233,0.49719345569610596,0.2080000638961792,-0.0322294607758522,-0.6253157258033752,1.260170578956604,0.0723276287317276,1.4508343935012817,0.4440222680568695,-0.2763232886791229,-0.28422272205352783,-0.4154701828956604,-1.0703927278518677,-0.3817525804042816,-1.481052279472351]","[-0.31862834095954895,0.05612749233841896,0.014488664455711842,1.7412670850753784,-0.09744805097579956,0.017030440270900726,-0.27570992708206177,0.038083646446466446,0.00327102467417717,1.6708368062973022,-0.021812645718455315,-0.02237320877611637,-0.008900470100343227,0.048134081065654755,-0.1491539180278778,0.5315239429473877,0.07687985152006149,0.16740676760673523,-0.7034555077552795,1.2839298248291016,0.019592251628637314,1.3227407932281494,0.555181622505188,-0.15411296486854553,-0.3051532804965973,-0.6173208355903625,-0.9758091568946838,-0.21755433082580566,-1.3523434400558472]","[0.5115136504173279,-0.632459282875061,0.35796716809272766,3.563302755355835,0.35212600231170654,0.0031388364732265472,0.6435155868530273,1.9141745567321777,0.04283459857106209,3.4013242721557617,0.5933279395103455,0.2746822237968445,-0.2775869071483612,0.163949653506279,-0.10559670627117157,-1.5403412580490112,-0.5829662084579468,0.10948237031698227,2.939643144607544,-1.3030260801315308,-0.8379720449447632,0.07683932781219482,-0.8373000025749207,-1.2264058589935303,1.2609511613845825,1.8344470262527466,-0.17552673816680908,0.1277036964893341,-0.28988122940063477]","[0.80201256275177,0.16026341915130615,0.3670029044151306,3.4253973960876465,0.14372076094150543,0.4315388798713684,1.356667160987854,1.3330867290496826,-0.38351958990097046,2.6754627227783203,0.024232208728790283,0.07436993718147278,-0.5852022767066956,0.5987010598182678,-0.11863484978675842,-0.5757746696472168,-0.1893022656440735,0.2061534821987152,1.4293650388717651,-0.07363133877515793,0.46039238572120667,-0.12766776978969574,-0.44411396980285645,-1.411826729774475,0.9287905097007751,0.7320247888565063,0.09493011981248856,-0.5209203362464905,0.035716451704502106]","[-0.4392507076263428,-0.10799464583396912,0.1536337435245514,3.466627597808838,0.5839201211929321,0.09789855033159256,0.3010592758655548,0.5721837878227234,0.017880845814943314,3.1207704544067383,0.7516908645629883,-0.0427694097161293,-0.07020523399114609,-0.16102299094200134,-0.13249817490577698,-0.6815000772476196,-0.2525778114795685,-0.1683543175458908,-1.6370633840560913,2.6977310180664062,0.9549696445465088,11.025866508483887,-1.0008196830749512,-1.0243797302246094,-0.06815190613269806,-2.247130870819092,-2.662855863571167,-3.3793506622314453,-5.349333763122559]",0.030542640015482903,0.058151692152023315,0.019934527575969696,0.12999089062213898,0.09330481290817261,4.66524064540863,0,0,0,0.4948174059391022,0.489278644323349,0.9948652386665344,0.8797171711921692,0.9470487236976624,0.9150591492652893,-0.055546097457408905,-0.0,-0.0
16,0.32,16,"[-0.3074406087398529,0.14423920214176178,-0.04975096508860588,1.7562862634658813,-0.10396125167608261,-0.007461618632078171,-0.2964543402194977,0.11025403439998627,0.06035010889172554,1.7436211109161377,-0.09970376640558243,-0.09790202975273132,0.004063057247549295,0.10378696024417877,-0.10240276157855988,0.47010496258735657,0.19460994005203247,-0.03205414116382599,-0.5684148669242859,1.2355149984359741,0.05958680063486099,1.4565905332565308,0.42740756273269653,-0.29706665873527527,-0.25735461711883545,-0.3775707185268402,-1.0754140615463257,-0.3784733712673187,-1.4885423183441162]","[-0.30299094319343567,0.058258820325136185,0.02394922450184822,1.8029264211654663,-0.09744169563055038,0.02430109865963459,-0.24992243945598602,0.06202199310064316,-0.008291586302220821,1.7134028673171997,-0.020947616547346115,-0.02461012452840805,-0.020762015134096146,0.0583028569817543,-0.14855800569057465,0.5176200866699219,0.07265167683362961,0.17042046785354614,-0.6761060953140259,1.2845875024795532,0.034917742013931274,1.318859338760376,0.5412791967391968,-0.17764748632907867,-0.2864552140235901,-0.6020040512084961,-0.9766249656677246,-0.2277076691389084,-1.3490961790084839]","[0.38665682077407837,-0.7375985383987427,0.7457870244979858,2.8815627098083496,0.27361008524894714,0.01605970412492752,0.6142511963844299,1.5883666276931763,0.12094266712665558,2.752429246902466,0.4058014750480652,0.25939682126045227,-0.668499767780304,-0.017520226538181305,-0.12486986815929413,-1.2676135301589966,-0.7587544918060303,-0.032943952828645706,2.7268528938293457,-1.0796457529067993,-0.47542890906333923,0.32523274421691895,-0.8471950888633728,-0.924380898475647,1.2675937414169312,1.9632235765457153,-0.2511024475097656,0.16968101263046265,-0.4944026470184326]","[0.7023137807846069,-0.01059009414166212,0.48263391852378845,2.8540120124816895,-0.010578732006251812,0.32020533084869385,1.2018344402313232,1.1336989402770996,-0.6438885927200317,1.837646722793579,0.039442118257284164,-0.14017140865325928,-0.6238933205604553,0.4548295736312866,0.06468407809734344,-0.7710034251213074,-0.22455252707004547,0.17361067235469818,1.357311725616455,0.06287511438131332,0.8459759950637817,-0.24800653755664825,-0.7877573370933533,-1.062635064125061,0.9305939674377441,0.7554291486740112,-0.11253873258829117,-0.4777829349040985,0.22749589383602142]","[-0.3965950012207031,-0.13369834423065186,0.12749320268630981,3.545619010925293,0.5667923092842102,0.10205941647291183,0.21736642718315125,0.5912007689476013,-0.002628754824399948,3.0869340896606445,0.7555461525917053,-0.06721670180559158,-0.13225632905960083,-0.22709068655967712,0.03725045174360275,-0.7154368162155151,-0.3508225977420807,-0.38429296016693115,-1.62052321434021,2.648461103439331,1.0264283418655396,11.614005088806152,-1.0496282577514648,-0.9260498285293579,-0.09259743988513947,-2.176509380340576,-2.66813063621521,-3.2268874645233154,-5.524960517883301]",0.034545354545116425,0.05453993380069733,0.02003050409257412,0.12974627315998077,0.09357079118490219,4.67853955924511,0,0,0,0.4933781921863556,0.4904209077358246,0.9948957562446594,0.8788204789161682,0.9517679214477539,0.9231756329536438,-0.053918927907943726,-0.0,-0.0
17,0.34,17,"[-0.30055105686187744,0.13029319047927856,-0.030763961374759674,1.8077231645584106,-0.09895726293325424,-0.007057464215904474,-0.28335896134376526,0.13664422929286957,0.06185169517993927,1.7923367023468018,-0.09319449216127396,-0.09295103698968887,-0.011708174832165241,0.1030411571264267,-0.1049506887793541,0.4464889168739319,0.17764988541603088,-0.03354721888899803,-0.5162416100502014,1.216984748840332,0.05331047251820564,1.4638437032699585,0.4101344645023346,-0.3132985234260559,-0.23351897299289703,-0.3369412422180176,-1.0804368257522583,-0.3749653398990631,-1.5008283853530884]","[-0.28867796063423157,0.05433656647801399,0.032236386090517044,1.8532001972198486,-0.0977601706981659,0.027558529749512672,-0.22506482899188995,0.08274219185113907,-0.02256971225142479,1.7408851385116577,-0.018088171258568764,-0.031202154234051704,-0.0329524390399456,0.06604113429784775,-0.14084914326667786,0.49795058369636536,0.06870898604393005,0.17130184173583984,-0.6490675210952759,1.2870736122131348,0.05728539451956749,1.3128583431243896,0.5230081677436829,-0.19404096901416779,-0.26974570751190186,-0.5881456732749939,-0.9814251065254211,-0.23575769364833832,-1.343152642250061]","[0.44028162956237793,-0.5059335231781006,1.0703060626983643,2.35942006111145,0.21843035519123077,0.021575497463345528,0.6898261904716492,1.1037245988845825,-0.03365529701113701,2.14412522315979,0.28852635622024536,0.2508770823478699,-0.7167413234710693,0.11071786284446716,-0.005240179598331451,-1.1683344841003418,-0.9699341058731079,0.0725552886724472,2.528209924697876,-0.9483754634857178,-0.39691105484962463,0.3877967596054077,-0.8635677695274353,-0.8359484672546387,1.0877028703689575,2.009204149246216,-0.09029805660247803,0.18906071782112122,-0.6919711828231812]","[0.8106734156608582,-0.0340932197868824,0.6329925060272217,2.1977148056030273,-0.07769592851400375,0.12326155602931976,1.1417675018310547,0.8976739048957825,-0.7715376019477844,1.1360037326812744,0.13860134780406952,-0.3529512882232666,-0.4686269462108612,0.31909483671188354,0.4359656274318695,-1.0314615964889526,-0.17656339704990387,0.08366388827562332,1.331163763999939,0.11857141554355621,1.1776455640792847,-0.3319978713989258,-0.9789462685585022,-0.6968656778335571,0.8357410430908203,0.6806854605674744,-0.314079612493515,-0.36646249890327454,0.33316749334335327]","[-0.4097452163696289,-0.11455419659614563,0.08099866658449173,3.5896856784820557,0.5668236613273621,0.08567477762699127,0.24516943097114563,0.5569571256637573,-0.013348888605833054,3.0689778327941895,0.7791239023208618,-0.10819844156503677,-0.14457932114601135,-0.2409937083721161,0.17241665720939636,-0.7314804792404175,-0.4555096924304962,-0.6095530390739441,-1.581355094909668,2.6075210571289062,1.1052240133285522,12.176787376403809,-1.105132818222046,-0.8921024799346924,-0.1404242366552353,-2.1056931018829346,-2.690593957901001,-3.017185926437378,-5.69116735458374]",0.03800525516271591,0.05036216601729393,0.020322246477007866,0.12929491698741913,0.09343903511762619,4.6719517558813095,0,0,0,0.4919978678226471,0.49168145656585693,0.9946498870849609,0.8773588538169861,0.9527099132537842,0.9135426878929138,-0.04998863488435745,-0.0,-0.0
18,0.36,18,"[-0.2898293435573578,0.12400186061859131,-0.006938726641237736,1.8506630659103394,-0.0952240377664566,-0.006598598789423704,-0.2688612937927246,0.15440301597118378,0.05900389701128006,1.8293861150741577,-0.08816271275281906,-0.08786694705486298,-0.024606594815850258,0.10821567475795746,-0.10261236876249313,0.4233715832233429,0.1558125764131546,-0.029151929542422295,-0.46728646755218506,1.1975799798965454,0.04371035844087601,1.472102403640747,0.392864853143692,-0.3305045962333679,-0.21384650468826294,-0.29720255732536316,-1.0790259838104248,-0.3709109425544739,-1.5162211656570435]","[-0.2709752917289734,0.054173544049263,0.04359036684036255,1.8907581567764282,-0.09586240351200104,0.025392409414052963,-0.2032177895307541,0.09592057019472122,-0.04120556265115738,1.7565089464187622,-0.014021250419318676,-0.040912386029958725,-0.04159746319055557,0.07274125516414642,-0.12755541503429413,0.47361788153648376,0.06599747389554977,0.17057541012763977,-0.6219550967216492,1.2881113290786743,0.0841173380613327,1.3062138557434082,0.5018831491470337,-0.20681288838386536,-0.2551957964897156,-0.5764636993408203,-0.9887170195579529,-0.24110665917396545,-1.3359096050262451]","[0.4838518798351288,-0.21282751858234406,1.2123006582260132,1.967337727546692,0.3574756979942322,0.061260294169187546,0.6713464856147766,0.6220057606697083,-0.28770911693573,1.4247745275497437,0.35557281970977783,0.1881057471036911,-0.5797426104545593,0.31002405285835266,0.20529833436012268,-1.4091715812683105,-1.0500319004058838,0.33251574635505676,2.4724059104919434,-1.3239860534667969,-0.44927075505256653,0.4092782735824585,-0.9687796235084534,-0.8574306964874268,0.8906010985374451,1.9688942432403564,0.18854737281799316,0.15711188316345215,-0.6610959768295288]","[0.848395586013794,-0.04430755227804184,0.5142630338668823,1.691786766052246,0.142594113945961,-0.14890064299106598,0.9997572302818298,0.538691520690918,-0.9598167538642883,0.6146323084831238,0.192657470703125,-0.46602383255958557,-0.40987899899482727,0.3204301595687866,0.7199076414108276,-1.2932182550430298,-0.11214765906333923,-0.03999684378504753,1.3663382530212402,-0.006757969502359629,1.3496544361114502,-0.3525877892971039,-1.0764445066452026,-0.6175870895385742,0.6771112680435181,0.5254632830619812,-0.373708575963974,-0.21812236309051514,0.3852071762084961]","[-0.4399779438972473,-0.0935198962688446,0.026437614113092422,3.6339144706726074,0.6041775941848755,0.05006657540798187,0.2954208552837372,0.46796029806137085,-0.06678695976734161,3.0614583492279053,0.801395833492279,-0.14691367745399475,-0.10180771350860596,-0.19700881838798523,0.28916826844215393,-0.7447304129600525,-0.5455573797225952,-0.8149439096450806,-1.5418373346328735,2.52665638923645,1.182225227355957,12.670578956604004,-1.2711246013641357,-0.9635233283042908,-0.19728083908557892,-2.0168426036834717,-2.7224347591400146,-2.756535291671753,-5.844452381134033]",0.04130419343709946,0.04742433503270149,0.02084348164498806,0.1289452761411667,0.09332446753978729,4.666223376989365,0,0,0,0.4905585050582886,0.49244585633277893,0.9941008687019348,0.8753630518913269,0.9563714265823364,0.9060099720954895,-0.04862603545188904,-0.0,-0.0
19,0.38,19,"[-0.2811969816684723,0.12178009003400803,0.017728064209222794,1.8864166736602783,-0.08465823531150818,-0.00460705254226923,-0.2565051019191742,0.1615244597196579,0.05034333094954491,1.8493276834487915,-0.07897157967090607,-0.08542680740356445,-0.034897878766059875,0.11544211953878403,-0.09673875570297241,0.39012205600738525,0.13564860820770264,-0.020246589556336403,-0.4173453748226166,1.1640253067016602,0.03533964231610298,1.4802148342132568,0.37138327956199646,-0.347595751285553,-0.19789493083953857,-0.258185476064682,-1.0728949308395386,-0.368680864572525,-1.5272722244262695]","[-0.2562673091888428,0.04818135127425194,0.047365978360176086,1.9206476211547852,-0.08725278079509735,0.017181362956762314,-0.18297430872917175,0.10134577006101608,-0.0635901615023613,1.7627801895141602,-0.009889758192002773,-0.051263853907585144,-0.04962790012359619,0.08028482645750046,-0.10718907415866852,0.4428974688053131,0.06438886374235153,0.16784031689167023,-0.5926220417022705,1.2824019193649292,0.11001290380954742,1.2996208667755127,0.4786117970943451,-0.22040122747421265,-0.24587485194206238,-0.5677105188369751,-0.9948026537895203,-0.2451305091381073,-1.3279609680175781]","[0.32278746366500854,-0.020948238670825958,1.1844102144241333,1.5950769186019897,0.5950825214385986,0.09325410425662994,0.5047738552093506,-0.09517967700958252,-0.6863498091697693,0.5865573883056641,0.4835602045059204,0.06452091038227081,-0.44888702034950256,0.2526363432407379,0.4202475845813751,-1.8862448930740356,-1.186053991317749,0.5448110103607178,2.531597852706909,-2.087912082672119,-0.34899139404296875,-0.0321805477142334,-1.1672691106796265,-0.7223777770996094,0.6146836876869202,1.9397512674331665,0.2988189458847046,-0.026270747184753418,-0.5182653665542603]","[0.6731478571891785,-0.4003176987171173,0.07916004210710526,1.3500033617019653,0.4431876540184021,-0.4193434715270996,0.9697889089584351,0.15318529307842255,-1.1392031908035278,0.18682268261909485,0.18394918739795685,-0.48184657096862793,-0.3701119124889374,0.3891466557979584,1.1189415454864502,-1.6252877712249756,-0.05415009707212448,-0.16668285429477692,1.4909638166427612,-0.4278969168663025,1.2433123588562012,-0.3510613739490509,-1.1870434284210205,-0.7251729965209961,0.3895336091518402,0.37188389897346497,-0.25978291034698486,-0.16879363358020782,0.42117029428482056]","[-0.48724687099456787,-0.11363032460212708,-0.03689461573958397,3.66219162940979,0.6593059301376343,-0.001121513545513153,0.38081634044647217,0.35993266105651855,-0.18487699329853058,3.0277252197265625,0.8129956126213074,-0.17134277522563934,0.01741265505552292,-0.1699521243572235,0.39490827918052673,-0.711706817150116,-0.6488122344017029,-0.9439920783042908,-1.5061200857162476,2.3805010318756104,1.2486637830734253,13.073859214782715,-1.5686120986938477,-1.0517057180404663,-0.25296738743782043,-1.8503940105438232,-2.73850679397583,-2.4626429080963135,-5.966664791107178]",0.04413727670907974,0.04399419203400612,0.021462026983499527,0.1292063593864441,0.09266899526119232,4.633449763059616,0,0,0,0.4891941249370575,0.4933832585811615,0.9933802485466003,0.8713272213935852,0.9568972587585449,0.8813425898551941,-0.05207517370581627,-0.0,-0.0
20,0.4,20,"[-0.27691784501075745,0.12316393107175827,0.04043768346309662,1.914466142654419,-0.07142073661088943,-0.0028684346470981836,-0.24867033958435059,0.15059582889080048,0.031549904495477676,1.8528484106063843,-0.06882030516862869,-0.08528611063957214,-0.04256207495927811,0.11832112818956375,-0.08580246567726135,0.34792178869247437,0.10837041586637497,-0.00735948933288455,-0.3660225570201874,1.1140635013580322,0.029750702902674675,1.4708151817321777,0.34617409110069275,-0.3593997061252594,-0.18925915658473969,-0.2196125090122223,-1.0670732259750366,-0.371961772441864,-1.5369517803192139]","[-0.2404438853263855,0.039253294467926025,0.04464661329984665,1.9427108764648438,-0.07752197980880737,0.005782781168818474,-0.1634725034236908,0.09970909357070923,-0.08904507756233215,1.7602862119674683,-0.005649390630424023,-0.06124429032206535,-0.05649690702557564,0.08971035480499268,-0.08088837563991547,0.40630483627319336,0.06060280650854111,0.16367848217487335,-0.5602589845657349,1.258056402206421,0.13325844705104828,1.2839266061782837,0.4530085027217865,-0.23666070401668549,-0.2432156652212143,-0.5610419511795044,-0.9971054196357727,-0.24979828298091888,-1.3180598020553589]","[0.14550238847732544,0.06084330379962921,0.9413250088691711,1.2516170740127563,0.5977122187614441,0.14462830126285553,0.030275434255599976,-1.040120244026184,-1.2826718091964722,-0.1283019781112671,0.6281460523605347,-0.085410475730896,-0.31707045435905457,-0.07092040032148361,0.6041283011436462,-2.236945867538452,-1.531485676765442,0.6304430961608887,2.5076777935028076,-2.4190664291381836,-0.1622588336467743,-0.5502760410308838,-1.4301471710205078,-0.4827670753002167,0.30365660786628723,1.934830904006958,0.2880603075027466,-0.23925676941871643,-0.4300355911254883]","[0.7659103274345398,-0.49642032384872437,-0.24359336495399475,0.9684023261070251,0.4766553044319153,-0.554116427898407,0.892143189907074,-0.20685823261737823,-1.3002216815948486,-0.2461705207824707,0.18950463831424713,-0.4599519371986389,-0.33543720841407776,0.5094023942947388,1.3392343521118164,-1.9243634939193726,-0.30239248275756836,-0.2468583583831787,1.769904613494873,-2.2471930980682373,1.4129149913787842,-2.33671498298645,-1.3233263492584229,-0.878944456577301,0.05807022377848625,0.2933727502822876,-0.05014484003186226,-0.22070160508155823,0.5554582476615906]","[-0.5191928148269653,-0.12114432454109192,-0.1372721791267395,3.687559127807617,0.6911918520927429,-0.04072921723127365,0.4792701303958893,0.23318064212799072,-0.3190489411354065,2.9559576511383057,0.8239518404006958,-0.1898057609796524,0.20227760076522827,-0.20543918013572693,0.46188151836395264,-0.6118689179420471,-0.8040769696235657,-0.9712030291557312,-1.4671781063079834,2.225048065185547,1.315456509590149,13.425610542297363,-1.9422686100006104,-1.0527304410934448,-0.2747422456741333,-1.6336150169372559,-2.7086246013641357,-2.179550886154175,-6.082041263580322]",0.04694028198719025,0.038618993014097214,0.022104652598500252,0.12927164137363434,0.0921403244137764,4.60701622068882,0,0,0,0.48774266242980957,0.4948362112045288,0.9928103685379028,0.8677229285240173,0.9574593901634216,0.8638242483139038,-0.05737951025366783,-0.0,-0.0
21,0.42,21,"[-0.2753768861293793,0.1242138221859932,0.055381063371896744,1.9364813566207886,-0.06074974685907364,0.0011780790518969297,-0.2552940845489502,0.11991965025663376,-0.0009635371388867497,1.8441956043243408,-0.053845737129449844,-0.08884322643280029,-0.047580696642398834,0.11260530352592468,-0.07257362455129623,0.3006442189216614,0.07438918203115463,0.004971134476363659,-0.31703826785087585,1.0672626495361328,0.028849288821220398,1.4582037925720215,0.31417739391326904,-0.36690643429756165,-0.18574866652488708,-0.18079224228858948,-1.0613725185394287,-0.3782511353492737,-1.544473648071289]","[-0.2266453355550766,0.024012934416532516,0.03258233889937401,1.9574323892593384,-0.0645490512251854,-0.008234787732362747,-0.14530238509178162,0.0904809907078743,-0.1164812296628952,1.7487236261367798,0.0008198149735108018,-0.06928521394729614,-0.061849988996982574,0.09867539256811142,-0.04987112805247307,0.36568358540534973,0.05352264642715454,0.15945658087730408,-0.5281113386154175,1.22323477268219,0.1515239179134369,1.2671010494232178,0.42441731691360474,-0.25224369764328003,-0.2459220588207245,-0.5554323196411133,-0.9974727034568787,-0.25407087802886963,-1.305437445640564]","[0.32240673899650574,-0.3037056028842926,0.4996553063392639,0.8335977792739868,0.6282935738563538,0.1856773942708969,-0.4846014082431793,-1.9196290969848633,-1.7347220182418823,-0.6655126810073853,0.7639122605323792,-0.23379996418952942,-0.17776015400886536,-0.622664213180542,0.8260027766227722,-2.4066784381866455,-1.5552729368209839,0.6851316094398499,2.398069143295288,-1.9369065761566162,-0.11245543509721756,-0.6055921316146851,-1.6991071701049805,-0.2605751156806946,0.18906854093074799,1.7958709001541138,0.18279850482940674,-0.18925145268440247,-0.3357917070388794]","[0.7541223168373108,-0.7547256350517273,-0.6661132574081421,0.5663434863090515,0.566907525062561,-0.6597495675086975,0.8324825763702393,-0.5411525964736938,-1.340743899345398,-0.6845937967300415,0.31160226464271545,-0.3545244038105011,-0.2002200037240982,0.4156613349914551,1.5584888458251953,-2.011132001876831,-0.3377583920955658,-0.23144850134849548,1.5244146585464478,-1.4432200193405151,0.7075613141059875,-0.36167582869529724,-1.4612303972244263,-0.7521592974662781,-0.1886926293373108,0.2485641986131668,-0.009337278082966805,-0.16394983232021332,0.7083590030670166]","[-0.6238856315612793,-0.15959462523460388,-0.24773377180099487,3.666475772857666,0.7340086698532104,-0.08428002148866653,0.5887371897697449,0.11490198224782944,-0.4377248287200928,2.8448848724365234,0.8527948260307312,-0.19351424276828766,0.42347460985183716,-0.28590211272239685,0.632492184638977,-0.3771994709968567,-0.8416845798492432,-0.9524475932121277,-1.4169678688049316,2.175860643386841,1.361445426940918,13.844902992248535,-2.292872190475464,-0.9784735441207886,-0.22467581927776337,-1.4208582639694214,-2.700608491897583,-1.9167227745056152,-6.241633892059326]",0.0499098002910614,0.032841749489307404,0.022937608882784843,0.1302545815706253,0.09138455986976624,4.569227993488312,0,0,0,0.48613566160202026,0.49638697504997253,0.9925445318222046,0.8655551671981812,0.9254657626152039,0.8708480596542358,-0.06770845502614975,-0.0,-0.0
22,0.44,22,"[-0.2640215754508972,0.11101570725440979,0.060423895716667175,1.9478100538253784,-0.04628899320960045,0.004558660555630922,-0.26805439591407776,0.07381066679954529,-0.037838973104953766,1.8262279033660889,-0.03826381638646126,-0.09463810920715332,-0.049672480672597885,0.0934145599603653,-0.05276235565543175,0.25165465474128723,0.04615950211882591,0.020045774057507515,-0.27009978890419006,1.0365872383117676,0.025252485647797585,1.4465914964675903,0.2782098054885864,-0.3698227107524872,-0.18169641494750977,-0.14777767658233643,-1.0597612857818604,-0.3795318305492401,-1.550383448600769]","[-0.2068909853696823,0.006597475148737431,0.014380345121026039,1.9609484672546387,-0.04945721849799156,-0.02435145527124405,-0.1264510452747345,0.07431847602128983,-0.14369219541549683,1.7289751768112183,0.008524744771420956,-0.0739724412560463,-0.06517982482910156,0.10461454838514328,-0.014138872735202312,0.32651111483573914,0.048298370093107224,0.15517094731330872,-0.498861163854599,1.1955273151397705,0.15963628888130188,1.2663462162017822,0.391164094209671,-0.26432323455810547,-0.25049203634262085,-0.5504769086837769,-0.9994065165519714,-0.2545929253101349,-1.2888239622116089]","[0.5521379709243774,-0.879233717918396,0.1547020822763443,0.2676457166671753,0.85573810338974,0.17483963072299957,-0.6588831543922424,-2.6523826122283936,-1.826419711112976,-1.187184453010559,0.8278325200080872,-0.378146767616272,0.014792196452617645,-1.1494324207305908,1.119840145111084,-2.340698719024658,-1.2162702083587646,0.7659475207328796,2.2785537242889404,-1.2228608131408691,-0.2668306231498718,-0.24570226669311523,-1.9350260496139526,0.022682547569274902,0.11490322649478912,1.534556269645691,0.003248453140258789,-0.01982077956199646,-0.22958815097808838]","[0.9941309094429016,-0.9206628799438477,-1.025659203529358,0.025138288736343384,0.7413120269775391,-0.7645630836486816,0.8818196654319763,-0.9248356223106384,-1.3409510850906372,-1.0679705142974854,0.35498765110969543,-0.18917542695999146,-0.1305452585220337,0.21868951618671417,1.782328486442566,-1.8624712228775024,-0.18828752636909485,-0.24645225703716278,1.3810203075408936,-1.332911729812622,0.28909537196159363,0.019141068682074547,-1.7509618997573853,-0.5258668065071106,-0.22996729612350464,0.2546103894710541,-0.14605654776096344,0.045358628034591675,0.9210965037345886]","[-0.7831777334213257,-0.24113917350769043,-0.3546890616416931,3.597306728363037,0.7888890504837036,-0.1316031515598297,0.8516591191291809,-0.015423424541950226,-0.5227619409561157,2.7470531463623047,0.8796448111534119,-0.1817248910665512,0.650008499622345,-0.33226868510246277,0.8022173047065735,-0.07164008915424347,-0.807243287563324,-0.8136349320411682,-1.3390120267868042,2.1447298526763916,1.4708597660064697,14.184993743896484,-2.624366521835327,-0.888873279094696,-0.08716528117656708,-1.2586909532546997,-2.703918218612671,-1.7116808891296387,-6.4388747215271]",0.05305500701069832,0.026099158450961113,0.02389821596443653,0.13164359331130981,0.09015797078609467,4.507898539304733,0,0,0,0.4843531548976898,0.49781179428100586,0.9921688437461853,0.8619973659515381,0.8855578303337097,0.8592226505279541,-0.07321299612522125,-0.0,-0.0
23,0.46,23,"[-0.25329136848449707,0.0890444740653038,0.06156914681196213,1.9471871852874756,-0.026520222425460815,0.00817166455090046,-0.2816494107246399,0.013824342750012875,-0.07402032613754272,1.7967082262039185,-0.020732438191771507,-0.10396909713745117,-0.04698900878429413,0.06662800908088684,-0.027780016884207726,0.20701627433300018,0.02573837712407112,0.035609036684036255,-0.22589612007141113,1.018348217010498,0.018176063895225525,1.4483757019042969,0.23677635192871094,-0.36599913239479065,-0.18115253746509552,-0.11940999329090118,-1.0612425804138184,-0.37904396653175354,-1.5536571741104126]","[-0.18094982206821442,-0.011617083102464676,-0.008424782194197178,1.9505916833877563,-0.031042393296957016,-0.044005151838064194,-0.09979502856731415,0.045677438378334045,-0.174966499209404,1.6998553276062012,0.01834428682923317,-0.07704424858093262,-0.06463673710823059,0.10563741624355316,0.02552967332303524,0.2897765040397644,0.04685795679688454,0.14563263952732086,-0.47239747643470764,1.1600120067596436,0.16091036796569824,1.2690778970718384,0.3530556559562683,-0.2687656283378601,-0.25505030155181885,-0.5451856255531311,-1.0066680908203125,-0.2505130469799042,-1.2673765420913696]","[-0.10467469692230225,-1.029880166053772,0.07619038224220276,-0.2785235643386841,1.0980883836746216,0.12251316756010056,-0.30924081802368164,-3.493363380432129,-1.6960844993591309,-1.729285717010498,0.9528793692588806,-0.5166558623313904,0.3815261721611023,-1.3086820840835571,1.363180160522461,-2.2700765132904053,-0.9638062119483948,0.5825003385543823,2.3381080627441406,-0.6902754306793213,-0.27316197752952576,0.3279566764831543,-2.1628246307373047,0.28257817029953003,-0.1840490847826004,1.343373417854309,-0.11715292930603027,0.07522404193878174,-0.09642541408538818]","[1.2922788858413696,-0.8632329106330872,-1.160909652709961,-0.7296570539474487,0.8542895913124084,-0.9435827732086182,1.3393727540969849,-1.6004443168640137,-1.572906255722046,-1.5472967624664307,0.4622589945793152,-0.122308649122715,0.15381577610969543,-0.02458682656288147,1.8840100765228271,-1.8066341876983643,-0.0705120712518692,-0.5748470425605774,1.2184278964996338,-1.9387364387512207,0.06261550635099411,0.14704295992851257,-1.9895542860031128,-0.08759476244449615,-0.19922375679016113,0.30650603771209717,-0.47148212790489197,0.26468777656555176,1.18229079246521]","[-1.2434474229812622,-0.22510921955108643,-0.3808742165565491,3.424670457839966,0.8366047739982605,-0.20059731602668762,1.4083765745162964,-0.19319623708724976,-0.4945451021194458,2.617158889770508,0.925616443157196,-0.17984257638454437,0.95024174451828,-0.26977261900901794,1.0238605737686157,0.19529573619365692,-0.7681095600128174,-0.6779361963272095,-1.211395263671875,2.1574108600616455,1.6259037256240845,14.490914344787598,-2.9895410537719727,-0.754219651222229,0.12304945290088654,-1.0206310749053955,-2.7501609325408936,-1.5177111625671387,-6.6568074226379395]",0.05730083957314491,0.019361864775419235,0.025976918637752533,0.1348123997449875,0.08750440925359726,4.375220462679863,0,0,0,0.4818918704986572,0.4986990690231323,0.9907773733139038,0.8576380014419556,0.8568977117538452,0.8212165832519531,-0.13190031051635742,-0.0,-0.0
24,0.48,24,"[-0.2682085633277893,0.06982050091028214,0.06347151100635529,1.936669111251831,-0.0023654578253626823,0.009459187276661396,-0.280424028635025,-0.06592387706041336,-0.10568235069513321,1.757056474685669,-0.00014864379772916436,-0.11530434340238571,-0.03441143408417702,0.041067276149988174,0.001764847431331873,0.1608515977859497,0.007607255131006241,0.04334578663110733,-0.1765754669904709,1.0089762210845947,0.014326007105410099,1.4597097635269165,0.19169682264328003,-0.358519583940506,-0.18905837833881378,-0.09404274076223373,-1.0644474029541016,-0.37652286887168884,-1.5542404651641846]","[-0.14920468628406525,-0.0246758870780468,-0.028260596096515656,1.9216692447662354,-0.010770056396722794,-0.06610284000635147,-0.06054183840751648,0.009691145271062851,-0.2010299116373062,1.6604427099227905,0.03219819441437721,-0.07997193187475204,-0.0509478896856308,0.10493364930152893,0.06665295362472534,0.2516236901283264,0.04408472776412964,0.14022864401340485,-0.4437970817089081,1.1300675868988037,0.16444644331932068,1.2553575038909912,0.31002330780029297,-0.26397523283958435,-0.2604583203792572,-0.5377787947654724,-1.02254319190979,-0.24270452558994293,-1.2420542240142822]","[-1.6564407348632812,-0.48749783635139465,0.3421729505062103,-0.5656212568283081,1.3699918985366821,0.07903564721345901,0.8953996300697327,-4.391742706298828,-1.3694506883621216,-2.1656155586242676,0.9941587448120117,-0.44226890802383423,0.7044573426246643,-1.328769326210022,1.4585562944412231,-2.628176212310791,-0.9163683652877808,0.7251698970794678,3.059091567993164,-0.2933382987976074,-0.45116087794303894,0.6568670272827148,-2.2572708129882812,0.4318706691265106,-0.49018487334251404,1.3878834247589111,-0.2375960350036621,0.0875525176525116,0.17424523830413818]","[1.5094144344329834,-0.5352154970169067,-0.9276197552680969,-1.6879549026489258,0.9174737930297852,-1.0445590019226074,2.045154333114624,-1.8619067668914795,-1.1489298343658447,-2.0581986904144287,0.6616975665092468,-0.132512167096138,0.9183487892150879,-0.026127249002456665,1.912291169166565,-1.8604618310928345,-0.1506451964378357,-0.1304071992635727,1.4326105117797852,-1.266166090965271,0.1308133453130722,-0.5898995995521545,-2.2388410568237305,0.3677476644515991,-0.26807349920272827,0.43491923809051514,-0.9424952268600464,0.44515177607536316,1.3490049839019775]","[-2.081360340118408,-0.013850197196006775,-0.33268189430236816,3.1850461959838867,0.888500452041626,-0.2657605707645416,2.4035086631774902,-0.3671662509441376,-0.2782539129257202,2.5197572708129883,1.0111608505249023,-0.19537468254566193,1.3476314544677734,-0.06212576478719711,1.303603172302246,0.3634767532348633,-0.738641083240509,-0.5438336730003357,-1.0294122695922852,2.2473325729370117,1.8499796390533447,14.750147819519043,-3.347463369369507,-0.6338406801223755,0.4009484350681305,-0.5603847503662109,-2.8568570613861084,-1.2919566631317139,-6.914545059204102]",0.06300143897533417,0.02102941833436489,0.028502143919467926,0.14176127314567566,0.08267442137002945,4.1337210685014725,0,0,0,0.4781719744205475,0.4983222186565399,0.9886491894721985,0.8473648428916931,0.8175140023231506,0.7980258464813232,-0.2943267226219177,-0.0,-0.0
25,0.5,25,"[-0.31954899430274963,0.06954456120729446,0.07525606453418732,1.9245623350143433,0.02827945351600647,0.011333090253174305,-0.24583342671394348,-0.1618453562259674,-0.12879835069179535,1.7100836038589478,0.01903391070663929,-0.12165985256433487,-0.018810715526342392,0.013477235101163387,0.030562231317162514,0.1018892303109169,-0.010916357859969139,0.06461583077907562,-0.10353246331214905,1.0066146850585938,0.00012962981418240815,1.4746503829956055,0.14648552238941193,-0.3487243056297302,-0.20075993239879608,-0.06389465928077698,-1.0707464218139648,-0.3755418658256531,-1.546687364578247]","[-0.11560223996639252,-0.025877969339489937,-0.038826197385787964,1.875722050666809,0.006992740090936422,-0.08728841692209244,-0.004254983738064766,-0.025556202977895737,-0.2103092521429062,1.607996940612793,0.05048435553908348,-0.08556980639696121,-0.019079815596342087,0.10826601833105087,0.10708016902208328,0.20515060424804688,0.04051694646477699,0.1352199763059616,-0.40515244007110596,1.111802577972412,0.16953670978546143,1.2584567070007324,0.2613378167152405,-0.2536718249320984,-0.265921950340271,-0.5249863862991333,-1.047871470451355,-0.23005133867263794,-1.2164324522018433]","[-2.708106517791748,0.6928898692131042,0.7440922856330872,-0.7598131895065308,1.361041784286499,-0.00931497197598219,2.9866390228271484,-4.324235916137695,-0.5457432866096497,-2.9100120067596436,0.9044138193130493,-0.28389450907707214,1.0967003107070923,-1.0443071126937866,1.524656891822815,-2.8508663177490234,-0.8173044919967651,0.8747425079345703,3.7440357208251953,-0.15068650245666504,-0.4422275424003601,0.65879225730896,-2.227440357208252,0.4086330533027649,-0.4768788814544678,1.5647221803665161,-0.4250377416610718,0.25644078850746155,0.4441976547241211]","[1.4906365871429443,0.18600700795650482,-0.3858930468559265,-2.442105531692505,0.7597537040710449,-0.9753389358520508,2.9811654090881348,-1.7224370241165161,-0.1623964160680771,-2.7420992851257324,0.8560317754745483,-0.2863752841949463,1.8282487392425537,0.27389201521873474,1.8214861154556274,-2.3923630714416504,-0.21089093387126923,-0.16132798790931702,1.9724482297897339,-0.638032853603363,0.3086213767528534,0.2807977497577667,-2.549821615219116,0.5344231724739075,-0.21893779933452606,0.7924838066101074,-1.3959028720855713,0.7161224484443665,1.2803540229797363]","[-3.007044792175293,0.4647625684738159,-0.2039429247379303,2.9637866020202637,0.9107391238212585,-0.30924472212791443,3.5575132369995117,-0.5666426420211792,0.15326903760433197,2.367769241333008,1.1065270900726318,-0.23925520479679108,1.6793115139007568,0.1801464855670929,1.529363751411438,0.32697349786758423,-0.7299447655677795,-0.5469542145729065,-0.8351436257362366,2.3380863666534424,2.1442179679870605,15.021800994873047,-3.5024349689483643,-0.5663409233093262,0.7100739479064941,0.06561221182346344,-3.0027811527252197,-1.0374881029129028,-7.2529215812683105]",0.06792377680540085,0.027434535324573517,0.030654024332761765,0.15657642483711243,0.07568772882223129,3.7843864411115646,0,0,0,0.47458693385124207,0.4972746670246124,0.9860441088676453,0.8203905820846558,0.7018319964408875,0.6932299733161926,-0.38897183537483215,-0.0,-0.0
26,0.52,26,"[-0.37653282284736633,0.09753609448671341,0.09323520213365555,1.9062765836715698,0.05207620933651924,0.009086588397622108,-0.16095846891403198,-0.2388933151960373,-0.12751208245754242,1.6406559944152832,0.03602790832519531,-0.12666012346744537,0.009456579573452473,-0.0007050074054859579,0.06275112181901932,0.04681694880127907,-0.025084922090172768,0.0783354863524437,-0.026814037933945656,1.0029487609863281,-0.0033630949910730124,1.486061453819275,0.10259921103715897,-0.3421742618083954,-0.2081335335969925,-0.031453851610422134,-1.0814489126205444,-0.3662652373313904,-1.5364725589752197]","[-0.08849325776100159,-0.010256095789372921,-0.038805607706308365,1.8211172819137573,0.013473465107381344,-0.10189370065927505,0.0691913515329361,-0.054026033729314804,-0.19472914934158325,1.5363706350326538,0.06998322904109955,-0.09276296943426132,0.02822265960276127,0.11857796460390091,0.1378653347492218,0.1522231549024582,0.0375974215567112,0.13239987194538116,-0.3588941991329193,1.1081217527389526,0.17911817133426666,1.2632545232772827,0.2084542214870453,-0.24233371019363403,-0.2687051594257355,-0.5012297630310059,-1.079323172569275,-0.2135825753211975,-1.1944048404693604]","[-1.4914512634277344,1.4052284955978394,0.36549997329711914,-1.5782475471496582,0.6512800455093384,-0.10887826234102249,4.660633087158203,-3.147996187210083,0.5553117394447327,-4.106330871582031,0.6970348358154297,-0.19570757448673248,1.741414189338684,-0.14788740873336792,0.6870688796043396,-2.408867597579956,-0.5529637932777405,0.5463434457778931,3.8784754276275635,-0.23499727249145508,0.2039579302072525,0.49640536308288574,-2.1261911392211914,0.4079475998878479,-0.20636357367038727,1.953479528427124,-0.6689518690109253,0.4278600215911865,0.666654109954834]","[1.0344842672348022,1.0767651796340942,0.12918436527252197,-2.7209463119506836,0.1546296626329422,-0.6231499314308167,3.8413119316101074,-1.3316127061843872,1.19554603099823,-3.7891387939453125,0.8556919097900391,-0.351509690284729,2.5038299560546875,0.6124411225318909,1.1745175123214722,-2.646918296813965,-0.07975775003433228,-0.108368419110775,2.416872978210449,-0.0576009675860405,0.5244713425636292,0.20899276435375214,-2.7134387493133545,0.5285248160362244,-0.02061479352414608,1.4303184747695923,-1.637910008430481,0.8860389590263367,1.0165812969207764]","[-3.460360288619995,0.9092043042182922,-0.09615828841924667,2.8145570755004883,0.8530480861663818,-0.3000641167163849,4.3077802658081055,-0.6953792572021484,0.5933883786201477,2.0550289154052734,1.1627490520477295,-0.2732856273651123,1.8270801305770874,0.26043930649757385,1.505085825920105,0.25381821393966675,-0.7374998927116394,-0.5262818932533264,-0.5939938426017761,2.3913378715515137,2.5720787048339844,15.282625198364258,-3.3461966514587402,-0.4167756736278534,0.9150558710098267,0.5067522525787354,-3.0326945781707764,-0.906168520450592,-7.6408305168151855]",0.07155895233154297,0.03550330176949501,0.0345228873193264,0.17485901713371277,0.08266296982765198,4.133148491382599,0,0,0,0.4718118906021118,0.4957871437072754,0.9819310307502747,0.7785914540290833,0.7993224859237671,0.8171480894088745,-0.21144334971904755,-0.0,-0.0
27,0.54,27,"[-0.379207044839859,0.12575370073318481,0.08987606316804886,1.861432433128357,0.05433065444231033,0.006977960001677275,-0.05940810218453407,-0.2877652049064636,-0.10658588260412216,1.5458303689956665,0.04691530391573906,-0.12948815524578094,0.050845853984355927,0.007561739068478346,0.05804498493671417,0.00553453154861927,-0.03303490951657295,0.08646956831216812,0.05160655453801155,0.9972147941589355,0.008287946693599224,1.494506597518921,0.061437878757715225,-0.3324064016342163,-0.20901447534561157,0.014244519174098969,-1.0975044965744019,-0.3584274649620056,-1.5200212001800537]","[-0.0778612270951271,0.021833479404449463,-0.0339430570602417,1.768465518951416,0.012471618130803108,-0.108995720744133,0.15267662703990936,-0.07415272295475006,-0.15405866503715515,1.4454749822616577,0.08628208935260773,-0.09672712534666061,0.08123714476823807,0.1331804245710373,0.1482856720685959,0.09748349338769913,0.039519816637039185,0.13014337420463562,-0.3044041693210602,1.1101603507995605,0.19230318069458008,1.267035961151123,0.15383101999759674,-0.23276694118976593,-0.265001505613327,-0.463030070066452,-1.112542748451233,-0.19471418857574463,-1.1789228916168213]","[-0.2934172749519348,1.7607821226119995,-0.20443089306354523,-2.3050637245178223,0.30093836784362793,-0.05045738071203232,5.230245590209961,-1.9665744304656982,1.440660834312439,-5.307415008544922,0.3451807498931885,-0.0622626394033432,2.1715476512908936,0.47002771496772766,-0.8181710243225098,-2.152437925338745,-0.2204529494047165,0.4129035472869873,3.8867013454437256,-0.1729831099510193,0.770470380783081,0.34921765327453613,-2.051231861114502,0.7177621126174927,-0.01888275146484375,2.578503370285034,-0.851091742515564,0.4026539623737335,0.5700916051864624]","[0.10626635700464249,1.846865177154541,0.25304943323135376,-2.4719693660736084,-0.11419161409139633,-0.27283167839050293,4.236664295196533,-0.916894257068634,2.4259018898010254,-4.690437316894531,0.6640522480010986,-0.16151942312717438,2.6308557987213135,0.7173008322715759,0.07422108203172684,-2.7186334133148193,0.22482354938983917,-0.08447400480508804,2.7985002994537354,0.13006654381752014,0.6954309940338135,0.15305665135383606,-2.7601544857025146,0.4211362898349762,0.3458698093891144,2.1779682636260986,-1.6446861028671265,0.9880633354187012,0.6350512504577637]","[-3.333263397216797,1.13877534866333,-0.062332626432180405,2.7488861083984375,0.8297148942947388,-0.2735370099544525,4.351536750793457,-0.6985785961151123,0.7864587903022766,1.7053773403167725,1.1773923635482788,-0.2589412033557892,1.7788771390914917,0.2355835735797882,1.3892923593521118,0.12508271634578705,-0.7758995294570923,-0.5281797051429749,-0.3279876410961151,2.3951215744018555,2.987323522567749,15.482040405273438,-3.0743350982666016,-0.2793367803096771,0.9777224063873291,0.6673938035964966,-3.000155210494995,-0.8572825193405151,-8.016935348510742]",0.07411254197359085,0.04792945832014084,0.03552256524562836,0.18061861395835876,0.08826369047164917,4.4131845235824585,0,0,0,0.4699924886226654,0.4927327334880829,0.9807101488113403,0.7657840847969055,0.9100520014762878,0.8761373162269592,-0.08222421258687973,-0.0,-0.0
28,0.56,28,"[-0.3882695138454437,0.16796737909317017,0.08505796641111374,1.8140740394592285,0.06411374360322952,0.007068293169140816,0.04825134947896004,-0.3175562918186188,-0.06988564878702164,1.4283593893051147,0.04983513802289963,-0.1291506290435791,0.09631849080324173,0.01809610053896904,0.03002428449690342,-0.039280567318201065,-0.03390303999185562,0.09485162794589996,0.12865400314331055,0.9960294365882874,0.02745571918785572,1.5000301599502563,0.020549936220049858,-0.3134637773036957,-0.20888884365558624,0.0716862827539444,-1.115492582321167,-0.35015907883644104,-1.5136688947677612]","[-0.0920359343290329,0.06921712309122086,-0.028622128069400787,1.7208397388458252,0.010525055229663849,-0.11010570079088211,0.2329612523317337,-0.08251158148050308,-0.08872616291046143,1.3433870077133179,0.09957906603813171,-0.09628158807754517,0.13495202362537384,0.1466194987297058,0.135677307844162,0.04109025001525879,0.04740917682647705,0.12896111607551575,-0.24737752974033356,1.1145602464675903,0.20916827023029327,1.268821120262146,0.09880589693784714,-0.22431804239749908,-0.2547867000102997,-0.4120544195175171,-1.1441489458084106,-0.17382502555847168,-1.1722102165222168]","[-1.2428299188613892,2.229903221130371,-0.15777815878391266,-2.397298812866211,0.37541016936302185,-0.04133130609989166,4.9491095542907715,-1.0791159868240356,2.149911880493164,-5.916792392730713,-0.12515000998973846,0.16156695783138275,2.2112698554992676,0.09178140759468079,-1.727155089378357,-2.575531005859375,0.23409436643123627,0.4833076298236847,3.448544979095459,-0.26960521936416626,0.7878250479698181,0.19920766353607178,-2.1810147762298584,0.9823262691497803,-0.057598575949668884,3.104386806488037,-0.9543329477310181,0.35742223262786865,-0.2285987138748169]","[-1.1917837858200073,2.5977795124053955,0.21418705582618713,-2.24300479888916,-0.10554731637239456,-0.006265176925808191,3.9150655269622803,-0.26006364822387695,3.6164164543151855,-5.092770576477051,0.5407395362854004,0.041407790035009384,2.614954948425293,0.5738125443458557,-0.9754810929298401,-2.861549139022827,0.5155949592590332,-0.009843219071626663,2.8019208908081055,0.23982354998588562,0.87935471534729,0.022929737344384193,-2.775670289993286,0.38435542583465576,0.6172143220901489,2.7282660007476807,-1.4992430210113525,1.0979197025299072,0.183087557554245]","[-3.0712039470672607,1.2742784023284912,-0.014526989310979843,2.6137959957122803,0.8216106295585632,-0.24489200115203857,3.9016571044921875,-0.5294337272644043,0.7856925129890442,1.3693736791610718,1.1855741739273071,-0.22680063545703888,1.7041904926300049,0.11449602991342545,1.479272723197937,-0.15441067516803741,-0.8706055283546448,-0.5887404084205627,-0.18923190236091614,2.3879339694976807,3.262968063354492,15.528626441955566,-2.8666727542877197,-0.19698844850063324,0.919136643409729,0.7084901928901672,-3.0090246200561523,-0.7549803853034973,-8.331038475036621]",0.0757145881652832,0.05725642293691635,0.0356072336435318,0.18488864600658417,0.08832700550556183,4.416350275278091,0,0,0,0.46898961067199707,0.49007609486579895,0.9800020456314087,0.7589766383171082,0.9220911264419556,0.8796377182006836,-0.0834234282374382,-0.0,-0.0
29,0.58,29,"[-0.4289202392101288,0.214949831366539,0.08356493711471558,1.7655404806137085,0.06934706121683121,0.005324707832187414,0.13855627179145813,-0.33092984557151794,-0.02058940939605236,1.3091586828231812,0.04190930351614952,-0.12302547693252563,0.13929665088653564,0.011232995428144932,-0.011041215620934963,-0.097486712038517,-0.023671135306358337,0.10580187290906906,0.1895483434200287,0.9864305853843689,0.03980094939470291,1.5024749040603638,-0.02580271102488041,-0.2931133508682251,-0.21131841838359833,0.1384199857711792,-1.1356778144836426,-0.34413057565689087,-1.5291651487350464]","[-0.13387760519981384,0.1300075501203537,-0.02493494376540184,1.6712772846221924,0.007049147505313158,-0.10579217970371246,0.30105239152908325,-0.07572926580905914,-0.0028341636061668396,1.237378716468811,0.11049984395503998,-0.09316987544298172,0.18780240416526794,0.1544211506843567,0.10610606521368027,-0.0190155990421772,0.0597652867436409,0.12910717725753784,-0.19557256996631622,1.1166963577270508,0.2297586053609848,1.2573565244674683,0.04459596425294876,-0.21616427600383759,-0.24265989661216736,-0.3558986186981201,-1.1705306768417358,-0.150094136595726,-1.173502802848816]","[-2.704549551010132,1.8053107261657715,-0.08679069578647614,-2.872112512588501,0.14135149121284485,-0.13559499382972717,4.080933094024658,-0.35035237669944763,2.4070026874542236,-5.709263801574707,-0.5151140689849854,0.27218350768089294,1.7925745248794556,-0.9731048941612244,-1.8328027725219727,-3.4283645153045654,0.7817285060882568,0.4793711006641388,2.7383458614349365,-0.45129209756851196,0.5665832757949829,-0.16895532608032227,-2.4462742805480957,0.9370260238647461,-0.23728981614112854,3.31986927986145,-0.9052515029907227,0.396014004945755,-1.0115087032318115]","[-2.556527853012085,3.200962543487549,0.10773222893476486,-2.5037710666656494,-0.21916598081588745,0.24451379477977753,3.2316677570343018,0.5167859196662903,4.487180233001709,-5.18745756149292,0.4352424740791321,0.146966814994812,2.547466516494751,0.22887787222862244,-1.639048457145691,-3.0914266109466553,0.6946872472763062,0.047617845237255096,2.3660476207733154,0.1583300083875656,1.0069615840911865,-0.5973867177963257,-2.7096290588378906,0.3684735596179962,0.5920602083206177,2.802471876144409,-1.1607433557510376,1.2572089433670044,-0.16332696378231049]","[-2.7149033546447754,1.219526767730713,0.07013631612062454,2.3483543395996094,0.779058575630188,-0.20646867156028748,3.071467399597168,-0.18883541226387024,0.6308925747871399,0.9772998094558716,1.17308509349823,-0.1951441615819931,1.6388863325119019,-0.10681458562612534,1.7667337656021118,-0.526184618473053,-0.999900758266449,-0.6779670119285583,-0.11354708671569824,2.350153923034668,3.4648520946502686,15.469023704528809,-2.7228000164031982,-0.15798817574977875,0.7718672752380371,0.6578865647315979,-3.0309736728668213,-0.5651160478591919,-8.591170310974121]",0.0757061243057251,0.05772478133440018,0.03601796552538872,0.18954148888587952,0.08713376522064209,4.3566882610321045,0,0,0,0.46932896971702576,0.49063917994499207,0.9785587787628174,0.7504206299781799,0.9482665061950684,0.8890572190284729,-0.16958320140838623,-0.0,-0.0
30,0.6,30,"[-0.4964514970779419,0.24017980694770813,0.0815863385796547,1.69918954372406,0.06976780295372009,0.001644493662752211,0.21148866415023804,-0.3315703868865967,0.02639445662498474,1.199988842010498,0.029230576008558273,-0.11826328933238983,0.16802147030830383,-0.020828096196055412,-0.04328782856464386,-0.17641514539718628,-0.0026339010801166296,0.11402647197246552,0.23818783462047577,0.9779777526855469,0.05011904984712601,1.4932719469070435,-0.0773010328412056,-0.27598273754119873,-0.21838043630123138,0.20448105037212372,-1.151702642440796,-0.33431851863861084,-1.5541292428970337]","[-0.20155000686645508,0.19143246114253998,-0.02523973397910595,1.6086363792419434,0.006560417357832193,-0.09901824593544006,0.35684704780578613,-0.06023828312754631,0.0846773311495781,1.131386160850525,0.11729919910430908,-0.08791235834360123,0.23379625380039215,0.14895980060100555,0.07363807410001755,-0.08700190484523773,0.07696527242660522,0.12825018167495728,-0.15603502094745636,1.1222082376480103,0.24976509809494019,1.2476885318756104,-0.007306450977921486,-0.20720046758651733,-0.23589229583740234,-0.30655720829963684,-1.188939094543457,-0.12220866233110428,-1.1793124675750732]","[-3.591337203979492,0.2298448234796524,-0.2482617348432541,-3.8975865840911865,0.05189124494791031,-0.20581167936325073,3.02089524269104,0.3722049295902252,1.9846687316894531,-4.982161521911621,-0.6339591145515442,0.1790817826986313,0.9231470823287964,-1.961175799369812,-0.999612033367157,-4.273150444030762,1.1925230026245117,0.3333907723426819,2.1763570308685303,-0.3083765506744385,0.5536032319068909,-0.30992329120635986,-2.801112651824951,0.7869169116020203,-0.3434058427810669,3.115000009536743,-0.606885552406311,0.8351438045501709,-1.2409299612045288]","[-3.8280935287475586,2.8775932788848877,-0.12337133288383484,-3.3303401470184326,-0.042925070971250534,0.3308711349964142,2.584707498550415,0.8285273909568787,4.1731343269348145,-5.1194963455200195,0.2307456135749817,0.2530555725097656,2.1003305912017822,-0.5827713012695312,-1.4716227054595947,-3.6426446437835693,0.9450482726097107,-0.07875475287437439,1.7653292417526245,0.29627472162246704,0.9488099813461304,-0.5003957748413086,-2.573045492172241,0.43735581636428833,0.16034844517707825,2.230443239212036,-0.7370371222496033,1.4713118076324463,-0.33014532923698425]","[-2.2193496227264404,0.8896200656890869,0.19105160236358643,2.0106964111328125,0.7893697023391724,-0.18553116917610168,2.0092544555664062,0.23001042008399963,0.31422513723373413,0.5367292761802673,1.125885248184204,-0.15528853237628937,1.5507439374923706,-0.3575265109539032,2.1943163871765137,-0.868695080280304,-1.0332192182540894,-0.7414178848266602,0.005423281341791153,2.322774887084961,3.6513736248016357,15.41532039642334,-2.6546108722686768,-0.15077589452266693,0.5805294513702393,0.4605739116668701,-3.0525245666503906,-0.3356490731239319,-8.853066444396973]",0.07569445669651031,0.05123450607061386,0.0380113385617733,0.19343771040439606,0.08489205688238144,4.244602844119072,0,0,0,0.4696112275123596,0.49361711740493774,0.9756287336349487,0.7417796850204468,0.9489200115203857,0.8866404891014099,-0.2715948522090912,-0.0,-0.0
31,0.62,31,"[-0.572573721408844,0.2241436243057251,0.07363446801900864,1.6096370220184326,0.07142271101474762,-0.002907758578658104,0.2593920826911926,-0.31604164838790894,0.058797337114810944,1.1098722219467163,0.0165509395301342,-0.11586220562458038,0.1762225329875946,-0.06721403449773788,-0.051025696098804474,-0.268412709236145,0.02402978390455246,0.11913750320672989,0.2766026258468628,0.9740955233573914,0.061945077031850815,1.4900779724121094,-0.13784721493721008,-0.2616366744041443,-0.22505465149879456,0.26301997900009155,-1.159953236579895,-0.31072482466697693,-1.5788023471832275]","[-0.2996005415916443,0.22806741297245026,-0.03153100609779358,1.529759168624878,0.014953947626054287,-0.0905122235417366,0.39860111474990845,-0.04768965393304825,0.14786215126514435,1.0312327146530151,0.11725885421037674,-0.08012811094522476,0.26637041568756104,0.12233729660511017,0.06051091477274895,-0.17139732837677002,0.09809484332799911,0.12695671617984772,-0.12552212178707123,1.1213269233703613,0.26792433857917786,1.2282335758209229,-0.06001594662666321,-0.19698262214660645,-0.23956631124019623,-0.2717747092247009,-1.1990454196929932,-0.09051206707954407,-1.1888161897659302]","[-3.405444383621216,-1.321448802947998,-0.22639092803001404,-5.022984981536865,-0.07933191955089569,-0.2232629805803299,1.5485332012176514,1.0535471439361572,1.010036826133728,-4.0839643478393555,-0.6693086624145508,0.051504187285900116,0.128057599067688,-2.2973649501800537,0.09947261214256287,-4.502495288848877,1.3113747835159302,0.17819535732269287,1.5272964239120483,-0.049342215061187744,0.6867256164550781,-0.20056366920471191,-3.1612374782562256,0.6826285719871521,-0.24571456015110016,2.7138967514038086,-0.1425623893737793,1.4369972944259644,-1.1486709117889404]","[-4.977142333984375,1.3944860696792603,-0.25195300579071045,-4.412988185882568,0.21971826255321503,0.3995685875415802,1.743351697921753,0.6236473321914673,2.66921329498291,-4.7353291511535645,-0.10019522905349731,0.37895622849464417,1.492913007736206,-1.5688295364379883,-0.2197900265455246,-4.521091938018799,1.035885214805603,-0.053604792803525925,1.379264235496521,-0.281843900680542,0.8733964562416077,-1.285103440284729,-2.6687893867492676,0.4286855459213257,-0.3830711841583252,1.4263406991958618,-0.32662433385849,1.6479390859603882,-0.4923890233039856]","[-1.5668654441833496,0.5142500400543213,0.34702590107917786,1.6826366186141968,0.8438166975975037,-0.1608639359474182,0.9522296190261841,0.5574372410774231,-0.0699998289346695,0.14326687157154083,1.0442306995391846,-0.1076865866780281,1.359789252281189,-0.6008774638175964,2.4732844829559326,-1.0826820135116577,-1.0226646661758423,-0.7551440000534058,0.15087540447711945,2.3067829608917236,3.78767728805542,15.334546089172363,-2.6456172466278076,-0.20060209929943085,0.4010436534881592,0.18219882249832153,-3.0437204837799072,-0.1252022534608841,-9.14617919921875]",0.0766243115067482,0.043341416865587234,0.04050126299262047,0.18951338529586792,0.0823451355099678,4.11725677549839,0,0,0,0.46879878640174866,0.4964959919452667,0.973033607006073,0.7479457259178162,0.8711000680923462,0.8345537781715393,-0.27467110753059387,-0.0,-0.0
32,0.64,32,"[-0.6326692700386047,0.18732185661792755,0.07253070175647736,1.4982701539993286,0.06659452617168427,-0.0072860256768763065,0.2734299898147583,-0.2894285023212433,0.06679593026638031,1.0366302728652954,0.0024582305923104286,-0.11620312184095383,0.17314377427101135,-0.11272269487380981,-0.03930892422795296,-0.35651496052742004,0.04982108995318413,0.12115428596735,0.29927968978881836,0.9760040640830994,0.07758807390928268,1.485249400138855,-0.20375053584575653,-0.248677596449852,-0.2282090187072754,0.3130369186401367,-1.157405138015747,-0.27683863043785095,-1.6000760793685913]","[-0.40558749437332153,0.24285951256752014,-0.0272505022585392,1.4292861223220825,0.023955222219228745,-0.07856281101703644,0.41693946719169617,-0.04138987883925438,0.1709805577993393,0.9399583339691162,0.10940472781658173,-0.07156633585691452,0.28934812545776367,0.08225231617689133,0.06868331134319305,-0.266402006149292,0.11912564933300018,0.12600737810134888,-0.1040881872177124,1.1178269386291504,0.2835416793823242,1.2051608562469482,-0.11505419760942459,-0.1905435174703598,-0.2509986162185669,-0.24967096745967865,-1.1992402076721191,-0.05859183892607689,-1.1998142004013062]","[-2.37489652633667,-1.7320737838745117,0.43414199352264404,-5.9435248374938965,-0.4863862097263336,-0.21827121078968048,-0.12684613466262817,1.4746427536010742,-0.3315422832965851,-3.4748570919036865,-0.8284227848052979,-0.040587782859802246,-0.34037792682647705,-2.122225761413574,0.7269654273986816,-4.170566082000732,1.2139710187911987,-0.019511207938194275,0.8006759285926819,0.21174103021621704,0.959394633769989,-0.33672451972961426,-3.261570692062378,0.6856982111930847,-0.16584768891334534,2.337709903717041,0.4560530185699463,1.6999319791793823,-0.9327590465545654]","[-5.386502265930176,0.48522692918777466,0.49984923005104065,-5.135234355926514,0.3838282823562622,0.582335352897644,0.4535897374153137,0.290220707654953,0.41640666127204895,-4.3058037757873535,-0.47125187516212463,0.4160420298576355,1.0342402458190918,-2.113044500350952,0.8286809325218201,-4.939021587371826,0.9913929104804993,-0.02459445409476757,0.9604251384735107,-0.33822372555732727,0.7738166451454163,-1.358280897140503,-2.810300588607788,0.20205050706863403,-0.7034945487976074,0.8954490423202515,0.17752496898174286,1.5818082094192505,-0.5467131733894348]","[-0.8307281136512756,0.37931203842163086,0.49983733892440796,1.405449390411377,0.8888643383979797,-0.11418560892343521,0.16616949439048767,0.677701473236084,-0.35900402069091797,-0.17035098373889923,0.9528542757034302,-0.07844016700983047,1.0491405725479126,-0.8447044491767883,2.2705228328704834,-1.2048150300979614,-1.1017931699752808,-0.862738311290741,0.24437323212623596,2.2954018115997314,3.8140628337860107,15.167683601379395,-2.628316640853882,-0.29780277609825134,0.1887127310037613,-0.11555314064025879,-2.9588310718536377,0.08524776995182037,-9.466926574707031]",0.07865961641073227,0.038742098957300186,0.041939184069633484,0.17983900010585785,0.08138348162174225,4.069174081087112,0,0,0,0.4669647812843323,0.4980875551700592,0.9724295735359192,0.7644305229187012,0.7960165739059448,0.7765481472015381,-0.2053031027317047,-0.0,-0.0
33,0.66,33,"[-0.6675695776939392,0.15486067533493042,0.09100014716386795,1.3718960285186768,0.05196726322174072,-0.011638606898486614,0.2543182373046875,-0.25705593824386597,0.04553564637899399,0.9708779454231262,-0.016585972160100937,-0.11748571693897247,0.16260741651058197,-0.15210306644439697,-0.02194708026945591,-0.4352353513240814,0.07258862257003784,0.11835705488920212,0.3086296617984772,0.98256516456604,0.10032086074352264,1.4766089916229248,-0.2683100402355194,-0.23420874774456024,-0.23168855905532837,0.3565283715724945,-1.1417111158370972,-0.24272754788398743,-1.6161127090454102]","[-0.5045813918113708,0.2508351802825928,0.0018914444372057915,1.3133277893066406,0.028827616944909096,-0.06343770027160645,0.4084601104259491,-0.03822216019034386,0.1543458104133606,0.8567243218421936,0.0939425677061081,-0.06609579920768738,0.30587202310562134,0.036435313522815704,0.08854284882545471,-0.3622424900531769,0.13823992013931274,0.12653233110904694,-0.08968211710453033,1.115175724029541,0.2977317273616791,1.1824212074279785,-0.1716185063123703,-0.18873921036720276,-0.26524534821510315,-0.23155677318572998,-1.189544677734375,-0.0315127931535244,-1.2115672826766968]","[-1.223214030265808,-1.396673560142517,1.4177688360214233,-6.515649318695068,-0.9021790623664856,-0.22944402694702148,-1.5454211235046387,1.7357770204544067,-1.58876633644104,-3.318901538848877,-1.0902538299560547,-0.09213685989379883,-0.6667271256446838,-1.7970353364944458,0.8282620906829834,-3.7594728469848633,1.018895149230957,-0.20970088243484497,0.3288745880126953,0.5083471536636353,1.339834451675415,-0.48940181732177734,-3.0458574295043945,0.7943034172058105,-0.23666657507419586,1.9106000661849976,0.9388357400894165,1.5280954837799072,-0.4065364599227905]","[-4.687071800231934,0.3499680459499359,1.8802915811538696,-5.854850769042969,0.10461227595806122,0.7138835787773132,-0.880820631980896,0.23124682903289795,-1.4139049053192139,-3.953909158706665,-0.8256121873855591,0.24116799235343933,0.7420198321342468,-2.2910537719726562,1.1370099782943726,-4.772426128387451,0.8776959776878357,0.07009623944759369,0.649821400642395,-0.24810850620269775,0.7228521108627319,-1.29415762424469,-2.8367772102355957,-0.007191453129053116,-0.7312213182449341,0.8818765878677368,0.6348816752433777,1.2757817506790161,-0.5805308818817139]","[-0.22737222909927368,0.43830251693725586,0.6241291761398315,1.1093623638153076,0.8964183926582336,-0.06107575446367264,-0.24147942662239075,0.66578209400177,-0.47704052925109863,-0.3814132511615753,0.8659217953681946,-0.09356492012739182,0.6641073226928711,-1.038120150566101,1.6840764284133911,-1.3955074548721313,-1.2386704683303833,-1.0150655508041382,0.2993316650390625,2.2753946781158447,3.7374427318573,14.938825607299805,-2.648198366165161,-0.39519456028938293,-0.0597275011241436,-0.40955477952957153,-2.8063952922821045,0.3212672472000122,-9.71960163116455]",0.08141064643859863,0.04063916206359863,0.04293883964419365,0.17063786089420319,0.07991611212491989,3.9958056062459946,0,0,0,0.46456292271614075,0.4979890286922455,0.9720837473869324,0.7780247330665588,0.7160962224006653,0.7346966862678528,-0.1676473468542099,-0.0,-0.0
34,0.68,34,"[-0.6815978288650513,0.13145491480827332,0.1292414516210556,1.2376441955566406,0.030507363379001617,-0.016463786363601685,0.21161314845085144,-0.21999742090702057,0.0032452777959406376,0.9038742184638977,-0.041151922196149826,-0.11988859623670578,0.146474689245224,-0.18460410833358765,-0.006178444251418114,-0.5068938732147217,0.0905768945813179,0.11276625096797943,0.31243467330932617,0.9963379502296448,0.13118144869804382,1.4656733274459839,-0.3255848288536072,-0.21690545976161957,-0.23767568171024323,0.3894609212875366,-1.1198517084121704,-0.21571481227874756,-1.616337537765503]","[-0.5860413908958435,0.2596353590488434,0.05746791139245033,1.1886422634124756,0.02988695167005062,-0.0491207130253315,0.3782549500465393,-0.028332598507404327,0.11656451225280762,0.7789924740791321,0.07254023104906082,-0.06623224169015884,0.31532078981399536,-0.010453025810420513,0.1068812906742096,-0.45033544301986694,0.1551676094532013,0.1288532167673111,-0.07919514924287796,1.1148673295974731,0.3107777237892151,1.1601024866104126,-0.22656026482582092,-0.1894177794456482,-0.2772655487060547,-0.2102886587381363,-1.1729661226272583,-0.009937454015016556,-1.2236133813858032]","[-0.27419328689575195,-1.0140931606292725,2.255302906036377,-6.699872016906738,-1.1790540218353271,-0.32327279448509216,-2.420480966567993,1.9385360479354858,-2.3230342864990234,-3.368854522705078,-1.2898601293563843,-0.1081760972738266,-0.904699444770813,-1.487451434135437,0.6631425023078918,-3.322962760925293,0.7827336192131042,-0.29062220454216003,0.06140619516372681,0.9927064180374146,1.6387991905212402,-0.6032317876815796,-2.5075883865356445,0.9299066066741943,-0.3577571511268616,0.8108757734298706,1.0922223329544067,0.8902155160903931,-0.0014781951904296875]","[-3.7190816402435303,0.4228445291519165,3.1569669246673584,-6.1285223960876465,-0.0396452322602272,0.6393128633499146,-1.8219650983810425,0.6906071901321411,-2.1036036014556885,-3.721360921859741,-1.0890010595321655,-0.045153867453336716,0.3578796088695526,-2.3126134872436523,0.8621299266815186,-4.273491859436035,0.7704058289527893,0.152679443359375,0.5250844359397888,-0.12964166700839996,0.6709311604499817,-1.2723743915557861,-2.6903769969940186,-0.07422303408384323,-0.5598300099372864,1.1363118886947632,0.9074687361717224,1.0103744268417358,-0.5887166857719421]","[0.04754668474197388,0.564767599105835,0.6999744176864624,0.792426347732544,0.903473973274231,-0.03380353003740311,-0.2725968062877655,0.6041854619979858,-0.4029357135295868,-0.5191316604614258,0.793919026851654,-0.14043371379375458,0.3193122148513794,-1.0925123691558838,1.0347703695297241,-1.6361998319625854,-1.3123812675476074,-1.1072190999984741,0.2920953631401062,2.2667722702026367,3.6440510749816895,14.660786628723145,-2.695183515548706,-0.43736177682876587,-0.25938311219215393,-0.7522038221359253,-2.629072427749634,0.5465203523635864,-9.862039566040039]",0.08458787202835083,0.04386965185403824,0.04443594068288803,0.1657964289188385,0.08052737265825272,4.026368632912636,0,0,0,0.4618526101112366,0.4969870150089264,0.97007817029953,0.7826344966888428,0.6891567707061768,0.7456947565078735,-0.12003504484891891,-0.0,-0.0
35,0.7000000000000001,35,"[-0.6785373091697693,0.11429695039987564,0.18121226131916046,1.1039011478424072,0.0048051029443740845,-0.024569518864154816,0.15749900043010712,-0.17951449751853943,-0.047385722398757935,0.8361237645149231,-0.0681803748011589,-0.12181276082992554,0.12641943991184235,-0.211601123213768,0.004578620661050081,-0.5681538581848145,0.10389796644449234,0.10673216730356216,0.31108590960502625,1.0222734212875366,0.16587282717227936,1.4524797201156616,-0.3686135709285736,-0.19701248407363892,-0.24599884450435638,0.38896340131759644,-1.098022222518921,-0.2071189284324646,-1.6161718368530273]","[-0.6479696035385132,0.2684691250324249,0.13347803056240082,1.06493079662323,0.03070215694606304,-0.038257572799921036,0.33419549465179443,-0.008996203541755676,0.07246515154838562,0.7098111510276794,0.0463411770761013,-0.07212936878204346,0.3167421221733093,-0.05422225594520569,0.11813799291849136,-0.526461660861969,0.1716202348470688,0.13089551031589508,-0.06957852095365524,1.1131906509399414,0.32313108444213867,1.1372566223144531,-0.27722033858299255,-0.19130566716194153,-0.2846719026565552,-0.18573608994483948,-1.1538918018341064,0.009046187624335289,-1.2338069677352905]","[0.533314049243927,-0.7435157895088196,2.7506680488586426,-6.552478790283203,-1.1787621974945068,-0.3478124737739563,-2.7996015548706055,2.0368924140930176,-2.4831454753875732,-3.3618972301483154,-1.320281744003296,-0.171907439827919,-1.0741487741470337,-1.2417775392532349,0.3516034781932831,-2.6876838207244873,0.7139526605606079,-0.367988646030426,-0.2547644078731537,1.37494957447052,1.5885140895843506,-0.8606374263763428,-2.0304837226867676,0.6969798803329468,-0.42346158623695374,-1.2111179828643799,0.8479595184326172,0.2611864507198334,1.615816354751587]","[-2.7446157932281494,0.3820142149925232,4.033384323120117,-5.928128719329834,-0.004424211569130421,0.46204060316085815,-2.368161201477051,1.1304118633270264,-2.240053415298462,-3.2311999797821045,-1.2918131351470947,-0.314189612865448,-0.058059725910425186,-2.0665910243988037,0.46290165185928345,-3.594041109085083,0.8145320415496826,0.061497826129198074,0.5152992606163025,-0.08742811530828476,0.5826014876365662,-1.0922298431396484,-2.439662218093872,-0.12217988818883896,-0.31369107961654663,1.2609305381774902,0.9574004411697388,0.9131302237510681,-0.44450077414512634]","[0.07570308446884155,0.7006896138191223,0.7236937284469604,0.4773842990398407,0.9178308248519897,-0.024360157549381256,-0.09223386645317078,0.46380162239074707,-0.2902677655220032,-0.540299654006958,0.7295711636543274,-0.19573040306568146,0.07236199826002121,-0.9187137484550476,0.48160019516944885,-1.8146097660064697,-1.1942857503890991,-1.103867769241333,0.18622109293937683,2.2548794746398926,3.619260311126709,14.420697212219238,-2.7389976978302,-0.4939468204975128,-0.44166818261146545,-1.201316237449646,-2.4883923530578613,0.7543054223060608,-9.885918617248535]",0.08749675005674362,0.043949197977781296,0.04630911722779274,0.1635419875383377,0.0808195099234581,4.040975496172905,0,0,0,0.4594060480594635,0.49628666043281555,0.9661348462104797,0.7871725559234619,0.68452388048172,0.7482640147209167,-0.10081268846988678,-0.0,-0.0
36,0.72,36,"[-0.6602652668952942,0.10171428322792053,0.23926816880702972,0.9755450487136841,-0.01664312183856964,-0.030376285314559937,0.09962908923625946,-0.1385217308998108,-0.09608054161071777,0.7693983316421509,-0.09396319091320038,-0.12676489353179932,0.10350874066352844,-0.2342752069234848,0.00788569450378418,-0.6144012212753296,0.11913499981164932,0.09804670512676239,0.3022440969944,1.0513359308242798,0.1947220116853714,1.4312478303909302,-0.4068041741847992,-0.18902626633644104,-0.2546141445636749,0.3410162031650543,-1.0859333276748657,-0.20526735484600067,-1.5517048835754395]","[-0.6922105550765991,0.2755271792411804,0.22039125859737396,0.948239803314209,0.03254012390971184,-0.031144334003329277,0.28185799717903137,0.016883226111531258,0.02726491168141365,0.653635561466217,0.01808983087539673,-0.08051248639822006,0.30890947580337524,-0.08826650679111481,0.12172115594148636,-0.5856879949569702,0.1929389089345932,0.12940047681331635,-0.06179288402199745,1.1085772514343262,0.33399781584739685,1.1176937818527222,-0.32256677746772766,-0.1938113421201706,-0.28614991903305054,-0.16445960104465485,-1.1345030069351196,0.026434920728206635,-1.2348389625549316]","[1.2027338743209839,-0.5616881251335144,2.780113697052002,-6.224076747894287,-0.9470793604850769,-0.3693094551563263,-2.813858985900879,2.080399513244629,-2.271987199783325,-3.294189453125,-1.1187251806259155,-0.27182736992836,-1.3069758415222168,-1.1039700508117676,-0.08611289411783218,-1.7967925071716309,0.9980676770210266,-0.5887148976325989,-0.781664252281189,1.3636738061904907,1.2573543787002563,-1.1452913284301758,-1.8811293840408325,0.18758177757263184,-0.44753292202949524,-2.834742546081543,0.5803942680358887,0.13715997338294983,3.1185717582702637]","[-1.9100662469863892,0.27712565660476685,4.386465549468994,-5.521198272705078,0.056390196084976196,0.2905445694923401,-2.6884310245513916,1.3841466903686523,-2.243731737136841,-2.5411529541015625,-1.3499034643173218,-0.40050920844078064,-0.5338951945304871,-1.4511332511901855,0.09151224792003632,-2.64493989944458,1.147689938545227,-0.15820975601673126,0.3516858220100403,-0.1966608613729477,0.4632546305656433,-0.734512209892273,-2.1622817516326904,-0.13047419488430023,-0.0060952953062951565,0.9294233918190002,0.9658041596412659,0.8199940323829651,0.194515198469162]","[0.003907978534698486,0.8383288979530334,0.7293283343315125,0.15858837962150574,0.9251673817634583,-0.022184796631336212,0.07383349537849426,0.3193036913871765,-0.20747213065624237,-0.5203474760055542,0.6745747923851013,-0.23043355345726013,-0.11594540625810623,-0.6329172253608704,0.08308394998311996,-1.9819360971450806,-0.9137477874755859,-1.056854486465454,-0.01278766617178917,2.2285654544830322,3.5824177265167236,14.156083106994629,-2.805690288543701,-0.5865839719772339,-0.5994822978973389,-1.6271015405654907,-2.388735294342041,0.9399960041046143,-9.837030410766602]",0.08962612599134445,0.03940441459417343,0.047935206443071365,0.1623002141714096,0.07970382273197174,3.985191136598587,0,0,0,0.4576575458049774,0.4964172840118408,0.9603175520896912,0.799450159072876,0.6689755916595459,0.6972054243087769,-0.09483302384614944,-0.0,-0.0
37,0.74,37,"[-0.6304279565811157,0.09182942658662796,0.2924168109893799,0.8549380898475647,-0.03307807072997093,-0.039341896772384644,0.0449446476995945,-0.09629851579666138,-0.1382652074098587,0.7043561935424805,-0.11292938143014908,-0.1326858550310135,0.07414040714502335,-0.25575992465019226,0.0011341049103066325,-0.6400255560874939,0.14382067322731018,0.08318357169628143,0.2798193395137787,1.0768203735351562,0.21616700291633606,1.4066680669784546,-0.4438587427139282,-0.18950921297073364,-0.26390016078948975,0.2755737006664276,-1.0748064517974854,-0.2016325294971466,-1.4914289712905884]","[-0.7213240265846252,0.28983595967292786,0.31142064929008484,0.8527148365974426,0.035353247076272964,-0.025702329352498055,0.22344811260700226,0.04557225853204727,-0.014759751036763191,0.6222001314163208,-0.003538899589329958,-0.08376843482255936,0.2989377975463867,-0.10500267148017883,0.12311096489429474,-0.6263404488563538,0.22267219424247742,0.12502969801425934,-0.059968218207359314,1.0952942371368408,0.3411105275154114,1.1072494983673096,-0.36237019300460815,-0.19712144136428833,-0.27753815054893494,-0.16388686001300812,-1.1021273136138916,0.04256191849708557,-1.2109624147415161]","[1.761692762374878,0.15323330461978912,3.0642096996307373,-4.013906478881836,-1.1859711408615112,-0.19447702169418335,-2.3980460166931152,1.5383716821670532,-2.3124959468841553,-1.7869726419448853,-1.046982765197754,0.24654045701026917,-0.8579142689704895,-0.8201491236686707,0.3477870225906372,-1.2173936367034912,1.3814928531646729,-0.1689508557319641,-0.9940438270568848,0.7647126913070679,-0.1681990921497345,-1.0995715856552124,-1.5860706567764282,-0.7229030132293701,0.9409263730049133,-4.218039035797119,1.7746984958648682,0.6927654147148132,4.208037376403809]","[-1.2015460729599,0.7697257995605469,4.400705814361572,-4.261674404144287,0.13773122429847717,0.23469433188438416,-2.907768964767456,1.4353368282318115,-2.0650343894958496,-1.1784298419952393,-0.9201347231864929,-0.09649015963077545,-0.5078693628311157,-0.4963447153568268,0.11156553775072098,-1.7287307977676392,1.5813820362091064,-0.24492976069450378,-0.009723510593175888,-0.8727233409881592,0.2890437841415405,-0.4444240629673004,-2.0141794681549072,-0.11489279568195343,0.545214831829071,-0.34643569588661194,1.9227567911148071,0.7664886713027954,1.5796138048171997]","[-0.16400137543678284,1.1355454921722412,0.7248528003692627,0.04282929748296738,0.9410103559494019,-0.008600391447544098,0.2448308765888214,0.19871944189071655,-0.15555603802204132,-0.32694360613822937,0.7006527781486511,-0.20006002485752106,-0.13020014762878418,-0.4494137465953827,-0.050410039722919464,-2.1640706062316895,-0.6127479076385498,-0.9376248717308044,-0.24252763390541077,2.1025307178497314,3.561736822128296,13.788298606872559,-2.8555541038513184,-0.5871723890304565,-0.5290223360061646,-1.9315683841705322,-2.2010090351104736,1.0959452390670776,-9.768773078918457]",0.09042534977197647,0.034368839114904404,0.05044473707675934,0.16466791927814484,0.07909771054983139,3.9548855274915695,0,0,0,0.4571332037448883,0.49662819504737854,0.9504420757293701,0.8044522404670715,0.6752645373344421,0.6483943462371826,-0.07742877304553986,-0.0,-0.0
38,0.76,38,"[-0.5897975564002991,0.10784361511468887,0.3618365526199341,0.8149887919425964,-0.06408196687698364,-0.038155365735292435,0.003707254072651267,-0.07698686420917511,-0.18858037889003754,0.6979194283485413,-0.13584250211715698,-0.11690327525138855,0.06919217109680176,-0.2670811712741852,0.021797174587845802,-0.6630969643592834,0.17439471185207367,0.09128867089748383,0.26248234510421753,1.0819244384765625,0.18799404799938202,1.3872649669647217,-0.4702470004558563,-0.21794238686561584,-0.2169770896434784,0.17229464650154114,-1.014945387840271,-0.17755673825740814,-1.3833833932876587]","[-0.7362866997718811,0.3183631896972656,0.3943881690502167,0.7995474934577942,0.03872295469045639,-0.018356088548898697,0.16375602781772614,0.06800653785467148,-0.0590733140707016,0.6236779689788818,-0.012387720867991447,-0.07785817980766296,0.29762375354766846,-0.10363943129777908,0.13263754546642303,-0.653854489326477,0.2579270005226135,0.12212484329938889,-0.06389845907688141,1.0643666982650757,0.340167373418808,1.1007217168807983,-0.40405741333961487,-0.19746190309524536,-0.2614944875240326,-0.1876358836889267,-1.0492722988128662,0.05996943637728691,-1.1652755737304688]","[2.1027684211730957,0.8747509121894836,3.282317638397217,-1.1126786470413208,-1.3653435707092285,0.007822178304195404,-1.6820162534713745,0.5678961277008057,-2.5716640949249268,0.22645443677902222,-0.9133214354515076,0.8354954719543457,-0.09931083768606186,-0.25490596890449524,1.3066104650497437,-1.0269343852996826,1.6929987668991089,0.43499284982681274,-0.9342238306999207,-0.5562484264373779,-1.9277700185775757,-0.9393304586410522,-1.2421749830245972,-1.1247143745422363,1.895506739616394,-5.018210411071777,3.103597640991211,1.7748523950576782,5.391106128692627]","[-0.2191726416349411,1.7957820892333984,3.591970443725586,-1.157620906829834,-0.02042335271835327,0.8743228912353516,-2.8513035774230957,0.8954353332519531,-2.1685168743133545,0.482916921377182,-0.2525419592857361,0.3542432487010956,0.1459392011165619,0.14613664150238037,0.7453612089157104,-1.2124114036560059,1.8836853504180908,-0.15606257319450378,-0.2746107578277588,-1.799498200416565,-0.1684916764497757,-0.29523032903671265,-2.074484348297119,0.2498512864112854,0.7333676218986511,-1.5135834217071533,2.6826677322387695,0.9299675226211548,2.5957748889923096]","[-0.3841986656188965,1.4260681867599487,0.7527244091033936,0.12847241759300232,0.9665396809577942,-0.006222255527973175,0.35036805272102356,0.05545996129512787,-0.19525198638439178,-0.03468981385231018,0.774959146976471,-0.12957482039928436,-0.035764046013355255,-0.2947286069393158,0.06958144158124924,-2.398101568222046,-0.3998663127422333,-0.7391365170478821,-0.3802834153175354,1.883443832397461,3.497697353363037,13.40360164642334,-2.925541639328003,-0.5678225159645081,-0.42775866389274597,-2.1110963821411133,-2.0314271450042725,1.2272355556488037,-9.652481079101562]",0.09031917154788971,0.0300507340580225,0.052770812064409256,0.1690981537103653,0.07965124398469925,3.9825621992349625,0,0,0,0.45740124583244324,0.49718743562698364,0.9381687045097351,0.7968608140945435,0.7204049229621887,0.6509261727333069,-0.07838734239339828,-0.0,-0.0
39,0.78,39,"[-0.5463172197341919,0.1268194615840912,0.423709511756897,0.8104309439659119,-0.08769181370735168,-0.03902900964021683,-0.022336000576615334,-0.07358267158269882,-0.2411317676305771,0.7134143710136414,-0.1494622379541397,-0.09926603734493256,0.07016797363758087,-0.26595616340637207,0.05339852347970009,-0.6811029314994812,0.21154062449932098,0.1005832850933075,0.24245038628578186,1.0545704364776611,0.13905620574951172,1.3690948486328125,-0.4935457408428192,-0.2344977855682373,-0.18807989358901978,0.07484527677297592,-0.9506625533103943,-0.13063843548297882,-1.2757847309112549]","[-0.7290624380111694,0.349822074174881,0.4488546848297119,0.8069588541984558,0.02628796175122261,-0.011985236778855324,0.10980347543954849,0.07903516292572021,-0.10223011672496796,0.6367234587669373,-0.01285405084490776,-0.06516227126121521,0.29785019159317017,-0.1032039150595665,0.1524161845445633,-0.6744871735572815,0.2957003116607666,0.12050704658031464,-0.07044719159603119,1.0204758644104004,0.3301759958267212,1.095551609992981,-0.4459806978702545,-0.18504196405410767,-0.2551669180393219,-0.2203366905450821,-1.0042757987976074,0.07646398991346359,-1.1152756214141846]","[1.8537179231643677,0.8174220323562622,2.6471877098083496,-0.027523934841156006,-0.9739976525306702,-0.0872570127248764,-1.2685132026672363,0.17747153341770172,-2.44962477684021,0.7529124617576599,-0.4926756024360657,0.7739076614379883,0.03970097750425339,0.2910442650318146,1.5144338607788086,-0.879940390586853,1.7331403493881226,0.3081636428833008,-1.0206353664398193,-1.9190847873687744,-2.3992667198181152,-0.9131371974945068,-1.3359882831573486,-0.5416315197944641,0.6318472623825073,-4.421765327453613,2.408266067504883,2.4314723014831543,4.485055923461914]","[0.5645026564598083,1.218573808670044,2.3234755992889404,0.7149799466133118,-0.9333907961845398,-0.08545876294374466,-2.6560308933258057,0.4093373119831085,-2.0778651237487793,0.6704568862915039,0.045774783939123154,0.644503653049469,-0.11695628613233566,-0.00995811726897955,1.0437114238739014,-0.9465845227241516,1.7684236764907837,-0.07945369184017181,-0.32834872603416443,-2.270709276199341,-0.5950384736061096,-0.24069075286388397,-2.0836610794067383,0.7260634303092957,0.11635251343250275,-1.6719099283218384,1.987862467765808,0.7702215909957886,2.361898899078369]","[-0.687734067440033,1.3981611728668213,0.9172539710998535,0.1533930003643036,0.9328164458274841,-0.04600752145051956,0.4770720601081848,0.07289991527795792,-0.23817585408687592,-0.0034419908188283443,0.7990989685058594,-0.06793136149644852,0.0015679523348808289,-0.13403186202049255,0.1808917224407196,-2.7648112773895264,-0.25686702132225037,-0.5821203589439392,-0.5770126581192017,1.716995358467102,3.301339864730835,12.965300559997559,-3.0732109546661377,-0.6138960123062134,-0.5606611967086792,-2.0385677814483643,-2.0128977298736572,1.3700666427612305,-9.51796817779541]",0.08939773589372635,0.03116723895072937,0.052902814000844955,0.1677045077085495,0.08757555484771729,4.378777742385864,0,0,0,0.45833826065063477,0.49705636501312256,0.9335973262786865,0.7963942289352417,0.9117259383201599,0.8565489053726196,-0.0748831033706665,-0.0,-0.0
40,0.8,40,"[-0.5156488418579102,0.1405404955148697,0.4677240550518036,0.8138878345489502,-0.103041872382164,-0.04164564609527588,-0.04703327640891075,-0.06988800317049026,-0.286565363407135,0.7280359268188477,-0.1555495262145996,-0.08594696968793869,0.0707802101969719,-0.2554394006729126,0.08237452805042267,-0.6982945799827576,0.24372032284736633,0.10361521691083908,0.221656933426857,1.0051610469818115,0.09202338010072708,1.3507394790649414,-0.5236865282058716,-0.23960764706134796,-0.191703200340271,-0.004575970582664013,-0.9186147451400757,-0.08029785007238388,-1.2039811611175537]","[-0.7146559953689575,0.3639022409915924,0.49393004179000854,0.8213658332824707,0.0029745372012257576,-0.0207511093467474,0.05916104465723038,0.08326787501573563,-0.14722594618797302,0.6490413546562195,-0.0123361861333251,-0.04879674315452576,0.28923287987709045,-0.10091881453990936,0.1748117059469223,-0.6925309896469116,0.32411298155784607,0.12038891762495041,-0.07576527446508408,0.9736805558204651,0.3140629529953003,1.09130859375,-0.4905169606208801,-0.1712101548910141,-0.2634548842906952,-0.2459789216518402,-0.9805262088775635,0.08801194280385971,-1.0772944688796997]","[1.171948790550232,0.5156353116035461,1.8980443477630615,0.20159035921096802,-0.6276998519897461,-0.13349847495555878,-1.3634628057479858,0.2461860030889511,-1.990531086921692,0.6344795227050781,-0.2447187900543213,0.5767340064048767,0.024536997079849243,0.6645727753639221,1.4141918420791626,-0.8554667234420776,1.2543898820877075,0.1371936947107315,-1.162300705909729,-2.61525821685791,-2.1760494709014893,-1.1883437633514404,-1.8020414113998413,-0.3720417618751526,-0.7189720869064331,-3.373978853225708,1.0744482278823853,2.287789821624756,3.7751197814941406]","[0.7548201084136963,0.4256891906261444,2.1807944774627686,0.6775112152099609,-1.2418525218963623,-0.5260708928108215,-2.4858145713806152,0.1692432314157486,-2.207836151123047,0.5609189867973328,0.023580128327012062,0.7909329533576965,-0.5645065307617188,0.22373360395431519,1.1322847604751587,-0.9106284976005554,1.1638644933700562,-0.028026530519127846,-0.20682378113269806,-2.280388832092285,-0.8390473127365112,-0.191249281167984,-2.2393124103546143,0.6022205948829651,-0.6345394253730774,-1.158981442451477,0.8807962536811829,0.48610934615135193,1.608867883682251]","[-0.8474908471107483,1.3386908769607544,1.087446928024292,0.1577756702899933,0.8831615447998047,-0.08159244805574417,0.5909026861190796,0.07526136189699173,-0.3414004445075989,0.031000299379229546,0.796275794506073,-0.012809822335839272,0.028397493064403534,-0.03614922612905502,0.1694011390209198,-3.0622894763946533,-0.14791251718997955,-0.44828253984451294,-0.7612016201019287,1.5833936929702759,3.0955755710601807,12.456317901611328,-3.2931764125823975,-0.7351688742637634,-0.7454535365104675,-1.8377410173416138,-2.0531506538391113,1.5369220972061157,-9.250554084777832]",0.0872812271118164,0.03375105559825897,0.051450468599796295,0.16386719048023224,0.08854740858078003,4.4273704290390015,0,0,0,0.4603285789489746,0.49690577387809753,0.9354141354560852,0.805992066860199,0.9212449193000793,0.8884906768798828,-0.08100565522909164,-0.0,-0.0
41,0.8200000000000001,41,"[-0.4994392693042755,0.14744487404823303,0.49963128566741943,0.8184945583343506,-0.11279980838298798,-0.04436894878745079,-0.0768745094537735,-0.063735231757164,-0.3207530081272125,0.7387935519218445,-0.15925098955631256,-0.07619667798280716,0.07114945352077484,-0.23937325179576874,0.10996619611978531,-0.7153216004371643,0.26171621680259705,0.10607103258371353,0.19595836102962494,0.9499601125717163,0.052014224231243134,1.3215610980987549,-0.56562739610672,-0.2493794560432434,-0.2168387770652771,-0.06011386960744858,-0.9076846241950989,-0.03912684693932533,-1.1247799396514893]","[-0.698293149471283,0.3652060031890869,0.5367566347122192,0.8330368995666504,-0.022764436900615692,-0.029164930805563927,0.009988955222070217,0.08270833641290665,-0.19151157140731812,0.6600586175918579,-0.013369185850024223,-0.032029278576374054,0.2732773721218109,-0.09401306509971619,0.19635041058063507,-0.7088227868080139,0.33843091130256653,0.12297633290290833,-0.07945579290390015,0.9317728281021118,0.29386916756629944,1.0867977142333984,-0.5381818413734436,-0.16412697732448578,-0.27872925996780396,-0.25849559903144836,-0.9728403687477112,0.09530220925807953,-1.068373441696167]","[0.6056599617004395,0.17077326774597168,1.4525257349014282,0.2017185091972351,-0.4009036421775818,-0.14771074056625366,-1.6348686218261719,0.3562576174736023,-1.4754526615142822,0.4657328128814697,-0.1525402069091797,0.3997337222099304,-0.05776304751634598,0.8840948343276978,1.3198256492614746,-0.8099362254142761,0.47380030155181885,0.22847577929496765,-1.491932988166809,-2.5221855640411377,-1.6685653924942017,-1.6626149415969849,-2.0108461380004883,-0.6033729910850525,-1.0510835647583008,-2.387312412261963,0.316774845123291,1.9014474153518677,2.832725763320923]","[0.8410946726799011,-0.10196643322706223,2.062584161758423,0.5573113560676575,-1.2780046463012695,-0.3786446750164032,-2.436809539794922,-0.07805347442626953,-2.1010890007019043,0.5071974992752075,-0.06100045517086983,0.7826098799705505,-0.8762844800949097,0.44310152530670166,1.0418843030929565,-0.7989508509635925,0.4472068250179291,0.13106921315193176,-0.1581645905971527,-1.9453983306884766,-1.0156382322311401,-0.24163706600666046,-2.4128963947296143,0.1690918505191803,-0.8075886368751526,-0.41202443838119507,0.23072262108325958,0.30902495980262756,-0.09936433285474777]","[-0.7892683148384094,1.3023474216461182,1.1216384172439575,0.17217203974723816,0.84482342004776,-0.07110924273729324,0.5903730988502502,0.038227565586566925,-0.4079160988330841,0.06245429813861847,0.7846304774284363,0.023370375856757164,0.03333323448896408,-0.09253593534231186,0.04731925576925278,-3.117560625076294,-0.11890438944101334,-0.30176877975463867,-0.890468418598175,1.517926812171936,2.925682306289673,11.895190238952637,-3.448333501815796,-0.8359663486480713,-0.792374312877655,-1.6612962484359741,-2.074988603591919,1.6706808805465698,-8.906333923339844]",0.08429095149040222,0.03514449670910835,0.04997076466679573,0.1609003245830536,0.08902640640735626,4.451320320367813,0,0,0,0.4630588889122009,0.4968978464603424,0.9391038417816162,0.8169286847114563,0.9117029905319214,0.8864797353744507,-0.06285151094198227,-0.0,-0.0
42,0.84,42,"[-0.4914224445819855,0.14737142622470856,0.5258250832557678,0.8219565749168396,-0.11907801777124405,-0.047554075717926025,-0.11242801696062088,-0.055637698620557785,-0.3455834686756134,0.7466652393341064,-0.1616511344909668,-0.06995762139558792,0.06846968829631805,-0.2200756072998047,0.13516755402088165,-0.7306920289993286,0.2626723349094391,0.11275424808263779,0.16197961568832397,0.9042736291885376,0.025280766189098358,1.284234881401062,-0.6041203737258911,-0.2637425661087036,-0.23374654352664948,-0.10006846487522125,-0.905943751335144,-0.0042399573139846325,-1.0906721353530884]","[-0.680554211139679,0.3590570092201233,0.5765063762664795,0.8433642983436584,-0.04752401262521744,-0.034226592630147934,-0.03955068439245224,0.07767269015312195,-0.22954821586608887,0.6679519414901733,-0.014677491039037704,-0.015358809381723404,0.24950575828552246,-0.08528891205787659,0.21219292283058167,-0.7182186245918274,0.33950597047805786,0.13193662464618683,-0.08661343157291412,0.9001258015632629,0.2715378403663635,1.0783218145370483,-0.5764365196228027,-0.16222640872001648,-0.2909110188484192,-0.2694263160228729,-0.9755387902259827,0.10296144336462021,-1.0661147832870483]","[0.3446243703365326,-0.04034973680973053,1.2838975191116333,0.1703903079032898,-0.2130705863237381,-0.17796215415000916,-1.8570293188095093,0.48213183879852295,-1.0406583547592163,0.29524415731430054,-0.06071142852306366,0.2535976469516754,-0.23963190615177155,1.0102834701538086,1.0437501668930054,-0.5759209394454956,-0.2964235842227936,0.5127997994422913,-1.8407039642333984,-1.8698185682296753,-0.9361391067504883,-1.88559889793396,-1.9992977380752563,-0.6001763343811035,-0.6118588447570801,-1.7219218015670776,-0.2742201089859009,1.57804274559021,1.044514775276184]","[0.9555854201316833,-0.3877726197242737,1.8904680013656616,0.5062004327774048,-1.1807961463928223,-0.2182118445634842,-2.4527783393859863,-0.30566248297691345,-1.7088528871536255,0.32213956117630005,-0.06204096972942352,0.776025652885437,-1.3540635108947754,0.4463222920894623,0.6912700533866882,-0.3000684082508087,-0.11169283092021942,0.5574175715446472,-0.4700855612754822,-1.3674105405807495,-1.086083173751831,-0.514011025428772,-1.0131146907806396,0.12331406027078629,-0.5505854487419128,-1.3088452816009521,-0.34635165333747864,0.4173458516597748,1.3716846704483032]","[-0.649325430393219,1.2700438499450684,1.1254572868347168,0.21127375960350037,0.8185670971870422,-0.058481670916080475,0.519202709197998,0.010792605578899384,-0.4485431909561157,0.04893200099468231,0.7809489369392395,0.06117888540029526,-0.009429939091205597,-0.22359392046928406,-0.11515537649393082,-2.98549485206604,-0.15995799005031586,-0.14403970539569855,-1.0012362003326416,1.5297702550888062,2.8030025959014893,11.334360122680664,-3.529414176940918,-0.8442457318305969,-0.7448598146438599,-1.5780622959136963,-2.097001314163208,1.7642908096313477,-8.58874225616455]",0.08067487925291061,0.034165192395448685,0.049075718969106674,0.15665337443351746,0.08959407359361649,4.479703679680824,0,0,0,0.4662514626979828,0.497001588344574,0.9437115788459778,0.8292433023452759,0.8926012516021729,0.909839928150177,-0.05894528701901436,-0.0,-0.0
43,0.86,43,"[-0.4856542944908142,0.1458308845758438,0.550987184047699,0.8253101706504822,-0.1213226318359375,-0.05148743465542793,-0.15115568041801453,-0.04444995895028114,-0.3623793423175812,0.7506033182144165,-0.1616794466972351,-0.06605277210474014,0.06156417727470398,-0.19896191358566284,0.1517162024974823,-0.7383584380149841,0.2498592734336853,0.1265830248594284,0.1223302036523819,0.8751673698425293,0.014568660408258438,1.2461371421813965,-0.6455993056297302,-0.27338650822639465,-0.2413131296634674,-0.12899073958396912,-0.9186534285545349,0.02399485930800438,-1.082999348640442]","[-0.6604698896408081,0.3530231714248657,0.612241804599762,0.846752941608429,-0.04832475632429123,-0.035824671387672424,-0.08727086335420609,0.06911353021860123,-0.26213565468788147,0.6730285286903381,-0.014308147132396698,0.003424142487347126,0.21461088955402374,-0.0746278166770935,0.21828407049179077,-0.7124499678611755,0.33191725611686707,0.15328621864318848,-0.10356798022985458,0.8802873492240906,0.24897435307502747,1.0609904527664185,-0.5855915546417236,-0.15832935273647308,-0.29614314436912537,-0.2999940514564514,-0.9816373586654663,0.10619696229696274,-1.0253558158874512]","[0.40359869599342346,-0.007155910134315491,1.1996984481811523,0.1344338059425354,-0.01497361809015274,-0.19626691937446594,-1.9385690689086914,0.6223135590553284,-0.6714187860488892,0.1343369483947754,0.03319308161735535,0.16870610415935516,-0.4952641427516937,1.1116162538528442,0.5424842238426208,-0.040696561336517334,-0.9209960699081421,1.11998450756073,-2.023397922515869,-0.9257838129997253,-0.3031385540962219,-2.184018611907959,-1.9872844219207764,-0.31497031450271606,-0.3337908685207367,-1.353859543800354,-0.771862268447876,1.6427910327911377,1.3199657201766968]","[1.0905457735061646,-0.32432281970977783,1.6269789934158325,0.5004929900169373,-0.4617633521556854,-0.1510183960199356,-2.312917709350586,-0.5119978785514832,-1.4770004749298096,0.214707151055336,0.03538059443235397,0.8967076539993286,-1.8728206157684326,0.5390096306800842,0.1736849546432495,0.5127474665641785,-0.49118974804878235,1.2092267274856567,-0.9324737787246704,-0.7840476036071777,-1.0764840841293335,-0.982041597366333,-0.25577592849731445,0.17323684692382812,-0.12303363531827927,-1.5259637832641602,-0.20980101823806763,0.028465956449508667,2.1516518592834473]","[-0.5647154450416565,1.2649414539337158,1.1390938758850098,0.249518483877182,0.8156114220619202,-0.05755246430635452,0.507498025894165,-0.021561555564403534,-0.513148307800293,0.05466865003108978,0.797541081905365,0.12184127420186996,-0.017215974628925323,-0.33546438813209534,-0.300768107175827,-2.733513116836548,-0.1649012714624405,0.03925664722919464,-1.0437710285186768,1.5836364030838013,2.7367653846740723,10.788187980651855,-3.7422468662261963,-0.8360248804092407,-0.746985912322998,-1.4842151403427124,-2.1086223125457764,1.9047225713729858,-8.233075141906738]",0.07651922106742859,0.02812064066529274,0.04812981188297272,0.14856848120689392,0.0890316367149353,4.451581835746765,0,0,0,0.46982434391975403,0.49788469076156616,0.9485466480255127,0.8456403613090515,0.8779906630516052,0.8787221908569336,-0.06702679395675659,-0.0,-0.0
44,0.88,44,"[-0.47527849674224854,0.14708518981933594,0.5738130211830139,0.827333927154541,-0.11967696249485016,-0.05540475249290466,-0.18997077643871307,-0.03074515610933304,-0.3724402189254761,0.7520387172698975,-0.16032341122627258,-0.06320937722921371,0.04865912348031998,-0.1756109595298767,0.1568669229745865,-0.7323198914527893,0.2258324921131134,0.15755362808704376,0.08104369789361954,0.8672422766685486,0.013155224733054638,1.1968741416931152,-0.6836117506027222,-0.27634137868881226,-0.2470981776714325,-0.15422284603118896,-0.9368182420730591,0.06147168576717377,-1.0378735065460205]","[-0.6320308446884155,0.3538866639137268,0.6493164300918579,0.854632556438446,-0.04693856090307236,-0.0374256931245327,-0.13002577424049377,0.0567011721432209,-0.28929561376571655,0.6771355867385864,-0.0106852101162076,0.026909135282039642,0.17659826576709747,-0.06361712515354156,0.21550290286540985,-0.6949105858802795,0.3183841407299042,0.1823618859052658,-0.12254533171653748,0.8709992170333862,0.22686925530433655,1.0371161699295044,-0.5876180529594421,-0.15446627140045166,-0.2930926978588104,-0.3239675760269165,-0.9828944206237793,0.10486236214637756,-0.9844099283218384]","[0.7609047293663025,0.7509027123451233,1.5562981367111206,0.7781699299812317,-0.1923099160194397,-0.2000509798526764,-1.8009201288223267,0.5883461236953735,-1.041587471961975,0.4510343074798584,-0.2279423177242279,0.4051191806793213,-0.7524046301841736,1.16273832321167,-0.02233162522315979,0.5234301090240479,-0.8845035433769226,1.5403293371200562,-1.7300028800964355,-0.054748356342315674,-0.08707991987466812,-2.0736069679260254,-1.2306199073791504,-0.10946914553642273,-0.015474110841751099,-1.1799708604812622,-0.20574480295181274,1.3730639219284058,2.267765998840332]","[1.5636622905731201,0.1564660370349884,1.7596733570098877,0.5665236115455627,0.102728471159935,-0.09681113809347153,-2.0044479370117188,-0.6540217399597168,-1.2522488832473755,0.18619155883789062,0.20000450313091278,1.1364339590072632,-1.8877265453338623,0.573013186454773,-0.2960115075111389,1.0316870212554932,-0.761206328868866,1.4768364429473877,-0.9164298176765442,-0.32040995359420776,-1.0539748668670654,-1.2763642072677612,-0.00032305053900927305,0.1686280220746994,0.275946706533432,-1.0160315036773682,0.023258646950125694,-0.09142272919416428,1.9892414808273315]","[-0.5013000965118408,1.382304310798645,1.2137393951416016,0.2699602544307709,0.8255313038825989,-0.06256134063005447,0.5859572291374207,-0.04091457277536392,-0.5682476162910461,0.08884431421756744,0.8324081301689148,0.20826546847820282,-0.0063836053013801575,-0.45978960394859314,-0.48214614391326904,-2.5344398021698,-0.1336919218301773,0.16035138070583344,-0.9199450612068176,1.6325676441192627,2.7336513996124268,10.151586532592773,-3.8834266662597656,-0.8070790767669678,-0.7373023629188538,-1.4132112264633179,-2.058126926422119,2.087665319442749,-7.886046886444092]",0.07208993285894394,0.022715581580996513,0.047401558607816696,0.14124159514904022,0.09023003280162811,4.511501640081406,0,0,0,0.473464697599411,0.49882739782333374,0.9536153674125671,0.8607679009437561,0.8846829533576965,0.9153852462768555,-0.07524177432060242,-0.0,-0.0
45,0.9,45,"[-0.455218106508255,0.1758669912815094,0.6132391095161438,0.8564369678497314,-0.1290150284767151,-0.059489473700523376,-0.2231924831867218,-0.020916113629937172,-0.4040428400039673,0.7686446905136108,-0.17079713940620422,-0.049848005175590515,0.031467992812395096,-0.15245237946510315,0.1508229374885559,-0.7174212336540222,0.21447913348674774,0.18819619715213776,0.05313009396195412,0.8729774355888367,0.01108546368777752,1.163192868232727,-0.6948240995407104,-0.27776527404785156,-0.24193209409713745,-0.1761895716190338,-0.9268832206726074,0.07891741394996643,-0.9922887086868286]","[-0.5910130143165588,0.36706748604774475,0.6905004978179932,0.86757493019104,-0.04066312685608864,-0.03971541300415993,-0.16445548832416534,0.04138138145208359,-0.3146354854106903,0.6815736293792725,-0.004273667000234127,0.054079193621873856,0.14297086000442505,-0.05212150886654854,0.20417721569538116,-0.6702681183815002,0.30249854922294617,0.21076703071594238,-0.13638533651828766,0.8664170503616333,0.20569966733455658,1.0099129676818848,-0.5832114815711975,-0.15335163474082947,-0.2835664451122284,-0.3373944163322449,-0.9775658845901489,0.1034620925784111,-0.9482083916664124]","[1.2715861797332764,1.8572900295257568,1.8758594989776611,1.620926022529602,-0.405796617269516,-0.2414848655462265,-1.4027544260025024,0.32828810811042786,-1.728562355041504,0.7506489753723145,-0.5793988704681396,0.6561990976333618,-0.8583490252494812,1.0822222232818604,-0.4375580847263336,0.9586945176124573,-0.2694312632083893,1.5841901302337646,-1.056451439857483,0.058138370513916016,-0.42913371324539185,-2.0349771976470947,-0.1169741153717041,0.08579641580581665,0.5509529113769531,-1.084709882736206,0.7861658930778503,0.7452555298805237,2.3766636848449707]","[2.2664990425109863,0.7588225603103638,1.9219342470169067,0.9935293197631836,0.015707040205597878,-0.15775316953659058,-1.5677005052566528,-0.8240821957588196,-1.208699345588684,0.21747620403766632,0.3259223401546478,1.296639323234558,-1.5863577127456665,0.5438848733901978,-0.7213357090950012,1.319276213645935,-0.7959364652633667,1.3118499517440796,-0.5497164130210876,-0.19563966989517212,-1.0078704357147217,-1.3769502639770508,0.35024532675743103,0.01458616554737091,0.5460887551307678,-0.49472281336784363,0.3780893385410309,-0.05534203350543976,1.7029507160186768]","[-0.34733372926712036,1.5906214714050293,1.272072672843933,0.30038711428642273,0.8288984894752502,-0.07548064738512039,0.5939314961433411,-0.10785304754972458,-0.6183046102523804,0.11426965892314911,0.86394864320755,0.29053354263305664,-0.053371138870716095,-0.5492686033248901,-0.6181747913360596,-2.4337680339813232,-0.07418999820947647,0.1906978040933609,-0.6817812919616699,1.6280864477157593,2.76291823387146,9.466625213623047,-3.8908231258392334,-0.8260877132415771,-0.7091413736343384,-1.4005002975463867,-1.9491231441497803,2.2734525203704834,-7.602875709533691]",0.06728672981262207,0.02360197901725769,0.04662049189209938,0.13317973911762238,0.09080453962087631,4.540226981043816,0,0,0,0.47719264030456543,0.498858779668808,0.9580801129341125,0.8753164410591125,0.8804413676261902,0.928848147392273,-0.07851079851388931,-0.0,-0.0
46,0.92,46,"[-0.42441505193710327,0.22137679159641266,0.6488474011421204,0.8921709656715393,-0.1359088271856308,-0.06506414711475372,-0.24608094990253448,-0.01761363260447979,-0.44158270955085754,0.78206467628479,-0.18349936604499817,-0.03696141391992569,0.014325166121125221,-0.13232207298278809,0.1393646001815796,-0.693972110748291,0.21505524218082428,0.22092123329639435,0.03878564015030861,0.8695678114891052,-0.004010124132037163,1.115475058555603,-0.6882907152175903,-0.2729095220565796,-0.22506006062030792,-0.1976112425327301,-0.9053716063499451,0.09128190577030182,-0.9428069591522217]","[-0.5393309593200684,0.3866369128227234,0.7242430448532104,0.8778235912322998,-0.03364011272788048,-0.04265367239713669,-0.18794406950473785,0.02428850531578064,-0.3410598933696747,0.6847724914550781,0.0002223221235908568,0.07819364219903946,0.11138414591550827,-0.0386631116271019,0.18486550450325012,-0.6400661468505859,0.28887471556663513,0.23291651904582977,-0.14256589114665985,0.8598030209541321,0.18670743703842163,0.9828331470489502,-0.5726107954978943,-0.15718922019004822,-0.26911112666130066,-0.34215229749679565,-0.9642340540885925,0.10386880487203598,-0.9170882105827332]","[1.5993335247039795,2.273043394088745,1.2451499700546265,1.4709070920944214,-0.28661975264549255,-0.34949687123298645,-1.0340958833694458,-0.013560568913817406,-1.425416111946106,0.454007089138031,-0.5177773833274841,0.5025109648704529,-0.9519359469413757,0.9589797258377075,-0.8234182596206665,1.5596330165863037,0.14625191688537598,1.600231647491455,-0.776837944984436,-0.4962652921676636,-0.7732963562011719,-2.562195062637329,0.6480216979980469,0.47419294714927673,1.0340720415115356,-1.143301248550415,0.9051740169525146,0.6800636649131775,2.84833025932312]","[2.7050178050994873,1.0204031467437744,1.4134489297866821,0.4255053400993347,0.38738805055618286,-0.13407909870147705,-0.9972437024116516,-0.8536858558654785,-1.2808640003204346,0.1357298344373703,0.18317151069641113,1.093800663948059,-1.5609323978424072,0.712442934513092,-1.1346391439437866,1.5882230997085571,-0.6295109987258911,0.9416523575782776,-0.1541818529367447,-0.3956415355205536,-0.8829860091209412,-1.3238682746887207,0.6498389840126038,-0.273895800113678,0.7809047698974609,-0.11310380697250366,0.796784520149231,0.062413156032562256,1.4824334383010864]","[-0.20183828473091125,1.6822260618209839,1.2657591104507446,0.299145370721817,0.7883995175361633,-0.09182459861040115,0.5967876315116882,-0.1821793019771576,-0.6435957551002502,0.10780675709247589,0.8534837961196899,0.31578707695007324,-0.14358773827552795,-0.4944988191127777,-0.7157747745513916,-2.3550360202789307,0.02848135307431221,0.2127528339624405,-0.5508132576942444,1.5733448266983032,2.806295156478882,8.836463928222656,-3.845764398574829,-0.9165154695510864,-0.7112668752670288,-1.4479247331619263,-1.8509674072265625,2.4326283931732178,-7.3540472984313965]",0.0625646784901619,0.02833625115454197,0.04502588137984276,0.12473813444375992,0.09083191305398941,4.5415956526994705,0,0,0,0.4806511104106903,0.498269259929657,0.9631077647209167,0.8900339603424072,0.854149341583252,0.9158680438995361,-0.060484349727630615,-0.0,-0.0
47,0.9400000000000001,47,"[-0.3912447690963745,0.2667887210845947,0.6630451083183289,0.9152732491493225,-0.14047981798648834,-0.07346934825181961,-0.26455631852149963,-0.021458536386489868,-0.46105948090553284,0.7868049740791321,-0.1915082335472107,-0.02974756807088852,-0.006609442178159952,-0.11409319192171097,0.11788620799779892,-0.6550359129905701,0.22032921016216278,0.2522054612636566,0.0220565777271986,0.8531268239021301,-0.019846390932798386,1.0607050657272339,-0.6689032316207886,-0.2587975561618805,-0.20056921243667603,-0.2219216227531433,-0.8906762599945068,0.10611996054649353,-0.8783555030822754]","[-0.4808565676212311,0.40477800369262695,0.7416317462921143,0.8828262686729431,-0.03279418125748634,-0.046033553779125214,-0.20092958211898804,0.005487553775310516,-0.3649085760116577,0.6876129508018494,-0.0009305615676566958,0.09516976028680801,0.07904509454965591,-0.02327037788927555,0.15712830424308777,-0.6046811938285828,0.27874982357025146,0.2468254715204239,-0.141440287232399,0.8475544452667236,0.17088888585567474,0.9568802118301392,-0.5583178997039795,-0.1655973196029663,-0.2529981732368469,-0.3426664471626282,-0.9420348405838013,0.10726344585418701,-0.8884373903274536]","[1.6464629173278809,2.213526964187622,0.4733562469482422,0.8122935891151428,-0.4201386272907257,-0.4076386094093323,-0.8102666735649109,-0.41639912128448486,-0.684662938117981,0.3960639238357544,-0.3969889283180237,0.2970876097679138,-0.9663259983062744,0.9133720993995667,-1.3188871145248413,2.0836784839630127,0.15250518918037415,1.3050284385681152,-0.9325108528137207,-0.7784634828567505,-0.5656933784484863,-2.9196739196777344,1.2613580226898193,0.43014734983444214,1.0658409595489502,-1.4498554468154907,0.8489042520523071,0.7357092499732971,3.683650493621826]","[2.9722073078155518,0.8944362998008728,0.5986043810844421,-0.12997224926948547,0.1403336077928543,-0.1126897931098938,-0.4991486668586731,-0.9196928143501282,-1.0849088430404663,0.13192744553089142,-0.10775977373123169,0.7324817180633545,-1.6310328245162964,0.8275319337844849,-1.5890039205551147,1.8318485021591187,-0.4709765613079071,0.5185941457748413,0.2041412740945816,-0.7041694521903992,-0.7168402671813965,-1.27632737159729,0.7676525712013245,-0.4904714822769165,0.7714694142341614,0.02139156311750412,1.1790134906768799,0.2591839134693146,1.4474369287490845]","[-0.10336679220199585,1.6559724807739258,1.2578027248382568,0.26792311668395996,0.7234482169151306,-0.10019361227750778,0.6424148678779602,-0.24927812814712524,-0.6354888081550598,0.12201416492462158,0.8153582215309143,0.30593201518058777,-0.19683551788330078,-0.3662322461605072,-0.8172899484634399,-2.2231438159942627,0.11076240986585617,0.2730206251144409,-0.5346263647079468,1.5024440288543701,2.912989377975464,8.256823539733887,-3.710066556930542,-0.9441114068031311,-0.7218769192695618,-1.5560587644577026,-1.7684739828109741,2.5615899562835693,-7.086432933807373]",0.058209363371133804,0.03441647067666054,0.0420142337679863,0.11594284325838089,0.08985374122858047,4.492687061429024,0,0,0,0.4836255609989166,0.4972321391105652,0.9693568348884583,0.9062458872795105,0.8192708492279053,0.8729755878448486,-0.056019630283117294,-0.0,-0.0
48,0.96,48,"[-0.3585565388202667,0.3099178671836853,0.66778165102005,0.924662709236145,-0.15271437168121338,-0.08136969059705734,-0.2784916162490845,-0.03426959738135338,-0.4689692258834839,0.7979072332382202,-0.19937892258167267,-0.025077909231185913,-0.024327872321009636,-0.09578718990087509,0.0866091176867485,-0.6106249690055847,0.22115544974803925,0.2731223702430725,0.0014852064196020365,0.8384292721748352,-0.026637857779860497,0.9986881017684937,-0.6378363966941833,-0.2557036280632019,-0.18242642283439636,-0.25560545921325684,-0.8714154362678528,0.12071027606725693,-0.7954609394073486]","[-0.41463297605514526,0.417818546295166,0.7472313046455383,0.8896191716194153,-0.04473975673317909,-0.05256479233503342,-0.2044042944908142,-0.01825891062617302,-0.38538530468940735,0.6930948495864868,-0.006342682987451553,0.10588624328374863,0.05117395892739296,-0.00828795600682497,0.11936403810977936,-0.5682108998298645,0.26972895860671997,0.24804343283176422,-0.13008703291416168,0.8284873962402344,0.15896208584308624,0.9313724637031555,-0.5433954000473022,-0.18248283863067627,-0.24225914478302002,-0.33984193205833435,-0.906328558921814,0.11781617254018784,-0.8395488262176514]","[1.3380006551742554,1.9750245809555054,0.5338400602340698,0.41217803955078125,-0.8655719757080078,-0.2644538879394531,-0.37090256810188293,-0.6811348795890808,-0.8109785914421082,0.8410856127738953,-0.18856897950172424,0.07578423619270325,-0.8163713216781616,1.079363226890564,-1.8341994285583496,2.110792636871338,0.02862587571144104,0.6857186555862427,-0.8266646862030029,-0.7019266486167908,-0.16792170703411102,-3.4190447330474854,1.8042981624603271,-0.36118999123573303,0.5812793970108032,-1.7810419797897339,1.1996225118637085,0.5658723711967468,4.175558567047119]","[3.4425125122070312,0.5625937581062317,0.023509997874498367,0.6482846140861511,-0.9937486052513123,-0.38242387771606445,-0.02233785018324852,-1.253079891204834,-0.8904317617416382,0.30289241671562195,-0.27806761860847473,0.45409223437309265,-1.2778236865997314,0.6968626379966736,-2.1082403659820557,1.8119133710861206,-0.44964084029197693,-0.18440882861614227,0.7649440169334412,-1.0567725896835327,-0.5183306932449341,-1.3030942678451538,1.08329176902771,-0.9833950996398926,0.5978354215621948,0.14627860486507416,1.9536793231964111,0.7265121936798096,2.947219133377075]","[-0.08837556838989258,1.527220368385315,1.3667173385620117,0.2957240045070648,0.6329355239868164,-0.1390097737312317,0.771710991859436,-0.3020201325416565,-0.6799258589744568,0.19035784900188446,0.789107620716095,0.2966803312301636,-0.11672035604715347,-0.16991427540779114,-0.8967638611793518,-2.1510050296783447,0.19649623334407806,0.28142082691192627,-0.5383943319320679,1.4222408533096313,3.0192055702209473,7.652629375457764,-3.468043565750122,-0.9574457406997681,-0.7161856889724731,-1.6328877210617065,-1.6725764274597168,2.662752151489258,-6.713998794555664]",0.053796425461769104,0.040751662105321884,0.03769643232226372,0.10549018532037735,0.08797751367092133,4.398875683546066,0,0,0,0.4863368272781372,0.49622830748558044,0.9766262769699097,0.9226605296134949,0.7470067143440247,0.8435729742050171,-0.07355604320764542,-0.0,-0.0
49,0.98,49,"[-0.3377247452735901,0.34578970074653625,0.6843987107276917,0.9317603707313538,-0.17510269582271576,-0.08404750376939774,-0.27939242124557495,-0.04870393127202988,-0.49349862337112427,0.8204483985900879,-0.19905099272727966,-0.026716198772192,-0.03926429525017738,-0.07091866433620453,0.044518232345581055,-0.5706042051315308,0.22147424519062042,0.2796342074871063,-0.011010007932782173,0.8250497579574585,-0.026563258841633797,0.923943281173706,-0.5967313051223755,-0.2732451558113098,-0.1773180365562439,-0.2931632995605469,-0.8426913619041443,0.1287548542022705,-0.711333155632019]","[-0.34652087092399597,0.4245138168334961,0.7395021915435791,0.8964781165122986,-0.06572390347719193,-0.06559096276760101,-0.19647933542728424,-0.04855624586343765,-0.40963438153266907,0.7021797299385071,-0.01302929874509573,0.11266051232814789,0.03092275559902191,0.0075225490145385265,0.0735381692647934,-0.5447897911071777,0.25926947593688965,0.2337147742509842,-0.10525655001401901,0.7986611723899841,0.15494053065776825,0.9066431522369385,-0.5015423893928528,-0.20647771656513214,-0.23399685323238373,-0.35497888922691345,-0.8692154884338379,0.13019736111164093,-0.790226399898529]","[0.7189043164253235,1.2577913999557495,0.4066780209541321,0.5097225308418274,-0.6392441987991333,-0.01677330583333969,0.24466067552566528,-0.7953540682792664,-1.0880545377731323,1.0497466325759888,0.5327966213226318,-0.22560293972492218,-0.32753875851631165,1.162922739982605,-2.279752731323242,1.82430899143219,0.16783960163593292,-0.0199049711227417,-0.5254289507865906,-0.7567450404167175,0.0531749352812767,-4.480129718780518,2.045588254928589,-1.2598819732666016,-0.11335797607898712,-1.7815552949905396,1.264764428138733,0.24637934565544128,3.9399073123931885]","[3.3862192630767822,0.2565828561782837,-0.5876315236091614,0.3456501066684723,-1.0032532215118408,-0.64805668592453,0.5562769174575806,-1.5571699142456055,-1.1835691928863525,0.48587626218795776,-0.3060646653175354,0.2913111448287964,-0.8955603241920471,0.8200365900993347,-2.4634060859680176,0.9339432120323181,-0.5578487515449524,-0.8559428453445435,1.4371007680892944,-1.5587555170059204,-0.01462927833199501,-1.3777282238006592,2.364042282104492,-1.2610498666763306,0.286659300327301,-1.0189050436019897,1.8383482694625854,0.5425988435745239,2.3235678672790527]","[-0.24556994438171387,1.2817699909210205,1.4691274166107178,0.4243042469024658,0.5604791045188904,-0.22217774391174316,0.9678994417190552,-0.3763607144355774,-0.7768730521202087,0.26834172010421753,0.7761840224266052,0.2934357523918152,0.12882700562477112,0.1842474639415741,-0.8238660097122192,-2.1603782176971436,0.413586288690567,0.25956499576568604,-0.7035744786262512,1.3843717575073242,3.0297534465789795,6.992263317108154,-3.2436108589172363,-1.011282205581665,-0.7435051202774048,-1.6011799573898315,-1.6207664012908936,2.760803461074829,-6.272485256195068]",0.0489831380546093,0.04343320429325104,0.03280050307512283,0.09303037077188492,0.08253602683544159,4.1268013417720795,0,0,0,0.4889611005783081,0.49626925587654114,0.9842076301574707,0.9389734864234924,0.601391613483429,0.73196941614151,-0.11497152596712112,-0.0,-0.0
50,1.0,50,"[-0.3298003673553467,0.3602295219898224,0.6840487718582153,0.9450516104698181,-0.17828413844108582,-0.08204062283039093,-0.26870518922805786,-0.06608375906944275,-0.5124914050102234,0.839897096157074,-0.17806705832481384,-0.034102026373147964,-0.03742942214012146,-0.04927028343081474,-0.004580992739647627,-0.5376526117324829,0.22786903381347656,0.27232617139816284,-0.01953195221722126,0.8081594705581665,-0.024510860443115234,0.8194829225540161,-0.5560128688812256,-0.30609890818595886,-0.18696074187755585,-0.3268676698207855,-0.8208248615264893,0.13056544959545135,-0.6378646492958069]","[-0.28077495098114014,0.418188214302063,0.7029117941856384,0.9135546088218689,-0.09405449777841568,-0.08193091303110123,-0.17650306224822998,-0.08875058591365814,-0.4388580620288849,0.7168411612510681,-0.01953272521495819,0.11698465794324875,0.02271551638841629,0.023497559130191803,0.025319332256913185,-0.5295018553733826,0.2504122257232666,0.211514413356781,-0.08091174811124802,0.7677984237670898,0.16523252427577972,0.857674777507782,-0.4583428204059601,-0.23581895232200623,-0.24075482785701752,-0.37755918502807617,-0.8403322696685791,0.13601060211658478,-0.7448087334632874]","[-0.013040751218795776,0.4403457045555115,-0.5340665578842163,0.5767583847045898,0.12190230190753937,0.1216670498251915,0.7297493815422058,-0.7235657572746277,-0.8079662919044495,0.3418073058128357,1.0114110708236694,-0.43182605504989624,0.7630541920661926,1.1642634868621826,-2.6249961853027344,1.3450145721435547,0.5137901902198792,-0.26507899165153503,-0.4249460697174072,-0.8294329047203064,0.17603664100170135,-6.313873767852783,1.4995054006576538,-1.7141417264938354,-0.7735311985015869,-1.3498046398162842,1.013071894645691,0.007913634181022644,3.8612709045410156]","[3.299971342086792,-0.4947301745414734,-2.1828105449676514,0.8828398585319519,-1.0552911758422852,-0.7241202592849731,1.1291556358337402,-2.0859272480010986,-1.3705403804779053,0.7696459293365479,-0.2796851396560669,0.18486180901527405,-0.13245359063148499,0.8098198771476746,-2.504063129425049,0.7491639256477356,-0.3188311457633972,-1.1504206657409668,1.2047723531723022,-1.5313305854797363,0.6794014573097229,-2.7997477054595947,2.1997969150543213,-1.4920694828033447,-0.42825841903686523,-1.3557337522506714,1.4808964729309082,0.32873544096946716,2.420050621032715]","[-0.30976414680480957,0.9597452878952026,1.331973910331726,0.5941218733787537,0.5987778306007385,-0.26017889380455017,1.1074398756027222,-0.5280146598815918,-0.8784995079040527,0.35573363304138184,0.7638397812843323,0.2919585108757019,0.4784787893295288,0.5242646932601929,-0.7267924547195435,-1.9859832525253296,0.7619298696517944,0.32667428255081177,-1.0327928066253662,1.41492760181427,3.0793070793151855,6.297224521636963,-3.2022452354431152,-1.101477026939392,-0.910420298576355,-1.4483381509780884,-1.6677838563919067,2.845930814743042,-5.898046016693115]",0.043833840638399124,0.04398392513394356,0.027895202860236168,0.08522865176200867,0.07913612574338913,3.9568062871694565,0,0,0,0.4913293719291687,0.496518611907959,0.9887059330940247,0.9429575800895691,0.5088822245597839,0.6712230443954468,-0.14281055331230164,-0.0,-0.0
51,1.02,51,"[-0.3382463753223419,0.3634035289287567,0.663036048412323,0.9548307061195374,-0.17022660374641418,-0.07918082177639008,-0.2502024471759796,-0.07764656096696854,-0.5258172750473022,0.8341206908226013,-0.15859454870224,-0.04398924112319946,-0.008742129430174828,-0.024348126724362373,-0.060481615364551544,-0.5168036222457886,0.24202585220336914,0.2690310478210449,-0.02800785005092621,0.7918724417686462,-0.019521793350577354,0.6713883280754089,-0.5367510914802551,-0.34181082248687744,-0.20825928449630737,-0.34715548157691956,-0.8021684885025024,0.1290713995695114,-0.5568823218345642]","[-0.2345792055130005,0.41699764132499695,0.6530178189277649,0.9257815480232239,-0.11432752013206482,-0.09499821811914444,-0.1503138691186905,-0.10943063348531723,-0.4687470495700836,0.6898118257522583,-0.03630926087498665,0.12272007018327713,0.04190647974610329,0.0672198086977005,-0.0332065224647522,-0.501399040222168,0.24322643876075745,0.19445474445819855,-0.0638481080532074,0.7377215027809143,0.18116475641727448,0.7788437008857727,-0.42094770073890686,-0.2647179067134857,-0.2518708407878876,-0.4071546196937561,-0.8074170351028442,0.13352833688259125,-0.6876094937324524]","[-0.6888389587402344,0.5836852192878723,-1.5547022819519043,0.6144165992736816,-0.17177052795886993,0.22372585535049438,0.46095848083496094,0.33760368824005127,0.11475533246994019,-1.6675293445587158,0.39051249623298645,-0.21565985679626465,2.490704298019409,1.9918248653411865,-3.408590316772461,1.5406608581542969,0.4306316375732422,0.5295954942703247,-1.0089911222457886,-0.6445690989494324,0.34274300932884216,-7.430464267730713,0.6248623132705688,-1.411880612373352,-0.9916585087776184,-0.825721800327301,0.7851928472518921,-0.3999006152153015,3.756348133087158]","[0.7980546951293945,0.6249702572822571,-1.6686763763427734,0.1403093785047531,-1.193648338317871,-0.6066664457321167,0.971864640712738,0.15653185546398163,-1.7708379030227661,-4.42745304107666,-1.1691184043884277,0.3343086838722229,1.49112069606781,3.314443588256836,-3.5160083770751953,2.3643805980682373,-0.6681584119796753,-0.4735412001609802,0.5458510518074036,-1.1691635847091675,0.5597953796386719,-3.353109836578369,1.6904923915863037,-1.1627275943756104,-0.4507516026496887,-1.541386365890503,1.4139161109924316,-0.6521229147911072,2.7287940979003906]","[-0.3644782304763794,0.7286796569824219,1.2166926860809326,0.7362632155418396,0.5473452210426331,-0.27250391244888306,1.2703056335449219,-0.6962548494338989,-0.8759039044380188,0.39773380756378174,0.6668685078620911,0.31406718492507935,0.8022040724754333,0.8041996359825134,-0.7202181220054626,-1.765113353729248,1.0249215364456177,0.4997766613960266,-1.3599512577056885,1.414559006690979,3.293104887008667,5.633493900299072,-3.06524920463562,-1.0163902044296265,-1.1293230056762695,-1.175058126449585,-1.668427586555481,2.9072580337524414,-5.558129787445068]",0.0360129177570343,0.052816830575466156,0.02521568350493908,0.1021442636847496,0.08436905592679977,4.218452796339989,0,0,0,0.4932343065738678,0.49502313137054443,0.9886870980262756,0.9285811185836792,0.7321926951408386,0.7158824801445007,-0.13514797389507294,-0.0,-0.0
52,1.04,52,"[-0.35735392570495605,0.3835769295692444,0.621860682964325,0.9696282744407654,-0.1851549595594406,-0.07309158891439438,-0.2502668499946594,-0.0525796115398407,-0.5079011917114258,0.7731959223747253,-0.16244655847549438,-0.04272842034697533,0.06219874322414398,0.03040270507335663,-0.1409246027469635,-0.47602617740631104,0.24509429931640625,0.29350998997688293,-0.05989159643650055,0.7823767066001892,-0.01080114021897316,0.5222643613815308,-0.5310183763504028,-0.36257413029670715,-0.22662708163261414,-0.35989654064178467,-0.7894171476364136,0.11456942558288574,-0.48761072754859924]","[-0.24078454077243805,0.41510695219039917,0.630722165107727,0.910437285900116,-0.12125509232282639,-0.0931122675538063,-0.1353447437286377,-0.11318285763263702,-0.5016792416572571,0.6351491212844849,-0.04343786463141441,0.12766249477863312,0.07496757805347443,0.12306348979473114,-0.0957498624920845,-0.45128849148750305,0.2347061038017273,0.1897893100976944,-0.07185709476470947,0.7196451425552368,0.19356366991996765,0.710910439491272,-0.38599735498428345,-0.27492743730545044,-0.27125415205955505,-0.45197242498397827,-0.7961759567260742,0.11144691705703735,-0.6405863761901855]","[-1.1330329179763794,0.3973565995693207,-2.212414264678955,0.40189623832702637,-0.31979867815971375,0.15337523818016052,-0.25085434317588806,0.545633852481842,0.834075391292572,-2.6939198970794678,-0.1120496541261673,0.1982642412185669,3.077105760574341,2.5502076148986816,-3.7691421508789062,1.4684185981750488,0.43280497193336487,1.1435151100158691,-1.1723995208740234,-0.6861314177513123,0.5788151025772095,-7.523457050323486,0.2758532762527466,-0.6268948316574097,-0.9806886315345764,-1.2687079906463623,0.5880653858184814,-0.7821099758148193,2.562183141708374]","[-0.3217068314552307,-0.5646175146102905,-1.130577564239502,-0.810732364654541,-0.2676907479763031,0.2111353576183319,0.7347971796989441,-0.5565637350082397,-1.1886407136917114,-1.7084825038909912,-0.7258479595184326,0.11213554441928864,1.9028537273406982,2.5324225425720215,-2.614907741546631,2.347761631011963,-0.1383364051580429,-0.150925874710083,-0.6949164271354675,-0.8933127522468567,0.6593832969665527,-3.4890201091766357,1.635067105293274,-0.4287390410900116,-1.152168869972229,-2.6069891452789307,0.22629374265670776,-1.133770227432251,2.2415456771850586]","[-0.2717810571193695,0.705212414264679,0.7964574694633484,0.7943240404129028,0.5201500058174133,-0.1576118767261505,1.2972650527954102,-0.7594308853149414,-0.6810042262077332,0.20518577098846436,0.6462844014167786,0.2830306589603424,1.0765881538391113,0.8079264760017395,-0.9894456267356873,-1.875571370124817,1.316602349281311,0.7842976450920105,-1.7118533849716187,1.436918020248413,3.4016616344451904,4.980037212371826,-2.8882312774658203,-0.8761221766471863,-1.239692211151123,-0.9797639846801758,-1.733726143836975,2.9067094326019287,-5.295936107635498]",0.028888516128063202,0.06665156781673431,0.024108463898301125,0.11601310968399048,0.08582113683223724,4.291056841611862,0,0,0,0.494978666305542,0.4903867840766907,0.9896384477615356,0.9077697992324829,0.7962052822113037,0.7468477487564087,-0.13476990163326263,-0.0,-0.0
53,1.06,53,"[-0.3835676908493042,0.37929779291152954,0.5745394825935364,0.9709065556526184,-0.1830185502767563,-0.07304581254720688,-0.26023662090301514,-0.05582120642066002,-0.49245426058769226,0.7263638973236084,-0.16307653486728668,-0.03605867177248001,0.1143420934677124,0.07766017317771912,-0.2112473100423813,-0.4580668807029724,0.25933805108070374,0.3147716522216797,-0.07490383088588715,0.7644271850585938,0.003630812047049403,0.37045004963874817,-0.5257169604301453,-0.36688661575317383,-0.24748682975769043,-0.39790380001068115,-0.7786458730697632,0.09778700023889542,-0.45439499616622925]","[-0.24499346315860748,0.39084765315055847,0.5759743452072144,0.9032310247421265,-0.11612539738416672,-0.08250931650400162,-0.11478091776371002,-0.1370621919631958,-0.513970136642456,0.6260781288146973,-0.0652923434972763,0.12441831082105637,0.11118509620428085,0.17017167806625366,-0.1367185115814209,-0.4156973958015442,0.2504008710384369,0.1978827714920044,-0.09068036079406738,0.7021586894989014,0.2111280858516693,0.6129109859466553,-0.35973629355430603,-0.28405892848968506,-0.29762396216392517,-0.5064725279808044,-0.7937544584274292,0.08710330724716187,-0.5940364599227905]","[-1.083145260810852,-0.8016236424446106,-3.4216277599334717,0.3027617931365967,0.21024644374847412,-0.037568435072898865,0.059432536363601685,-0.9745134115219116,0.7785886526107788,-1.5940532684326172,-0.0673435628414154,0.2835613787174225,2.7005460262298584,2.412031650543213,-2.7622745037078857,0.521432638168335,1.1635080575942993,1.0401026010513306,-0.6069989800453186,-0.9440556168556213,0.831073522567749,-8.193591117858887,-0.05259662866592407,-0.31126439571380615,-1.1196650266647339,-2.1084978580474854,0.2811923623085022,-0.8296199440956116,1.725359320640564]","[-0.06358130276203156,-1.5395394563674927,-3.4882636070251465,-0.10464754700660706,0.37572261691093445,0.5748896598815918,1.1636505126953125,-1.5309996604919434,-0.22861464321613312,0.17377634346485138,-1.0269792079925537,-0.2174634486436844,1.8146491050720215,2.2220075130462646,-1.8053001165390015,1.3129404783248901,1.4782973527908325,0.6218525171279907,-0.6727903485298157,-0.9388838410377502,0.9183223247528076,-5.267194747924805,1.12559974193573,-0.47760018706321716,-1.3241510391235352,-2.749459743499756,0.10139528661966324,-1.1907213926315308,2.4038138389587402]","[-0.002116844058036804,0.645431637763977,0.13786926865577698,0.7880728244781494,0.6196892857551575,-0.07637729495763779,1.2001441717147827,-0.9113933444023132,-0.6437751054763794,0.1459244042634964,0.5910947918891907,0.24322573840618134,1.1629606485366821,0.6734150052070618,-1.2356425523757935,-1.9292701482772827,1.7482808828353882,1.1846190690994263,-2.157179355621338,1.5081154108047485,3.518951177597046,4.480088710784912,-2.639727830886841,-0.8350106477737427,-1.3692772388458252,-0.8025370240211487,-1.785976529121399,2.8227579593658447,-5.099426746368408]",0.029456796124577522,0.07245250046253204,0.025946592912077904,0.12263306975364685,0.09077225625514984,4.538612812757492,0,0,0,0.49483025074005127,0.48860540986061096,0.9894849061965942,0.8971757292747498,0.9466234445571899,0.885034441947937,-0.16314134001731873,-0.0,-0.0
54,1.08,54,"[-0.40067973732948303,0.35151198506355286,0.484995573759079,0.9817387461662292,-0.17674510180950165,-0.07459432631731033,-0.24788954854011536,-0.09156014770269394,-0.47675764560699463,0.7094337940216064,-0.165140300989151,-0.03138596564531326,0.17022058367729187,0.12688396871089935,-0.25141558051109314,-0.45516887307167053,0.29163461923599243,0.33511409163475037,-0.08417155593633652,0.7446144819259644,0.0224418006837368,0.19452069699764252,-0.5331222414970398,-0.3750247061252594,-0.2714136838912964,-0.4442364573478699,-0.7781694531440735,0.08138462901115417,-0.4185963571071625]","[-0.2404518872499466,0.34836381673812866,0.4763925075531006,0.9137229919433594,-0.10847876220941544,-0.07529199123382568,-0.08024242520332336,-0.18061532080173492,-0.5193554162979126,0.6441865563392639,-0.08240536600351334,0.1186784952878952,0.1428161859512329,0.20733994245529175,-0.16378094255924225,-0.397897332906723,0.2927512228488922,0.23260906338691711,-0.12552668154239655,0.6935021877288818,0.23306472599506378,0.5094836354255676,-0.3399549126625061,-0.2937462329864502,-0.32803407311439514,-0.5609962344169617,-0.7841276526451111,0.06014170125126839,-0.5438446402549744]","[-0.6240241527557373,-1.803191065788269,-5.115862846374512,0.9521141648292542,0.3939971327781677,-0.13961364328861237,1.030389666557312,-2.538073778152466,0.4909038543701172,-0.07500946521759033,0.03887005150318146,0.20249426364898682,2.690800666809082,2.2757444381713867,-1.680572748184204,-0.07041320204734802,2.350848913192749,0.9593151807785034,-0.30598416924476624,-1.1729762554168701,0.868118941783905,-4.601093292236328,-0.4937991499900818,-0.5833044648170471,-1.0953128337860107,-2.5055885314941406,-0.04226565361022949,-0.8009437918663025,2.4041123390197754]","[0.4035460352897644,-2.383939266204834,-5.540177345275879,0.7957363128662109,0.40246284008026123,0.3175216019153595,1.8743880987167358,-2.485745429992676,-0.146235391497612,1.2518432140350342,-0.6814252138137817,-0.28861144185066223,1.584080696105957,1.589606523513794,-1.2552201747894287,0.6375249028205872,2.5695958137512207,2.2734339237213135,-2.095536708831787,-0.28676849603652954,1.0646188259124756,-4.70869779586792,0.9732722043991089,-0.44756650924682617,-1.5392370223999023,-2.7475247383117676,0.6017488837242126,-1.2934081554412842,2.5412840843200684]","[0.1738433688879013,0.49317649006843567,-0.2639933228492737,0.9402990341186523,0.6295835971832275,-0.09772413223981857,1.231713056564331,-1.0729973316192627,-0.7743725776672363,0.3008902072906494,0.5890880227088928,0.22977514564990997,1.205572485923767,0.3719809949398041,-1.1867893934249878,-1.8548952341079712,1.8565502166748047,1.5784746408462524,-2.753960132598877,1.6183900833129883,3.693957567214966,4.119741439819336,-2.1979095935821533,-0.822434663772583,-1.5595630407333374,-0.7423613667488098,-1.7714909315109253,2.5967438220977783,-4.8738884925842285]",0.02877497859299183,0.05615022033452988,0.0230267271399498,0.12429864704608917,0.08991026133298874,4.495513066649437,0,0,0,0.4950670003890991,0.49372902512550354,0.9919060468673706,0.8906135559082031,0.8882622122764587,0.8800658583641052,-0.14413081109523773,-0.0,-0.0
55,1.1,55,"[-0.4085286557674408,0.30717015266418457,0.3699049651622772,1.0089911222457886,-0.16725866496562958,-0.07863035798072815,-0.2190210372209549,-0.15734416246414185,-0.4728181064128876,0.7233635187149048,-0.16152173280715942,-0.027958901599049568,0.22197411954402924,0.16868995130062103,-0.2784702181816101,-0.46088340878486633,0.3533720076084137,0.35314425826072693,-0.0871431976556778,0.7175081372261047,0.038355570286512375,0.18640631437301636,-0.5454689264297485,-0.3902187943458557,-0.29129934310913086,-0.4981273412704468,-0.7803364992141724,0.06574925035238266,-0.35823050141334534]","[-0.22333531081676483,0.2894734740257263,0.3507416546344757,0.9390266537666321,-0.10606495290994644,-0.07491615414619446,-0.03400692343711853,-0.2443753480911255,-0.5314456224441528,0.6847473382949829,-0.08854134380817413,0.11509697139263153,0.16588914394378662,0.22467008233070374,-0.17888745665550232,-0.3937653601169586,0.35018202662467957,0.3124498426914215,-0.19475200772285461,0.7015140056610107,0.2551201283931732,0.4245774447917938,-0.31925255060195923,-0.3015159070491791,-0.3585871458053589,-0.6162192225456238,-0.7686037421226501,0.03476729616522789,-0.49265506863594055]","[0.013222545385360718,-2.2800021171569824,-5.884989261627197,1.454384684562683,0.5218666195869446,-0.29922035336494446,1.6048096418380737,-4.093535423278809,-0.7080331444740295,1.4888286590576172,0.4463020861148834,0.1441846638917923,2.5872745513916016,1.5611439943313599,-1.3253883123397827,-0.5448758602142334,3.354757308959961,2.2772960662841797,-1.0726498365402222,-1.0428130626678467,0.9266824722290039,-0.11861622333526611,-0.4403650760650635,-0.6567239761352539,-1.0370999574661255,-2.767209768295288,-0.009922683238983154,-0.7473751902580261,3.1100847721099854]","[1.065580129623413,-3.1701455116271973,-6.4995903968811035,1.4188209772109985,0.08885432034730911,-0.01995752565562725,2.3424952030181885,-3.4444289207458496,-0.6205901503562927,2.3443262577056885,-0.10542760044336319,-0.15023157000541687,1.0441795587539673,0.39411962032318115,-0.6655438542366028,-0.122438944876194,3.1855838298797607,4.735998153686523,-3.873307228088379,0.545626699924469,1.045700192451477,-3.7221286296844482,1.1713699102401733,-0.29355329275131226,-1.5108697414398193,-2.8165805339813232,0.8100247979164124,-1.1533410549163818,2.547053575515747]","[0.325609415769577,0.3337175250053406,-0.4337840676307678,1.075120210647583,0.5827321410179138,-0.1481592059135437,1.1323342323303223,-1.16876220703125,-1.050942063331604,0.5185295343399048,0.6363103985786438,0.2508026361465454,1.1023073196411133,0.07663563638925552,-0.8786250948905945,-1.814191222190857,1.6700953245162964,1.9477158784866333,-3.1924121379852295,1.751526117324829,3.872579574584961,3.829397678375244,-1.7677085399627686,-0.8308364152908325,-1.5731104612350464,-0.7108380794525146,-1.757944941520691,2.3498239517211914,-4.700767517089844]",0.02837965451180935,0.030774597078561783,0.019908225163817406,0.11872357130050659,0.08713804930448532,4.356902465224266,0,0,0,0.49523165822029114,0.49864426255226135,0.9940577745437622,0.8972964286804199,0.8212084770202637,0.7719652056694031,-0.12150156497955322,-0.0,-0.0
56,1.12,56,"[-0.4001508355140686,0.26031190156936646,0.2495960146188736,1.0399141311645508,-0.1558704376220703,-0.08656314015388489,-0.1836971640586853,-0.2553015649318695,-0.5050789713859558,0.7689869403839111,-0.1472882181406021,-0.025618579238653183,0.27371156215667725,0.18932972848415375,-0.30443111062049866,-0.47696390748023987,0.425824910402298,0.42620593309402466,-0.12707754969596863,0.7029019594192505,0.059509098529815674,0.18977604806423187,-0.5507368445396423,-0.40129366517066956,-0.3128976821899414,-0.5549248456954956,-0.7785663604736328,0.05148962140083313,-0.29419296979904175]","[-0.19378390908241272,0.2223110795021057,0.21399591863155365,0.9687080383300781,-0.10630958527326584,-0.07876531034708023,0.01656373217701912,-0.3177531659603119,-0.5551514625549316,0.7417665719985962,-0.08306479454040527,0.11435271799564362,0.17599232494831085,0.2223590761423111,-0.1845545917749405,-0.40691429376602173,0.4123653173446655,0.44238507747650146,-0.2871100604534149,0.7215490937232971,0.27434423565864563,0.3592323958873749,-0.2927857041358948,-0.30806025862693787,-0.3840342164039612,-0.6715555787086487,-0.7552022337913513,0.011730343103408813,-0.4479423761367798]","[0.6642073392868042,-2.1520426273345947,-6.188022613525391,1.323920488357544,0.5158044695854187,-0.5411986112594604,1.798892855644226,-4.317726135253906,-1.6565122604370117,2.1141960620880127,0.8620139360427856,0.04679742455482483,2.4686214923858643,0.5780979990959167,-1.550735592842102,-0.8921012282371521,3.137563943862915,5.369071006774902,-3.2028589248657227,-0.6844475865364075,1.143824815750122,3.297422170639038,0.2104148268699646,-0.6162859797477722,-1.2250803709030151,-2.893723726272583,0.21673738956451416,-0.43555620312690735,3.05788254737854]","[1.6622096300125122,-3.310960054397583,-6.837672233581543,1.4320132732391357,-0.020925551652908325,-0.1941888928413391,2.446072816848755,-3.5224034786224365,-1.1670552492141724,2.8764772415161133,0.3979412615299225,-0.01284267008304596,0.40146344900131226,-0.37048959732055664,-0.28599780797958374,-1.0028120279312134,3.1760804653167725,7.148957252502441,-4.762747287750244,1.0625859498977661,0.9157333374023438,-2.806633710861206,1.5056297779083252,-0.3314538598060608,-1.1619112491607666,-2.7515623569488525,0.588483989238739,-1.107016921043396,1.9956330060958862]","[0.5018489360809326,0.14533908665180206,-0.5705984830856323,1.1108157634735107,0.5602822303771973,-0.18479344248771667,0.9075936079025269,-1.1563419103622437,-1.347217321395874,0.7263807058334351,0.6949421763420105,0.2752290666103363,0.9036116003990173,-0.10229488462209702,-0.4826447665691376,-1.7035011053085327,1.2050745487213135,2.2047433853149414,-3.3246028423309326,1.8377623558044434,4.065004348754883,3.4606337547302246,-1.4453036785125732,-0.8371024131774902,-1.4868390560150146,-0.6637977957725525,-1.754109501838684,2.156622886657715,-4.656723499298096]",0.029544034972786903,0.02005879580974579,0.019789645448327065,0.11639416217803955,0.08518911898136139,4.2594559490680695,0,0,0,0.49491310119628906,0.4992402195930481,0.9938748478889465,0.8963136672973633,0.8102554082870483,0.6796353459358215,-0.11477656662464142,-0.0,-0.0
57,1.1400000000000001,57,"[-0.38196036219596863,0.2210884541273117,0.12238407135009766,1.0619479417800903,-0.14662648737430573,-0.10027830302715302,-0.14706532657146454,-0.3300532102584839,-0.5390785932540894,0.8079313635826111,-0.12704117596149445,-0.02608700469136238,0.3207189738750458,0.1918138712644577,-0.3404996395111084,-0.4965674579143524,0.4788745641708374,0.5679070949554443,-0.21525755524635315,0.6901302337646484,0.08410856127738953,0.3183031976222992,-0.53705233335495,-0.4148702323436737,-0.34030255675315857,-0.6138762831687927,-0.7716670036315918,0.0483270026743412,-0.2359151989221573]","[-0.15570934116840363,0.16571000218391418,0.07822176814079285,0.9903165698051453,-0.1053212508559227,-0.08251601457595825,0.062474459409713745,-0.3695630729198456,-0.5817466974258423,0.7859258055686951,-0.07458793371915817,0.11427368223667145,0.18304145336151123,0.22416889667510986,-0.1950155645608902,-0.4278639554977417,0.4617014229297638,0.6105523705482483,-0.38739603757858276,0.7447811961174011,0.28962114453315735,0.31048518419265747,-0.2620745003223419,-0.32260453701019287,-0.3957129418849945,-0.7188130021095276,-0.7439219951629639,-0.01055491715669632,-0.41645634174346924]","[1.1551536321640015,-1.843428611755371,-6.671580791473389,1.0277122259140015,0.4478801190853119,-0.7371664047241211,2.030923366546631,-2.723755121231079,-1.5430808067321777,1.5856996774673462,0.9815376400947571,-0.11813706159591675,2.2391505241394043,-0.30401089787483215,-2.253077268600464,-1.2704051733016968,2.2537150382995605,8.774799346923828,-5.7199015617370605,-0.4730835556983948,1.371800422668457,8.801697731018066,1.456773281097412,-0.6890215277671814,-1.401787281036377,-2.626217842102051,0.4576250910758972,0.12878021597862244,2.3253631591796875]","[2.115412473678589,-2.61932110786438,-6.6959357261657715,0.9905396103858948,0.05734213814139366,-0.16059134900569916,2.1328396797180176,-2.153635025024414,-1.2949320077896118,2.0211057662963867,0.380057692527771,-0.003232404589653015,0.5087361335754395,0.21847465634346008,-0.6567299962043762,-1.2267463207244873,2.3296663761138916,8.65762710571289,-5.011120319366455,1.1256251335144043,0.753148078918457,-2.084512710571289,1.562779188156128,-0.8987225294113159,-0.3289695382118225,-2.152804136276245,0.566080629825592,-1.0722829103469849,1.3590166568756104]","[0.6753379106521606,-0.061611950397491455,-0.6442698240280151,1.0854465961456299,0.5758734345436096,-0.19215935468673706,0.5415028929710388,-0.948064386844635,-1.528723955154419,0.8013090491294861,0.7185242772102356,0.27830344438552856,0.6068299412727356,-0.26184120774269104,-0.10419521480798721,-1.54641592502594,0.516973078250885,2.2891383171081543,-3.20078182220459,1.8496321439743042,4.211241722106934,2.9618048667907715,-1.2025058269500732,-0.8357858657836914,-1.3392744064331055,-0.6017906665802002,-1.7283591032028198,1.9881222248077393,-4.6979475021362305]",0.029715953394770622,0.02777135744690895,0.022345995530486107,0.11077365279197693,0.0775710865855217,3.878554329276085,0,0,0,0.4947410821914673,0.4979228973388672,0.9918886423110962,0.9033306241035461,0.8516370058059692,0.2849218547344208,-0.1458878219127655,-0.0,-0.0
58,1.16,58,"[-0.35394468903541565,0.1865747570991516,-0.017267223447561264,1.0810226202011108,-0.13795523345470428,-0.11604979634284973,-0.10246022790670395,-0.3642517626285553,-0.5668022036552429,0.8324149250984192,-0.10802671313285828,-0.03034406155347824,0.3632775843143463,0.1771692931652069,-0.3945541977882385,-0.5277801156044006,0.5159735083580017,0.7771978974342346,-0.35587361454963684,0.6839786171913147,0.11438111215829849,0.5418439507484436,-0.49246591329574585,-0.4288545250892639,-0.3689691722393036,-0.6599735617637634,-0.7602613568305969,0.056640829890966415,-0.2011784464120865]","[-0.10932990908622742,0.11591031402349472,-0.054915811866521835,1.0068602561950684,-0.10258862376213074,-0.08513318002223969,0.0930570513010025,-0.3993338942527771,-0.6085601449012756,0.8133925199508667,-0.06903223693370819,0.11060938984155655,0.1963590532541275,0.23270291090011597,-0.21060916781425476,-0.4495803117752075,0.5123262405395508,0.7708701491355896,-0.47151362895965576,0.758053183555603,0.30318713188171387,0.2737915813922882,-0.23973603546619415,-0.3418908417224884,-0.3908229470252991,-0.7481913566589355,-0.7240950465202332,-0.03422499820590019,-0.3952973783016205]","[1.4880173206329346,-1.8427454233169556,-7.054832935333252,0.6546199321746826,0.41502490639686584,-0.733570396900177,1.8363597393035889,-1.019615650177002,-1.3127535581588745,0.6316274404525757,0.903097927570343,-0.2517176866531372,1.4035173654556274,-0.4634536802768707,-2.7063148021698,-1.4587589502334595,2.7171151638031006,8.686240196228027,-5.203210830688477,-0.13413876295089722,1.7276726961135864,6.637424945831299,2.016252279281616,-0.15657246112823486,-0.6374582648277283,-1.786212682723999,0.8108928799629211,0.3421633541584015,1.316988468170166]","[2.4122397899627686,-2.299462080001831,-6.263374328613281,0.7172529101371765,0.14696398377418518,-0.10416693240404129,1.020177960395813,-1.1506141424179077,-1.2576624155044556,1.0760107040405273,0.20191076397895813,-0.20628146827220917,0.8544466495513916,0.4491097331047058,-0.8438320159912109,-0.9900085926055908,2.617309808731079,7.4409074783325195,-3.7963411808013916,0.5386002659797668,0.6389877796173096,-1.604884147644043,0.8434332013130188,-0.9734140038490295,0.5987787246704102,-1.11147141456604,1.1133962869644165,-1.1865205764770508,0.8944663405418396]","[0.7797379493713379,-0.27633655071258545,-0.7761974334716797,1.0753931999206543,0.5887354016304016,-0.19319456815719604,0.18580323457717896,-0.6758614778518677,-1.6133884191513062,0.6409215331077576,0.6994248032569885,0.24979425966739655,0.2864299714565277,-0.30256664752960205,0.3210495710372925,-1.2877296209335327,0.03273193910717964,1.9006692171096802,-2.626645088195801,1.7262250185012817,4.37524938583374,2.1720147132873535,-1.1436796188354492,-0.7755653262138367,-1.16423761844635,-0.43975889682769775,-1.6131224632263184,1.7497367858886719,-4.752531051635742]",0.029021961614489555,0.042883217334747314,0.0232081301510334,0.11854183673858643,0.07690634578466415,3.8453172892332077,0,0,0,0.49492111802101135,0.49585145711898804,0.9894534945487976,0.8662022352218628,0.8717221021652222,0.3451095521450043,-0.21794243156909943,-0.0,-0.0
59,1.18,59,"[-0.32243967056274414,0.14737863838672638,-0.15980924665927887,1.0881327390670776,-0.1300254911184311,-0.12962111830711365,-0.07361093908548355,-0.37083783745765686,-0.5915887355804443,0.8331964612007141,-0.09091725945472717,-0.036155711859464645,0.3768596649169922,0.17327572405338287,-0.448752224445343,-0.5549178123474121,0.587559163570404,0.9153566956520081,-0.42338597774505615,0.6847646832466125,0.1532154679298401,0.583800196647644,-0.4564022421836853,-0.4211331307888031,-0.3658008873462677,-0.6853247880935669,-0.739231288433075,0.06201353669166565,-0.18323566019535065]","[-0.058954834938049316,0.07220220565795898,-0.18541204929351807,1.0214893817901611,-0.10251902788877487,-0.08560854941606522,0.10896477103233337,-0.40481889247894287,-0.6377643942832947,0.8131662607192993,-0.06813263893127441,0.09870380908250809,0.20252282917499542,0.24643532931804657,-0.22619293630123138,-0.4530545175075531,0.5730376839637756,0.8578299283981323,-0.5065619349479675,0.7493911981582642,0.31699907779693604,0.24420800805091858,-0.23443228006362915,-0.3563977777957916,-0.3684501647949219,-0.7550594210624695,-0.6886624097824097,-0.06015799567103386,-0.3795982301235199]","[1.5659496784210205,-2.264181613922119,-7.033480644226074,0.25322437286376953,0.37826189398765564,-0.6483935117721558,0.04475284367799759,0.10989531874656677,-1.0881022214889526,-0.11898279190063477,0.7754011154174805,-0.345103919506073,-0.016009807586669922,0.4327245056629181,-2.3671247959136963,-0.8372381329536438,3.343132257461548,2.77545166015625,-1.1764079332351685,0.4660174250602722,1.9159356355667114,-2.1799707412719727,0.994931161403656,0.5801953673362732,1.0511510372161865,-0.6229549646377563,1.3112425804138184,-0.09752372652292252,0.3446802496910095]","[2.61911940574646,-2.1946403980255127,-6.528818607330322,0.7921078205108643,-0.004634819459170103,0.0030820046085864305,0.4945530593395233,0.14034709334373474,-1.3397926092147827,-0.34852585196495056,-0.04029582068324089,-0.6210129857063293,0.15149763226509094,0.7431566119194031,-0.691960334777832,0.25411316752433777,3.0645225048065186,2.6997323036193848,-0.7859042286872864,-0.6561297178268433,0.608022153377533,-1.4465270042419434,-0.07458619028329849,-0.586937427520752,1.4865189790725708,0.03970702365040779,1.9106559753417969,-1.2835137844085693,0.6863003373146057]","[0.7346834540367126,-0.5209968090057373,-0.9078305959701538,1.0847952365875244,0.5574069619178772,-0.18451905250549316,-0.033062100410461426,-0.456316739320755,-1.5762701034545898,0.28932368755340576,0.6494936347007751,0.16620159149169922,-0.08922549337148666,-0.07094129174947739,0.6997146010398865,-1.0010372400283813,-0.29464802145957947,0.8611552715301514,-1.692487359046936,1.4600414037704468,4.5578436851501465,1.1221923828125,-1.1263809204101562,-0.6166593432426453,-0.9740928411483765,-0.2761382460594177,-1.4437816143035889,1.5148440599441528,-4.690995216369629]",0.029133759438991547,0.0626199021935463,0.026893535628914833,0.14054974913597107,0.08502821624279022,4.251410812139511,0,0,0,0.49488264322280884,0.4914269745349884,0.9872148036956787,0.8189307451248169,0.9628710150718689,0.9134989380836487,-0.4174143075942993,-0.0,-0.0
60,1.2,60,"[-0.2913067042827606,0.09600749611854553,-0.2986064553260803,1.0911515951156616,-0.1228247582912445,-0.14198553562164307,-0.10067011415958405,-0.3598559498786926,-0.6103262901306152,0.8276556134223938,-0.07701066881418228,-0.044148217886686325,0.3626371920108795,0.19447827339172363,-0.4892391860485077,-0.5612696409225464,0.649698793888092,0.888215959072113,-0.4029299318790436,0.7026193141937256,0.19101853668689728,0.4546451270580292,-0.4526686668395996,-0.4056467115879059,-0.326923131942749,-0.6848917603492737,-0.7078116536140442,0.05273988097906113,-0.1873912364244461]","[-0.009719913825392723,0.024948615580797195,-0.32079681754112244,1.041506290435791,-0.10396980494260788,-0.08471745252609253,0.11063878983259201,-0.38659000396728516,-0.664268434047699,0.7854870557785034,-0.0697820633649826,0.07809189707040787,0.19996783137321472,0.2632952332496643,-0.24063779413700104,-0.43559426069259644,0.627312958240509,0.8389548063278198,-0.4785919785499573,0.7144705057144165,0.32746627926826477,0.20921586453914642,-0.2418571561574936,-0.362734317779541,-0.33324316143989563,-0.7438133955001831,-0.6455162763595581,-0.08747977763414383,-0.366346538066864]","[1.7643758058547974,-2.680532217025757,-7.091611862182617,0.1881629228591919,0.3637269139289856,-0.6772730946540833,-2.094388961791992,0.8862547874450684,-0.8447647094726562,-0.23702532052993774,0.6810860633850098,-0.5149641036987305,-1.3395540714263916,1.3791956901550293,-1.3715416193008423,-0.7063314318656921,2.2768497467041016,-3.3448517322540283,2.166301727294922,1.3606832027435303,1.8218185901641846,-12.385040283203125,0.3058023750782013,0.9812116622924805,2.4243764877319336,0.484253466129303,1.4466718435287476,-0.8941997289657593,-0.4549749195575714]","[1.7666879892349243,-1.901585578918457,-5.641339302062988,0.839230477809906,-0.07508237659931183,0.17793487012386322,-0.22597981989383698,0.8333784937858582,-1.8087226152420044,-1.6369086503982544,-0.13633713126182556,-0.9981598258018494,-0.8453205823898315,0.5389073491096497,-0.7673852443695068,1.088516354560852,2.287705421447754,-2.668466329574585,2.511979818344116,-1.9491841793060303,0.371869832277298,-1.8616127967834473,-0.5437104105949402,-0.11982571333646774,1.9258898496627808,0.7702891826629639,2.128692865371704,-1.354480266571045,0.5875421166419983]","[0.6375991702079773,-0.7658370733261108,-1.1021454334259033,1.1091969013214111,0.5285572409629822,-0.18532812595367432,-0.11069843173027039,-0.26319020986557007,-1.5345981121063232,-0.03269146382808685,0.6265996694564819,0.06530793756246567,-0.16799652576446533,0.18044206500053406,0.9325656890869141,-0.8542612195014954,-0.4586750566959381,0.057868972420692444,-1.0797299146652222,1.1900395154953003,4.699007987976074,0.15903867781162262,-0.8306238055229187,-0.38191208243370056,-0.8332232236862183,-0.1633564531803131,-1.3461850881576538,1.3602640628814697,-4.553785800933838]",0.03019382804632187,0.06275665014982224,0.027080882340669632,0.13653624057769775,0.07581119239330292,3.790559619665146,0,0,0,0.49455928802490234,0.49186888337135315,0.9884373545646667,0.85350501537323,0.8775116801261902,0.35554808378219604,-0.27087074518203735,-0.0,-0.0
61,1.22,61,"[-0.25186464190483093,0.040157344192266464,-0.4434736967086792,1.0956592559814453,-0.11547641456127167,-0.15671204030513763,-0.15738649666309357,-0.335387647151947,-0.6253793239593506,0.8237154483795166,-0.06367381662130356,-0.056754276156425476,0.3232775032520294,0.22844354808330536,-0.5036138892173767,-0.5831710696220398,0.6786331534385681,0.7815626263618469,-0.3367339074611664,0.739192008972168,0.22608821094036102,0.08839859813451767,-0.44417014718055725,-0.3818846642971039,-0.26882582902908325,-0.6659546494483948,-0.6813644170761108,0.026245547458529472,-0.2014346569776535]","[0.004060554318130016,-0.00909814890474081,-0.4269537329673767,1.0541387796401978,-0.10217621177434921,-0.080769844353199,0.0985054075717926,-0.3704359829425812,-0.7125495076179504,0.7437595725059509,-0.06704013794660568,0.052539147436618805,0.1650930494070053,0.2654919922351837,-0.2557218074798584,-0.42293545603752136,0.6539983749389648,0.7362381219863892,-0.39496123790740967,0.6727088093757629,0.3334348797798157,0.1590026468038559,-0.2516240179538727,-0.3634605407714844,-0.3035823106765747,-0.7302013039588928,-0.6065826416015625,-0.11674796789884567,-0.3563395142555237]","[1.9272539615631104,-2.7330777645111084,-7.6812896728515625,0.43144822120666504,0.6655639410018921,-0.8163467049598694,-3.1361334323883057,1.7022371292114258,-0.6475910544395447,-0.1232340931892395,1.032540202140808,-0.713864266872406,-2.296321153640747,1.7631739377975464,-0.3003127872943878,-1.1002331972122192,1.1533126831054688,-6.139007568359375,4.282708168029785,2.0846874713897705,1.720725417137146,-17.74310874938965,1.0772347450256348,1.4290378093719482,2.628700017929077,0.7266879081726074,0.9839445352554321,-1.4982733726501465,-0.4566613733768463]","[0.5010766983032227,-1.6819522380828857,-5.161628246307373,0.522295355796814,0.10236573219299316,0.14344099164009094,-0.9041630625724792,0.7006042003631592,-2.8436167240142822,-2.154371976852417,0.16083239018917084,-1.2721916437149048,-1.7102783918380737,0.06866579502820969,-0.5418804883956909,0.45478126406669617,0.8539672493934631,-6.064177513122559,4.964808940887451,-2.091813802719116,0.24959386885166168,-2.63832950592041,-0.6414965391159058,0.031023524701595306,1.3646961450576782,0.6562416553497314,1.7755537033081055,-1.4270135164260864,0.45711401104927063]","[0.5062981843948364,-0.9861738681793213,-1.5785646438598633,1.1677616834640503,0.584622323513031,-0.15978500247001648,0.011982174590229988,-0.12036440521478653,-1.5094836950302124,-0.14398165047168732,0.6878013014793396,-0.024315455928444862,0.03554857522249222,0.3154774606227875,0.8887719511985779,-0.8364299535751343,-0.18979577720165253,-0.05851884186267853,-1.012393832206726,1.1506165266036987,4.808760643005371,-0.5787224769592285,-0.3711182475090027,-0.161588653922081,-0.8705564141273499,-0.10631689429283142,-1.3319147825241089,1.2459073066711426,-4.5367350578308105]",0.031052954494953156,0.04579468071460724,0.025165555998682976,0.11737538874149323,0.07337857782840729,3.6689288914203644,0,0,0,0.4942407011985779,0.49608317017555237,0.9913666248321533,0.9015389680862427,0.7641924619674683,0.1563379019498825,-0.13483086228370667,-0.0,-0.0
62,1.24,62,"[-0.21421654522418976,-0.01331560779362917,-0.6058580279350281,1.1084095239639282,-0.09620220214128494,-0.17463940382003784,-0.22611545026302338,-0.2917664647102356,-0.636229932308197,0.8227262496948242,-0.03570906072854996,-0.0727027878165245,0.2707843482494354,0.2650052309036255,-0.5012516975402832,-0.6052789688110352,0.695831298828125,0.6426556706428528,-0.2316216081380844,0.7860068082809448,0.2598475515842438,-0.2550792396068573,-0.4095792770385742,-0.34848520159721375,-0.2217751294374466,-0.6558242440223694,-0.6684538722038269,-0.007191050332039595,-0.2056576907634735]","[0.027208462357521057,-0.06907559931278229,-0.5779767632484436,1.0779354572296143,-0.0878533124923706,-0.07926230132579803,0.06496748328208923,-0.3381953537464142,-0.7361913919448853,0.7011513113975525,-0.05672891438007355,0.026213720440864563,0.14107085764408112,0.26590999960899353,-0.26096290349960327,-0.4186331331729889,0.6687038540840149,0.6032922863960266,-0.2882615327835083,0.6496691107749939,0.3414372503757477,0.09615930169820786,-0.26303061842918396,-0.35116031765937805,-0.28353244066238403,-0.7173351645469666,-0.5756774544715881,-0.15233056247234344,-0.3497617840766907]","[1.9593403339385986,-2.3965001106262207,-8.164844512939453,0.8138149976730347,1.0325523614883423,-0.9087182879447937,-3.3663151264190674,2.104494094848633,-0.7122725248336792,0.22220462560653687,1.4106402397155762,-0.8074289560317993,-2.823432207107544,1.5048694610595703,0.6026506423950195,-0.7656708359718323,0.7152289152145386,-7.193274974822998,5.542520046234131,2.217052936553955,1.265370488166809,-12.300703048706055,1.8182435035705566,1.964228630065918,1.857239007949829,-0.5382955074310303,0.49679577350616455,-1.8040292263031006,-0.5962770581245422]","[1.5273990631103516,-3.323913097381592,-8.083577156066895,1.3901634216308594,0.850050687789917,0.10367555171251297,-1.9756383895874023,1.9065325260162354,-0.720687747001648,-2.0335090160369873,0.5361486077308655,-1.2566567659378052,-0.9237046837806702,-0.06105997413396835,-0.06046179309487343,0.1445000320672989,0.6965104341506958,-6.686936378479004,5.405395984649658,-0.9467681050300598,0.3974226415157318,-3.101612091064453,-0.5777792930603027,0.9782262444496155,0.8831033110618591,0.6789417266845703,1.3961188793182373,-1.9915106296539307,0.27272161841392517]","[0.35891756415367126,-1.0927832126617432,-2.0663390159606934,1.2719323635101318,0.6946136355400085,-0.14311912655830383,0.2753916084766388,-0.08801985532045364,-1.4285211563110352,-0.12562821805477142,0.7820964455604553,-0.08212653547525406,0.24486148357391357,0.26773694157600403,0.5957292914390564,-0.8479213118553162,0.2971247732639313,0.1874309629201889,-1.2808191776275635,1.3406037092208862,4.930678367614746,-1.074910283088684,0.046922698616981506,0.09994713962078094,-0.9773993492126465,-0.15762068331241608,-1.3339829444885254,1.1926063299179077,-4.61128568649292]",0.03187789395451546,0.03207554668188095,0.0225874874740839,0.12068978697061539,0.07815985381603241,3.9079926908016205,0,0,0,0.49396538734436035,0.4981106221675873,0.9937324523925781,0.8852958679199219,0.7302621006965637,0.4514561891555786,-0.14482973515987396,-0.0,-0.0
63,1.26,63,"[-0.17349103093147278,-0.05570266395807266,-0.7700674533843994,1.1282118558883667,-0.07417432218790054,-0.1930607706308365,-0.29203909635543823,-0.2512078881263733,-0.6538702249526978,0.8326036334037781,-0.007248209789395332,-0.08905143290758133,0.210340216755867,0.28863832354545593,-0.4795078635215759,-0.6137979030609131,0.7072423100471497,0.4938316345214844,-0.11503312736749649,0.8278741240501404,0.27670302987098694,-0.40362951159477234,-0.37144041061401367,-0.30331552028656006,-0.1945362687110901,-0.687486469745636,-0.6614925861358643,-0.045915622264146805,-0.22528573870658875]","[0.05991262197494507,-0.1342577040195465,-0.7432219982147217,1.1140509843826294,-0.0641615018248558,-0.08884024620056152,0.03103719837963581,-0.300599604845047,-0.7651931643486023,0.6724011898040771,-0.039332643151283264,0.006413198076188564,0.12382736802101135,0.25661543011665344,-0.2581687867641449,-0.417264848947525,0.6769200563430786,0.482357382774353,-0.2023412585258484,0.6621595621109009,0.35433095693588257,0.03203538805246353,-0.26704710721969604,-0.31860268115997314,-0.27136126160621643,-0.7116600275039673,-0.5600240230560303,-0.18724003434181213,-0.3483169674873352]","[1.9761416912078857,-1.938345193862915,-7.7897562980651855,1.057937741279602,1.0287460088729858,-0.9122427701950073,-2.4595742225646973,1.1439777612686157,-1.8787682056427002,0.6433025002479553,1.063950538635254,-0.770531415939331,-2.723264455795288,0.2062089741230011,1.1584460735321045,0.2205371856689453,-0.3992900252342224,-4.608644485473633,1.6355868577957153,3.3731729984283447,1.2205935716629028,-4.887232303619385,2.3109257221221924,2.635246992111206,0.7882665991783142,-2.027435541152954,0.12433230876922607,-1.9513636827468872,-1.2769923210144043]","[1.6697609424591064,-3.0242414474487305,-7.877788066864014,1.8373972177505493,1.201752781867981,-0.5352650284767151,-1.6243194341659546,1.8700852394104004,-1.7025295495986938,-1.1166465282440186,0.9038177728652954,-0.8576646447181702,-0.6961012482643127,-0.7207425236701965,0.24188871681690216,0.12108347564935684,0.23278853297233582,-5.492211818695068,3.6217808723449707,0.8969712853431702,0.6241849660873413,-2.96571683883667,-0.007256173528730869,1.984581470489502,0.4701014757156372,0.11307690292596817,0.5865651369094849,-1.6078672409057617,0.028254469856619835]","[0.054138898849487305,-1.0531978607177734,-2.318735361099243,1.384546160697937,0.7705394625663757,-0.2592467963695526,0.9156215190887451,-0.17183709144592285,-1.4651477336883545,0.055552706122398376,0.8927075266838074,-0.08156115561723709,0.4468192458152771,0.16392838954925537,0.30853956937789917,-0.7735156416893005,0.5751965641975403,0.538515567779541,-1.7070289850234985,1.6665552854537964,5.246853351593018,-1.3464384078979492,0.434669554233551,0.3153960108757019,-1.008504867553711,-0.48891720175743103,-1.409023404121399,1.0918796062469482,-4.751357078552246]",0.03308090940117836,0.021877191960811615,0.020279552787542343,0.12855415046215057,0.0832209661602974,4.16104830801487,0,0,0,0.4935624599456787,0.49882009625434875,0.9946011900901794,0.8691140413284302,0.8067860007286072,0.6779704689979553,-0.17980587482452393,-0.0,-0.0
64,1.28,64,"[-0.13517087697982788,-0.09084941446781158,-0.9174482822418213,1.1507270336151123,-0.05505236238241196,-0.2111291140317917,-0.32449841499328613,-0.24600735306739807,-0.711380660533905,0.8484583497047424,0.006848962511867285,-0.10352404415607452,0.16185377538204193,0.27325358986854553,-0.454913854598999,-0.5964574813842773,0.6798596978187561,0.4583098888397217,-0.16619813442230225,0.920933723449707,0.3086712956428528,-0.4505685269832611,-0.3171422481536865,-0.24307532608509064,-0.19024446606636047,-0.7369216680526733,-0.6634805798530579,-0.08524559438228607,-0.2567373812198639]","[0.09765812754631042,-0.19520287215709686,-0.9036129117012024,1.1481882333755493,-0.03539305925369263,-0.10467284172773361,0.010414069518446922,-0.27122950553894043,-0.8048403263092041,0.6771828532218933,-0.023043889552354813,-0.007667184807360172,0.12095844745635986,0.22305384278297424,-0.2545485198497772,-0.39604538679122925,0.6252614259719849,0.48253458738327026,-0.2771712839603424,0.7624544501304626,0.391041100025177,0.06816576421260834,-0.24431055784225464,-0.2701337933540344,-0.2788133919239044,-0.7267358303070068,-0.5603666305541992,-0.20372915267944336,-0.351707398891449]","[1.5014231204986572,-1.7202317714691162,-6.775799751281738,1.1058151721954346,0.9085680842399597,-0.8997176289558411,-0.8097477555274963,0.14195330440998077,-3.061553955078125,1.1196941137313843,0.4306791424751282,-0.6518576145172119,-1.3473440408706665,-1.419311761856079,0.8209355473518372,1.773834228515625,-1.947176456451416,-0.11128261685371399,-5.258275508880615,4.933078765869141,2.1369733810424805,-1.3028733730316162,2.9372975826263428,3.168704032897949,-0.25900566577911377,-2.5603444576263428,-0.383855402469635,-1.711690068244934,-1.501230239868164]","[1.8455629348754883,-2.7705066204071045,-7.6561102867126465,1.5411090850830078,1.3897087574005127,-0.7583125233650208,-0.8036952018737793,1.4212168455123901,-2.0317931175231934,0.7295196056365967,0.8235263228416443,-0.6268215775489807,0.4344559907913208,-2.055997371673584,0.005865938495844603,1.2459757328033447,-3.5819215774536133,2.037757158279419,-6.0644989013671875,5.563311576843262,1.974342703819275,2.8098161220550537,1.7758501768112183,2.5665035247802734,-0.8762251138687134,-1.1914730072021484,-0.18792258203029633,-0.33687442541122437,-0.17575493454933167]","[-0.1656063348054886,-1.199000358581543,-2.7221343517303467,1.3737941980361938,0.8422799110412598,-0.3182664215564728,1.6033459901809692,-0.29227060079574585,-1.3946895599365234,0.4497793912887573,0.9314679503440857,-0.09554965049028397,0.6871711015701294,0.15613102912902832,-0.009304143488407135,-0.5182567238807678,0.711909294128418,0.9435946345329285,-2.285460948944092,2.040064573287964,5.550487041473389,-1.6132545471191406,0.7157086730003357,0.5391457080841064,-1.0274463891983032,-0.7378873229026794,-1.5005708932876587,0.9962170124053955,-4.9378252029418945]",0.034458473324775696,0.012069477699697018,0.019906550645828247,0.14034231007099152,0.08388790488243103,4.1943952441215515,0,0,0,0.4930588901042938,0.4991060197353363,0.9940872192382812,0.8596683740615845,0.9164559841156006,0.6498715877532959,-0.2178531438112259,-0.0,-0.0
65,1.3,65,"[-0.11343410611152649,-0.12451193481683731,-1.0410994291305542,1.172444462776184,-0.03783160075545311,-0.2290494740009308,-0.3244290053844452,-0.24552975594997406,-0.7763323783874512,0.8773913979530334,0.009978956542909145,-0.11512573808431625,0.1564464569091797,0.23186585307121277,-0.44667044281959534,-0.5428445339202881,0.629355251789093,0.4893803298473358,-0.3253641426563263,1.0251972675323486,0.36218196153640747,-0.4557444453239441,-0.25394850969314575,-0.17656736075878143,-0.2048964947462082,-0.7899002432823181,-0.6768468022346497,-0.11438322067260742,-0.2853349447250366]","[0.13408124446868896,-0.24813023209571838,-1.0467442274093628,1.1705904006958008,-0.00622677244246006,-0.12101591378450394,0.015589214861392975,-0.2565704882144928,-0.8454700708389282,0.7245548963546753,-0.015235869213938713,-0.014293236657977104,0.13624560832977295,0.17640426754951477,-0.2504119873046875,-0.3632603883743286,0.5640988349914551,0.5315662026405334,-0.40717223286628723,0.8738173246383667,0.41762205958366394,0.11153922975063324,-0.2026272714138031,-0.2127958983182907,-0.30142107605934143,-0.7539665102958679,-0.5724008679389954,-0.2040814310312271,-0.35873502492904663]","[0.6480945348739624,-1.7180451154708862,-5.25277853012085,1.10454261302948,0.7757354378700256,-0.8859150409698486,0.8913986682891846,0.1667998731136322,-2.685722827911377,2.162113904953003,0.12895019352436066,-0.5086666345596313,0.32027551531791687,-2.17366623878479,0.3752313554286957,3.1575279235839844,-2.513714075088501,1.708896517753601,-8.552959442138672,4.90160608291626,2.4961345195770264,0.5018569827079773,3.368145227432251,3.3626720905303955,-1.065441608428955,-2.8484554290771484,-0.9751155972480774,-1.3001832962036133,-1.165838599205017]","[1.6679861545562744,-2.3612782955169678,-6.737955093383789,0.8718681931495667,1.3424240350723267,-0.7424948215484619,0.8794856071472168,0.5461137294769287,-1.8921482563018799,2.9721786975860596,0.3917180001735687,-0.2627924382686615,0.8478370904922485,-2.4156830310821533,0.21239686012268066,1.7171558141708374,-2.5082340240478516,2.4012701511383057,-6.301958084106445,5.061593532562256,0.9035269021987915,1.4823521375656128,2.3136184215545654,3.0035884380340576,-1.2643280029296875,-1.35910165309906,-0.6526802778244019,0.09292490780353546,-0.3699607849121094]","[-0.48678475618362427,-1.3638720512390137,-2.982598066329956,1.2957367897033691,0.8881189227104187,-0.353091299533844,2.423518419265747,-0.4543898105621338,-1.0972750186920166,1.0220646858215332,0.9033046364784241,-0.08168352395296097,0.6540400385856628,0.3658513128757477,-0.2315634787082672,-0.06339266896247864,0.774987518787384,0.8679719567298889,-2.2897653579711914,2.2569100856781006,5.889787673950195,-1.7839369773864746,0.7677026987075806,0.7727147340774536,-0.9376770257949829,-0.802262544631958,-1.5708379745483398,0.8180802464485168,-5.2232890129089355]",0.0365346297621727,0.013815844431519508,0.021787233650684357,0.1475633978843689,0.08720911294221878,4.360455647110939,0,0,0,0.4920971989631653,0.49911388754844666,0.9937250018119812,0.8435561060905457,0.9462737441062927,0.7870397567749023,-0.20135000348091125,-0.0,-0.0
66,1.32,66,"[-0.10924709588289261,-0.15957121551036835,-1.1275594234466553,1.1949087381362915,-0.024022946134209633,-0.24656571447849274,-0.28884246945381165,-0.23933535814285278,-0.8188095688819885,0.934942901134491,0.01200697012245655,-0.12387070804834366,0.17466479539871216,0.1863069385290146,-0.4399046003818512,-0.47015637159347534,0.5793111324310303,0.5266657471656799,-0.5083165168762207,1.1169979572296143,0.40851667523384094,-0.4304942488670349,-0.18241643905639648,-0.10856843739748001,-0.23286212980747223,-0.8508598804473877,-0.702485203742981,-0.13725292682647705,-0.3033709228038788]","[0.15455596148967743,-0.2662734389305115,-1.1974185705184937,1.1648277044296265,0.009652629494667053,-0.12914222478866577,0.04126240685582161,-0.24551719427108765,-0.8824260830879211,0.8000816702842712,-0.0155600281432271,-0.01621204987168312,0.12558601796627045,0.13375826179981232,-0.2569805979728699,-0.34045928716659546,0.5270026326179504,0.5586368441581726,-0.5149454474449158,0.9719796776771545,0.42768487334251404,0.11810973286628723,-0.15654915571212769,-0.16206225752830505,-0.3349944055080414,-0.7863220572471619,-0.5944133996963501,-0.19698360562324524,-0.3705044984817505]","[0.46788549423217773,-1.5920075178146362,-4.548773288726807,0.7853478193283081,0.3778667151927948,-0.8613362908363342,2.484935998916626,0.6642483472824097,-1.6916841268539429,2.7932047843933105,-0.031378887593746185,-0.3319093883037567,1.0033023357391357,-1.9009042978286743,-0.038811564445495605,3.740090847015381,-2.418459892272949,1.6434632539749146,-8.709421157836914,4.305270195007324,1.9846141338348389,1.6573437452316284,3.5993752479553223,3.085792064666748,-1.435761570930481,-2.9722185134887695,-1.4725253582000732,-0.9640410542488098,-0.9690262675285339]","[0.7263427972793579,0.030751412734389305,-8.183119773864746,-0.9341106414794922,0.4844326674938202,-0.2866758406162262,1.2068798542022705,0.46390581130981445,-2.552016496658325,4.011719226837158,0.012256002984941006,-0.10278881341218948,-0.862456202507019,-1.6929417848587036,-0.8598949909210205,0.8280814290046692,-1.6530669927597046,0.8614818453788757,-4.9213547706604,4.485969066619873,0.37943217158317566,0.011435620486736298,2.081042528152466,2.063088893890381,-2.0366148948669434,-1.714308738708496,-1.146901249885559,0.4450874924659729,-0.5817395448684692]","[-1.0142627954483032,-1.152868390083313,-2.861072063446045,1.2518398761749268,0.899592936038971,-0.3403252959251404,3.2512993812561035,-0.49629920721054077,-0.6889800429344177,1.2626471519470215,0.821819543838501,-0.07498294860124588,0.7219536900520325,0.5297974348068237,-0.3956935703754425,0.23323805630207062,0.5345444679260254,0.7319168448448181,-2.289808988571167,2.4297707080841064,6.113840579986572,-1.9587717056274414,0.8087005019187927,0.858754575252533,-0.787031888961792,-0.8838822245597839,-1.6688827276229858,0.7151191830635071,-5.530905246734619]",0.03995690867304802,0.018851280212402344,0.02030649222433567,0.1388145387172699,0.08382344990968704,4.191172495484352,0,0,0,0.4905848205089569,0.49864551424980164,0.9945858120918274,0.857758641242981,0.8438414931297302,0.6802226901054382,-0.17446644604206085,-0.0,-0.0
67,1.34,67,"[-0.09471868723630905,-0.1881922334432602,-1.2230503559112549,1.2038583755493164,-0.022716931998729706,-0.26350292563438416,-0.22503156960010529,-0.21895982325077057,-0.8439997434616089,0.9891195893287659,0.008723801001906395,-0.12840211391448975,0.19657854735851288,0.15582968294620514,-0.44822290539741516,-0.39324089884757996,0.5326168537139893,0.5551188588142395,-0.6737409830093384,1.1974080801010132,0.441566526889801,-0.38945069909095764,-0.10997350513935089,-0.05313568189740181,-0.2623269557952881,-0.9087889790534973,-0.7357478141784668,-0.15294486284255981,-0.3240959942340851]","[0.1756138652563095,-0.26616060733795166,-1.3359854221343994,1.1518969535827637,0.022656966000795364,-0.12703558802604675,0.07125309109687805,-0.22415515780448914,-0.8953405618667603,0.8721950650215149,-0.02227390557527542,-0.010895788669586182,0.11618459969758987,0.111081562936306,-0.2758508622646332,-0.3172650933265686,0.49860212206840515,0.5658743977546692,-0.6030213832855225,1.0563324689865112,0.4357113242149353,0.11365657299757004,-0.12278729677200317,-0.12835285067558289,-0.3781721591949463,-0.8173344135284424,-0.6178298592567444,-0.18604497611522675,-0.3852696120738983]","[1.0921351909637451,-1.296677827835083,-5.483609676361084,0.11830329895019531,-0.018665986135601997,-0.653162956237793,3.1277146339416504,1.660396933555603,-0.35646408796310425,2.290038824081421,-0.3813210725784302,-0.04110466688871384,0.7266719341278076,-1.0001320838928223,-0.892213761806488,3.6225192546844482,-2.3933305740356445,0.7127836346626282,-7.292932510375977,3.568557024002075,1.9876867532730103,2.394634485244751,3.209044933319092,2.2052597999572754,-1.538286805152893,-2.8246002197265625,-1.600414514541626,-0.38785338401794434,-1.046355128288269]","[1.0868161916732788,-0.05559051036834717,-6.1623358726501465,-0.3719116747379303,0.6805329322814941,0.14079822599887848,1.744346261024475,1.5115249156951904,0.5004086494445801,3.2702767848968506,-0.3851069509983063,0.31139206886291504,-0.39583030343055725,-0.8632016777992249,-0.9631311893463135,1.3098280429840088,-1.2279683351516724,0.0950012281537056,-4.037406921386719,3.8259830474853516,0.40000033378601074,-0.2730812728404999,1.514620065689087,1.5131659507751465,-2.2334141731262207,-1.4324705600738525,-1.0939704179763794,0.5937406420707703,-0.7275019884109497]","[-1.4248502254486084,-0.8521297574043274,-2.214249849319458,1.1781296730041504,0.9139444231987,-0.30421212315559387,3.970146656036377,-0.39211827516555786,-0.40775808691978455,1.3306894302368164,0.7529446482658386,-0.01953847147524357,0.807709813117981,0.7387049794197083,-0.7097626328468323,0.5458143353462219,0.18981829285621643,0.6960786581039429,-2.351621150970459,2.548363208770752,6.301064968109131,-2.047945976257324,0.8693094849586487,0.9898110628128052,-0.5559167861938477,-0.7739744186401367,-1.6801968812942505,0.7139454483985901,-5.861001491546631]",0.04492019861936569,0.012457232922315598,0.021997682750225067,0.12505611777305603,0.08574997633695602,4.287498816847801,0,0,0,0.4881141185760498,0.4992510676383972,0.9942703247070312,0.8840900659561157,0.8637150526046753,0.7507851123809814,-0.192726269364357,-0.0,-0.0
68,1.36,68,"[-0.0655616894364357,-0.21143832802772522,-1.3469038009643555,1.1996408700942993,-0.024769585579633713,-0.2726922333240509,-0.16373388469219208,-0.17291948199272156,-0.8330681324005127,1.026544451713562,-0.0032458724454045296,-0.1255148947238922,0.20373167097568512,0.14630165696144104,-0.4755931496620178,-0.3252556025981903,0.4835779070854187,0.5551770925521851,-0.8000338077545166,1.2597402334213257,0.48802414536476135,-0.3347088694572449,-0.05405464395880699,-0.020358050242066383,-0.2943935990333557,-0.9638438820838928,-0.766501784324646,-0.15276706218719482,-0.34522512555122375]","[0.16955572366714478,-0.25127705931663513,-1.4042065143585205,1.1500970125198364,0.03599940985441208,-0.11627289652824402,0.10964366793632507,-0.16885745525360107,-0.8684351444244385,0.9234541654586792,-0.032728493213653564,-0.0023117128293961287,0.10602409392595291,0.10482271760702133,-0.2960466742515564,-0.2887478768825531,0.4816291034221649,0.5583851337432861,-0.6693281531333923,1.1226757764816284,0.44540420174598694,0.10389631986618042,-0.09691761434078217,-0.09528842568397522,-0.4161383807659149,-0.841971755027771,-0.6426723003387451,-0.16800126433372498,-0.404635488986969]","[0.9540078639984131,-0.740909218788147,-4.578879356384277,0.313606858253479,0.19457384943962097,-0.2996981143951416,3.22554349899292,3.0519211292266846,1.4581948518753052,1.2277737855911255,-0.3890182673931122,0.24692527949810028,0.27313941717147827,-0.218069925904274,-1.1517338752746582,3.055342435836792,-1.9766502380371094,-0.6748393177986145,-5.244322299957275,2.7258336544036865,2.48858642578125,3.1521992683410645,2.4978244304656982,1.6852012872695923,-1.3789632320404053,-2.7224764823913574,-1.6861484050750732,0.3258582353591919,-1.1947728395462036]","[-0.8499929904937744,1.1350836753845215,-2.1369314193725586,-0.10621953755617142,0.5826419591903687,0.49042949080467224,2.4372763633728027,3.1608450412750244,1.467904806137085,2.278068780899048,-0.5188798904418945,0.41001296043395996,-0.6222811341285706,-0.057755399495363235,-0.8331413269042969,1.6288070678710938,-0.6877704858779907,-0.9588960409164429,-2.546867847442627,2.5248703956604004,0.5063198804855347,-1.5912213325500488,1.1468523740768433,1.646917700767517,-1.7493987083435059,-1.0716676712036133,-1.1995664834976196,1.0014740228652954,-0.9503483176231384]","[-1.7717409133911133,-0.22614678740501404,-1.4898462295532227,1.2281317710876465,0.9363109469413757,-0.23629283905029297,4.592008113861084,-0.44118601083755493,-0.07783807814121246,1.3402100801467896,0.7137228846549988,0.011449268087744713,0.6586882472038269,0.8580704927444458,-0.9153754115104675,0.6438700556755066,-0.11141348630189896,0.5420134663581848,-2.310622215270996,2.597600221633911,6.4663310050964355,-2.0945663452148438,1.0611741542816162,1.0647181272506714,-0.234056755900383,-0.9083365797996521,-1.7005677223205566,0.6499159336090088,-6.242867469787598]",0.05044006556272507,0.007826819084584713,0.025333115831017494,0.10769078135490417,0.08704142272472382,4.352071136236191,0,0,0,0.4853743612766266,0.4999292492866516,0.9928125739097595,0.9087832570075989,0.9122766256332397,0.7624890804290771,-0.20959395170211792,-0.0,-0.0
69,1.3800000000000001,69,"[-0.05655837431550026,-0.21782860159873962,-1.4062055349349976,1.2164026498794556,-0.014933978207409382,-0.2754908502101898,-0.09600982815027237,-0.09688298404216766,-0.7856719493865967,1.038230538368225,-0.0068369293585419655,-0.11852510273456573,0.20750412344932556,0.14710688591003418,-0.4942922592163086,-0.27102720737457275,0.4535508453845978,0.5281252861022949,-0.883513867855072,1.3064414262771606,0.5411099791526794,-0.26336273550987244,-0.010060529224574566,0.014272366650402546,-0.3174854815006256,-1.0176880359649658,-0.8031937479972839,-0.1399105340242386,-0.3718869090080261]","[0.14436134696006775,-0.22187238931655884,-1.3974597454071045,1.1590301990509033,0.05367271229624748,-0.10348765552043915,0.17590312659740448,-0.10000748932361603,-0.8221923112869263,0.9559552669525146,-0.03877478092908859,-4.5308785047382116e-05,0.09710799902677536,0.11440826952457428,-0.30895450711250305,-0.2567919194698334,0.46585705876350403,0.5434244871139526,-0.7186022996902466,1.1840617656707764,0.45865488052368164,0.11269961297512054,-0.07727757841348648,-0.07092378288507462,-0.43523722887039185,-0.85565185546875,-0.6733891367912292,-0.14063723385334015,-0.4286227226257324]","[0.12095170468091965,0.25718212127685547,-0.6046563386917114,1.2946516275405884,0.5257416367530823,0.03830939531326294,4.189337253570557,3.5900158882141113,3.0058741569519043,0.3132820129394531,-0.21549074351787567,0.42592325806617737,0.426800936460495,0.26439279317855835,-0.5218498706817627,2.4112024307250977,-1.1174805164337158,-1.4414690732955933,-3.3982486724853516,2.0990819931030273,2.1672613620758057,3.6557562351226807,2.0782175064086914,1.6406105756759644,-0.4839979112148285,-2.2123827934265137,-1.942886471748352,0.8379817008972168,-1.3989225625991821]","[-1.4443691968917847,1.583337664604187,1.6703364849090576,0.6436806321144104,0.9187842607498169,0.5810971260070801,3.8733630180358887,3.3605873584747314,2.6772375106811523,1.3470549583435059,-0.2405230700969696,0.025401968508958817,-0.24963700771331787,0.6578255891799927,-0.6205479502677917,1.5285029411315918,-0.7893902063369751,-0.579467236995697,-2.427370548248291,3.0139400959014893,0.743198037147522,1.0943355560302734,0.946715772151947,1.0203166007995605,-0.5641656517982483,-0.34847697615623474,-1.5292537212371826,1.406145691871643,-1.1753878593444824]","[-1.8941266536712646,0.39163094758987427,-0.6919320821762085,1.5174403190612793,1.05381178855896,-0.20049020648002625,5.06834602355957,-0.6013817191123962,0.3423166275024414,1.229508399963379,0.7241286635398865,-0.038954682648181915,0.4503844976425171,0.9784874320030212,-1.1787458658218384,0.684374988079071,-0.3799166977405548,0.2970641851425171,-2.2648046016693115,2.6513826847076416,6.5095391273498535,-2.123324394226074,1.2614624500274658,1.070448398590088,0.09513773024082184,-1.0757287740707397,-1.760140299797058,0.5867378115653992,-6.708537578582764]",0.0536654032766819,0.023215802386403084,0.026949869468808174,0.10369212180376053,0.08897048234939575,4.448524117469788,0,0,0,0.48369714617729187,0.4989917278289795,0.9921512603759766,0.9202865958213806,0.9429506063461304,0.8350148797035217,-0.22456778585910797,-0.0,-0.0
70,1.4000000000000001,70,"[-0.060723621398210526,-0.201151043176651,-1.371090054512024,1.2514269351959229,-0.0037399197462946177,-0.2711598575115204,0.0038395998999476433,-0.029318857938051224,-0.7128331661224365,1.0390757322311401,-0.01186550222337246,-0.10847796499729156,0.22080370783805847,0.15687736868858337,-0.49646714329719543,-0.2288075089454651,0.4388786852359772,0.4975183308124542,-0.9359637498855591,1.3437035083770752,0.5747146010398865,-0.18847861886024475,0.029074054211378098,0.045266371220350266,-0.31375351548194885,-1.0523391962051392,-0.8442172408103943,-0.11924779415130615,-0.40118202567100525]","[0.11351335793733597,-0.18096227943897247,-1.3119620084762573,1.1827341318130493,0.06957656890153885,-0.09680211544036865,0.2747259736061096,-0.04313313588500023,-0.7526753544807434,0.9755193591117859,-0.042670052498579025,-0.0029863060917705297,0.10839053988456726,0.13428303599357605,-0.3136935830116272,-0.2356562614440918,0.44867923855781555,0.5276910066604614,-0.7541100382804871,1.2398537397384644,0.47594887018203735,0.14533750712871552,-0.05150429531931877,-0.05393708869814873,-0.4190593957901001,-0.8513474464416504,-0.7101284265518188,-0.1085393875837326,-0.4585353434085846]","[-0.442527711391449,1.8489528894424438,5.216100692749023,1.7265737056732178,0.4999425411224365,0.39226338267326355,6.497366905212402,2.5098023414611816,4.161606788635254,-0.1383453607559204,-0.36157721281051636,0.5750051140785217,1.1118955612182617,0.8138951063156128,0.37496984004974365,1.732380747795105,-0.6722792983055115,-1.4396898746490479,-2.058589458465576,1.9668668508529663,0.9285956621170044,3.7464797496795654,1.7137513160705566,1.2783398628234863,0.8385390043258667,-0.9369194507598877,-2.220019817352295,1.1268064975738525,-1.8662840127944946]","[-1.5871094465255737,2.2802484035491943,5.570202827453613,1.3847756385803223,0.7613982558250427,0.2230156660079956,5.567142963409424,2.3547372817993164,3.854271411895752,0.7747057676315308,-0.1838674247264862,-0.18524765968322754,1.1424869298934937,1.067162275314331,-0.14915731549263,0.6165071725845337,-0.7725815773010254,-0.5649240016937256,-1.7320077419281006,2.4701344966888428,0.7342001795768738,0.29342442750930786,1.896826982498169,0.798397958278656,2.4291462898254395,1.5712299346923828,-1.7892624139785767,1.5109561681747437,-2.028923273086548]","[-1.9246184825897217,0.9191285371780396,0.07196993380784988,1.7787470817565918,1.0787253379821777,-0.23224583268165588,5.443024158477783,-0.8626224994659424,0.6399621963500977,1.1995209455490112,0.715998113155365,-0.06837493926286697,0.2862968444824219,1.1487443447113037,-1.1437567472457886,0.7551602721214294,-0.7167689204216003,-0.1472434550523758,-1.8655657768249512,2.642129898071289,6.475925445556641,-1.9599833488464355,1.4585986137390137,1.1575586795806885,0.35874560475349426,-1.3197360038757324,-1.842749834060669,0.5962242484092712,-7.084219932556152]",0.05494590848684311,0.03537612408399582,0.02700195647776127,0.10705891996622086,0.09060890972614288,4.530445486307144,0,0,0,0.4832381308078766,0.4968987703323364,0.9924795627593994,0.9196423888206482,0.9404339790344238,0.9093068838119507,-0.21155385673046112,-0.0,-0.0
71,1.42,71,"[-0.07425948232412338,-0.1438704878091812,-1.197561502456665,1.2854655981063843,0.005063722841441631,-0.2598003149032593,0.16388484835624695,0.003509109141305089,-0.6192076802253723,1.0326967239379883,-0.021300017833709717,-0.09552489966154099,0.2519799470901489,0.17966268956661224,-0.47929346561431885,-0.20173197984695435,0.4266596734523773,0.4705376923084259,-0.9658574461936951,1.3851161003112793,0.5782538056373596,-0.11350353807210922,0.058489520102739334,0.0654059574007988,-0.28394392132759094,-1.0551648139953613,-0.8919945359230042,-0.09483827650547028,-0.4465382695198059]","[0.0805286392569542,-0.12070946395397186,-1.1577785015106201,1.2164101600646973,0.0773460790514946,-0.09837125241756439,0.4023217260837555,-0.017439603805541992,-0.6588139533996582,0.9847928285598755,-0.04862994700670242,-0.007643090095371008,0.15560166537761688,0.16231654584407806,-0.31236520409584045,-0.23201985657215118,0.43296945095062256,0.5105162858963013,-0.77341628074646,1.2938494682312012,0.4866384267807007,0.1459178328514099,-0.01563257724046707,-0.035019129514694214,-0.3809056282043457,-0.8530014753341675,-0.7585970163345337,-0.07403220981359482,-0.4797138571739197]","[-0.9285398721694946,3.553410291671753,9.300013542175293,1.328316330909729,0.44530150294303894,0.5638178586959839,8.682601928710938,0.578307032585144,4.814453601837158,-0.5078047513961792,-0.5464103817939758,0.7118542194366455,1.539077639579773,0.9806525111198425,0.859174907207489,0.6590753793716431,-0.6958358287811279,-1.3106003999710083,-0.8349686861038208,1.835349202156067,-0.3895893692970276,3.7651565074920654,1.4373562335968018,1.1220675706863403,1.7805625200271606,0.232774019241333,-2.5212631225585938,1.2701925039291382,-2.4077796936035156]","[-1.7213029861450195,3.465193033218384,8.785398483276367,1.7874242067337036,0.3236202299594879,-0.15941967070102692,6.845174312591553,0.5522176027297974,5.083812713623047,0.2481023073196411,-0.33077335357666016,-0.2354689985513687,2.8565964698791504,1.5817638635635376,0.10456226021051407,0.13882289826869965,-0.7271609306335449,-0.9148004055023193,-0.6131049394607544,2.6997947692871094,0.5407940149307251,0.00010233141074422747,1.8144830465316772,1.0499883890151978,1.9437494277954102,-0.41399991512298584,-2.495696783065796,1.6222494840621948,-0.9167920351028442]","[-1.8941266536712646,1.3050636053085327,0.41620784997940063,1.9076117277145386,1.0288095474243164,-0.2742449641227722,5.358553409576416,-1.0526769161224365,0.7462190389633179,1.1523690223693848,0.6796004176139832,-0.07778466492891312,0.24271291494369507,1.2768070697784424,-0.7914600968360901,0.7883663773536682,-1.1262177228927612,-0.6708186268806458,-1.2646095752716064,2.657183885574341,6.32849645614624,-1.622431755065918,1.3465430736541748,1.1017427444458008,0.357895165681839,-1.851702094078064,-2.0361475944519043,0.732386589050293,-7.433318614959717]",0.05585252121090889,0.03038650192320347,0.026476366445422173,0.09869436174631119,0.08933417499065399,4.4667087495327,0,0,0,0.48301658034324646,0.4974629282951355,0.9934139251708984,0.9288986921310425,0.9192419052124023,0.8352981805801392,-0.1906239241361618,-0.0,-0.0
72,1.44,72,"[-0.09786521643400192,-0.059014637023210526,-0.9990895390510559,1.304559588432312,0.014072139747440815,-0.24860714375972748,0.3511436879634857,-0.006186576094478369,-0.5202550292015076,1.018763542175293,-0.0337219163775444,-0.08000379800796509,0.2823668122291565,0.19610346853733063,-0.46210014820098877,-0.20244449377059937,0.41104525327682495,0.4450943171977997,-0.9693624973297119,1.4171174764633179,0.5591310262680054,-0.03787235915660858,0.08656830340623856,0.09014907479286194,-0.24253101646900177,-1.0430282354354858,-0.9450677633285522,-0.06844009459018707,-0.4974932074546814]","[0.0470709428191185,-0.03283340856432915,-0.9623255133628845,1.2487668991088867,0.07232731580734253,-0.10068763792514801,0.5491017699241638,-0.029085401445627213,-0.5385206937789917,0.9822704195976257,-0.05925056338310242,-0.009724984876811504,0.23049920797348022,0.19699573516845703,-0.30428430438041687,-0.24367503821849823,0.41205906867980957,0.48579707741737366,-0.7705820798873901,1.3448529243469238,0.4947620630264282,0.15201497077941895,0.03144877403974533,-0.014131898060441017,-0.31061553955078125,-0.8390436768531799,-0.8184826970100403,-0.04340200871229172,-0.517172634601593]","[-1.3689143657684326,4.42041540145874,9.809133529663086,0.42414069175720215,0.3849099278450012,0.6610259413719177,9.008825302124023,-1.488692045211792,5.398283958435059,-0.7852554321289062,-0.6441656351089478,0.869140625,1.7291069030761719,0.47394299507141113,0.7981255650520325,-0.49816444516181946,-1.1070005893707275,-1.0286450386047363,0.4295080900192261,1.363930106163025,-1.8090784549713135,3.4864230155944824,1.4205442667007446,1.3013653755187988,2.3163397312164307,0.9253770112991333,-2.6990294456481934,1.2155122756958008,-2.6922404766082764]","[-1.724709153175354,4.911602973937988,10.145959854125977,1.606850504875183,-0.33089491724967957,-0.11466816812753677,7.599977970123291,-1.256939172744751,6.385533809661865,-0.3723929822444916,-0.5734822750091553,-0.08136244863271713,3.9936771392822266,1.8548868894577026,0.48436859250068665,-0.834921658039093,-1.1048743724822998,-1.31450617313385,0.41931864619255066,2.3178610801696777,0.44276395440101624,0.49491560459136963,2.291293144226074,1.198504090309143,3.5845253467559814,0.731301486492157,-2.9748740196228027,1.1888633966445923,-2.346954345703125]","[-1.7531532049179077,1.4365075826644897,0.1912720799446106,1.8205881118774414,0.9018929600715637,-0.2514965832233429,4.815249919891357,-1.089940071105957,0.7501204013824463,1.0743751525878906,0.6250500082969666,-0.05601174384355545,0.2934327721595764,1.1594493389129639,-0.12919190526008606,0.741085946559906,-1.641169548034668,-1.0408960580825806,-0.6830700039863586,2.6015288829803467,6.178783893585205,-1.3791322708129883,1.3049697875976562,1.0485471487045288,0.5207055807113647,-1.8417567014694214,-2.204719066619873,0.9810922145843506,-7.750077247619629]",0.056064799427986145,0.0138733284547925,0.0244799442589283,0.08735396713018417,0.08571480959653854,4.285740479826927,0,0,0,0.4833560585975647,0.4992610216140747,0.9943757057189941,0.9350897073745728,0.9034377336502075,0.6624242067337036,-0.19220387935638428,-0.0,-0.0
73,1.46,73,"[-0.12901605665683746,0.03294612094759941,-0.8051961660385132,1.3024312257766724,0.02046011947095394,-0.23335927724838257,0.524237871170044,-0.05603857338428497,-0.40327632427215576,1.001286506652832,-0.047066643834114075,-0.060759276151657104,0.3211442232131958,0.19862040877342224,-0.44736844301223755,-0.22165855765342712,0.3823796510696411,0.42939189076423645,-0.948677122592926,1.4396733045578003,0.5058906674385071,0.025953376665711403,0.11531128734350204,0.11746057122945786,-0.19129033386707306,-1.018149733543396,-0.9999557137489319,-0.04621778801083565,-0.554227888584137]","[0.007934443652629852,0.07541995495557785,-0.7686995267868042,1.2771484851837158,0.05181466042995453,-0.09836376458406448,0.7004318237304688,-0.07330413907766342,-0.4050007164478302,0.9705461263656616,-0.07130519300699234,-0.00890710111707449,0.3114412724971771,0.2331932634115219,-0.29408836364746094,-0.27386200428009033,0.38712719082832336,0.458503395318985,-0.75062495470047,1.3802812099456787,0.5015564560890198,0.17293252050876617,0.06974461674690247,0.009226562455296516,-0.2462933361530304,-0.8468393683433533,-0.88613361120224,-0.018685761839151382,-0.5835769772529602]","[-2.1755712032318115,4.606582164764404,9.10349178314209,-0.4620850086212158,0.26464971899986267,0.8690741062164307,8.220985412597656,-3.038844585418701,5.4435038566589355,-0.9218037128448486,-0.7144649624824524,0.9765907526016235,1.911110520362854,-0.033301860094070435,0.8573248982429504,-1.305564522743225,-2.13285756111145,-0.7214918732643127,1.5119210481643677,1.0171443223953247,-3.128200054168701,3.847968578338623,1.6886813640594482,1.1813617944717407,2.514101982116699,1.3120591640472412,-3.0342698097229004,0.9771861433982849,-3.1329245567321777]","[-2.231193780899048,5.5636372566223145,9.172266006469727,1.3791674375534058,-1.0856319665908813,0.15058575570583344,7.527602195739746,-2.664257526397705,6.678991794586182,-0.7455750107765198,-0.5849299430847168,0.05645790323615074,3.8454976081848145,1.7150393724441528,0.4820833206176758,-1.84999418258667,-1.2672346830368042,-1.406555414199829,1.2137507200241089,1.4556286334991455,0.39656367897987366,1.2690842151641846,1.7358083724975586,1.1752773523330688,3.477297782897949,-0.3581639528274536,-3.215564489364624,1.0664767026901245,-4.212128162384033]","[-1.5150783061981201,1.3179035186767578,-0.2207483947277069,1.6758863925933838,0.7220450043678284,-0.19614902138710022,3.903803825378418,-0.9967465400695801,0.5001717209815979,1.0193487405776978,0.5964862108230591,-0.025829503312706947,0.4214786887168884,0.9411970973014832,0.6913512349128723,0.7993501424789429,-2.050624132156372,-1.3039454221725464,-0.1142767071723938,2.487093687057495,6.0049943923950195,-1.26566481590271,1.0877180099487305,0.8452760577201843,0.563044548034668,-2.0100111961364746,-2.3654239177703857,1.3220794200897217,-8.05587100982666]",0.05613641068339348,0.013195699080824852,0.022228140383958817,0.0837700292468071,0.08700002729892731,4.350001364946365,0,0,0,0.4837665259838104,0.49931472539901733,0.9945394396781921,0.9370952844619751,0.9319583773612976,0.7948264479637146,-0.2914993166923523,-0.0,-0.0
74,1.48,74,"[-0.1848880648612976,0.12524865567684174,-0.6349498629570007,1.2860761880874634,0.02465812861919403,-0.2138441801071167,0.6799830794334412,-0.12774035334587097,-0.3025148808956146,0.981891393661499,-0.06230051442980766,-0.040940169245004654,0.35881122946739197,0.1947713941335678,-0.42780715227127075,-0.2546670734882355,0.32573094964027405,0.4162346422672272,-0.908885657787323,1.4578032493591309,0.4340030252933502,0.11604637652635574,0.15411555767059326,0.13740354776382446,-0.14196693897247314,-0.9905458688735962,-1.0664385557174683,-0.029352648183703423,-0.6228101849555969]","[-0.06853370368480682,0.1779792308807373,-0.6151191592216492,1.2966585159301758,0.02231745235621929,-0.08962798863649368,0.8401424288749695,-0.13713687658309937,-0.2964456081390381,0.9573091864585876,-0.08490235358476639,-0.004326696041971445,0.36888062953948975,0.2502138614654541,-0.2830008864402771,-0.3256400227546692,0.3587116599082947,0.4300172030925751,-0.7185280919075012,1.4048207998275757,0.5079188942909241,0.2025267332792282,0.09713785350322723,0.03324510157108307,-0.1744997650384903,-0.8518280982971191,-0.9588479995727539,0.008489541709423065,-0.6568567156791687]","[-3.7470717430114746,4.086259841918945,7.006856918334961,-1.1768192052841187,0.2875102162361145,1.1377450227737427,7.06619930267334,-3.5747227668762207,4.224145412445068,-0.8166089653968811,-0.738960325717926,1.1187777519226074,1.7719403505325317,-0.2599198520183563,1.0984830856323242,-1.7442026138305664,-3.1531155109405518,-1.1129461526870728,2.3052306175231934,0.8833199739456177,-2.9869437217712402,4.960987091064453,2.0521605014801025,0.4492698311805725,2.2717602252960205,1.2413471937179565,-3.668846368789673,0.6232935786247253,-3.0502185821533203]","[-4.93088436126709,4.915816307067871,7.220901966094971,0.7805860042572021,-1.4363032579421997,0.48944714665412903,6.860903739929199,-3.323263168334961,4.8165283203125,-0.655048131942749,-0.6434592008590698,0.2522302567958832,2.270690679550171,0.3092091977596283,0.837177038192749,-2.9882993698120117,-1.5521974563598633,-1.4693228006362915,1.7531565427780151,1.0629353523254395,0.33415165543556213,1.5322457551956177,1.3580400943756104,1.1550003290176392,3.885678768157959,0.29997149109840393,-3.345025062561035,1.46278715133667,-1.0139390230178833]","[-1.354022741317749,1.2683203220367432,-0.5473266839981079,1.5090410709381104,0.5769719481468201,-0.13552013039588928,2.9510765075683594,-0.9443299770355225,0.06611226499080658,0.9794789552688599,0.5407818555831909,0.021190812811255455,0.500204861164093,0.6422491073608398,1.5668766498565674,0.7637966275215149,-2.328078031539917,-1.4896643161773682,0.28433021903038025,2.4480137825012207,5.860062122344971,-1.2767319679260254,0.8373238444328308,0.6781616806983948,0.6463480591773987,-1.9723247289657593,-2.5514094829559326,1.7069625854492188,-8.2173433303833]",0.05724282190203667,0.02352180890738964,0.022769870236516,0.08513841032981873,0.08572313189506531,4.286156594753265,0,0,0,0.48345211148262024,0.49823564291000366,0.9943227171897888,0.939207911491394,0.9335513114929199,0.7131403088569641,-0.2757532596588135,-0.0,-0.0
75,1.5,75,"[-0.2788989245891571,0.19639651477336884,-0.5249218940734863,1.2553584575653076,0.03196052834391594,-0.1878494769334793,0.806885838508606,-0.19902747869491577,-0.23431050777435303,0.9686221480369568,-0.07662505656480789,-0.0160081684589386,0.3920218348503113,0.18822361528873444,-0.4034291207790375,-0.2914266586303711,0.25625503063201904,0.38487404584884644,-0.8564679026603699,1.475006103515625,0.38641291856765747,0.2243928611278534,0.19739770889282227,0.13543136417865753,-0.10041992366313934,-0.9684958457946777,-1.1467095613479614,-0.021286044269800186,-0.676236629486084]","[-0.2024424523115158,0.2657163739204407,-0.5009604692459106,1.3046138286590576,-0.007462275214493275,-0.0754905566573143,0.9577957987785339,-0.20657885074615479,-0.23840650916099548,0.9547122716903687,-0.10023742914199829,-0.0027111300732940435,0.4064335823059082,0.24477721750736237,-0.2696564793586731,-0.3919818103313446,0.3221154808998108,0.3869069814682007,-0.666144609451294,1.4148138761520386,0.5136005282402039,0.22793473303318024,0.1020093709230423,0.05109936743974686,-0.12205430120229721,-0.8526600003242493,-1.0263428688049316,0.04205766320228577,-0.7273750901222229]","[-5.226213455200195,3.2808361053466797,4.332930564880371,-1.7624527215957642,-0.1682623326778412,1.3682202100753784,5.223329544067383,-3.624157667160034,2.697943925857544,0.3635615110397339,-0.7211857438087463,0.9334295392036438,1.8860355615615845,-0.21076500415802002,1.07267427444458,-1.8673375844955444,-3.306190013885498,-1.211729645729065,2.4023756980895996,-0.16654729843139648,-2.174304485321045,4.790282249450684,1.5546430349349976,-0.6623733639717102,1.8869671821594238,-0.031103193759918213,-3.0882925987243652,0.9297758340835571,-2.6627988815307617]","[-7.366129398345947,4.019112586975098,4.822523593902588,0.11979610472917557,-1.4208831787109375,0.6844572424888611,5.486989974975586,-3.335444211959839,2.178607702255249,0.10525244474411011,-0.712670087814331,0.04991774260997772,1.5970618724822998,-0.3370479643344879,0.8499847054481506,-2.955383777618408,-2.1287553310394287,-3.4922170639038086,4.063100814819336,-0.7842438817024231,0.23323377966880798,-0.05740441381931305,-0.4518899917602539,0.7222095131874084,1.9164822101593018,-0.25786858797073364,-3.107450246810913,1.8400136232376099,-4.180329322814941]","[-1.0697510242462158,1.393893837928772,-0.7505805492401123,1.5057373046875,0.5288835167884827,-0.06542084366083145,1.98502779006958,-0.9345786571502686,-0.5765101909637451,0.9560465812683105,0.4666852355003357,0.017951657995581627,0.7518075704574585,0.44997504353523254,1.9206663370132446,0.4881080985069275,-2.213669776916504,-1.5993245840072632,0.4486125111579895,2.434292793273926,5.651602268218994,-1.118394136428833,0.07945817708969116,0.42876186966896057,0.5466142892837524,-1.918230652809143,-2.6245133876800537,2.181370496749878,-8.396828651428223]",0.059657078236341476,0.019167155027389526,0.022643273696303368,0.0878114253282547,0.08546866476535797,4.273433238267899,0,0,0,0.48198187351226807,0.49854010343551636,0.9944220185279846,0.9401051998138428,0.9214854836463928,0.720078706741333,-0.2831805348396301,-0.0,-0.0
76,1.52,76,"[-0.3939366042613983,0.2564820945262909,-0.461632639169693,1.2155780792236328,0.017927635461091995,-0.15911537408828735,0.8889162540435791,-0.27270665764808655,-0.19459712505340576,0.9964338541030884,-0.09114794433116913,-0.0036029883194714785,0.43425264954566956,0.186340793967247,-0.38490018248558044,-0.32936057448387146,0.1934833526611328,0.3677654564380646,-0.8127906322479248,1.451141357421875,0.3470308482646942,0.3076576590538025,0.21630127727985382,0.1109086126089096,-0.06648825109004974,-0.9917899966239929,-1.1899702548980713,0.007838383316993713,-0.7293221354484558]","[-0.33035942912101746,0.3346545994281769,-0.4478035867214203,1.2903287410736084,-0.04002891480922699,-0.05660052224993706,1.0274487733840942,-0.28120946884155273,-0.22180266678333282,0.9663779735565186,-0.11089944839477539,-0.005998777225613594,0.451089084148407,0.24361659586429596,-0.28158023953437805,-0.45761018991470337,0.27830979228019714,0.3498539924621582,-0.6194190382957458,1.4218820333480835,0.5156072378158569,0.25995275378227234,0.07065707445144653,0.05079757794737816,-0.10232248902320862,-0.8444889783859253,-1.0750837326049805,0.08329319953918457,-0.8217407464981079]","[-5.831743240356445,3.8505566120147705,2.1570608615875244,-1.1663973331451416,-1.1745706796646118,1.489885926246643,3.0010180473327637,-3.513603687286377,0.8775100111961365,2.191983222961426,-0.7480932474136353,0.3756009042263031,2.531752824783325,0.8619778156280518,0.5787395238876343,-1.5930019617080688,-2.606555938720703,-0.9488284587860107,2.6151821613311768,-2.4759562015533447,-1.0904841423034668,4.883576393127441,0.4997510612010956,-1.8613884449005127,3.6348137855529785,-0.18451064825057983,-2.798020839691162,2.849778175354004,-6.4075517654418945]","[-6.514795780181885,3.320844888687134,1.7750107049942017,-0.7047193050384521,-1.4268653392791748,0.9544512629508972,2.688213348388672,-3.6615209579467773,0.1245156079530716,0.7200605273246765,-0.45059260725975037,-0.1692071110010147,2.249809741973877,0.11786215752363205,-0.9155277609825134,-3.2415013313293457,-2.1931169033050537,-1.3684338331222534,1.7380751371383667,0.40374457836151123,0.14381761848926544,2.0504024028778076,-1.7807894945144653,-0.2898096740245819,0.24097517132759094,0.10069920122623444,-2.3368213176727295,2.154085874557495,-3.5598442554473877]","[-0.3196413516998291,1.6552810668945312,-0.8546416759490967,1.7602050304412842,0.5670192837715149,0.014612309634685516,0.8721669912338257,-0.9850060343742371,-1.1863354444503784,0.8427015542984009,0.44608068466186523,0.0021803583949804306,0.8916348218917847,0.17435932159423828,1.5880379676818848,-0.38707780838012695,-1.8663064241409302,-1.4921053647994995,0.2525786757469177,2.3694567680358887,5.372742176055908,-1.0153746604919434,-0.9740888476371765,0.20214827358722687,0.4726065993309021,-1.5348869562149048,-2.570676803588867,2.6266114711761475,-8.566487312316895]",0.0612366609275341,0.01329350657761097,0.021962009370326996,0.09385128319263458,0.07977493852376938,3.988746926188469,0,0,0,0.48056527972221375,0.49774375557899475,0.9941759705543518,0.9288436770439148,0.8829108476638794,0.7164852023124695,-0.5119779706001282,-0.0,-0.0
77,1.54,77,"[-0.5121686458587646,0.3504187762737274,-0.43863946199417114,1.208702564239502,-0.015022295527160168,-0.12825404107570648,0.9269265532493591,-0.33957162499427795,-0.19921010732650757,1.056301474571228,-0.10654878616333008,-0.00098413263913244,0.4932919442653656,0.2227027267217636,-0.380279541015625,-0.35514673590660095,0.1519927978515625,0.346920907497406,-0.7518606185913086,1.3759678602218628,0.3427935540676117,0.4197359085083008,0.21738775074481964,0.060975827276706696,0.044972632080316544,-0.9758762717247009,-1.258630394935608,0.09270507842302322,-0.9325386881828308]","[-0.4529508054256439,0.40565717220306396,-0.4284219443798065,1.2782480716705322,-0.06311914324760437,-0.036558713763952255,1.0578793287277222,-0.3645452857017517,-0.24506567418575287,0.9941294193267822,-0.11733236908912659,-0.008832642808556557,0.5016292929649353,0.2528633177280426,-0.30273446440696716,-0.5259233117103577,0.23126640915870667,0.3349495828151703,-0.5799494981765747,1.4101377725601196,0.5164450407028198,0.32238659262657166,0.038082607090473175,0.03648216649889946,-0.11608710885047913,-0.853319525718689,-1.1151323318481445,0.12689195573329926,-0.8536122441291809]","[-5.07871150970459,4.298642158508301,0.6560422778129578,-0.4218548536300659,-1.4179095029830933,1.4587839841842651,1.1837199926376343,-4.069435119628906,-1.0983515977859497,2.7007639408111572,-0.5350001454353333,0.23652471601963043,2.9097445011138916,1.269971251487732,-0.0794827938079834,-2.301994800567627,-2.0275802612304688,-1.646567940711975,3.8598060607910156,-3.6314785480499268,0.014799833297729492,5.253835201263428,-1.358567237854004,-2.189028024673462,3.1592836380004883,1.9778192043304443,-1.4161258935928345,4.41909646987915,-6.833027362823486]","[-5.754286766052246,3.51890230178833,0.38666385412216187,-0.5729865431785583,-1.0127151012420654,0.9375308752059937,1.0374407768249512,-4.162821292877197,-1.5982329845428467,1.5565451383590698,-0.2481318861246109,-0.10133125633001328,2.492063045501709,0.6624743938446045,-0.9638681411743164,-3.392897367477417,-2.3064327239990234,-0.5787015557289124,2.0524020195007324,-0.9201600551605225,0.025828685611486435,3.252406358718872,-1.6313629150390625,-0.9254329204559326,-0.9541237354278564,-0.46261924505233765,-1.751878023147583,2.1652517318725586,-1.1490970849990845]","[0.2524339556694031,1.9187994003295898,-0.9134421944618225,1.8336715698242188,0.5810981392860413,0.05548744648694992,0.18642017245292664,-1.092455506324768,-1.6264948844909668,0.9242045879364014,0.4482946991920471,0.012668600305914879,0.9499780535697937,-0.18999361991882324,1.396501898765564,-1.199905514717102,-1.9017362594604492,-1.4337862730026245,0.7736882567405701,2.115206003189087,5.280977725982666,-0.9301359057426453,-2.2231698036193848,-0.11979253590106964,0.33166173100471497,-1.0274814367294312,-2.5595972537994385,2.9634125232696533,-8.569531440734863]",0.0638146623969078,0.02458975836634636,0.023887593299150467,0.09911952167749405,0.07937850058078766,3.968925029039383,0,0,0,0.4785296618938446,0.4949813187122345,0.9930493235588074,0.9174543619155884,0.8963906168937683,0.6219741106033325,-0.43345433473587036,-0.0,-0.0
78,1.56,78,"[-0.5970850586891174,0.4284277856349945,-0.4353909492492676,1.1987038850784302,-0.03878874331712723,-0.10076401382684708,0.9362650513648987,-0.43548405170440674,-0.2385311871767044,1.1044644117355347,-0.11254794895648956,0.00585799990221858,0.5506424307823181,0.23713964223861694,-0.3880794942378998,-0.42144036293029785,0.11238013952970505,0.30190274119377136,-0.6583983898162842,1.305882215499878,0.3476228415966034,0.5178110599517822,0.16195859014987946,0.023347489535808563,0.05988308787345886,-0.9126772284507751,-1.2466152906417847,0.18460223078727722,-1.0026432275772095]","[-0.5454787015914917,0.47271108627319336,-0.4349296987056732,1.2594627141952515,-0.07944128662347794,-0.021659571677446365,1.0645167827606201,-0.44538912177085876,-0.2818792760372162,1.0255563259124756,-0.12182216346263885,-0.008710251189768314,0.5506039261817932,0.2650982439517975,-0.32237303256988525,-0.5962870717048645,0.18184611201286316,0.33099865913391113,-0.5311478972434998,1.3681857585906982,0.509019672870636,0.39688190817832947,0.004411665722727776,0.011196148581802845,-0.14090311527252197,-0.8482136130332947,-1.1393927335739136,0.16854290664196014,-0.8775213956832886]","[-3.132720470428467,3.803239107131958,-0.1306571066379547,-0.5130976438522339,-1.0293643474578857,1.223808765411377,0.05961507558822632,-4.534215450286865,-1.7143338918685913,2.039259672164917,-0.24188421666622162,0.26446112990379333,1.9553133249282837,0.7846136093139648,-0.34782588481903076,-3.244137763977051,-1.8239655494689941,-1.8852778673171997,4.373636722564697,-3.1645655632019043,1.7462530136108398,4.411673545837402,-3.3606791496276855,-2.1233291625976562,-0.22690269351005554,4.0189385414123535,2.2152066230773926,3.758364200592041,-4.6754584312438965]","[-3.9599900245666504,3.156348705291748,-0.7518433928489685,-1.058416485786438,-0.7365752458572388,0.6563114523887634,-0.03000996820628643,-3.8045499324798584,-1.851125955581665,1.4908596277236938,-0.2065870463848114,0.039256732910871506,2.285645008087158,0.5724244117736816,-0.9353074431419373,-3.475043773651123,-2.4031271934509277,-0.1631399244070053,2.6223514080047607,-2.315143346786499,-0.5439718961715698,3.591918706893921,-1.7088642120361328,-1.377305269241333,-1.2743685245513916,0.7120606899261475,-0.9756735563278198,2.088158130645752,-1.2343517541885376]","[0.5230405330657959,2.0085644721984863,-0.9387598633766174,1.7199881076812744,0.586487889289856,0.0496097132563591,-0.04506787657737732,-1.1321563720703125,-1.7387994527816772,0.9005011320114136,0.43668943643569946,0.027250489220023155,0.9698857665061951,-0.522022545337677,1.084573745727539,-2.0315144062042236,-2.01107120513916,-1.3606547117233276,1.1019734144210815,1.8149205446243286,5.185609340667725,-0.9667127728462219,-3.21258544921875,-0.5925238132476807,0.020640630275011063,-0.2862670421600342,-2.5692508220672607,3.4038705825805664,-8.426411628723145]",0.06599612534046173,0.026541048660874367,0.023304199799895287,0.09520264714956284,0.0840882807970047,4.204414039850235,0,0,0,0.47667860984802246,0.4955064654350281,0.9936078190803528,0.9207808375358582,0.9170164465904236,0.736016035079956,-0.335191935300827,-0.0,-0.0
79,1.58,79,"[-0.637477457523346,0.502548336982727,-0.44386574625968933,1.1881786584854126,-0.05619686841964722,-0.07930169254541397,0.9293111562728882,-0.5209402441978455,-0.2677834630012512,1.1378718614578247,-0.11622415482997894,0.009594312869012356,0.5715044736862183,0.25408726930618286,-0.39419257640838623,-0.484912246465683,0.07903417944908142,0.2715097963809967,-0.5769151449203491,1.2493852376937866,0.4126436710357666,0.5962028503417969,0.0829605832695961,-0.02395734004676342,0.03589652478694916,-0.8151187300682068,-1.1700221300125122,0.24303963780403137,-1.1195570230484009]","[-0.6003258228302002,0.5314978957176208,-0.4515933394432068,1.2355040311813354,-0.093167744576931,-0.008765611797571182,1.0560206174850464,-0.5102199912071228,-0.31136468052864075,1.0513793230056763,-0.1274038404226303,-0.0086872773244977,0.5886558890342712,0.2708711326122284,-0.3379920721054077,-0.6687556505203247,0.13131548464298248,0.3340087831020355,-0.470087468624115,1.2974627017974854,0.4963827431201935,0.4392344355583191,-0.02924896590411663,-0.026659224182367325,-0.16127967834472656,-0.8138864636421204,-1.1665910482406616,0.2136906385421753,-0.8736000657081604]","[-0.8194625377655029,3.490466594696045,-0.0565066933631897,-1.0167479515075684,-0.7454134821891785,0.9029831886291504,-0.25472939014434814,-3.5228939056396484,-1.099960207939148,1.4826059341430664,-0.15920959413051605,0.11231598258018494,0.7031574845314026,0.2684597074985504,-0.048898160457611084,-3.6936254501342773,-2.0598177909851074,-1.085612177848816,4.427219390869141,-3.6196560859680176,2.8190181255340576,2.8562681674957275,-4.220548629760742,-2.771688938140869,0.7306365370750427,5.235439777374268,1.1033087968826294,6.948115825653076,-3.0477614402770996]","[-2.0791304111480713,2.7240378856658936,-0.8882977962493896,-1.1938616037368774,-0.637543261051178,0.5924928784370422,-0.6859071254730225,-2.884056806564331,-1.2834866046905518,1.1422958374023438,-0.2865366041660309,-0.003436014987528324,1.5658810138702393,0.07535935938358307,-0.6940850615501404,-3.5650007724761963,-2.408714532852173,0.08840557932853699,3.2458713054656982,-3.2734310626983643,-0.9427266716957092,2.8912887573242188,-1.5970979928970337,-2.1099791526794434,-0.9105395078659058,2.266732692718506,-1.510914921760559,2.2324163913726807,1.0427712202072144]","[0.5412833094596863,2.081522226333618,-0.8269621133804321,1.6650480031967163,0.5737074017524719,0.06484311074018478,0.08160755038261414,-1.1470706462860107,-1.651869535446167,0.9257246255874634,0.4244838356971741,0.01395123265683651,0.9067078828811646,-0.7168797850608826,0.826295018196106,-2.582662343978882,-2.1065962314605713,-1.2683295011520386,1.2802071571350098,1.5007036924362183,5.15338659286499,-0.9486475586891174,-3.7657196521759033,-1.1725209951400757,-0.23809681832790375,0.13830429315567017,-2.7709693908691406,3.9185431003570557,-8.266802787780762]",0.0673949122428894,0.00916275754570961,0.02099781483411789,0.08604131639003754,0.08461811393499374,4.230905696749687,0,0,0,0.4753876030445099,0.49987924098968506,0.9948890805244446,0.937899649143219,0.919399619102478,0.586342453956604,-0.18289153277873993,-0.0,-0.0
80,1.6,80,"[-0.6298635601997375,0.5680464506149292,-0.43765121698379517,1.1580339670181274,-0.06860528141260147,-0.06464468687772751,0.9260758757591248,-0.5763998031616211,-0.2825295925140381,1.1637686491012573,-0.1189163327217102,0.010350639000535011,0.5787687301635742,0.2478780299425125,-0.3900354206562042,-0.5691853761672974,0.029987433925271034,0.2584782540798187,-0.4813096225261688,1.1610959768295288,0.4603835642337799,0.632061779499054,-0.006863362621515989,-0.0875200629234314,0.08910854905843735,-0.7032596468925476,-1.2024829387664795,0.4625268578529358,-1.1245536804199219]","[-0.6289957761764526,0.5827995538711548,-0.46168506145477295,1.2110546827316284,-0.10972507297992706,0.0018722473178058863,1.0419578552246094,-0.5515795946121216,-0.3327479064464569,1.070900797843933,-0.1366133689880371,-0.009616142138838768,0.6176918745040894,0.26156294345855713,-0.3484589457511902,-0.747989296913147,0.08783002197742462,0.32803860306739807,-0.38508498668670654,1.2132114171981812,0.47868862748146057,0.49775049090385437,-0.05611968785524368,-0.07150629162788391,-0.1790265589952469,-0.7583669424057007,-1.2033981084823608,0.27307403087615967,-0.9125446677207947]","[0.2756550908088684,2.971938371658325,0.6110712885856628,-1.4161288738250732,-0.7050881385803223,0.6552614569664001,-0.457550585269928,-2.0680949687957764,-0.4944749176502228,1.1394858360290527,-0.1016814261674881,0.04227154701948166,1.1016011238098145,-0.7696517109870911,0.1992061734199524,-4.561112403869629,-1.9386582374572754,-1.2921273708343506,5.353351593017578,-4.282978057861328,1.10783052444458,1.5128105878829956,-3.5986125469207764,-2.952951192855835,1.6367510557174683,5.275440216064453,-1.9869834184646606,9.570398330688477,-1.0446488857269287]","[-1.0679131746292114,2.382009506225586,-0.3088013827800751,-1.178126573562622,-0.8192523121833801,0.4710531532764435,-0.7535032033920288,-1.6445808410644531,-0.9946202635765076,0.875251293182373,-0.46893903613090515,-0.049826107919216156,1.288435935974121,-0.7869191765785217,-0.4174893796443939,-4.095038890838623,-2.0134482383728027,-0.6248759627342224,4.758035182952881,-4.30492639541626,-0.8266187906265259,2.604837417602539,-1.2083549499511719,-2.2136621475219727,-0.9282640814781189,3.220669746398926,-1.8220906257629395,3.165344476699829,-3.5470683574676514]","[0.15545080602169037,2.111220598220825,-0.6741636395454407,1.5238041877746582,0.4923446476459503,0.0657629445195198,0.5506449341773987,-1.0760939121246338,-1.5624351501464844,1.0235610008239746,0.40510666370391846,0.001085987314581871,1.2290228605270386,-0.7928627133369446,0.7306461334228516,-3.0563249588012695,-1.8859421014785767,-1.2621746063232422,1.3773438930511475,1.2245280742645264,5.138400077819824,-0.8486513495445251,-4.1321120262146,-1.6768566370010376,-0.46548280119895935,0.37010902166366577,-3.0162417888641357,4.423179626464844,-8.126168251037598]",0.06883399933576584,0.03921502083539963,0.021099291741847992,0.08043345808982849,0.0870189443230629,4.350947216153145,0,0,0,0.47418931126594543,0.4965152144432068,0.9948487281799316,0.9406313300132751,0.9312881231307983,0.689400851726532,-0.1759265959262848,-0.0,-0.0
81,1.62,81,"[-0.6264512538909912,0.6214258670806885,-0.4194228947162628,1.1315335035324097,-0.08440039306879044,-0.05309123545885086,0.9110091328620911,-0.6036640405654907,-0.28756245970726013,1.1834512948989868,-0.12029141187667847,0.011285174638032913,0.6155685186386108,0.22330120205879211,-0.38622432947158813,-0.6673567295074463,0.0014878513757139444,0.21982470154762268,-0.3627810776233673,1.078066110610962,0.4569568932056427,0.6567152738571167,-0.06098391115665436,-0.14207538962364197,0.1013665646314621,-0.6041011214256287,-1.2495014667510986,0.625855565071106,-1.161342978477478]","[-0.646119236946106,0.6281223297119141,-0.45769837498664856,1.187809705734253,-0.12983110547065735,0.005904646124690771,1.0260159969329834,-0.575387716293335,-0.35052260756492615,1.0916692018508911,-0.1458427757024765,-0.01391620934009552,0.6480252742767334,0.23311381042003632,-0.35488617420196533,-0.8362759947776794,0.06048979610204697,0.2965377867221832,-0.26397931575775146,1.1191960573196411,0.46263250708580017,0.5805685520172119,-0.06949785351753235,-0.12307257950305939,-0.20399518311023712,-0.686741054058075,-1.2435524463653564,0.3346092402935028,-0.9611198902130127]","[-0.032320618629455566,2.5230705738067627,1.1053547859191895,-1.1808216571807861,-0.7932789921760559,0.49907901883125305,-0.7986366748809814,-1.1975631713867188,-0.1775115728378296,0.9684324264526367,-0.07713660597801208,0.0019115395843982697,2.3365468978881836,-1.4866639375686646,0.2992652356624603,-5.7401509284973145,-0.8699130415916443,-2.2284820079803467,6.570913791656494,-4.690609931945801,-0.1824691891670227,2.134002685546875,-2.1506450176239014,-2.925750732421875,-0.3835860788822174,4.529799461364746,-1.9521206617355347,6.550230026245117,-0.7514744997024536]","[-0.7064371109008789,2.10205340385437,0.4048677384853363,-1.1005876064300537,-0.9795883893966675,0.12508270144462585,-0.777676522731781,-0.9062902331352234,-0.8596398234367371,1.05215585231781,-0.40704429149627686,-0.22912605106830597,1.542243242263794,-1.7213643789291382,-0.21064043045043945,-4.662729263305664,-1.0464714765548706,-1.9299489259719849,6.859751224517822,-5.50246000289917,-0.3380947411060333,1.5709857940673828,-0.41301172971725464,-2.7231671810150146,-1.3803632259368896,3.799560785293579,-2.024214744567871,3.0748047828674316,-1.929463505744934]","[-0.27601784467697144,2.1186656951904297,-0.6192090511322021,1.3781862258911133,0.4053342938423157,0.02954908460378647,1.1010785102844238,-1.1788218021392822,-1.3848607540130615,1.1947215795516968,0.41681480407714844,-0.038487114012241364,1.6376228332519531,-0.7285418510437012,0.48793545365333557,-3.3146743774414062,-1.4762717485427856,-1.2761329412460327,1.2766424417495728,1.0342402458190918,5.11182165145874,-0.7403267025947571,-4.187911033630371,-2.0733423233032227,-0.7178102731704712,0.47477400302886963,-3.124121904373169,4.746827602386475,-8.005762100219727]",0.07041515409946442,0.0439254492521286,0.021458091214299202,0.08590348809957504,0.09043189883232117,4.521594941616058,0,0,0,0.47291576862335205,0.495370090007782,0.9943574666976929,0.9310576915740967,0.951706051826477,0.8246648907661438,-0.14847710728645325,-0.0,-0.0
82,1.6400000000000001,82,"[-0.6311563849449158,0.6689692735671997,-0.3934370279312134,1.110801100730896,-0.10033643990755081,-0.044681526720523834,0.8941304087638855,-0.624302327632904,-0.28963005542755127,1.2025059461593628,-0.12200179696083069,0.010427100583910942,0.67223060131073,0.18841147422790527,-0.3780648112297058,-0.7987914085388184,-0.00480908527970314,0.16933897137641907,-0.21847307682037354,0.9734715819358826,0.453084796667099,0.7174218893051147,-0.09288915991783142,-0.20455008745193481,0.0737651064991951,-0.522067666053772,-1.2805677652359009,0.7245360612869263,-1.15461266040802]","[-0.6591587662696838,0.6705509424209595,-0.4404839873313904,1.1695175170898438,-0.1504589021205902,0.001883567776530981,1.0112583637237549,-0.593073844909668,-0.3682268261909485,1.1160706281661987,-0.15312089025974274,-0.020550251007080078,0.682240903377533,0.19374413788318634,-0.352281391620636,-0.9330595135688782,0.04503021761775017,0.2267536222934723,-0.11620812118053436,0.9948208928108215,0.4544711709022522,0.6986728310585022,-0.0741419866681099,-0.17772176861763,-0.23862023651599884,-0.607537031173706,-1.271440029144287,0.3914903402328491,-0.9986713528633118]","[-0.31537115573883057,2.3516132831573486,1.406036376953125,-0.8031755685806274,-0.8941093683242798,0.42095232009887695,-0.834415853023529,-1.1018530130386353,-0.0636272132396698,1.0470420122146606,-0.1745268702507019,-0.03505493700504303,2.8992788791656494,-1.6133956909179688,0.5549453496932983,-6.800252437591553,0.036362700164318085,-2.1517348289489746,7.37739372253418,-5.452101230621338,-0.8648298978805542,1.746848225593567,-1.6422615051269531,-2.8609619140625,-1.945936679840088,4.07253885269165,-0.7580399513244629,3.988529920578003,-0.36787688732147217]","[-0.6351566314697266,2.021594762802124,0.9869426488876343,-0.7934833765029907,-0.9623491168022156,-0.2562043368816376,-0.7002139091491699,-0.7777056694030762,-0.8854174017906189,1.2172108888626099,-0.3059483468532562,-0.32208988070487976,1.6371763944625854,-2.0356101989746094,0.3544839024543762,-5.126839637756348,-0.7013801336288452,-4.130620002746582,8.029586791992188,-6.6455254554748535,-0.2682502567768097,7.779256820678711,-0.23344898223876953,-2.711348533630371,-1.7365694046020508,4.129633903503418,-1.2278265953063965,2.7163915634155273,-1.6108081340789795]","[-0.6079998016357422,2.172940254211426,-0.5916459560394287,1.3128564357757568,0.34859004616737366,-0.02577010542154312,1.5593338012695312,-1.3661503791809082,-1.2550581693649292,1.3215898275375366,0.42328935861587524,-0.06886542588472366,2.021064281463623,-0.6406014561653137,0.2919407784938812,-3.4313910007476807,-1.131907343864441,-1.1797033548355103,0.787510097026825,0.9177793860435486,5.091439723968506,-0.5271182060241699,-4.142194747924805,-2.253847360610962,-0.9875619411468506,0.5287792682647705,-3.070514678955078,4.958101749420166,-7.943452835083008]",0.07117576152086258,0.03214060515165329,0.019474906846880913,0.08272679150104523,0.09049713611602783,4.524856805801392,0,0,0,0.4722863435745239,0.4974033236503601,0.9950748682022095,0.9336249232292175,0.9366149306297302,0.809710681438446,-0.11985819786787033,-0.0,-0.0
83,1.6600000000000001,83,"[-0.6390661001205444,0.7154904007911682,-0.3631814420223236,1.0994064807891846,-0.12016476690769196,-0.03625314310193062,0.8776324987411499,-0.6477381587028503,-0.2901075482368469,1.2253329753875732,-0.12727248668670654,0.009882977232336998,0.7315396666526794,0.15876537561416626,-0.3640265166759491,-0.9393668174743652,0.002942359307780862,0.13375531136989594,-0.0676853284239769,0.8599820733070374,0.4223636984825134,0.7265892028808594,-0.1266743689775467,-0.2565138638019562,0.02352909930050373,-0.44119957089424133,-1.2798230648040771,0.7853967547416687,-1.176058053970337]","[-0.6700394153594971,0.7056717872619629,-0.4181111454963684,1.158805012702942,-0.16963094472885132,-0.003502015257254243,0.9967392086982727,-0.6082489490509033,-0.3808358609676361,1.139512300491333,-0.15893977880477905,-0.02908962033689022,0.7171802520751953,0.15407401323318481,-0.3385540843009949,-1.0297931432724,0.036528248339891434,0.1476847231388092,0.029371924698352814,0.869379997253418,0.4487742483615875,0.8055329322814941,-0.08137425780296326,-0.2247612029314041,-0.2774467170238495,-0.5240544676780701,-1.2791378498077393,0.439382940530777,-1.0427188873291016]","[-0.3582462668418884,2.0965054035186768,1.4057353734970093,-0.464746356010437,-0.7894800901412964,0.3578434884548187,-0.721152126789093,-1.0042206048965454,0.04965737462043762,0.9289443492889404,-0.14505237340927124,-0.1196628138422966,2.694812536239624,-1.3312269449234009,0.6369211077690125,-6.200641632080078,0.537390410900116,-1.9640024900436401,6.63282585144043,-5.182546615600586,-1.0573551654815674,-0.4540964961051941,-1.663151741027832,-2.2504591941833496,-2.6634068489074707,4.318357467651367,0.563269853591919,2.105990171432495,-1.2542307376861572]","[-0.5019252300262451,1.5511140823364258,1.133132815361023,-0.4217328131198883,-0.8790690898895264,-0.253108948469162,-0.7290756106376648,-0.6902266144752502,-0.510075569152832,1.0832840204238892,-0.2585911750793457,-0.41408154368400574,1.690905213356018,-1.9662562608718872,0.8859418630599976,-4.82664680480957,-0.3451150357723236,-3.8487327098846436,6.987699508666992,-6.208004474639893,-0.24223464727401733,4.438685894012451,-0.3223414123058319,-2.3745672702789307,-1.8394173383712769,4.456308841705322,-0.9962543249130249,1.548396348953247,0.8726935982704163]","[-0.7641364932060242,2.110790252685547,-0.5673056244850159,1.3041672706604004,0.3071182072162628,-0.032559461891651154,1.8627042770385742,-1.470487356185913,-1.100738525390625,1.3769848346710205,0.418251097202301,-0.10481856018304825,2.3548312187194824,-0.5977354645729065,0.08029522746801376,-3.3038594722747803,-0.7611446976661682,-0.9071637392044067,0.22122913599014282,0.8663272261619568,5.057859897613525,-0.38851356506347656,-4.008734226226807,-2.2883801460266113,-1.1471567153930664,0.5427664518356323,-2.956796884536743,5.064403057098389,-7.879971504211426]",0.0710487887263298,0.019796837121248245,0.015831992030143738,0.0787513256072998,0.09152502566576004,4.576251283288002,0,0,0,0.4722723662853241,0.49902838468551636,0.9964747428894043,0.9372235536575317,0.9348025321960449,0.832892656326294,-0.09644272178411484,-0.0,-0.0
84,1.68,84,"[-0.6454862356185913,0.7528294920921326,-0.3372076153755188,1.0922112464904785,-0.1319156438112259,-0.030367787927389145,0.8652843236923218,-0.6644711494445801,-0.28764376044273376,1.2396637201309204,-0.12780389189720154,0.0056405882351100445,0.7800230979919434,0.13516239821910858,-0.3525879681110382,-1.0468170642852783,0.01668653078377247,0.09077887237071991,0.046839963644742966,0.7661697268486023,0.4107905924320221,0.699258029460907,-0.15941523015499115,-0.2945684492588043,-0.03277115896344185,-0.34933337569236755,-1.2580369710922241,0.8087756633758545,-1.2047818899154663]","[-0.6823796629905701,0.7294369339942932,-0.39469775557518005,1.1550230979919434,-0.17869840562343597,-0.010591363534331322,0.9802844524383545,-0.6229525804519653,-0.38685691356658936,1.155562162399292,-0.1635609269142151,-0.03716806322336197,0.7533750534057617,0.11941300332546234,-0.3183511793613434,-1.1103566884994507,0.03190479427576065,0.0843145027756691,0.13132067024707794,0.7673388719558716,0.44988900423049927,0.8146898746490479,-0.0956130400300026,-0.26129817962646484,-0.31462663412094116,-0.4403073787689209,-1.2757511138916016,0.4782068431377411,-1.0884292125701904]","[-0.24997293949127197,1.5833572149276733,1.2201719284057617,-0.31763017177581787,-0.38594305515289307,0.2398223727941513,-0.563184916973114,-0.750201940536499,0.19095391035079956,0.42125582695007324,0.023689866065979004,-0.22892458736896515,2.226579189300537,-1.1040130853652954,0.46266019344329834,-4.242166996002197,0.8620913624763489,-1.914259672164917,4.716852188110352,-3.721198558807373,-1.077313780784607,-3.5556719303131104,-1.5506454706192017,-1.5955344438552856,-2.7723183631896973,4.866666316986084,1.289534568786621,0.4643872380256653,-1.4903157949447632]","[-0.6617345809936523,0.9666157960891724,1.1628011465072632,-0.10051745921373367,-0.31277766823768616,-0.34765926003456116,-0.836601972579956,-0.7108370661735535,-0.19868531823158264,0.6325317025184631,-0.21499378979206085,-0.37051647901535034,1.8513116836547852,-1.5899745225906372,1.0848567485809326,-3.537482500076294,-0.16084516048431396,-2.7220938205718994,4.070018768310547,-4.408806800842285,0.16437779366970062,-1.6022406816482544,-0.9140526652336121,-1.5183910131454468,-1.88254976272583,4.1204328536987305,0.4700094759464264,1.8941729068756104,-2.89288592338562]","[-0.9662612676620483,2.0078659057617188,-0.48163819313049316,1.3009148836135864,0.35397469997406006,-0.06313175708055496,2.0858449935913086,-1.5874261856079102,-0.9846050143241882,1.3565183877944946,0.4146885871887207,-0.11932498961687088,2.627305030822754,-0.4370404779911041,-0.14285597205162048,-3.1060030460357666,-0.5071842074394226,-0.7293272614479065,-0.3415899872779846,0.9899267554283142,5.033808708190918,-0.16584385931491852,-3.870213270187378,-2.277009963989258,-1.1594278812408447,0.4825190305709839,-2.855316638946533,5.107045650482178,-7.843533992767334]",0.07044951617717743,0.017714446410536766,0.012924049980938435,0.07586012780666351,0.09335292130708694,4.667646065354347,0,0,0,0.4726465940475464,0.4993022084236145,0.9972095489501953,0.9400542974472046,0.9556933045387268,0.8870798945426941,-0.08433976024389267,-0.0,-0.0
85,1.7,85,"[-0.6490650177001953,0.7788246870040894,-0.31437456607818604,1.0867012739181519,-0.13560248911380768,-0.026660248637199402,0.8551051020622253,-0.6777462363243103,-0.28246939182281494,1.2421832084655762,-0.12632489204406738,0.0007259943522512913,0.8206028342247009,0.11460485309362411,-0.34552010893821716,-1.1090534925460815,0.03742601349949837,0.05718492716550827,0.12098874896764755,0.711134135723114,0.37927114963531494,0.5843623280525208,-0.18870018422603607,-0.3203352391719818,-0.08736363053321838,-0.24653291702270508,-1.2282416820526123,0.8039722442626953,-1.2356706857681274]","[-0.6990242600440979,0.7374382019042969,-0.37197399139404297,1.1586472988128662,-0.17627212405204773,-0.019506169483065605,0.9614359140396118,-0.6400685906410217,-0.3867228329181671,1.1653413772583008,-0.16247421503067017,-0.042166825383901596,0.792968213558197,0.09277734160423279,-0.29761505126953125,-1.1573781967163086,0.03594949468970299,0.04462277889251709,0.17181408405303955,0.7126591205596924,0.4601522386074066,0.7026271224021912,-0.11533324420452118,-0.2908779978752136,-0.3486858606338501,-0.35830196738243103,-1.2743052244186401,0.5062122941017151,-1.1025811433792114]","[-0.28443336486816406,0.8701369166374207,1.13082754611969,-0.10412633419036865,-0.08480586111545563,0.12033051252365112,-0.5895897746086121,-0.7084429264068604,0.3775760531425476,0.007584691047668457,0.013949722051620483,-0.19888272881507874,1.9801393747329712,-0.9423475861549377,0.34323856234550476,-2.1744132041931152,1.375403642654419,-2.159821033477783,2.996290922164917,-2.337606191635132,-2.2206695079803467,-5.53883695602417,-1.4582935571670532,-0.9315252304077148,-2.819061756134033,5.194977760314941,1.4350861310958862,-0.8526310324668884,-1.646745204925537]","[-0.9005007147789001,0.1399630457162857,1.1170940399169922,0.2704933285713196,0.22294995188713074,-0.4290740191936493,-0.9307014346122742,-0.8645927906036377,0.125126913189888,0.3833807408809662,0.10713592171669006,-0.20877207815647125,2.0730865001678467,-1.1359705924987793,1.0241975784301758,-1.7621506452560425,0.4379122257232666,-1.5175317525863647,1.063049077987671,-1.9789992570877075,0.5182050466537476,-7.563409328460693,-1.0175607204437256,-1.4612261056900024,-1.6125622987747192,4.060092449188232,-0.21148428320884705,1.2381229400634766,0.08158422261476517]","[-1.1058528423309326,1.8373351097106934,-0.38971665501594543,1.3534471988677979,0.4222921133041382,-0.09583640843629837,2.2662248611450195,-1.7489533424377441,-0.8338040113449097,1.3912557363510132,0.46739453077316284,-0.11315251141786575,2.7065210342407227,-0.19714108109474182,-0.48405471444129944,-2.9698691368103027,-0.33660849928855896,-0.7406856417655945,-0.7207555770874023,1.1765224933624268,5.035345554351807,0.2874264717102051,-3.702136754989624,-2.3322525024414062,-1.0956695079803467,0.3333829641342163,-2.8441953659057617,5.004180431365967,-7.85740327835083]",0.06973472237586975,0.026965416967868805,0.011777740903198719,0.07293599098920822,0.09195388108491898,4.597694054245949,0,0,0,0.4731287658214569,0.4981011748313904,0.9973335862159729,0.9418920874595642,0.972400963306427,0.7979826927185059,-0.0831451490521431,-0.0,-0.0
86,1.72,86,"[-0.6568635702133179,0.7876349687576294,-0.2919745147228241,1.0880461931228638,-0.13530787825584412,-0.025554567575454712,0.8417007327079773,-0.6928088665008545,-0.27254071831703186,1.2399671077728271,-0.12724590301513672,-0.0023147205356508493,0.8592286705970764,0.09746849536895752,-0.338858425617218,-1.133793592453003,0.07170267403125763,0.004386034794151783,0.1666916012763977,0.6726654767990112,0.3219638168811798,0.47770455479621887,-0.21774697303771973,-0.3318294584751129,-0.14553362131118774,-0.14153426885604858,-1.2006335258483887,0.774670422077179,-1.2706516981124878]","[-0.7219269871711731,0.7323030233383179,-0.3465977609157562,1.1698617935180664,-0.16668932139873505,-0.03014424629509449,0.9391118884086609,-0.6622520089149475,-0.3783990144729614,1.1706146001815796,-0.15774822235107422,-0.04380664601922035,0.8349701166152954,0.07596594840288162,-0.28128841519355774,-1.1740597486495972,0.06106088310480118,0.0041319020092487335,0.18274341523647308,0.6841318011283875,0.46745434403419495,0.5564242601394653,-0.14258316159248352,-0.31153547763824463,-0.38079938292503357,-0.2793223559856415,-1.2741611003875732,0.5293567776679993,-1.1319671869277954]","[-0.7105857133865356,-0.029847025871276855,1.1927731037139893,0.2617865800857544,0.1052219420671463,-0.006558327004313469,-0.736062228679657,-0.8610561490058899,0.6381332874298096,-0.19921660423278809,-0.09601116180419922,-0.12301111221313477,1.862518548965454,-0.7307790517807007,0.38021132349967957,-0.5700647830963135,1.8357564210891724,-2.9280636310577393,1.5253407955169678,-1.5597432851791382,-3.003481149673462,-4.819169044494629,-1.527094841003418,-0.23734048008918762,-3.0040698051452637,5.086676120758057,1.0107100009918213,-1.8416136503219604,-1.5694350004196167]","[-1.2299771308898926,-0.43701788783073425,1.3252465724945068,0.6316756010055542,0.5181689858436584,-0.5114388465881348,-1.119825005531311,-1.155157446861267,0.571806788444519,0.16516289114952087,0.24120472371578217,-0.054957784712314606,2.089040517807007,-0.58980792760849,0.7426317930221558,-0.399977445602417,1.6361037492752075,-2.3096628189086914,0.443600058555603,-1.2515292167663574,0.10371976345777512,-6.960839748382568,-1.5413256883621216,-0.8655256032943726,-1.5984169244766235,3.9274744987487793,-0.027948051691055298,1.0210368633270264,-1.6614015102386475]","[-1.1989140510559082,1.7453393936157227,-0.2901410460472107,1.4467109441757202,0.4783899486064911,-0.13248294591903687,2.275831937789917,-1.9514117240905762,-0.6899259090423584,1.3754206895828247,0.49127233028411865,-0.10006315261125565,2.5788235664367676,-0.028514884412288666,-0.6805631518363953,-2.9835007190704346,-0.3830109238624573,-0.9469415545463562,-0.8653856515884399,1.2932262420654297,5.0256266593933105,0.9203659296035767,-3.6113874912261963,-2.1299209594726562,-0.987153172492981,0.17282113432884216,-2.786998987197876,4.828959941864014,-7.840561866760254]",0.06938377022743225,0.037872832268476486,0.012382684275507927,0.0699245035648346,0.09328334033489227,4.664167016744614,0,0,0,0.47339531779289246,0.49581247568130493,0.9970661997795105,0.9440862536430359,0.9785513281822205,0.8540022969245911,-0.07874703407287598,-0.0,-0.0
87,1.74,87,"[-0.6774884462356567,0.7776308059692383,-0.26666364073753357,1.097172737121582,-0.13139361143112183,-0.02692258171737194,0.8256626129150391,-0.7121884822845459,-0.25694406032562256,1.2342145442962646,-0.13016533851623535,-0.004194450099021196,0.8951035737991333,0.08537369221448898,-0.33031165599823,-1.131856083869934,0.11085627228021622,-0.05993761122226715,0.18200238049030304,0.6487444043159485,0.25913190841674805,0.3915955722332001,-0.2497839778661728,-0.3298288583755493,-0.20752641558647156,-0.0430658794939518,-1.1878132820129395,0.7303076982498169,-1.298448085784912]","[-0.7512771487236023,0.713602602481842,-0.3181978762149811,1.1887513399124146,-0.15284591913223267,-0.04025392234325409,0.9171859622001648,-0.6880577206611633,-0.36198657751083374,1.172540545463562,-0.15099182724952698,-0.04482308030128479,0.8679053783416748,0.07194847613573074,-0.2687768340110779,-1.1696199178695679,0.10234709084033966,-0.05895755812525749,0.18224705755710602,0.660523533821106,0.45335277915000916,0.42792177200317383,-0.18258355557918549,-0.3248484134674072,-0.4056652784347534,-0.19744238257408142,-1.281432867050171,0.543502926826477,-1.158069133758545]","[-1.4548152685165405,-0.8749574422836304,1.370681881904602,0.6786108016967773,0.3055958151817322,-0.08143126219511032,-0.8235588669776917,-1.129747986793518,0.9649418592453003,-0.3264695405960083,-0.15299394726753235,-0.0570048987865448,1.6559139490127563,-0.3401210606098175,0.4261195659637451,0.6142646074295044,1.8461064100265503,-2.8866918087005615,0.12849681079387665,-0.8077517151832581,-2.8774099349975586,-3.5499730110168457,-1.6929954290390015,0.14181584119796753,-2.893505334854126,4.499065399169922,0.3541499376296997,-2.309189796447754,-1.1986494064331055]","[-1.541202187538147,-1.1092029809951782,1.489748239517212,1.0026708841323853,0.6987409591674805,-0.46638041734695435,-1.0294814109802246,-1.302329182624817,0.9834403991699219,0.03745581582188606,0.3278352916240692,-0.05254127457737923,1.4527008533477783,0.08488719165325165,0.5669540166854858,0.4668111801147461,2.1080100536346436,-3.4428932666778564,-0.1817864179611206,-1.0490785837173462,-0.947282075881958,-5.836374759674072,-2.1871848106384277,-0.6277607679367065,-1.0775291919708252,4.165797710418701,-0.557269811630249,0.5241408944129944,-1.1041070222854614]","[-1.2573518753051758,1.614227533340454,-0.208995521068573,1.577110767364502,0.5330933928489685,-0.15005198121070862,2.354970932006836,-2.1129648685455322,-0.5333235859870911,1.3979750871658325,0.5207685232162476,-0.10612202435731888,2.337189197540283,0.07365105301141739,-0.8937891125679016,-3.0505993366241455,-0.5445844531059265,-1.0233068466186523,-1.0937317609786987,1.3627371788024902,4.999990940093994,1.487108826637268,-3.440911293029785,-1.8934272527694702,-0.7809277176856995,-0.013250771909952164,-2.822222948074341,4.603753566741943,-7.750462532043457]",0.06938011944293976,0.04316254332661629,0.01396819669753313,0.06885956972837448,0.09358082711696625,4.679041355848312,0,0,0,0.47345227003097534,0.4941617250442505,0.996545135974884,0.9465514421463013,0.980331540107727,0.8737569451332092,-0.0857575535774231,-0.0,-0.0
88,1.76,88,"[-0.7150561809539795,0.7526366710662842,-0.2371472418308258,1.1151906251907349,-0.12308404594659805,-0.02881181798875332,0.8087583780288696,-0.7379987835884094,-0.23394304513931274,1.2269083261489868,-0.133365660905838,-0.004594916477799416,0.9254652261734009,0.08386365324258804,-0.3218136429786682,-1.1092230081558228,0.14554692804813385,-0.11108162999153137,0.17183147370815277,0.6403554081916809,0.20686742663383484,0.33570563793182373,-0.2854667901992798,-0.3261568248271942,-0.2612738311290741,0.038428351283073425,-1.1864675283432007,0.6823028326034546,-1.318597674369812]","[-0.7840122580528259,0.6831585168838501,-0.2848707139492035,1.2143900394439697,-0.13416260480880737,-0.0473562590777874,0.8981567025184631,-0.7181441783905029,-0.3374902307987213,1.1728938817977905,-0.14243029057979584,-0.0464077927172184,0.8840884566307068,0.08169040828943253,-0.2596605122089386,-1.1500765085220337,0.1384548544883728,-0.115522600710392,0.16514210402965546,0.6541745066642761,0.4337281286716461,0.3381100296974182,-0.23366530239582062,-0.337257444858551,-0.4140138626098633,-0.10998830199241638,-1.295691967010498,0.5468285083770752,-1.1764947175979614]","[-2.045200824737549,-1.4779508113861084,1.5499391555786133,1.0392725467681885,0.5177682638168335,-0.10056072473526001,-0.8447363972663879,-1.5088856220245361,1.3419978618621826,-0.4412412643432617,-0.13469941914081573,0.03533942624926567,0.9049862623214722,0.2858288586139679,0.2612881362438202,1.6229212284088135,1.6427679061889648,-2.084578275680542,-0.7144659757614136,-0.13246387243270874,-2.3076348304748535,-2.202519178390503,-1.8559482097625732,0.41768327355384827,-1.7209887504577637,3.290775775909424,-0.02601146697998047,-2.3913488388061523,-0.03853440284729004]","[-1.6614794731140137,-1.641866683959961,1.7689505815505981,1.316595196723938,0.9401307106018066,-0.30855226516723633,-0.8765789270401001,-1.5363622903823853,1.3855863809585571,-0.020840153098106384,0.41198262572288513,-0.08546455949544907,0.5403709411621094,0.7440622448921204,0.37115219235420227,1.161412000656128,1.5296740531921387,-2.4995105266571045,-1.0477250814437866,-0.0944717526435852,-0.9477581977844238,-3.8082797527313232,-2.644881010055542,-0.6702359914779663,-0.10549912601709366,4.432773590087891,-0.7466496825218201,-0.022935690358281136,-0.8493953943252563]","[-1.23600435256958,1.5082051753997803,-0.15344877541065216,1.7325172424316406,0.6119301915168762,-0.1445869505405426,2.3894104957580566,-2.3062634468078613,-0.3855466842651367,1.4153432846069336,0.5524815917015076,-0.1159524992108345,1.9958943128585815,0.1785183846950531,-1.0712865591049194,-3.0454466342926025,-0.6390851140022278,-0.8836114406585693,-1.2481101751327515,1.4759124517440796,4.973107814788818,1.9156094789505005,-3.1641287803649902,-1.5177310705184937,-0.47527435421943665,-0.31063732504844666,-2.7934505939483643,4.339107036590576,-7.592402458190918]",0.06938602775335312,0.04380030184984207,0.016329145058989525,0.07015875726938248,0.09345423430204391,4.672711715102196,0,0,0,0.4735819101333618,0.4941287338733673,0.9957447648048401,0.9510893225669861,0.9730905294418335,0.886163592338562,-0.10108713805675507,-0.0,-0.0
89,1.78,89,"[-0.7592964768409729,0.718512773513794,-0.20466607809066772,1.1387436389923096,-0.1106828823685646,-0.030945010483264923,0.7918731570243835,-0.7725439071655273,-0.20326414704322815,1.2165648937225342,-0.13555331528186798,-0.0027808730956166983,0.9313030242919922,0.0968068465590477,-0.3198601305484772,-1.0669392347335815,0.1765669882297516,-0.1433207392692566,0.1534237414598465,0.6434458494186401,0.1668265163898468,0.30349481105804443,-0.3240219056606293,-0.3131215274333954,-0.2763659656047821,0.0885651484131813,-1.1888537406921387,0.6346537470817566,-1.2999894618988037]","[-0.815375030040741,0.6430301070213318,-0.24572280049324036,1.2414991855621338,-0.11103912442922592,-0.05214576795697212,0.8810208439826965,-0.7532789707183838,-0.30487021803855896,1.1708956956863403,-0.13282984495162964,-0.04712393879890442,0.8761654496192932,0.10299667716026306,-0.25510767102241516,-1.1178240776062012,0.165996253490448,-0.1469363123178482,0.13480639457702637,0.664725124835968,0.4176832139492035,0.2826085090637207,-0.29020947217941284,-0.3492089807987213,-0.3919428288936615,-0.02354067750275135,-1.2997822761535645,0.5369295477867126,-1.189194917678833]","[-2.3487985134124756,-1.9254789352416992,1.6063191890716553,1.2115120887756348,0.6673980951309204,-0.09669890254735947,-0.9297192096710205,-1.7820149660110474,1.6686369180679321,-0.5583643913269043,-0.1437414437532425,0.17406538128852844,-0.7497310638427734,0.9094029664993286,-0.13377144932746887,2.4596989154815674,1.5172646045684814,-1.2332581281661987,-0.8421142101287842,0.4548206925392151,-1.64103364944458,-1.2079373598098755,-1.8269941806793213,1.226318597793579,0.24383291602134705,1.5966570377349854,0.16359686851501465,-3.432861089706421,2.067390203475952]","[-1.5198789834976196,-2.0859391689300537,2.051401376724243,1.3006176948547363,1.132871389389038,-0.21051819622516632,-0.834743082523346,-1.7961642742156982,1.7966941595077515,-0.15880581736564636,0.4471525251865387,-0.031783223152160645,-0.7902613878250122,1.2616685628890991,0.11537031829357147,1.7384850978851318,1.1916979551315308,-1.1519253253936768,-1.5560675859451294,0.6546950936317444,-0.7163464426994324,-2.288086175918579,-2.822511672973633,-0.5586994290351868,1.693913221359253,4.162088394165039,0.16674605011940002,-0.743983805179596,-0.4758104085922241]","[-1.0871963500976562,1.4068259000778198,-0.12634508311748505,1.8352410793304443,0.6948415637016296,-0.14051946997642517,2.318096160888672,-2.525217056274414,-0.2394317239522934,1.392059326171875,0.5746491551399231,-0.11141211539506912,1.4474202394485474,0.32367464900016785,-1.2634021043777466,-3.0867645740509033,-0.5931143164634705,-0.7413612604141235,-1.307721495628357,1.5856952667236328,4.977904319763184,2.2241883277893066,-2.745084047317505,-0.9970704913139343,-0.07972024381160736,-0.7523667216300964,-2.6614503860473633,4.044868469238281,-7.385662078857422]",0.06926483660936356,0.0476333349943161,0.01927611231803894,0.0756322517991066,0.0906013697385788,4.53006848692894,0,0,0,0.47387444972991943,0.49409037828445435,0.9946522116661072,0.9515356421470642,0.9563692808151245,0.816021740436554,-0.15647530555725098,-0.0,-0.0
90,1.8,90,"[-0.8090081214904785,0.675617516040802,-0.17289447784423828,1.1636511087417603,-0.09638812392950058,-0.03267977386713028,0.7715696096420288,-0.8092793822288513,-0.1671975702047348,1.2045737504959106,-0.1391153186559677,0.002367698820307851,0.8954759836196899,0.12023977190256119,-0.32716450095176697,-1.01083505153656,0.20623750984668732,-0.16041195392608643,0.13814690709114075,0.6585482358932495,0.14122608304023743,0.2873881459236145,-0.35854655504226685,-0.27710407972335815,-0.2515205144882202,0.10229463130235672,-1.1799236536026,0.5449883937835693,-1.2359020709991455]","[-0.8442910313606262,0.5952688455581665,-0.20209082961082458,1.2611525058746338,-0.08591412752866745,-0.055650725960731506,0.8607649803161621,-0.7909209132194519,-0.26545676589012146,1.1650484800338745,-0.12553419172763824,-0.04507402330636978,0.8385336399078369,0.13128651678562164,-0.2580356001853943,-1.0760706663131714,0.1931172013282776,-0.1527167111635208,0.09960207343101501,0.6852272152900696,0.40610742568969727,0.2502318322658539,-0.3504846394062042,-0.34066957235336304,-0.3247683644294739,0.02211063727736473,-1.2549482583999634,0.5075705051422119,-1.1652166843414307]","[-2.5090248584747314,-2.158054828643799,1.6200878620147705,1.1067330837249756,0.6902797222137451,-0.08990727365016937,-1.1826008558273315,-1.6927063465118408,1.913226842880249,-0.6313085556030273,-0.20915605127811432,0.2910110354423523,-2.63238263130188,1.3317348957061768,-0.562468945980072,2.8787896633148193,1.458371877670288,-0.51163250207901,-0.5836531519889832,0.9725242853164673,-1.0645712614059448,-0.48668086528778076,-1.5514471530914307,2.313480854034424,2.148927688598633,-0.12426208704710007,0.37779808044433594,-4.138143539428711,4.750988006591797]","[-1.382341742515564,-2.422877311706543,2.2459216117858887,0.8087849020957947,1.18479585647583,-0.15779361128807068,-1.082966685295105,-1.8772679567337036,2.0909292697906494,-0.364539235830307,0.29992935061454773,0.11148084700107574,-2.339510440826416,1.5359151363372803,-0.2956732213497162,2.1387176513671875,1.3292953968048096,0.07813255488872528,-1.6490087509155273,1.053296446800232,-0.4996803402900696,-1.306601881980896,-3.003068685531616,0.9902533292770386,3.9058549404144287,1.385553240776062,2.579418420791626,-1.5115073919296265,2.432194709777832]","[-0.9168834090232849,1.29457688331604,-0.0974636897444725,1.830456256866455,0.7621545195579529,-0.13931694626808167,2.1164815425872803,-2.6522254943847656,-0.17829838395118713,1.3417894840240479,0.5668648481369019,-0.08622611314058304,0.9188705086708069,0.44165804982185364,-1.374504804611206,-3.1626060009002686,-0.41129159927368164,-0.552209198474884,-1.355770468711853,1.677770972251892,4.99656343460083,2.4588611125946045,-2.3045451641082764,-0.41821640729904175,0.2535397708415985,-1.2211962938308716,-2.505476236343384,3.738330602645874,-7.1350531578063965]",0.06927430629730225,0.05165231227874756,0.021847408264875412,0.07999911159276962,0.0909622460603714,4.54811230301857,0,0,0,0.47408807277679443,0.4939264953136444,0.9936539530754089,0.9492942094802856,0.9417505264282227,0.8552258610725403,-0.15982677042484283,-0.0,-0.0
91,1.82,91,"[-0.8596574664115906,0.6321905851364136,-0.1398625671863556,1.1830129623413086,-0.08307169377803802,-0.0345413014292717,0.7445691227912903,-0.840252161026001,-0.12673507630825043,1.191312551498413,-0.14391955733299255,0.00885956734418869,0.8260077238082886,0.1500762403011322,-0.34235888719558716,-0.9517876505851746,0.23490186035633087,-0.16378603875637054,0.13007761538028717,0.6823468208312988,0.12424366921186447,0.2840275764465332,-0.3860797882080078,-0.2205822914838791,-0.190408855676651,0.0835946649312973,-1.1737418174743652,0.4691280126571655,-1.1099499464035034]","[-0.8700445890426636,0.5459306836128235,-0.15413054823875427,1.266383409500122,-0.06208060681819916,-0.05734293535351753,0.834514856338501,-0.826777458190918,-0.22377267479896545,1.1561226844787598,-0.1249450221657753,-0.038704097270965576,0.7747499346733093,0.1618431657552719,-0.2688979208469391,-1.031697154045105,0.22342947125434875,-0.13800697028636932,0.06611911207437515,0.7104138731956482,0.398974746465683,0.23274396359920502,-0.40331923961639404,-0.2952648997306824,-0.2400466799736023,0.022749047726392746,-1.2068716287612915,0.47573426365852356,-1.0803351402282715]","[-2.5002450942993164,-2.17551589012146,1.6810508966445923,0.7199794054031372,0.6208369731903076,-0.0912543386220932,-1.5051096677780151,-1.2870863676071167,1.9943854808807373,-0.7034897804260254,-0.19988156855106354,0.3415984809398651,-3.96067214012146,1.5774803161621094,-0.88844895362854,2.7302145957946777,1.494028091430664,0.15470273792743683,-0.30065590143203735,1.3469517230987549,-0.7353626489639282,0.06677284836769104,-1.1659539937973022,3.206326484680176,3.3168084621429443,-1.558377742767334,0.36210715770721436,-3.419585704803467,7.249091625213623]","[-1.203504204750061,-2.397043228149414,2.442592144012451,0.039605915546417236,1.0825856924057007,-0.06806059181690216,-1.3907464742660522,-1.7142921686172485,2.083895444869995,-0.48436957597732544,-0.053077053278684616,0.3264390230178833,-3.5313639640808105,1.5821470022201538,-0.6622560620307922,2.132827043533325,1.5204960107803345,1.0014302730560303,-1.5088449716567993,1.228641152381897,-0.28467342257499695,-0.6777498722076416,-2.308257818222046,2.843318462371826,4.255455017089844,-0.6436834335327148,2.121382713317871,-1.4993149042129517,5.024623870849609]","[-0.8159645199775696,1.2238922119140625,-0.046857114881277084,1.7417559623718262,0.806081235408783,-0.12985682487487793,1.9038605690002441,-2.6249732971191406,-0.24862389266490936,1.314559817314148,0.5249720215797424,-0.03837896138429642,0.7171087861061096,0.43056997656822205,-1.3041104078292847,-3.1874682903289795,-0.08702338486909866,-0.28716856241226196,-1.467786431312561,1.7658778429031372,5.0810227394104,2.727710008621216,-1.9807159900665283,-0.05105931684374809,0.33499059081077576,-1.2672897577285767,-2.443272590637207,3.5069985389709473,-6.8324151039123535]",0.0694420337677002,0.05455102026462555,0.02355393022298813,0.08443982899188995,0.09286725521087646,4.643362760543823,0,0,0,0.47415080666542053,0.49303025007247925,0.9931668639183044,0.9454377889633179,0.9438870549201965,0.8739138841629028,-0.0802236869931221,-0.0,-0.0
92,1.84,92,"[-0.9090179204940796,0.5885968804359436,-0.10565244406461716,1.1924502849578857,-0.07155464589595795,-0.03632994741201401,0.7113652229309082,-0.8607628345489502,-0.08742215484380722,1.1764341592788696,-0.14711058139801025,0.01603163778781891,0.7370491027832031,0.1833389848470688,-0.36270245909690857,-0.901626467704773,0.26599863171577454,-0.15422384440898895,0.1261206716299057,0.7124263048171997,0.1118115782737732,0.29005905985832214,-0.40518471598625183,-0.14885102212429047,-0.11884818226099014,0.03995952382683754,-1.1654393672943115,0.40820497274398804,-0.9459384083747864]","[-0.8912670612335205,0.5004409551620483,-0.10344526916742325,1.2551279067993164,-0.040992263704538345,-0.056790195405483246,0.8005492091178894,-0.8560356497764587,-0.1825307011604309,1.1443824768066406,-0.12845273315906525,-0.02907354012131691,0.6957364082336426,0.1916552186012268,-0.28688424825668335,-0.9927136898040771,0.2576482594013214,-0.10950373113155365,0.04305822029709816,0.7414105534553528,0.3937244117259979,0.2257736176252365,-0.44004392623901367,-0.22486765682697296,-0.16172227263450623,0.003446049988269806,-1.163132667541504,0.4389374852180481,-0.9735530614852905]","[-2.3020074367523193,-2.213703155517578,1.6563239097595215,0.1833796501159668,0.4906427264213562,-0.09649805724620819,-1.8133536577224731,-0.6835594773292542,1.8204182386398315,-0.8759617805480957,-0.13667941093444824,0.33535996079444885,-4.516630172729492,1.731622576713562,-1.040822982788086,2.1315813064575195,1.6382369995117188,0.7586326599121094,-0.18847715854644775,1.6746163368225098,-0.4474204182624817,0.5663961172103882,-0.82511305809021,3.7517120838165283,3.267569065093994,-2.3577866554260254,0.6827354431152344,-2.859537363052368,8.323518753051758]","[-0.9432700872421265,-2.1535980701446533,2.5397627353668213,-0.7685231566429138,0.9378803968429565,0.039106402546167374,-1.7942053079605103,-1.3259410858154297,2.002436399459839,-0.6231894493103027,-0.20943564176559448,0.467098593711853,-4.0794243812561035,1.4871104955673218,-0.9859959483146667,1.7434346675872803,1.743605613708496,1.5809767246246338,-0.8802593946456909,1.5118309259414673,-0.2161373645067215,-0.22489461302757263,-1.559192180633545,3.6761367321014404,3.709059715270996,-0.9522303938865662,2.1282081604003906,-1.869991421699524,5.413442134857178]","[-0.7574234008789062,1.1444028615951538,0.01931167021393776,1.6011226177215576,0.839476466178894,-0.11336562782526016,1.6567192077636719,-2.50811767578125,-0.3392636179924011,1.2495300769805908,0.5000557899475098,0.0063958074897527695,0.7415636777877808,0.3545619547367096,-1.124574899673462,-3.1456358432769775,0.3277478516101837,0.006063804030418396,-1.4639613628387451,1.8820505142211914,5.162967205047607,3.01668643951416,-1.8990466594696045,0.15534557402133942,0.2844034731388092,-1.170932412147522,-2.313561201095581,3.2877135276794434,-6.568875312805176]",0.06962408125400543,0.057176802307367325,0.024855921044945717,0.08986075222492218,0.09365362673997879,4.6826813369989395,0,0,0,0.4741579294204712,0.49162572622299194,0.9929322600364685,0.9378904700279236,0.9567211270332336,0.9016224145889282,-0.072268545627594,-0.0,-0.0
93,1.86,93,"[-0.9517377614974976,0.5436424612998962,-0.0736096128821373,1.1903481483459473,-0.06344598531723022,-0.038401223719120026,0.6720349788665771,-0.8675945401191711,-0.053918350487947464,1.1562740802764893,-0.14938673377037048,0.022273965179920197,0.6453425288200378,0.21934114396572113,-0.3839918076992035,-0.8665243983268738,0.30043134093284607,-0.13344073295593262,0.12253852933645248,0.7493314743041992,0.10634685307741165,0.30668342113494873,-0.4190843105316162,-0.07051381468772888,-0.05970608815550804,-0.010716797783970833,-1.1464323997497559,0.3547465205192566,-0.7770091891288757]","[-0.9053146243095398,0.4583796560764313,-0.05606847256422043,1.229982852935791,-0.023231180384755135,-0.05450303852558136,0.7583010792732239,-0.875853419303894,-0.1431935578584671,1.1306687593460083,-0.13216865062713623,-0.017208373174071312,0.6164273023605347,0.21982523798942566,-0.3093418478965759,-0.96519535779953,0.29405078291893005,-0.07293429970741272,0.03748215734958649,0.7780014872550964,0.3882628381252289,0.22520564496517181,-0.4620971381664276,-0.15115240216255188,-0.09660878777503967,-0.00980012770742178,-1.111940860748291,0.39414915442466736,-0.8655821681022644]","[-1.8163084983825684,-2.3207590579986572,1.3824048042297363,-0.3529548645019531,0.34393763542175293,-0.12338953465223312,-2.1491289138793945,-0.08028149604797363,1.5555944442749023,-1.1664986610412598,0.005949288606643677,0.3118448853492737,-4.267807483673096,1.8326890468597412,-1.0349706411361694,1.2877196073532104,1.7667182683944702,1.301929235458374,-0.10902229696512222,1.891160011291504,-0.09915083646774292,1.0447666645050049,-0.529689371585846,3.9658234119415283,2.4944822788238525,-2.4904563426971436,1.1336088180541992,-2.484361171722412,8.14076042175293]","[-0.5282512307167053,-2.0142409801483154,2.256701946258545,-1.3834638595581055,0.776974618434906,0.11854403465986252,-2.202329397201538,-0.8320125341415405,1.8725885152816772,-0.6983939409255981,-0.18321742117404938,0.5645444989204407,-3.824570417404175,1.4087727069854736,-1.1242525577545166,1.0982398986816406,1.8237967491149902,1.9025795459747314,0.025914492085576057,1.758553385734558,-0.23250073194503784,0.030002417042851448,-0.7374981045722961,3.6374194622039795,3.026953935623169,-0.5580739378929138,2.452847480773926,-2.0319714546203613,4.762140274047852]","[-0.7075668573379517,1.0087361335754395,0.053476277738809586,1.4565356969833374,0.8645239472389221,-0.09626872092485428,1.404942274093628,-2.356887102127075,-0.4250538945198059,1.1862318515777588,0.49655210971832275,0.05059265345335007,0.9092506170272827,0.29245397448539734,-0.8966510891914368,-3.0175631046295166,0.7052257657051086,0.2742775082588196,-1.3695744276046753,2.0015058517456055,5.219285488128662,3.2282376289367676,-1.944532871246338,0.30049630999565125,0.18998487293720245,-1.1595592498779297,-2.1594250202178955,3.0420448780059814,-6.368733882904053]",0.06985284388065338,0.05951039865612984,0.026292569935321808,0.09376826882362366,0.09435603767633438,4.717801883816719,0,0,0,0.4741003215312958,0.4905349612236023,0.9926751255989075,0.9306281805038452,0.9620373845100403,0.9363949298858643,-0.06856881082057953,-0.0,-0.0
94,1.8800000000000001,94,"[-0.9816702604293823,0.4957665205001831,-0.05035625398159027,1.1783320903778076,-0.0577971413731575,-0.04126552864909172,0.6254000663757324,-0.8639740943908691,-0.025198377668857574,1.1297742128372192,-0.1468726098537445,0.028505433350801468,0.5663368105888367,0.2566465437412262,-0.40410128235816956,-0.8501176834106445,0.33666735887527466,-0.102146677672863,0.12175977975130081,0.7880727052688599,0.10784554481506348,0.33184972405433655,-0.4263722896575928,0.009781917557120323,-0.019068889319896698,-0.059658728539943695,-1.1200950145721436,0.30883052945137024,-0.620307981967926]","[-0.9081274271011353,0.41602078080177307,-0.02124660648405552,1.1984909772872925,-0.011113438755273819,-0.052253998816013336,0.7113189101219177,-0.8854182958602905,-0.10693301260471344,1.1160794496536255,-0.13315579295158386,-0.003832743503153324,0.553807258605957,0.2485264390707016,-0.33097177743911743,-0.9311821460723877,0.3229789435863495,-0.03504275530576706,0.019609948620200157,0.8197388648986816,0.3899710476398468,0.2319091558456421,-0.4579918682575226,-0.07966746389865875,-0.05352221801877022,-0.03533206135034561,-1.0598453283309937,0.3525102734565735,-0.7908116579055786]","[-1.022157073020935,-2.4306998252868652,0.8804380893707275,-0.7695376873016357,0.1731663942337036,-0.15158317983150482,-2.4771645069122314,0.44731348752975464,1.374935269355774,-1.3996213674545288,0.25648102164268494,0.2640998959541321,-3.226928472518921,1.6515347957611084,-0.9351626038551331,0.7770925760269165,1.7149947881698608,1.8170716762542725,-0.3278713822364807,1.9466713666915894,0.23342743515968323,1.7103121280670166,-0.02569258213043213,4.081003665924072,1.5995564460754395,-2.2871999740600586,1.0776489973068237,-2.1552443504333496,6.372035980224609]","[0.1329553723335266,-2.092377185821533,1.5037176609039307,-1.559799313545227,0.5007219314575195,0.10717210918664932,-2.2957496643066406,-0.32955461740493774,1.6758941411972046,-0.7109255194664001,-0.02911357581615448,0.6316548585891724,-2.5459539890289307,1.4176377058029175,-1.032860517501831,2.8596837520599365,0.9422067403793335,1.577459692955017,-2.7776663303375244,2.2998197078704834,0.6180035471916199,0.7385990619659424,0.7742617726325989,3.348001718521118,1.6539119482040405,-1.603611946105957,2.419818162918091,-1.9355099201202393,3.2377383708953857]","[-0.660271167755127,0.8238049149513245,0.03712723031640053,1.363987922668457,0.8614773154258728,-0.0919237956404686,1.2162026166915894,-2.210878372192383,-0.4749603569507599,1.1297361850738525,0.5142847299575806,0.09264557808637619,1.149532437324524,0.2379416525363922,-0.6654435992240906,-2.7043981552124023,0.9761538505554199,0.5317091345787048,-1.2196615934371948,2.0820162296295166,5.241623878479004,3.336580276489258,-2.0013012886047363,0.4450310170650482,0.0549442358314991,-1.2861374616622925,-2.009796619415283,2.7403995990753174,-6.231603145599365]",0.06997285038232803,0.061066120862960815,0.027115007862448692,0.09706085175275803,0.09393741935491562,4.696870967745781,0,0,0,0.4741274416446686,0.48959943652153015,0.9925552606582642,0.9222483038902283,0.9547642469406128,0.9329423308372498,-0.06936600059270859,-0.0,-0.0
95,1.9000000000000001,95,"[-0.992624044418335,0.4464144706726074,-0.0383920893073082,1.1595666408538818,-0.05651932954788208,-0.04446455091238022,0.5729483962059021,-0.849702000617981,0.0010790618835017085,1.100289225578308,-0.13912749290466309,0.03283796086907387,0.5162653923034668,0.2854025363922119,-0.4213983118534088,-0.8354406952857971,0.3690311312675476,-0.060757867991924286,0.1094236746430397,0.827198326587677,0.11568395048379898,0.3750959038734436,-0.4201120138168335,0.09272631257772446,0.004276165273040533,-0.10220479220151901,-1.103326439857483,0.2685367465019226,-0.5221277475357056]","[-0.9211878776550293,0.34785541892051697,0.027075447142124176,1.125492811203003,-0.015486671589314938,-0.049883343279361725,0.6596438884735107,-0.8548505902290344,-0.11618468165397644,1.119499683380127,-0.12892429530620575,0.013053571805357933,0.48472750186920166,0.2564055919647217,-0.36389824748039246,-0.8810465931892395,0.3220319151878357,0.004821844398975372,-0.016217008233070374,0.8701241612434387,0.3806685507297516,0.24756616353988647,-0.4293728470802307,-0.023084886372089386,-0.0412258580327034,-0.08767867833375931,-1.015448808670044,0.3135976195335388,-0.7444835901260376]","[-0.09452253580093384,-2.6127405166625977,0.5588796138763428,-1.2781351804733276,-0.015240348875522614,-0.20744428038597107,-2.724722146987915,1.0524377822875977,1.0621495246887207,-1.3684332370758057,0.5029093623161316,0.15983404219150543,-1.935718297958374,1.0675840377807617,-0.848098874092102,0.8519679307937622,1.3290315866470337,2.1386587619781494,-0.8362183570861816,1.9594043493270874,0.30707848072052,2.368154525756836,0.9691216349601746,4.122812747955322,0.9040722846984863,-2.1165831089019775,0.5508303642272949,-1.9928404092788696,3.3752100467681885]","[-0.6153428554534912,-3.7306807041168213,2.448845386505127,-3.556551694869995,-0.40211591124534607,0.0638287365436554,-2.8858554363250732,1.8922535181045532,-0.8003553748130798,0.3770867586135864,0.2805194556713104,0.8100681900978088,-3.237877130508423,0.28658822178840637,-1.4587434530258179,2.291684865951538,-0.4373503029346466,2.0272767543792725,-1.5825443267822266,2.4646553993225098,-0.5867189764976501,0.9690964221954346,1.5798161029815674,2.414107322692871,0.20696796476840973,-3.061253070831299,1.9334831237792969,-1.8237286806106567,1.7976516485214233]","[-0.5298357009887695,0.532835841178894,0.006467316299676895,1.3472652435302734,0.8375046849250793,-0.09299490600824356,1.1157954931259155,-2.0348339080810547,-0.4675906300544739,1.091385841369629,0.5372502207756042,0.1437063068151474,1.297040343284607,0.19376900792121887,-0.5567509531974792,-2.4750802516937256,1.1416808366775513,0.8754883408546448,-0.9532904028892517,2.1967594623565674,5.3563666343688965,3.4182186126708984,-2.0408363342285156,0.4966418445110321,0.03266705945134163,-1.4551987648010254,-1.93437922000885,2.2897794246673584,-6.185141086578369]",0.06642100214958191,0.07128605246543884,0.02220086194574833,0.09073705971240997,0.08355087786912918,4.177543893456459,0,0,0,0.47570499777793884,0.4853631854057312,0.9943891167640686,0.9234809279441833,0.7726369500160217,0.5990746021270752,-0.07310587912797928,-0.0,-0.0
96,1.92,96,"[-0.9854511618614197,0.3912568986415863,-0.028001070022583008,1.1272066831588745,-0.058406755328178406,-0.04956329986453056,0.5164111852645874,-0.821876585483551,0.017287602648139,1.075036883354187,-0.1267562359571457,0.0348987951874733,0.4889080822467804,0.29934990406036377,-0.43802523612976074,-0.816038966178894,0.389828622341156,-0.016600333154201508,0.08831104636192322,0.8664488792419434,0.12012868374586105,0.4265758991241455,-0.3876074254512787,0.17469441890716553,0.017093999311327934,-0.14432205259799957,-1.0980618000030518,0.22911691665649414,-0.48529958724975586]","[-0.9222999811172485,0.2785157561302185,0.06425833702087402,1.0653431415557861,-0.019136914983391762,-0.04335366189479828,0.590301513671875,-0.8189015984535217,-0.11877668648958206,1.122310996055603,-0.11884190142154694,0.025862542912364006,0.4376121759414673,0.26705458760261536,-0.378597617149353,-0.82538241147995,0.3098568916320801,0.043198004364967346,-0.061880141496658325,0.925163209438324,0.3584006130695343,0.2777886390686035,-0.39750200510025024,0.013471337035298347,-0.04228952154517174,-0.15030130743980408,-0.9884422421455383,0.27795732021331787,-0.7270292639732361]","[0.27589648962020874,-3.1636834144592285,0.9092888236045837,-1.9941151142120361,-0.0520472414791584,-0.19177329540252686,-2.9899449348449707,1.9212663173675537,0.06749708205461502,-0.9042680263519287,0.6945773959159851,0.11095395684242249,-1.6182132959365845,0.1901976764202118,-0.7980197668075562,0.6970271468162537,0.8127942681312561,2.0142664909362793,-0.9502625465393066,1.7356008291244507,0.4884844720363617,2.34716534614563,1.927267074584961,3.5838403701782227,0.7035527229309082,-2.155867338180542,-0.011670589447021484,-1.9905142784118652,0.6240919232368469]","[0.3325338661670685,-3.237628698348999,1.5014885663986206,-2.5717437267303467,-0.09567444771528244,0.3519453704357147,-3.6459710597991943,1.6228939294815063,0.1526421159505844,-0.05313852056860924,0.499915212392807,0.546914279460907,-1.8244407176971436,0.6622396111488342,-0.22457394003868103,2.7677063941955566,-0.5573438405990601,1.7380341291427612,-2.3384315967559814,2.611959934234619,-1.4815133810043335,1.6352767944335938,1.5903856754302979,1.5185738801956177,-0.16587768495082855,-3.2007668018341064,1.0063155889511108,-1.7391717433929443,0.37759384512901306]","[-0.3678697347640991,0.4557020664215088,-0.18206219375133514,1.0772978067398071,0.818440318107605,-0.02538793534040451,0.918602466583252,-1.9865267276763916,-0.38488614559173584,1.0502848625183105,0.5788279175758362,0.1382400244474411,1.1299909353256226,-0.020008109509944916,-0.6170888543128967,-2.19301438331604,1.2658439874649048,1.0577788352966309,-0.8120354413986206,2.2909984588623047,5.380352973937988,3.5880656242370605,-2.1180174350738525,0.389311820268631,0.06845255196094513,-1.4218287467956543,-1.9386065006256104,1.8818891048431396,-6.062528610229492]",0.06233258545398712,0.1021571084856987,0.019275015220046043,0.10036928206682205,0.08639358729124069,4.319679364562035,0,0,0,0.4781089127063751,0.47148630023002625,0.9955760836601257,0.9155070185661316,0.7841172814369202,0.7410895228385925,-0.06620577722787857,-0.0,-0.0
97,1.94,97,"[-0.9815881848335266,0.3198671340942383,-0.0020205385517328978,1.0798020362854004,-0.058601219207048416,-0.05213548243045807,0.45335060358047485,-0.7728513479232788,0.0037789451889693737,1.064118504524231,-0.11134439706802368,0.037276118993759155,0.4515368640422821,0.2930104434490204,-0.45331910252571106,-0.807559609413147,0.40154290199279785,0.01981278508901596,0.07141317427158356,0.896622359752655,0.13522332906723022,0.4689825177192688,-0.34302133321762085,0.23607991635799408,0.03241827338933945,-0.1884394884109497,-1.1037932634353638,0.1889161765575409,-0.4971640706062317]","[-0.9032374620437622,0.2185264527797699,0.08334647119045258,1.0215396881103516,-0.022752990946173668,-0.038461726158857346,0.516977846622467,-0.7838053703308105,-0.10362207889556885,1.1099810600280762,-0.10438217967748642,0.036819715052843094,0.4074196517467499,0.28506016731262207,-0.3684070408344269,-0.7732314467430115,0.30576109886169434,0.0787208154797554,-0.09513933956623077,0.9773503541946411,0.3248618543148041,0.3096763789653778,-0.3649449050426483,0.03268854692578316,-0.04257006198167801,-0.21321922540664673,-0.9804424047470093,0.24345649778842926,-0.7302168011665344]","[0.807344913482666,-3.9458298683166504,0.8007735013961792,-2.2659778594970703,0.04535820335149765,-0.19062739610671997,-3.395789861679077,2.3293747901916504,-0.2306227684020996,-0.5201220512390137,0.8237358331680298,0.09220913052558899,-1.7988793849945068,-0.04683583974838257,0.2160586416721344,0.9349733591079712,0.35934820771217346,1.8004149198532104,-1.531554937362671,1.9516974687576294,0.43686649203300476,1.9221067428588867,1.8090174198150635,1.6364127397537231,0.9670330286026001,-1.9962154626846313,-0.4170358180999756,-1.9399360418319702,-1.2778595685958862]","[1.2600892782211304,-2.866621971130371,0.6795462369918823,-1.9441574811935425,-0.1942332684993744,0.2081010341644287,-3.6985254287719727,1.6902999877929688,0.9401838779449463,-0.8439327478408813,0.686620831489563,0.49391886591911316,-1.3105628490447998,0.9239917993545532,0.8853775858879089,2.734990358352661,0.009780175983905792,1.5645371675491333,-1.9490747451782227,2.577760696411133,-1.8782957792282104,2.025021553039551,1.670168399810791,0.6796696782112122,0.04367678239941597,-3.1569199562072754,0.1485426276922226,-1.7371611595153809,-0.43696826696395874]","[-0.2471516728401184,0.27367937564849854,-0.1183941587805748,0.9213238954544067,0.7716056108474731,-0.03973080962896347,0.7620633244514465,-1.7982286214828491,-0.3074106276035309,0.9508155584335327,0.6363404989242554,0.15812818706035614,0.9294533133506775,-0.0934155210852623,-0.5844847559928894,-1.8803151845932007,1.1674952507019043,1.1471781730651855,-0.6753236651420593,2.3720827102661133,5.432547569274902,3.686767578125,-2.165027379989624,0.09800408780574799,0.06635792553424835,-1.5070908069610596,-2.0015716552734375,1.512481689453125,-6.014851093292236]",0.062147825956344604,0.12331650406122208,0.020200718194246292,0.10555906593799591,0.09152331948280334,4.576165974140167,0,0,0,0.4780464768409729,0.45958855748176575,0.9954081177711487,0.9105225205421448,0.9320421814918518,0.8600513339042664,-0.05949337035417557,-0.0,-0.0
98,1.96,98,"[-0.953157365322113,0.23342370986938477,0.004029871895909309,1.0365675687789917,-0.0565924271941185,-0.05718839541077614,0.3805795907974243,-0.7287015914916992,0.008062692359089851,1.0542320013046265,-0.09380680322647095,0.03858716040849686,0.416952908039093,0.29747647047042847,-0.42938289046287537,-0.7786400318145752,0.40420255064964294,0.05541626736521721,0.027048852294683456,0.9445167779922485,0.13760334253311157,0.503460168838501,-0.31524673104286194,0.24015092849731445,0.055775318294763565,-0.22417066991329193,-1.1147432327270508,0.15151947736740112,-0.5364139676094055]","[-0.8688841462135315,0.16152667999267578,0.08890427649021149,0.9821996092796326,-0.030795874074101448,-0.03822018578648567,0.4380171000957489,-0.7482907176017761,-0.07071314752101898,1.0824675559997559,-0.08980806916952133,0.04559212177991867,0.3865338861942291,0.30290454626083374,-0.3437926769256592,-0.7102042436599731,0.30912014842033386,0.10168607532978058,-0.1426151841878891,1.0238652229309082,0.2810814678668976,0.3563746511936188,-0.327090859413147,0.03273767977952957,-0.040082160383462906,-0.27453547716140747,-0.9848509430885315,0.20475319027900696,-0.7483249306678772]","[1.9431666135787964,-4.475191593170166,-0.061833493411540985,-2.3463845252990723,0.007664971053600311,-0.300723135471344,-4.004266738891602,2.066093683242798,0.7616587281227112,-0.7490664720535278,0.9261319637298584,0.033269356936216354,-1.378713607788086,0.3981567919254303,1.6464918851852417,1.9005119800567627,-0.10346472263336182,1.664186716079712,-2.6544086933135986,2.686323404312134,-0.10042190551757812,1.829943060874939,1.374914526939392,-1.0383166074752808,0.9542236328125,-1.831118106842041,-0.5353957414627075,-3.534205436706543,-2.7872042655944824]","[1.9346342086791992,-2.792970895767212,0.11918281763792038,-1.8546448945999146,-0.4338667690753937,-0.02187308669090271,-4.04020881652832,1.69780695438385,1.8480033874511719,-1.5742392539978027,0.6415954828262329,0.37836483120918274,-0.8950217962265015,0.8152713179588318,1.4373968839645386,3.226530075073242,0.29622793197631836,0.8939189910888672,-2.477126121520996,2.1523733139038086,-2.217670440673828,2.3984429836273193,1.9729139804840088,-0.37159058451652527,0.18105775117874146,-2.972133159637451,-0.3237174153327942,-2.0130152702331543,-1.2360892295837402]","[-0.12529198825359344,0.03352060914039612,-0.06607045978307724,0.7651597261428833,0.71126788854599,-0.07280755788087845,0.5416034460067749,-1.6822532415390015,-0.1462870091199875,0.7876986861228943,0.6577964425086975,0.16267035901546478,0.8218329548835754,-0.020001612603664398,-0.522438645362854,-1.3125780820846558,0.8794045448303223,1.049540400505066,-0.5581571459770203,2.3655011653900146,5.384566783905029,3.7889597415924072,-2.1050004959106445,-0.2490028589963913,-0.06181393191218376,-1.654710054397583,-2.0781643390655518,1.0724802017211914,-6.003988742828369]",0.06144656240940094,0.120144322514534,0.02036360464990139,0.1061040610074997,0.09122167527675629,4.561083763837814,0,0,0,0.4783931076526642,0.46220436692237854,0.9953965544700623,0.9135056138038635,0.9385740160942078,0.8773607015609741,-0.10435028374195099,-0.0,-0.0
99,1.98,99,"[-0.9038615226745605,0.1408594697713852,-0.004493878223001957,0.9859466552734375,-0.058294620364904404,-0.0641644075512886,0.2931799292564392,-0.6902076005935669,0.03424529358744621,1.0341558456420898,-0.07429911941289902,0.03860689327120781,0.39638832211494446,0.3089367151260376,-0.3874594271183014,-0.7315391302108765,0.3974043130874634,0.0863802507519722,-0.034763168543577194,1.004075288772583,0.1312064528465271,0.5421802401542664,-0.28802475333213806,0.19454725086688995,0.07058721780776978,-0.26168420910835266,-1.125209093093872,0.047547973692417145,-0.6086522340774536]","[-0.8194074630737305,0.10612787306308746,0.08094920217990875,0.9412791132926941,-0.04236168414354324,-0.04084191843867302,0.35025355219841003,-0.7108538746833801,-0.016560841351747513,1.0426549911499023,-0.07519299536943436,0.05151081085205078,0.37721773982048035,0.32011571526527405,-0.3153519630432129,-0.639996349811554,0.31467440724372864,0.11678539216518402,-0.18920361995697021,1.0643357038497925,0.2360812872648239,0.41007089614868164,-0.27975940704345703,0.011401096358895302,-0.03658587485551834,-0.33461621403694153,-0.9908769726753235,0.15996122360229492,-0.770293116569519]","[2.707362174987793,-4.546901702880859,-0.41811099648475647,-2.8829233646392822,-0.15398412942886353,-0.3283594846725464,-4.618948936462402,1.912561058998108,1.5196646451950073,-1.277443766593933,0.9764528274536133,-0.02086227759718895,-0.7009223103523254,0.4934646189212799,1.8414497375488281,2.671344757080078,-0.4639171063899994,1.3136656284332275,-3.0345425605773926,2.725198984146118,-0.3128979504108429,2.575704574584961,1.7720320224761963,-2.7697224617004395,0.5107012987136841,-2.2677581310272217,-0.4786580801010132,-5.5698699951171875,-3.135617256164551]","[2.824960947036743,-2.6756443977355957,-0.6257696151733398,-1.9559845924377441,-0.5950900316238403,-0.13395780324935913,-4.4723734855651855,1.8029627799987793,2.9719152450561523,-2.135667085647583,0.6472657918930054,0.23585034906864166,-0.2168765515089035,0.8692077398300171,1.4820947647094727,3.580770492553711,0.3465014100074768,0.6711686849594116,-2.296435832977295,1.8879085779190063,-2.1444084644317627,2.7596871852874756,2.5212810039520264,-1.4189646244049072,0.1974872201681137,-2.9451663494110107,-0.31675711274147034,-2.2934253215789795,-1.1082645654678345]","[0.03381887078285217,-0.1630808413028717,-0.01602473482489586,0.5746986865997314,0.6663643717765808,-0.09604553133249283,0.34622862935066223,-1.5150498151779175,-4.581734538078308e-05,0.6714584827423096,0.6996870636940002,0.16196246445178986,0.7191686630249023,0.10567114502191544,-0.6418856978416443,-0.7210891842842102,0.5795972943305969,0.966213047504425,-0.3798932433128357,2.37727689743042,5.2666850090026855,3.9230313301086426,-1.9004673957824707,-0.5367177128791809,-0.22196738421916962,-1.8975595235824585,-2.102482795715332,0.641954779624939,-6.038961887359619]",0.059918832033872604,0.10252454876899719,0.018939640372991562,0.10035081207752228,0.09019870311021805,4.509935155510902,0,0,0,0.4793846905231476,0.4725276529788971,0.9959663152694702,0.9217411279678345,0.9241639375686646,0.8317080140113831,-0.11555680632591248,-0.0,-0.0
100,2.0,100,"[-0.8448628783226013,0.05154765397310257,-0.012694567441940308,0.9212506413459778,-0.06275179237127304,-0.07032277435064316,0.1958216279745102,-0.6521991491317749,0.06884927302598953,1.0031342506408691,-0.054748691618442535,0.0377526693046093,0.388916015625,0.31721505522727966,-0.35572490096092224,-0.6717862486839294,0.38564586639404297,0.10796289145946503,-0.09433284401893616,1.0535247325897217,0.1250874251127243,0.6064883470535278,-0.24436545372009277,0.12936203181743622,0.0762033686041832,-0.31488099694252014,-1.1338895559310913,-0.07127532362937927,-0.6618386507034302]","[-0.7674086093902588,0.04966311156749725,0.07146154344081879,0.8928285241127014,-0.05048409476876259,-0.044212568551301956,0.2597852051258087,-0.6650463938713074,0.03811356797814369,0.9991673827171326,-0.05872392654418945,0.057244203984737396,0.36681637167930603,0.33490288257598877,-0.2948154807090759,-0.5649133920669556,0.3201151192188263,0.1272439956665039,-0.2280682623386383,1.101108193397522,0.1953510344028473,0.47900834679603577,-0.21819894015789032,-0.02739657461643219,-0.03654183819890022,-0.4019869267940521,-0.9937620759010315,0.11085472255945206,-0.7784954905509949]","[3.143315076828003,-3.9116830825805664,0.024940114468336105,-3.469379425048828,-0.20158115029335022,-0.2783415913581848,-4.786892890930176,2.0715548992156982,1.6832705736160278,-1.7426222562789917,0.9919435977935791,-0.04233429208397865,-0.3583930432796478,0.44756829738616943,1.2064383029937744,3.3607184886932373,-0.5308725237846375,0.913930356502533,-2.754293918609619,2.223095417022705,-0.10466165840625763,3.743675470352173,2.5117547512054443,-3.2950387001037598,-0.03656037151813507,-3.0786991119384766,-0.46427249908447266,-5.779995918273926,-1.7132059335708618]","[2.761012315750122,-2.6251373291015625,-0.26759740710258484,-2.40054988861084,-0.42461031675338745,-0.1709452122449875,-4.49147891998291,2.3499984741210938,2.676941156387329,-2.151066303253174,0.7701499462127686,0.25625255703926086,-0.5130364894866943,0.7550296783447266,0.996783971786499,3.7683441638946533,0.30438852310180664,0.38946616649627686,-1.7101224660873413,1.6645203828811646,-1.8778340816497803,3.9539172649383545,3.277918815612793,-2.2217514514923096,-0.08964944630861282,-3.5007548332214355,-0.13678324222564697,-2.460197687149048,-0.12587332725524902]","[0.15996363759040833,-0.22774505615234375,0.10506422072649002,0.3672201633453369,0.6629739999771118,-0.11595425754785538,0.262200266122818,-1.297414779663086,0.07201270759105682,0.6136096715927124,0.7621393799781799,0.1790814846754074,0.562046229839325,0.20438259840011597,-0.8019412755966187,-0.2823041081428528,0.35720309615135193,0.8569375276565552,-0.21048694849014282,2.4130918979644775,5.11712121963501,4.050268650054932,-1.6179208755493164,-0.710037112236023,-0.39019399881362915,-2.260277509689331,-2.090991735458374,0.3081904649734497,-6.100512504577637]",0.05848001316189766,0.08249327540397644,0.018096882849931717,0.1003781110048294,0.09151270240545273,4.575635120272636,0,0,0,0.48022162914276123,0.4826301634311676,0.9962873458862305,0.9194782972335815,0.929026186466217,0.8592857718467712,-0.09129473567008972,-0.0,-0.0
101,2.02,101,"[-0.7781289219856262,-0.015607842244207859,-0.0034962736535817385,0.8471714854240417,-0.06635786592960358,-0.07529807090759277,0.10170421004295349,-0.6073454022407532,0.10157611221075058,0.9644509553909302,-0.03462137654423714,0.03691352158784866,0.38205260038375854,0.3268394470214844,-0.3392018973827362,-0.597110390663147,0.3761694133281708,0.12293746322393417,-0.14493492245674133,1.0929991006851196,0.1270199865102768,0.6919272541999817,-0.18755456805229187,0.06274570524692535,0.06912480294704437,-0.3848321735858917,-1.143779993057251,-0.1836518496274948,-0.6771804690361023]","[-0.7070687413215637,0.003456132486462593,0.07318302243947983,0.8342421054840088,-0.054809827357530594,-0.044736191630363464,0.16584137082099915,-0.6131094694137573,0.09051195532083511,0.959606945514679,-0.04113529250025749,0.06046731770038605,0.3514552116394043,0.35147395730018616,-0.2806132733821869,-0.48355498909950256,0.3288501501083374,0.13351188600063324,-0.2532431185245514,1.1389909982681274,0.16447943449020386,0.5786247849464417,-0.14488725364208221,-0.0771738588809967,-0.04252462089061737,-0.47738903760910034,-0.9919678568840027,0.05769938603043556,-0.7652645111083984]","[3.5345585346221924,-2.7954254150390625,0.8467774987220764,-3.847296714782715,-0.15239250659942627,-0.2277640700340271,-4.468659400939941,2.396075487136841,1.4318110942840576,-1.9059956073760986,1.0694255828857422,-0.06472766399383545,-0.6040245294570923,0.5242779850959778,0.5793132185935974,4.162655830383301,-0.38305744528770447,0.6297078132629395,-2.304966449737549,1.9507378339767456,0.6811835169792175,4.588553428649902,2.6997506618499756,-3.659989356994629,-0.4912967085838318,-3.677372694015503,-0.3134578466415405,-4.991989612579346,-0.037439167499542236]","[3.0883843898773193,-2.333711862564087,0.06073012575507164,-2.962611436843872,-0.09030996263027191,0.04058237373828888,-4.757387638092041,2.5665714740753174,2.316455364227295,-1.8394889831542969,0.8235000967979431,0.1280236840248108,-0.9999606013298035,0.7942007184028625,0.5642131567001343,4.163784503936768,0.5222093462944031,0.2647406756877899,-0.9482740163803101,1.8077585697174072,-1.3124868869781494,5.655898094177246,3.7818450927734375,-2.6519789695739746,-0.36328086256980896,-3.754699945449829,0.12032555043697357,-2.679168224334717,0.8853352069854736]","[0.3512599766254425,-0.17714662849903107,0.15965259075164795,0.11500223726034164,0.677721381187439,-0.09665940701961517,0.08485779166221619,-1.1574382781982422,0.15602748095989227,0.5877984166145325,0.8118773698806763,0.16936135292053223,0.3149418830871582,0.26529309153556824,-0.9684550166130066,0.031103894114494324,0.2301805466413498,0.7478735446929932,-0.15195515751838684,2.520021677017212,4.894285678863525,4.170755386352539,-1.3530464172363281,-0.8042664527893066,-0.5933423042297363,-2.568542003631592,-2.0569660663604736,0.03420563042163849,-6.152684688568115]",0.05720639228820801,0.0654834434390068,0.018392598256468773,0.10373213142156601,0.09192311763763428,4.596155881881714,0,0,0,0.48093125224113464,0.4890759587287903,0.9961634874343872,0.9118843674659729,0.9267246127128601,0.8673501014709473,-0.07597406208515167,-0.0,-0.0
102,2.04,102,"[-0.7034805417060852,-0.06026935577392578,0.02117653377354145,0.7673587799072266,-0.06884749233722687,-0.07943333685398102,0.01707526110112667,-0.5563561320304871,0.12612171471118927,0.9268944263458252,-0.0119716702029109,0.03516356274485588,0.3647550344467163,0.3381861746311188,-0.33255237340927124,-0.5052800178527832,0.3703235685825348,0.13315120339393616,-0.18653149902820587,1.1315542459487915,0.1523347645998001,0.7900304794311523,-0.13637542724609375,-0.017037544399499893,0.0565515011548996,-0.46197590231895447,-1.146427869796753,-0.2709549069404602,-0.6633362174034119]","[-0.6338204145431519,-0.026172654703259468,0.08917444199323654,0.7692229151725769,-0.06237310916185379,-0.04450259730219841,0.06818652153015137,-0.5555246472358704,0.13588547706604004,0.9278954267501831,-0.02319238893687725,0.059802278876304626,0.3258616030216217,0.3716825842857361,-0.27316007018089294,-0.39321622252464294,0.34297803044319153,0.140152245759964,-0.2683795690536499,1.1757296323776245,0.1493881642818451,0.7051168084144592,-0.07333768904209137,-0.13462325930595398,-0.059010099619627,-0.5483241081237793,-0.9799475073814392,0.004033427685499191,-0.7297466993331909]","[3.8088173866271973,-1.833438754081726,1.3846830129623413,-3.972029685974121,-0.03576856106519699,-0.20236298441886902,-4.14248514175415,2.6524245738983154,1.0883773565292358,-1.7300859689712524,1.218923568725586,-0.11793877929449081,-1.116347312927246,0.5878545641899109,0.014765560626983643,5.061934947967529,-0.371406227350235,0.7102215886116028,-2.967768907546997,1.7802327871322632,1.52964186668396,2.9396579265594482,2.688366174697876,-4.068071365356445,-1.2500327825546265,-4.011678218841553,0.18593966960906982,-3.2774930000305176,0.7925420999526978]","[3.9092695713043213,-1.1971348524093628,1.0749337673187256,-3.159867525100708,-0.5651574730873108,-0.012254987843334675,-4.868458271026611,2.873149871826172,1.9761303663253784,-1.446476936340332,0.832091748714447,-0.06304860860109329,-1.509779691696167,0.9989645481109619,0.2494371384382248,4.633438587188721,0.8022514581680298,0.37320855259895325,-0.5521165728569031,1.7212480306625366,-0.46859896183013916,6.751605033874512,3.05861759185791,-3.0276777744293213,-1.2907592058181763,-3.040274143218994,0.9756216406822205,-2.027841091156006,2.9035024642944336]","[0.5143996477127075,-0.12449425458908081,0.18424582481384277,-0.17550495266914368,0.6834624409675598,-0.08493829518556595,-0.13555648922920227,-0.9542406797409058,0.18888764083385468,0.589421272277832,0.8576878309249878,0.14514972269535065,0.08875898271799088,0.2936818599700928,-1.0416072607040405,0.24078941345214844,0.14882595837116241,0.600913941860199,-0.2710941433906555,2.600393056869507,4.594102382659912,4.307393550872803,-1.154381275177002,-0.8622862100601196,-0.8776162266731262,-2.8013250827789307,-1.9879000186920166,-0.1670316904783249,-6.25719690322876]",0.056446004658937454,0.04953661561012268,0.018473263829946518,0.10479798167943954,0.09097620844841003,4.548810422420502,0,0,0,0.48134949803352356,0.4934994876384735,0.9959904551506042,0.9081158638000488,0.9117222428321838,0.8282477259635925,-0.07011516392230988,-0.0,-0.0
103,2.06,103,"[-0.6257762312889099,-0.08894538879394531,0.05189104378223419,0.6882902979850769,-0.06778860837221146,-0.08339259028434753,-0.06399518996477127,-0.5012484192848206,0.14511120319366455,0.8952475190162659,0.014135563746094704,0.03219597041606903,0.3373987078666687,0.3503536283969879,-0.33861127495765686,-0.3946329951286316,0.3613131642341614,0.1513463258743286,-0.2636456787586212,1.1642084121704102,0.18820565938949585,0.8095135688781738,-0.08001992106437683,-0.09997714310884476,0.019123494625091553,-0.5452992916107178,-1.1363424062728882,-0.3147515654563904,-0.6454787850379944]","[-0.5565556883811951,-0.04947395622730255,0.10544103384017944,0.6925095319747925,-0.06443231552839279,-0.04413507133722305,-0.03124140202999115,-0.4866023063659668,0.1688484102487564,0.9043020009994507,-0.0031613237224519253,0.05623260885477066,0.2866177260875702,0.3903670608997345,-0.2771223783493042,-0.3000241219997406,0.3584894835948944,0.1461569219827652,-0.27972686290740967,1.2054505348205566,0.15056268870830536,0.8419784903526306,-0.012579583562910557,-0.19434988498687744,-0.10868772864341736,-0.6112217307090759,-0.9602236151695251,-0.04274005815386772,-0.6964617371559143]","[3.9120779037475586,-1.1484506130218506,1.5180399417877197,-3.726501941680908,0.12438762933015823,-0.18817764520645142,-4.055587291717529,2.8256335258483887,0.9400759339332581,-1.340086817741394,1.4403393268585205,-0.15863734483718872,-1.6108125448226929,0.5476653575897217,-0.48202797770500183,5.888487339019775,-0.5117610096931458,1.0693408250808716,-4.492549419403076,1.584029197692871,1.6458481550216675,0.09071677923202515,3.092653274536133,-4.0069708824157715,-3.0332648754119873,-4.235361099243164,0.9056895971298218,0.1370169222354889,0.7338792085647583]","[4.0392327308654785,-0.791090190410614,1.003369688987732,-3.7166855335235596,-0.060860417783260345,0.00938443560153246,-4.848519325256348,3.5813934803009033,1.4075133800506592,-1.068617820739746,0.9464976191520691,-0.19414345920085907,-2.0700995922088623,0.9296303987503052,-0.25810062885284424,4.571038722991943,0.8014112114906311,0.3001407980918884,-0.4996766149997711,1.3227084875106812,0.28832802176475525,6.852456569671631,2.8027734756469727,-3.0215904712677,-3.10949444770813,-3.1013851165771484,0.9906913638114929,-2.2073111534118652,1.4063313007354736]","[0.5122005939483643,-0.13307256996631622,0.20004869997501373,-0.4429909884929657,0.6785937547683716,-0.08665670454502106,-0.24151811003684998,-0.6008249521255493,0.19514258205890656,0.5814565420150757,0.9194068312644958,0.11961937695741653,0.061360470950603485,0.21150434017181396,-0.9493746161460876,0.2931188941001892,0.17170678079128265,0.4224470257759094,-0.5600817799568176,2.6465582847595215,4.200772762298584,4.410924434661865,-1.0016093254089355,-0.8704231381416321,-1.205758810043335,-2.9249565601348877,-1.9264034032821655,-0.362667441368103,-6.4628753662109375]",0.055706851184368134,0.03339283913373947,0.01810872182250023,0.10477431118488312,0.08830249309539795,4.4151246547698975,0,0,0,0.481660932302475,0.49707362055778503,0.9961177706718445,0.9126646518707275,0.8888399004936218,0.713319718837738,-0.07455193251371384,-0.0,-0.0
104,2.08,104,"[-0.5469974279403687,-0.10620737820863724,0.08189813047647476,0.6182987093925476,-0.06387198716402054,-0.08696044236421585,-0.14514823257923126,-0.4433307945728302,0.16372475028038025,0.8732909560203552,0.04564190283417702,0.028818069025874138,0.3003225326538086,0.36009278893470764,-0.3518334925174713,-0.2697405219078064,0.34985312819480896,0.17592483758926392,-0.3662334680557251,1.1949154138565063,0.2181686908006668,0.7936591506004333,-0.012669296935200691,-0.17731636762619019,-0.06477909535169601,-0.6313903331756592,-1.11020028591156,-0.26547423005104065,-0.6339810490608215]","[-0.47242045402526855,-0.06779468059539795,0.11837794631719589,0.616634726524353,-0.06353463232517242,-0.04571203514933586,-0.12516023218631744,-0.4093298316001892,0.19417433440685272,0.8855722546577454,0.022980447858572006,0.050170838832855225,0.24446731805801392,0.39903706312179565,-0.29015958309173584,-0.19701127707958221,0.36821359395980835,0.15128359198570251,-0.33611005544662476,1.2162861824035645,0.16017158329486847,0.8952240347862244,0.034812070429325104,-0.25354132056236267,-0.2037675529718399,-0.6573500633239746,-0.933402419090271,-0.06963668763637543,-0.6621385812759399]","[3.953558921813965,-1.212113380432129,0.8922757506370544,-3.4683496952056885,0.31335726380348206,-0.25611966848373413,-4.159822940826416,3.0231833457946777,0.9769167900085449,-0.9493395686149597,1.7217473983764648,-0.15934646129608154,-2.154414415359497,0.12749508023262024,-0.7849246263504028,6.144354820251465,-0.4517272114753723,1.0904715061187744,-5.213064670562744,1.5533685684204102,1.0525606870651245,-1.2892454862594604,3.4975268840789795,-3.941164255142212,-4.835411548614502,-4.019845962524414,1.364085078239441,0.633364200592041,0.1524418592453003]","[4.267306804656982,-1.0300958156585693,0.4945729076862335,-3.7408125400543213,0.10312361270189285,-0.047716304659843445,-4.562145233154297,3.8431336879730225,1.0089980363845825,-0.8420735597610474,1.2862108945846558,-0.3007025122642517,-2.0940189361572266,0.08230369538068771,-0.8641151189804077,5.484376430511475,0.1738729178905487,0.19081860780715942,-4.3224663734436035,0.05831369385123253,0.49430426955223083,-0.07980919629335403,2.2865793704986572,-2.9179558753967285,-5.505578994750977,-2.0448250770568848,1.3517817258834839,-0.9505571126937866,1.5210497379302979]","[0.5499142408370972,-0.14839743077754974,0.18402281403541565,-0.6357870101928711,0.7053822875022888,-0.09393730759620667,-0.30737215280532837,-0.3121897280216217,0.23288773000240326,0.5542192459106445,1.0235073566436768,0.08955981582403183,0.01642002910375595,0.041814498603343964,-0.9185023307800293,0.25848501920700073,0.24265272915363312,0.25101977586746216,-0.7993873953819275,2.7057039737701416,3.7117292881011963,4.522745609283447,-0.8525933623313904,-0.9206400513648987,-1.4315369129180908,-2.9548590183258057,-1.8964911699295044,-0.6764156818389893,-6.739672660827637]",0.055048342794179916,0.016616791486740112,0.017196280881762505,0.09829974919557571,0.09268350154161453,4.634175077080727,0,0,0,0.4818751811981201,0.4990360736846924,0.9965654611587524,0.9352411031723022,0.9164157509803772,0.8824191093444824,-0.07737763226032257,-0.0,-0.0
105,2.1,105,"[-0.4676338732242584,-0.13742992281913757,0.0875820741057396,0.549556314945221,-0.055254317820072174,-0.0936373770236969,-0.2303881049156189,-0.38032108545303345,0.1841878741979599,0.8572739362716675,0.08300545811653137,0.0258221123367548,0.2512221336364746,0.3554534316062927,-0.370008260011673,-0.14885881543159485,0.3432440757751465,0.1949651837348938,-0.4721682667732239,1.2263431549072266,0.23030808568000793,0.7579437494277954,0.05988115072250366,-0.25762370228767395,-0.17429296672344208,-0.7060931324958801,-1.0817790031433105,-0.28941699862480164,-0.6393811106681824]","[-0.3809290826320648,-0.0864611491560936,0.12404051423072815,0.5451184511184692,-0.05447676405310631,-0.048868145793676376,-0.20698373019695282,-0.32994046807289124,0.2150803506374359,0.868137001991272,0.05740370228886604,0.043729525059461594,0.20387406647205353,0.3899720013141632,-0.30797702074050903,-0.09760531783103943,0.3664994537830353,0.14938367903232574,-0.4264674782752991,1.2216098308563232,0.16764631867408752,0.8688035011291504,0.08290578424930573,-0.3115536570549011,-0.32790014147758484,-0.6872585415840149,-0.9144189953804016,-0.08672206103801727,-0.6585685610771179]","[3.923504114151001,-1.956238031387329,-0.2587268054485321,-3.4052059650421143,0.5272372961044312,-0.2503642737865448,-4.569721698760986,3.089995861053467,0.9007543325424194,-0.708480179309845,1.9727338552474976,-0.15234552323818207,-2.9010121822357178,-0.699855387210846,-0.8298620581626892,5.430386543273926,-0.33213868737220764,0.9964723587036133,-4.739811897277832,1.57603919506073,-0.23906566202640533,-1.7593309879302979,3.795170783996582,-3.576856851577759,-5.9163899421691895,-3.1186134815216064,1.5135020017623901,-0.16453489661216736,-0.7094264030456543]","[4.526621341705322,-1.47214674949646,-0.34466689825057983,-3.7958803176879883,0.49969297647476196,-0.14026601612567902,-4.098377227783203,3.665147542953491,0.8271569609642029,-0.8544492721557617,1.698101282119751,-0.2912187874317169,-2.2410995960235596,-0.9550171494483948,-1.1411471366882324,4.6590471267700195,-0.1792823076248169,-0.1743003875017166,-4.3256072998046875,0.4600032866001129,0.24007640779018402,-1.6520297527313232,2.6354336738586426,-2.6413888931274414,-6.467277526855469,-1.5368531942367554,0.7440909743309021,-1.057599663734436,-1.1324841976165771]","[0.5388436317443848,-0.2375936508178711,0.1872768998146057,-0.7799922823905945,0.7629344463348389,-0.12062642723321915,-0.38755518198013306,-0.06678535789251328,0.27310889959335327,0.4741303324699402,1.1481741666793823,0.07410227507352829,-0.0612744465470314,-0.1239427700638771,-0.7390650510787964,-0.008320257067680359,0.35886332392692566,0.1969219595193863,-0.8245252966880798,2.867464542388916,3.2448434829711914,4.81048059463501,-0.6810969710350037,-1.107360601425171,-1.4533817768096924,-2.83866024017334,-1.960590124130249,-1.0177654027938843,-6.996777057647705]",0.055227842181921005,0.010725650936365128,0.017531458288431168,0.09741273522377014,0.09382998198270798,4.691499099135399,0,0,0,0.48167943954467773,0.4995304048061371,0.9964714646339417,0.9333680272102356,0.9597147703170776,0.907660722732544,-0.08692584931850433,-0.0,-0.0
106,2.12,106,"[-0.3900572657585144,-0.18445689976215363,0.07154905796051025,0.48209047317504883,-0.0427824966609478,-0.09697501361370087,-0.3279370963573456,-0.3197309672832489,0.19975492358207703,0.8449517488479614,0.12455125153064728,0.022724248468875885,0.18428204953670502,0.3320985734462738,-0.3850279748439789,-0.05252505838871002,0.33656758069992065,0.2157837301492691,-0.55582594871521,1.2579569816589355,0.2086060643196106,0.7232859134674072,0.13913753628730774,-0.32039064168930054,-0.3014346957206726,-0.7561348676681519,-1.0496602058410645,-0.27205562591552734,-0.6623581051826477]","[-0.2843914031982422,-0.10770593583583832,0.12684670090675354,0.48207810521125793,-0.03967985883355141,-0.05433480069041252,-0.2744026482105255,-0.25354915857315063,0.23445390164852142,0.8477781414985657,0.1004364937543869,0.040320251137018204,0.14879028499126434,0.36071038246154785,-0.3225592374801636,-0.024141360074281693,0.3676072061061859,0.14317074418067932,-0.5008859038352966,1.235322117805481,0.16525237262248993,0.8316559195518494,0.13068735599517822,-0.36379462480545044,-0.4564976096153259,-0.7026682496070862,-0.9052993655204773,-0.09652499854564667,-0.6797188520431519]","[3.809178590774536,-1.856946587562561,-0.6464393138885498,-3.000319004058838,0.7774482369422913,-0.1497071236371994,-4.337316989898682,2.8360419273376465,0.4139557480812073,-1.695980191230774,1.9405701160430908,-0.14309556782245636,-3.4186201095581055,-1.4262311458587646,-0.6027095317840576,3.7775678634643555,-0.10596290230751038,1.1206165552139282,-3.2821104526519775,1.1876702308654785,-1.8269565105438232,-1.0665730237960815,4.156202793121338,-2.8128743171691895,-5.725393772125244,-2.525620222091675,1.5268892049789429,0.8253514766693115,-0.5229860544204712]","[4.871450901031494,-0.4868212640285492,0.7489293813705444,-2.3449478149414062,0.7743945121765137,-0.29943498969078064,-2.967168092727661,3.7866997718811035,0.9097753763198853,-1.0283856391906738,2.071995973587036,-0.14036062359809875,-2.981276750564575,-1.599208116531372,-0.5026901364326477,3.159498453140259,0.30344948172569275,-0.3297833800315857,-3.3715503215789795,0.7574329972267151,-0.26095160841941833,-2.033503770828247,2.620407819747925,-2.125265598297119,-6.748624801635742,-1.2546027898788452,0.3792440593242645,-0.6727802753448486,-3.1500473022460938]","[0.4584785997867584,-0.25166577100753784,0.31420689821243286,-0.8531638383865356,0.8367524147033691,-0.15255913138389587,-0.2758144438266754,0.18363642692565918,0.2778184413909912,0.39866816997528076,1.2974507808685303,0.08818980306386948,-0.23882612586021423,-0.34687361121177673,-0.5612218976020813,-0.4314233064651489,0.5290912985801697,0.15756897628307343,-0.8633701205253601,2.908818244934082,2.748751640319824,5.094074249267578,-0.6313171982765198,-1.3135113716125488,-1.4638687372207642,-2.737720251083374,-2.037693738937378,-1.2969621419906616,-7.235435962677002]",0.05659184604883194,0.028379280120134354,0.017659299075603485,0.09959007799625397,0.09039285033941269,4.5196425169706345,0,0,0,0.48107945919036865,0.49894243478775024,0.9965282678604126,0.9415405988693237,0.9156175851821899,0.7845603823661804,-0.09862601011991501,-0.0,-0.0
107,2.14,107,"[-0.3152667284011841,-0.21170778572559357,0.061724502593278885,0.42954355478286743,-0.024156389757990837,-0.09962566196918488,-0.403880774974823,-0.2668794095516205,0.2007461041212082,0.7894347310066223,0.16062825918197632,0.020098289474844933,0.11447734385728836,0.29840418696403503,-0.3941166400909424,0.0022438981104642153,0.33900555968284607,0.23978984355926514,-0.6034526824951172,1.2738499641418457,0.15722982585430145,0.7152808308601379,0.22612926363945007,-0.37013867497444153,-0.4033087193965912,-0.8071179389953613,-1.0207034349441528,-0.2564029395580292,-0.6603005528450012]","[-0.23576228320598602,-0.11211292445659637,0.1466270089149475,0.4233742356300354,-0.023254042491316795,-0.06191904842853546,-0.32491135597229004,-0.2073134481906891,0.25768038630485535,0.7085192203521729,0.11604343354701996,0.04073328524827957,0.15564818680286407,0.3270321488380432,-0.3501763343811035,0.03460576757788658,0.3634694218635559,0.1526198834180832,-0.5682895183563232,1.2467117309570312,0.15383991599082947,0.8082192540168762,0.17426027357578278,-0.41480180621147156,-0.554180383682251,-0.7195897698402405,-0.8882855772972107,-0.11044210940599442,-0.6734610199928284]","[2.1700680255889893,-0.16597285866737366,0.6346024870872498,-1.9862488508224487,1.0585076808929443,-0.15235058963298798,-2.8657846450805664,2.4344749450683594,0.4690762758255005,-4.746617317199707,0.9844493269920349,-0.10708566009998322,-1.7784303426742554,-1.4620699882507324,-0.5201205611228943,2.1679961681365967,-0.018096715211868286,1.820845603942871,-2.290940284729004,0.1545727252960205,-2.869774580001831,-0.1529589295387268,3.8671457767486572,-2.1488869190216064,-4.218612194061279,-2.4329617023468018,1.5785143375396729,0.29905885457992554,-0.6991222500801086]","[0.05014863982796669,0.3743576407432556,1.550462007522583,-2.562077760696411,0.80164635181427,-0.3782140910625458,-2.1428096294403076,1.4318015575408936,0.8853321671485901,-9.613054275512695,-0.370447039604187,0.06216699257493019,2.188380479812622,-1.1603288650512695,-1.6756653785705566,2.9977848529815674,-0.7056954503059387,1.319196343421936,-3.693532943725586,0.6116933226585388,-0.4575401544570923,-0.5478142499923706,2.8986968994140625,-1.9626256227493286,-3.8555102348327637,-2.320019006729126,1.67392098903656,-1.479684829711914,-0.1867755502462387]","[0.3235085606575012,-0.1494724452495575,0.3925701081752777,-0.881488561630249,0.8740411996841431,-0.1757836937904358,0.0038044769316911697,0.22683781385421753,0.33562833070755005,0.3387855589389801,1.3958531618118286,0.110347680747509,-0.1969548463821411,-0.4925844371318817,-0.40153375267982483,-0.7801269292831421,0.6224236488342285,0.13705222308635712,-1.1238019466400146,2.8050644397735596,2.25871205329895,5.325786113739014,-0.558893620967865,-1.5272282361984253,-1.301954746246338,-2.489126443862915,-2.0943503379821777,-1.473407506942749,-7.5049052238464355]",0.058436695486307144,0.0238694716244936,0.01665615849196911,0.08719820529222488,0.08413329720497131,4.206664860248566,0,0,0,0.48027917742729187,0.49832671880722046,0.9960860013961792,0.9439556002616882,0.7851133346557617,0.5961251854896545,-0.09322100132703781,-0.0,-0.0
108,2.16,108,"[-0.30325454473495483,-0.19109581410884857,0.09693315625190735,0.40264052152633667,-0.0004421868361532688,-0.10306903719902039,-0.44256848096847534,-0.22235196828842163,0.2185179740190506,0.6550870537757874,0.16392922401428223,0.018440822139382362,0.11314483731985092,0.2736157774925232,-0.40583279728889465,0.034194786101579666,0.3358437120914459,0.2886175513267517,-0.6474635601043701,1.2641398906707764,0.09381508082151413,0.7171675562858582,0.29382336139678955,-0.4063461124897003,-0.47017917037010193,-0.8534533381462097,-0.9865196347236633,-0.2600932717323303,-0.690322995185852]","[-0.24523675441741943,-0.08888345956802368,0.19001002609729767,0.39688464999198914,0.002508326433598995,-0.07234397530555725,-0.3518303334712982,-0.17828066647052765,0.2717408835887909,0.5534757971763611,0.12767931818962097,0.03996414691209793,0.19568277895450592,0.3097735047340393,-0.35115543007850647,0.07744595408439636,0.3506179451942444,0.19620943069458008,-0.6353418231010437,1.2478231191635132,0.13614420592784882,0.8068289160728455,0.23173724114894867,-0.4344785511493683,-0.6118149161338806,-0.7761675119400024,-0.8568938374519348,-0.13899707794189453,-0.6938891410827637]","[-0.09100958704948425,1.5743207931518555,2.1344752311706543,-0.7771604061126709,1.1927666664123535,-0.17189812660217285,-1.5630476474761963,2.3729190826416016,1.065805196762085,-5.8007121086120605,0.3864046335220337,-0.10857917368412018,0.3931386470794678,-0.9965770244598389,-0.05059242248535156,0.9386246204376221,-0.3445379436016083,2.761359691619873,-2.182410717010498,-0.7641106843948364,-3.052119255065918,-0.08809417486190796,2.666308879852295,-1.5637993812561035,-2.95058274269104,-1.9405871629714966,1.2665420770645142,0.0894986093044281,-0.954177975654602]","[-0.3717584013938904,1.500732421875,2.52703595161438,-0.7258793711662292,1.3429385423660278,-0.508211076259613,-0.9857833981513977,1.5099340677261353,0.6975760459899902,-5.9626030921936035,0.9206876158714294,-0.0630350112915039,1.7074207067489624,-0.8406262993812561,0.9874349236488342,1.6287052631378174,-0.44177860021591187,2.3934381008148193,-3.136718273162842,-0.13447850942611694,-0.9092347621917725,0.06554682552814484,2.514482021331787,-0.5291578769683838,-2.3694169521331787,-2.678690195083618,1.2643338441848755,-1.2282989025115967,-1.385130763053894]","[0.29289156198501587,0.05002203583717346,0.6122747659683228,-0.7730417847633362,1.0122182369232178,-0.2183835804462433,0.009400280192494392,0.47885262966156006,0.5000849366188049,-0.25182467699050903,1.4390699863433838,0.0835137888789177,-0.1880682110786438,-0.669558584690094,-0.4295841455459595,-1.289326786994934,0.6906731128692627,0.2462102323770523,-0.9207874536514282,2.6379992961883545,1.7363532781600952,5.549886226654053,-0.4930359721183777,-1.6952844858169556,-1.3101146221160889,-2.233968496322632,-2.0975418090820312,-1.682041883468628,-7.812559604644775]",0.059680186212062836,0.028678279370069504,0.019665738567709923,0.0808500275015831,0.08912485092878342,4.456242546439171,0,0,0,0.4798731803894043,0.49782997369766235,0.9944364428520203,0.9506763815879822,0.8948754668235779,0.7885371446609497,-0.1499861776828766,-0.0,-0.0
109,2.18,109,"[-0.31890711188316345,-0.1487349569797516,0.14710350334644318,0.3984571397304535,0.023554276674985886,-0.10650158673524857,-0.46640267968177795,-0.1719626486301422,0.24337831139564514,0.5574062466621399,0.17608444392681122,0.015755122527480125,0.13020288944244385,0.2585411071777344,-0.39614033699035645,0.03978888317942619,0.32522404193878174,0.3502442240715027,-0.6907491087913513,1.2432855367660522,0.03514505922794342,0.7117570638656616,0.3327816128730774,-0.43269065022468567,-0.5213320255279541,-0.8847414255142212,-0.9700417518615723,-0.25282299518585205,-0.6984676718711853]","[-0.24998688697814941,-0.05087434872984886,0.2479521632194519,0.3956525921821594,0.034342411905527115,-0.08072871714830399,-0.3688688576221466,-0.14356113970279694,0.289086252450943,0.4850693643093109,0.14552928507328033,0.03525366261601448,0.22431032359600067,0.28596818447113037,-0.3182145357131958,0.08924883604049683,0.3509833812713623,0.24483801424503326,-0.6838304996490479,1.2369616031646729,0.11114770174026489,0.8054174184799194,0.2742216885089874,-0.4446924030780792,-0.6462738513946533,-0.8051134347915649,-0.8449334502220154,-0.1653916835784912,-0.7214783430099487]","[-1.1054561138153076,2.264892816543579,2.3317453861236572,0.09248778223991394,1.187497615814209,-0.148295059800148,-1.4203459024429321,2.747882604598999,1.1148531436920166,-3.327718496322632,0.9266656041145325,-0.08920573443174362,0.9660987257957458,-0.7273786067962646,0.8408524394035339,-0.3868553340435028,-0.32746195793151855,3.3323771953582764,-2.052502393722534,-1.2097686529159546,-2.8553199768066406,-0.6419286131858826,1.3692811727523804,-1.0936014652252197,-2.354457378387451,-1.1435121297836304,0.6149753928184509,0.165577232837677,-0.456102192401886]","[-0.10827682167291641,2.0605757236480713,2.948594093322754,0.16905711591243744,1.563703179359436,-0.3651025593280792,-0.7315403819084167,1.847130537033081,0.9254292249679565,-2.157423734664917,0.9237258434295654,-0.25311875343322754,1.2097920179367065,-1.3362406492233276,1.9050486087799072,0.05581348389387131,0.2671131491661072,2.3101563453674316,-2.045233726501465,-0.6393188834190369,-1.3036493062973022,-0.1951705664396286,1.5544545650482178,-0.6086666584014893,-1.610420823097229,-0.35353028774261475,-0.15030501782894135,-1.1253727674484253,-2.508105754852295]","[0.2200862169265747,0.07768535614013672,0.6380966901779175,-0.7237683534622192,1.0928809642791748,-0.2173539698123932,-0.15481331944465637,0.6499754786491394,0.639614462852478,-0.40181034803390503,1.3687732219696045,0.05049224942922592,-0.024141497910022736,-0.7432239055633545,-0.4084888696670532,-1.6066663265228271,0.7846812605857849,0.40341687202453613,-0.8989608287811279,2.6106390953063965,1.3145580291748047,5.780092239379883,-0.637850284576416,-2.08353328704834,-1.4176092147827148,-2.0183193683624268,-2.1337850093841553,-1.8982373476028442,-8.023324012756348]",0.05916004255414009,0.03825652226805687,0.02228001318871975,0.07888437807559967,0.09362035244703293,4.681017622351646,0,0,0,0.48043596744537354,0.49599507451057434,0.9929500818252563,0.9536612033843994,0.9583768248558044,0.883726954460144,-0.08412875235080719,-0.0,-0.0
110,2.2,110,"[-0.34747278690338135,-0.10050009936094284,0.1902029663324356,0.4063400328159332,0.04705771431326866,-0.10900083929300308,-0.4993823170661926,-0.11243666708469391,0.2631120979785919,0.5219783186912537,0.20099584758281708,0.014872592873871326,0.15178878605365753,0.2445206344127655,-0.3721987009048462,0.01872057281434536,0.3227452337741852,0.42191264033317566,-0.7295636534690857,1.2157491445541382,-0.020397711545228958,0.6914904117584229,0.348594605922699,-0.4500901699066162,-0.5643574595451355,-0.8991938233375549,-0.9619206190109253,-0.25347018241882324,-0.7085670828819275]","[-0.2545278072357178,-0.008688697591423988,0.30583104491233826,0.4027470350265503,0.06534644961357117,-0.08419056981801987,-0.3897341191768646,-0.10350040346384048,0.3123416304588318,0.4723450243473053,0.15846119821071625,0.02688448689877987,0.24882768094539642,0.2551196217536926,-0.2802644371986389,0.07671678066253662,0.3623652160167694,0.29023969173431396,-0.7157252430915833,1.2215118408203125,0.08360113948583603,0.7951536178588867,0.2947269082069397,-0.46386173367500305,-0.6789526343345642,-0.8005728125572205,-0.8421375155448914,-0.1873941272497177,-0.7670544981956482]","[-1.5683428049087524,2.443500280380249,1.9157164096832275,0.6922677159309387,1.1589161157608032,-0.08876193314790726,-1.7946698665618896,3.1495139598846436,0.7292315363883972,-0.6726905703544617,1.2727547883987427,-0.02842547930777073,1.0547627210617065,-0.6246089935302734,1.3917714357376099,-1.6453410387039185,0.20493194460868835,3.4989781379699707,-1.7734646797180176,-1.3039052486419678,-2.4976677894592285,-1.3721064329147339,0.4897661507129669,-1.0344908237457275,-2.175009250640869,-0.5904689431190491,0.5260512232780457,-0.009888410568237305,-0.37877559661865234]","[-0.19514784216880798,2.077860116958618,2.7355897426605225,0.3737580180168152,1.4449719190597534,-0.12071790546178818,-1.0843043327331543,2.0312323570251465,1.1732786893844604,0.02859916165471077,0.6107354760169983,-0.42050451040267944,1.203370213508606,-1.7280490398406982,1.9195959568023682,-1.1169536113739014,0.7519974112510681,2.085383892059326,-1.3673304319381714,-0.7421486377716064,-1.366066336631775,-0.7751747965812683,0.226886585354805,-1.7325297594070435,-1.4293230772018433,1.3735015392303467,-0.5014752149581909,-0.4838714301586151,0.050448328256607056]","[0.10365527868270874,0.016410887241363525,0.639253556728363,-0.6740685105323792,1.141512393951416,-0.1947481632232666,-0.3484126627445221,0.742735743522644,0.6664450168609619,-0.3311852514743805,1.307369589805603,0.012242769822478294,0.2539733052253723,-0.6887198686599731,-0.14912238717079163,-1.6176670789718628,0.9174302816390991,0.585428774356842,-1.0908474922180176,2.645045518875122,0.9853867292404175,6.125411033630371,-0.7936432957649231,-2.3833065032958984,-1.5019851922988892,-2.117218494415283,-2.1020548343658447,-2.1433255672454834,-8.252900123596191]",0.05651714280247688,0.040560703724622726,0.022041382268071175,0.08488233387470245,0.09270758926868439,4.635379463434219,0,0,0,0.4823160469532013,0.4947224259376526,0.9932057857513428,0.9479302167892456,0.9116001129150391,0.8844614028930664,-0.07885648310184479,-0.0,-0.0
111,2.22,111,"[-0.38164082169532776,-0.05099494755268097,0.22373215854167938,0.42614784836769104,0.0699109211564064,-0.11005206406116486,-0.5381894707679749,-0.04598209634423256,0.27254757285118103,0.5304986238479614,0.22699463367462158,0.0146181033924222,0.17239339649677277,0.23355674743652344,-0.34046947956085205,-0.02602475695312023,0.3334213197231293,0.4902033507823944,-0.761687695980072,1.1911293268203735,-0.06476164609193802,0.6568728089332581,0.35237225890159607,-0.474070280790329,-0.6083323955535889,-0.9083601832389832,-0.9489997029304504,-0.25321853160858154,-0.7136186957359314]","[-0.26126644015312195,0.023672882467508316,0.34439942240715027,0.41492098569869995,0.0942780151963234,-0.08608861267566681,-0.41726091504096985,-0.060091860592365265,0.34070512652397156,0.4866633415222168,0.1665038913488388,0.018261311575770378,0.27912086248397827,0.21792404353618622,-0.23943448066711426,0.05041324347257614,0.3840394914150238,0.336382120847702,-0.7387295961380005,1.202780842781067,0.0581987202167511,0.7776107788085938,0.3163129389286041,-0.48672181367874146,-0.7067318558692932,-0.7953418493270874,-0.818255603313446,-0.21275125443935394,-0.7997806072235107]","[-1.739122748374939,2.21329402923584,1.504894733428955,1.1556223630905151,1.1986373662948608,-0.005646981298923492,-1.5450656414031982,3.2169911861419678,0.6061457395553589,0.43280571699142456,1.1997699737548828,0.008424092084169388,1.0347381830215454,-0.48686861991882324,1.5018277168273926,-2.6331112384796143,0.9259961843490601,3.1410865783691406,-1.238383412361145,-1.225408911705017,-1.7188247442245483,-2.0075902938842773,0.0445537269115448,-1.4210478067398071,-2.2153587341308594,-0.4403829574584961,0.45014023780822754,0.21391920745372772,-0.27923882007598877]","[-0.48237988352775574,1.6018460988998413,2.3733434677124023,0.5698633193969727,1.3834362030029297,-0.06599067896604538,-1.4841833114624023,1.9823704957962036,1.2387806177139282,0.9263904094696045,0.357119619846344,-0.38982054591178894,1.1696885824203491,-1.9374549388885498,1.9611527919769287,-1.4570850133895874,1.203242301940918,2.346789836883545,-1.0194340944290161,-0.9510955214500427,-1.1457220315933228,-0.9529449939727783,1.144911289215088,-1.0129115581512451,-1.305211067199707,-0.15668919682502747,1.3752795457839966,-1.309417963027954,-2.072312831878662]","[-0.08460813760757446,-0.06107017397880554,0.7301454544067383,-0.6167537569999695,1.1941611766815186,-0.1995181143283844,-0.36855360865592957,0.8264851570129395,0.6637411117553711,-0.29335102438926697,1.2630512714385986,-0.00014560110867023468,0.5171026587486267,-0.733929455280304,0.12754514813423157,-1.3723065853118896,0.9893433451652527,0.7306134700775146,-1.2864415645599365,2.6489837169647217,0.6841793656349182,6.538902282714844,-0.7285389304161072,-2.439431667327881,-1.5585894584655762,-2.365495443344116,-2.0295565128326416,-2.423325538635254,-8.422980308532715]",0.05267950892448425,0.042652521282434464,0.020611828193068504,0.09202036261558533,0.09159130603075027,4.579565301537514,0,0,0,0.48474884033203125,0.49314084649086,0.9938768148422241,0.9394427537918091,0.881140947341919,0.8657982349395752,-0.07858319580554962,-0.0,-0.0
112,2.24,112,"[-0.417037695646286,-0.011968344449996948,0.25039875507354736,0.45256492495536804,0.09500321000814438,-0.10922671854496002,-0.5611849427223206,0.01624298095703125,0.2873579263687134,0.5392905473709106,0.2489866465330124,0.015209556557238102,0.19317831099033356,0.22504588961601257,-0.3121255934238434,-0.08660387247800827,0.3597850799560547,0.5475561022758484,-0.7790989875793457,1.1667327880859375,-0.08915070444345474,0.6111868023872375,0.35037675499916077,-0.5069320797920227,-0.6529718041419983,-0.9168091416358948,-0.9439150094985962,-0.24491341412067413,-0.719736635684967]","[-0.27566367387771606,0.05150147154927254,0.39467015862464905,0.42480337619781494,0.12331580370664597,-0.09026794135570526,-0.43872693181037903,-0.017004922032356262,0.38847383856773376,0.5149176120758057,0.1792447865009308,0.013818217441439629,0.2927502989768982,0.17649774253368378,-0.20607233047485352,0.014698074199259281,0.4132983386516571,0.3773280084133148,-0.7524973154067993,1.1820071935653687,0.03730235993862152,0.7558606266975403,0.32479819655418396,-0.5163326263427734,-0.7476580739021301,-0.7874771356582642,-0.814649224281311,-0.22783046960830688,-0.8310308456420898]","[-1.7667003870010376,1.8326729536056519,1.4937770366668701,1.2712643146514893,1.3626161813735962,0.08025504648685455,-0.380021333694458,3.1637520790100098,1.0765448808670044,-0.4173696041107178,0.7901400327682495,0.18230660259723663,0.9166024923324585,-0.47338753938674927,1.3503693342208862,-3.1429004669189453,1.7012485265731812,2.590344190597534,-0.5631312727928162,-1.2380093336105347,-0.8053502440452576,-2.5121569633483887,-0.2061121165752411,-1.7662994861602783,-2.334965705871582,-0.3318861126899719,0.29102861881256104,0.5123891234397888,-0.27922987937927246]","[-0.8350184559822083,1.131250262260437,2.2313668727874756,0.45699259638786316,1.3628917932510376,-0.22312426567077637,-0.7079574465751648,2.304980993270874,3.0409867763519287,1.6104544401168823,0.6437585353851318,-0.15640456974506378,0.33667516708374023,-2.1816465854644775,1.5214687585830688,-2.0890674591064453,1.6117355823516846,1.7093214988708496,-0.4746978282928467,-1.018733024597168,-0.9874428510665894,-1.1968570947647095,-0.1740778386592865,-2.184361696243286,-2.224759817123413,1.1270884275436401,-0.5115617513656616,-0.10898223519325256,1.1630370616912842]","[-0.3446335792541504,-0.09150952100753784,0.8478884696960449,-0.6292259693145752,1.2540864944458008,-0.23181042075157166,-0.050854772329330444,0.9260377883911133,0.7958065271377563,-0.338068425655365,1.2573802471160889,0.03513408452272415,0.6617861986160278,-0.9196656346321106,0.06737979501485825,-1.0860282182693481,1.034202218055725,0.7978160381317139,-1.5098450183868408,2.613368034362793,0.43343502283096313,6.936997890472412,-0.7103831171989441,-2.4340085983276367,-1.7821738719940186,-2.5145955085754395,-2.047391891479492,-2.7081387042999268,-8.580309867858887]",0.04857247322797775,0.044895704835653305,0.01969105377793312,0.10037971287965775,0.0910210832953453,4.551054164767265,0,0,0,0.48705577850341797,0.4927526116371155,0.994677722454071,0.925486147403717,0.8817303776741028,0.8511102795600891,-0.08175879716873169,-0.0,-0.0
113,2.2600000000000002,113,"[-0.4523088335990906,0.022311970591545105,0.28348323702812195,0.4769984185695648,0.1244155690073967,-0.10684186220169067,-0.5533903241157532,0.08056797832250595,0.3156093657016754,0.5138038396835327,0.25860023498535156,0.021910367533564568,0.2090574949979782,0.21462124586105347,-0.2864547073841095,-0.15174077451229095,0.40147125720977783,0.5938171148300171,-0.7842129468917847,1.1416089534759521,-0.0969756543636322,0.5563865303993225,0.3441277742385864,-0.5447222590446472,-0.7017310261726379,-0.921635627746582,-0.937358558177948,-0.23272296786308289,-0.7247878909111023]","[-0.29639339447021484,0.06768227368593216,0.4419683814048767,0.4229238033294678,0.1465746909379959,-0.09384208172559738,-0.4510166645050049,0.02327524870634079,0.4429634213447571,0.5272655487060547,0.18293002247810364,0.019635336473584175,0.29985612630844116,0.12785403430461884,-0.18498189747333527,-0.02412777952849865,0.45042869448661804,0.4102679491043091,-0.760062038898468,1.1579986810684204,0.01925686188042164,0.7304410934448242,0.3164341449737549,-0.5514588952064514,-0.8046071529388428,-0.758400022983551,-0.8083080649375916,-0.2395951747894287,-0.8643465638160706]","[-1.572340726852417,1.4729194641113281,1.7626867294311523,0.47472789883613586,1.3986868858337402,0.14030803740024567,0.7075801491737366,3.124664783477783,1.7392524480819702,-1.5182636976242065,0.45430922508239746,0.31360235810279846,0.5954865217208862,-0.8006919622421265,1.271153211593628,-2.5971951484680176,2.202739715576172,1.9681737422943115,-0.4280000925064087,-1.1076271533966064,-0.21649226546287537,-2.3702785968780518,-0.2777010202407837,-1.7395317554473877,-2.275559425354004,-0.1469925045967102,0.31052231788635254,0.586942195892334,-0.1975029706954956]","[-1.1096168756484985,0.5810746550559998,2.256805896759033,-0.30813002586364746,0.9950185418128967,-0.15642453730106354,-0.4882737696170807,1.8683663606643677,2.5968267917633057,0.9870440363883972,0.3048268258571625,0.2491404116153717,0.10366160422563553,-2.405332326889038,0.861673891544342,-1.8237131834030151,1.9097750186920166,1.6289947032928467,-0.33755144476890564,-1.226161241531372,-0.7818644046783447,-1.3078972101211548,0.06536120176315308,-1.273132562637329,-2.9314160346984863,1.0177184343338013,1.1205421686172485,-1.2016772031784058,-1.4312841892242432]","[-0.4843611717224121,-0.054168909788131714,0.9822385311126709,-0.7601460218429565,1.2574443817138672,-0.22883576154708862,0.012214990332722664,0.9187465906143188,0.7869507074356079,-0.5278095006942749,1.1924577951431274,0.11525676399469376,0.7938260436058044,-1.271187424659729,0.17381811141967773,-0.559020459651947,0.8902153372764587,0.905480682849884,-1.7697316408157349,2.548565149307251,0.2784872055053711,7.364127159118652,-0.48948127031326294,-2.1542468070983887,-1.8636085987091064,-2.5893795490264893,-1.964992880821228,-3.025601863861084,-8.6952543258667]",0.04469476267695427,0.049442391842603683,0.0213462021201849,0.11191821098327637,0.08979150652885437,4.4895753264427185,0,0,0,0.48902490735054016,0.49164560437202454,0.9937573075294495,0.911379873752594,0.8671953082084656,0.8473250269889832,-0.11075281351804733,-0.0,-0.0
114,2.2800000000000002,114,"[-0.4799313247203827,0.04694843292236328,0.32090622186660767,0.4715540409088135,0.15095068514347076,-0.10361439734697342,-0.5328817367553711,0.1412295699119568,0.3569280207157135,0.4785600006580353,0.26715901494026184,0.02775365114212036,0.21699777245521545,0.19301821291446686,-0.26127946376800537,-0.1904916763305664,0.4478946626186371,0.6262830495834351,-0.796218991279602,1.1224277019500732,-0.09781039506196976,0.5163756608963013,0.3392687141895294,-0.5765133500099182,-0.7439941763877869,-0.9226888418197632,-0.9314941167831421,-0.22143572568893433,-0.7276367545127869]","[-0.32212480902671814,0.07152978330850601,0.48617610335350037,0.40979132056236267,0.15734447538852692,-0.09593682736158371,-0.45221954584121704,0.057404182851314545,0.5014904737472534,0.5282315611839294,0.1874874383211136,0.02869546040892601,0.2925628125667572,0.07670141011476517,-0.17819590866565704,-0.050892140716314316,0.4880003035068512,0.4457559883594513,-0.7716540694236755,1.1338365077972412,0.008256612345576286,0.699999988079071,0.33227062225341797,-0.5654646158218384,-0.8507688045501709,-0.7513455152511597,-0.791745662689209,-0.2666516900062561,-0.8448761701583862]","[-1.9469157457351685,0.9875746369361877,1.4532365798950195,-0.11926963925361633,1.079509973526001,0.23741815984249115,1.2734756469726562,2.64994740486145,2.3790292739868164,-2.489513874053955,0.3717169165611267,0.26332637667655945,-0.09744130074977875,-1.4147464036941528,1.1916372776031494,-1.170487403869629,1.8055775165557861,1.4523983001708984,-0.9363442659378052,-0.9320199489593506,-0.09265169501304626,-1.242530345916748,-0.28251856565475464,-1.0317027568817139,-2.1172285079956055,-0.07693767547607422,0.4176035523414612,0.36166200041770935,-0.5514174699783325]","[-1.2462176084518433,-0.10846339166164398,2.2159643173217773,-0.9512717723846436,0.35269269347190857,-0.11759308725595474,0.06620386987924576,1.611226201057434,3.0413424968719482,-0.7216612696647644,-0.01813214085996151,0.4994528591632843,-0.5668978691101074,-2.791627883911133,0.1378716230392456,-1.2191154956817627,1.920447587966919,1.8087892532348633,-0.6623184680938721,-1.1396297216415405,-0.4202234745025635,-1.673755407333374,0.5321350693702698,-0.43091219663619995,-2.297288179397583,0.5072090029716492,0.2938879132270813,-0.8524907827377319,-0.7813804149627686]","[-0.5363399386405945,-0.12898361682891846,1.065516710281372,-0.7596361637115479,1.2198102474212646,-0.2227957844734192,0.08115699887275696,0.9615288972854614,0.9061159491539001,-0.7527502775192261,1.1893655061721802,0.1492212414741516,0.778658926486969,-1.5876057147979736,0.13631030917167664,0.009649977087974548,0.6010244488716125,0.9601351618766785,-2.028017520904541,2.498098373413086,0.16015803813934326,7.791228771209717,-0.1971154808998108,-1.80303156375885,-1.9405198097229004,-2.63958477973938,-1.93204927444458,-3.3866870403289795,-8.784679412841797]",0.04195527359843254,0.05571338161826134,0.02262650802731514,0.11588253080844879,0.09086263924837112,4.543131962418556,0,0,0,0.49025318026542664,0.48947060108184814,0.9927197098731995,0.9059514999389648,0.8997846245765686,0.8872923254966736,-0.12234010547399521,-0.0,-0.0
115,2.3000000000000003,115,"[-0.5301854610443115,0.06181495636701584,0.34161269664764404,0.47222763299942017,0.1675959676504135,-0.09734513610601425,-0.5024513006210327,0.18656587600708008,0.4107705354690552,0.4142232835292816,0.27346891164779663,0.03244342282414436,0.20515984296798706,0.1580313891172409,-0.23878921568393707,-0.19856026768684387,0.4736943542957306,0.651913046836853,-0.8216667175292969,1.1043281555175781,-0.10068172216415405,0.5066853165626526,0.33282703161239624,-0.5859903693199158,-0.7864201664924622,-0.924713134765625,-0.9206544160842896,-0.21825648844242096,-0.7468445897102356]","[-0.344334214925766,0.06069738417863846,0.5293424129486084,0.40092745423316956,0.15638495981693268,-0.09567621350288391,-0.4475756883621216,0.08363104611635208,0.5674397349357605,0.5134945511817932,0.19978445768356323,0.036392372101545334,0.2774452567100525,0.01213906705379486,-0.18869929015636444,-0.05674118176102638,0.5172433853149414,0.49026235938072205,-0.7863647937774658,1.1122281551361084,0.0011286268709227443,0.6742067337036133,0.33749064803123474,-0.5573133230209351,-0.9067304134368896,-0.742063581943512,-0.776809811592102,-0.29023364186286926,-0.8710675239562988]","[-2.2022910118103027,-0.011966656893491745,1.0959826707839966,0.54966139793396,0.661160409450531,0.47328826785087585,1.0279141664505005,1.461540937423706,2.640561819076538,-2.917313575744629,0.3306195139884949,0.2752692401409149,-1.2429982423782349,-2.660871982574463,0.7358562350273132,0.0835902988910675,0.7402703166007996,1.327487826347351,-1.6929612159729004,-0.8024603128433228,-0.34921225905418396,-0.12341439723968506,-0.1662425696849823,0.24785548448562622,-2.1968588829040527,-0.218866765499115,0.5735129117965698,0.06603263318538666,-0.9317591786384583]","[-1.0061838626861572,-0.71230548620224,2.0599422454833984,-0.1078810840845108,-0.11483471095561981,0.021927345544099808,0.4295341372489929,1.1263175010681152,3.252370595932007,-0.9054511189460754,0.6432725191116333,0.3627224564552307,-0.8457119464874268,-3.369713068008423,-0.7965119481086731,0.3014499843120575,1.2159851789474487,2.08089280128479,-0.18213225901126862,-0.859063982963562,-0.3199384808540344,-0.9069662690162659,0.0851498693227768,0.7259224057197571,-2.935833692550659,0.30716368556022644,0.8208287954330444,-1.1840012073516846,-1.2965244054794312]","[-0.42041414976119995,-0.272957444190979,1.1299852132797241,-0.4557777941226959,1.1808346509933472,-0.20578086376190186,0.08568456768989563,1.0376195907592773,1.0341272354125977,-0.9654316902160645,1.2439056634902954,0.15676496922969818,0.7542346715927124,-1.9371259212493896,-0.06696669012308121,0.6752262115478516,0.17654617130756378,1.0816609859466553,-2.2580654621124268,2.424271821975708,0.01897340640425682,8.246855735778809,0.1424134373664856,-1.2651358842849731,-2.1373491287231445,-2.59617280960083,-1.7795103788375854,-3.720369815826416,-8.911417961120605]",0.039840832352638245,0.06697581708431244,0.023761073127388954,0.12460421025753021,0.08643092960119247,4.321546480059624,0,0,0,0.49109044671058655,0.48532727360725403,0.9922752380371094,0.8985002636909485,0.8544251322746277,0.7886044979095459,-0.18867629766464233,-0.0,-0.0
116,2.32,116,"[-0.5680229663848877,0.04646976664662361,0.36474552750587463,0.493540495634079,0.17739710211753845,-0.08468286693096161,-0.49176517128944397,0.19969120621681213,0.46255049109458923,0.3618674576282501,0.28038379549980164,0.03876442089676857,0.16727784276008606,0.08658333122730255,-0.2318452149629593,-0.1871480643749237,0.47750547528266907,0.6793825626373291,-0.8639374375343323,1.0903292894363403,-0.11177888512611389,0.5114390850067139,0.3326190114021301,-0.5665991306304932,-0.8318685293197632,-0.9314435124397278,-0.9085536003112793,-0.21879442036151886,-0.7649071216583252]","[-0.3641337454319,0.04107491672039032,0.5681717991828918,0.4307924211025238,0.139388769865036,-0.09837035089731216,-0.4369972050189972,0.10789189487695694,0.6386246085166931,0.475381463766098,0.21414585411548615,0.04502658173441887,0.25784027576446533,-0.06509068608283997,-0.21337676048278809,-0.03764837980270386,0.5285627841949463,0.5406543612480164,-0.7966589331626892,1.0924081802368164,-0.004243836272507906,0.6645073890686035,0.36609089374542236,-0.5302229523658752,-0.952325701713562,-0.7327775359153748,-0.7458439469337463,-0.3130289912223816,-0.8536500334739685]","[-1.516519546508789,-1.3974710702896118,1.132485270500183,2.0656094551086426,-0.168522447347641,0.43676701188087463,0.20898282527923584,0.3078483045101166,2.0607643127441406,-1.224405288696289,0.3460228443145752,0.20574350655078888,-2.2899885177612305,-3.6402900218963623,0.10033063590526581,1.0341514348983765,-0.6423115730285645,0.8501812815666199,-1.9194886684417725,-0.19244253635406494,-0.8023988604545593,0.29376745223999023,0.4040047526359558,1.340036153793335,-2.0003974437713623,-0.30691325664520264,0.8228898048400879,0.0026114284992218018,-1.7875388860702515]","[-1.0126769542694092,-1.09541916847229,1.8473190069198608,2.2907302379608154,-0.8103811740875244,-0.12885068356990814,0.5334287285804749,1.2331901788711548,3.3744826316833496,-2.158832311630249,0.615932822227478,0.4021594524383545,-1.3046573400497437,-3.9067859649658203,-1.3252114057540894,1.6201225519180298,0.22343213856220245,2.209263324737549,0.16542460024356842,-0.9360352158546448,-0.2678193151950836,-0.046362489461898804,2.304489850997925,2.1588480472564697,-2.085737705230713,-0.22426444292068481,2.397599697113037,-1.848973035812378,0.3320559859275818]","[-0.06511986255645752,-0.4883512258529663,1.2181880474090576,0.17959609627723694,1.1193139553070068,-0.23224985599517822,-0.03778448700904846,1.154066801071167,1.1473217010498047,-1.0833532810211182,1.348059892654419,0.17531025409698486,0.6081656813621521,-2.1608550548553467,-0.3996818959712982,1.1115026473999023,-0.22797952592372894,1.1877479553222656,-2.454180955886841,2.3504178524017334,-0.10685813426971436,8.75151538848877,0.8587042689323425,-0.7593798637390137,-2.147850513458252,-2.474086046218872,-1.6672266721725464,-4.053500652313232,-8.981219291687012]",0.0384976901113987,0.08252539485692978,0.024605857208371162,0.13254378736019135,0.08604477345943451,4.3022386729717255,0,0,0,0.49169138073921204,0.47848233580589294,0.9919192790985107,0.890080988407135,0.9029642939567566,0.7900403141975403,-0.2429395467042923,-0.0,-0.0
117,2.34,117,"[-0.5908462405204773,0.005916114896535873,0.38691210746765137,0.5548520088195801,0.16085506975650787,-0.07987445592880249,-0.4940919876098633,0.19887980818748474,0.4932011067867279,0.36524707078933716,0.28730982542037964,0.040673162788152695,0.11356030404567719,0.012419789098203182,-0.23477599024772644,-0.15719421207904816,0.448001891374588,0.6859202980995178,-0.898446261882782,1.0966304540634155,-0.13277767598628998,0.5184360146522522,0.3489872217178345,-0.5323889255523682,-0.8664360642433167,-0.9369896650314331,-0.887738823890686,-0.2181520313024521,-0.8183461427688599]","[-0.3873459994792938,0.020725835114717484,0.5909191370010376,0.5316725373268127,0.11482571065425873,-0.102765753865242,-0.4275737702846527,0.1394030898809433,0.6998740434646606,0.4493292272090912,0.2406187504529953,0.050502292811870575,0.21714594960212708,-0.14032520353794098,-0.24544331431388855,0.000751870684325695,0.5152600407600403,0.5875621438026428,-0.7997164130210876,1.0654643774032593,-0.0043864925391972065,0.6779251098632812,0.4335503876209259,-0.47110316157341003,-0.9928770661354065,-0.75467848777771,-0.692217230796814,-0.3477329611778259,-0.8661918640136719]","[-0.46482086181640625,-2.2220466136932373,0.843424379825592,4.525972366333008,-0.6978806257247925,0.19826218485832214,-0.23390427231788635,0.2697668969631195,1.0769284963607788,1.1086053848266602,0.33963844180107117,0.18537473678588867,-3.0309836864471436,-3.6244349479675293,-0.1603357493877411,2.0760228633880615,-2.063398838043213,0.25591403245925903,-1.5083388090133667,0.02906322479248047,-0.9037684798240662,0.8765891194343567,1.6977832317352295,2.207019329071045,-1.6820132732391357,-0.41207224130630493,0.9609505534172058,0.014133751392364502,-3.2676384449005127]","[-0.9253343939781189,-1.1274900436401367,0.9089205861091614,5.8854780197143555,-1.0010555982589722,-0.20977142453193665,0.45871755480766296,1.4234806299209595,2.476106882095337,0.03545425832271576,1.9840084314346313,0.141549751162529,-2.3056938648223877,-3.7244985103607178,-1.6285597085952759,2.5005099773406982,-1.1615123748779297,1.8443114757537842,0.28708934783935547,-1.2759361267089844,-0.18153925240039825,0.5604129433631897,3.71213960647583,3.350135087966919,-1.9593669176101685,-1.4021351337432861,2.553229331970215,-1.5975148677825928,-1.0185511112213135]","[0.5113613605499268,-0.5815344452857971,1.1316282749176025,1.11349356174469,1.0546222925186157,-0.25176358222961426,-0.283281534910202,1.2271254062652588,1.3038718700408936,-0.9792557954788208,1.4953075647354126,0.16619910299777985,0.3953292965888977,-2.0852935314178467,-0.9282777905464172,1.302244782447815,-0.48330453038215637,1.154693365097046,-2.6172022819519043,2.2531678676605225,-0.3187691569328308,9.29858112335205,1.5722262859344482,-0.3499695956707001,-2.154620885848999,-2.374589204788208,-1.5900291204452515,-4.349026203155518,-9.001740455627441]",0.03849732503294945,0.0947217121720314,0.024510454386472702,0.13735489547252655,0.08362756669521332,4.181378334760666,0,0,0,0.4919067919254303,0.4728783369064331,0.99248206615448,0.8859894275665283,0.891997754573822,0.7402894496917725,-0.29416534304618835,-0.0,-0.0
118,2.36,118,"[-0.586615800857544,-0.04241209477186203,0.3984825015068054,0.674579381942749,0.1494818776845932,-0.07675237953662872,-0.5011213421821594,0.21048188209533691,0.5056276321411133,0.4062116742134094,0.2939693331718445,0.04617941007018089,0.04603849723935127,-0.05839405208826065,-0.23825864493846893,-0.10410715639591217,0.39496952295303345,0.6896191239356995,-0.9242709875106812,1.0914918184280396,-0.1479296237230301,0.5465026497840881,0.4005303382873535,-0.47831836342811584,-0.8991490602493286,-0.94792640209198,-0.8701155781745911,-0.21822907030582428,-0.8956126570701599]","[-0.3958406150341034,-0.0005139745771884918,0.5896732211112976,0.6935777068138123,0.09583301842212677,-0.10806922614574432,-0.4148707091808319,0.1712142378091812,0.7380520701408386,0.4550535976886749,0.26789289712905884,0.05741099640727043,0.15280096232891083,-0.21374672651290894,-0.28202515840530396,0.06559578329324722,0.483656644821167,0.6212518811225891,-0.8025078773498535,1.0338881015777588,-0.006928418762981892,0.6958305835723877,0.5267776846885681,-0.39819011092185974,-1.0336030721664429,-0.7794429659843445,-0.6513521671295166,-0.3795928955078125,-0.8977484107017517]","[1.6831741333007812,-1.5960816144943237,0.3076039254665375,6.902016639709473,-0.3943260908126831,0.11861007660627365,0.19276142120361328,1.1027865409851074,-0.3249906003475189,1.946738362312317,0.22887066006660461,0.22998368740081787,-3.6821603775024414,-3.110288619995117,-0.29728078842163086,3.280850648880005,-2.9558703899383545,-0.19524097442626953,-0.987456738948822,-0.4126310348510742,-0.7867291569709778,1.5120044946670532,3.8774447441101074,2.9703245162963867,-1.5539095401763916,-0.8315294981002808,1.0472670793533325,0.04734136164188385,-3.247934579849243]","[0.12611740827560425,-1.1803243160247803,-0.3210405707359314,8.59402847290039,-0.6251618266105652,-0.24101006984710693,0.6833191514015198,1.5318330526351929,1.6075538396835327,0.35751068592071533,1.1417498588562012,0.36069759726524353,-3.5171258449554443,-3.8626809120178223,-1.8792849779129028,3.8047473430633545,-1.7348928451538086,1.146112084388733,0.094793900847435,-1.587361216545105,-0.21949435770511627,1.0533249378204346,5.070662498474121,3.8048112392425537,-1.951874017715454,-1.0182157754898071,1.5153892040252686,-1.6164957284927368,-2.118610382080078]","[1.3824588060379028,-0.3820665776729584,0.838503360748291,1.9602665901184082,1.0404285192489624,-0.26175951957702637,-0.6346737742424011,1.1235250234603882,1.4053654670715332,-0.703677237033844,1.5385380983352661,0.1886182576417923,-0.01499897986650467,-2.002387762069702,-1.510561466217041,1.4988079071044922,-0.5279543995857239,1.0855058431625366,-2.7477970123291016,2.1432058811187744,-0.4971516728401184,9.996108055114746,2.4870269298553467,-0.11572536826133728,-2.312222480773926,-2.2157814502716064,-1.5528019666671753,-4.588778018951416,-8.836076736450195]",0.04040305316448212,0.10810258984565735,0.02565397135913372,0.1490553617477417,0.08402636647224426,4.201318323612213,0,0,0,0.4913228154182434,0.46655046939849854,0.9924973249435425,0.8746633529663086,0.9358474016189575,0.8364366292953491,-0.3959996998310089,-0.0,-0.0
119,2.38,119,"[-0.5235192775726318,-0.05792715400457382,0.39921626448631287,0.8309326767921448,0.145082026720047,-0.07513005286455154,-0.48638153076171875,0.24299126863479614,0.48020148277282715,0.44311660528182983,0.2964646518230438,0.0498725101351738,-0.03372611105442047,-0.1119917556643486,-0.24666722118854523,-0.025960197672247887,0.3297670781612396,0.678110659122467,-0.9379445314407349,1.0801252126693726,-0.1642468422651291,0.5789161920547485,0.5040850043296814,-0.4135759472846985,-0.9285924434661865,-0.9702508449554443,-0.8458481431007385,-0.21625837683677673,-0.9482635259628296]","[-0.37468528747558594,0.005419001914560795,0.5804724097251892,0.8721482753753662,0.08105558156967163,-0.10926102101802826,-0.40620437264442444,0.20317310094833374,0.7225831747055054,0.4523509740829468,0.27470913529396057,0.06786049157381058,0.09022191166877747,-0.27561432123184204,-0.33685988187789917,0.170839324593544,0.4321158826351166,0.6470010876655579,-0.8099138140678406,0.9852927327156067,-0.005982879549264908,0.7406167984008789,0.6466849446296692,-0.3315078020095825,-1.058488368988037,-0.7881036996841431,-0.6311591267585754,-0.41705742478370667,-0.944500744342804]","[4.256023406982422,0.26996761560440063,-0.2552114427089691,7.2852702140808105,-0.16086548566818237,0.0009896233677864075,1.1490530967712402,1.7475106716156006,-1.7423317432403564,1.7336666584014893,-0.13237446546554565,0.16411273181438446,-3.5403335094451904,-3.0415875911712646,-1.1816385984420776,4.581803321838379,-3.208047866821289,-0.5723506212234497,-0.9216561913490295,-0.6024032831192017,-0.6449211239814758,1.7283753156661987,6.22912073135376,3.155240535736084,-1.0138601064682007,-0.7835522294044495,1.0284215211868286,0.12772418558597565,-2.285203456878662]","[1.6954834461212158,1.2611255645751953,-0.2980901300907135,8.542272567749023,-0.6334779262542725,-0.03739432618021965,0.44263583421707153,1.8775230646133423,-1.4651716947555542,-0.8184812068939209,0.009432859718799591,0.5044230222702026,-1.9922274351119995,-2.683469295501709,-3.3967185020446777,5.776094436645508,-3.1661767959594727,2.6486310958862305,-1.4802470207214355,-2.075056791305542,0.22647316753864288,1.7108572721481323,6.500724792480469,3.05025577545166,-0.8020605444908142,-0.053076740354299545,0.627579391002655,-2.0681333541870117,-2.3936655521392822]","[2.4428439140319824,0.10921323299407959,0.3266311287879944,2.3525819778442383,0.9763892292976379,-0.21617412567138672,-0.8994014859199524,0.6676992177963257,1.2729161977767944,-0.08239351212978363,1.5267750024795532,0.24788124859333038,-0.5590728521347046,-1.7235805988311768,-2.0464746952056885,1.7219880819320679,-0.41474273800849915,1.031103253364563,-2.8224873542785645,1.948102355003357,-0.5751258730888367,10.7409086227417,3.5021300315856934,0.0420830212533474,-2.5307581424713135,-2.202507734298706,-1.488702416419983,-4.690393447875977,-8.514235496520996]",0.040619831532239914,0.10643352568149567,0.026440966874361038,0.15814785659313202,0.07825259119272232,3.912629559636116,0,0,0,0.4913310408592224,0.46899905800819397,0.9921191334724426,0.8590018153190613,0.8696235418319702,0.7340747117996216,-0.502519965171814,-0.0,-0.0
120,2.4,120,"[-0.4163748621940613,-0.031613390892744064,0.38827404379844666,0.9659901857376099,0.1430472582578659,-0.07671279460191727,-0.4551592171192169,0.28038230538368225,0.4359343647956848,0.475558340549469,0.28867435455322266,0.05274391919374466,-0.09557484090328217,-0.180057555437088,-0.2855241894721985,0.07916496694087982,0.266647607088089,0.6667250990867615,-0.9611372351646423,1.0673956871032715,-0.17372646927833557,0.6156376600265503,0.6496951580047607,-0.35210874676704407,-0.9397034645080566,-0.979268491268158,-0.8289787173271179,-0.21312010288238525,-0.9870207905769348]","[-0.30177101492881775,0.03423966094851494,0.5591364502906799,1.0184025764465332,0.0654846727848053,-0.10180529952049255,-0.3690732717514038,0.2419397234916687,0.7006666660308838,0.48597103357315063,0.2541378140449524,0.0830366462469101,0.06168494373559952,-0.3172801733016968,-0.365912526845932,0.2735271453857422,0.3585284352302551,0.6714239120483398,-0.8218404054641724,0.9145572185516357,-0.0016028608661144972,0.776851236820221,0.784829318523407,-0.2786019742488861,-1.0741370916366577,-0.7907271981239319,-0.6115977168083191,-0.45329439640045166,-0.9769817590713501]","[5.261247158050537,1.7879890203475952,-0.9884335398674011,5.518902778625488,-0.23784972727298737,-0.13655182719230652,1.2424871921539307,2.0457470417022705,-1.185848593711853,3.1613783836364746,-0.6501280069351196,0.08464539796113968,-2.8123934268951416,-3.616652727127075,-2.568969488143921,6.194551944732666,-3.4312379360198975,-0.4153504967689514,-1.6756176948547363,-2.010422945022583,-0.1895356923341751,2.283029317855835,7.410583019256592,2.433549642562866,-0.15845000743865967,-0.508919358253479,1.0154187679290771,0.08716471493244171,-0.45335739850997925]","[5.03158712387085,1.2216085195541382,-1.9093223810195923,6.900793075561523,-0.7251843214035034,0.44206422567367554,2.9608347415924072,2.063307046890259,-0.5840461254119873,3.2694971561431885,-0.9523140788078308,0.8316410183906555,0.009796499274671078,-1.6429524421691895,1.2821012735366821,3.4410150051116943,-4.325186729431152,-1.9373122453689575,0.9221612811088562,-3.526918649673462,-0.5021600723266602,1.8712337017059326,6.946518898010254,2.324394941329956,-1.385280966758728,0.09737355262041092,1.1609925031661987,-1.502962350845337,-1.6192867755889893]","[3.2501349449157715,0.7600127458572388,-0.17604410648345947,2.2163100242614746,0.8711139559745789,-0.13643521070480347,-0.8253450989723206,-0.11449814587831497,1.0101531744003296,0.8286427855491638,1.4479097127914429,0.2934948205947876,-1.2477205991744995,-1.32320237159729,-2.166912078857422,1.9068223237991333,-0.3302933871746063,0.8403445482254028,-2.656405448913574,1.5979551076889038,-0.5650792717933655,11.51708698272705,4.127780437469482,0.11209626495838165,-2.7258243560791016,-2.5697262287139893,-1.354885220527649,-4.7776265144348145,-8.133999824523926]",0.03647219017148018,0.07596176117658615,0.028379231691360474,0.1700194776058197,0.07830655574798584,3.915327787399292,0,0,0,0.4922373592853546,0.4797644019126892,0.9904744029045105,0.8374056816101074,0.8486800789833069,0.7775065898895264,-0.5107405781745911,-0.0,-0.0
121,2.42,121,"[-0.3130694031715393,0.013592405244708061,0.3596789240837097,1.05168879032135,0.1355680376291275,-0.08059212565422058,-0.4366820454597473,0.3248211443424225,0.4327675402164459,0.5695717334747314,0.27045953273773193,0.05325832590460777,-0.1462218463420868,-0.2566578686237335,-0.3494260013103485,0.2218218892812729,0.19251756370067596,0.661496639251709,-1.0049692392349243,0.9997082948684692,-0.1718282699584961,0.6702373623847961,0.8005083203315735,-0.31623396277427673,-0.9349304437637329,-0.9906076192855835,-0.8052313923835754,-0.21277178823947906,-0.9663978219032288]","[-0.18169179558753967,0.04965447261929512,0.5016732811927795,1.115370273590088,0.041988108307123184,-0.0854981392621994,-0.3139680027961731,0.25729960203170776,0.6468438506126404,0.6351554989814758,0.2165464162826538,0.1003929004073143,0.02341877855360508,-0.33786019682884216,-0.3185631036758423,0.34389135241508484,0.25323453545570374,0.6378133296966553,-0.8132349252700806,0.8054993748664856,-0.011876995675265789,0.8235352039337158,0.9103032350540161,-0.26386916637420654,-1.077807903289795,-0.789319634437561,-0.5635483264923096,-0.4681313633918762,-0.963207483291626]","[6.436008453369141,2.7075605392456055,-2.2359395027160645,3.867295503616333,-1.438998818397522,0.18414407968521118,2.3600728511810303,1.268962025642395,-1.9209579229354858,8.445954322814941,-2.3652055263519287,0.05296645686030388,-3.573621988296509,-3.1145877838134766,-0.07399842143058777,6.495273113250732,-4.611860275268555,0.10926276445388794,-2.3224399089813232,-5.111381530761719,0.6099194288253784,2.540314197540283,6.447459697723389,1.1958532333374023,0.48757344484329224,-0.04954040050506592,3.3002898693084717,-1.2007437944412231,1.336425542831421]","[6.376030921936035,0.8612793684005737,-3.3155829906463623,3.78824520111084,-1.2742934226989746,0.8387500047683716,2.4838836193084717,-0.02087380178272724,-3.8358051776885986,8.915809631347656,-1.5563023090362549,0.8242287635803223,-3.5460445880889893,-0.6548874974250793,2.2289373874664307,4.307243824005127,-5.54749059677124,-1.9424923658370972,0.6172120571136475,-5.60482931137085,-0.4819994866847992,2.2568790912628174,5.90094518661499,-0.1875191181898117,0.26054614782333374,-0.035919349640607834,2.6496779918670654,-0.2779916524887085,2.2695159912109375]","[4.020330429077148,1.4534735679626465,-0.7809658646583557,1.873371958732605,0.7101812958717346,-0.049700237810611725,-0.4610969126224518,-1.4316046237945557,-0.024916332215070724,2.2194676399230957,1.2994650602340698,0.3435072898864746,-1.7905510663986206,-0.8902726769447327,-1.9667590856552124,1.780483365058899,-0.2940766513347626,0.7526563405990601,-2.687998056411743,1.0886857509613037,-0.5944405198097229,12.12671947479248,4.276905536651611,0.131400004029274,-2.608095645904541,-2.7136499881744385,-1.0567915439605713,-4.70542573928833,-7.6974968910217285]",0.038282763212919235,0.07641049474477768,0.028661349788308144,0.1686718910932541,0.06909308582544327,3.4546542912721634,0,0,0,0.4916175305843353,0.4765583574771881,0.9874850511550903,0.8385962843894958,0.8088671565055847,0.6525872349739075,-0.801056981086731,-0.0,-0.0
122,2.44,122,"[-0.1589345484972,0.07668902724981308,0.29883646965026855,1.1206820011138916,0.08548730611801147,-0.06934703141450882,-0.3607563078403473,0.33114078640937805,0.35909605026245117,0.8133965134620667,0.1940661370754242,0.054862577468156815,-0.23851971328258514,-0.30464106798171997,-0.288484126329422,0.3389758765697479,0.08217319846153259,0.671095609664917,-1.0540348291397095,0.8629404306411743,-0.14932969212532043,0.7172502279281616,0.9075935482978821,-0.30427461862564087,-0.920200526714325,-0.9812501072883606,-0.6969671249389648,-0.2611498534679413,-0.933563768863678]","[-0.04618454724550247,0.07781673967838287,0.41177889704704285,1.1658082008361816,0.01752021349966526,-0.07391437143087387,-0.261562705039978,0.21156622469425201,0.5045111179351807,0.8723543286323547,0.17470933496952057,0.10500079393386841,-0.11786896735429764,-0.34884119033813477,-0.2521222233772278,0.41642245650291443,0.1363043636083603,0.6485098600387573,-0.8274082541465759,0.6412586569786072,-0.023968670517206192,0.8876841068267822,1.0016881227493286,-0.29244548082351685,-1.0257651805877686,-0.7939703464508057,-0.4766460657119751,-0.46744173765182495,-0.8911833763122559]","[7.428445816040039,2.819730758666992,-3.666628122329712,2.9968857765197754,-2.417527437210083,0.7258216738700867,4.299468517303467,-3.129934549331665,-6.7302937507629395,13.029847145080566,-3.392965316772461,-0.06516864895820618,-6.412802219390869,-2.3608484268188477,4.891098499298096,3.8320300579071045,-5.33759880065918,-1.1265337467193604,-0.9045332670211792,-7.8386993408203125,2.0598902702331543,5.34173583984375,4.256012916564941,-0.20102113485336304,2.0783424377441406,0.8906841278076172,6.375855445861816,-3.04567551612854,0.7309660315513611]","[7.062175750732422,1.9958529472351074,-5.158176898956299,1.8783749341964722,-1.2078806161880493,0.4940654933452606,3.025130271911621,-3.760429620742798,-8.901671409606934,12.513671875,-1.7015329599380493,0.10979089885950089,-8.6975679397583,-0.5717135667800903,3.9351449012756348,3.2947535514831543,-5.6431884765625,-0.0664326399564743,-0.28403398394584656,-8.293573379516602,-0.5887206196784973,3.0128726959228516,4.286653518676758,-1.8367313146591187,3.407588243484497,-0.012707306072115898,4.214959621429443,0.68623948097229,4.6066999435424805]","[4.0907111167907715,1.9517338275909424,-1.1172938346862793,1.7427451610565186,0.6783213019371033,-0.07646677643060684,0.07009121775627136,-2.6577341556549072,-1.3542094230651855,3.423821449279785,1.1483674049377441,0.27382761240005493,-2.088007926940918,-0.2965599000453949,-1.2563897371292114,1.2059556245803833,-0.25530990958213806,0.5606827735900879,-2.6456382274627686,0.35431742668151855,-0.677493155002594,12.836106300354004,3.7911648750305176,0.07746852934360504,-1.8609392642974854,-2.6204655170440674,-0.5834161043167114,-4.788294792175293,-7.23329496383667]",0.04489706829190254,0.10033883899450302,0.030352672562003136,0.1555970162153244,0.06788507103919983,3.3942535519599915,0,0,0,0.48885512351989746,0.46158367395401,0.9849216938018799,0.8553781509399414,0.8451789617538452,0.661668598651886,-0.9033327698707581,-0.0,-0.0
123,2.46,123,"[-0.01593158207833767,0.12638163566589355,0.21301379799842834,1.1715642213821411,0.03886694461107254,-0.05155925825238228,-0.26470330357551575,0.19962376356124878,0.1635558009147644,1.0907655954360962,0.1347409188747406,0.05065158009529114,-0.4027339220046997,-0.35109180212020874,-0.15378206968307495,0.37510308623313904,-0.02098638005554676,0.6164352893829346,-1.0411505699157715,0.6861603260040283,-0.08943265676498413,0.8839067816734314,0.9707488417625427,-0.32427480816841125,-0.8517967462539673,-0.9549802541732788,-0.550197184085846,-0.3345988094806671,-0.9371591806411743]","[0.09935727715492249,0.1395920217037201,0.2731279134750366,1.2017871141433716,-0.008868496865034103,-0.07907958328723907,-0.1633896827697754,0.04221104830503464,0.20486730337142944,1.1193288564682007,0.1365136057138443,0.09531198441982269,-0.3190242052078247,-0.37047523260116577,-0.12746882438659668,0.4257301688194275,0.03895990550518036,0.6767082214355469,-0.8275622725486755,0.4262436628341675,-0.023649707436561584,0.9181550145149231,1.0735342502593994,-0.32357874512672424,-0.9362643361091614,-0.7906330227851868,-0.36131158471107483,-0.4582957923412323,-0.804088830947876]","[6.115636348724365,3.026937484741211,-3.6878013610839844,2.125060558319092,-2.13547682762146,0.7946838140487671,5.485895156860352,-10.171951293945312,-11.947848320007324,11.895950317382812,-2.4763662815093994,-0.424228698015213,-7.394872665405273,-2.0556859970092773,6.328461647033691,0.17246529459953308,-4.799932479858398,-3.0891926288604736,1.3992249965667725,-9.908090591430664,4.022760391235352,5.607718467712402,3.331352949142456,-0.38551241159439087,3.942570209503174,2.1112964153289795,7.711192607879639,-2.750929594039917,0.2428188920021057]","[6.294274806976318,3.7516987323760986,-7.271353244781494,1.5846288204193115,-1.2748253345489502,-0.3845621943473816,5.9453887939453125,-9.281449317932129,-14.249650955200195,11.978653907775879,-1.5917868614196777,-0.4529537260532379,-10.148362159729004,-1.239703893661499,6.388938903808594,-0.8236622214317322,-4.338220119476318,1.173078179359436,0.5209628939628601,-10.637802124023438,-0.07140271365642548,1.3004556894302368,3.410020589828491,-1.2819511890411377,4.913034439086914,0.5832498669624329,5.471126556396484,0.8290137052536011,4.752386093139648]","[3.32991361618042,1.9274431467056274,-1.0393085479736328,1.8340585231781006,0.627101480960846,-0.21418669819831848,0.4714423716068268,-3.406419515609741,-2.2532858848571777,3.6319878101348877,0.964491069316864,0.17958198487758636,-1.9522572755813599,0.139572411775589,-0.1784338653087616,0.43168097734451294,-0.15018843114376068,0.4324321150779724,-2.6062231063842773,-0.323410302400589,-0.873883068561554,13.413626670837402,2.6048672199249268,-0.1842719465494156,-1.1175777912139893,-2.587827444076538,-0.16876807808876038,-4.97847318649292,-6.601780414581299]",0.04836558178067207,0.11117701977491379,0.02907722070813179,0.1464303582906723,0.06911351531744003,3.4556757658720016,0,0,0,0.4872511029243469,0.45579349994659424,0.9880853891372681,0.8780872225761414,0.8722922801971436,0.5440018177032471,-0.7698358297348022,-0.0,-0.0
124,2.48,124,"[0.08569090068340302,0.1977665275335312,0.15132442116737366,1.2056844234466553,6.823196599725634e-05,-0.03755968064069748,-0.14132051169872284,-0.07573725283145905,-0.11881786584854126,1.2892345190048218,0.09501148760318756,0.03789342939853668,-0.5343146324157715,-0.38686850666999817,-0.03534567356109619,0.34587448835372925,-0.10982409119606018,0.5475279092788696,-0.9980658292770386,0.46661680936813354,0.011580714955925941,0.9415589570999146,1.040847659111023,-0.3196951150894165,-0.7624977231025696,-0.8967982530593872,-0.38851943612098694,-0.3711870312690735,-0.9238510131835938]","[0.19195525348186493,0.21842938661575317,0.13545747101306915,1.2338961362838745,-0.03427734598517418,-0.09276171773672104,-0.008563496172428131,-0.19859176874160767,-0.09811298549175262,1.311157464981079,0.09500730037689209,0.07836764305830002,-0.49906423687934875,-0.40624842047691345,-0.015891652554273605,0.3843216598033905,-0.017211295664310455,0.6671649217605591,-0.7915672659873962,0.23520606756210327,-0.03397515043616295,0.9484544396400452,1.1239051818847656,-0.333726704120636,-0.8535840511322021,-0.784294068813324,-0.24564874172210693,-0.44469818472862244,-0.7224482297897339]","[3.7877895832061768,4.205953598022461,-1.7135907411575317,1.7037957906723022,-1.7807174921035767,0.49953898787498474,5.638275623321533,-12.988421440124512,-11.608010292053223,8.580753326416016,-1.8250097036361694,-0.6435251235961914,-4.814821720123291,-1.0671154260635376,4.467973232269287,-1.5573643445968628,-3.810556650161743,-3.6199376583099365,1.6896859407424927,-8.394865036010742,3.242689371109009,2.0853922367095947,1.910404920578003,0.8754938840866089,3.253230571746826,2.999596357345581,7.283566951751709,-1.0347843170166016,2.2793829441070557]","[3.883028268814087,4.2647013664245605,-6.196822643280029,1.4120527505874634,-1.2110494375228882,-0.7134959101676941,8.459772109985352,-13.204910278320312,-15.589674949645996,8.73286247253418,-1.9350543022155762,-0.884634792804718,-7.901885032653809,-1.7249819040298462,4.7240681648254395,-2.2136638164520264,-2.065638303756714,-1.4930493831634521,2.3359830379486084,-8.606547355651855,-0.7225792407989502,1.4780497550964355,2.1460652351379395,-0.2364051640033722,3.622969627380371,0.25398969650268555,5.575651168823242,0.557576060295105,3.2707810401916504]","[2.0025558471679688,1.3868377208709717,-0.4256149232387543,2.0009446144104004,0.6010787487030029,-0.2972758114337921,0.4038901925086975,-3.397960901260376,-1.9308264255523682,2.7847704887390137,0.6454682946205139,0.09990813583135605,-1.3495832681655884,-0.0018373355269432068,0.7009227275848389,-0.3642924427986145,0.22122855484485626,0.5047550201416016,-2.540374517440796,-0.49384868144989014,-1.0127735137939453,13.92811107635498,0.8793033361434937,-0.7106132507324219,-0.916918158531189,-2.951915979385376,0.026221860200166702,-5.033116817474365,-5.886626243591309]",0.04941738024353981,0.10547759383916855,0.028194034472107887,0.11565030366182327,0.06488703191280365,3.2443515956401825,0,0,0,0.4870605766773224,0.46357420086860657,0.9925479888916016,0.9288251399993896,0.8740512728691101,0.46141141653060913,-0.9631189703941345,-0.0,-0.0
125,2.5,125,"[0.13558000326156616,0.29461976885795593,0.14447017014026642,1.2397160530090332,-0.03236175328493118,-0.0315776988863945,-0.03917229548096657,-0.3199130594730377,-0.3007645905017853,1.4339957237243652,0.061740532517433167,0.0249105766415596,-0.5953267812728882,-0.39377641677856445,0.024936849251389503,0.3128085136413574,-0.173408642411232,0.4716377854347229,-0.9735631346702576,0.3503657281398773,0.04027491435408592,0.9673224687576294,1.047165036201477,-0.2892550528049469,-0.7216675281524658,-0.8349964022636414,-0.2588545083999634,-0.3759901821613312,-0.8459838628768921]","[0.23805882036685944,0.30360424518585205,0.09082289040088654,1.2605196237564087,-0.060214824974536896,-0.10377389937639236,0.10495650768280029,-0.41700488328933716,-0.28613677620887756,1.4485695362091064,0.052646566182374954,0.06486889719963074,-0.5744240880012512,-0.4155423939228058,0.0342256985604763,0.33483484387397766,-0.045771144330501556,0.6144891381263733,-0.7340728044509888,0.12774735689163208,-0.06960337609052658,1.0082579851150513,1.117893099784851,-0.32708439230918884,-0.8118894100189209,-0.7856566309928894,-0.1331355720758438,-0.44147831201553345,-0.6787857413291931]","[1.6628392934799194,4.428885459899902,0.6958894729614258,1.7115265130996704,-1.5084266662597656,0.252013236284256,3.4192354679107666,-10.660372734069824,-6.005208969116211,5.71947717666626,-1.8108747005462646,-0.5456691384315491,-1.647573709487915,0.380079448223114,2.3197853565216064,-2.0542049407958984,-2.2246737480163574,-3.585247039794922,1.5550897121429443,-4.267389297485352,0.17358162999153137,2.600419521331787,-2.011234998703003,1.4470674991607666,1.3005852699279785,2.0599617958068848,6.502713203430176,-0.12111514806747437,4.098917484283447]","[1.6667598485946655,3.9321436882019043,-0.6932548880577087,1.346814513206482,-1.1973620653152466,-0.5041565895080566,4.028689384460449,-9.844717979431152,-6.4337968826293945,5.642327785491943,-2.1415956020355225,-0.5995714068412781,-1.9245270490646362,0.19333305954933167,1.7061094045639038,-2.1611385345458984,-1.2942253351211548,-3.109424591064453,2.963060140609741,-3.9438347816467285,-2.0605902671813965,3.080533981323242,-1.7448829412460327,0.6713184118270874,1.7000839710235596,0.12235703319311142,5.215947151184082,-0.034439023584127426,1.537165880203247]","[0.9120188355445862,1.009088158607483,0.4480627775192261,2.0648510456085205,0.5324049592018127,-0.29620257019996643,0.17182600498199463,-2.7995803356170654,-1.111769199371338,2.257964611053467,0.4575628638267517,0.07840289920568466,-0.8198710083961487,-0.2637586295604706,1.1590496301651,-1.016252875328064,0.6423842906951904,0.7253550887107849,-2.3827357292175293,-0.3314712941646576,-1.0272575616836548,14.460418701171875,-0.3139919638633728,-1.217549204826355,-1.062483787536621,-3.2910046577453613,0.17922194302082062,-4.911856174468994,-5.232460975646973]",0.05068608373403549,0.1081041768193245,0.029253382235765457,0.0961611345410347,0.07696425914764404,3.848212957382202,0,0,0,0.4867202043533325,0.46323174238204956,0.9923804402351379,0.9397512078285217,0.9157331585884094,0.7832204103469849,-0.7328240871429443,-0.0,-0.0
126,2.52,126,"[0.1522044688463211,0.3749219477176666,0.1791599988937378,1.274145483970642,-0.060268834233284,-0.027479151263833046,-0.004551090765744448,-0.502152144908905,-0.3590262234210968,1.518013596534729,0.022576501592993736,0.016066664829850197,-0.6002175807952881,-0.3716653287410736,0.05744573846459389,0.2637062966823578,-0.19881103932857513,0.40411803126335144,-0.9358622431755066,0.2959212362766266,0.01852397993206978,1.045575737953186,0.960398256778717,-0.2618124186992645,-0.7104743123054504,-0.814399778842926,-0.1284109205007553,-0.37603163719177246,-0.7598943114280701]","[0.26343560218811035,0.36645781993865967,0.11034955084323883,1.2841941118240356,-0.084483802318573,-0.11008142679929733,0.1357584148645401,-0.5803235769271851,-0.33285197615623474,1.516700267791748,0.010600700043141842,0.05913260579109192,-0.5725773572921753,-0.40103641152381897,0.060733526945114136,0.2946464717388153,-0.0631929337978363,0.54722660779953,-0.6752432584762573,0.07672541588544846,-0.10823879390954971,1.0628052949905396,1.042763352394104,-0.30380332469940186,-0.7712529301643372,-0.7699518799781799,-0.02949593961238861,-0.4555341303348541,-0.6577734351158142]","[0.39700382947921753,3.4004428386688232,1.9652888774871826,1.5811502933502197,-1.2208073139190674,0.1384861320257187,0.6326642036437988,-7.798099040985107,-1.189871907234192,2.528226375579834,-2.014050006866455,-0.441278338432312,0.6135404109954834,1.512519359588623,1.5735974311828613,-2.9979968070983887,-0.44712647795677185,-2.9865646362304688,2.6373043060302734,-1.489439606666565,-1.149468183517456,3.5941720008850098,-5.402554512023926,1.3379645347595215,0.9559646248817444,0.8580923080444336,5.894962310791016,-0.21163597702980042,2.411630868911743]","[1.0080617666244507,2.6493144035339355,1.4329296350479126,1.1801859140396118,-1.120449185371399,-0.2614009380340576,0.33211225271224976,-7.386178016662598,-0.6729803085327148,2.151256561279297,-2.0932013988494873,-0.22786158323287964,0.77347731590271,0.9713216423988342,1.2430912256240845,-1.9234724044799805,-0.5319427847862244,-3.416360855102539,2.8609440326690674,-2.161569833755493,-1.6288566589355469,2.260359048843384,-4.8532304763793945,1.4042741060256958,2.208157539367676,1.0645841360092163,4.802926063537598,-0.8950969576835632,0.7304437756538391]","[0.39036625623703003,0.892568826675415,0.8023384213447571,1.9022620916366577,0.451719731092453,-0.2834392488002777,0.5065358877182007,-2.606353282928467,-0.7818804979324341,2.1975014209747314,0.4610409140586853,0.11234947293996811,-0.6548500657081604,-0.4278840720653534,1.1333712339401245,-1.8750258684158325,1.0868171453475952,0.9995141625404358,-2.2501745223999023,-0.14778070151805878,-1.0747982263565063,15.068257331848145,-0.5670812726020813,-1.6987864971160889,-1.1510518789291382,-3.3523313999176025,0.3950863778591156,-4.866343975067139,-4.779486179351807]",0.050992611795663834,0.11035633832216263,0.030993854627013206,0.08926407247781754,0.08945336937904358,4.472668468952179,0,0,0,0.48645222187042236,0.4603511691093445,0.9907414317131042,0.9377318620681763,0.9385592937469482,0.9344804286956787,-0.27564817667007446,-0.0,-0.0
127,2.54,127,"[0.15146015584468842,0.4306374788284302,0.22308172285556793,1.302962064743042,-0.08119404315948486,-0.02603825367987156,-0.013865727931261063,-0.631837010383606,-0.34835946559906006,1.5351247787475586,-0.018821459263563156,0.007259444333612919,-0.5707851648330688,-0.3332756459712982,0.08788074553012848,0.19288864731788635,-0.19129370152950287,0.35217520594596863,-0.8680709600448608,0.2907881438732147,-0.005703809671103954,1.1110893487930298,0.8310628533363342,-0.23573647439479828,-0.683428943157196,-0.800672709941864,-0.0230560265481472,-0.3844556212425232,-0.749518632888794]","[0.27745893597602844,0.40671372413635254,0.14153560996055603,1.3047891855239868,-0.1052122712135315,-0.1141551211476326,0.1243230327963829,-0.7089292407035828,-0.32122647762298584,1.5250529050827026,-0.02820909023284912,0.05679218843579292,-0.5455039739608765,-0.37947526574134827,0.08860807865858078,0.2449728101491928,-0.06641440093517303,0.48656439781188965,-0.613876223564148,0.06267168372869492,-0.1424519419670105,1.1201889514923096,0.9253315925598145,-0.27128684520721436,-0.7244953513145447,-0.7448700666427612,0.06646373867988586,-0.47917670011520386,-0.6473839282989502]","[-0.3188859820365906,2.443572998046875,1.8842600584030151,1.2416422367095947,-0.8847475051879883,0.011965539306402206,-0.788844108581543,-5.587342739105225,0.9545281529426575,-0.2834528684616089,-1.9244157075881958,-0.40642717480659485,1.8299847841262817,1.9744762182235718,1.1954010725021362,-3.507429361343384,0.9727512001991272,-2.312201976776123,3.9351494312286377,0.12359619140625,-1.1453932523727417,3.327939033508301,-6.662151336669922,0.8263681530952454,1.5404164791107178,0.7438689470291138,4.603888988494873,-0.5088977813720703,-0.45608729124069214]","[0.45320066809654236,1.6849292516708374,1.4752991199493408,0.9725357294082642,-0.9443261027336121,-0.17673180997371674,-0.9801784753799438,-5.884504795074463,1.0343972444534302,-0.40025049448013306,-1.873795509338379,-0.09493782371282578,1.4732218980789185,1.1506214141845703,1.4867937564849854,-2.675489664077759,0.22040259838104248,-2.9291629791259766,3.1457126140594482,-0.37751659750938416,-1.4620460271835327,2.1683056354522705,-6.395130157470703,1.6946851015090942,2.3065555095672607,1.277795433998108,4.511838436126709,-1.1883037090301514,0.3276800811290741]","[0.2638623118400574,0.9094086289405823,0.8905572891235352,1.8181568384170532,0.4153476059436798,-0.285973459482193,0.7611826062202454,-2.6319990158081055,-0.6755431294441223,2.142526865005493,0.4798082709312439,0.1255144476890564,-0.5403973460197449,-0.38162991404533386,0.8546542525291443,-2.7950327396392822,1.4926151037216187,1.2983784675598145,-2.0572197437286377,0.11119221150875092,-1.1647181510925293,15.629549980163574,-0.6329144835472107,-2.082475185394287,-1.2067030668258667,-3.393264055252075,0.5397288799285889,-5.051390171051025,-4.416032314300537]",0.0511658750474453,0.1058744266629219,0.03264455124735832,0.08999805897474289,0.08921000361442566,4.460500180721283,0,0,0,0.4860383868217468,0.4621727764606476,0.9889841079711914,0.9335815906524658,0.9202768802642822,0.8771644234657288,-0.2077176421880722,-0.0,-0.0
128,2.56,128,"[0.13944903016090393,0.47266486287117004,0.2545304000377655,1.3238111734390259,-0.09565873444080353,-0.027000529691576958,-0.03610485419631004,-0.7256458401679993,-0.3208450973033905,1.5066754817962646,-0.05440012365579605,-0.00019042215717490762,-0.5270181894302368,-0.2926862835884094,0.10526178032159805,0.12340911477804184,-0.1599009931087494,0.3116299510002136,-0.7784562706947327,0.3008650839328766,-0.02729174867272377,1.1786932945251465,0.6939122080802917,-0.22875769436359406,-0.6488576531410217,-0.7846450209617615,0.05574462562799454,-0.3963875472545624,-0.7781378030776978]","[0.2787811756134033,0.4357824921607971,0.16559307277202606,1.3225023746490479,-0.12215258181095123,-0.11452115327119827,0.10140449553728104,-0.8112038969993591,-0.2999562621116638,1.498927116394043,-0.0604701042175293,0.05627082660794258,-0.5140659809112549,-0.35229042172431946,0.1195894330739975,0.18197350203990936,-0.06101825460791588,0.4371653199195862,-0.5430789589881897,0.07574423402547836,-0.17273178696632385,1.173737645149231,0.7928792834281921,-0.24296081066131592,-0.6828266382217407,-0.717231273651123,0.1486111730337143,-0.5053520798683167,-0.6537988781929016]","[-0.668103814125061,1.9713894128799438,1.1247988939285278,1.0255783796310425,-0.651782751083374,-0.06586341559886932,-1.096258282661438,-4.205413341522217,1.296811580657959,-1.763385534286499,-1.5907001495361328,-0.2750653326511383,2.4608538150787354,2.109527349472046,0.5701968669891357,-3.799532413482666,1.2359280586242676,-1.5141316652297974,5.11923885345459,0.7168256044387817,-1.1005672216415405,2.5539369583129883,-6.356078624725342,-0.04800856113433838,1.744505763053894,0.9971752762794495,3.1738460063934326,-1.095902919769287,-2.2507741451263428]","[-0.15979164838790894,1.315643548965454,1.015204668045044,0.8177636861801147,-0.7653946280479431,0.014390110969543457,-1.2015935182571411,-4.6555585861206055,1.0408663749694824,-1.6559847593307495,-1.5002433061599731,-0.011099278926849365,1.5553162097930908,1.4773461818695068,1.5889129638671875,-3.311183452606201,0.5214009881019592,-2.371534824371338,3.704347848892212,0.9041593074798584,-1.3234732151031494,1.8572825193405151,-6.708083629608154,1.2105040550231934,1.9332170486450195,1.346716284751892,3.7248117923736572,-1.2773078680038452,-0.7465915679931641]","[0.3914973735809326,1.0320215225219727,0.8166736960411072,1.8365494012832642,0.40573155879974365,-0.26036837697029114,0.8430673480033875,-2.722052574157715,-0.6474526524543762,2.075385570526123,0.49922341108322144,0.13596056401729584,-0.47150278091430664,-0.19908782839775085,0.4702664315700531,-3.4178178310394287,1.6847697496414185,1.6226743459701538,-1.913365125656128,0.31060463190078735,-1.2464951276779175,16.029743194580078,-0.5845626592636108,-2.2864913940429688,-1.2215349674224854,-3.2759242057800293,0.5905236005783081,-5.310412406921387,-3.9962947368621826]",0.052499737590551376,0.09342614561319351,0.033240221440792084,0.09099964797496796,0.09016651660203934,4.508325830101967,0,0,0,0.48515912890434265,0.4709010124206543,0.9879859089851379,0.9307572841644287,0.914039671421051,0.8500171899795532,-0.13053451478481293,-0.0,-0.0
129,2.58,129,"[0.1247360035777092,0.5094930529594421,0.2680736780166626,1.3439851999282837,-0.10726535320281982,-0.02867279015481472,-0.05771605670452118,-0.8000535368919373,-0.2964870035648346,1.4645893573760986,-0.08244945853948593,-0.0037431688979268074,-0.4723510146141052,-0.2488945573568344,0.11068861931562424,0.040907345712184906,-0.1418565809726715,0.2916099429130554,-0.663301408290863,0.3194611668586731,-0.04972649738192558,1.2132468223571777,0.5768197178840637,-0.23765681684017181,-0.6136487126350403,-0.760785698890686,0.1038978099822998,-0.4282917380332947,-0.8395496010780334]","[0.269937127828598,0.4619813561439514,0.17929305136203766,1.3402118682861328,-0.1358763873577118,-0.10815425217151642,0.07665949314832687,-0.8906753063201904,-0.28275206685066223,1.4596624374389648,-0.08360804617404938,0.056250400841236115,-0.4845503270626068,-0.31652963161468506,0.1496739238500595,0.1111818253993988,-0.05787145718932152,0.4022912383079529,-0.4653986692428589,0.11221130937337875,-0.19783353805541992,1.230251669883728,0.6603766679763794,-0.23085938394069672,-0.6535134315490723,-0.6881285309791565,0.20662829279899597,-0.5301359295845032,-0.6769719123840332]","[-0.6406775116920471,1.9168415069580078,0.3259040415287018,1.014372706413269,-0.5181245803833008,-0.09852992743253708,-1.0427768230438232,-3.3044204711914062,1.0872840881347656,-2.0342886447906494,-1.2175804376602173,-0.1142180785536766,2.455169677734375,2.3397278785705566,0.1412615180015564,-4.010715484619141,0.3864441215991974,-0.1287989318370819,5.969658851623535,1.3775804042816162,-0.7126837968826294,1.3598710298538208,-5.613158226013184,-0.7615883350372314,1.823584794998169,1.4667168855667114,1.4226582050323486,-1.4939972162246704,-2.963024377822876]","[-0.5556283593177795,1.25999915599823,0.49067384004592896,0.8607634902000427,-0.6115593910217285,0.35338160395622253,-1.2201043367385864,-3.5939249992370605,0.7730663418769836,-2.0225019454956055,-1.0304228067398071,0.0015260243089869618,1.4231675863265991,1.929174542427063,1.4771840572357178,-3.640578031539917,0.023878125473856926,-1.4671790599822998,3.985790491104126,1.9382224082946777,-1.0512725114822388,2.928956985473633,-6.520763397216797,0.2614377737045288,1.2438220977783203,1.4183517694473267,2.4885501861572266,-1.1709542274475098,-1.3708951473236084]","[0.6603485345840454,1.211585283279419,0.6350552439689636,1.948415994644165,0.4086898863315582,-0.1968945562839508,0.7802895307540894,-2.8303415775299072,-0.6222239136695862,1.985714077949524,0.5228037238121033,0.13733480870723724,-0.4758816361427307,-0.01320262998342514,0.1085650846362114,-3.7646098136901855,1.7311455011367798,1.9839869737625122,-1.9164704084396362,0.501337468624115,-1.331560492515564,16.360872268676758,-0.506813108921051,-2.2945444583892822,-1.2851107120513916,-3.1007916927337646,0.5619011521339417,-5.487195014953613,-3.5231428146362305]",0.05491156503558159,0.07494831830263138,0.032965824007987976,0.0905539020895958,0.09158578515052795,4.579289257526398,0,0,0,0.48388004302978516,0.48270365595817566,0.9876824021339417,0.9267757534980774,0.9225953221321106,0.880388617515564,-0.10473649948835373,-0.0,-0.0
130,2.6,130,"[0.11382193118333817,0.5493385195732117,0.2675665616989136,1.3643860816955566,-0.11638371646404266,-0.03094172663986683,-0.07781592756509781,-0.8578226566314697,-0.2773537337779999,1.4253039360046387,-0.10310333967208862,-0.0047591449692845345,-0.4288114011287689,-0.1990971714258194,0.11091224104166031,-0.03701949492096901,-0.14444322884082794,0.30647799372673035,-0.539669930934906,0.35596829652786255,-0.055799100548028946,1.2330881357192993,0.46938589215278625,-0.25922122597694397,-0.5759142637252808,-0.7259763479232788,0.11265095323324203,-0.4561474323272705,-0.8966587781906128]","[0.26290810108184814,0.4910850524902344,0.18560348451137543,1.3616117238998413,-0.14637915790081024,-0.09499044716358185,0.05356115475296974,-0.9547872543334961,-0.26439300179481506,1.4208015203475952,-0.09994326531887054,0.057875558733940125,-0.4565299451351166,-0.2837647795677185,0.17187505960464478,0.0314665213227272,-0.05361834913492203,0.38203826546669006,-0.38855186104774475,0.16895073652267456,-0.20633147656917572,1.2725107669830322,0.527976930141449,-0.23794963955879211,-0.6413407921791077,-0.6529042720794678,0.23534488677978516,-0.5402209758758545,-0.6936494708061218]","[-0.2973107695579529,2.1383464336395264,-0.2350136637687683,0.9284734725952148,-0.3929080665111542,-0.1597691774368286,-1.0982351303100586,-2.475137948989868,0.934984564781189,-1.9055843353271484,-0.8323296904563904,-0.02956307865679264,1.4511384963989258,2.6239545345306396,0.11202394962310791,-3.49330472946167,-0.27043336629867554,1.6327940225601196,5.988911151885986,2.4254605770111084,0.08352091908454895,1.0141611099243164,-5.4792070388793945,-0.9246166944503784,1.623641014099121,2.168081760406494,-0.2023071050643921,-0.9815790057182312,-0.4629954695701599]","[-0.21358807384967804,1.5230523347854614,0.13397780060768127,1.1246322393417358,-0.4452604651451111,0.6643515229225159,-1.0541460514068604,-2.9957022666931152,0.9905040860176086,-1.8370611667633057,-0.7215222120285034,0.08832231909036636,1.3803114891052246,1.4253607988357544,0.8843435645103455,-4.237032413482666,0.1668640673160553,-0.7199275493621826,3.9258785247802734,2.805488109588623,-0.10923724621534348,2.474835157394409,-6.606288909912109,-0.7322796583175659,0.3554048240184784,1.9440492391586304,1.1586179733276367,-0.11371339857578278,-0.36783528327941895]","[0.9055806398391724,1.4263615608215332,0.4902203679084778,2.0462589263916016,0.4136570990085602,-0.12371764332056046,0.5890358090400696,-2.9092564582824707,-0.5937770009040833,1.8193683624267578,0.5147365927696228,0.15261569619178772,-0.640705943107605,0.04557720571756363,-0.06889050453901291,-3.9172723293304443,1.8789747953414917,2.3299484252929688,-2.1232590675354004,0.7398067712783813,-1.4837251901626587,16.558813095092773,-0.5521804690361023,-2.116727352142334,-1.455390453338623,-2.9245047569274902,0.44149836897850037,-5.546718120574951,-2.996022939682007]",0.05730144679546356,0.05688556283712387,0.031078238040208817,0.08573765307664871,0.09105231612920761,4.5526158064603806,0,0,0,0.4824434518814087,0.490940123796463,0.9883705377578735,0.9291941523551941,0.93736332654953,0.8235390186309814,-0.0992351546883583,-0.0,-0.0
131,2.62,131,"[0.1128435730934143,0.5950269103050232,0.25867313146591187,1.3811241388320923,-0.12298167496919632,-0.03506355732679367,-0.10164546221494675,-0.8990590572357178,-0.25908762216567993,1.3883659839630127,-0.11574264615774155,-0.0049256919883191586,-0.4143054783344269,-0.1439363807439804,0.11516957730054855,-0.09882482886314392,-0.15267391502857208,0.3569217026233673,-0.42374497652053833,0.41647958755493164,-0.04638566076755524,1.2538132667541504,0.3576514422893524,-0.2746414840221405,-0.5487030744552612,-0.6740624308586121,0.09580552577972412,-0.46755489706993103,-0.8580694198608398]","[0.25482383370399475,0.5260334014892578,0.1893467754125595,1.3798655271530151,-0.1553548276424408,-0.08079374581575394,0.020582422614097595,-0.9993541240692139,-0.24292674660682678,1.3754562139511108,-0.11484278738498688,0.06312216073274612,-0.4521305561065674,-0.24671103060245514,0.18434783816337585,-0.03220988065004349,-0.05234453082084656,0.39235249161720276,-0.326421320438385,0.22939236462116241,-0.20680971443653107,1.3097056150436401,0.3790525794029236,-0.2563205063343048,-0.6455721259117126,-0.5981065630912781,0.2342562973499298,-0.5371547937393188,-0.6587659120559692]","[0.15486647188663483,2.4153575897216797,-0.504324197769165,0.6786942481994629,-0.2999771535396576,-0.25321418046951294,-1.468135952949524,-1.7207860946655273,0.9524732828140259,-1.9217908382415771,-0.4789443910121918,0.008774211630225182,-0.1512870192527771,2.962139368057251,0.5904877781867981,-2.5738019943237305,-0.17076395452022552,3.2292730808258057,5.41737174987793,3.0590288639068604,0.5970339179039001,1.5871703624725342,-6.066189289093018,-0.10878071188926697,0.6355777382850647,2.666342258453369,-0.7214547991752625,-0.5652271509170532,5.4073052406311035]","[-0.42386892437934875,1.7447232007980347,0.143465057015419,0.7691766619682312,-0.42075639963150024,0.659358024597168,-1.8469513654708862,-1.9173290729522705,1.0260449647903442,-2.38382625579834,-0.7439864277839661,0.27223068475723267,-0.2542831003665924,2.0193300247192383,0.6241299510002136,-2.699720621109009,-0.033335231244564056,1.072130560874939,2.7502851486206055,2.662328004837036,0.020644715055823326,2.1342172622680664,-7.640529632568359,-0.8693857789039612,-0.5093091130256653,2.9457225799560547,-0.2834123969078064,0.20457223057746887,3.0792927742004395]","[0.9657484292984009,1.5260024070739746,0.5437079668045044,2.054736852645874,0.39400726556777954,-0.09625355154275894,0.32460713386535645,-2.9198195934295654,-0.6043379306793213,1.5982887744903564,0.46339452266693115,0.19299232959747314,-0.9673894047737122,0.18750396370887756,0.10243084281682968,-3.8857905864715576,1.996601939201355,2.5795106887817383,-2.3449220657348633,0.9798048138618469,-1.5763059854507446,16.648317337036133,-0.7840597629547119,-1.8265321254730225,-1.6719090938568115,-2.6746232509613037,0.2943827509880066,-5.5171966552734375,-2.367539405822754]",0.06006316468119621,0.042016543447971344,0.029321538284420967,0.07980172336101532,0.088389091193676,4.4194545596838,0,0,0,0.4809131324291229,0.496322900056839,0.9895198941230774,0.9425731301307678,0.9118852019309998,0.7144761085510254,-0.11623586714267731,-0.0,-0.0
132,2.64,132,"[0.12001658976078033,0.6459528207778931,0.24739359319210052,1.3915338516235352,-0.12838280200958252,-0.04107029363512993,-0.13654136657714844,-0.9266541004180908,-0.23925480246543884,1.3484323024749756,-0.12226111441850662,-0.004408176522701979,-0.43486288189888,-0.08061160147190094,0.13453175127506256,-0.1399715691804886,-0.15127378702163696,0.43564891815185547,-0.3229750692844391,0.47832944989204407,-0.031917743384838104,1.2965749502182007,0.2267383188009262,-0.26357245445251465,-0.5504911541938782,-0.619322657585144,0.08379276096820831,-0.47875651717185974,-0.680366575717926]","[0.2408711463212967,0.5665521025657654,0.19440819323062897,1.3902587890625,-0.1640590876340866,-0.07003223896026611,-0.02674916759133339,-1.0268208980560303,-0.22411604225635529,1.3253211975097656,-0.1290411800146103,0.0704963207244873,-0.4710495173931122,-0.20166224241256714,0.1992541253566742,-0.07510580122470856,-0.058609116822481155,0.4319523870944977,-0.2909696698188782,0.26982471346855164,-0.19926497340202332,1.3575314283370972,0.21829503774642944,-0.26596447825431824,-0.6614369750022888,-0.5343185663223267,0.20958596467971802,-0.5307469367980957,-0.5739273428916931]","[0.1971311867237091,2.601738214492798,-0.5183372497558594,0.24981796741485596,-0.24752114713191986,-0.31313636898994446,-2.0456106662750244,-1.0415390729904175,0.8786808848381042,-2.1366031169891357,-0.2698177397251129,0.023623941466212273,-1.5642085075378418,3.2118988037109375,1.5067811012268066,-1.9649733304977417,0.3985896706581116,4.233124256134033,4.515081882476807,2.5924861431121826,0.7034575939178467,2.7534961700439453,-7.303704261779785,0.8240342140197754,-0.2693057060241699,2.3988022804260254,-0.3198830485343933,-0.15793591737747192,9.474014282226562]","[-0.7957566380500793,2.0389862060546875,0.22227099537849426,0.3675488531589508,-0.41790810227394104,0.46771925687789917,-2.5244719982147217,-1.1834207773208618,0.8072072267532349,-2.487673282623291,-0.684706449508667,0.358319491147995,-1.1533739566802979,2.303358793258667,0.9311989545822144,-2.036219358444214,-0.430982381105423,2.3825573921203613,1.4265403747558594,1.6425225734710693,0.463589608669281,2.1886823177337646,-7.953047752380371,-0.33208444714546204,-0.787085235118866,3.0360851287841797,-1.5053777694702148,0.37736833095550537,4.462964057922363]","[0.7954937815666199,1.7373325824737549,0.5745654106140137,1.9869518280029297,0.36653000116348267,-0.09898070245981216,0.1631178855895996,-2.915318012237549,-0.588930070400238,1.4621763229370117,0.4432957172393799,0.22065536677837372,-1.0602935552597046,0.1678084433078766,0.24953177571296692,-3.9903392791748047,2.1704375743865967,2.6316490173339844,-2.6732077598571777,1.1154578924179077,-1.7004878520965576,16.645273208618164,-1.1515812873840332,-1.596388578414917,-1.6299039125442505,-2.5390379428863525,0.12954702973365784,-5.528013706207275,-1.8702454566955566]",0.06284575909376144,0.028865039348602295,0.028289929032325745,0.07273302227258682,0.08838406205177307,4.419203102588654,0,0,0,0.4790727496147156,0.4988718330860138,0.9903501868247986,0.9487123489379883,0.9041443467140198,0.6805412173271179,-0.08248928934335709,-0.0,-0.0
133,2.66,133,"[0.12072882056236267,0.6990964412689209,0.23793964087963104,1.3911168575286865,-0.1328825205564499,-0.047589011490345,-0.18346989154815674,-0.9407206177711487,-0.2239403873682022,1.3029018640518188,-0.1265353560447693,-0.003980734385550022,-0.47687381505966187,-0.01546043436974287,0.17544081807136536,-0.17742376029491425,-0.13673032820224762,0.5262466669082642,-0.24314169585704803,0.520179033279419,-0.01824735850095749,1.3639531135559082,0.06550326198339462,-0.2416801154613495,-0.559475302696228,-0.5781103372573853,0.08301020413637161,-0.4738723337650299,-0.4791088402271271]","[0.21908210217952728,0.6158829927444458,0.19811899960041046,1.3925743103027344,-0.17381416261196136,-0.06561750173568726,-0.08383481949567795,-1.043400764465332,-0.2093925178050995,1.277547836303711,-0.13994836807250977,0.07676470279693604,-0.4902758002281189,-0.1632009893655777,0.21755534410476685,-0.12044656276702881,-0.05793300271034241,0.47543951869010925,-0.2705038785934448,0.31413137912750244,-0.1858297437429428,1.37406325340271,0.06385419517755508,-0.26197540760040283,-0.6769510507583618,-0.46760377287864685,0.16194680333137512,-0.5227857232093811,-0.48831990361213684]","[-0.4311736822128296,2.675731658935547,-0.46733954548835754,-0.3600001335144043,-0.18502585589885712,-0.3445923328399658,-2.5019798278808594,-0.34672021865844727,0.5618277788162231,-2.384674549102783,-0.16326886415481567,0.028383348137140274,-1.8668078184127808,2.820950508117676,2.578625440597534,-2.2195026874542236,0.8496737480163574,4.151851177215576,2.950225830078125,1.485324740409851,0.6273607611656189,3.002375364303589,-8.015591621398926,1.2320683002471924,-0.9462028741836548,1.932111382484436,-0.46461859345436096,0.3294616937637329,8.528051376342773]","[-1.2092885971069336,2.5675606727600098,0.043681900948286057,-0.01972772926092148,-0.4846985936164856,0.1522868275642395,-2.887347936630249,-0.7523458003997803,0.6290472745895386,-2.2674038410186768,-0.49241212010383606,0.28100720047950745,-0.7398774027824402,1.5481210947036743,0.8940593004226685,-2.603684902191162,0.0031785210594534874,2.0874063968658447,1.0124218463897705,1.820162296295166,0.8352757096290588,1.1964514255523682,-7.33588171005249,0.48105987906455994,-0.6950894594192505,3.3936102390289307,-2.430300712585449,0.40102896094322205,4.075319290161133]","[0.6171896457672119,2.048271417617798,0.4981001317501068,1.8742791414260864,0.32477596402168274,-0.12773200869560242,0.011614711955189705,-2.871518135070801,-0.5806996822357178,1.3150984048843384,0.4424791932106018,0.22311054170131683,-0.9695410132408142,-0.005385123193264008,0.26425331830978394,-4.193935394287109,2.381531000137329,2.542520046234131,-3.019460678100586,1.1149522066116333,-1.9544278383255005,16.523487091064453,-1.6253254413604736,-1.4424329996109009,-1.5108360052108765,-2.462566614151001,-0.08421137928962708,-5.5683417320251465,-1.542480230331421]",0.06433247029781342,0.029148131608963013,0.02801598608493805,0.07824310660362244,0.0890006497502327,4.450032487511635,0,0,0,0.47769564390182495,0.496222585439682,0.9906733632087708,0.93984055519104,0.9074597358703613,0.733209490776062,-0.09506886452436447,-0.0,-0.0
134,2.68,134,"[0.1027696430683136,0.7529820799827576,0.22870001196861267,1.377133846282959,-0.1357838362455368,-0.05485398694872856,-0.23662056028842926,-0.9405229091644287,-0.21678169071674347,1.2530453205108643,-0.12879186868667603,-0.003272842615842819,-0.5095351934432983,0.03222642093896866,0.23767676949501038,-0.22875167429447174,-0.11728683859109879,0.6017229557037354,-0.20496603846549988,0.5377424359321594,-0.0068233138881623745,1.4166699647903442,-0.09388535469770432,-0.21428972482681274,-0.5883392691612244,-0.5420382022857666,0.06520801782608032,-0.4655780494213104,-0.3392445147037506]","[0.1859358847141266,0.6778061389923096,0.19373978674411774,1.3840055465698242,-0.18636882305145264,-0.06769602000713348,-0.14524757862091064,-1.0451304912567139,-0.20154938101768494,1.230491280555725,-0.1475587785243988,0.07972079515457153,-0.5041000843048096,-0.13084717094898224,0.2408032864332199,-0.17716634273529053,-0.06122894212603569,0.5206765532493591,-0.25676995515823364,0.3406243920326233,-0.1690795123577118,1.3918291330337524,-0.07676622271537781,-0.2432466298341751,-0.6948375701904297,-0.403378963470459,0.10373648256063461,-0.5167053937911987,-0.41334015130996704]","[-1.3170506954193115,2.808629035949707,-0.5937371253967285,-0.9338676929473877,-0.11710897088050842,-0.3799930214881897,-2.6007511615753174,0.105343759059906,0.2265147864818573,-2.46850848197937,-0.0590737909078598,0.059753283858299255,-0.9725719690322876,1.8455859422683716,3.1451189517974854,-3.0297060012817383,0.7381007075309753,3.2732725143432617,1.3141423463821411,0.5272567272186279,0.07399409264326096,1.7395615577697754,-7.597880840301514,1.5816011428833008,-2.015625,2.1491541862487793,-0.9552730321884155,-0.31151100993156433,6.14930534362793]","[-1.885047435760498,3.1605067253112793,-0.41612523794174194,-0.658379316329956,-0.6486616730690002,-0.14460888504981995,-3.158512830734253,0.06467504799365997,0.22828282415866852,-2.3182532787323,-0.3577977418899536,0.11103800684213638,-0.6024255156517029,1.5713058710098267,1.1806986331939697,-2.9792158603668213,-0.22741660475730896,2.3529319763183594,0.6457346081733704,1.1608026027679443,0.7752463221549988,0.6416045427322388,-6.661069393157959,1.1340885162353516,-0.8798903226852417,2.95552659034729,-2.8248114585876465,0.26527053117752075,3.5245168209075928]","[0.51021409034729,2.3680169582366943,0.36347582936286926,1.7485278844833374,0.27074161171913147,-0.166599303483963,-0.06917902827262878,-2.771751880645752,-0.5815654397010803,1.186867117881775,0.44159406423568726,0.20756663382053375,-0.7986876368522644,-0.12889179587364197,0.12222268432378769,-4.385014057159424,2.3364336490631104,2.4678893089294434,-3.2886505126953125,0.9975181818008423,-2.2310094833374023,16.335792541503906,-2.1258962154388428,-1.4187091588974,-1.543839931488037,-2.382070779800415,-0.2576889991760254,-5.613883018493652,-1.1885014772415161]",0.06564290076494217,0.055687982589006424,0.028655126690864563,0.08523302525281906,0.09249220043420792,4.624610021710396,0,0,0,0.47648730874061584,0.4868108332157135,0.9902819991111755,0.9290341138839722,0.9482057690620422,0.884599506855011,-0.09081006050109863,-0.0,-0.0
135,2.7,135,"[0.06804679334163666,0.8114416003227234,0.21419015526771545,1.353762149810791,-0.13756687939167023,-0.06278873234987259,-0.28749993443489075,-0.9365068674087524,-0.21487979590892792,1.204161524772644,-0.12889830768108368,-0.00159060291480273,-0.5157766938209534,0.05836300551891327,0.3012455701828003,-0.29861199855804443,-0.1072062999010086,0.6571775674819946,-0.1905760020017624,0.5412693023681641,-0.015287594869732857,1.4335355758666992,-0.23841197788715363,-0.17841607332229614,-0.6401003003120422,-0.4921441674232483,0.044799283146858215,-0.4863327741622925,-0.2331366240978241]","[0.14145995676517487,0.7536575198173523,0.17683856189250946,1.3660351037979126,-0.19842995703220367,-0.07207372039556503,-0.20495624840259552,-1.0335004329681396,-0.20468664169311523,1.183950662612915,-0.1514805108308792,0.07823216170072556,-0.5121574997901917,-0.09675614535808563,0.2636534571647644,-0.2401725798845291,-0.06847472488880157,0.5692506432533264,-0.2446306049823761,0.36478784680366516,-0.1523398607969284,1.3937158584594727,-0.20099084079265594,-0.21570444107055664,-0.7162133455276489,-0.34577062726020813,0.04425154626369476,-0.515614926815033,-0.3484824299812317]","[-1.7589194774627686,3.2446401119232178,-1.0895885229110718,-1.340767741203308,-0.07423758506774902,-0.46414071321487427,-2.3133230209350586,0.24641752243041992,0.08954517543315887,-2.407816171646118,0.04905499517917633,0.0956932008266449,0.028389692306518555,1.072561264038086,2.4975688457489014,-3.6096107959747314,0.06382744759321213,2.6800320148468018,0.4187487065792084,-0.030097365379333496,-0.02935069054365158,-0.2350836992263794,-6.800378799438477,1.7785571813583374,-2.395209789276123,2.6868739128112793,-1.66947603225708,-1.0788209438323975,3.968531370162964]","[-2.297917127609253,3.8734548091888428,-1.1014938354492188,-1.0425316095352173,-0.5761288404464722,-0.212740957736969,-2.931072950363159,0.6591899394989014,-0.27506256103515625,-2.2616429328918457,-0.16418108344078064,-0.104786716401577,-0.24743583798408508,1.6072487831115723,1.163706660270691,-3.2245564460754395,-0.3320658504962921,2.4580588340759277,0.5883796811103821,1.234314203262329,0.8670558929443359,-0.22496463358402252,-5.839148044586182,1.4866193532943726,-1.0575412511825562,2.6642305850982666,-2.788213014602661,-0.0102532422170043,3.0362672805786133]","[0.557021975517273,2.836951971054077,0.07377529889345169,1.711092472076416,0.26373037695884705,-0.17717722058296204,-0.03315266966819763,-2.704944133758545,-0.5526288747787476,1.084164023399353,0.46271663904190063,0.17368459701538086,-0.5703665614128113,-0.33730611205101013,-0.3380628228187561,-4.5017266273498535,2.1886279582977295,2.38761568069458,-3.5465853214263916,0.8722518682479858,-2.5540528297424316,16.038541793823242,-2.557631731033325,-1.4527684450149536,-1.5462357997894287,-2.245598793029785,-0.38696858286857605,-5.616476058959961,-0.8467540740966797]",0.06753949820995331,0.07239620387554169,0.02969236671924591,0.08986108750104904,0.09325448423624039,4.662724211812019,0,0,0,0.47487783432006836,0.47956952452659607,0.9892841577529907,0.9283105134963989,0.9731642007827759,0.9465474486351013,-0.12902967631816864,-0.0,-0.0
136,2.72,136,"[0.03241286426782608,0.8827676773071289,0.1851164698600769,1.3235031366348267,-0.13875333964824677,-0.07341961562633514,-0.32915347814559937,-0.9306662082672119,-0.21319988369941711,1.1567326784133911,-0.12682966887950897,0.0005548851331695914,-0.5083996057510376,0.07512886822223663,0.33757951855659485,-0.37313610315322876,-0.1147337406873703,0.7089242339134216,-0.18821609020233154,0.5365385413169861,-0.007997341454029083,1.407266616821289,-0.36590051651000977,-0.14314743876457214,-0.6841476559638977,-0.4345632493495941,-0.0015710190637037158,-0.5087308883666992,-0.1805032640695572]","[0.09303755313158035,0.8463546633720398,0.1422998011112213,1.3433961868286133,-0.20856952667236328,-0.07445870339870453,-0.2570580542087555,-1.010926604270935,-0.21429552137851715,1.1369357109069824,-0.15105119347572327,0.07195500284433365,-0.5168879628181458,-0.06918837875127792,0.292758047580719,-0.3026694357395172,-0.07218640297651291,0.618728756904602,-0.2461671531200409,0.38689345121383667,-0.13199926912784576,1.3632111549377441,-0.3120795488357544,-0.18118374049663544,-0.7380092740058899,-0.2920912504196167,-0.014136695303022861,-0.520087718963623,-0.29651015996932983]","[-1.4599450826644897,3.910841226577759,-1.9170057773590088,-1.5923738479614258,-0.07229447364807129,-0.5932785868644714,-1.8424503803253174,0.35104602575302124,0.24633072316646576,-2.3847432136535645,0.1110706478357315,0.1401088535785675,0.2912253141403198,0.522670328617096,1.4802336692810059,-3.4005963802337646,-0.5792438983917236,2.8280913829803467,-0.6435282826423645,-0.19490718841552734,0.4469439387321472,-2.750307321548462,-5.920280456542969,1.5876531600952148,-1.692630410194397,2.5871806144714355,-2.7991223335266113,-0.40440112352371216,1.5112522840499878]","[-2.3902153968811035,4.758878707885742,-2.046799421310425,-1.2062984704971313,-0.4821988046169281,-0.08699696511030197,-2.6069157123565674,1.1175422668457031,-0.462522029876709,-2.3057913780212402,0.03667339310050011,-0.3317936062812805,-0.1791430413722992,1.1986947059631348,1.4005047082901,-3.04853892326355,-0.16987337172031403,2.665195941925049,-0.23465277254581451,1.120310664176941,0.9122083783149719,-1.2196499109268188,-5.2842912673950195,1.843389868736267,-0.9590749144554138,2.503303050994873,-2.743004322052002,-0.20801624655723572,2.4015636444091797]","[0.7176043391227722,3.4357492923736572,-0.34495073556900024,1.6887065172195435,0.260552316904068,-0.15659043192863464,-0.025836555287241936,-2.651052474975586,-0.49868184328079224,0.9180507659912109,0.48582786321640015,0.12766025960445404,-0.4880298376083374,-0.6092938780784607,-0.8615265488624573,-4.5696120262146,1.989019513130188,2.302522659301758,-3.8701581954956055,0.7566019892692566,-2.895784616470337,15.543187141418457,-2.941560983657837,-1.417810320854187,-1.4400763511657715,-2.116575241088867,-0.5462432503700256,-5.536258220672607,-0.5506036877632141]",0.06856993585824966,0.07293428480625153,0.02878795564174652,0.09141325205564499,0.09159266203641891,4.579633101820946,0,0,0,0.47401389479637146,0.48035135865211487,0.9896038174629211,0.9327686429023743,0.9707063436508179,0.9101359844207764,-0.17794695496559143,-0.0,-0.0
137,2.74,137,"[0.009648995473980904,0.9678752422332764,0.13750992715358734,1.290067195892334,-0.14045865833759308,-0.08651987463235855,-0.36119794845581055,-0.9224650263786316,-0.2050265669822693,1.108771800994873,-0.12445548176765442,0.0040137507021427155,-0.5041276812553406,0.07926981896162033,0.3604549169540405,-0.43463584780693054,-0.13037605583667755,0.7703012228012085,-0.21631713211536407,0.533473014831543,0.002590161981061101,1.3235232830047607,-0.475223183631897,-0.11490994691848755,-0.7078055143356323,-0.38865694403648376,-0.06716560572385788,-0.502508819103241,-0.17268653213977814]","[0.045777227729558945,0.9538014531135559,0.08515110611915588,1.3159135580062866,-0.21793699264526367,-0.07337946444749832,-0.3053865134716034,-0.9828576445579529,-0.2206205129623413,1.0899276733398438,-0.1473163515329361,0.06304623186588287,-0.5195774435997009,-0.05368129536509514,0.3191004991531372,-0.36493751406669617,-0.07919048517942429,0.6857381463050842,-0.2732670307159424,0.3913387060165405,-0.11955193430185318,1.3321970701217651,-0.40957996249198914,-0.13961918652057648,-0.7543200254440308,-0.23900412023067474,-0.06720461696386337,-0.5255584716796875,-0.255868136882782]","[-0.7531794905662537,4.399067401885986,-2.8658440113067627,-1.8179476261138916,-0.08458420634269714,-0.6976531744003296,-1.5314452648162842,0.36192238330841064,0.6311945915222168,-2.367445945739746,0.10892264544963837,0.20623524487018585,0.27216076850891113,-0.17998106777668,0.828076183795929,-2.950014352798462,-0.8895673155784607,3.0531005859375,-2.026850700378418,-0.539359450340271,0.03441508114337921,-4.461103916168213,-4.436838626861572,1.5872070789337158,-0.6894603371620178,2.0480260848999023,-2.9883716106414795,0.6010055541992188,0.20631663501262665]","[-2.1936910152435303,5.413366317749023,-3.2788352966308594,-1.4821993112564087,-0.4576195478439331,0.08842787146568298,-2.39412522315979,1.3022774457931519,-0.13933587074279785,-2.290092706680298,0.18339070677757263,-0.4378013014793396,0.1436094343662262,0.24627617001533508,1.2600946426391602,-3.9038503170013428,-0.26922062039375305,3.7731618881225586,-2.532900810241699,-1.3374583721160889,0.1250719279050827,-1.3713287115097046,-4.3318586349487305,2.1795668601989746,-0.9018760323524475,2.639423131942749,-2.350529670715332,-0.2641680836677551,1.770439863204956]","[0.8596929907798767,3.974982261657715,-0.7608954310417175,1.625049114227295,0.24452295899391174,-0.12511804699897766,-0.02483743242919445,-2.568283796310425,-0.4223186671733856,0.7798008322715759,0.5130970478057861,0.09242790192365646,-0.47610247135162354,-0.915963351726532,-1.3752378225326538,-4.626530170440674,1.7371553182601929,2.233450412750244,-4.078048229217529,0.6160480380058289,-3.1623809337615967,14.93354320526123,-3.2149465084075928,-1.3080894947052002,-1.2821519374847412,-1.959696888923645,-0.6671525239944458,-5.363775730133057,-0.2874520719051361]",0.0681719183921814,0.07385765761137009,0.025808455422520638,0.09200645238161087,0.09101392328739166,4.550696164369583,0,0,0,0.47421860694885254,0.4828084707260132,0.9915123581886292,0.9393960237503052,0.9605278968811035,0.8730575442314148,-0.17082463204860687,-0.0,-0.0
138,2.7600000000000002,138,"[0.0022856849245727062,1.0587303638458252,0.07048270851373672,1.250785231590271,-0.14213670790195465,-0.10132574290037155,-0.39041128754615784,-0.9161893129348755,-0.18795210123062134,1.0620348453521729,-0.12247276306152344,0.008804294280707836,-0.49751317501068115,0.06792962551116943,0.3707025647163391,-0.49113667011260986,-0.15031643211841583,0.8310482501983643,-0.26929011940956116,0.5149641633033752,-0.006620738189667463,1.2288224697113037,-0.5433740615844727,-0.07965915650129318,-0.7117260694503784,-0.3526422083377838,-0.12110588699579239,-0.48469066619873047,-0.17225059866905212]","[0.0037134792655706406,1.0682358741760254,0.0038803666830062866,1.282125473022461,-0.22704865038394928,-0.06973840296268463,-0.3557007908821106,-0.9532312750816345,-0.21287663280963898,1.0448299646377563,-0.14303091168403625,0.053203217685222626,-0.5157436728477478,-0.061040595173835754,0.3351841866970062,-0.43188273906707764,-0.0850541964173317,0.7473856210708618,-0.3088410198688507,0.3724803924560547,-0.10452237725257874,1.2640502452850342,-0.4835588335990906,-0.09196524322032928,-0.7668545842170715,-0.1790183186531067,-0.09953874349594116,-0.5308890342712402,-0.2262384295463562]","[-0.08111206442117691,4.809340953826904,-3.723985433578491,-2.20210862159729,-0.07736161351203918,-0.8342012763023376,-1.4893845319747925,0.4029378294944763,0.9838838577270508,-2.382814884185791,0.08042659610509872,0.2539023458957672,0.434160977602005,-1.1829115152359009,0.2019330859184265,-3.1171717643737793,-1.0660700798034668,2.9349253177642822,-3.150893449783325,-1.4714405536651611,-0.46361130475997925,-4.412540912628174,-2.4778947830200195,2.3307721614837646,-0.0811159610748291,1.9713282585144043,-2.020163059234619,0.7477417588233948,0.061672553420066833]","[-1.8391364812850952,5.664858818054199,-4.416472911834717,-1.792082667350769,-0.4520910680294037,0.1981191784143448,-2.5811562538146973,1.350670337677002,0.6501493453979492,-2.185760021209717,0.18223732709884644,-0.4726158678531647,0.29636815190315247,-0.8862543702125549,0.5500949025154114,-3.204300880432129,-0.30058372020721436,2.94870662689209,-1.5698208808898926,-0.9861320853233337,0.7558385729789734,-3.7120320796966553,-3.232447385787964,2.4933488368988037,-0.5436614751815796,3.062411069869995,-1.2889043092727661,-0.17144572734832764,1.291382074356079]","[0.9158256649971008,4.345103740692139,-1.0586833953857422,1.5624864101409912,0.23098817467689514,-0.10179612785577774,-0.04539620876312256,-2.4659903049468994,-0.3057294189929962,0.6979622840881348,0.5260413289070129,0.06500034779310226,-0.5012688040733337,-1.1685845851898193,-1.6997170448303223,-4.509325981140137,1.4103620052337646,2.101686954498291,-3.921773910522461,0.5087350010871887,-3.218661308288574,14.260703086853027,-3.3861238956451416,-1.162213921546936,-1.1000763177871704,-1.737126111984253,-0.6525200009346008,-5.128024101257324,-0.01004096120595932]",0.06725306063890457,0.08338958770036697,0.022804763168096542,0.09398666769266129,0.09202274680137634,4.601137340068817,0,0,0,0.47488099336624146,0.48221489787101746,0.9932124018669128,0.9399374723434448,0.9533135294914246,0.8906807899475098,-0.1331026256084442,-0.0,-0.0
139,2.7800000000000002,139,"[0.006404513027518988,1.160248875617981,-0.011449492536485195,1.201982855796814,-0.14355312287807465,-0.11988792568445206,-0.42077332735061646,-0.9063475131988525,-0.1656712144613266,1.0134592056274414,-0.12123841792345047,0.014169844798743725,-0.4867612421512604,0.0319533571600914,0.3685322403907776,-0.559322714805603,-0.17301885783672333,0.887698233127594,-0.34235286712646484,0.4746153950691223,-0.015954289585351944,1.1470216512680054,-0.574338972568512,-0.02167905494570732,-0.7110501527786255,-0.3098038136959076,-0.14797212183475494,-0.4725991487503052,-0.17021963000297546]","[-0.027608180418610573,1.1856184005737305,-0.09576142579317093,1.2407209873199463,-0.23640532791614532,-0.06791535764932632,-0.4089932143688202,-0.9245885610580444,-0.19101576507091522,1.001129150390625,-0.13698925077915192,0.046620771288871765,-0.5156227946281433,-0.0934089720249176,0.3372563421726227,-0.49389031529426575,-0.09143085777759552,0.8159223198890686,-0.347005158662796,0.34748634696006775,-0.09712570905685425,1.1981964111328125,-0.5428285598754883,-0.0362391397356987,-0.7727484107017517,-0.10702788829803467,-0.11618279665708542,-0.5322978496551514,-0.20140880346298218]","[0.39602556824684143,5.229020118713379,-4.375384330749512,-2.7303993701934814,-0.09235404431819916,-0.9981723427772522,-1.6879842281341553,0.645408034324646,1.2158360481262207,-2.533179521560669,0.08092094212770462,0.2719257175922394,0.1550443470478058,-2.445220947265625,-0.4903458058834076,-3.335726261138916,-1.0486525297164917,3.175987482070923,-3.7704832553863525,-1.8612191677093506,-0.568943440914154,-4.2861223220825195,-1.105809211730957,3.5289344787597656,0.0888526439666748,2.614140272140503,-1.4078696966171265,0.33442452549934387,0.10640770196914673]","[-1.2011538743972778,5.760254383087158,-5.198004722595215,-2.1686298847198486,-0.46845272183418274,0.07420111447572708,-2.728280782699585,1.2748507261276245,1.2943874597549438,-2.1359052658081055,0.2843739092350006,-0.2840878367424011,-0.04831084981560707,-2.1509759426116943,-0.175407275557518,-3.119035005569458,-0.29352298378944397,3.555946111679077,-2.0806286334991455,-1.562345027923584,0.2651289999485016,-3.3268771171569824,-2.651610851287842,2.89137601852417,-0.21023070812225342,3.7353124618530273,-0.6588892340660095,0.10749857872724533,1.1570712327957153]","[0.9123306274414062,4.644748687744141,-1.2369927167892456,1.4462589025497437,0.21061113476753235,-0.11789590865373611,-0.13827675580978394,-2.366353988647461,-0.23424161970615387,0.5970538854598999,0.5546117424964905,0.07669895142316818,-0.7015694975852966,-1.3045594692230225,-1.7831501960754395,-4.7643914222717285,1.3495839834213257,2.030336380004883,-3.8938536643981934,0.420147567987442,-3.2671473026275635,13.780224800109863,-3.628176212310791,-0.9850747585296631,-1.0219974517822266,-1.5002390146255493,-0.6257237195968628,-4.930839538574219,0.1772887110710144]",0.06769532710313797,0.09358356893062592,0.019828161224722862,0.09030397236347198,0.09246177226305008,4.623088613152504,0,0,0,0.47458532452583313,0.4814378023147583,0.994838297367096,0.9485659003257751,0.9401313066482544,0.8614000678062439,-0.07787001878023148,-0.0,-0.0
140,2.8000000000000003,140,"[0.018126707524061203,1.2678911685943604,-0.1045326441526413,1.1415692567825317,-0.14583086967468262,-0.14125263690948486,-0.45793065428733826,-0.8903729915618896,-0.13931865990161896,0.9607076644897461,-0.11923592537641525,0.019681323319673538,-0.4913114011287689,-0.029879210516810417,0.3510887324810028,-0.6245657205581665,-0.19226253032684326,0.9580877423286438,-0.42010945081710815,0.440515398979187,-0.02937847562134266,1.057377576828003,-0.5876064300537109,0.061498213559389114,-0.7081719636917114,-0.24807660281658173,-0.17742067575454712,-0.4713136851787567,-0.16799429059028625]","[-0.046502724289894104,1.3019393682479858,-0.2070389688014984,1.191044569015503,-0.2461344301700592,-0.06929522752761841,-0.46352869272232056,-0.8953853845596313,-0.1586402952671051,0.9553419947624207,-0.13019686937332153,0.04367564246058464,-0.5286228656768799,-0.14665424823760986,0.32388487458229065,-0.5506690740585327,-0.09040552377700806,0.8957644104957581,-0.398761123418808,0.31903988122940063,-0.09993086010217667,1.1350587606430054,-0.5967771410942078,0.02627607434988022,-0.7745833992958069,-0.020031731575727463,-0.1278495043516159,-0.5265227556228638,-0.1755114197731018]","[0.90627521276474,5.215343952178955,-4.676452159881592,-3.242161989212036,-0.11466182768344879,-1.0465468168258667,-1.9622586965560913,0.8101165294647217,1.433620810508728,-2.6693851947784424,0.08673034608364105,0.2841709852218628,-0.8919082880020142,-3.6454148292541504,-1.2169487476348877,-2.7788267135620117,-0.35945141315460205,3.4078197479248047,-4.173000335693359,-1.5185967683792114,-0.5419656038284302,-4.214443206787109,-0.8731633424758911,4.676060199737549,0.08838772773742676,3.5212483406066895,-1.6301326751708984,0.2792663872241974,0.5392018556594849]","[-0.5457517504692078,5.618897438049316,-5.631225109100342,-2.5454964637756348,-0.48686373233795166,-0.08115097135305405,-2.7611284255981445,1.3532296419143677,1.7564427852630615,-2.290520191192627,0.29783913493156433,-0.1191297098994255,-0.8583985567092896,-3.069831371307373,-0.9703807830810547,-2.767462730407715,0.22536946833133698,4.125929832458496,-2.834383249282837,-1.3056317567825317,-0.30789926648139954,-2.900280714035034,-2.5243701934814453,3.167926073074341,-0.03113064356148243,4.5017547607421875,-0.5478399395942688,0.5266062617301941,1.2884807586669922]","[0.8096101880073547,4.801629543304443,-1.274435043334961,1.2909654378890991,0.1881866753101349,-0.14804843068122864,-0.20504215359687805,-2.2165133953094482,-0.1643681675195694,0.4690457582473755,0.5712976455688477,0.09160646051168442,-1.016065239906311,-1.1626391410827637,-1.6562420129776,-4.894089221954346,1.4975641965866089,1.831525444984436,-3.731471538543701,0.4842151403427124,-3.288362741470337,13.349676132202148,-3.9719855785369873,-0.8303200006484985,-1.0202651023864746,-1.2478538751602173,-0.6191695928573608,-4.689715385437012,0.33242589235305786]",0.06944112479686737,0.09986315667629242,0.017390983179211617,0.08666331321001053,0.09285682439804077,4.642841219902039,0,0,0,0.4734146296977997,0.4816337525844574,0.9964112043380737,0.9529696106910706,0.9323229789733887,0.8889458179473877,-0.08285734802484512,-0.0,-0.0
141,2.82,141,"[0.042655520141124725,1.3688626289367676,-0.19850757718086243,1.072296380996704,-0.1481395959854126,-0.16174979507923126,-0.4992636740207672,-0.8739428520202637,-0.10832638293504715,0.9066838026046753,-0.11776920408010483,0.025536684319376945,-0.522437572479248,-0.11386323720216751,0.3198542892932892,-0.6704757809638977,-0.18739691376686096,1.0240110158920288,-0.5092728734016418,0.41387152671813965,-0.037632912397384644,0.9784439206123352,-0.6092655062675476,0.1653633415699005,-0.7075146436691284,-0.16895388066768646,-0.21317742764949799,-0.4614284932613373,-0.14865155518054962]","[-0.052310511469841,1.413217544555664,-0.31597331166267395,1.1325374841690063,-0.2547142505645752,-0.0752234011888504,-0.517094612121582,-0.8640598654747009,-0.12151370197534561,0.9032243490219116,-0.12397747486829758,0.04416762664914131,-0.560846209526062,-0.21061253547668457,0.29303500056266785,-0.5936280488967896,-0.07280126959085464,0.982051432132721,-0.46114638447761536,0.31084924936294556,-0.11831803619861603,1.0829917192459106,-0.6492341160774231,0.09065649658441544,-0.7736830711364746,0.07923921942710876,-0.14187847077846527,-0.5106354355812073,-0.14779579639434814]","[1.4800076484680176,4.819831371307373,-4.544397354125977,-3.559541702270508,-0.11605098843574524,-1.03104829788208,-1.9968115091323853,0.9054005146026611,1.6161408424377441,-2.7485311031341553,0.10472163558006287,0.24214331805706024,-2.225504159927368,-4.416086673736572,-1.8316298723220825,-1.8760979175567627,0.847180187702179,3.3368067741394043,-4.432040691375732,-0.6775625348091125,-0.7174243927001953,-3.363670587539673,-1.1472225189208984,5.337686061859131,-0.012211501598358154,3.9597325325012207,-1.736962080001831,0.8995547890663147,1.3934680223464966]","[0.07208007574081421,5.297653675079346,-5.263211727142334,-2.941152334213257,-0.41903600096702576,-0.3086150884628296,-2.6699461936950684,1.486012578010559,1.8895049095153809,-2.6435325145721436,0.25391456484794617,0.041773464530706406,-1.891066312789917,-3.3904783725738525,-1.8580001592636108,-1.920741319656372,1.175508737564087,4.281315803527832,-3.2382454872131348,-0.11454299092292786,-1.077968955039978,-2.368068218231201,-2.4798059463500977,3.148003101348877,0.08383072167634964,5.028085708618164,-0.7222672700881958,1.0629035234451294,1.3644062280654907]","[0.5749596953392029,4.824634552001953,-1.0891941785812378,1.0610694885253906,0.17696073651313782,-0.2033957839012146,-0.24111756682395935,-2.061471939086914,-0.12090153992176056,0.3022993206977844,0.5809121131896973,0.1143234595656395,-1.377935767173767,-0.7734211087226868,-1.313321828842163,-4.874517917633057,1.7665296792984009,1.555346965789795,-3.3540139198303223,0.6992917656898499,-3.2703816890716553,13.0153169631958,-4.360769748687744,-0.7226956486701965,-0.9844383001327515,-1.024855613708496,-0.6508530378341675,-4.428905963897705,0.4936630129814148]",0.07185430079698563,0.09799627959728241,0.016377292573451996,0.08364590257406235,0.091995969414711,4.59979847073555,0,0,0,0.47174760699272156,0.4840673804283142,0.9967967867851257,0.949744701385498,0.9302703738212585,0.9031959772109985,-0.13602447509765625,-0.0,-0.0
142,2.84,142,"[0.07732701301574707,1.4606844186782837,-0.28630852699279785,0.9991875886917114,-0.15047290921211243,-0.18249456584453583,-0.5378031134605408,-0.8541569709777832,-0.07467302680015564,0.8507664203643799,-0.11504705995321274,0.029367055743932724,-0.580331563949585,-0.20652267336845398,0.2778235375881195,-0.699609637260437,-0.1583753228187561,1.0915600061416626,-0.5973910689353943,0.4134128987789154,-0.058075450360774994,0.9228307604789734,-0.6334953308105469,0.27500563859939575,-0.7086604237556458,-0.0896872952580452,-0.24689915776252747,-0.4353314936161041,-0.11225557327270508]","[-0.04422203451395035,1.5114400386810303,-0.40833184123039246,1.0691626071929932,-0.26004546880722046,-0.08352136611938477,-0.5692638754844666,-0.8300156593322754,-0.08253195881843567,0.8449749946594238,-0.11676763743162155,0.04771425575017929,-0.6093527674674988,-0.27459871768951416,0.24570855498313904,-0.6187281012535095,-0.03734998404979706,1.0653482675552368,-0.5246453285217285,0.336761474609375,-0.15407614409923553,1.0411590337753296,-0.6959811449050903,0.14810164272785187,-0.7709706425666809,0.18245595693588257,-0.16151681542396545,-0.4845832586288452,-0.12387958914041519]","[1.7999505996704102,4.2440056800842285,-4.117186546325684,-3.645484209060669,-0.08200332522392273,-1.0207440853118896,-1.9056134223937988,1.0328725576400757,1.7036232948303223,-2.847118854522705,0.1538056880235672,0.18335911631584167,-3.1789302825927734,-4.500150203704834,-2.363659381866455,-1.1655062437057495,1.794479489326477,3.563180685043335,-3.8176732063293457,0.7652260661125183,-2.6494548320770264,-2.3996710777282715,-0.9855076670646667,4.879312992095947,0.18627047538757324,3.8224575519561768,-1.6023684740066528,1.7911360263824463,1.6170023679733276]","[0.6909842491149902,4.530318737030029,-4.263754367828369,-3.079056739807129,-0.24506042897701263,-0.3984444737434387,-2.573190927505493,1.6620450019836426,1.9167795181274414,-2.9024384021759033,0.3208655118942261,0.18169432878494263,-2.6084909439086914,-3.188045024871826,-2.600104331970215,-1.0137578248977661,1.9962973594665527,3.985358476638794,-3.1387834548950195,1.6329091787338257,-1.875367283821106,-1.9054914712905884,-2.1207871437072754,2.641397714614868,0.1520848125219345,5.069555282592773,-1.0021635293960571,1.517409324645996,1.1002644300460815]","[0.29265105724334717,4.647487163543701,-0.7681524753570557,0.8167014122009277,0.1848735213279724,-0.24628376960754395,-0.2721877992153168,-1.8804583549499512,-0.10154692828655243,0.15169166028499603,0.6124781966209412,0.14222653210163116,-1.674160122871399,-0.2550069987773895,-0.8238962888717651,-4.789248466491699,2.046005964279175,1.306689739227295,-2.8284120559692383,1.0603665113449097,-3.236116647720337,12.776484489440918,-4.718433856964111,-0.7350356578826904,-0.8922340869903564,-0.8473212122917175,-0.7252231240272522,-4.184276103973389,0.559243381023407]",0.07425447553396225,0.08654149621725082,0.019240520894527435,0.08898819983005524,0.09148063510656357,4.574031755328178,0,0,0,0.4699517488479614,0.48856520652770996,0.9954769015312195,0.937652587890625,0.9330307841300964,0.9273738861083984,-0.17801949381828308,-0.0,-0.0
143,2.86,143,"[0.11465354263782501,1.5386228561401367,-0.3631950318813324,0.9264770150184631,-0.1514197289943695,-0.2025795578956604,-0.5754882097244263,-0.8326279520988464,-0.04018145054578781,0.7927990555763245,-0.11161697655916214,0.032871048897504807,-0.649594783782959,-0.2938692271709442,0.2253079116344452,-0.7170960307121277,-0.11561773717403412,1.1665382385253906,-0.6619797945022583,0.4444805681705475,-0.1436111032962799,0.8824570775032043,-0.6486858129501343,0.3605358600616455,-0.7000638246536255,-0.016055582091212273,-0.27727216482162476,-0.3897830545902252,-0.08397146314382553]","[-0.024094751104712486,1.5894168615341187,-0.47539445757865906,1.0062497854232788,-0.263385534286499,-0.09075862169265747,-0.6204776763916016,-0.7940736413002014,-0.047869592905044556,0.7834729552268982,-0.10723668336868286,0.05179097130894661,-0.6642810702323914,-0.32896631956100464,0.18749798834323883,-0.6282762289047241,0.007601394318044186,1.137651801109314,-0.5820099711418152,0.39584043622016907,-0.20230625569820404,1.0079033374786377,-0.7291887402534485,0.18943849205970764,-0.7655800580978394,0.2767399251461029,-0.1862652599811554,-0.4505217671394348,-0.10853275656700134]","[1.8214467763900757,3.3897788524627686,-3.5026700496673584,-3.617739677429199,-0.04969500005245209,-0.9336709976196289,-1.8821179866790771,1.1334136724472046,1.659467101097107,-2.892087459564209,0.1664595752954483,0.1317429393529892,-3.344817638397217,-3.9839723110198975,-2.660229444503784,-0.6387695670127869,2.3182551860809326,3.422322988510132,-2.885869264602661,2.4129130840301514,-4.278563022613525,-2.0552291870117188,-0.6144508719444275,2.8860347270965576,0.5379557609558105,3.8579351902008057,-1.606952428817749,2.2016079425811768,1.1264210939407349]","[1.1654224395751953,3.458099842071533,-2.9246039390563965,-2.997224807739258,-0.16901624202728271,-0.3235994279384613,-2.544563055038452,1.7721138000488281,1.575348138809204,-3.007046699523926,0.4426608681678772,0.18757905066013336,-2.739389419555664,-2.540456533432007,-2.9980974197387695,-0.30457091331481934,2.2844207286834717,3.3378329277038574,-2.7486321926116943,3.148165702819824,-2.374455451965332,-1.513822078704834,-1.3576948642730713,1.7083163261413574,0.30891478061676025,4.43606424331665,-1.2399274110794067,1.8195871114730835,0.6572169065475464]","[0.06248438358306885,4.369288444519043,-0.44103267788887024,0.568006157875061,0.17987382411956787,-0.26299598813056946,-0.34578725695610046,-1.7376430034637451,-0.1259947568178177,-0.005639390554279089,0.6530709862709045,0.15433825552463531,-1.8701461553573608,0.3199681341648102,-0.2890412509441376,-4.672312259674072,2.3039042949676514,1.0654138326644897,-2.2680611610412598,1.4660347700119019,-3.17623233795166,12.603280067443848,-5.006227016448975,-0.8230247497558594,-0.7564958930015564,-0.7662750482559204,-0.8116859197616577,-3.958723783493042,0.5251728892326355]",0.07612612843513489,0.07067804038524628,0.02297108620405197,0.0939495861530304,0.09201178699731827,4.600589349865913,0,0,0,0.46842944622039795,0.49267396330833435,0.9933428168296814,0.9261106252670288,0.9492975473403931,0.9540531635284424,-0.1833183616399765,-0.0,-0.0
144,2.88,144,"[0.15018488466739655,1.5962755680084229,-0.4264153242111206,0.8544780015945435,-0.1524607092142105,-0.21984140574932098,-0.6130878329277039,-0.8088204264640808,-0.008294344879686832,0.7350829243659973,-0.10838867723941803,0.03463677316904068,-0.7141242623329163,-0.3658815622329712,0.1714143604040146,-0.7251604199409485,-0.06564512103796005,1.2284529209136963,-0.7128258347511292,0.5099294185638428,-0.22921797633171082,0.8406215906143188,-0.658073365688324,0.3904470205307007,-0.6871421933174133,0.06463010609149933,-0.31117725372314453,-0.34726718068122864,-0.0671987310051918]","[-0.0005324087105691433,1.6461321115493774,-0.5168668627738953,0.9448140859603882,-0.2670816481113434,-0.09631524235010147,-0.6718783974647522,-0.7584380507469177,-0.02681790478527546,0.720305860042572,-0.0970664843916893,0.053591590374708176,-0.7157461643218994,-0.3670573830604553,0.12641161680221558,-0.6259249448776245,0.05201338976621628,1.1947088241577148,-0.6316956877708435,0.47127771377563477,-0.2525702714920044,0.981370210647583,-0.7449749708175659,0.21241794526576996,-0.7558853030204773,0.34808066487312317,-0.213679239153862,-0.4096127450466156,-0.09979293495416641]","[1.5803710222244263,2.296260118484497,-2.7206735610961914,-3.568288803100586,-0.04836432635784149,-0.8056793808937073,-2.161616086959839,1.1950955390930176,1.56697416305542,-2.8688907623291016,0.16998909413814545,0.056421104818582535,-3.0649678707122803,-3.2229602336883545,-2.762286901473999,-0.11483579874038696,2.561394691467285,2.7987213134765625,-2.1680147647857666,3.325071334838867,-3.8882784843444824,-2.0610125064849854,-0.5364865064620972,0.7792294025421143,0.6384789943695068,3.546630382537842,-1.908552646636963,2.5695645809173584,0.6849182844161987]","[1.172080636024475,2.424839496612549,-1.6681106090545654,-2.9492287635803223,-0.2099161595106125,-0.24689553678035736,-2.596163034439087,1.7413254976272583,0.785915195941925,-3.071890354156494,0.45222365856170654,0.06465622782707214,-2.4129178524017334,-1.6541026830673218,-2.9918229579925537,0.23235797882080078,2.1276707649230957,2.548058271408081,-2.363065481185913,3.696474552154541,-2.34956693649292,-1.2111105918884277,-0.495857834815979,0.8182217478752136,0.5444540977478027,3.143066644668579,-1.3562406301498413,2.0887086391448975,0.3874814510345459]","[-0.08482998609542847,4.1582865715026855,-0.22366708517074585,0.3220175802707672,0.16054484248161316,-0.2718980610370636,-0.42876341938972473,-1.6826040744781494,-0.16629065573215485,-0.19313837587833405,0.6750406622886658,0.14299766719341278,-1.9845770597457886,0.8563919067382812,0.10949122160673141,-4.546859264373779,2.5444438457489014,0.8093342781066895,-1.8120185136795044,1.784360647201538,-3.099026918411255,12.448936462402344,-5.238584518432617,-0.7949641346931458,-0.6136345863342285,-0.836880087852478,-0.868745744228363,-3.7475099563598633,0.4547107219696045]",0.07646480202674866,0.05696241557598114,0.02451987750828266,0.09452934563159943,0.09337882697582245,4.668941348791122,0,0,0,0.4680880010128021,0.4950138330459595,0.9922524094581604,0.9264664649963379,0.9621065855026245,0.9542819857597351,-0.12926797568798065,-0.0,-0.0
145,2.9,145,"[0.17786838114261627,1.630473256111145,-0.4720219671726227,0.7837454676628113,-0.15335430204868317,-0.23480673134326935,-0.6619528532028198,-0.7848241329193115,0.02249751426279545,0.6780434250831604,-0.10481741279363632,0.03512789309024811,-0.7721934914588928,-0.4227876365184784,0.11481643468141556,-0.7216894626617432,-0.013161950744688511,1.2784870862960815,-0.7487003803253174,0.5774834156036377,-0.2991422414779663,0.8000165820121765,-0.6701452732086182,0.3917050361633301,-0.6745246648788452,0.12580962479114532,-0.35361427068710327,-0.28700047731399536,-0.056574732065200806]","[0.015388387255370617,1.6815273761749268,-0.5393983125686646,0.8837078809738159,-0.2722947597503662,-0.10092592239379883,-0.727431058883667,-0.7243829369544983,-0.020016875118017197,0.6566399335861206,-0.08885224908590317,0.05279092490673065,-0.7573577761650085,-0.3888775408267975,0.06778110563755035,-0.6150089502334595,0.09112589806318283,1.235432744026184,-0.6743791699409485,0.5433399677276611,-0.29580414295196533,0.9600274562835693,-0.7447236180305481,0.2223709523677826,-0.7414279580116272,0.3891008496284485,-0.2396295964717865,-0.36312204599380493,-0.09446576237678528]","[1.042600393295288,0.7426172494888306,-1.7973273992538452,-3.5901801586151123,0.003748387098312378,-0.6767534017562866,-3.0484259128570557,1.100240707397461,1.5183002948760986,-2.889268159866333,0.17042718827724457,0.012886710464954376,-2.5817394256591797,-2.5146000385284424,-3.0324184894561768,0.41129738092422485,2.634856939315796,2.1213769912719727,-1.3026624917984009,2.9995129108428955,-3.1364657878875732,-1.7260730266571045,-0.7381081581115723,-0.19836649298667908,0.6029605865478516,2.625288486480713,-1.890421748161316,3.389838457107544,0.445218950510025]","[0.6699685454368591,1.377525806427002,-0.8062651753425598,-2.9731059074401855,-0.2907351851463318,-0.2103831171989441,-2.852261781692505,1.6634501218795776,0.11542340368032455,-3.0863330364227295,0.33691948652267456,-0.054299578070640564,-1.8423622846603394,-0.8903101682662964,-2.7862401008605957,0.6053308248519897,1.847633957862854,1.7458680868148804,-2.0189623832702637,3.3193345069885254,-1.9343013763427734,-0.9764951467514038,0.22717900574207306,0.30522555112838745,0.7537833452224731,1.604883074760437,-1.2434908151626587,2.3015248775482178,0.23680000007152557]","[-0.18842822313308716,3.9909403324127197,-0.1281108856201172,0.09528305381536484,0.13666075468063354,-0.28010889887809753,-0.5124645233154297,-1.6629908084869385,-0.1757059246301651,-0.38231658935546875,0.6762213110923767,0.12483631819486618,-2.021864175796509,1.2775918245315552,0.2771773636341095,-4.46763277053833,2.775167942047119,0.5375734567642212,-1.4886832237243652,1.9778821468353271,-3.034308433532715,12.32964038848877,-5.491605281829834,-0.647257924079895,-0.4540899693965912,-0.9998247623443604,-0.8824149966239929,-3.466770887374878,0.3505436182022095]",0.07523943483829498,0.04570194333791733,0.024950705468654633,0.09494642168283463,0.09378265589475632,4.689132794737816,0,0,0,0.46895965933799744,0.4961819350719452,0.9918034076690674,0.9295094609260559,0.955711305141449,0.9341577291488647,-0.0871906727552414,-0.0,-0.0
146,2.92,146,"[0.19188889861106873,1.625980257987976,-0.4983084201812744,0.7108708024024963,-0.15231077373027802,-0.24691154062747955,-0.7350248694419861,-0.7648108005523682,0.052437666803598404,0.6195122003555298,-0.10157158970832825,0.035152241587638855,-0.8173938393592834,-0.466465562582016,0.050117623060941696,-0.7087085247039795,0.0397491492331028,1.3133080005645752,-0.7649323344230652,0.6299099326133728,-0.35467660427093506,0.7715786695480347,-0.6875976920127869,0.3825123608112335,-0.6630237698554993,0.1696416437625885,-0.3867941200733185,-0.21167364716529846,-0.049389973282814026]","[0.017176687717437744,1.6986104249954224,-0.5486028790473938,0.822270393371582,-0.27612870931625366,-0.10550566762685776,-0.7895335555076599,-0.6928156018257141,-0.026989180594682693,0.5937515497207642,-0.08356888592243195,0.04931404069066048,-0.7838258147239685,-0.39834097027778625,0.017248522490262985,-0.5993809103965759,0.12474657595157623,1.2592438459396362,-0.7100552916526794,0.5986496806144714,-0.3272833824157715,0.9438495635986328,-0.7311877012252808,0.2268906533718109,-0.7211419343948364,0.39375197887420654,-0.2656066119670868,-0.31032267212867737,-0.09673634171485901]","[0.4117608070373535,-0.3557652235031128,-0.8820422291755676,-3.479077100753784,0.05214028060436249,-0.560208797454834,-4.0307135581970215,1.101689100265503,1.2397083044052124,-2.9225051403045654,0.18608085811138153,-0.034243520349264145,-1.8580585718154907,-1.6864709854125977,-2.955939769744873,0.7033661007881165,2.6041438579559326,1.2634515762329102,-0.4516422748565674,2.0839200019836426,-2.1793582439422607,-0.9878441691398621,-0.9535431861877441,-0.5726702809333801,1.2074828147888184,0.6253499388694763,-1.5020214319229126,5.878220081329346,-0.06722025573253632]","[-0.08763422816991806,0.5389784574508667,-0.1977025866508484,-2.9961063861846924,-0.18976210057735443,-0.21725308895111084,-3.1956865787506104,1.5292792320251465,-0.5573498010635376,-3.0292580127716064,0.19540923833847046,-0.17702235281467438,-1.0217591524124146,-0.36367014050483704,-2.2864439487457275,0.787722647190094,1.616491675376892,0.9107316136360168,-1.6672323942184448,2.395811080932617,-1.3507168292999268,-0.7261916399002075,0.801245927810669,0.1751902848482132,1.009514331817627,-0.2320796698331833,-1.255065679550171,2.6067843437194824,-0.2229454070329666]","[-0.26013728976249695,3.9230520725250244,-0.11645191162824631,-0.0841120257973671,0.14675042033195496,-0.29101264476776123,-0.6318583488464355,-1.6994762420654297,-0.1853674203157425,-0.5633634328842163,0.6672767400741577,0.09877859801054001,-1.9644840955734253,1.6352543830871582,0.3571796119213104,-4.442508220672607,3.0378875732421875,0.21611537039279938,-1.259507417678833,2.064699172973633,-2.9587085247039795,12.309213638305664,-5.763901710510254,-0.39130523800849915,-0.17537318170070648,-1.283783197402954,-0.9305858612060547,-3.156205415725708,0.14503028988838196]",0.07372625917196274,0.04227689281105995,0.024847427383065224,0.09851659089326859,0.09200219064950943,4.6001095324754715,0,0,0,0.4700985252857208,0.4959469735622406,0.9915363192558289,0.9291576147079468,0.9279277324676514,0.8761703968048096,-0.09072810411453247,-0.0,-0.0
147,2.94,147,"[0.1943388134241104,1.6162426471710205,-0.5073036551475525,0.6445823907852173,-0.15126869082450867,-0.25721508264541626,-0.8231813907623291,-0.7407565712928772,0.07208584249019623,0.5611432194709778,-0.09737417846918106,0.03375815227627754,-0.8465158343315125,-0.4902464747428894,-0.0034211520105600357,-0.6935548186302185,0.09100379794836044,1.329025149345398,-0.7667660713195801,0.6608402132987976,-0.38631656765937805,0.760502815246582,-0.7082870006561279,0.36879822611808777,-0.6262253522872925,0.15082362294197083,-0.4136951267719269,-0.05187167599797249,-0.05926354229450226]","[0.007049007341265678,1.7043551206588745,-0.5475407838821411,0.7638474702835083,-0.27443841099739075,-0.10849226266145706,-0.8544820547103882,-0.662818193435669,-0.0476640984416008,0.5314948558807373,-0.07549676299095154,0.04211313650012016,-0.7895379066467285,-0.399588406085968,-0.016113102436065674,-0.5843090415000916,0.15272268652915955,1.2659521102905273,-0.7368924617767334,0.6307902336120605,-0.34736689925193787,0.933556079864502,-0.7070069909095764,0.22833047807216644,-0.6912208199501038,0.36175864934921265,-0.2982117831707001,-0.25269991159439087,-0.11727741360664368]","[-0.041990727186203,-0.47870874404907227,-0.20692050457000732,-2.980738878250122,0.08598789572715759,-0.44267067313194275,-4.413087844848633,1.0670721530914307,0.7597171664237976,-2.801318645477295,0.2501031458377838,-0.09650970250368118,-1.0112777948379517,-0.853873074054718,-2.325256824493408,0.6613507866859436,2.1998555660247803,0.02968907356262207,0.21327883005142212,1.1955857276916504,-1.2612544298171997,0.048188865184783936,-0.5125358700752258,-1.052512288093567,3.2175989151000977,-1.6113147735595703,-1.5448668003082275,8.306710243225098,-3.074997663497925]","[-0.6249231100082397,0.0929846316576004,0.23912422358989716,-2.778932571411133,0.11618856340646744,-0.12704260647296906,-3.268110990524292,1.462274432182312,-1.198302149772644,-2.990814685821533,0.38874220848083496,-0.3590487539768219,0.06575670838356018,-0.006185798905789852,-1.308457374572754,0.699024498462677,1.3426706790924072,0.07288174331188202,-1.1977274417877197,1.2401485443115234,-0.8321166634559631,-0.43298816680908203,1.260375738143921,0.04254808649420738,1.4944536685943604,-1.9926952123641968,-1.6145302057266235,2.8163442611694336,-1.2405805587768555]","[-0.23476839065551758,4.0057878494262695,-0.1950976848602295,-0.16605576872825623,0.2015904188156128,-0.28118470311164856,-0.7329594492912292,-1.7728171348571777,-0.17842499911785126,-0.752853274345398,0.7097820043563843,0.05400156229734421,-1.817233681678772,1.982882022857666,0.4001252055168152,-4.462905406951904,3.2104673385620117,-0.1271873563528061,-1.040036678314209,2.0668647289276123,-2.849104404449463,12.398557662963867,-5.93688440322876,-0.09960387647151947,0.2850499451160431,-1.556115984916687,-1.0754083395004272,-2.895568370819092,-0.16807615756988525]",0.07033930718898773,0.0528021976351738,0.024290358647704124,0.10741017758846283,0.08941876888275146,4.470938444137573,0,0,0,0.4728023409843445,0.49285179376602173,0.9915279150009155,0.9189057946205139,0.9127411842346191,0.7848655581474304,-0.10275635868310928,-0.0,-0.0
148,2.96,148,"[0.1902092695236206,1.6068319082260132,-0.5065852403640747,0.5916412472724915,-0.1488712579011917,-0.2646183669567108,-0.911548376083374,-0.7221279144287109,0.08282635360956192,0.5074594616889954,-0.09156746417284012,0.03129185363650322,-0.8578449487686157,-0.5006204843521118,-0.04289264604449272,-0.6822544932365417,0.12774336338043213,1.31449556350708,-0.7564011812210083,0.6777333617210388,-0.40512678027153015,0.773506224155426,-0.7080991268157959,0.34041187167167664,-0.5343198180198669,0.10518905520439148,-0.4485887885093689,0.12059476971626282,-0.17238987982273102]","[-0.010369842872023582,1.7043259143829346,-0.5464015007019043,0.7112517952919006,-0.266280859708786,-0.10651196539402008,-0.9269804954528809,-0.6371310353279114,-0.06389325112104416,0.4740639626979828,-0.05494527891278267,0.027725564315915108,-0.7675877809524536,-0.3967600166797638,-0.03953777998685837,-0.5818629860877991,0.17952129244804382,1.2490108013153076,-0.7260861992835999,0.6494855880737305,-0.3542501926422119,0.9294659495353699,-0.6911723613739014,0.22978395223617554,-0.654975175857544,0.31164121627807617,-0.33904826641082764,-0.18734675645828247,-0.1643875241279602]","[-0.43327996134757996,-0.39953291416168213,0.157146155834198,-2.371248722076416,0.1382928341627121,-0.27928799390792847,-4.346512317657471,0.8874982595443726,0.42892956733703613,-2.57321834564209,0.293451189994812,-0.13191848993301392,0.03602951765060425,-0.33063292503356934,-1.5783237218856812,0.5668431520462036,1.446255087852478,-1.4887064695358276,0.7326945662498474,0.6667256355285645,-0.848261296749115,1.3597444295883179,1.1638104915618896,-1.4916465282440186,6.369350910186768,-2.7971343994140625,-1.2505136728286743,7.6595330238342285,-9.177458763122559]","[-0.8507980108261108,-0.12489861994981766,0.08246466517448425,-2.4399280548095703,0.42464858293533325,0.13754373788833618,-3.5860354900360107,1.238023042678833,-0.8243513703346252,-2.8563363552093506,1.074636697769165,-0.7263627648353577,1.501103162765503,0.10531581193208694,-0.9824909567832947,-0.08347829431295395,1.2871979475021362,-1.3520456552505493,1.0425670146942139,0.8426668643951416,-0.06740773469209671,-0.11854526400566101,0.6644231677055359,-0.04774298891425133,1.8138837814331055,-2.482792377471924,-1.9495562314987183,3.285491943359375,-2.7037904262542725]","[-0.13974779844284058,4.122607707977295,-0.3708818554878235,-0.19716984033584595,0.2661934494972229,-0.2349872887134552,-0.8509294986724854,-1.8140852451324463,-0.10776637494564056,-0.9711228013038635,0.8383416533470154,-0.029464492574334145,-1.620808720588684,2.2302732467651367,0.3319070041179657,-4.536640644073486,3.1879117488861084,-0.4736012816429138,-0.832350492477417,2.05739164352417,-2.671241044998169,12.58444881439209,-5.977319240570068,0.1957593709230423,0.8770142793655396,-1.6618367433547974,-1.2513715028762817,-2.6775331497192383,-0.5212249755859375]",0.06557654589414597,0.06322740763425827,0.023701291531324387,0.11295683681964874,0.08664537221193314,4.332268610596657,0,0,0,0.4762076735496521,0.4890994131565094,0.9917041063308716,0.9085910320281982,0.9277954697608948,0.653480052947998,-0.11460909247398376,-0.0,-0.0
149,2.98,149,"[0.17700761556625366,1.6002613306045532,-0.5010178089141846,0.5497324466705322,-0.14573697745800018,-0.2683866024017334,-0.9970418810844421,-0.7052566409111023,0.08924302458763123,0.45821449160575867,-0.08563613146543503,0.028481412678956985,-0.8450746536254883,-0.5034717917442322,-0.06655409932136536,-0.6708810925483704,0.14885400235652924,1.2694768905639648,-0.7374582886695862,0.6875092387199402,-0.42024701833724976,0.814892590045929,-0.6617345809936523,0.3091323673725128,-0.37145131826400757,0.0389382466673851,-0.46371567249298096,0.2545096278190613,-0.4263618588447571]","[-0.028126835823059082,1.6952323913574219,-0.5497675538063049,0.6684511303901672,-0.2518979609012604,-0.10172852128744125,-0.9955797791481018,-0.609564483165741,-0.07628057897090912,0.4128113090991974,-0.02505238726735115,0.006616045720875263,-0.7267301678657532,-0.39329713582992554,-0.051788147538900375,-0.5868770480155945,0.19737447798252106,1.205133318901062,-0.7005890607833862,0.6618936061859131,-0.3434032201766968,0.9321603178977966,-0.6710100769996643,0.2160622477531433,-0.6031476259231567,0.26282814145088196,-0.3772070109844208,-0.12350277602672577,-0.24807482957839966]","[-0.7428359389305115,-0.29670894145965576,0.2674512565135956,-1.9713878631591797,0.1785535365343094,-0.12447759509086609,-4.0412278175354,0.8434534072875977,0.14337562024593353,-2.41323184967041,0.31292811036109924,-0.1424971967935562,1.2401282787322998,-0.1209259033203125,-0.7370679974555969,0.7376611232757568,0.9407684206962585,-3.0618937015533447,1.1159777641296387,0.5336463451385498,-0.30210763216018677,2.514892816543579,2.5328145027160645,-0.5930349230766296,7.0885467529296875,-3.3703887462615967,-0.7138416171073914,2.8324005603790283,-10.53648567199707]","[-0.7959438562393188,-0.6052613854408264,-0.19615106284618378,-1.9669742584228516,0.7218979597091675,0.24193623661994934,-3.307999849319458,1.3923336267471313,-0.5707852840423584,-2.994025230407715,1.4397525787353516,-1.0319339036941528,2.225525379180908,0.2047719657421112,-0.3917124569416046,-0.2605033218860626,0.7711559534072876,-2.476940870285034,1.3991150856018066,0.5506795048713684,0.7174249887466431,0.19560164213180542,1.0122424364089966,-0.9617502689361572,2.8787577152252197,-2.1792261600494385,-1.8628126382827759,3.030118703842163,-5.000892639160156]","[-0.09140869975090027,4.082756996154785,-0.4790034294128418,-0.24404868483543396,0.338451623916626,-0.2098066806793213,-0.9838307499885559,-1.7921557426452637,-0.039471279829740524,-1.1352202892303467,0.9514279961585999,-0.11914677172899246,-1.4844077825546265,2.404838800430298,0.4071226418018341,-4.711312770843506,3.156738042831421,-0.7805060744285583,-0.8813904523849487,2.0293972492218018,-2.4113919734954834,12.832173347473145,-5.630926609039307,0.39048346877098083,1.2566983699798584,-1.5879157781600952,-1.3215885162353516,-2.500046730041504,-0.7493259906768799]",0.06165872514247894,0.07070592045783997,0.024114908650517464,0.12084408104419708,0.08788592368364334,4.394296184182167,0,0,0,0.47900253534317017,0.4872705340385437,0.9915885329246521,0.8912347555160522,0.8894033432006836,0.7360677719116211,-0.08027128875255585,-0.0,-0.0
150,3.0,150,"[0.1604958325624466,1.594963550567627,-0.4958871901035309,0.5127857327461243,-0.14172911643981934,-0.26959747076034546,-1.0731974840164185,-0.688389778137207,0.08856137841939926,0.41093018651008606,-0.07905033975839615,0.02559196576476097,-0.8082398176193237,-0.5054575204849243,-0.07237536460161209,-0.6527480483055115,0.16537410020828247,1.1920198202133179,-0.7117620706558228,0.6990792155265808,-0.4172110855579376,0.8741019368171692,-0.6067865490913391,0.31669047474861145,-0.2507779598236084,-0.029626494273543358,-0.47714245319366455,0.23389078676700592,-0.5938493013381958]","[-0.04410296306014061,1.676414132118225,-0.5583944320678711,0.6299855709075928,-0.23475942015647888,-0.09713164716959,-1.0617082118988037,-0.5829769372940063,-0.08490383625030518,0.3572436273097992,0.0020230403169989586,-0.014562544412910938,-0.6761783957481384,-0.3883305788040161,-0.05366520211100578,-0.5925659537315369,0.2089606523513794,1.146606683731079,-0.6693193316459656,0.6745389699935913,-0.3239782750606537,0.9376533031463623,-0.6531973481178284,0.19240351021289825,-0.5441724061965942,0.22578656673431396,-0.39918309450149536,-0.06838397681713104,-0.36279553174972534]","[-0.7647294998168945,-0.3514915704727173,0.21343901753425598,-1.7574071884155273,0.21067708730697632,-0.03720521926879883,-3.49841570854187,0.9821638464927673,-0.23090523481369019,-2.2799179553985596,0.35660770535469055,-0.14686645567417145,2.1705760955810547,-0.01706629991531372,0.05930755287408829,0.6921723484992981,0.668399453163147,-4.282135009765625,1.2036830186843872,0.9803280234336853,0.7862456440925598,2.9469878673553467,2.1186277866363525,0.5158491730690002,4.541569709777832,-2.327875852584839,-0.9165436029434204,-1.274893879890442,-8.110758781433105]","[-0.7068148851394653,-1.0699859857559204,-0.44686681032180786,-1.8642373085021973,0.8068135976791382,0.21131689846515656,-3.2492754459381104,1.2714407444000244,-0.3943597674369812,-2.575444459915161,1.2107694149017334,-0.9761532545089722,2.6281557083129883,0.274978905916214,0.09608101099729538,-0.21436291933059692,0.5590857267379761,-3.066098213195801,1.6781002283096313,0.6820992231369019,1.0318794250488281,0.28036394715309143,0.6701164841651917,-1.2429922819137573,2.899609327316284,-1.51964271068573,-0.853091835975647,2.5462663173675537,-6.213531970977783]","[-0.07074686884880066,3.997804641723633,-0.5508385896682739,-0.3538292348384857,0.38278308510780334,-0.20379549264907837,-1.1920742988586426,-1.7614713907241821,-0.044997137039899826,-1.224948525428772,0.9806999564170837,-0.15762801468372345,-1.3724089860916138,2.407470226287842,0.503343403339386,-4.864955425262451,3.183436870574951,-0.884633481502533,-0.8851866126060486,2.041576623916626,-2.11186146736145,12.94455623626709,-5.21882963180542,0.5974690914154053,1.2087516784667969,-1.538926124572754,-1.212525725364685,-2.36409330368042,-0.7160656452178955]",0.059549517929553986,0.07009974867105484,0.025306548923254013,0.12264230102300644,0.08869144320487976,4.434572160243988,0,0,0,0.48046639561653137,0.48830217123031616,0.9907426238059998,0.8857366442680359,0.8880207538604736,0.7502955794334412,-0.04899153113365173,-0.0,-0.0
151,3.02,151,"[0.14641843736171722,1.5862016677856445,-0.49248024821281433,0.47943615913391113,-0.13730989396572113,-0.26987481117248535,-1.1369785070419312,-0.6659700870513916,0.08000681549310684,0.3670177757740021,-0.07137182354927063,0.022606754675507545,-0.7582516074180603,-0.5041544437408447,-0.06418179720640182,-0.6431941986083984,0.17558997869491577,1.098191499710083,-0.6893109679222107,0.7267223596572876,-0.38879719376564026,0.9327720999717712,-0.576989471912384,0.32976633310317993,-0.18978853523731232,-0.05417678505182266,-0.5003774166107178,0.20351387560367584,-0.7507922053337097]","[-0.05329001694917679,1.6521611213684082,-0.566885232925415,0.5934209823608398,-0.21946468949317932,-0.09233364462852478,-1.1253485679626465,-0.5586025714874268,-0.09205963462591171,0.31378141045570374,0.024745192378759384,-0.030886828899383545,-0.6194469928741455,-0.38121193647384644,-0.036998920142650604,-0.5950721502304077,0.22361382842063904,1.0859967470169067,-0.6385607123374939,0.6954212784767151,-0.29912135004997253,0.9484171867370605,-0.6506801843643188,0.17078600823879242,-0.4946214556694031,0.19607587158679962,-0.4072442948818207,-0.025621024891734123,-0.49183663725852966]","[-0.5865078568458557,-0.68855881690979,0.2030596137046814,-1.62022864818573,0.23802518844604492,0.010178983211517334,-3.0745625495910645,1.1927441358566284,-0.5739161968231201,-2.1085991859436035,0.4012301564216614,-0.14187680184841156,2.5934741497039795,0.1562453806400299,0.5903849601745605,0.23458898067474365,0.5927413702011108,-4.680514335632324,1.223096251487732,1.8037811517715454,1.4432907104492188,3.1399459838867188,0.8435502648353577,0.20135417580604553,2.4385690689086914,-0.6392406225204468,-1.173494815826416,-1.5269116163253784,-7.268688201904297]","[-0.34794291853904724,-1.2665964365005493,-0.40126538276672363,-1.7705715894699097,0.6796770691871643,0.2289484590291977,-3.112095832824707,1.1728657484054565,-0.3600294291973114,-1.9334231615066528,1.0277514457702637,-0.7162147164344788,2.885324478149414,0.420728862285614,1.2527117729187012,-0.07129290699958801,0.8460176587104797,-2.8190836906433105,1.479550838470459,1.008104681968689,1.3008153438568115,1.2039713859558105,-0.2655338644981384,-0.9735518097877502,2.2775766849517822,-1.360771656036377,-0.23055057227611542,1.8719110488891602,-6.725519180297852]","[-0.005045086145401001,3.960200786590576,-0.5914506316184998,-0.433276504278183,0.4012898802757263,-0.189851313829422,-1.430114984512329,-1.6955326795578003,-0.07814003527164459,-1.2618013620376587,1.0079529285430908,-0.15966849029064178,-1.303592562675476,2.3241124153137207,0.6287187933921814,-4.985135555267334,3.1989634037017822,-0.9580984115600586,-0.856792151927948,2.1393749713897705,-1.8396668434143066,13.018576622009277,-4.851288795471191,0.700990617275238,1.029866099357605,-1.5248383283615112,-1.1642907857894897,-2.2573235034942627,-0.621178388595581]",0.05881767347455025,0.06486279517412186,0.026244254782795906,0.1273498237133026,0.0910152941942215,4.550764709711075,0,0,0,0.4810781180858612,0.49073323607444763,0.9899100065231323,0.8801332712173462,0.9210187792778015,0.8295509219169617,-0.04165995121002197,-0.0,-0.0
152,3.04,152,"[0.1370355188846588,1.5674211978912354,-0.48776480555534363,0.44797658920288086,-0.13220810890197754,-0.26919031143188477,-1.196179986000061,-0.6406800150871277,0.06560473144054413,0.32658621668815613,-0.0630011335015297,0.019916893914341927,-0.7045008540153503,-0.4992077052593231,-0.04875996708869934,-0.6433644890785217,0.1890837550163269,1.004799246788025,-0.6628382205963135,0.7712304592132568,-0.35947945713996887,0.9996997714042664,-0.5730445384979248,0.32474464178085327,-0.15323519706726074,-0.055196117609739304,-0.5240822434425354,0.17281432449817657,-0.8845968246459961]","[-0.054688747972249985,1.621368169784546,-0.5691871047019958,0.5588672757148743,-0.20855657756328583,-0.08797743171453476,-1.1938754320144653,-0.5378307104110718,-0.09787237644195557,0.28401145339012146,0.044348638504743576,-0.04203418269753456,-0.5592582821846008,-0.3744451403617859,-0.013003906235098839,-0.6014792323112488,0.2367824763059616,1.0233168601989746,-0.6080413460731506,0.7186133861541748,-0.26995307207107544,0.9973323345184326,-0.6611045598983765,0.15075942873954773,-0.4604814052581787,0.17616848647594452,-0.40933167934417725,0.004632412921637297,-0.62941974401474]","[-0.3592848777770996,-1.2600988149642944,0.3166601061820984,-1.6143032312393188,0.24728812277317047,0.056438148021698,-2.9172451496124268,1.3023704290390015,-0.7990708947181702,-1.9688338041305542,0.4282410442829132,-0.1397474706172943,2.701124668121338,0.31872838735580444,0.9479421377182007,-0.058801472187042236,1.0013569593429565,-4.497945308685303,1.4930710792541504,2.3816750049591064,1.547279953956604,3.134702205657959,-0.28874874114990234,-0.49669593572616577,1.4287981986999512,0.0039519742131233215,-0.9980648756027222,-1.2791444063186646,-6.3145833015441895]","[-0.043103765696287155,-1.657382607460022,-0.0034940538462251425,-1.7032119035720825,0.46158987283706665,0.19867390394210815,-3.596543312072754,0.9635425209999084,-0.27558633685112,-1.2727134227752686,0.8927102088928223,-0.4808034300804138,3.110356330871582,0.22509992122650146,0.9192054271697998,-0.5384103655815125,0.4610549211502075,-3.542931079864502,1.8036890029907227,1.3145184516906738,1.3493763208389282,2.8307719230651855,-0.6314414739608765,-1.1005676984786987,1.328500747680664,-0.5020478367805481,0.01808544620871544,1.3584425449371338,-7.044796943664551]","[0.10461997985839844,3.919588565826416,-0.6186361312866211,-0.49721989035606384,0.39758825302124023,-0.18224766850471497,-1.6058626174926758,-1.6212918758392334,-0.11936886608600616,-1.2567957639694214,1.037601351737976,-0.153096005320549,-1.3226104974746704,2.1723473072052,0.5856408476829529,-4.975538730621338,3.137206792831421,-1.075942873954773,-0.8318309187889099,2.2422983646392822,-1.5807124376296997,13.0737886428833,-4.4993391036987305,0.6019154787063599,0.8431882858276367,-1.535514235496521,-1.1746782064437866,-2.144946336746216,-0.5514131188392639]",0.058729663491249084,0.0612533837556839,0.02717878483235836,0.12931571900844574,0.09269396960735321,4.6346984803676605,0,0,0,0.48107123374938965,0.49279719591140747,0.9890861511230469,0.8775517344474792,0.9302006959915161,0.9008154273033142,-0.036823730915784836,-0.0,-0.0
153,3.06,153,"[0.13204704225063324,1.5357977151870728,-0.4798138439655304,0.41486403346061707,-0.1274183690547943,-0.26761728525161743,-1.2536683082580566,-0.6138752698898315,0.048043981194496155,0.2882644236087799,-0.05424218252301216,0.017016855999827385,-0.6502066254615784,-0.49140530824661255,-0.026264112442731857,-0.6455462574958801,0.2156442552804947,0.9182736873626709,-0.6295881271362305,0.8219893574714661,-0.3269059956073761,1.0581601858139038,-0.5885394215583801,0.3098984956741333,-0.13263660669326782,-0.05401870608329773,-0.5403000116348267,0.1523481011390686,-1.00337553024292]","[-0.04672256112098694,1.5864455699920654,-0.5629848837852478,0.5276695489883423,-0.20349270105361938,-0.0850016251206398,-1.265535593032837,-0.5204475522041321,-0.10743367671966553,0.26378411054611206,0.06041838228702545,-0.046951670199632645,-0.5012258887290955,-0.36859607696533203,0.009725220501422882,-0.6059936881065369,0.2523644268512726,0.9527184963226318,-0.5775244235992432,0.7415891885757446,-0.23290856182575226,1.0598640441894531,-0.6820833683013916,0.13383033871650696,-0.4438331425189972,0.16477803885936737,-0.40410351753234863,0.029314396902918816,-0.7576979398727417]","[-0.2155780792236328,-1.6377270221710205,0.4666469991207123,-1.699182391166687,0.22951197624206543,0.0851757824420929,-2.849149703979492,1.301021933555603,-0.9180918335914612,-1.9146054983139038,0.46361005306243896,-0.15319150686264038,2.713608741760254,0.45196935534477234,1.4296451807022095,-0.010406970977783203,1.8950432538986206,-3.922234535217285,1.981055736541748,2.2098944187164307,1.6067721843719482,3.2962486743927,-1.291114091873169,-0.7779784798622131,0.8021865487098694,0.059287622570991516,-0.9110987186431885,-0.5828235149383545,-5.750149726867676]","[0.4531870484352112,-1.722791314125061,0.3297687768936157,-1.4888758659362793,0.17290273308753967,0.12931577861309052,-3.4967291355133057,0.8413251638412476,-0.5657531023025513,-0.8869380354881287,0.7214491367340088,-0.17571233212947845,2.800734043121338,0.34608349204063416,1.2656785249710083,-0.10625803470611572,0.9249057173728943,-3.4860222339630127,1.473710536956787,0.9609755277633667,1.9953898191452026,3.1702582836151123,-1.2956806421279907,-0.7471081614494324,0.5633237361907959,-0.49205857515335083,0.39535579085350037,1.1435645818710327,-6.140843391418457]","[0.2149905115365982,3.848545551300049,-0.5910273194313049,-0.5210349559783936,0.3786654472351074,-0.1842229664325714,-1.7751973867416382,-1.5757741928100586,-0.1712685376405716,-1.2635838985443115,1.0495109558105469,-0.12571729719638824,-1.3561116456985474,2.0730066299438477,0.5866348147392273,-4.719226360321045,3.181335687637329,-1.0891562700271606,-0.8384342789649963,2.3597919940948486,-1.334431529045105,13.079510688781738,-4.251094341278076,0.5313020944595337,0.62422776222229,-1.6340581178665161,-1.162598967552185,-2.053309202194214,-0.5857556462287903]",0.05934211611747742,0.05483085662126541,0.027818556874990463,0.12919658422470093,0.09230640530586243,4.615320265293121,0,0,0,0.48072826862335205,0.4944164752960205,0.9885145425796509,0.8776282072067261,0.9261109828948975,0.8819853663444519,-0.03406316041946411,-0.0,-0.0
154,3.08,154,"[0.1284123957157135,1.5019121170043945,-0.46909892559051514,0.3800092935562134,-0.12302763015031815,-0.26578328013420105,-1.3101459741592407,-0.5886391401290894,0.02888105809688568,0.2500019967556,-0.04445673152804375,0.01378923375159502,-0.5959565043449402,-0.4811289310455322,0.008425838313996792,-0.6437807679176331,0.26488548517227173,0.8479098677635193,-0.5835959911346436,0.8596262335777283,-0.29520857334136963,1.1315497159957886,-0.6246891021728516,0.29362550377845764,-0.12114773690700531,-0.05282461270689964,-0.5605261921882629,0.14950138330459595,-1.11460280418396]","[-0.03082014061510563,1.5506411790847778,-0.5477131605148315,0.5033782124519348,-0.20449882745742798,-0.08395694941282272,-1.3362047672271729,-0.5053412914276123,-0.12274666130542755,0.24929149448871613,0.07177715003490448,-0.04504638910293579,-0.44796156883239746,-0.3614756166934967,0.03203548491001129,-0.6006783843040466,0.2757416367530823,0.8793169260025024,-0.549977719783783,0.7549375891685486,-0.1868429332971573,1.1193767786026,-0.709571123123169,0.12273389846086502,-0.44582605361938477,0.1561518758535385,-0.39601612091064453,0.04742354527115822,-0.8613280653953552]","[-0.09427964687347412,-1.7230063676834106,0.5439907312393188,-1.7054781913757324,0.23474153876304626,0.10940954089164734,-2.76983380317688,1.1677966117858887,-0.8577861785888672,-1.8561289310455322,0.49589818716049194,-0.14503884315490723,2.647559404373169,0.5236484408378601,1.9810327291488647,0.11572986841201782,2.955721855163574,-3.158839225769043,2.5107815265655518,1.8615857362747192,1.3369754552841187,4.071417331695557,-2.287407159805298,-0.707977294921875,0.40165260434150696,0.1597382128238678,-1.2767539024353027,0.04341006278991699,-5.227929592132568]","[0.7490237355232239,-1.753726601600647,0.805706799030304,-1.102765440940857,-0.10030800104141235,0.033446040004491806,-3.4849634170532227,0.7274391651153564,-0.8125734329223633,-0.6387973427772522,0.4847593903541565,0.14287622272968292,2.609607696533203,0.37977057695388794,1.0621311664581299,0.3944072127342224,1.257246494293213,-3.7409703731536865,1.4046783447265625,0.4968785345554352,2.3162758350372314,2.910351514816284,-1.3983335494995117,-0.5118740797042847,-0.420230895280838,-0.34385910630226135,0.44926923513412476,0.7662125825881958,-4.747854709625244]","[0.3207395076751709,3.783412218093872,-0.5356965065002441,-0.5050128102302551,0.34652405977249146,-0.19384998083114624,-1.8949509859085083,-1.5420942306518555,-0.2293960005044937,-1.2754943370819092,1.0446414947509766,-0.08076823502779007,-1.335217833518982,1.9224162101745605,0.5404651165008545,-4.386345386505127,3.169828176498413,-1.0211669206619263,-0.8703761696815491,2.4233264923095703,-1.087282419204712,13.124282836914062,-4.0298075675964355,0.39863070845603943,0.3618795871734619,-1.6787115335464478,-1.1783342361450195,-1.9899228811264038,-0.7433372139930725]",0.06061689183115959,0.044944606721401215,0.027405615895986557,0.12931881844997406,0.09096822887659073,4.548411443829536,0,0,0,0.4798905551433563,0.49642425775527954,0.9886234998703003,0.8750854730606079,0.9174312353134155,0.8325912952423096,-0.04163511469960213,-0.0,-0.0
155,3.1,155,"[0.12827585637569427,1.4668774604797363,-0.45805421471595764,0.34664490818977356,-0.11802870780229568,-0.26324090361595154,-1.3644616603851318,-0.5671634078025818,0.013732533901929855,0.2140192687511444,-0.034406255930662155,0.011215302161872387,-0.5443042516708374,-0.47045937180519104,0.052977196872234344,-0.6409170627593994,0.33387312293052673,0.7919201254844666,-0.5291568636894226,0.896452784538269,-0.27342697978019714,1.2210168838500977,-0.6800357103347778,0.2815794050693512,-0.11657050251960754,-0.04762917757034302,-0.591370165348053,0.15408450365066528,-1.2124927043914795]","[-0.01017268281430006,1.5121073722839355,-0.5272350311279297,0.49207475781440735,-0.210918128490448,-0.08239065110683441,-1.4023444652557373,-0.49148786067962646,-0.13957546651363373,0.24068263173103333,0.07729168981313705,-0.038469064980745316,-0.39498740434646606,-0.3569842278957367,0.053235143423080444,-0.5854808688163757,0.30896809697151184,0.7976845502853394,-0.5212766528129578,0.7741763591766357,-0.14479003846645355,1.149325966835022,-0.733498752117157,0.11380796134471893,-0.4660378694534302,0.14896857738494873,-0.3878994882106781,0.05798497423529625,-0.9360364675521851]","[0.10563172399997711,-1.698392629623413,0.5361162424087524,-1.5888512134552002,0.22822414338588715,0.12462586164474487,-2.6157259941101074,0.9742811322212219,-0.6305196285247803,-1.7022427320480347,0.5120925903320312,-0.12203560024499893,2.617373466491699,0.6882496476173401,2.4383535385131836,0.100003182888031,3.559622287750244,-2.5530457496643066,3.049527168273926,2.1459832191467285,0.6038352847099304,3.836613893508911,-3.0114054679870605,-0.6281867623329163,0.09889546781778336,0.39806514978408813,-1.8706098794937134,0.29584988951683044,-4.61365270614624]","[0.9701429605484009,-1.8344899415969849,0.9573827981948853,-0.3849397897720337,-0.3391055762767792,0.08158406615257263,-3.001072883605957,0.6796773672103882,-0.8836603164672852,-0.3588363528251648,0.20912137627601624,0.3446739912033081,2.580620765686035,0.31579652428627014,1.351481556892395,1.105635404586792,2.0178027153015137,-3.961165428161621,1.2945040464401245,1.1142921447753906,1.9706670045852661,0.784615695476532,-1.2125766277313232,-0.3822467625141144,-1.167170763015747,-0.49191662669181824,0.4073789417743683,0.41353511810302734,-3.2363672256469727]","[0.39394158124923706,3.6137876510620117,-0.47184863686561584,-0.41677674651145935,0.30585452914237976,-0.1842055320739746,-1.9005690813064575,-1.4750312566757202,-0.2690480351448059,-1.2320055961608887,1.027308464050293,-0.04155907779932022,-1.2382558584213257,1.7495605945587158,0.48199474811553955,-4.019867897033691,3.075580358505249,-0.8669016361236572,-0.9273767471313477,2.4459612369537354,-0.8239472508430481,13.20422077178955,-3.7897279262542725,0.19970010221004486,0.09125442802906036,-1.696738839149475,-1.1900634765625,-1.9640517234802246,-1.00767183303833]",0.06283647567033768,0.04543500021100044,0.02738383039832115,0.13512752950191498,0.08642829954624176,4.321414977312088,0,0,0,0.47842398285865784,0.4953445792198181,0.9887799620628357,0.8612223863601685,0.8862085342407227,0.6702563762664795,-0.058820731937885284,-0.0,-0.0
156,3.12,156,"[0.13263766467571259,1.433976411819458,-0.44765427708625793,0.31645524501800537,-0.11389866471290588,-0.26079824566841125,-1.414775013923645,-0.5496678948402405,0.0036602732725441456,0.18191228806972504,-0.023973029106855392,0.008907809853553772,-0.4912615716457367,-0.4535989463329315,0.10595997422933578,-0.6397806406021118,0.4072703719139099,0.745788037776947,-0.4616149067878723,0.9454655647277832,-0.2710551619529724,1.285014271736145,-0.745145320892334,0.268498033285141,-0.11719191819429398,-0.03690200671553612,-0.6353505849838257,0.16133537888526917,-1.2991489171981812]","[0.016064412891864777,1.4641978740692139,-0.5111989378929138,0.5054867267608643,-0.22518013417720795,-0.07490968704223633,-1.4554249048233032,-0.4779245853424072,-0.15298907458782196,0.24561914801597595,0.0750461146235466,-0.0305513646453619,-0.3360261917114258,-0.35913413763046265,0.08832996338605881,-0.5722996592521667,0.347168892621994,0.7125213742256165,-0.4876335859298706,0.7817580699920654,-0.10800805687904358,1.2178319692611694,-0.7486916780471802,0.1018655076622963,-0.49633607268333435,0.13601332902908325,-0.38103610277175903,0.06257347762584686,-0.9860538840293884]","[0.22547245025634766,-1.5949130058288574,0.4907064139842987,-1.4168248176574707,0.17360225319862366,0.13432353734970093,-2.439892292022705,0.7656022906303406,-0.40930965542793274,-1.4889776706695557,0.4724047780036926,-0.09431537985801697,2.885716438293457,1.152809739112854,2.693265199661255,-0.452914834022522,2.8675453662872314,-2.263817310333252,4.102560043334961,2.0599498748779297,-0.02639666199684143,3.4979641437530518,-3.1923651695251465,-0.743257999420166,-0.29298850893974304,0.5578733682632446,-2.4110734462738037,0.13600066304206848,-3.950214385986328]","[1.1996163129806519,-2.4203133583068848,0.7082143425941467,0.9518353939056396,-0.7001398801803589,0.39877620339393616,-2.346879243850708,0.6680676937103271,-0.6402790546417236,0.43931132555007935,-0.14820441603660583,0.3752973973751068,3.032229423522949,-0.1651557832956314,2.033306360244751,0.45881417393684387,1.947003960609436,-4.354482173919678,1.8340965509414673,0.15130512416362762,1.736586570739746,4.818819999694824,-0.6028476357460022,-0.7113263010978699,-1.5998319387435913,-0.6864845156669617,0.3148277699947357,0.1373160481452942,-2.141552448272705]","[0.45101791620254517,3.266498565673828,-0.4376031160354614,-0.18113401532173157,0.22501608729362488,-0.12674906849861145,-1.6266427040100098,-1.3727712631225586,-0.2874872088432312,-1.0186635255813599,0.9927728176116943,-0.019343161955475807,-0.986027181148529,1.5519142150878906,0.2208745777606964,-3.6923553943634033,2.6607630252838135,-0.6566321849822998,-0.9996926784515381,2.2863523960113525,-0.49359261989593506,13.318305015563965,-3.485642910003662,-0.12639130651950836,-0.15189717710018158,-1.7130913734436035,-1.1987165212631226,-1.9261842966079712,-1.2716158628463745]",0.0658845528960228,0.06391236186027527,0.027987048029899597,0.14770865440368652,0.0831909328699112,4.15954664349556,0,0,0,0.4762438237667084,0.4887400269508362,0.9888712167739868,0.8335843682289124,0.8429365158081055,0.6591786742210388,-0.13000786304473877,-0.0,-0.0
