step,sim_time_s,motion_frame,reference_joint_pos,actual_joint_pos,reference_joint_vel,actual_joint_vel,policy_action,anchor_position_error,anchor_rotation_error,body_position_error,body_rotation_error,total_reward,total_reward_rate,terminated,truncated,done,reward/motion_global_root_pos,reward/motion_global_root_ori,reward/motion_body_pos,reward/motion_body_ori,reward/motion_body_lin_vel,reward/motion_body_ang_vel,reward/action_rate_l2,reward/joint_limit,reward/self_collisions
0,0.0,0,"[-0.29412972927093506,0.004737286362797022,-0.0013266908936202526,0.2641296088695526,0.04300042241811752,-0.004824476316571236,-0.2651934325695038,0.006154305301606655,-0.00314427656121552,0.18090809881687164,0.0775047242641449,-0.006836346350610256,0.0018495345721021295,0.0038947169668972492,-0.3242895007133484,0.38706204295158386,0.16934576630592346,-0.15657861530780792,-0.5902451276779175,1.299651861190796,0.15138322114944458,1.2486987113952637,0.3491489887237549,-0.10730870813131332,0.06960361450910568,-0.5908880829811096,-1.656898856163025,0.10044843703508377,-1.229791522026062]","[-0.31641528010368347,-0.004018189385533333,-0.015989426523447037,0.34209147095680237,-0.042707666754722595,-0.012931610457599163,-0.2911826968193054,0.0034862514585256577,0.007454675622284412,0.3017420470714569,0.026076823472976685,-0.015253961086273193,-0.012446095235645771,0.0076919179409742355,-0.2929191589355469,0.10066124051809311,0.16652195155620575,-0.12488026916980743,-0.2222449779510498,1.095184326171875,0.1097552627325058,1.100103497505188,0.07893580198287964,-0.13111230731010437,0.0643252283334732,-0.2218688577413559,-1.393094539642334,0.06721778959035873,-1.0019737482070923]","[-2.007371187210083,-0.0017356360331177711,-0.010095763951539993,4.286956787109375,-2.2798264026641846,-0.0012957490980625153,-2.5046796798706055,-0.007058866322040558,-0.015833834186196327,5.340063095092773,-2.836346387863159,-0.00135861337184906,-0.0048928894102573395,-0.001891434658318758,0.07932335138320923,-17.621463775634766,-0.4978679120540619,1.574354648590088,20.598102569580078,-2.2019147872924805,0.9217270016670227,-2.3249387741088867,-16.56502914428711,0.016897916793823242,-1.9179240465164185,20.364778518676758,0.37057995796203613,0.32189860939979553,2.8594911098480225]","[-0.8246563076972961,-0.5280680656433105,-0.8468233942985535,3.51039719581604,-4.417181015014648,-0.4535335600376129,-0.7410795092582703,-0.17432959377765656,0.6377475261688232,5.7378363609313965,-3.2991485595703125,-0.48637381196022034,-0.9487074613571167,0.3384949564933777,2.1248419284820557,-12.663792610168457,0.08696018159389496,1.506951928138733,15.319496154785156,-10.42807674407959,-3.075352668762207,-6.496014595031738,-11.759260177612305,-1.6040834188461304,0.29644572734832764,15.45574951171875,14.797743797302246,-2.2336502075195312,12.653451919555664]","[-0.22014552354812622,-0.1114528477191925,-0.1107635647058487,-0.4779394567012787,0.15200521051883698,-0.07622536271810532,-0.20202209055423737,-0.13043391704559326,0.15644583106040955,-0.25024449825286865,0.2514677047729492,-0.12904754281044006,-0.20768705010414124,0.4472370743751526,0.6455438733100891,-0.05136404559016228,0.03585405647754669,0.015600159764289856,-0.20883914828300476,0.7133303880691528,0.6921775341033936,0.10944505035877228,-0.021496310830116272,-0.17587485909461975,0.00414968840777874,-0.32188892364501953,-0.9997116327285767,0.02809954062104225,-0.38258689641952515]",0.06663771718740463,0.06937070935964584,0.04464422166347504,0.16547124087810516,0.06501500308513641,3.2507501542568207,0,0,0,0.48605749011039734,0.49105304479599,0.982053279876709,0.8543408513069153,0.7838479280471802,0.007848592475056648,-0.3544509708881378,-0.0,-0.0
1,0.02,1,"[-0.3342771530151367,0.0047025736421346664,-0.0015286061679944396,0.3498687446117401,-0.002596106380224228,-0.004850391298532486,-0.3152870237827301,0.006013127975165844,-0.0034609532449394464,0.2877093553543091,0.02077779546380043,-0.006863518618047237,0.0017516767838969827,0.003856888273730874,-0.3227030336856842,0.03463277593255043,0.15938840806484222,-0.1250915229320526,-0.17828308045864105,1.2556135654449463,0.1698177605867386,1.202199935913086,0.01784844510257244,-0.10697074979543686,0.03124513477087021,-0.1835925281047821,-1.6494872570037842,0.10688640922307968,-1.1726016998291016]","[-0.31501346826553345,-0.010448561981320381,-0.015878859907388687,0.40540558099746704,-0.056598763912916183,-0.02079402469098568,-0.29175448417663574,0.0034345476888120174,0.031170111149549484,0.3790174424648285,-0.017194941639900208,-0.03434029594063759,-0.01689540594816208,0.014086445793509483,-0.24162083864212036,-0.10515835881233215,0.1657426953315735,-0.09385934472084045,-0.004770930856466293,0.9323087334632874,0.07061425596475601,0.8948335647583008,-0.09733836352825165,-0.16474691033363342,0.06167686730623245,-0.025529436767101288,-1.1689563989639282,0.03800950199365616,-0.779594898223877]","[-0.41301771998405457,-5.916226655244827e-05,-0.002220776630565524,0.8715145587921143,-0.459979772567749,-0.0005981652066111565,-0.40024295449256897,-0.0009328476153314114,-0.0026067602448165417,0.8440275192260742,-0.4467892646789551,-0.00039135338738560677,0.022641217336058617,0.013130204752087593,-0.044311583042144775,-18.472484588623047,-0.5257588028907776,1.9191807508468628,27.77394676208496,-2.7416348457336426,-1.9526805877685547,3.4014673233032227,-17.050752639770508,-0.0485861673951149,-2.175976276397705,25.987957000732422,0.823289155960083,0.30632615089416504,-2.213797092437744]","[0.45887064933776855,-0.271517276763916,0.261431485414505,2.8488309383392334,0.6094356179237366,-0.31943362951278687,0.307203084230423,0.047975022345781326,1.3207581043243408,3.355675458908081,-0.5080817341804504,-0.9222493767738342,-0.0009060455486178398,0.3123323321342468,2.6570870876312256,-8.969411849975586,-0.15937207639217377,1.7627795934677124,8.525075912475586,-7.4366607666015625,-1.2455919981002808,-12.36732006072998,-7.2713303565979,-1.670426845550537,-0.48042088747024536,7.402436256408691,9.81888484954834,-0.9188205003738403,10.988848686218262]","[-0.214228093624115,-0.14726106822490692,0.04586075618863106,-0.6275730133056641,0.2789529263973236,-0.08194361627101898,-0.29690277576446533,-0.031173888593912125,0.21019093692302704,-0.5978846549987793,0.34196293354034424,-0.23643016815185547,-0.02889888733625412,0.2649599611759186,0.864020049571991,-0.05925881490111351,-0.0652274489402771,0.031863920390605927,-0.3505009114742279,1.0547388792037964,0.9299532175064087,0.13641126453876495,0.22656813263893127,-0.22718769311904907,0.010068712756037712,-0.41018569469451904,-1.4081382751464844,0.11433257162570953,-0.5435230135917664]",0.05878647416830063,0.041513506323099136,0.03644077107310295,0.15661053359508514,0.06123547628521919,3.0617738142609596,0,0,0,0.4891696274280548,0.49742263555526733,0.9892493486404419,0.7868157029151917,0.3681725561618805,0.012565101496875286,-0.08162124454975128,-0.0,-0.0
2,0.04,2,"[-0.31065043807029724,0.004734919872134924,-0.0014155219541862607,0.2989901900291443,0.024601232260465622,-0.004848402924835682,-0.28120315074920654,0.006116991396993399,-0.0032485469710081816,0.21466919779777527,0.059633154422044754,-0.0068520004861056805,0.0027551832608878613,0.004419925156980753,-0.3260619640350342,-0.3518373370170593,0.1483154147863388,-0.07981138676404953,0.5207127332687378,1.1899864673614502,0.07327599823474884,1.384757399559021,-0.3328811228275299,-0.10925215482711792,-0.017435431480407715,0.4486301839351654,-1.6239672899246216,0.11270148307085037,-1.3183434009552002]","[-0.2944928705692291,-0.014807743951678276,-0.000952698290348053,0.44971904158592224,-0.031022649258375168,-0.02578197978436947,-0.27555137872695923,0.000862882356159389,0.05395543947815895,0.4385559558868408,-0.004665129352360964,-0.04835252836346626,-0.017070818692445755,0.01674993522465229,-0.18193557858467102,-0.24429574608802795,0.1629844456911087,-0.058487437665462494,0.11857730150222778,0.8135628700256348,0.06602685153484344,0.6390136480331421,-0.19788658618927002,-0.1939508020877838,0.04556360840797424,0.07557038962841034,-1.0326242446899414,0.03372952714562416,-0.5674926042556763]","[-0.09755268692970276,-4.413304850459099e-05,-0.0005195819539949298,0.1803576946258545,-0.08300414681434631,-0.0001289532519876957,-0.11531859636306763,-0.00029801158234477043,-0.000745145371183753,0.21802932024002075,-0.10297368466854095,-0.00012021046131849289,0.018987586721777916,0.009508483111858368,-0.10651499032974243,-8.051440238952637,-0.40779784321784973,1.1549028158187866,13.852279663085938,-1.1471927165985107,-1.4627350568771362,0.8379042148590088,-6.903013706207275,-0.24725832045078278,-0.75065016746521,11.741623878479004,0.548359751701355,-0.21435339748859406,0.5342066287994385]","[1.1696183681488037,-0.20539188385009766,0.8681249022483826,1.913480281829834,1.272247076034546,-0.2290191650390625,0.9661980271339417,-0.21415892243385315,1.0182688236236572,2.711650848388672,0.8668045401573181,-0.6028793454170227,-0.05005578324198723,0.07472185790538788,2.9309239387512207,-5.779726982116699,-0.08529090881347656,1.6218990087509155,5.020473480224609,-5.222123146057129,0.060736581683158875,-12.085450172424316,-3.769597291946411,-1.3932636976242065,-0.8552295565605164,3.9170703887939453,5.643671989440918,-0.05252375826239586,9.818938255310059]","[-0.18490776419639587,-0.08473757654428482,0.09029814600944519,-0.6333632469177246,0.44372448325157166,-0.07827276736497879,-0.3287070393562317,-0.05164875090122223,0.20494526624679565,-0.5327537059783936,0.41046154499053955,-0.21959039568901062,-0.11125510185956955,0.03870038688182831,1.2409813404083252,0.16733264923095703,-0.08696788549423218,0.041624754667282104,-0.46186020970344543,1.2233428955078125,0.979334831237793,0.03731738030910492,0.4761773943901062,-0.11317110806703568,0.011961346492171288,-0.5932381749153137,-1.6751110553741455,0.26386263966560364,-0.6164750456809998]",0.04622454568743706,0.026127979159355164,0.04014698415994644,0.2174111157655716,0.06494338810443878,3.247169405221939,0,0,0,0.49357718229293823,0.4976814091205597,0.9843165278434753,0.5955296754837036,0.5746582746505737,0.157152459025383,-0.05574619397521019,-0.0,-0.0
3,0.06,3,"[-0.33817926049232483,0.004700808320194483,-0.0015493894461542368,0.3570830523967743,-0.005916272290050983,-0.004855549428611994,-0.3198997676372528,0.006001207511872053,-0.0034907590597867966,0.2964305281639099,0.016658848151564598,-0.006868327036499977,0.0025111802387982607,0.0042372276075184345,-0.3269636332988739,-0.28742483258247375,0.14307649433612823,-0.07889541238546371,0.37580806016921997,1.2097258567810059,0.11130835860967636,1.2357161045074463,-0.25827211141586304,-0.11686108261346817,0.0012191298883408308,0.28607240319252014,-1.62755286693573,0.09831227362155914,-1.151233434677124]","[-0.26749148964881897,-0.021340569481253624,0.011037821881473064,0.4726845920085907,-0.04022068902850151,-0.03048032894730568,-0.2544201910495758,-0.0088577875867486,0.06448163837194443,0.48108306527137756,-0.028551984578371048,-0.04878458008170128,-0.02310209348797798,0.01409275084733963,-0.11281602084636688,-0.3214523196220398,0.16697373986244202,-0.028817053884267807,0.1666661500930786,0.7440045475959778,0.0670848935842514,0.43783727288246155,-0.23956996202468872,-0.21411317586898804,0.027828672900795937,0.11296622455120087,-0.9492340087890625,0.034502532333135605,-0.406363308429718]","[-1.1406488418579102,-0.0013093696907162666,-0.005633506458252668,2.449280023574829,-1.307242751121521,-0.0004947534762322903,-1.5075281858444214,-0.004464806988835335,-0.00947809312492609,3.226515054702759,-1.716314435005188,-0.0008307630196213722,-0.01949205808341503,-0.011103902943432331,0.03431886434555054,13.580761909484863,0.11296309530735016,-1.4399362802505493,-23.41282081604004,2.7680130004882812,3.272338628768921,-11.142372131347656,13.818948745727539,-0.8235052227973938,1.9904459714889526,-23.45765495300293,-0.42816996574401855,-1.089012622833252,11.507865905761719]","[1.2812981605529785,-0.35301294922828674,0.48156899213790894,0.8151831030845642,-0.8548513054847717,-0.21800947189331055,1.0370709896087646,-0.49484196305274963,0.4323270320892334,2.0616540908813477,-0.5110613703727722,0.21626116335391998,-0.4666650891304016,-0.23750649392604828,3.553208827972412,-2.8015661239624023,0.38190022110939026,1.3113731145858765,1.1125547885894775,-2.78886342048645,-0.05375310406088829,-8.758743286132812,-1.122265100479126,-0.8094763159751892,-0.8640867471694946,0.8561540842056274,3.51296067237854,0.009387701749801636,6.973271369934082]","[0.06396503746509552,-0.04830252379179001,0.007112507708370686,-0.5114446878433228,0.6002017259597778,-0.07970378547906876,-0.38159632682800293,-0.1125379353761673,0.13810944557189941,-0.40638190507888794,0.4286476969718933,-0.12498468160629272,-0.19035273790359497,-0.17773374915122986,1.4999518394470215,0.293154776096344,-0.011519820429384708,0.08935122191905975,-0.7592083811759949,1.3721330165863037,0.8195223212242126,-0.05046330392360687,0.6448158621788025,0.05356471240520477,0.026152251288294792,-0.8207906484603882,-1.7256157398223877,0.32113194465637207,-0.5949039459228516]",0.06399845331907272,0.04792283475399017,0.05277501791715622,0.24336041510105133,0.04885973036289215,2.4429865181446075,0,0,0,0.4846217930316925,0.4943268299102783,0.9738446474075317,0.5212533473968506,0.023638200014829636,0.00010591254249447957,-0.05480432137846947,-0.0,-0.0
4,0.08,4,"[-0.35627639293670654,0.004682545084506273,-0.0016408622032031417,0.39696139097213745,-0.02768847532570362,-0.0048681930638849735,-0.3415042757987976,0.005938399117439985,-0.003627670696005225,0.34372979402542114,-0.00901942327618599,-0.006885231006890535,0.0019755009561777115,0.00397576903924346,-0.32468920946121216,0.19139313697814941,0.1528339385986328,-0.13740883767604828,-0.4158001244068146,1.3007069826126099,0.20416954159736633,0.9390625357627869,0.21987681090831757,-0.14219236373901367,0.06218240410089493,-0.4896760582923889,-1.6410940885543823,0.0691409781575203,-0.858028769493103]","[-0.23818175494670868,-0.03288869932293892,0.009961474686861038,0.5002226829528809,-0.04559900984168053,-0.031431328505277634,-0.22612863779067993,-0.021927308291196823,0.06430095434188843,0.5370205044746399,-0.019104354083538055,-0.04012603312730789,-0.03582528233528137,0.0036448331084102392,-0.02828475460410118,-0.34503087401390076,0.18410435318946838,-0.0063454569317400455,0.14295917749404907,0.7170110940933228,0.06147197261452675,0.2957843542098999,-0.23793962597846985,-0.22193679213523865,0.009596237912774086,0.1014525517821312,-0.8866639733314514,0.03284391388297081,-0.295245498418808]","[1.1012375354766846,0.0009119510650634766,0.005567457992583513,-2.3238346576690674,1.2229164838790894,0.0007768278010189533,1.3676576614379883,0.0038274447433650494,0.008662057109177113,-2.88805890083313,1.5211458206176758,0.0007995171472430229,-0.016541142016649246,-0.008562766015529633,0.06685331463813782,25.415992736816406,1.5833181142807007,-3.1604976654052734,-31.823772430419922,2.9532670974731445,1.615045428276062,-5.92395544052124,26.545169830322266,-1.4181638956069946,2.5085103511810303,-31.58402442932129,0.04070699214935303,-1.4460217952728271,4.826624870300293]","[1.4859075546264648,-0.5699723362922668,-0.1843726933002472,1.6572411060333252,0.5529720783233643,0.006820061709731817,1.5341876745224,-0.633827805519104,-0.13229571282863617,2.922001838684082,0.6705084443092346,0.4248877465724945,-0.6285811066627502,-0.6285948157310486,4.2900495529174805,-0.2751472592353821,1.0791544914245605,0.9822959899902344,-2.134138584136963,-0.8982236385345459,-0.4566813111305237,-6.109409332275391,0.8172575831413269,-0.19827444851398468,-0.8796680569648743,-1.172476053237915,2.7917988300323486,-0.1406426727771759,4.751689910888672]","[0.3613765835762024,-0.14274513721466064,-0.06534562259912491,-0.19167843461036682,0.7065579891204834,-0.0542667917907238,-0.35598981380462646,-0.09463298320770264,0.04039432853460312,-0.17349666357040405,0.4061540961265564,-0.07450546324253082,-0.1519661843776703,-0.3535975217819214,1.5921363830566406,0.48042088747024536,0.20106539130210876,0.18694469332695007,-1.067070484161377,1.5298141241073608,0.6769518852233887,-0.16641287505626678,0.6512168049812317,0.11578492075204849,-0.03218346834182739,-0.9839077591896057,-1.6542648077011108,0.3231801390647888,-0.5618650317192078]",0.11131108552217484,0.1628505289554596,0.08349975198507309,0.3910718858242035,0.040328383445739746,2.0164191722869873,0,0,0,0.44637826085090637,0.4259776473045349,0.9178346991539001,0.2865479588508606,0.0005661137402057648,4.484002502636031e-09,-0.06088540703058243,-0.0,-0.0
5,0.1,5,"[-0.29412975907325745,0.004737286362797022,-0.0013266911264508963,0.2641296684741974,0.04300038516521454,-0.004824476316571236,-0.26519346237182617,0.006154305301606655,-0.0031442767940461636,0.1809081733226776,0.07750467956066132,-0.006836346350610256,0.0018495345721021295,0.0038947169668972492,-0.3242895007133484,0.7292148470878601,0.20640921592712402,-0.20531530678272247,-0.8971428275108337,1.3278565406799316,0.17591017484664917,0.9987578988075256,0.8035346865653992,-0.1735876351594925,0.10155954211950302,-0.9772886037826538,-1.6259245872497559,0.040471401065588,-0.9581684470176697]","[-0.2020675539970398,-0.04320426657795906,0.009181119501590729,0.5314415097236633,-0.03969785198569298,-0.02489401213824749,-0.19761908054351807,-0.033982448279857635,0.06282272189855576,0.5843714475631714,-0.04011570289731026,-0.03544221073389053,-0.03726893290877342,-0.01336758118122816,0.061090774834156036,-0.3294934630393982,0.21102282404899597,0.011690687388181686,0.08093461394309998,0.712436854839325,0.04969227686524391,0.19907838106155396,-0.20321694016456604,-0.21963900327682495,-0.010616489686071873,0.06888088583946228,-0.822621762752533,0.02517646923661232,-0.21921220421791077]","[-0.5559518933296204,-0.16492031514644623,0.10128302127122879,2.6975512504577637,-2.1673660278320312,0.19263795018196106,-1.1327922344207764,0.2586192488670349,-0.1721954196691513,4.9539313316345215,-3.91878342628479,-0.30839666724205017,0.0022804830223321915,-0.005488394759595394,-1.477880835533142,11.278326988220215,1.0699015855789185,-1.2515358924865723,-10.273285865783691,0.23215115070343018,-1.500319004058838,5.9466705322265625,11.86507511138916,0.06184391677379608,0.902072012424469,-10.3389310836792,0.0033587217330932617,-0.09010322391986847,-7.105499744415283]","[1.799053430557251,-0.507290780544281,-0.018475351855158806,1.3595529794692993,-0.18968167901039124,0.354328989982605,1.3001694679260254,-0.5604580640792847,-0.05357795208692551,2.3061325550079346,-0.2980251610279083,0.23213110864162445,0.1292518824338913,-0.9511508345603943,4.368216037750244,1.3647816181182861,1.489440679550171,0.8703501224517822,-3.409430503845215,-0.057425953447818756,-0.6599332690238953,-4.1280317306518555,2.2535367012023926,0.27003613114356995,-0.990928053855896,-1.7166619300842285,3.033125877380371,-0.4251914322376251,3.267963171005249]","[0.46700412034988403,-0.21261292695999146,-0.014192040078341961,-0.17607828974723816,0.7005953788757324,0.006520587019622326,-0.32404255867004395,-0.09249027073383331,0.03367272764444351,-0.10892550647258759,0.4267064332962036,-0.08287743479013443,-0.05884551256895065,-0.40097710490226746,1.7088202238082886,0.32871213555336,0.2701333165168762,0.23335009813308716,-1.2460334300994873,1.6076513528823853,0.6236569881439209,-0.18203331530094147,0.587917685508728,0.14036528766155243,-0.12388050556182861,-1.0270981788635254,-1.4660632610321045,0.18022368848323822,-0.4765116572380066]",0.1542903482913971,0.2787485420703888,0.11791987717151642,0.5899704694747925,0.031096965074539185,1.5548482537269592,0,0,0,0.39564207196235657,0.30915284156799316,0.8136658072471619,0.05643286183476448,4.666629320126958e-05,0.00011089740291936323,-0.02020295336842537,-0.0,-0.0
6,0.12,6,"[-0.37851446866989136,-0.0019142674282193184,0.0024104586336761713,0.504863440990448,-0.11438311636447906,0.0028373245149850845,-0.38681596517562866,0.016283169388771057,-0.010515487752854824,0.5418870449066162,-0.1657707542181015,-0.019221097230911255,0.002066720277070999,0.0037562332581728697,-0.38380444049835205,0.6425262093544006,0.1956299990415573,-0.18747027218341827,-0.8267315626144409,1.309993028640747,0.1441567838191986,1.1769293546676636,0.6944798231124878,-0.13971860706806183,0.09826528280973434,-0.9032332897186279,-1.6409597396850586,0.06553684920072556,-1.1422487497329712]","[-0.16164414584636688,-0.049137767404317856,0.010951271280646324,0.5548917055130005,-0.03897298127412796,-0.01639397256076336,-0.16467714309692383,-0.041045788675546646,0.05984096974134445,0.6276230812072754,-0.011941931210458279,-0.034240320324897766,-0.026486525312066078,-0.031053731217980385,0.1506452113389969,-0.2912047803401947,0.24000951647758484,0.030794888734817505,0.01340562105178833,0.7044370174407959,0.03578856959939003,0.13459305465221405,-0.14258401095867157,-0.21212129294872284,-0.030226271599531174,0.030155114829540253,-0.7504030466079712,0.013554415665566921,-0.16242283582687378]","[-0.4015974700450897,-0.3399330675601959,0.1816515326499939,4.078167915344238,-3.6923460960388184,0.3829346299171448,-1.0871187448501587,0.5404009819030762,-0.2924306392669678,7.837164402008057,-6.8145060539245605,-0.609699547290802,0.010882152244448662,-0.006845954339951277,-2.9749460220336914,-4.561156272888184,-0.5084637403488159,0.9510211944580078,3.141813039779663,-0.7132977247238159,-1.4573878049850464,8.30396842956543,-5.695241928100586,1.5284886360168457,-0.3785019814968109,3.266450881958008,-0.49918293952941895,1.2487233877182007,-8.574040412902832]","[2.0471878051757812,-0.18711206316947937,0.10086065530776978,1.3218249082565308,0.9436842203140259,0.4196443557739258,1.7127410173416138,-0.21909219026565552,-0.19514836370944977,2.0386664867401123,1.7711657285690308,0.021790742874145508,0.7484562397003174,-0.810880184173584,4.305913925170898,2.293084144592285,1.425181269645691,1.0000044107437134,-3.2360544204711914,-0.4410066306591034,-0.6699815988540649,-2.7461719512939453,3.4575374126434326,0.4271317720413208,-0.8842518329620361,-1.873332142829895,3.4431231021881104,-0.5967589616775513,2.513758659362793]","[0.46308091282844543,-0.18386848270893097,0.00978302676230669,-0.23670312762260437,0.625798761844635,0.03014475479722023,-0.27773725986480713,-0.019175082445144653,-0.0031705861911177635,-0.1812853366136551,0.48742228746414185,-0.10949140787124634,0.03438100963830948,-0.41055381298065186,1.9784996509552002,0.2173667699098587,0.19260525703430176,0.25640869140625,-1.2860256433486938,1.529106616973877,0.5905969738960266,-0.16625957190990448,0.500450074672699,0.19514116644859314,-0.10673630237579346,-1.1610832214355469,-1.2517586946487427,-0.12820735573768616,-0.18313968181610107]",0.2420443892478943,0.3581050932407379,0.18205897510051727,0.7095406651496887,0.022756973281502724,1.1378486640751362,0,0,0,0.2718358337879181,0.22515447437763214,0.6533858180046082,0.026039758697152138,1.0853398180188378e-09,0.0009660042705945671,-0.03953323885798454,-0.0,-0.0
7,0.14,7,"[-0.31019365787506104,-0.008860035799443722,0.005939370021224022,0.42725637555122375,-0.1046934500336647,0.010492908768355846,-0.30867820978164673,0.02777034230530262,-0.014841502532362938,0.4943947494029999,-0.19507555663585663,-0.03122432716190815,0.002284820657223463,0.003620878793299198,-0.44328734278678894,0.5467686057090759,0.18607066571712494,-0.16727446019649506,-0.771470308303833,1.299324631690979,0.11761466413736343,1.3309166431427002,0.5757250189781189,-0.11244808882474899,0.08641946315765381,-0.8466305732727051,-1.6458919048309326,0.09042033553123474,-1.3011300563812256]","[-0.1328153908252716,-0.05161570385098457,0.017929280176758766,0.5809540748596191,-0.04341162368655205,-0.008434267714619637,-0.14825372397899628,-0.042700450867414474,0.06100328639149666,0.6645911335945129,-0.01645590178668499,-0.04241224378347397,-6.372714415192604e-05,-0.046279504895210266,0.21541714668273926,-0.23719361424446106,0.26719266176223755,0.04887770116329193,-0.03119218908250332,0.6814700365066528,0.022842297330498695,0.0882263034582138,-0.06422194093465805,-0.20303528010845184,-0.04597890377044678,0.009718160144984722,-0.6766522526741028,-0.0017617938574403524,-0.11542730033397675]","[1.8702068328857422,-0.262982040643692,0.12760081887245178,-1.2581855058670044,-0.30422061681747437,0.2897130250930786,2.123408079147339,0.428037166595459,-0.1867629438638687,-0.29250532388687134,-1.5395939350128174,-0.49219411611557007,0.010355142876505852,-0.0076323458924889565,-2.4652912616729736,-6.626755714416504,-0.5297574996948242,0.9029343724250793,4.897952079772949,-0.47555267810821533,-0.17299428582191467,2.976047992706299,-7.9865899085998535,0.9106956720352173,-0.8312480449676514,5.474899768829346,-0.3067702054977417,0.8848688006401062,-3.109586238861084]","[1.1532015800476074,-0.13826054334640503,0.3748011887073517,1.0780055522918701,-0.9523406624794006,0.3515544533729553,0.45426276326179504,-0.10853392630815506,0.07037650793790817,1.7477326393127441,-0.36206620931625366,-0.535704493522644,1.4893208742141724,-0.7183047533035278,2.808596611022949,2.925520896911621,1.3234466314315796,0.8923149108886719,-1.7037514448165894,-1.2104849815368652,-0.5613265037536621,-2.05230975151062,4.054174900054932,0.4566773474216461,-0.6673008799552917,-0.5221492052078247,3.4495186805725098,-0.7223846912384033,2.1598100662231445]","[0.5170860290527344,-0.23401863873004913,0.08121106028556824,-0.11354091763496399,0.5760201215744019,0.03880265727639198,-0.3749072253704071,-0.0144033282995224,0.04986927658319473,-0.05020042508840561,0.40361452102661133,-0.17873185873031616,0.12133143097162247,-0.38145390152931213,1.6637239456176758,0.051407862454652786,0.15775582194328308,0.19123953580856323,-1.1622874736785889,1.3791548013687134,0.5114730596542358,-0.41596901416778564,0.33750706911087036,0.11511941999197006,-0.17283092439174652,-1.0543553829193115,-1.0871888399124146,-0.32286375761032104,0.20653335750102997]",0.32390785217285156,0.44307148456573486,0.26124078035354614,0.8232278227806091,0.014209095388650894,0.7104547694325447,0,0,0,0.1629543900489807,0.14859963953495026,0.4369422197341919,0.00912788137793541,1.4083690075494815e-05,0.0110139399766922,-0.05819740518927574,-0.0,-0.0
8,0.16,8,"[-0.30370619893074036,-0.012433548457920551,0.007514491211622953,0.4545360207557678,-0.12655194103717804,0.014425844885408878,-0.3018796443939209,0.03340465575456619,-0.017986005172133446,0.5301868319511414,-0.2273545116186142,-0.038908861577510834,0.002480925992131233,0.003450939431786537,-0.4824160933494568,0.3774559795856476,0.1744396984577179,-0.1513528972864151,-0.630813479423523,1.2909709215164185,0.13723701238632202,1.2959712743759155,0.3750162422657013,-0.10329078137874603,0.06501536071300507,-0.6842373013496399,-1.6532305479049683,0.10093159973621368,-1.2666321992874146]","[-0.15002095699310303,-0.05629934370517731,0.023919593542814255,0.6286749243736267,-0.054193682968616486,0.005473187193274498,-0.18000948429107666,-0.04625248163938522,0.06189705431461334,0.7339470386505127,-0.043798595666885376,-0.04631730541586876,0.021969711408019066,-0.06174280121922493,0.22451375424861908,-0.16956138610839844,0.29212334752082825,0.06784249097108841,-0.024814149364829063,0.6505407691001892,0.013097794726490974,0.053504105657339096,0.015587218105793,-0.19082413613796234,-0.05660710483789444,0.03038645163178444,-0.6223851442337036,-0.015062887221574783,-0.0725683718919754]","[-0.5617707967758179,-0.09059510380029678,0.038968026638031006,2.731684684753418,-1.0892982482910156,0.10064893960952759,-0.9662851691246033,0.1287495344877243,-0.1361856311559677,2.861436605453491,-1.0659412145614624,-0.27256789803504944,0.008347549475729465,-0.005376606713980436,-1.4524542093276978,-9.671663284301758,-0.5587887167930603,0.6108787059783936,10.854999542236328,-0.7494300603866577,1.461966872215271,-4.2339653968811035,-11.085946083068848,0.1987779587507248,-1.1015779972076416,12.630716323852539,-0.24547576904296875,0.1546209752559662,3.7453293800354004]","[-1.3247345685958862,-0.22344359755516052,0.28207722306251526,2.6641664505004883,-0.3369341492652893,0.7060814499855042,-2.1168863773345947,-0.18293754756450653,0.036002397537231445,3.559792995452881,-2.394541025161743,-0.1468254029750824,0.9130631685256958,-0.7646562457084656,-0.22192713618278503,3.5369842052459717,1.184096097946167,0.989490270614624,1.253986120223999,-1.5026631355285645,-0.3195902705192566,-1.5717217922210693,3.813851833343506,0.6371182203292847,-0.4529922604560852,1.709329605102539,2.3521363735198975,-0.5122650861740112,2.0177955627441406]","[0.522122859954834,-0.19180764257907867,0.04905245453119278,0.4265733063220978,0.7140178680419922,0.11969438195228577,-0.5232746601104736,-0.15863223373889923,0.11486481130123138,0.6651109457015991,0.3108004927635193,-0.14584213495254517,-0.0451425239443779,-0.3748512268066406,0.6042172312736511,-0.06835713982582092,0.09128177165985107,0.17489998042583466,-0.7213302254676819,1.2776912450790405,0.6266811490058899,-0.6039825677871704,0.15487250685691833,0.06101129204034805,-0.30289381742477417,-0.8834531903266907,-1.1110106706619263,-0.3574058413505554,0.5264999866485596]",0.36426371335983276,0.39201733469963074,0.29254743456840515,0.7794195413589478,0.008837727829813957,0.44188639149069786,0,0,0,0.11854970455169678,0.19839467108249664,0.3618541955947876,0.012638748623430729,0.00013575467164628208,9.37630029511638e-05,-0.24978046119213104,-0.0,-0.0
9,0.18,9,"[-0.33266448974609375,-0.012483839876949787,0.007498091086745262,0.5365237593650818,-0.14826537668704987,0.014518866315484047,-0.34732961654663086,0.03292032331228256,-0.020288927480578423,0.608852207660675,-0.23771320283412933,-0.04212704300880432,0.00261872261762619,0.0034058145247399807,-0.501385509967804,0.15990208089351654,0.16371911764144897,-0.14283931255340576,-0.3372703194618225,1.2693474292755127,0.17609333992004395,1.1615580320358276,0.1322871744632721,-0.10449697077274323,0.04235634580254555,-0.34140193462371826,-1.6557109355926514,0.09660517424345016,-1.1513168811798096]","[-0.19002830982208252,-0.0637507289648056,0.022844916209578514,0.7192744016647339,-0.04435485228896141,0.027156485244631767,-0.23953989148139954,-0.05619892477989197,0.0587439239025116,0.8347606062889099,-0.11725917458534241,-0.04297580569982529,0.027971375733613968,-0.07863851636648178,0.19774538278579712,-0.09361887723207474,0.3147404193878174,0.0867805927991867,0.03013119101524353,0.6218215823173523,0.012754757888615131,0.028973860666155815,0.08074910193681717,-0.18113958835601807,-0.06326060742139816,0.07895153015851974,-0.6243584752082825,-0.01573691889643669,-0.03601526468992233]","[5.507537364959717,-0.030843285843729973,-0.0979028195142746,-10.405498504638672,6.524688720703125,-0.013923319056630135,4.218441486358643,0.05221739411354065,0.1367330402135849,-9.59339714050293,6.517510414123535,-0.11296728998422623,0.0072856200858950615,-0.003716204082593322,-0.9395971894264221,-10.424968719482422,-0.4674624800682068,0.30631089210510254,17.21175193786621,-1.6654819250106812,0.9135552048683167,-3.845259666442871,-11.449687004089355,0.11884476989507675,-1.1381069421768188,19.916240692138672,0.16451776027679443,-0.19177180528640747,2.2878527641296387]","[-1.8196983337402344,-0.3714846074581146,-0.10900507122278214,4.932433605194092,0.7640799283981323,1.0716568231582642,-2.972993850708008,-0.6044521927833557,-0.1591707319021225,5.2556657791137695,-3.59550142288208,0.21264119446277618,0.042880572378635406,-0.8587074875831604,-1.5971579551696777,3.8933541774749756,1.060254454612732,0.914935827255249,3.421710252761841,-1.311448335647583,0.1712096631526947,-1.0973784923553467,2.9399170875549316,0.375281423330307,-0.320886492729187,2.6720032691955566,-0.5943009257316589,0.14239513874053955,1.669403314590454]","[0.8418961763381958,-0.10936733335256577,-0.09100811928510666,1.1829432249069214,0.9080020189285278,0.21921466290950775,-0.4582006335258484,-0.39755839109420776,0.17444784939289093,1.3722734451293945,0.11547534167766571,-0.09375692903995514,-0.14202606678009033,-0.4943797290325165,-0.4351719617843628,-0.13426460325717926,0.07244426012039185,0.12533950805664062,-0.5703220367431641,1.243507981300354,0.6424167156219482,-0.5085200071334839,-0.0992647334933281,-0.16346979141235352,-0.4381631016731262,-0.97080397605896,-1.5014985799789429,-0.176883265376091,0.5256751179695129]",0.36389973759651184,0.20628750324249268,0.2855476438999176,0.6137350797653198,0.013112947344779968,0.6556473672389984,0,0,0,0.1175232008099556,0.3940117061138153,0.38205429911613464,0.04451214149594307,3.7895727018621983e-06,5.917442180702892e-08,-0.2824578285217285,-0.0,-0.0
10,0.2,10,"[-0.08340470492839813,-0.013667279854416847,0.0035983785055577755,0.03831608593463898,0.13443560898303986,0.013868912123143673,-0.13314197957515717,0.03549335151910782,-0.012516683898866177,0.1464509665966034,0.03334590047597885,-0.04342755302786827,0.0027723507955670357,0.0033022912684828043,-0.5199999809265137,-0.03954276815056801,0.15574119985103607,-0.13910046219825745,0.05765657126903534,1.2243516445159912,0.1737792193889618,1.1421608924865723,-0.08297122269868851,-0.09853699058294296,0.019491085782647133,0.11241232603788376,-1.6466498374938965,0.09326072782278061,-1.175118088722229]","[-0.23514586687088013,-0.07018537074327469,0.018336407840251923,0.8663682341575623,-0.04058016091585159,0.0420258566737175,-0.31120389699935913,-0.07109244912862778,0.05489358305931091,0.9911106824874878,-0.20802029967308044,-0.02899249643087387,0.013896261341869831,-0.09463313221931458,0.15444576740264893,-0.011864552274346352,0.3345770239830017,0.10008998215198517,0.10165449976921082,0.6114659309387207,0.024360742419958115,0.015614809468388557,0.12915268540382385,-0.1807112991809845,-0.06930851191282272,0.1274058073759079,-0.6720641255378723,-0.007582874968647957,-0.015322823077440262]","[6.231500625610352,-0.029586022719740868,-0.09749291092157364,-12.455204010009766,7.067531585693359,-0.016248878091573715,5.354695796966553,0.06432580202817917,0.19430628418922424,-11.560042381286621,6.776484489440918,-0.03251275047659874,0.0038407044485211372,-0.00258808140642941,-0.4653617739677429,-16.19352912902832,-0.6341375708580017,1.2079654932022095,31.544971466064453,-3.0668647289276123,-4.089184761047363,9.110074996948242,-16.57477378845215,0.1948600709438324,-2.66178560256958,32.85788345336914,1.0867118835449219,0.636811375617981,-10.873825073242188]","[-1.9017810821533203,-0.24632610380649567,-0.21942931413650513,7.802791595458984,0.20905187726020813,0.6204755306243896,-3.370100736618042,-0.7955571413040161,-0.15602605044841766,8.311981201171875,-4.251526355743408,0.733803391456604,-1.0090237855911255,-0.7448612451553345,-2.1914637088775635,4.132172107696533,0.885410487651825,0.5404515266418457,3.650744915008545,-0.31132838129997253,0.6819259524345398,-0.5430359244346619,2.1476993560791016,-0.1652790606021881,-0.3812459409236908,2.248091220855713,-2.562784194946289,0.4430082142353058,0.8090685606002808]","[0.669501006603241,-0.09395702928304672,-0.10613497346639633,2.0610809326171875,0.8255398869514465,0.18965031206607819,-0.3740214407444,-0.4497101306915283,0.16488049924373627,2.4509501457214355,-0.14605812728405,0.00489851925522089,-0.2593870759010315,-0.4899689853191376,-0.8211791515350342,-0.29297444224357605,0.06746155023574829,0.04935702681541443,-0.7541924118995667,1.3534294366836548,0.6499712467193604,-0.13353116810321808,-0.26615801453590393,-0.2954469919204712,-0.48664212226867676,-1.0673588514328003,-1.8494107723236084,-0.058986108750104904,0.03834898769855499]",0.3577674627304077,0.03913161903619766,0.2890419065952301,0.4827755391597748,0.01547975279390812,0.773987639695406,0,0,0,0.12219159305095673,0.4959772229194641,0.3750825822353363,0.06690565496683121,0.0008585145114921033,6.19129778556271e-08,-0.2870280146598816,-0.0,-0.0
11,0.22,11,"[-0.08340446650981903,-0.013667280785739422,0.003598374780267477,0.03831561282277107,0.13443587720394135,0.013868911191821098,-0.13314178586006165,0.03549335524439812,-0.01251667644828558,0.14645051956176758,0.033346161246299744,-0.04342755302786827,0.0027723507955670357,0.0033022912684828043,-0.5199999809265137,-0.48783907294273376,0.1383536159992218,-0.0945206955075264,0.9245285391807556,1.1466728448867798,0.012525956146419048,1.5259610414505005,-0.5307037234306335,-0.09670256823301315,-0.06411506980657578,0.9729133248329163,-1.6122424602508545,0.12207762897014618,-1.5862698554992676]","[-0.3124999403953552,-0.06942769885063171,0.005134088918566704,1.0883958339691162,-0.06691717356443405,0.04934679716825485,-0.40842047333717346,-0.08340296894311905,0.043949175626039505,1.2072705030441284,-0.2626238167285919,-0.007995630614459515,-0.025530483573675156,-0.09691374003887177,0.0845322385430336,0.07917597144842148,0.3427530825138092,0.11144966632127762,0.1469818502664566,0.6355903744697571,0.04027298465371132,0.010551522485911846,0.1734495609998703,-0.19186080992221832,-0.07804518193006516,0.14323773980140686,-0.7601595520973206,0.003714075544849038,-0.011152449995279312]","[-0.5996890664100647,0.00028260983526706696,0.008925574831664562,1.2815653085708618,-0.6953588128089905,0.0022928928956389427,-1.2167681455612183,-0.010914169251918793,-0.04499722272157669,2.590853691101074,-1.379555344581604,-0.006042327731847763,-0.000839622225612402,-0.00020886072888970375,0.0,1.8903125524520874,-0.04451833665370941,-0.26574134826660156,-1.86587655544281,0.26852190494537354,0.11232048273086548,-0.1255810260772705,2.093233108520508,0.05929246544837952,0.34188008308410645,-2.27502703666687,-0.12776553630828857,-0.06289221346378326,0.34446418285369873]","[-3.92541766166687,0.17349566519260406,-0.7601473927497864,11.601506233215332,-1.3446446657180786,0.2923487424850464,-4.823326110839844,-0.5546408891677856,-0.625762939453125,11.200193405151367,-1.9960548877716064,1.02595853805542,-2.2634220123291016,0.15447348356246948,-3.5773072242736816,4.589343070983887,0.16680386662483215,0.5723233819007874,1.6592389345169067,1.423488736152649,0.7276841998100281,-0.14260108768939972,2.1030781269073486,-0.7219801545143127,-0.5581543445587158,0.19203060865402222,-4.430507183074951,0.48406025767326355,0.016715923324227333]","[-0.21835988759994507,-0.12268535047769547,-0.09943574666976929,3.2224271297454834,0.5320696830749512,0.1626054346561432,-0.5640919208526611,-0.33264410495758057,0.01815340667963028,3.573965072631836,0.0381440669298172,0.09037479758262634,-0.35682204365730286,-0.17808064818382263,-0.7852758765220642,-0.30921879410743713,0.07221353054046631,0.17198826372623444,-1.2377893924713135,1.6332801580429077,0.5109676718711853,0.30678731203079224,-0.3700467050075531,-0.12644103169441223,-0.3397676944732666,-1.3452588319778442,-2.2845916748046875,-0.08931310474872589,-0.4490969181060791]",0.304816871881485,0.014129610732197762,0.2768470048904419,0.5533057451248169,0.019150901585817337,0.9575450792908669,0,0,0,0.17850026488304138,0.4992346167564392,0.4059006869792938,0.04248673468828201,0.13560503721237183,0.1771514117717743,-0.4813336431980133,-0.0,-0.0
12,0.24,12,"[-0.10739226639270782,-0.013655975461006165,0.0039554014801979065,0.08957869559526443,0.10662125796079636,0.01396062783896923,-0.18181270360946655,0.03505678474903107,-0.014316572807729244,0.25008511543273926,-0.021836312487721443,-0.04366924613714218,0.0027387659065425396,0.003293936839327216,-0.5199999809265137,0.03606973588466644,0.1539604663848877,-0.1497301161289215,-0.016978485509753227,1.2350925207138062,0.1782720386981964,1.1371376514434814,0.0007580977980978787,-0.09616529196500778,0.03316628932952881,0.021411247551441193,-1.651760458946228,0.09074503928422928,-1.161339521408081]","[-0.4230928122997284,-0.06070110946893692,-0.031677402555942535,1.3372076749801636,-0.09163519740104675,0.0584547221660614,-0.5219863653182983,-0.08417844772338867,0.01894529163837433,1.4308884143829346,-0.291433721780777,0.011675748974084854,-0.07660754024982452,-0.07275502383708954,-0.005225175991654396,0.1715800166130066,0.33343270421028137,0.12164712697267532,0.14758658409118652,0.7017515897750854,0.05031546950340271,0.015677088871598244,0.22847364842891693,-0.2127048671245575,-0.09296999126672745,0.11222988367080688,-0.8671958446502686,0.015980910509824753,-0.02381332777440548]","[-0.3505112826824188,-2.5355257093906403e-05,0.005275453440845013,0.7691172361373901,-0.42796656489372253,0.0015360768884420395,-0.7945482134819031,-0.006847269833087921,-0.029423553496599197,1.7110843658447266,-0.9207861423492432,-0.004014838486909866,-0.0012862205039709806,0.0001520034857094288,0.0,23.56668472290039,1.010111689567566,-2.604645013809204,-35.60744857788086,3.7129671573638916,4.431941509246826,-11.525893211364746,23.522598266601562,-0.47140440344810486,3.875915050506592,-35.99311065673828,-1.2197941541671753,-1.3349419832229614,12.768030166625977]","[-5.612182140350342,0.5380586385726929,-2.175922393798828,12.058354377746582,-1.0000050067901611,0.46405085921287537,-5.552488803863525,0.15981973707675934,-1.433983325958252,10.715997695922852,-1.1413683891296387,0.8999941349029541,-2.4976611137390137,1.589387059211731,-4.376071929931641,4.457261562347412,-0.7095036506652832,0.512886643409729,-0.7124248743057251,3.4325342178344727,0.33150312304496765,0.3745602071285248,2.8170018196105957,-1.1330606937408447,-0.8875939249992371,-2.137789487838745,-5.114800930023193,0.5287191271781921,-0.7892255783081055]","[-1.1425373554229736,-0.10588348656892776,-0.3220440447330475,3.7079458236694336,0.4760216772556305,0.2103089839220047,-0.8816986083984375,-0.09493198245763779,-0.20009560883045197,3.9109506607055664,0.0236150324344635,0.11848479509353638,-0.31763142347335815,0.06536293774843216,-0.4090045094490051,-0.11441536247730255,0.07529290020465851,0.2949444353580475,-1.5932984352111816,2.0400819778442383,0.35647720098495483,0.8637938499450684,-0.11665023118257523,0.037354014813899994,-0.19823366403579712,-1.5942740440368652,-2.6063737869262695,0.09836722910404205,-1.0425844192504883]",0.3067667782306671,0.18036125600337982,0.2737595736980438,0.5086685419082642,0.01571633666753769,0.7858168333768845,0,0,0,0.17472757399082184,0.42501214146614075,0.4259943962097168,0.05970778316259384,0.0013936568284407258,2.4812138121887983e-07,-0.30101892352104187,-0.0,-0.0
13,0.26,13,"[-0.09742491692304611,-0.013668294996023178,0.0038093929179012775,0.06908030062913895,0.11731721460819244,0.01393035426735878,-0.16492371261119843,0.0352194644510746,-0.013693618588149548,0.2148938924074173,-0.0034852835815399885,-0.043588146567344666,0.0027209019754081964,0.0033083714079111814,-0.5199999809265137,0.45482829213142395,0.17875808477401733,-0.1987064927816391,-0.499769389629364,1.2951915264129639,0.1898036152124405,1.0649253129959106,0.41020020842552185,-0.11555874347686768,0.09092153608798981,-0.46681103110313416,-1.6610342264175415,0.06867995113134384,-1.0755486488342285]","[-0.5896905660629272,-0.04228934273123741,-0.08794395625591278,1.605791449546814,-0.10475911945104599,0.07699037343263626,-0.6731212139129639,-0.06081114336848259,-0.012927986681461334,1.6649208068847656,-0.3187447190284729,0.02676190622150898,-0.12362871319055557,-0.02150678262114525,-0.11826660484075546,0.2516598403453827,0.31818854808807373,0.12483355402946472,0.12208154052495956,0.7690645456314087,0.05039161816239357,0.03579414635896683,0.2826240658760071,-0.24061663448810577,-0.11635152250528336,0.07635898143053055,-0.9401125311851501,0.02243858203291893,-0.05308626592159271]","[-2.2862133979797363,0.010838406160473824,0.03058507665991783,4.82788610458374,-2.5284321308135986,-0.0006013317033648491,-0.7828779816627502,-0.011672917753458023,-0.02731787972152233,1.6388803720474243,-0.8516402840614319,0.0002698041498661041,0.0006435147952288389,-0.00018602004274725914,6.556510925292969e-05,16.58551788330078,0.446077436208725,-0.01554824411869049,-16.831287384033203,3.707906723022461,-2.235771656036377,0.40355920791625977,16.609130859375,-1.5112740993499756,2.710930347442627,-17.08418846130371,-0.002154707908630371,0.17814785242080688,-0.06794929504394531]","[-8.74081039428711,0.9933035373687744,-3.0211100578308105,13.225746154785156,-0.38594675064086914,0.9574736952781677,-7.723268985748291,1.5032451152801514,-1.6763372421264648,11.614479064941406,-1.2282575368881226,0.6653420925140381,-2.1378259658813477,2.8230674266815186,-5.389832019805908,3.5491909980773926,-0.7358301877975464,0.11213499307632446,-1.527286410331726,3.0870258808135986,-0.1296154260635376,1.1041247844696045,2.3183095455169678,-1.4133800268173218,-1.305590033531189,-1.4396164417266846,-3.056727409362793,0.28009992837905884,-1.5259904861450195]","[-2.2280783653259277,-0.0607270821928978,-0.3877951204776764,4.694592475891113,0.5167695879936218,0.31210219860076904,-1.4074903726577759,0.3193005919456482,-0.3127172589302063,4.8257622718811035,-0.04950004816055298,0.11996576189994812,-0.36933639645576477,0.09787831455469131,-0.2258758693933487,-0.17101137340068817,0.10598251223564148,0.2420838475227356,-1.461350917816162,2.130277156829834,0.32196784019470215,1.5330705642700195,-0.1407695710659027,-0.002865547314286232,-0.2610050439834595,-1.1701384782791138,-2.4905266761779785,0.36562690138816833,-1.7017472982406616]",0.30409786105155945,0.3479478061199188,0.27047115564346313,0.5958645939826965,0.008851408027112484,0.4425704013556242,0,0,0,0.17678894102573395,0.25215232372283936,0.4335940480232239,0.04009679704904556,0.009659785777330399,2.4637040041852742e-05,-0.46974611282348633,-0.0,-0.0
14,0.28,14,"[-0.19884079694747925,-0.013222439214587212,0.005178804509341717,0.28269413113594055,0.0054839784279465675,0.013936574570834637,-0.21312782168388367,0.034589868038892746,-0.015409287996590137,0.31564033031463623,-0.05590192601084709,-0.04365845397114754,0.002764506498351693,0.0032864960376173258,-0.5199973583221436,0.699490487575531,0.1718035638332367,-0.15035204589366913,-0.6902300119400024,1.383408784866333,0.08884117007255554,1.1532800197601318,0.6651233434677124,-0.15661625564098358,0.1416034996509552,-0.661956250667572,-1.6518466472625732,0.09787095338106155,-1.1640574932098389]","[-0.8132383227348328,-0.015161813236773014,-0.1505870223045349,1.8889285326004028,-0.10586215555667877,0.09987694025039673,-0.8653461933135986,-0.016072846949100494,-0.04492911696434021,1.9216923713684082,-0.3373100161552429,0.025795018300414085,-0.15769609808921814,0.044581204652786255,-0.24720627069473267,0.3078666031360626,0.30994701385498047,0.11796462535858154,0.10320492088794708,0.8194447159767151,0.044750820845365524,0.07217185944318771,0.31103357672691345,-0.27257922291755676,-0.1413273960351944,0.0852135568857193,-0.9644529223442078,0.027345003560185432,-0.09646356105804443]","[-3.22151780128479,0.01370343379676342,0.0438530370593071,6.855595111846924,-3.6251418590545654,0.0014279736205935478,-1.844139814376831,-0.022821687161922455,-0.06637026369571686,3.934572458267212,-2.0876495838165283,-0.005153100937604904,0.0008071132469922304,-0.0010180810932070017,0.0,6.167135715484619,0.24188607931137085,3.265077590942383,-6.239071846008301,5.259251594543457,-2.9653050899505615,3.6251754760742188,7.334792137145996,-1.6824830770492554,1.930816888809204,-5.331633567810059,0.42585432529449463,1.7616881132125854,-3.6712288856506348]","[-11.49525260925293,1.4039313793182373,-3.154573917388916,13.860642433166504,0.15281634032726288,1.100019097328186,-9.665932655334473,2.429331064224243,-1.5838937759399414,12.877399444580078,-0.6784854531288147,-0.18621258437633514,-1.4316887855529785,3.292459726333618,-6.047935962677002,2.2108922004699707,-0.25546932220458984,-0.4073465168476105,-0.6480506658554077,2.2043471336364746,-0.3039456307888031,1.8420740365982056,0.6855984926223755,-1.5368298292160034,-1.2281996011734009,1.4408254623413086,-0.7439698576927185,0.30135980248451233,-2.1113338470458984]","[-3.081495761871338,0.15763504803180695,-0.47284969687461853,5.672430038452148,0.5848259925842285,0.3740142285823822,-1.8477160930633545,0.5329148173332214,-0.22966577112674713,5.816588878631592,-0.004280760884284973,-2.068188041448593e-05,-0.4183226227760315,0.0397629514336586,-0.6615890264511108,-0.28314119577407837,0.03325642645359039,0.06080144643783569,-1.0904884338378906,2.126699924468994,0.36224815249443054,2.3547520637512207,-0.3631916344165802,-0.07216932624578476,-0.289989173412323,-0.5812780857086182,-2.2503669261932373,0.6395360827445984,-2.5535097122192383]",0.3141534924507141,0.5241294503211975,0.28410008549690247,0.6741336584091187,0.0031820014119148254,0.15910007059574127,0,0,0,0.16396436095237732,0.09928242117166519,0.38641834259033203,0.019328657537698746,0.020843714475631714,0.0005756943137384951,-0.5313131213188171,-0.0,-0.0
15,0.3,15,"[-0.2262856364250183,-0.013120157644152641,0.005563514307141304,0.3433040976524353,-0.02768845669925213,0.013987473212182522,-0.23868930339813232,0.0343065969645977,-0.016348429024219513,0.37227678298950195,-0.08699126541614532,-0.04379427060484886,0.0027531865052878857,0.0032676481641829014,-0.5199999809265137,0.7015137076377869,0.18843352794647217,-0.06810338795185089,-0.7493322491645813,1.5055615901947021,0.07119141519069672,1.2099323272705078,0.7035918831825256,-0.18285806477069855,0.16815420985221863,-0.6800763607025146,-1.6440000534057617,0.13914747536182404,-1.222397804260254]","[-1.0543620586395264,0.01865999959409237,-0.21016833186149597,2.1542694568634033,-0.09390765428543091,0.11655288189649582,-1.060603141784668,0.03675415366888046,-0.07371269166469574,2.1768863201141357,-0.33675453066825867,0.0071550230495631695,-0.17689868807792664,0.10679395496845245,-0.36645832657814026,0.33667707443237305,0.3070920705795288,0.10513988882303238,0.11252675205469131,0.8605164289474487,0.03877341002225876,0.1170460432767868,0.2996123433113098,-0.3010934591293335,-0.16203410923480988,0.15701089799404144,-0.9643346071243286,0.03748985007405281,-0.14575496315956116]","[2.8859050273895264,-0.01112101599574089,-0.03951069712638855,-6.109455585479736,3.2237932682037354,-0.001691584475338459,1.9996486902236938,0.022587180137634277,0.07231519371271133,-4.229739665985107,2.231199264526367,0.005772523581981659,0.00019610743038356304,0.00039487495087087154,-6.556510925292969e-05,0.36615580320358276,1.1947803497314453,4.034430027008057,-3.5355851650238037,5.683541297912598,0.19933581352233887,2.5784642696380615,1.7558053731918335,-1.1652402877807617,1.1724315881729126,-1.0197430849075317,0.3487735986709595,1.8540157079696655,-2.6856513023376465]","[-11.86524772644043,1.7377909421920776,-2.860215663909912,12.53179931640625,0.726708173751831,0.7187128067016602,-9.290555953979492,2.635667562484741,-1.325533151626587,12.338004112243652,0.2745915651321411,-1.0068848133087158,-0.7275199890136719,2.8248116970062256,-5.421026229858398,0.91770339012146,-0.1208103597164154,-0.6905595660209656,1.016703724861145,1.8566319942474365,-0.24462659657001495,2.135965585708618,-1.2776871919631958,-1.2364797592163086,-0.9743958115577698,4.5713396072387695,0.16492465138435364,0.6290521025657654,-2.2914609909057617]","[-3.3312225341796875,0.3914763033390045,-0.5567680597305298,6.141489505767822,0.6843801140785217,0.3562476634979248,-1.994444489479065,0.5788519978523254,-0.1632624715566635,6.250279903411865,0.10416264832019806,-0.14721247553825378,-0.4570024907588959,-0.0380220040678978,-1.3092164993286133,-0.21493081748485565,-0.19613367319107056,-0.12237988412380219,-0.7688035368919373,2.17856502532959,0.36174702644348145,3.0382328033447266,-0.5949589014053345,-0.16965287923812866,-0.36259758472442627,-0.2089833766222,-2.1461431980133057,0.9865759015083313,-3.4259555339813232]",0.3376438319683075,0.7101731300354004,0.31868696212768555,0.7626287341117859,0.0038006086833775043,0.19003043416887522,0,0,0,0.13747483491897583,0.024392111226916313,0.29583629965782166,0.006267989985644817,0.005270463414490223,0.00024493352975696325,-0.27945616841316223,-0.0,-0.0
16,0.32,16,"[-0.08340460062026978,-0.013667279854416847,0.0035983766429126263,0.03831590339541435,0.1344357132911682,0.013868911191821098,-0.1331418752670288,0.03549335524439812,-0.012516680173575878,0.14645074307918549,0.03334604576230049,-0.04342755302786827,0.0027723507955670357,0.0033022910356521606,-0.5199999809265137,0.7141367197036743,0.2195947766304016,0.011025159619748592,-0.8316534161567688,1.610750436782837,0.0968146026134491,1.2564185857772827,0.7353555560112,-0.20322586596012115,0.1885007619857788,-0.7027459740638733,-1.6378957033157349,0.17203158140182495,-1.2714835405349731]","[-1.2782844305038452,0.05912156030535698,-0.2632165253162384,2.3749871253967285,-0.0821259468793869,0.11414644122123718,-1.2195539474487305,0.08716167509555817,-0.09836774319410324,2.389740228652954,-0.33479300141334534,-0.016162868589162827,-0.1864156723022461,0.15541686117649078,-0.4603513479232788,0.3426215648651123,0.29793307185173035,0.08978508412837982,0.15519040822982788,0.9100399017333984,0.03759918361902237,0.16469082236289978,0.25638511776924133,-0.3248770236968994,-0.1675349473953247,0.28041407465934753,-0.9552446007728577,0.05603649839758873,-0.19611214101314545]","[-1.7064579725265503,0.006523239426314831,0.024375518783926964,3.6882259845733643,-1.9826170206069946,0.004394818097352982,-1.6004570722579956,-0.017766840755939484,-0.05987044423818588,3.4660756587982178,-1.8665709495544434,-0.011695455759763718,-0.0036193232517689466,-0.0011122669093310833,0.0,-4.907028675079346,-0.2081509679555893,1.0566006898880005,6.153236389160156,4.084965705871582,0.773310661315918,0.998196005821228,-4.863464832305908,0.583803653717041,0.17881318926811218,8.037919998168945,0.47551989555358887,1.110093355178833,-2.959463119506836]","[-10.68195915222168,2.0758140087127686,-2.449124813079834,10.040030479431152,0.5374149084091187,-0.2783964276313782,-7.068084716796875,2.379117727279663,-1.0694364309310913,9.633659362792969,0.0708857923746109,-1.1083415746688843,-0.3404468297958374,2.0728585720062256,-4.1658124923706055,-0.0631914809346199,-0.6379254460334778,-0.8124412894248962,2.6258223056793213,2.3972628116607666,0.04107975587248802,2.214395046234131,-2.49985933303833,-1.032785415649414,-0.040218599140644073,6.718356132507324,0.4915977716445923,1.0094704627990723,-2.2955620288848877]","[-3.2887814044952393,0.5852037668228149,-0.612446665763855,6.257280349731445,0.6755683422088623,0.21903355419635773,-1.8658841848373413,0.5486555695533752,-0.16904626786708832,6.1100382804870605,0.036773547530174255,-0.20436644554138184,-0.5015010833740234,-0.014103136956691742,-1.7887448072433472,-0.16738562285900116,-0.42210304737091064,-0.21629203855991364,-0.611396074295044,2.367959499359131,0.4406450390815735,3.7775676250457764,-0.6606347560882568,-0.2680220305919647,-0.21883824467658997,0.039005130529403687,-2.0955417156219482,1.2015973329544067,-4.229424476623535]",0.35855239629745483,0.8968135714530945,0.35151639580726624,0.9023056030273438,0.007314755581319332,0.3657377790659666,0,0,0,0.1162765696644783,0.003913655411452055,0.21981750428676605,0.0007614991045556962,0.05675842985510826,0.15004363656044006,-0.18183352053165436,-0.0,-0.0
17,0.34,17,"[-0.29454395174980164,-0.012859228067100048,0.006538535002619028,0.4908331334590912,-0.10699313879013062,0.014163265936076641,-0.30270758271217346,0.03359592333436012,-0.018743246793746948,0.5109198093414307,-0.16165409982204437,-0.04426208883523941,0.002608413575217128,0.003223157487809658,-0.5199999809265137,0.505232572555542,0.1801074892282486,-0.025839362293481827,-0.5032027959823608,1.6689602136611938,0.10212384164333344,1.249860167503357,0.5090532898902893,-0.1595059186220169,0.17530673742294312,-0.35855957865715027,-1.6249792575836182,0.18355120718479156,-1.3407763242721558]","[-1.453332781791687,0.10832208395004272,-0.30915167927742004,2.54752779006958,-0.07077276706695557,0.10261014848947525,-1.3052892684936523,0.1345878541469574,-0.12160535156726837,2.5201029777526855,-0.3229522705078125,-0.03315754979848862,-0.19398710131645203,0.19103029370307922,-0.5107414722442627,0.33401060104370117,0.27576327323913574,0.07057350873947144,0.2236710786819458,0.9614865183830261,0.04215821996331215,0.21093550324440002,0.20016604661941528,-0.3408629894256592,-0.1545121669769287,0.4167724847793579,-0.9511187672615051,0.08144355565309525,-0.23805391788482666]","[-3.6173667907714844,0.012597814202308655,0.050362955778837204,7.596099376678467,-4.007901668548584,0.004515075124800205,-2.9544436931610107,-0.031029433012008667,-0.10843917727470398,6.207931041717529,-3.266491174697876,-0.013663247227668762,-0.0020969309844076633,-0.0014615769032388926,0.0,-9.257896423339844,-1.9467041492462158,-1.2273015975952148,17.015989303588867,2.1993250846862793,0.7021759152412415,1.175495982170105,-10.385156631469727,2.150789260864258,-0.8772902488708496,17.815593719482422,0.9290844202041626,0.5698807835578918,-5.198395252227783]","[-7.809985637664795,2.5046463012695312,-2.0146286487579346,7.731299877166748,0.5503422617912292,-0.6007296442985535,-2.953564405441284,2.2362983226776123,-1.04710054397583,5.014849662780762,0.6105945110321045,-0.7355397343635559,-0.3972221910953522,1.443536639213562,-1.879794716835022,-0.5481406450271606,-1.3107051849365234,-1.0691449642181396,3.671659231185913,2.389674663543701,0.2938162386417389,2.1028480529785156,-2.7298409938812256,-0.5789258480072021,0.8787307143211365,6.549620628356934,0.1489274799823761,1.2576688528060913,-1.839619517326355]","[-2.858092784881592,0.7692237496376038,-0.6402902603149414,6.37273645401001,0.7208142280578613,0.15779122710227966,-1.3370722532272339,0.623698353767395,-0.2561608552932739,5.479365825653076,0.11030671000480652,-0.18745145201683044,-0.5971453785896301,0.13317307829856873,-2.1128103733062744,-0.041900213807821274,-0.49561506509780884,-0.2815399169921875,-0.5506526827812195,2.4862594604492188,0.4869689345359802,4.425360202789307,-0.6397780776023865,-0.2888541519641876,-0.07713726162910461,-0.03510749340057373,-2.1483521461486816,1.381693959236145,-4.678267002105713]",0.338681697845459,0.7867909073829651,0.34112393856048584,0.824019193649292,-0.004315598867833614,-0.21577994339168072,0,0,0,0.13604626059532166,0.012379612773656845,0.2391100823879242,0.003356548026204109,1.108519882109249e-05,0.0006732654292136431,-0.17994171380996704,-0.42741507291793823,-0.0
18,0.36,18,"[-0.2280992716550827,-0.013163367286324501,0.005612894892692566,0.34215986728668213,-0.025880353525280952,0.014049514196813107,-0.25131961703300476,0.03425217792391777,-0.016854247078299522,0.39476796984672546,-0.09731359779834747,-0.04397408291697502,0.002688473556190729,0.003243827959522605,-0.5199999809265137,0.34382086992263794,0.14172661304473877,-0.03806690126657486,-0.15101386606693268,1.6987234354019165,0.12490163743495941,1.303438425064087,0.31994929909706116,-0.1171942949295044,0.15340915322303772,0.009877757169306278,-1.6007323265075684,0.19482681155204773,-1.4794193506240845]","[-1.5932986736297607,0.18564914166927338,-0.3699013888835907,2.671527624130249,-0.06232798844575882,0.08652999997138977,-1.3308720588684082,0.22220800817012787,-0.1620384305715561,2.541008949279785,-0.3150702714920044,-0.05370568484067917,-0.16775479912757874,0.24260401725769043,-0.5269891619682312,0.3247319757938385,0.23146480321884155,0.04992123693227768,0.2974431812763214,1.0216985940933228,0.05082566663622856,0.2510041892528534,0.12259238958358765,-0.3473913371562958,-0.1224597841501236,0.5380762815475464,-0.9746756553649902,0.10532565414905548,-0.2665035128593445]","[5.000125885009766,-0.019731326028704643,-0.06950006633996964,-10.717290878295898,5.714303970336914,-0.006712181493639946,3.719615936279297,0.04216637462377548,0.13674986362457275,-8.004558563232422,4.285952091217041,0.019272230565547943,0.008356699720025063,0.0012303353287279606,0.0,-13.841352462768555,-4.068318843841553,3.950775384902954,22.704893112182617,3.111729145050049,0.20306259393692017,1.9150078296661377,-14.209696769714355,4.635957717895508,-7.111662864685059,21.663118362426758,-2.68096923828125,-2.4127094745635986,-2.9517292976379395]","[-6.946097373962402,4.566267490386963,-3.5163447856903076,5.201050281524658,0.3003327548503876,-0.7936353087425232,-1.217474341392517,5.913942813873291,-2.5435216426849365,-0.6578203439712524,0.16195879876613617,-1.0359214544296265,2.599938154220581,3.1544439792633057,-0.5337430834770203,-0.43490123748779297,-2.650238037109375,-0.9423989653587341,3.610175371170044,2.8755247592926025,0.4810309112071991,1.8136987686157227,-4.750680446624756,0.045123256742954254,1.9237762689590454,5.718032360076904,-1.3500707149505615,1.0248212814331055,-1.1603766679763794]","[-2.2965338230133057,0.6290493607521057,-0.6109638214111328,6.367303371429443,0.7284207940101624,0.10747474431991577,-0.6883664131164551,0.7096903324127197,-0.33333802223205566,4.489417552947998,0.17072507739067078,-0.2543187439441681,-0.7281621694564819,0.48257768154144287,-2.081836462020874,0.0728156566619873,-0.47392380237579346,-0.39583852887153625,-0.7918153405189514,2.7052512168884277,0.27615171670913696,4.845941066741943,-0.7543932199478149,-0.403253436088562,0.004837928339838982,-0.26177120208740234,-2.414644479751587,1.4034391641616821,-4.879885673522949]",0.32317104935646057,0.6766308546066284,0.337373822927475,0.8250685334205627,-0.00809556059539318,-0.40477802976965904,0,0,0,0.15511001646518707,0.03240864723920822,0.23763687908649445,0.003939653281122446,0.0010877808090299368,7.813948468538001e-05,-0.2451472282409668,-0.5898919701576233,-0.0
19,0.38,19,"[-0.09453892707824707,-0.013648481108248234,0.0037585324607789516,0.062141500413417816,0.12157900631427765,0.013894778676331043,-0.1539229452610016,0.03528257831931114,-0.013273252174258232,0.1907375007867813,0.009783977642655373,-0.04349119961261749,0.002942681545391679,0.0032723709009587765,-0.5199999809265137,-0.04842148721218109,0.017374742776155472,0.13219165802001953,0.4049929082393646,1.7934293746948242,0.11024634540081024,1.3264604806900024,-0.05933458358049393,0.025932392105460167,-0.10915976017713547,0.5079651474952698,-1.7322180271148682,0.08704283088445663,-1.4588454961776733]","[-1.7054078578948975,0.2539941370487213,-0.4289991557598114,2.7510130405426025,-0.06225556880235672,0.0650138333439827,-1.3318748474121094,0.34819790720939636,-0.21687544882297516,2.466094732284546,-0.292478084564209,-0.07253366708755493,-0.1268037110567093,0.31518396735191345,-0.49943625926971436,0.3221372961997986,0.18210655450820923,0.012425770983099937,0.33679333329200745,1.093693494796753,0.06151958927512169,0.2800181806087494,0.02214893139898777,-0.3386489152908325,-0.06388728320598602,0.6064960360527039,-1.0054800510406494,0.1197851374745369,-0.28609374165534973]","[0.3575686514377594,0.00013925600796937943,-0.005742069333791733,-0.7364988327026367,0.4223218262195587,-0.0026308698579669,0.40288642048835754,0.0016654841601848602,0.016175629571080208,-0.8296750783920288,0.439586877822876,0.005810800939798355,0.004993157926946878,-0.0022882071789354086,0.0,-11.20557689666748,-4.056616306304932,5.4232635498046875,12.310050964355469,3.2186567783355713,-0.6159160137176514,-2.642503499984741,-10.073663711547852,4.636830806732178,-7.8389573097229,8.329401016235352,-4.647773742675781,-3.7566256523132324,7.226580619812012]","[-4.63674783706665,2.5179941654205322,-2.095930576324463,3.2578606605529785,-0.11257008463144302,-1.0601208209991455,0.4875693619251251,6.1075921058654785,-2.644047975540161,-4.9585466384887695,1.2487165927886963,-0.8456379771232605,1.4685486555099487,3.517245054244995,2.3294334411621094,-0.07784364372491837,-2.255305051803589,-2.368648052215576,1.1158480644226074,3.4763877391815186,0.34568941593170166,1.2294102907180786,-4.9061713218688965,0.7946757674217224,3.2051968574523926,2.052152156829834,-1.483912706375122,0.435330331325531,-0.8948100805282593]","[-2.5038647651672363,0.6150424480438232,-0.5826069116592407,6.423780918121338,0.7036865949630737,0.020049724727869034,-0.16566090285778046,0.9734117388725281,-0.2877559959888458,3.788670539855957,0.28883492946624756,-0.28124454617500305,-0.8284317255020142,0.8512087464332581,-1.8740347623825073,0.09264127910137177,-0.21687263250350952,-0.5697581768035889,-1.304600715637207,2.967163324356079,0.06366218626499176,5.106132984161377,-0.6157459020614624,-0.5886296033859253,0.21239975094795227,-0.5391756296157837,-2.50268816947937,1.1950024366378784,-5.082359313964844]",0.28212329745292664,0.5838684439659119,0.3137558102607727,0.8024777770042419,-0.0030103493481874466,-0.15051746740937233,0,0,0,0.20800639688968658,0.06533131003379822,0.26262807846069336,0.003982203546911478,0.0028744402807205915,0.00689150532707572,-0.19020549952983856,-0.5100259184837341,-0.0
20,0.4,20,"[-0.21379652619361877,-0.013157797046005726,0.005383212119340897,0.31269991397857666,-0.008987480774521828,0.01394427940249443,-0.23520416021347046,0.034318797290325165,-0.016207221895456314,0.3615809679031372,-0.07973012328147888,-0.04374165087938309,0.0028881998732686043,0.0031522996723651886,-0.5199999809265137,-0.10440222173929214,-0.020538032054901123,0.17886364459991455,0.34138813614845276,1.8274697065353394,0.10026499629020691,1.1977382898330688,-0.08299724012613297,0.06827893853187561,-0.16014912724494934,0.34305381774902344,-1.7866432666778564,0.04456178843975067,-1.1903561353683472]","[-1.8170053958892822,0.2823653519153595,-0.46176519989967346,2.815567970275879,-0.06049138680100441,0.04754418879747391,-1.334896206855774,0.4620462954044342,-0.2746574580669403,2.3591816425323486,-0.24171817302703857,-0.09161856770515442,-0.10263896733522415,0.3939204216003418,-0.46913909912109375,0.3356432616710663,0.14774829149246216,-0.05444972217082977,0.32229506969451904,1.1596516370773315,0.055948320776224136,0.2978439927101135,-0.04625818878412247,-0.33027660846710205,0.017461592331528664,0.5952085256576538,-1.0070408582687378,0.12538087368011475,-0.3099817633628845]","[-4.0579328536987305,0.01803443394601345,0.05484473705291748,8.590428352355957,-4.480121612548828,0.0011657364666461945,-2.804337501525879,-0.03414331004023552,-0.10118643194437027,5.990598678588867,-3.182558298110962,-0.00931713730096817,-0.005815562326461077,-0.014110195450484753,0.014445185661315918,11.607709884643555,2.46354603767395,-4.2931108474731445,-21.024749755859375,-2.0946860313415527,0.4143793284893036,-6.747877597808838,12.342453002929688,-3.8753647804260254,6.960517883300781,-23.204849243164062,2.2337229251861572,2.8400166034698486,11.248066902160645]","[-5.749143600463867,0.9015028476715088,-1.1479538679122925,3.09783673286438,0.1443241983652115,-0.7797878384590149,-0.39828401803970337,5.435084819793701,-2.895604133605957,-5.288991928100586,2.6240522861480713,-0.8983643054962158,1.0160704851150513,3.870464324951172,1.2659357786178589,0.9108295440673828,-1.4158962965011597,-3.6390745639801025,-1.5060986280441284,3.0466883182525635,-0.5906266570091248,0.7808403372764587,-2.782109498977661,0.4228643476963043,4.163383960723877,-1.5712008476257324,0.16134420037269592,0.05232934653759003,-1.2283855676651]","[-3.824673891067505,0.8159125447273254,-0.9166939854621887,6.818680286407471,0.7688927054405212,0.025837842375040054,-0.11454426497220993,1.2901670932769775,-0.3824867606163025,4.113088130950928,0.6337579488754272,-0.3395507037639618,-0.6304580569267273,1.2122678756713867,-2.127133369445801,0.5151307582855225,0.10254627466201782,-0.5337543487548828,-1.3787040710449219,3.0390093326568604,-0.08941768109798431,5.079480171203613,-0.30567270517349243,-0.6811428666114807,0.41916337609291077,-0.5383332967758179,-2.26596999168396,1.4681472778320312,-5.451602935791016]",0.2679758667945862,0.656335711479187,0.2943553924560547,0.7726377844810486,-0.03510206192731857,-1.7551030963659286,0,0,0,0.2264762967824936,0.03883400186896324,0.2850513756275177,0.005353746935725212,0.007692045532166958,2.149490683223121e-06,-0.33609452843666077,-1.9824182987213135,-0.0
21,0.42,21,"[-0.256856232881546,-0.012927103787660599,0.005952321924269199,0.4057586193084717,-0.05762584134936333,0.013941408134996891,-0.26609644293785095,0.03391684591770172,-0.01732070930302143,0.43036144971847534,-0.1175183579325676,-0.04386388510465622,0.0027100590523332357,0.0027079631108790636,-0.519422173500061,0.41588687896728516,0.11591658741235733,-0.03953276202082634,-0.4359970688819885,1.709641933441162,0.12682151794433594,1.056545376777649,0.43436354398727417,-0.12908220291137695,0.16926096379756927,-0.42022883892059326,-1.6428691148757935,0.20064349472522736,-1.008922815322876]","[-1.954596757888794,0.2878168523311615,-0.4761843681335449,2.8978662490844727,-0.062314461916685104,0.03603694587945938,-1.3683067560195923,0.5595015287399292,-0.3329032361507416,2.2866878509521484,-0.18130525946617126,-0.12404854595661163,-0.07055822759866714,0.4626898765563965,-0.4793594777584076,0.3599224388599396,0.13032475113868713,-0.1367129385471344,0.2763611674308777,1.2364699840545654,0.036927271634340286,0.31329911947250366,-0.08108492940664291,-0.32682088017463684,0.09483330696821213,0.5592889785766602,-0.9804934859275818,0.12347118556499481,-0.3404200077056885]","[3.642807960510254,-0.010853074491024017,-0.051057323813438416,-7.8174028396606445,4.242640495300293,-0.006347103044390678,2.8455076217651367,0.029051490128040314,0.10411839932203293,-6.057228088378906,3.2191035747528076,0.012475810945034027,-0.0028962327633053064,0.0037497607991099358,0.0,28.18276596069336,5.100865364074707,-5.899035453796387,-29.459903717041016,-4.6784820556640625,0.26191025972366333,5.18713903427124,28.033958435058594,-6.362945556640625,9.239815711975098,-29.10856056213379,3.5974621772766113,2.6540298461914062,-2.197831869125366]","[-7.406763553619385,-0.7738965153694153,0.38524726033210754,3.135002851486206,0.2716597020626068,-0.5789439678192139,-2.7773804664611816,3.3722751140594482,-3.7136566638946533,-2.4764280319213867,2.8360836505889893,-1.8845881223678589,1.4177594184875488,2.818389415740967,-2.1184957027435303,1.2160879373550415,-0.5827217698097229,-4.119692325592041,-2.308215856552124,3.746950387954712,-1.1161426305770874,0.7591336965560913,-1.1956236362457275,0.31966736912727356,3.4965875148773193,-1.5288149118423462,1.4307196140289307,-0.16748380661010742,-1.500545859336853]","[-4.653101921081543,0.8868639469146729,-1.1418673992156982,7.686735153198242,0.765856146812439,0.05166161432862282,0.023999938741326332,1.4206258058547974,-0.23404549062252045,4.6411261558532715,0.8510367274284363,-0.5006347894668579,-0.29198768734931946,1.3405457735061646,-2.411550760269165,0.8155434727668762,0.20916298031806946,-0.6192882657051086,-1.3610539436340332,3.29099178314209,-0.23484721779823303,5.190160274505615,-0.24938541650772095,-0.8447729349136353,0.38552311062812805,-0.23464597761631012,-2.017542839050293,1.8174206018447876,-5.759143829345703]",0.29523250460624695,0.8672230243682861,0.3016394376754761,0.8596097826957703,-0.07401750981807709,-3.7008754909038544,0,0,0,0.18929998576641083,0.005622264929115772,0.25762930512428284,0.0012595485895872116,7.994522457011044e-05,1.34538531116696e-15,-0.2726094424724579,-3.88215708732605,-0.0
22,0.44,22,"[-0.06808421015739441,-0.013591920025646687,0.003340919269248843,3.8068810681579635e-06,0.1607181280851364,0.013690395280718803,-0.12138385325670242,0.03548085689544678,-0.012042486108839512,0.11929185688495636,0.049034010618925095,-0.043242618441581726,0.002772350562736392,0.003302290104329586,-0.5199999809265137,1.0229084491729736,0.18349657952785492,-0.05709775909781456,-0.8370079398155212,1.64033043384552,0.11074140667915344,1.4052238464355469,1.0383610725402832,-0.18623888492584229,0.20944349467754364,-0.821288526058197,-1.642744779586792,0.15072298049926758,-1.2782694101333618]","[-2.097400188446045,0.24167929589748383,-0.46588993072509766,2.91678786277771,-0.0840856060385704,0.03686556965112686,-1.4436308145523071,0.5729456543922424,-0.4250085651874542,2.285804510116577,-0.15429477393627167,-0.17969414591789246,-0.054294880479574203,0.48954617977142334,-0.5455361604690552,0.37282684445381165,0.12312871962785721,-0.20720304548740387,0.23478631675243378,1.29500412940979,0.015622281469404697,0.3334481716156006,-0.10661923885345459,-0.3092289865016937,0.138603076338768,0.566952645778656,-0.9508208632469177,0.11652637273073196,-0.3729904294013977]","[2.3558456897735596,-0.010617985390126705,-0.0320759043097496,-5.063992023468018,2.6995503902435303,-0.0019888626411557198,1.3147510290145874,0.015609152615070343,0.04801587387919426,-2.861050605773926,1.545731782913208,0.006477441638708115,0.0014987133909016848,0.015100732445716858,-0.014445185661315918,11.238968849182129,0.7583038806915283,-0.4990651309490204,-7.338558197021484,-1.4855027198791504,0.22556930780410767,10.1015625,11.610861778259277,0.3883669376373291,0.25757068395614624,-7.011181354522705,0.21643638610839844,-1.6330876350402832,-10.483500480651855]","[-6.239199161529541,-2.570995330810547,0.22599361836910248,0.19758231937885284,-1.494367241859436,0.12167147547006607,-3.167314052581787,-0.2923545241355896,-4.933547496795654,1.0115575790405273,1.0105092525482178,-2.6557271480560303,0.07691437751054764,0.6826512813568115,-1.858648657798767,0.00047744563198648393,-0.32065367698669434,-2.950355291366577,-2.0607621669769287,2.5304441452026367,-0.9596197009086609,1.0349887609481812,-1.7818697690963745,1.1394270658493042,1.6015608310699463,1.1000218391418457,1.405896544456482,-0.25933125615119934,-1.4857388734817505]","[-4.892299652099609,0.6413867473602295,-1.2431797981262207,8.569901466369629,0.6760003566741943,0.11496484279632568,-0.3616553843021393,1.3951207399368286,-0.15166781842708588,5.075357913970947,0.6465599536895752,-0.7442371249198914,0.02664267271757126,1.333213210105896,-2.5004568099975586,0.7733076214790344,0.10971972346305847,-0.6016190648078918,-1.34275484085083,3.242523193359375,-0.14042779803276062,5.591286659240723,-0.5401334762573242,-0.8616335988044739,0.16559380292892456,0.266251802444458,-1.947283148765564,1.9035483598709106,-6.035613536834717]",0.3229272663593292,1.0752214193344116,0.3139868974685669,1.066502571105957,-0.29837870597839355,-14.918935298919678,0,0,0,0.15745505690574646,0.0004404913925100118,0.21801695227622986,2.1143998310435563e-05,0.0014272512635216117,5.568080396756159e-08,-0.21325257420539856,-5.083043575286865,-9.999999046325684
23,0.46,23,"[-0.16262240707874298,-0.013351823203265667,0.004669285845011473,0.20319893956184387,0.050356175750494,0.013861853629350662,-0.21350640058517456,0.034541212022304535,-0.015400074422359467,0.315919429063797,-0.05568908900022507,-0.043604787439107895,0.002770007587969303,0.0033119923900812864,-0.5199999809265137,0.865445613861084,0.1462487429380417,-0.05949536710977554,-0.7295393943786621,1.650221824645996,0.13584429025650024,1.460607886314392,0.8987979888916016,-0.11354752629995346,0.17956379055976868,-0.7006760835647583,-1.6342116594314575,0.13531999289989471,-1.4282628297805786]","[-2.2132208347320557,0.19605079293251038,-0.4877292811870575,2.9129929542541504,-0.1163373664021492,0.03290735185146332,-1.4910451173782349,0.5579057931900024,-0.5186817049980164,2.3160414695739746,-0.13855575025081635,-0.24140910804271698,-0.059892892837524414,0.4905250370502472,-0.5522564649581909,0.36146479845046997,0.11187238246202469,-0.24523700773715973,0.2004232406616211,1.3129689693450928,-0.002793078776448965,0.35598260164260864,-0.15042199194431305,-0.2808357775211334,0.14564672112464905,0.6069190502166748,-0.8974589109420776,0.11257012188434601,-0.40113964676856995]","[-0.7892364859580994,-0.00022046733647584915,0.011893793009221554,1.7898857593536377,-1.069947361946106,0.0042502302676439285,-0.8585101366043091,-0.006704684346914291,-0.03196566924452782,1.864907145500183,-1.0125924348831177,-0.005451589822769165,1.0477378964424133e-07,5.471520125865936e-07,0.0,-7.897292137145996,-1.5911370515823364,0.23741480708122253,4.796524524688721,0.23899972438812256,1.2277555465698242,2.2296340465545654,-7.136170864105225,3.347804069519043,-1.7985475063323975,5.387365818023682,0.4350036382675171,-0.8227409720420837,-6.825441360473633]","[-5.667202472686768,-1.9072357416152954,-1.5838563442230225,-0.2839895784854889,-1.5176548957824707,-0.2829599380493164,-2.01129150390625,-0.8388158679008484,-4.255267143249512,1.6566874980926514,0.7162472009658813,-2.8828258514404297,-0.24615798890590668,-0.39180752635002136,0.21196214854717255,-0.8030449151992798,-0.6256690621376038,-1.45475172996521,-1.5366384983062744,0.48096907138824463,-0.800035297870636,1.0642846822738647,-2.1809945106506348,1.4407687187194824,-0.18511751294136047,2.249887466430664,2.758227586746216,-0.030457137152552605,-1.2551004886627197]","[-5.154829025268555,0.6165139675140381,-1.4668149948120117,8.453065872192383,0.6590873003005981,0.08491307497024536,-0.6275119781494141,1.3680168390274048,-0.23511187732219696,4.986771106719971,0.6123599410057068,-0.9377150535583496,0.04511990398168564,1.3998737335205078,-2.360065460205078,0.8285516500473022,-0.053516507148742676,-0.4966128468513489,-1.1428232192993164,3.01159930229187,-0.14147138595581055,5.76596212387085,-0.6286063194274902,-0.7250775098800659,-0.02896571345627308,0.5366804599761963,-1.6437798738479614,2.009814977645874,-6.258432388305664]",0.329971045255661,1.2195249795913696,0.32628461718559265,1.1514549255371094,-0.8950464129447937,-44.752320647239685,0,0,0,0.15075214207172394,5.2446990594035015e-05,0.1952628195285797,7.2830084718589205e-06,0.0041378033347427845,0.0009201091597788036,-0.07387663424015045,-5.029578685760498,-39.999996185302734
24,0.48,24,"[-0.09965366870164871,-0.01360073871910572,0.003816670970991254,0.07159923762083054,0.11792023479938507,0.01386040449142456,-0.15572425723075867,0.035212669521570206,-0.013321112841367722,0.19388814270496368,0.00853031501173973,-0.04346068203449249,0.002772354753687978,0.0033023119904100895,-0.5199999809265137,0.7070167660713196,0.11985109746456146,-0.04760116711258888,-0.6451469659805298,1.649890422821045,0.15985162556171417,1.494409203529358,0.7529142498970032,-0.05232672020792961,0.13750159740447998,-0.6057938933372498,-1.6253446340560913,0.117813341319561,-1.551287055015564]","[-2.3359298706054688,0.17148923873901367,-0.5378973484039307,2.9072859287261963,-0.14191178977489471,0.014387143775820732,-1.5263656377792358,0.5435633063316345,-0.5964275598526001,2.337794780731201,-0.1358039677143097,-0.28973037004470825,-0.05800837650895119,0.48336005210876465,-0.5433350801467896,0.3414846360683441,0.08875195682048798,-0.25648024678230286,0.13987211883068085,1.3090375661849976,-0.021360643208026886,0.36543676257133484,-0.1944810152053833,-0.2573190927505493,0.13308082520961761,0.6666569709777832,-0.8410798907279968,0.11336545646190643,-0.4261399805545807]","[-2.8826889991760254,0.00987672246992588,0.0411919429898262,6.147141933441162,-3.578040838241577,0.007310695946216583,-2.038015365600586,-0.020529795438051224,-0.07682382315397263,4.553471565246582,-2.5492615699768066,-0.015956349670886993,6.52798917144537e-05,-0.00022114254534244537,1.4901161193847656e-05,-7.953790187835693,-0.8955512642860413,0.45314088463783264,5.8636016845703125,0.5294680595397949,0.7609971165657043,-0.7984548807144165,-7.232217788696289,2.2180018424987793,-1.9222722053527832,5.578924179077148,0.2369314432144165,-0.5247695446014404,-2.2615344524383545]","[-6.402683734893799,-0.8145301342010498,-2.7974488735198975,-0.25429272651672363,-1.1107628345489502,-0.9727177023887634,-1.6634387969970703,-0.6070908308029175,-3.5019824504852295,0.8197065591812134,-0.031425829976797104,-1.5900579690933228,0.32729393243789673,-0.44619104266166687,0.4990178048610687,-1.2055951356887817,-1.3626095056533813,-0.28974050283432007,-3.1108973026275635,-0.3198646903038025,-0.8376279473304749,0.5663689374923706,-2.091294050216675,1.0057482719421387,-0.8252946138381958,3.2038769721984863,2.6351077556610107,0.14268597960472107,-1.1187317371368408]","[-5.544526100158691,0.6296840906143188,-1.6458170413970947,8.425970077514648,0.617644190788269,-0.029695209115743637,-0.762190580368042,1.4558008909225464,-0.4015135169029236,4.794223308563232,0.49961739778518677,-1.019882321357727,0.053972236812114716,1.5039552450180054,-2.2260496616363525,0.8949862718582153,-0.21284973621368408,-0.3923017084598541,-1.0604921579360962,2.9250264167785645,-0.28171825408935547,5.767736434936523,-0.5444126129150391,-0.6071665287017822,-0.027443530037999153,0.8308666944503784,-1.5481847524642944,1.9911233186721802,-6.479753494262695]",0.33762282133102417,1.3525067567825317,0.3479767143726349,1.3326691389083862,-0.9095127582550049,-45.475637912750244,0,0,0,0.14252209663391113,6.121096248534741e-06,0.15819881856441498,5.897630899198703e-07,0.1700063943862915,0.020530449226498604,-0.057924557477235794,-5.9089813232421875,-39.999996185302734
25,0.5,25,"[-0.27792996168136597,-0.012956754304468632,0.006316963583230972,0.449084609746933,-0.0927654579281807,0.014154281467199326,-0.2950270175933838,0.033720020204782486,-0.018473027274012566,0.4980582892894745,-0.15765954554080963,-0.044243041425943375,0.0027726187836378813,0.0033031466882675886,-0.5199993848800659,0.547294020652771,0.11042669415473938,-0.0413697324693203,-0.4949953258037567,1.671400547027588,0.16628417372703552,1.4286696910858154,0.609509289264679,-0.024827461689710617,0.10267290472984314,-0.47751912474632263,-1.6247344017028809,0.11432921141386032,-1.5187242031097412]","[-2.4431209564208984,0.18643423914909363,-0.5447796583175659,2.912118673324585,-0.13765932619571686,0.0038192456122487783,-1.551506519317627,0.5230886340141296,-0.6245191097259521,2.3057234287261963,-0.1385684758424759,-0.30120137333869934,-0.08726351708173752,0.4647647738456726,-0.5390653014183044,0.3193381726741791,0.06902880221605301,-0.24599556624889374,0.1024286299943924,1.2988712787628174,-0.034125152975320816,0.3802361786365509,-0.2146570384502411,-0.22206558287143707,0.11650832742452621,0.7403368949890137,-0.7944490313529968,0.11830984801054001,-0.44788050651550293]","[-5.980419635772705,0.023046765476465225,0.08422401547431946,12.598299026489258,-6.743268966674805,0.011291028931736946,-4.757131099700928,-0.05303043872117996,-0.17684991657733917,10.091592788696289,-5.3507304191589355,-0.030068960040807724,9.371433407068253e-07,9.313225746154785e-07,0.0,-7.456313133239746,-0.06956886500120163,0.17457343637943268,9.780598640441895,1.2030184268951416,-0.18328353762626648,-4.561013221740723,-6.780901908874512,0.461675226688385,-1.5270460844039917,7.818690299987793,-0.03781318664550781,0.07264818996191025,4.620474815368652]","[-5.164458274841309,1.2929729223251343,0.3114425837993622,0.2456168234348297,0.2741316854953766,-0.2944861054420471,-0.5698899030685425,-1.0732009410858154,-0.5093335509300232,-2.608999252319336,-0.46628132462501526,-0.12015392631292343,-1.986002802848816,-0.747886598110199,0.12987999618053436,-1.0960960388183594,-0.8766617178916931,0.712592363357544,-1.4248043298721313,-0.5225619077682495,-0.4296225309371948,0.6611880660057068,-0.30564308166503906,1.7665120363235474,-0.7545012831687927,3.512579917907715,2.125570058822632,0.3310401439666748,-0.9612656235694885]","[-5.777593612670898,0.611883819103241,-1.7509275674819946,8.408537864685059,0.618782639503479,-0.0880119800567627,-0.6956543922424316,1.5560294389724731,-0.46980994939804077,4.349645137786865,0.49581676721572876,-1.0020438432693481,-0.005572430789470673,1.6973161697387695,-2.0416502952575684,0.863254725933075,-0.2862142324447632,-0.30110663175582886,-1.1132206916809082,2.8745274543762207,-0.3748456835746765,5.748891353607178,-0.3950592279434204,-0.5053038597106934,0.03673410415649414,0.894485354423523,-1.519033432006836,1.9942606687545776,-6.68466854095459]",0.3450251519680023,1.326690435409546,0.3466048538684845,1.309190273284912,-0.9298102855682373,-46.490514278411865,0,0,0,0.1353752613067627,9.080804375116713e-06,0.16254070401191711,1.5270776430043043e-06,0.00015317114593926817,0.0017099377000704408,-0.04742107540369034,-6.742883682250977,-39.999996185302734
26,0.52,26,"[-0.33887043595314026,-0.012678868137300014,0.0071856314316391945,0.5755311846733093,-0.15181049704551697,0.014312045648694038,-0.3460094928741455,0.03309145197272301,-0.020395109429955482,0.5975518226623535,-0.20549888908863068,-0.0446634404361248,0.002772392239421606,0.003302349243313074,-0.5199999809265137,0.4087642431259155,0.1170683428645134,-0.040618229657411575,-0.2539230287075043,1.6980111598968506,0.1525202840566635,1.3119686841964722,0.48167818784713745,-0.03385971114039421,0.07641975581645966,-0.2930462956428528,-1.6268571615219116,0.12071926891803741,-1.366468071937561]","[-2.542691707611084,0.20266464352607727,-0.5451852083206177,2.9135360717773438,-0.13655444979667664,-0.0033088228665292263,-1.539657473564148,0.5046051144599915,-0.6329920887947083,2.2866971492767334,-0.19990448653697968,-0.2961059808731079,-0.12230091542005539,0.4718269109725952,-0.535561203956604,0.3026978373527527,0.04221504181623459,-0.2264709174633026,0.07424631714820862,1.3104290962219238,-0.04085109010338783,0.3831077516078949,-0.1834375411272049,-0.20160335302352905,0.09795128554105759,0.7715394496917725,-0.7927461266517639,0.1285516768693924,-0.46259763836860657]","[4.858329772949219,-0.017818041145801544,-0.06787297874689102,-10.258110046386719,5.673213958740234,-0.007051113061606884,4.030838489532471,0.04433952271938324,0.14825598895549774,-8.754705429077148,4.755564212799072,0.020144134759902954,-0.0015302852261811495,-0.0027221220079809427,0.01609623432159424,-6.76461935043335,0.19574686884880066,0.13886094093322754,12.91180419921875,0.9750545024871826,-0.6573356986045837,-4.245528697967529,-6.456167221069336,-0.3901083171367645,-1.2904255390167236,10.136076927185059,0.0016629695892333984,0.26438236236572266,6.23762321472168]","[-4.92071008682251,0.5180745124816895,-0.3746234178543091,-0.014477182179689407,-0.01622605137526989,-0.5466787815093994,1.4436835050582886,-0.8479722142219543,-0.599651038646698,-0.7240009307861328,-4.426872253417969,0.4006345868110657,-1.5117993354797363,0.9109057188034058,0.16263218224048615,-0.6336873173713684,-1.5591074228286743,1.000414490699768,-1.3556559085845947,0.7532991766929626,-0.3050153851509094,0.0558655746281147,2.4414141178131104,0.5412042140960693,-0.8910937309265137,0.8002228140830994,-0.3632512092590332,0.4584137797355652,-0.686094343662262]","[-5.227370262145996,0.39913061261177063,-1.603998064994812,7.888465404510498,0.6498649716377258,-0.028967734426259995,-0.48501068353652954,1.5890449285507202,-0.4174465537071228,3.951944351196289,0.5627515912055969,-0.9328900575637817,-0.005547843873500824,1.6796729564666748,-1.8094384670257568,0.8898112177848816,-0.5203670263290405,-0.218708336353302,-1.6292831897735596,3.0678906440734863,-0.4586043953895569,5.48179817199707,-0.3859785199165344,-0.46281349658966064,0.011343060061335564,0.4014819264411926,-1.8680245876312256,1.8960829973220825,-6.836614608764648]",0.34878501296043396,1.1521683931350708,0.3287876546382904,1.1121084690093994,-0.947350263595581,-47.36751317977905,0,0,0,0.13093964755535126,0.00013103078526910394,0.19747333228588104,2.8911750632687472e-05,2.7293369839753723e-06,1.961662974281353e-06,-0.1758882999420166,-7.520204067230225,-39.999996185302734
27,0.54,27,"[-0.08359675854444504,-0.01366947591304779,0.0036020444240421057,0.0387602299451828,0.13416309654712677,0.01387223694473505,-0.13379347324371338,0.035493601113557816,-0.012542787939310074,0.14787006378173828,0.032563015818595886,-0.043437276035547256,0.0027114073745906353,0.003194261807948351,-0.5193555355072021,0.27670925855636597,0.1182565689086914,-0.035815294831991196,0.021476825699210167,1.7104027271270752,0.13999074697494507,1.2588485479354858,0.3512625992298126,-0.04043179377913475,0.05105588585138321,-0.07207604497671127,-1.6246678829193115,0.12490450590848923,-1.2692192792892456]","[-2.5688650608062744,0.20696823298931122,-0.5582009553909302,2.911111354827881,-0.14352566003799438,-0.01189238578081131,-1.4741650819778442,0.4944927990436554,-0.6527737975120544,2.267835855484009,-0.2783491313457489,-0.28626155853271484,-0.15610210597515106,0.47584545612335205,-0.47547560930252075,0.27450788021087646,0.01815524324774742,-0.21611997485160828,0.05438845232129097,1.3112077713012695,-0.0451941192150116,0.3783688545227051,-0.11368654668331146,-0.19914618134498596,0.07725940644741058,0.770854115486145,-0.8174493312835693,0.13633255660533905,-0.46959128975868225]","[6.3866496086120605,-0.024710316210985184,-0.08968140929937363,-13.430390357971191,7.156158924102783,-0.011078361421823502,5.321692943572998,0.06004758179187775,0.19696082174777985,-11.277532577514648,5.971126556396484,0.03089718520641327,-1.0419171303510666e-06,-1.4551915228366852e-06,0.0,-14.679584503173828,0.002724491059780121,2.234604597091675,25.657737731933594,-0.6617605686187744,0.37674829363822937,6.099313735961914,-15.559642791748047,-0.13369768857955933,-3.1137115955352783,23.00757598876953,0.9637296199798584,0.777259886264801,-3.0177505016326904]","[-0.0719255805015564,0.0019844723865389824,-0.8080862760543823,-0.1610652059316635,-0.4236087501049042,-0.30865567922592163,4.370920658111572,-0.2958962321281433,-1.0666389465332031,-1.275940179824829,-3.974752902984619,0.4984118640422821,-1.4469218254089355,0.03873723745346069,3.5645110607147217,-1.4253594875335693,-1.136057734489441,0.2324097603559494,-0.9865420460700989,-0.10671693831682205,-0.19767512381076813,-0.30047205090522766,4.133731842041016,-0.2249004989862442,-0.9195622801780701,-0.3235121965408325,-1.3248533010482788,0.3180210292339325,-0.2722839117050171]","[-4.558231353759766,0.35367831587791443,-1.4898431301116943,7.407717227935791,0.766217052936554,0.04945510998368263,-0.3488125801086426,1.5428354740142822,-0.27526164054870605,3.3718924522399902,0.5110640525817871,-0.8598954081535339,0.0034792646765708923,1.520087718963623,-1.580491065979004,0.8547173142433167,-0.4288369417190552,-0.30386215448379517,-1.839531421661377,2.947969436645508,-0.5436216592788696,5.294113636016846,-0.49477964639663696,-0.4780696630477905,0.030336497351527214,0.11611396074295044,-2.040543556213379,1.7227147817611694,-6.588897705078125]",0.3500845730304718,0.9809235334396362,0.3242228627204895,1.0199737548828125,-0.9360883831977844,-46.80441915988922,0,0,0,0.13042190670967102,0.0011644993210211396,0.20676289498806,7.019036274868995e-05,0.00560368224978447,9.437509334020433e-07,-0.15099269151687622,-6.997452735900879,-39.999996185302734
28,0.56,28,"[-0.08340446650981903,-0.013667280785739422,0.0035983750130981207,0.03831561282277107,0.13443587720394135,0.013868911191821098,-0.13314178586006165,0.03549335524439812,-0.01251667644828558,0.14645051956176758,0.033346161246299744,-0.04342755302786827,0.002772350562736392,0.0033022910356521606,-0.5199999809265137,-0.17841914296150208,0.1171773225069046,0.04876595735549927,0.7723864316940308,1.6715407371520996,0.1675902158021927,1.5559412240982056,-0.14070749282836914,-0.039207618683576584,-0.048128701746463776,0.6272567510604858,-1.5883079767227173,0.1518096625804901,-1.487178087234497]","[-2.559284210205078,0.198233962059021,-0.5901141166687012,2.9081923961639404,-0.14898522198200226,-0.02261938899755478,-1.3726359605789185,0.4978058636188507,-0.6805092096328735,2.2310986518859863,-0.340695858001709,-0.27835142612457275,-0.1779671609401703,0.4917198717594147,-0.4056377410888672,0.26416710019111633,-0.0006469902582466602,-0.21466712653636932,0.02666366845369339,1.3069789409637451,-0.0529547855257988,0.36926907300949097,-0.020855726674199104,-0.2146497666835785,0.0824679583311081,0.7625514268875122,-0.8147176504135132,0.13977134227752686,-0.47144925594329834]","[-0.7518470287322998,0.0011511612683534622,0.01089971698820591,1.6030570268630981,-0.8625725507736206,0.0019890256226062775,-1.3000842332839966,-0.01288577914237976,-0.047623831778764725,2.76641845703125,-1.4699259996414185,-0.005162227898836136,0.015192682854831219,0.0194561667740345,-0.016111135482788086,1.5193700790405273,-0.2192039042711258,-0.8913268446922302,-2.3209362030029297,0.22848248481750488,0.5071151852607727,-1.1845141649246216,-1.0862276554107666,0.2386121153831482,0.5934463739395142,-2.473792314529419,-0.7672876119613647,0.606255829334259,3.6792516708374023]","[0.5889453887939453,-0.6519688963890076,-1.8668997287750244,-0.12897063791751862,-0.08498825877904892,-0.46191155910491943,5.84102201461792,0.3572542369365692,-1.284490942955017,-2.0797009468078613,-2.8121190071105957,0.33187857270240784,-0.8912515044212341,1.203926682472229,3.056290864944458,0.09060914814472198,-0.8445789813995361,-0.0731973797082901,-1.5913853645324707,-0.20965813100337982,-0.42953726649284363,-0.4378182291984558,4.9919514656066895,-1.026020884513855,0.6055224537849426,-0.40231138467788696,0.4104524850845337,0.08767779171466827,-0.030898502096533775]","[-4.772001266479492,0.2936810553073883,-1.692914605140686,7.471505165100098,0.9279218316078186,0.010572644881904125,-0.13214413821697235,1.6656922101974487,-0.4134123921394348,3.327057361602783,0.9928165078163147,-0.924009382724762,-0.12735912203788757,1.9805611371994019,-1.554078221321106,0.9628655910491943,-0.146490216255188,-0.22469568252563477,-1.8639979362487793,2.933927536010742,-0.778020977973938,5.021543979644775,-0.4036558270454407,-0.4330643117427826,0.2597700357437134,0.03404390811920166,-1.7948607206344604,1.5432411432266235,-6.456311225891113]",0.3276897370815277,0.9089974164962769,0.30817994475364685,0.9824118614196777,-0.9276280999183655,-46.381404995918274,0,0,0,0.15288439393043518,0.0027707607951015234,0.22474199533462524,0.00012986059300601482,0.06112903356552124,0.19531074166297913,-0.10790177434682846,-6.910471439361572,-39.999996185302734
29,0.58,29,"[-0.11367063969373703,-0.013623429462313652,0.004038033075630665,0.1028825119137764,0.09966019541025162,0.013951797969639301,-0.1857968419790268,0.034978169947862625,-0.014447741210460663,0.2585268020629883,-0.02623402141034603,-0.0436437651515007,0.0033191146794706583,0.003972508478909731,-0.5199999809265137,0.33748406171798706,0.10948841273784637,-0.07146836817264557,-0.07136061787605286,1.7195420265197754,0.16027535498142242,1.211467981338501,0.30781349539756775,-0.030887309461832047,0.074793741106987,-0.17102773487567902,-1.6553593873977661,0.14915473759174347,-1.1220492124557495]","[-2.5488529205322266,0.18973486125469208,-0.6433114409446716,2.9081223011016846,-0.1471073180437088,-0.03620060905814171,-1.2583558559417725,0.5322341918945312,-0.6698777675628662,2.1412887573242188,-0.21716217696666718,-0.2741827964782715,-0.1816960871219635,0.5210991501808167,-0.3658641576766968,0.2904374897480011,-0.002420834731310606,-0.2196948230266571,-0.02524634078145027,1.3153566122055054,-0.06563595682382584,0.35856059193611145,0.07637467980384827,-0.2460060715675354,0.11296284943819046,0.754962146282196,-0.7772462964057922,0.1419549286365509,-0.46288570761680603]","[-0.2261955291032791,-0.0004357658326625824,0.0035546720027923584,0.5030176043510437,-0.2858176827430725,0.001466972753405571,-0.5947787165641785,-0.004222989082336426,-0.022339751943945885,1.28492271900177,-0.6951103806495667,-0.003958679735660553,0.0038919912185519934,0.008366582915186882,0.02501159906387329,24.626699447631836,-0.33293309807777405,-5.684017658233643,-32.95713806152344,2.6980221271514893,-0.08027106523513794,-8.802679061889648,21.92189598083496,-0.029593612998723984,5.6962571144104,-32.68198013305664,-2.9483795166015625,-0.7740378379821777,11.3175630569458]","[0.4259967505931854,-0.15626992285251617,-2.6144306659698486,0.058199066668748856,0.26713624596595764,-0.6505407094955444,5.715760707855225,2.0353589057922363,1.7482638359069824,-4.987652778625488,7.652399063110352,0.12530143558979034,0.09230183064937592,1.292620062828064,1.1387333869934082,1.992584466934204,0.3038046956062317,-0.2101576179265976,-3.1466405391693115,0.5244563817977905,-0.6653987765312195,-0.46698519587516785,3.92094349861145,-2.3068275451660156,0.9509070515632629,-1.254093050956726,2.5718092918395996,0.29055723547935486,1.5976287126541138]","[-5.302647590637207,0.2886464297771454,-2.00405216217041,8.388463020324707,1.0415422916412354,-0.0008677216246724129,-0.20852790772914886,2.0858004093170166,-0.49151867628097534,3.374056339263916,1.4321680068969727,-1.0204312801361084,-0.1152052953839302,2.1456665992736816,-1.7524646520614624,1.2060810327529907,0.18707060813903809,-0.22042840719223022,-2.081214189529419,3.056335926055908,-1.1678686141967773,4.8415608406066895,-0.15964281558990479,-0.5246526598930359,0.5115526914596558,0.14152681827545166,-1.5426806211471558,1.5298932790756226,-6.316947937011719]",0.331539511680603,0.9757476449012756,0.29593080282211304,1.022015929222107,-0.9450556039810181,-47.2527801990509,0,0,0,0.14764122664928436,0.0013315407559275627,0.23287691175937653,7.084389653755352e-05,0.0006461967132054269,4.914033979730448e-06,-0.23350457847118378,-7.401847839355469,-39.999996185302734
30,0.6,30,"[-0.0924522876739502,-0.013684711419045925,0.003740561893209815,0.0584363155066967,0.12300316989421844,0.013927590101957321,-0.15693293511867523,0.03532443568110466,-0.013410266488790512,0.1978474259376526,0.005541747435927391,-0.04358590021729469,0.0029280302114784718,0.003636954352259636,-0.5189995169639587,0.8066487908363342,0.10385999828577042,-0.17859473824501038,-0.5458990335464478,1.7794616222381592,0.16437937319278717,1.203834056854248,0.7361683249473572,-0.04039136320352554,0.17972157895565033,-0.6800224184989929,-1.7062431573867798,0.120848149061203,-1.034475564956665]","[-2.5424184799194336,0.19508911669254303,-0.672810971736908,2.909588575363159,-0.13959941267967224,-0.048059139400720596,-1.1721128225326538,0.5443023443222046,-0.6332941055297852,2.04805588722229,-0.0737360492348671,-0.2730502784252167,-0.17775431275367737,0.5277608633041382,-0.37830737233161926,0.34704524278640747,0.018984317779541016,-0.22479389607906342,-0.1007249653339386,1.3010268211364746,-0.0802956372499466,0.3557351231575012,0.13407176733016968,-0.30478212237358093,0.11828843504190445,0.7351723313331604,-0.7186957597732544,0.14197522401809692,-0.447586327791214]","[-2.18715763092041,0.008687982335686684,0.030048763379454613,4.5934529304504395,-2.4020135402679443,0.0014925142750144005,-1.3998546600341797,-0.01700492575764656,-0.05066502094268799,2.9261178970336914,-1.5246940851211548,-0.005000084638595581,-0.013691280037164688,-0.016742171719670296,0.0,16.090835571289062,-0.5667206048965454,-3.796238422393799,-14.808378219604492,1.7058193683624268,0.6996035575866699,4.26340389251709,15.757039070129395,-0.4050489664077759,3.7505133152008057,-16.64004135131836,-1.2592732906341553,-0.866621732711792,-1.529887318611145]","[0.18991906940937042,0.42418283224105835,-1.1225662231445312,0.023254526779055595,0.3951890170574188,-0.5475438237190247,3.8290438652038574,0.11018086224794388,1.2065140008926392,-3.7248940467834473,5.009311676025391,0.03142215684056282,0.31288042664527893,0.08969786018133163,-1.319576382637024,3.214322328567505,1.4507213830947876,-0.2390645295381546,-3.9177889823913574,-0.9157283902168274,-0.7181005477905273,-0.007295677904039621,2.718106746673584,-3.012467861175537,0.31267112493515015,-0.47503483295440674,2.5425891876220703,-0.049146153032779694,0.05777198076248169]","[-5.520021915435791,0.4041004478931427,-2.07476806640625,8.6705322265625,1.0801129341125488,-0.009368536062538624,-0.24804960191249847,2.231459379196167,-0.4877772927284241,3.197472095489502,1.5109784603118896,-1.0323723554611206,-0.15322071313858032,2.01834774017334,-1.6563136577606201,1.4688961505889893,0.19437557458877563,-0.3112935423851013,-2.164241075515747,2.823639392852783,-1.3555344343185425,5.035702228546143,-0.05346023291349411,-0.5366396903991699,0.3956998586654663,0.20606380701065063,-1.3373621702194214,1.637980341911316,-6.40298318862915]",0.3326900601387024,1.0650869607925415,0.29232165217399597,1.1132978200912476,-0.9439499378204346,-47.19749689102173,0,0,0,0.14580537378787994,0.00044595138751901686,0.23114611208438873,1.5473411622224376e-05,0.0064060804434120655,0.00037145058740861714,-0.05355113372206688,-7.528140544891357,-39.999996185302734
31,0.62,31,"[-0.20115694403648376,-0.013275910168886185,0.005239983554929495,0.2866206169128418,0.0035796549636870623,0.014011498540639877,-0.2417910248041153,0.03429797291755676,-0.016474341973662376,0.37557151913642883,-0.08722178637981415,-0.043843768537044525,0.0027714634779840708,0.003302821656689048,-0.5199999809265137,0.9811174869537354,0.086819589138031,-0.22331790626049042,-0.663695752620697,1.7877748012542725,0.18825949728488922,1.3820041418075562,0.9380950331687927,-0.047089267522096634,0.2248142659664154,-0.836629331111908,-1.7057303190231323,0.11448986828327179,-1.1832447052001953]","[-2.540604829788208,0.20456096529960632,-0.6925838589668274,2.907630681991577,-0.12796981632709503,-0.05098878592252731,-1.0825691223144531,0.540101945400238,-0.6172770261764526,1.9867476224899292,-0.004591533914208412,-0.2725691795349121,-0.17525309324264526,0.5266218781471252,-0.40684348344802856,0.42152348160743713,0.05079224333167076,-0.2209426313638687,-0.17865923047065735,1.253358006477356,-0.09342833608388901,0.35808417201042175,0.1969607025384903,-0.3483515679836273,0.09730275720357895,0.718471109867096,-0.6724902987480164,0.14409145712852478,-0.4507930278778076]","[-3.865724563598633,0.014762463979423046,0.053607165813446045,8.065683364868164,-4.387180328369141,0.004183454439043999,-2.942077398300171,-0.03440883010625839,-0.10733450949192047,6.2855939865112305,-3.361276626586914,-0.01240922138094902,-0.0039227367378771305,-0.008355249650776386,-0.02501159906387329,0.09061843156814575,-1.1524028778076172,-0.21685361862182617,-2.112461566925049,-0.7409751415252686,1.2120027542114258,7.62241792678833,1.9438908100128174,0.34156250953674316,0.438467800617218,-2.9867799282073975,0.7423073053359985,0.16219206154346466,-7.1906208992004395]","[0.1437099426984787,0.4267027676105499,-0.814397394657135,-0.12309923022985458,0.5740042924880981,-0.04478948563337326,3.8563361167907715,-0.23221026360988617,0.7359377145767212,-3.5993711948394775,4.92677640914917,0.022300928831100464,-0.03806711360812187,-0.1670803427696228,-1.6137809753417969,3.90718674659729,1.6770192384719849,0.5417798757553101,-3.712418794631958,-2.5216853618621826,-0.5368890166282654,0.19871942698955536,3.0989723205566406,-1.7325440645217896,-1.4493306875228882,-0.7543888092041016,2.0971333980560303,0.19909557700157166,-0.23475629091262817]","[-5.357947826385498,0.36082980036735535,-1.9278538227081299,8.061124801635742,1.0945415496826172,0.0186542309820652,-0.2594913840293884,2.036907911300659,-0.5353888869285583,3.00278377532959,1.5485776662826538,-0.9662761688232422,-0.23474061489105225,2.019007444381714,-1.291464924812317,1.581337809562683,-0.024163901805877686,-0.2654423713684082,-2.144141674041748,2.5088016986846924,-1.2590868473052979,5.055588245391846,0.011866815388202667,-0.36734306812286377,0.04278479516506195,-0.09881293773651123,-1.2645483016967773,1.7855896949768066,-6.392190933227539]",0.3388517498970032,1.1936217546463013,0.3075713515281677,1.2245134115219116,-0.9435366988182068,-47.17683494091034,0,0,0,0.1388121396303177,7.5031683081761e-05,0.21230226755142212,3.787892410400673e-06,0.0006101824692450464,0.013093953020870686,-0.10951536148786545,-7.432219982147217,-39.999996185302734
